ts_code,trade_date,close,turnover_rate,turnover_rate_f,volume_ratio,pe,pe_ttm,pb,ps,ps_ttm,dv_ratio,dv_ttm,total_share,float_share,free_share,total_mv,circ_mv,limit_status
000617.SZ,20260821,,1.2843,,,,19.2126,0.8291,,,,,,,,8824170.0,,
300751.SZ,20260821,,3.1734,,,,79.7165,6.7113,,,,,,,,5401210.0,,
603324.SH,20260821,,2.7497,,,,,2.5518,,,,,,,,416083.0,,
603888.SH,20260821,,0.4533,,,,35.9254,3.115,,,,,,,,1185310.0,,
301050.SZ,20260821,,1.4659,,,,187.78,2.5135,,,,,,,,769476.0,,
300069.SZ,20260821,,20.5794,,,,,11.579,,,,,,,,315900.0,,
600483.SH,20260821,,0.3234,,,,10.0002,1.0249,,,,,,,,2855210.0,,
600874.SH,20260821,,0.4736,,,,9.8953,0.8302,,,,,,,,874723.0,,
603608.SH,20260821,,3.7096,,,,276.499,7.1953,,,,,,,,787580.0,,
300020.SZ,20260821,,0.9553,,,,,2.0483,,,,,,,,273369.0,,
000691.SZ,20260821,,2.4633,,,,,11.2059,,,,,,,,509635.0,,
301206.SZ,20260821,,1.4656,,,,52.3143,1.1357,,,,,,,,484368.0,,
000498.SZ,20260821,,0.4238,,,,3.56,0.4575,,,,,,,,763801.0,,
000758.SZ,20260821,,1.3126,,,,24.7619,1.9374,,,,,,,,1207780.0,,
002233.SZ,20260821,,0.6003,,,,19.7987,0.7065,,,,,,,,827776.0,,
300958.SZ,20260821,,7.3814,,,,,1.5865,,,,,,,,195451.0,,
920035.BJ,20260821,,2.5832,,,,25.5898,2.7586,,,,,,,,160985.0,,
002921.SZ,20260821,,3.7003,,,,,2.5241,,,,,,,,331012.0,,
920082.BJ,20260821,,0.7461,,,,43.7045,3.0219,,,,,,,,163408.0,,
300006.SZ,20260821,,12.5923,,,,,3.2144,,,,,,,,556465.0,,
002837.SZ,20260821,,3.2598,,,,142.92,19.9226,,,,,,,,6896780.0,,
000788.SZ,20260821,,6.841,,,,52.2335,2.2538,,,,,,,,335541.0,,
002847.SZ,20260821,,1.7635,,,,14.9399,5.6975,,,,,,,,1196660.0,,
601828.SH,20260821,,0.9249,,,,,0.4132,,,,,,,,931689.0,,
002758.SZ,20260821,,1.8136,,,,7.5771,0.7887,,,,,,,,409854.0,,
603238.SH,20260821,,0.8547,,,,18.515,1.4598,,,,,,,,218336.0,,
600279.SH,20260821,,0.602,,,,87.5298,0.7588,,,,,,,,511539.0,,
688151.SH,20260821,,0.7692,,,,113.779,1.2995,,,,,,,,548100.0,,
688066.SH,20260821,,1.4281,,,,,,,,,,,,,222250.0,,
688428.SH,20260821,,4.9876,,,,71.7025,7.1302,,,,,,,,5236560.0,,
300614.SZ,20260821,,1.1782,,,,,2.3873,,,,,,,,172474.0,,
300950.SZ,20260821,,1.2505,,,,34.7901,3.0976,,,,,,,,256739.0,,
688036.SH,20260821,,1.1154,,,,21.1859,3.1444,,,,,,,,6655000.0,,
603377.SH,20260821,,0.2224,,,,,,,,,,,,,208898.0,,
000909.SZ,20260821,,0.4747,,,,,3.0982,,,,,,,,187342.0,,
603366.SH,20260821,,3.5145,,,,34.3312,1.3502,,,,,,,,583769.0,,
603002.SH,20260821,,5.1043,,,,637.579,5.4214,,,,,,,,1873500.0,,
603607.SH,20260821,,1.9232,,,,36.0058,3.6032,,,,,,,,385418.0,,
603130.SH,20260821,,0.4794,,,,50.7396,3.8405,,,,,,,,551019.0,,
601390.SH,20260821,,0.3327,,,,4.9697,0.3281,,,,,,,,10548500.0,,
002161.SZ,20260821,,1.2758,,,,3275.47,2.8112,,,,,,,,427580.0,,
688820.SH,20260821,,6.9382,,,,254.024,12.3103,,,,,,,,23750400.0,,
600416.SH,20260821,,0.608,,,,55.5565,1.2734,,,,,,,,1239660.0,,
600320.SH,20260821,,0.6323,,,,24.8392,1.3244,,,,,,,,2118390.0,,
300966.SZ,20260821,,2.8378,,,,,3.9582,,,,,,,,290163.0,,
300858.SZ,20260821,,3.3756,,,,45.5214,2.1842,,,,,,,,405783.0,,
301121.SZ,20260821,,0.8362,,,,7465.3,2.08,,,,,,,,344211.0,,
301006.SZ,20260821,,1.6354,,,,21.8677,1.4526,,,,,,,,191510.0,,
000555.SZ,20260821,,1.7249,,,,177.329,1.774,,,,,,,,1008950.0,,
920014.BJ,20260821,,1.7141,,,,113.226,1.351,,,,,,,,106259.0,,
920220.BJ,20260821,,3.3895,,,,19.8639,3.365,,,,,,,,261449.0,,
603075.SH,20260821,,4.1996,,,,23.766,3.786,,,,,,,,774622.0,,
603192.SH,20260821,,0.8254,,,,43.6296,1.5322,,,,,,,,336393.0,,
002717.SZ,20260821,,2.1467,,,,,,,,,,,,,176563.0,,
000410.SZ,20260821,,0.8839,,,,,3.2219,,,,,,,,1345730.0,,
300476.SZ,20260821,,2.6418,,,,53.2872,14.3283,,,,,,,,24937200.0,,
603258.SH,20260821,,0.7963,,,,,1.5757,,,,,,,,307097.0,,
002947.SZ,20260821,,2.4294,,,,25.439,4.5239,,,,,,,,1463000.0,,
000651.SZ,20260821,,0.7874,,,,7.9162,1.5195,,,,,,,,23100200.0,,
300676.SZ,20260821,,7.7166,,,,,2.0947,,,,,,,,1765300.0,,
688095.SH,20260821,,2.3553,,,,113.968,2.0524,,,,,,,,539478.0,,
688757.SH,20260821,,4.1578,,,,222.971,14.386,,,,,,,,1288180.0,,
000881.SZ,20260821,,0.5117,,,,,1.2253,,,,,,,,609800.0,,
300464.SZ,20260821,,1.7982,,,,288.716,22.163,,,,,,,,315427.0,,
300968.SZ,20260821,,1.6605,,,,,2.3887,,,,,,,,426195.0,,
301012.SZ,20260821,,2.8691,,,,111.151,4.1743,,,,,,,,497324.0,,
300898.SZ,20260821,,2.1583,,,,23.0751,2.4698,,,,,,,,256804.0,,
601077.SH,20260821,,0.4801,,,,6.2785,0.5688,,,,,,,,7734120.0,,
600318.SH,20260821,,1.3677,,,,77.8846,2.9902,,,,,,,,331735.0,,
301533.SZ,20260821,,2.8757,,,,93.008,2.3516,,,,,,,,264838.0,,
601992.SH,20260821,,0.1798,,,,,0.3793,,,,,,,,1473530.0,,
001328.SZ,20260821,,1.0703,,,,24.7831,3.3189,,,,,,,,488974.0,,
600933.SH,20260821,,0.5208,,,,12.4802,1.4381,,,,,,,,1414220.0,,
301330.SZ,20260821,,0.6803,,,,28.4239,1.6204,,,,,,,,562490.0,,
605277.SH,20260821,,0.6922,,,,26.2772,3.2795,,,,,,,,572292.0,,
301045.SZ,20260821,,3.7995,,,,198.255,6.9962,,,,,,,,726225.0,,
002281.SZ,20260821,,4.3066,,,,127.872,10.2307,,,,,,,,14783700.0,,
002412.SZ,20260821,,4.5245,,,,22.7621,2.1163,,,,,,,,512761.0,,
605116.SH,20260821,,3.0479,,,,20.5816,3.0019,,,,,,,,810336.0,,
001318.SZ,20260821,,1.4845,,,,30.8591,2.1188,,,,,,,,313187.0,,
002380.SZ,20260821,,2.6734,,,,42.4311,2.6894,,,,,,,,654457.0,,
002086.SZ,20260821,,3.9051,,,,,3.0896,,,,,,,,391789.0,,
002319.SZ,20260821,,5.3973,,,,,13.2332,,,,,,,,236494.0,,
300920.SZ,20260821,,1.4782,,,,174.38,3.7232,,,,,,,,438880.0,,
688108.SH,20260821,,2.3039,,,,112.297,7.7866,,,,,,,,772375.0,,
603116.SH,20260821,,0.8999,,,,,1.4263,,,,,,,,360702.0,,
300232.SZ,20260821,,1.3874,,,,,1.2516,,,,,,,,565868.0,,
600690.SH,20260821,,0.6311,,,,10.4509,1.5626,,,,,,,,19561700.0,,
300910.SZ,20260821,,2.8338,,,,14.1382,2.4336,,,,,,,,963351.0,,
300698.SZ,20260821,,1.8288,,,,69.292,6.2262,,,,,,,,333258.0,,
603019.SH,20260821,,1.5068,,,,55.492,5.4559,,,,,,,,12306300.0,,
688653.SH,20260821,,9.4324,,,,,4.6423,,,,,,,,668132.0,,
300195.SZ,20260821,,2.6807,,,,,0.8788,,,,,,,,234734.0,,
600830.SH,20260821,,0.7472,,,,44.9579,1.6325,,,,,,,,369819.0,,
300345.SZ,20260821,,17.9159,,,,,13.5299,,,,,,,,544709.0,,
300321.SZ,20260821,,2.5264,,,,340.02,4.717,,,,,,,,299256.0,,
002622.SZ,20260821,,3.4526,,,,,7.8836,,,,,,,,210840.0,,
300218.SZ,20260821,,0.6282,,,,30.1264,1.7362,,,,,,,,272753.0,,
300964.SZ,20260821,,3.4032,,,,182.391,5.9601,,,,,,,,608245.0,,
688818.SH,20260821,,5.3206,,,,217.751,14.9245,,,,,,,,8149650.0,,
002832.SZ,20260821,,4.1713,,,,22.8941,2.4199,,,,,,,,1386250.0,,
301126.SZ,20260821,,2.9964,,,,,1.3924,,,,,,,,208895.0,,
300111.SZ,20260821,,4.1087,,,,,5.7048,,,,,,,,386163.0,,
688618.SH,20260821,,3.1679,,,,127.342,4.1866,,,,,,,,345660.0,,
300619.SZ,20260821,,2.751,,,,85.2613,3.8238,,,,,,,,603953.0,,
603262.SH,20260821,,2.2104,,,,61.9927,4.5011,,,,,,,,706818.0,,
603779.SH,20260821,,2.329,,,,,5.2329,,,,,,,,256368.0,,
002966.SZ,20260821,,0.6805,,,,7.0046,0.7404,,,,,,,,3835830.0,,
002211.SZ,20260821,,1.4544,,,,,34.2229,,,,,,,,165206.0,,
300071.SZ,20260821,,4.0193,,,,,23.832,,,,,,,,383626.0,,
300446.SZ,20260821,,1.1087,,,,13.1096,1.804,,,,,,,,1091420.0,,
002575.SZ,20260821,,3.0088,,,,,3.6261,,,,,,,,305784.0,,
920679.BJ,20260821,,0.541,,,,33.9984,1.6668,,,,,,,,84612.8,,
301091.SZ,20260821,,0.8937,,,,88.0973,3.9656,,,,,,,,961231.0,,
301161.SZ,20260821,,3.2461,,,,37.3501,3.5594,,,,,,,,341880.0,,
603208.SH,20260821,,1.2843,,,,,2.094,,,,,,,,200502.0,,
300331.SZ,20260821,,4.3301,,,,,8.1763,,,,,,,,1259620.0,,
920839.BJ,20260821,,0.9755,,,,23.702,4.3612,,,,,,,,283586.0,,
002813.SZ,20260821,,1.0114,,,,,12.0522,,,,,,,,244320.0,,
301256.SZ,20260821,,0.6829,,,,69.3138,2.8347,,,,,,,,484320.0,,
301307.SZ,20260821,,4.586,,,,,4.5463,,,,,,,,1110070.0,,
000921.SZ,20260821,,0.5625,,,,12.5077,1.9832,,,,,,,,3462150.0,,
920706.BJ,20260821,,1.4231,,,,29.5116,2.1512,,,,,,,,129798.0,,
600888.SH,20260821,,3.9733,,,,20.0683,1.2277,,,,,,,,1591910.0,,
688325.SH,20260821,,0.8997,,,,102.101,5.3467,,,,,,,,948969.0,,
002465.SZ,20260821,,1.3351,,,,,2.1488,,,,,,,,2454530.0,,
002533.SZ,20260821,,0.5547,,,,13.2703,1.8457,,,,,,,,823482.0,,
600593.SH,20260821,,2.2588,,,,102.376,25.0248,,,,,,,,523215.0,,
920571.BJ,20260821,,11.4673,,,,30.245,3.9187,,,,,,,,533191.0,,
300031.SZ,20260821,,3.9895,,,,33.834,2.1765,,,,,,,,889837.0,,
601186.SH,20260821,,0.2073,,,,4.6283,0.2932,,,,,,,,8147720.0,,
300902.SZ,20260821,,2.6558,,,,,3.5663,,,,,,,,289249.0,,
600976.SH,20260821,,2.6897,,,,13.3509,1.5673,,,,,,,,422460.0,,
300272.SZ,20260821,,2.2108,,,,88.5771,2.8391,,,,,,,,358933.0,,
688737.SH,20260821,,0.793,,,,,1.2089,,,,,,,,214499.0,,
002723.SZ,20260821,,2.7308,,,,,3.2976,,,,,,,,241951.0,,
688049.SH,20260821,,2.4362,,,,32.5465,3.2925,,,,,,,,689455.0,,
920230.BJ,20260821,,6.8768,,,,89.9855,2.5656,,,,,,,,108211.0,,
300475.SZ,20260821,,4.2947,,,,40.0126,15.2762,,,,,,,,7423460.0,,
300629.SZ,20260821,,1.6712,,,,38.405,2.3995,,,,,,,,425660.0,,
002568.SZ,20260821,,0.9961,,,,25.9967,3.7869,,,,,,,,1890550.0,,
600883.SH,20260821,,1.8197,,,,65.5323,1.877,,,,,,,,184385.0,,
002805.SZ,20260821,,5.1986,,,,,5.8161,,,,,,,,543881.0,,
688331.SH,20260821,,2.6925,,,,54.8396,18.033,,,,,,,,7084190.0,,
920010.BJ,20260821,,4.7021,,,,70.9285,2.8808,,,,,,,,201670.0,,
301305.SZ,20260821,,4.6091,,,,19.0228,1.4966,,,,,,,,590384.0,,
300976.SZ,20260821,,6.1595,,,,34.725,2.9514,,,,,,,,1085370.0,,
002461.SZ,20260821,,0.2414,,,,20.2711,1.6734,,,,,,,,1876900.0,,
300803.SZ,20260821,,2.6796,,,,249.068,17.4239,,,,,,,,4992980.0,,
600389.SH,20260821,,1.5976,,,,14.2637,1.9103,,,,,,,,798425.0,,
301122.SZ,20260821,,12.1463,,,,436.994,2.6079,,,,,,,,482870.0,,
000826.SZ,20260821,,1.8307,,,,,,,,,,,,,279369.0,,
600067.SH,20260821,,0.9194,,,,201.985,0.6968,,,,,,,,389667.0,,
603679.SH,20260821,,3.9629,,,,,4.5024,,,,,,,,396418.0,,
600125.SH,20260821,,0.6874,,,,13.0299,0.8961,,,,,,,,702371.0,,
000008.SZ,20260821,,2.4937,,,,,3.0962,,,,,,,,668229.0,,
300616.SZ,20260821,,2.6147,,,,,0.8233,,,,,,,,237089.0,,
001331.SZ,20260821,,2.2376,,,,,12.4446,,,,,,,,1830160.0,,
603602.SH,20260821,,1.0328,,,,,3.013,,,,,,,,268489.0,,
600211.SH,20260821,,4.4561,,,,12.8424,3.2113,,,,,,,,1256720.0,,
603128.SH,20260821,,0.4242,,,,15.0734,1.1053,,,,,,,,697722.0,,
300383.SZ,20260821,,1.877,,,,,1.8708,,,,,,,,2220030.0,,
601229.SH,20260821,,0.2717,,,,5.7106,0.5478,,,,,,,,13839600.0,,
920970.BJ,20260821,,4.0334,,,,,2.7149,,,,,,,,66812.9,,
301102.SZ,20260821,,0.3289,,,,,1.2783,,,,,,,,379204.0,,
603059.SH,20260821,,1.1717,,,,21.0912,2.3021,,,,,,,,257279.0,,
688646.SH,20260821,,2.9299,,,,,4.8442,,,,,,,,689082.0,,
300254.SZ,20260821,,5.3016,,,,128.295,5.188,,,,,,,,228401.0,,
688311.SH,20260821,,2.128,,,,,2.2517,,,,,,,,400645.0,,
688280.SH,20260821,,1.7155,,,,308.067,5.0155,,,,,,,,323441.0,,
688693.SH,20260821,,5.4343,,,,,7.254,,,,,,,,563389.0,,
600597.SH,20260821,,0.6798,,,,,0.9928,,,,,,,,912550.0,,
300771.SZ,20260821,,1.5959,,,,29.4925,1.3571,,,,,,,,270480.0,,
003023.SZ,20260821,,3.0077,,,,56.2393,1.8287,,,,,,,,290216.0,,
601368.SH,20260821,,0.5702,,,,34.3236,0.84,,,,,,,,406168.0,,
301588.SZ,20260821,,5.2624,,,,129.723,3.4508,,,,,,,,326886.0,,
003022.SZ,20260821,,0.5841,,,,46.9625,3.4425,,,,,,,,2685830.0,,
301088.SZ,20260821,,0.6619,,,,39.8107,1.1252,,,,,,,,284419.0,,
600704.SH,20260821,,0.632,,,,6.9466,0.595,,,,,,,,2508020.0,,
000753.SZ,20260821,,0.9335,,,,68.4427,1.6796,,,,,,,,462030.0,,
002590.SZ,20260821,,0.7377,,,,22.6454,1.5708,,,,,,,,484276.0,,
600221.SH,20260821,,0.5854,,,,16.3671,8.0786,,,,,,,,5618030.0,,
603339.SH,20260821,,1.5056,,,,25.1335,1.5445,,,,,,,,430742.0,,
600785.SH,20260821,,1.6142,,,,53.9104,1.3433,,,,,,,,307671.0,,
688727.SH,20260821,,4.0666,,,,225.521,8.4838,,,,,,,,2145500.0,,
300287.SZ,20260821,,1.3075,,,,,5.1002,,,,,,,,505216.0,,
603533.SH,20260821,,2.1389,,,,,4.0058,,,,,,,,919489.0,,
300251.SZ,20260821,,0.722,,,,,3.2104,,,,,,,,3221080.0,,
301658.SZ,20260821,,2.5822,,,,140.74,3.065,,,,,,,,977320.0,,
002027.SZ,20260821,,1.029,,,,20.7551,5.0582,,,,,,,,7076680.0,,
920808.BJ,20260821,,0.5187,,,,579.833,16.84,,,,,,,,1198800.0,,
300558.SZ,20260821,,7.4086,,,,46.3381,3.2699,,,,,,,,2166610.0,,
600271.SH,20260821,,0.3896,,,,,0.9576,,,,,,,,1243290.0,,
688806.SH,20260821,,18.3121,,,,,745.409,,,,,,,,1177160.0,,
688091.SH,20260821,,2.6393,,,,120.697,5.711,,,,,,,,827228.0,,
001366.SZ,20260821,,10.7546,,,,,2.4559,,,,,,,,197636.0,,
300582.SZ,20260821,,1.9395,,,,,3.8132,,,,,,,,335256.0,,
300533.SZ,20260821,,1.5101,,,,16.3601,3.0637,,,,,,,,466110.0,,
002206.SZ,20260821,,0.5066,,,,12.1616,1.4679,,,,,,,,605416.0,,
001309.SZ,20260821,,9.2216,,,,22.9474,14.2174,,,,,,,,9416700.0,,
688143.SH,20260821,,20.1348,,,,948.907,15.0889,,,,,,,,2045040.0,,
301105.SZ,20260821,,1.9018,,,,,2.8974,,,,,,,,236750.0,,
000779.SZ,20260821,,14.3735,,,,29.7121,1.1343,,,,,,,,452279.0,,
603416.SH,20260821,,1.5045,,,,27.1288,2.5844,,,,,,,,712199.0,,
600081.SH,20260821,,0.3821,,,,244.404,1.2081,,,,,,,,558556.0,,
300518.SZ,20260821,,3.472,,,,,7.007,,,,,,,,463233.0,,
002094.SZ,20260821,,1.7206,,,,157.37,2.1577,,,,,,,,318504.0,,
300536.SZ,20260821,,1.9042,,,,,9.2875,,,,,,,,261613.0,,
603071.SH,20260821,,1.084,,,,9.9639,1.1704,,,,,,,,695211.0,,
688561.SH,20260821,,0.5039,,,,,2.4591,,,,,,,,1736330.0,,
002178.SZ,20260821,,1.6257,,,,,7.4145,,,,,,,,316196.0,,
301010.SZ,20260821,,1.0174,,,,252.183,2.2769,,,,,,,,188676.0,,
601288.SH,20260821,,0.1142,,,,8.0629,0.8395,,,,,,,,237288000.0,,
603958.SH,20260821,,6.994,,,,,6.9234,,,,,,,,450785.0,,
920028.BJ,20260821,,1.946,,,,20.3293,2.0241,,,,,,,,229447.0,,
600055.SH,20260821,,0.8113,,,,,1.7648,,,,,,,,783913.0,,
300521.SZ,20260821,,1.3567,,,,,6.5473,,,,,,,,349021.0,,
603338.SH,20260821,,0.6245,,,,14.1522,2.2983,,,,,,,,2722130.0,,
688051.SH,20260821,,1.696,,,,,3.2668,,,,,,,,189082.0,,
600679.SH,20260821,,0.5084,,,,52.7731,2.1829,,,,,,,,465081.0,,
300187.SZ,20260821,,0.9792,,,,23.019,2.4913,,,,,,,,294404.0,,
920284.BJ,20260821,,2.4294,,,,,5.5841,,,,,,,,176145.0,,
920168.BJ,20260821,,0.6858,,,,16.2457,1.397,,,,,,,,114264.0,,
688609.SH,20260821,,2.3372,,,,,4.7508,,,,,,,,467670.0,,
688085.SH,20260821,,0.8902,,,,86.3714,2.3356,,,,,,,,495192.0,,
301602.SZ,20260821,,5.5528,,,,60.0378,5.2044,,,,,,,,712740.0,,
600284.SH,20260821,,0.9745,,,,17.2496,0.6096,,,,,,,,486098.0,,
600310.SH,20260821,,1.5056,,,,,2.2066,,,,,,,,599476.0,,
301070.SZ,20260821,,6.008,,,,,12.0174,,,,,,,,871487.0,,
688315.SH,20260821,,7.3008,,,,40.8461,2.4797,,,,,,,,663839.0,,
002833.SZ,20260821,,0.7699,,,,17.6047,2.6138,,,,,,,,780907.0,,
688120.SH,20260821,,1.611,,,,122.848,17.4644,,,,,,,,13484000.0,,
300660.SZ,20260821,,0.9102,,,,51.8522,3.9256,,,,,,,,1405530.0,,
002454.SZ,20260821,,1.0748,,,,19.4056,1.0729,,,,,,,,437779.0,,
920445.BJ,20260821,,2.6549,,,,46.0805,3.3127,,,,,,,,102375.0,,
688363.SH,20260821,,0.6544,,,,68.768,2.4578,,,,,,,,1752350.0,,
600618.SH,20260821,,0.631,,,,13.97,1.2274,,,,,,,,1169120.0,,
002219.SZ,20260821,,4.5965,,,,252.087,3.8967,,,,,,,,769779.0,,
603660.SH,20260821,,3.9022,,,,,9.1302,,,,,,,,652073.0,,
603806.SH,20260821,,0.9666,,,,36.1111,2.4752,,,,,,,,4030510.0,,
001386.SZ,20260821,,3.1851,,,,15.9022,1.5247,,,,,,,,1864080.0,,
300657.SZ,20260821,,5.7846,,,,77.7586,10.8132,,,,,,,,1688890.0,,
301192.SZ,20260821,,2.3036,,,,36.6854,3.0926,,,,,,,,201877.0,,
301173.SZ,20260821,,1.8636,,,,16.4723,1.8172,,,,,,,,281423.0,,
002857.SZ,20260821,,2.1471,,,,,5.4328,,,,,,,,245070.0,,
000530.SZ,20260821,,1.2029,,,,134.858,1.3078,,,,,,,,413174.0,,
002482.SZ,20260821,,0.9441,,,,,10.7056,,,,,,,,476372.0,,
000507.SZ,20260821,,1.1007,,,,19.6959,0.7616,,,,,,,,455269.0,,
600569.SH,20260821,,0.4165,,,,,3.4488,,,,,,,,502674.0,,
601112.SH,20260821,,1.8236,,,,33.3255,4.0379,,,,,,,,2648840.0,,
601818.SH,20260821,,0.3126,,,,4.718,0.3537,,,,,,,,17843800.0,,
688107.SH,20260821,,1.3039,,,,,13.8979,,,,,,,,1254660.0,,
002617.SZ,20260821,,2.6501,,,,63.6105,1.8259,,,,,,,,1176050.0,,
600028.SH,20260821,,0.2219,,,,17.3475,0.7402,,,,,,,,61672000.0,,
920130.BJ,20260821,,3.062,,,,,3.386,,,,,,,,158013.0,,
300112.SZ,20260821,,19.7966,,,,,2.8918,,,,,,,,268373.0,,
002034.SZ,20260821,,0.7687,,,,9.78,0.9683,,,,,,,,705814.0,,
600006.SH,20260821,,0.4364,,,,,1.3212,,,,,,,,1056000.0,,
600228.SH,20260821,,8.8196,,,,,8.9578,,,,,,,,342088.0,,
603008.SH,20260821,,1.5386,,,,22.4089,0.8569,,,,,,,,301263.0,,
300761.SZ,20260821,,1.184,,,,30.1676,1.6732,,,,,,,,1588580.0,,
300082.SZ,20260821,,1.2144,,,,437.316,1.9362,,,,,,,,531157.0,,
600508.SH,20260821,,1.3067,,,,47.87,0.7123,,,,,,,,908601.0,,
600509.SH,20260821,,1.1757,,,,44.0175,1.2609,,,,,,,,1001940.0,,
300279.SZ,20260821,,1.3502,,,,75.0363,2.6281,,,,,,,,274874.0,,
688728.SH,20260821,,0.8896,,,,397.677,5.2368,,,,,,,,4121930.0,,
603109.SH,20260821,,0.606,,,,41.8771,1.8571,,,,,,,,366111.0,,
300627.SZ,20260821,,0.7592,,,,31.1228,4.933,,,,,,,,2154040.0,,
600861.SH,20260821,,0.3991,,,,8.6765,0.9647,,,,,,,,730285.0,,
603037.SH,20260821,,0.8589,,,,38.4779,2.7339,,,,,,,,271602.0,,
002685.SZ,20260821,,2.5435,,,,63.0298,3.3052,,,,,,,,545161.0,,
920003.BJ,20260821,,6.3322,,,,14.4557,2.3506,,,,,,,,140339.0,,
603856.SH,20260821,,1.3293,,,,12.9933,1.1676,,,,,,,,326339.0,,
300008.SZ,20260821,,1.6443,,,,30.7781,4.2071,,,,,,,,1054100.0,,
301446.SZ,20260821,,3.1805,,,,49.9549,3.0994,,,,,,,,376064.0,,
920186.BJ,20260821,,3.3654,,,,16.4475,6.2102,,,,,,,,1642980.0,,
002727.SZ,20260821,,2.4748,,,,24.3538,0.909,,,,,,,,679886.0,,
002078.SZ,20260821,,0.4562,,,,11.9284,1.2493,,,,,,,,3901670.0,,
600595.SH,20260821,,2.2014,,,,8.8901,1.3559,,,,,,,,2480890.0,,
002778.SZ,20260821,,1.1654,,,,134.955,6.1267,,,,,,,,196611.0,,
300962.SZ,20260821,,1.0213,,,,28.9422,3.2018,,,,,,,,336866.0,,
300935.SZ,20260821,,3.7868,,,,,3.2613,,,,,,,,239722.0,,
002354.SZ,20260821,,7.6307,,,,,8.7108,,,,,,,,1197920.0,,
002103.SZ,20260821,,1.3005,,,,22.3382,2.7554,,,,,,,,346209.0,,
300015.SZ,20260821,,0.9237,,,,22.9794,3.3615,,,,,,,,7746540.0,,
603468.SH,20260821,,8.1759,,,,26.1991,3.3168,,,,,,,,983149.0,,
301238.SZ,20260821,,1.221,,,,36.1662,1.5785,,,,,,,,1166000.0,,
301388.SZ,20260821,,0.9167,,,,108.966,2.4767,,,,,,,,243928.0,,
688027.SH,20260821,,1.6131,,,,6620.45,12.3469,,,,,,,,3976610.0,,
000055.SZ,20260821,,1.0147,,,,,0.682,,,,,,,,381225.0,,
688528.SH,20260821,,0.9377,,,,,3.7181,,,,,,,,165480.0,,
000514.SZ,20260821,,1.2029,,,,,0.9173,,,,,,,,336665.0,,
301202.SZ,20260821,,6.9573,,,,84.3358,4.4633,,,,,,,,542463.0,,
002577.SZ,20260821,,2.3036,,,,,4.5148,,,,,,,,529658.0,,
603507.SH,20260821,,1.8354,,,,27.3509,2.1171,,,,,,,,550504.0,,
920069.BJ,20260821,,2.0479,,,,18.0682,2.221,,,,,,,,175800.0,,
600621.SH,20260821,,0.4445,,,,20.696,1.4461,,,,,,,,1352650.0,,
688522.SH,20260821,,1.8401,,,,69.0478,3.3724,,,,,,,,788719.0,,
603028.SH,20260821,,0.8253,,,,,4.3328,,,,,,,,201215.0,,
603577.SH,20260821,,0.8914,,,,33.9175,1.747,,,,,,,,344904.0,,
002984.SZ,20260821,,1.5126,,,,14.9061,1.0722,,,,,,,,1450800.0,,
603291.SH,20260821,,1.5319,,,,38.4857,2.1855,,,,,,,,399097.0,,
300093.SZ,20260821,,11.2545,,,,52.7076,7.1967,,,,,,,,1400220.0,,
002512.SZ,20260821,,2.2817,,,,,13.9272,,,,,,,,453093.0,,
002585.SZ,20260821,,7.0168,,,,,1.3752,,,,,,,,1144750.0,,
000936.SZ,20260821,,4.135,,,,273.813,0.9528,,,,,,,,486421.0,,
301677.SZ,20260821,,10.5621,,,,27.5788,3.9426,,,,,,,,550300.0,,
300703.SZ,20260821,,1.8994,,,,115.127,3.1398,,,,,,,,242627.0,,
002918.SZ,20260821,,4.2425,,,,44.2526,1.2819,,,,,,,,414135.0,,
002701.SZ,20260821,,0.5604,,,,13.823,1.159,,,,,,,,1187730.0,,
603066.SH,20260821,,1.2744,,,,21.1259,1.7352,,,,,,,,264762.0,,
002040.SZ,20260821,,6.4644,,,,22.0782,1.2465,,,,,,,,432607.0,,
300780.SZ,20260821,,4.5897,,,,,2.9011,,,,,,,,290553.0,,
688200.SH,20260821,,1.2835,,,,145.738,19.7741,,,,,,,,8283330.0,,
920058.BJ,20260821,,2.3639,,,,34.5558,4.6358,,,,,,,,165253.0,,
301578.SZ,20260821,,2.4297,,,,185.448,2.589,,,,,,,,240993.0,,
301222.SZ,20260821,,1.1702,,,,39.0614,2.3485,,,,,,,,344951.0,,
301115.SZ,20260821,,4.1547,,,,,2.198,,,,,,,,544715.0,,
600654.SH,20260821,,1.3335,,,,111.471,4.8117,,,,,,,,810942.0,,
301372.SZ,20260821,,2.5645,,,,,2.7498,,,,,,,,203794.0,,
301555.SZ,20260821,,2.7014,,,,36.8551,2.5311,,,,,,,,286027.0,,
603758.SH,20260821,,7.9718,,,,36.3653,1.9632,,,,,,,,509344.0,,
002215.SZ,20260821,,2.9702,,,,12.0473,2.0151,,,,,,,,923918.0,,
603616.SH,20260821,,2.0879,,,,,9.9156,,,,,,,,211034.0,,
920091.BJ,20260821,,3.4627,,,,51.0066,3.6934,,,,,,,,174131.0,,
603151.SH,20260821,,2.1972,,,,30.7512,1.9312,,,,,,,,267200.0,,
688109.SH,20260821,,0.9304,,,,334.349,7.4646,,,,,,,,575785.0,,
002655.SZ,20260821,,9.0129,,,,306.665,15.7368,,,,,,,,1377030.0,,
600748.SH,20260821,,0.6861,,,,,0.6928,,,,,,,,715690.0,,
300720.SZ,20260821,,5.5427,,,,651.697,25.3545,,,,,,,,1492560.0,,
300885.SZ,20260821,,1.5844,,,,80.0067,5.3956,,,,,,,,493574.0,,
002263.SZ,20260821,,1.6054,,,,308.84,2.0151,,,,,,,,559751.0,,
001208.SZ,20260821,,4.1234,,,,79.9131,2.9476,,,,,,,,866880.0,,
002985.SZ,20260821,,0.6057,,,,39.1901,3.0337,,,,,,,,836603.0,,
000828.SZ,20260821,,0.748,,,,11.7228,0.951,,,,,,,,986502.0,,
001379.SZ,20260821,,3.8349,,,,54.7508,2.1386,,,,,,,,322000.0,,
688212.SH,20260821,,2.711,,,,,3.1131,,,,,,,,380699.0,,
000532.SZ,20260821,,2.7374,,,,21.1068,2.3006,,,,,,,,378490.0,,
301172.SZ,20260821,,2.1994,,,,111.981,2.6464,,,,,,,,394297.0,,
688392.SH,20260821,,4.7033,,,,154.656,12.0139,,,,,,,,2230410.0,,
603458.SH,20260821,,6.3283,,,,,1.0925,,,,,,,,281635.0,,
300971.SZ,20260821,,2.619,,,,23.527,2.0416,,,,,,,,221088.0,,
688552.SH,20260821,,0.644,,,,,3.4385,,,,,,,,887974.0,,
301167.SZ,20260821,,2.1778,,,,75.8138,1.6756,,,,,,,,160944.0,,
920222.BJ,20260821,,10.0945,,,,36.3175,6.2844,,,,,,,,214546.0,,
002544.SZ,20260821,,1.1819,,,,439.293,2.9411,,,,,,,,1095660.0,,
000031.SZ,20260821,,0.8841,,,,,0.9011,,,,,,,,921557.0,,
603162.SH,20260821,,10.0791,,,,18.8181,3.4819,,,,,,,,1696620.0,,
603665.SH,20260821,,1.0734,,,,,5.0488,,,,,,,,335071.0,,
920126.BJ,20260821,,2.9487,,,,17.0292,2.4031,,,,,,,,186266.0,,
603237.SH,20260821,,0.5903,,,,25.3143,1.7122,,,,,,,,277357.0,,
600906.SH,20260821,,1.0056,,,,18.3226,1.6354,,,,,,,,2086540.0,,
300201.SZ,20260821,,3.3802,,,,47.5817,8.1722,,,,,,,,1538790.0,,
301132.SZ,20260821,,4.5673,,,,49.5912,2.9551,,,,,,,,542588.0,,
920414.BJ,20260821,,1.3807,,,,,2.2913,,,,,,,,61485.8,,
688302.SH,20260821,,2.0605,,,,,3.4932,,,,,,,,361110.0,,
688626.SH,20260821,,1.3069,,,,86.8275,3.3229,,,,,,,,699200.0,,
002810.SZ,20260821,,1.5713,,,,30.1955,3.2068,,,,,,,,729427.0,,
920475.BJ,20260821,,1.0123,,,,,3.4138,,,,,,,,121070.0,,
003008.SZ,20260821,,1.6753,,,,25.2452,1.9403,,,,,,,,202280.0,,
300380.SZ,20260821,,1.4753,,,,105.6,9.4955,,,,,,,,391644.0,,
301590.SZ,20260821,,1.5577,,,,106.48,2.2628,,,,,,,,438497.0,,
301418.SZ,20260821,,4.3117,,,,335.708,1.7075,,,,,,,,275807.0,,
002153.SZ,20260821,,1.2222,,,,,3.1314,,,,,,,,2096020.0,,
000534.SZ,20260821,,3.117,,,,67.8507,7.3653,,,,,,,,1377310.0,,
300449.SZ,20260821,,1.3442,,,,,9.7537,,,,,,,,271383.0,,
300868.SZ,20260821,,4.2458,,,,,7.6227,,,,,,,,1119170.0,,
002432.SZ,20260821,,3.62,,,,14.3586,1.5237,,,,,,,,3293870.0,,
000825.SZ,20260821,,0.4085,,,,,0.5944,,,,,,,,1942420.0,,
688416.SH,20260821,,3.8827,,,,,6.1173,,,,,,,,813960.0,,
301281.SZ,20260821,,3.2008,,,,202.674,3.4269,,,,,,,,477126.0,,
920634.BJ,20260821,,2.3071,,,,62.6668,3.637,,,,,,,,106536.0,,
601801.SH,20260821,,0.6561,,,,14.3612,0.886,,,,,,,,1076860.0,,
600131.SH,20260821,,0.3287,,,,28.1012,2.8438,,,,,,,,1843360.0,,
301035.SZ,20260821,,0.2848,,,,20.0709,2.4885,,,,,,,,1912920.0,,
001382.SZ,20260821,,2.7525,,,,72.4245,4.2326,,,,,,,,694220.0,,
300047.SZ,20260821,,1.6018,,,,201.165,1.7442,,,,,,,,577797.0,,
603655.SH,20260821,,1.6701,,,,78.3906,6.2742,,,,,,,,351496.0,,
001289.SZ,20260821,,0.0705,,,,30.8032,1.7047,,,,,,,,13074800.0,,
600032.SH,20260821,,0.5822,,,,36.0382,1.263,,,,,,,,1623160.0,,
300001.SZ,20260821,,1.3702,,,,30.616,4.4272,,,,,,,,3827670.0,,
920566.BJ,20260821,,2.8555,,,,15.6628,1.6638,,,,,,,,142873.0,,
920885.BJ,20260821,,1.4715,,,,74.2019,5.0537,,,,,,,,208059.0,,
300994.SZ,20260821,,1.2569,,,,20.9542,2.1127,,,,,,,,260359.0,,
002335.SZ,20260821,,1.8387,,,,53.5265,3.5229,,,,,,,,2285860.0,,
002595.SZ,20260821,,0.3516,,,,23.5108,4.4813,,,,,,,,5616720.0,,
600111.SH,20260821,,1.1573,,,,43.0512,5.5311,,,,,,,,14521700.0,,
301539.SZ,20260821,,1.2255,,,,794.016,2.8004,,,,,,,,216080.0,,
600834.SH,20260821,,0.9605,,,,71.4745,2.016,,,,,,,,351353.0,,
600106.SH,20260821,,0.6147,,,,66.9632,1.0721,,,,,,,,570152.0,,
920564.BJ,20260821,,1.0655,,,,,4.6662,,,,,,,,142851.0,,
002347.SZ,20260821,,2.5153,,,,,2.7382,,,,,,,,302317.0,,
600916.SH,20260821,,6.4616,,,,44.8926,1.8728,,,,,,,,1367520.0,,
605589.SH,20260821,,2.699,,,,34.5468,3.0488,,,,,,,,3292450.0,,
300013.SZ,20260821,,2.4247,,,,,12.6472,,,,,,,,227252.0,,
301665.SZ,20260821,,3.3675,,,,20.7282,2.8922,,,,,,,,1080450.0,,
002671.SZ,20260821,,1.5853,,,,40.3732,1.3492,,,,,,,,221267.0,,
002204.SZ,20260821,,0.7225,,,,16.2816,1.2391,,,,,,,,996587.0,,
002058.SZ,20260821,,1.3648,,,,11.0432,36.9754,,,,,,,,234251.0,,
600798.SH,20260821,,2.566,,,,61.4756,1.0204,,,,,,,,402982.0,,
000707.SZ,20260821,,1.1334,,,,,0.979,,,,,,,,270724.0,,
603565.SH,20260821,,1.5012,,,,13.0274,2.3543,,,,,,,,2580980.0,,
600838.SH,20260821,,1.8143,,,,69.4044,1.927,,,,,,,,297454.0,,
000803.SZ,20260821,,2.8612,,,,75.5893,2.3228,,,,,,,,345992.0,,
600783.SH,20260821,,4.3435,,,,76.2334,2.892,,,,,,,,1272850.0,,
301559.SZ,20260821,,1.1937,,,,69.2296,1.7069,,,,,,,,783000.0,,
002069.SZ,20260821,,1.5093,,,,,89.6214,,,,,,,,246045.0,,
603585.SH,20260821,,0.9945,,,,16.551,0.9915,,,,,,,,276182.0,,
300897.SZ,20260821,,1.4759,,,,205.364,3.1641,,,,,,,,309633.0,,
603877.SH,20260821,,0.3631,,,,29.624,1.3393,,,,,,,,587381.0,,
688247.SH,20260821,,2.4419,,,,101.582,3.3814,,,,,,,,442460.0,,
300407.SZ,20260821,,5.1602,,,,55.4861,2.2567,,,,,,,,424734.0,,
301028.SZ,20260821,,3.4499,,,,21.2819,2.9235,,,,,,,,511881.0,,
002557.SZ,20260821,,1.1147,,,,22.9171,1.7204,,,,,,,,938362.0,,
301510.SZ,20260821,,1.281,,,,137.0,7.2907,,,,,,,,1057960.0,,
002722.SZ,20260821,,1.0763,,,,16.1628,0.9578,,,,,,,,285970.0,,
301396.SZ,20260821,,8.8515,,,,1140.78,32.2964,,,,,,,,3998890.0,,
001896.SZ,20260821,,2.2998,,,,48.4544,5.1042,,,,,,,,1818730.0,,
301683.SZ,20260821,,3.7556,,,,29.5079,2.6238,,,,,,,,623465.0,,
002600.SZ,20260821,,0.9564,,,,47.0121,4.0745,,,,,,,,9939230.0,,
300912.SZ,20260821,,5.0217,,,,,5.0084,,,,,,,,224239.0,,
300578.SZ,20260821,,1.7859,,,,,2.7033,,,,,,,,311680.0,,
920163.BJ,20260821,,1.0553,,,,28.8814,2.7388,,,,,,,,141504.0,,
600897.SH,20260821,,0.4046,,,,11.9884,1.2293,,,,,,,,610808.0,,
603700.SH,20260821,,2.2636,,,,30.0809,1.3902,,,,,,,,228356.0,,
603333.SH,20260821,,2.9935,,,,,2.9988,,,,,,,,612205.0,,
001391.SZ,20260821,,0.9979,,,,20.0531,1.8194,,,,,,,,4969010.0,,
600409.SH,20260821,,0.8953,,,,813.643,1.0055,,,,,,,,1385180.0,,
920455.BJ,20260821,,0.3847,,,,37.3509,2.9276,,,,,,,,103276.0,,
688711.SH,20260821,,5.216,,,,331.393,5.3387,,,,,,,,561389.0,,
300381.SZ,20260821,,1.5882,,,,,1.1769,,,,,,,,302029.0,,
300670.SZ,20260821,,2.3814,,,,,4.7624,,,,,,,,201561.0,,
000078.SZ,20260821,,2.4187,,,,,3.4329,,,,,,,,426242.0,,
600420.SH,20260821,,1.2516,,,,15.7898,0.8153,,,,,,,,1134630.0,,
002703.SZ,20260821,,3.4495,,,,64.6642,5.3064,,,,,,,,1122890.0,,
603330.SH,20260821,,28.8385,,,,,3.31,,,,,,,,431376.0,,
603369.SH,20260821,,1.0614,,,,14.1546,2.0278,,,,,,,,3477330.0,,
001266.SZ,20260821,,2.7895,,,,72.6893,3.6129,,,,,,,,356354.0,,
600629.SH,20260821,,2.2659,,,,1227.66,3.6232,,,,,,,,1908680.0,,
601133.SH,20260821,,1.498,,,,69.4576,4.4063,,,,,,,,1333920.0,,
600718.SH,20260821,,0.4746,,,,,1.0913,,,,,,,,965526.0,,
301231.SZ,20260821,,5.8078,,,,,2.8149,,,,,,,,228640.0,,
300848.SZ,20260821,,0.9824,,,,59.3435,3.4611,,,,,,,,539994.0,,
301381.SZ,20260821,,1.0531,,,,33.2918,3.3113,,,,,,,,927192.0,,
002364.SZ,20260821,,6.0982,,,,168.572,8.8315,,,,,,,,2208610.0,,
920395.BJ,20260821,,0.3464,,,,29.1424,4.2025,,,,,,,,105132.0,,
601658.SH,20260821,,0.1234,,,,6.8053,0.5793,,,,,,,,59807300.0,,
603486.SH,20260821,,0.7176,,,,20.9554,3.8132,,,,,,,,3538130.0,,
603916.SH,20260821,,2.1557,,,,37.45,1.1606,,,,,,,,493465.0,,
301180.SZ,20260821,,1.6335,,,,,3.5851,,,,,,,,469212.0,,
300876.SZ,20260821,,1.8226,,,,,2.3495,,,,,,,,237939.0,,
600622.SH,20260821,,1.6291,,,,,1.696,,,,,,,,338929.0,,
920627.BJ,20260821,,1.783,,,,42.7872,2.7171,,,,,,,,128641.0,,
600429.SH,20260821,,0.6807,,,,,1.3954,,,,,,,,673901.0,,
603166.SH,20260821,,1.2307,,,,21.6873,2.5908,,,,,,,,708279.0,,
603617.SH,20260821,,1.3525,,,,55.4062,1.6913,,,,,,,,263512.0,,
603444.SH,20260821,,2.801,,,,12.3409,4.5652,,,,,,,,2765010.0,,
603125.SH,20260821,,0.6894,,,,45.6714,3.6842,,,,,,,,931933.0,,
002132.SZ,20260821,,6.5176,,,,95.8427,1.8914,,,,,,,,668537.0,,
601113.SH,20260821,,0.8079,,,,33.2314,1.1314,,,,,,,,457703.0,,
688089.SH,20260821,,0.9035,,,,22.6492,0.7865,,,,,,,,124936.0,,
300700.SZ,20260821,,2.104,,,,,9.8196,,,,,,,,757531.0,,
600843.SH,20260821,,0.9869,,,,,1.8193,,,,,,,,493511.0,,
301589.SZ,20260821,,1.2589,,,,21.788,3.3053,,,,,,,,1265610.0,,
600742.SH,20260821,,0.3826,,,,12.5201,0.6578,,,,,,,,561009.0,,
002886.SZ,20260821,,8.2955,,,,76.1487,3.0168,,,,,,,,559044.0,,
300632.SZ,20260821,,4.7532,,,,,3.3017,,,,,,,,571910.0,,
601107.SH,20260821,,0.3769,,,,11.3363,0.9688,,,,,,,,1681930.0,,
688180.SH,20260821,,4.013,,,,,6.516,,,,,,,,3841870.0,,
002315.SZ,20260821,,2.6177,,,,21.7938,3.7082,,,,,,,,1066900.0,,
301359.SZ,20260821,,1.9679,,,,58.3372,2.343,,,,,,,,201415.0,,
603506.SH,20260821,,6.9734,,,,17.3113,1.642,,,,,,,,203363.0,,
603686.SH,20260821,,1.6923,,,,33.5578,1.5048,,,,,,,,526766.0,,
001368.SZ,20260821,,2.9424,,,,26.297,1.8692,,,,,,,,264928.0,,
603393.SH,20260821,,2.9909,,,,18.0943,1.0664,,,,,,,,1033100.0,,
920179.BJ,20260821,,3.6926,,,,247.127,5.1884,,,,,,,,390526.0,,
600176.SH,20260821,,5.2742,,,,37.1365,5.0759,,,,,,,,16829200.0,,
600398.SH,20260821,,0.4182,,,,12.9978,1.4713,,,,,,,,2833630.0,,
600973.SH,20260821,,0.6613,,,,,2.4586,,,,,,,,832419.0,,
300917.SZ,20260821,,6.3995,,,,34.7341,3.7007,,,,,,,,447343.0,,
000518.SZ,20260821,,8.6251,,,,,12.6699,,,,,,,,391231.0,,
002355.SZ,20260821,,2.1335,,,,,3.9288,,,,,,,,321539.0,,
600033.SH,20260821,,0.7382,,,,10.0868,0.7673,,,,,,,,966029.0,,
301234.SZ,20260821,,7.0179,,,,306.661,8.497,,,,,,,,653480.0,,
002235.SZ,20260821,,4.6659,,,,,6.9281,,,,,,,,505387.0,,
002506.SZ,20260821,,2.3698,,,,,16.2179,,,,,,,,1526930.0,,
000988.SZ,20260821,,3.4585,,,,63.1815,9.1865,,,,,,,,10736800.0,,
002025.SZ,20260821,,3.6444,,,,150.932,4.2746,,,,,,,,2845340.0,,
301449.SZ,20260821,,11.4306,,,,38.1567,3.2279,,,,,,,,374348.0,,
920077.BJ,20260821,,1.1378,,,,39.1577,3.0193,,,,,,,,809011.0,,
300129.SZ,20260821,,1.6489,,,,45.2398,1.4361,,,,,,,,828313.0,,
605055.SH,20260821,,0.8469,,,,,4.3181,,,,,,,,424160.0,,
002766.SZ,20260821,,1.9213,,,,,3.3616,,,,,,,,358556.0,,
688193.SH,20260821,,1.1259,,,,138.925,2.0965,,,,,,,,192576.0,,
001312.SZ,20260821,,2.1664,,,,17.9661,1.7233,,,,,,,,404833.0,,
688777.SH,20260821,,0.9674,,,,182.002,7.1844,,,,,,,,7208530.0,,
600516.SH,20260821,,0.7126,,,,215.374,1.2519,,,,,,,,2045190.0,,
603611.SH,20260821,,0.4098,,,,11.3536,1.3356,,,,,,,,432769.0,,
001256.SZ,20260821,,2.5208,,,,22.9329,2.5258,,,,,,,,331289.0,,
600265.SH,20260821,,0.5482,,,,,14.0398,,,,,,,,297242.0,,
920090.BJ,20260821,,3.322,,,,,22.6047,,,,,,,,78338.1,,
688306.SH,20260821,,0.4434,,,,1319.25,6.0941,,,,,,,,1066150.0,,
002940.SZ,20260821,,11.5825,,,,41.8555,3.2342,,,,,,,,532361.0,,
003020.SZ,20260821,,6.8617,,,,25.5318,2.2458,,,,,,,,414217.0,,
688022.SH,20260821,,1.45,,,,99.8903,2.2076,,,,,,,,146858.0,,
601222.SH,20260821,,0.4822,,,,61.5115,0.7342,,,,,,,,1112460.0,,
688101.SH,20260821,,1.9883,,,,13.2974,1.0844,,,,,,,,487726.0,,
601952.SH,20260821,,1.9317,,,,24.3007,1.6166,,,,,,,,1163030.0,,
002488.SZ,20260821,,2.0324,,,,143.998,2.3673,,,,,,,,821237.0,,
688479.SH,20260821,,3.3475,,,,139.363,3.5344,,,,,,,,665780.0,,
603398.SH,20260821,,1.9889,,,,,,,,,,,,,469200.0,,
001212.SZ,20260821,,1.4478,,,,,3.5379,,,,,,,,677234.0,,
002628.SZ,20260821,,1.5071,,,,,1.3385,,,,,,,,371736.0,,
000576.SZ,20260821,,1.2006,,,,44.1989,1.8839,,,,,,,,311166.0,,
300528.SZ,20260821,,1.8124,,,,,12.5536,,,,,,,,481782.0,,
600765.SH,20260821,,0.5012,,,,35.7435,1.4176,,,,,,,,2033770.0,,
688056.SH,20260821,,1.1486,,,,84.3892,3.5524,,,,,,,,288966.0,,
002572.SZ,20260821,,1.4122,,,,9.1579,1.058,,,,,,,,779105.0,,
920218.BJ,20260821,,5.8838,,,,20.2187,2.5993,,,,,,,,153996.0,,
000883.SZ,20260821,,0.244,,,,15.2298,0.8301,,,,,,,,3136170.0,,
301260.SZ,20260821,,0.7553,,,,,1.5091,,,,,,,,651080.0,,
300769.SZ,20260821,,5.7764,,,,,2.5322,,,,,,,,1321090.0,,
300855.SZ,20260821,,3.991,,,,42.9579,6.0848,,,,,,,,1337690.0,,
603070.SH,20260821,,0.4964,,,,178.436,2.1848,,,,,,,,465561.0,,
605058.SH,20260821,,1.1502,,,,25.8067,2.1149,,,,,,,,384326.0,,
605180.SH,20260821,,2.5853,,,,99.0038,1.8614,,,,,,,,213785.0,,
920099.BJ,20260821,,1.4324,,,,21.9813,1.8859,,,,,,,,172072.0,,
000719.SZ,20260821,,0.641,,,,8.9551,0.9962,,,,,,,,1232960.0,,
600908.SH,20260821,,0.7195,,,,5.0762,0.5104,,,,,,,,1180740.0,,
000528.SZ,20260821,,0.6902,,,,10.5287,0.8622,,,,,,,,1640460.0,,
002386.SZ,20260821,,1.2694,,,,49.7747,0.995,,,,,,,,761464.0,,
603248.SH,20260821,,2.7325,,,,42.5613,3.5661,,,,,,,,833060.0,,
000822.SZ,20260821,,0.8883,,,,,1.0358,,,,,,,,387575.0,,
688292.SH,20260821,,0.9446,,,,,2.771,,,,,,,,269988.0,,
603400.SH,20260821,,14.9037,,,,74.2129,5.3327,,,,,,,,634220.0,,
600975.SH,20260821,,1.0673,,,,,3.4275,,,,,,,,612334.0,,
300453.SZ,20260821,,3.6681,,,,18.4692,3.3779,,,,,,,,516341.0,,
000633.SZ,20260821,,1.4278,,,,381.057,10.2101,,,,,,,,204492.0,,
688553.SH,20260821,,2.9746,,,,331.086,1.9734,,,,,,,,746074.0,,
002126.SZ,20260821,,1.6377,,,,35.3855,4.536,,,,,,,,3393210.0,,
600779.SH,20260821,,0.3106,,,,33.8928,2.4797,,,,,,,,1310410.0,,
003012.SZ,20260821,,0.5973,,,,16.2892,0.7159,,,,,,,,541467.0,,
300768.SZ,20260821,,1.1187,,,,46.7138,2.6642,,,,,,,,941278.0,,
000898.SZ,20260821,,0.33,,,,,0.4414,,,,,,,,1873840.0,,
003015.SZ,20260821,,2.0924,,,,36.925,3.046,,,,,,,,345993.0,,
301299.SZ,20260821,,1.831,,,,39.3257,4.5176,,,,,,,,263337.0,,
002361.SZ,20260821,,13.9802,,,,,4.5398,,,,,,,,994783.0,,
002158.SZ,20260821,,1.1123,,,,29.8123,3.1585,,,,,,,,1409000.0,,
000807.SZ,20260821,,1.8758,,,,10.3397,2.5174,,,,,,,,8975070.0,,
688172.SH,20260821,,0.7298,,,,,4.3729,,,,,,,,7944690.0,,
603501.SH,20260821,,0.8765,,,,29.3114,3.2859,,,,,,,,10793600.0,,
688718.SH,20260821,,0.9977,,,,49.3246,3.0756,,,,,,,,248121.0,,
688766.SH,20260821,,8.4505,,,,69.3952,20.6267,,,,,,,,6894640.0,,
300520.SZ,20260821,,2.4107,,,,,4.1161,,,,,,,,704379.0,,
002817.SZ,20260821,,1.7968,,,,31.5058,2.0473,,,,,,,,200097.0,,
300452.SZ,20260821,,8.385,,,,16.9694,2.922,,,,,,,,299401.0,,
600610.SH,20260821,,11.8653,,,,152.057,60.6311,,,,,,,,843093.0,,
002912.SZ,20260821,,1.3257,,,,119.12,1.9652,,,,,,,,321184.0,,
002603.SZ,20260821,,3.3896,,,,20.0698,2.4112,,,,,,,,2748310.0,,
000711.SZ,20260821,,5.9475,,,,,26.0519,,,,,,,,1902050.0,,
600814.SH,20260821,,0.604,,,,21.4945,1.2811,,,,,,,,490297.0,,
688671.SH,20260821,,1.7416,,,,,1.9333,,,,,,,,193314.0,,
300677.SZ,20260821,,1.298,,,,47.4494,1.7368,,,,,,,,3169660.0,,
301512.SZ,20260821,,1.8246,,,,76.6561,2.2052,,,,,,,,232662.0,,
002845.SZ,20260821,,3.6432,,,,53.1364,1.7137,,,,,,,,431713.0,,
301016.SZ,20260821,,1.0637,,,,52.5502,3.5523,,,,,,,,366465.0,,
000042.SZ,20260821,,2.0252,,,,,1.7535,,,,,,,,582392.0,,
301235.SZ,20260821,,6.3712,,,,46.6707,3.1929,,,,,,,,603649.0,,
688100.SH,20260821,,0.7146,,,,22.389,3.5044,,,,,,,,1261660.0,,
002234.SZ,20260821,,4.3641,,,,,1.6277,,,,,,,,277074.0,,
688420.SH,20260821,,0.6876,,,,,1.3908,,,,,,,,198437.0,,
300003.SZ,20260821,,2.6237,,,,27.0203,1.3646,,,,,,,,2243450.0,,
002896.SZ,20260821,,5.7783,,,,239.231,11.1929,,,,,,,,1348540.0,,
600252.SH,20260821,,2.8511,,,,,1.3432,,,,,,,,706884.0,,
688513.SH,20260821,,1.6189,,,,29.0104,2.7419,,,,,,,,804281.0,,
601699.SH,20260821,,1.1298,,,,42.4195,1.0771,,,,,,,,4992660.0,,
688379.SH,20260821,,3.5208,,,,39.3256,3.6333,,,,,,,,510035.0,,
603637.SH,20260821,,7.3483,,,,50.9278,2.9847,,,,,,,,311246.0,,
603937.SH,20260821,,2.7337,,,,1044.77,1.5726,,,,,,,,243359.0,,
600015.SH,20260821,,0.3513,,,,3.9371,0.3323,,,,,,,,10678900.0,,
600548.SH,20260821,,0.1458,,,,17.5835,0.8843,,,,,,,,2075970.0,,
600319.SH,20260821,,1.9047,,,,,7.246,,,,,,,,244645.0,,
002255.SZ,20260821,,1.4076,,,,16.5972,1.3823,,,,,,,,641440.0,,
000736.SZ,20260821,,3.814,,,,,2.6491,,,,,,,,324988.0,,
300397.SZ,20260821,,3.5002,,,,,4.0781,,,,,,,,584412.0,,
002023.SZ,20260821,,3.4933,,,,,2.0037,,,,,,,,750492.0,,
000801.SZ,20260821,,0.7457,,,,65.5451,3.6214,,,,,,,,1128120.0,,
603268.SH,20260821,,2.6082,,,,53.3012,17.66,,,,,,,,18623200.0,,
600930.SH,20260821,,0.871,,,,25.6047,1.4843,,,,,,,,16393700.0,,
300404.SZ,20260821,,25.5437,,,,129.286,5.2119,,,,,,,,556636.0,,
000683.SZ,20260821,,1.3997,,,,21.7615,1.8229,,,,,,,,2248680.0,,
300207.SZ,20260821,,1.7786,,,,42.3898,1.3503,,,,,,,,3327280.0,,
300583.SZ,20260821,,1.7249,,,,,1.3848,,,,,,,,244526.0,,
000557.SZ,20260821,,0.5049,,,,18.9343,0.8264,,,,,,,,527932.0,,
688512.SH,20260821,,2.5202,,,,,4.2845,,,,,,,,680971.0,,
920879.BJ,20260821,,0.3049,,,,31.5776,3.8499,,,,,,,,250283.0,,
002647.SZ,20260821,,3.3877,,,,,22.8471,,,,,,,,1421910.0,,
300185.SZ,20260821,,1.1435,,,,158.684,1.5246,,,,,,,,1077670.0,,
688550.SH,20260821,,2.8736,,,,25.0859,2.0569,,,,,,,,682968.0,,
688276.SH,20260821,,4.8294,,,,,1.8926,,,,,,,,718110.0,,
300648.SZ,20260821,,2.2102,,,,,6.1052,,,,,,,,708454.0,,
600166.SH,20260821,,1.3472,,,,16.0054,1.4218,,,,,,,,2288130.0,,
605008.SH,20260821,,2.2334,,,,,4.2799,,,,,,,,835875.0,,
002299.SZ,20260821,,1.4392,,,,20.4508,1.7317,,,,,,,,1988430.0,,
002418.SZ,20260821,,5.1055,,,,241.473,2.8797,,,,,,,,419332.0,,
603286.SH,20260821,,1.5944,,,,,5.982,,,,,,,,484482.0,,
001259.SZ,20260821,,2.5584,,,,315.469,4.7324,,,,,,,,341011.0,,
600698.SH,20260821,,1.2891,,,,,9.5166,,,,,,,,703164.0,,
920184.BJ,20260821,,0.9561,,,,67.2018,2.2888,,,,,,,,144373.0,,
300572.SZ,20260821,,1.8275,,,,,2.7123,,,,,,,,436453.0,,
300128.SZ,20260821,,5.9796,,,,,15.247,,,,,,,,643062.0,,
002957.SZ,20260821,,5.5981,,,,59.7197,5.3809,,,,,,,,1781150.0,,
603122.SH,20260821,,5.1613,,,,,4.519,,,,,,,,471692.0,,
301399.SZ,20260821,,3.4432,,,,275.798,2.4719,,,,,,,,320825.0,,
600845.SH,20260821,,0.5413,,,,38.1636,4.4723,,,,,,,,4958460.0,,
688622.SH,20260821,,0.4021,,,,,24.8084,,,,,,,,734250.0,,
300537.SZ,20260821,,3.0506,,,,356.515,4.4875,,,,,,,,406959.0,,
300725.SZ,20260821,,15.2133,,,,57.1084,2.6352,,,,,,,,1203170.0,,
300248.SZ,20260821,,4.3352,,,,71.1748,1.9573,,,,,,,,421092.0,,
002107.SZ,20260821,,1.9414,,,,30.4165,5.1018,,,,,,,,360756.0,,
603500.SH,20260821,,1.5865,,,,22.8824,2.9341,,,,,,,,316477.0,,
300608.SZ,20260821,,2.0302,,,,,2.7955,,,,,,,,353250.0,,
688981.SH,20260821,,1.5287,,,,211.754,7.132,,,,,,,,106842000.0,,
300012.SZ,20260821,,3.2327,,,,22.8799,3.1455,,,,,,,,2546120.0,,
605336.SH,20260821,,0.7793,,,,,1.0848,,,,,,,,195701.0,,
600826.SH,20260821,,0.4679,,,,16.9292,1.3159,,,,,,,,570657.0,,
000551.SZ,20260821,,2.9799,,,,19.3611,1.9815,,,,,,,,606886.0,,
300292.SZ,20260821,,2.6857,,,,45.3836,3.8177,,,,,,,,560858.0,,
688339.SH,20260821,,0.9127,,,,,2.1266,,,,,,,,409867.0,,
601566.SH,20260821,,0.7828,,,,27.9447,1.177,,,,,,,,480971.0,,
300688.SZ,20260821,,7.3661,,,,,13.5463,,,,,,,,496615.0,,
002130.SZ,20260821,,1.1157,,,,20.2746,2.4921,,,,,,,,2280420.0,,
603683.SH,20260821,,6.8901,,,,48.127,2.7347,,,,,,,,462475.0,,
002337.SZ,20260821,,0.8844,,,,54.2558,2.0427,,,,,,,,272529.0,,
300412.SZ,20260821,,2.8103,,,,89.9107,2.1868,,,,,,,,227973.0,,
002897.SZ,20260821,,3.2665,,,,38.0651,3.9361,,,,,,,,1118890.0,,
300695.SZ,20260821,,0.6506,,,,16.5869,1.742,,,,,,,,501672.0,,
688008.SH,20260821,,1.8483,,,,95.7058,11.7424,,,,,,,,24477900.0,,
000902.SZ,20260821,,0.7609,,,,10.5365,1.3647,,,,,,,,1708950.0,,
600126.SH,20260821,,1.6426,,,,333.089,1.1779,,,,,,,,2289730.0,,
300609.SZ,20260821,,2.2633,,,,,3.2934,,,,,,,,302208.0,,
300252.SZ,20260821,,3.5774,,,,246.506,3.6138,,,,,,,,795741.0,,
688629.SH,20260821,,2.3112,,,,150.807,33.7951,,,,,,,,6512960.0,,
000967.SZ,20260821,,1.8579,,,,47.9625,1.6273,,,,,,,,2798200.0,,
920403.BJ,20260821,,9.0159,,,,25.032,3.7428,,,,,,,,211053.0,,
002186.SZ,20260821,,1.2002,,,,278.422,3.3665,,,,,,,,287279.0,,
002229.SZ,20260821,,10.2359,,,,,5.0931,,,,,,,,545314.0,,
301153.SZ,20260821,,0.8171,,,,49.6019,3.2441,,,,,,,,602851.0,,
002312.SZ,20260821,,0.6162,,,,38.9182,1.6145,,,,,,,,1561140.0,,
920580.BJ,20260821,,1.1392,,,,35.8297,2.6371,,,,,,,,92536.0,,
600362.SH,20260821,,2.2024,,,,19.8617,1.888,,,,,,,,15880100.0,,
002150.SZ,20260821,,2.6235,,,,32.7478,3.8134,,,,,,,,826390.0,,
001285.SZ,20260821,,1.9289,,,,20.8292,1.8845,,,,,,,,729523.0,,
605136.SH,20260821,,1.9978,,,,,1.3309,,,,,,,,322770.0,,
300188.SZ,20260821,,0.7155,,,,,3.498,,,,,,,,873229.0,,
300496.SZ,20260821,,2.0201,,,,57.1188,2.5239,,,,,,,,2627170.0,,
002923.SZ,20260821,,5.0085,,,,280.402,3.5005,,,,,,,,377760.0,,
600522.SH,20260821,,4.5354,,,,35.7257,3.0015,,,,,,,,11409500.0,,
600323.SH,20260821,,0.408,,,,11.1902,1.569,,,,,,,,2385710.0,,
300105.SZ,20260821,,3.3765,,,,,2.1937,,,,,,,,392019.0,,
300400.SZ,20260821,,3.4323,,,,81.2984,9.7582,,,,,,,,689566.0,,
600184.SH,20260821,,1.4367,,,,200.256,3.0023,,,,,,,,1026180.0,,
920100.BJ,20260821,,3.1664,,,,55.6028,6.9627,,,,,,,,331596.0,,
600822.SH,20260821,,0.5144,,,,145.528,3.3175,,,,,,,,411658.0,,
001269.SZ,20260821,,0.779,,,,,5.456,,,,,,,,367700.0,,
688670.SH,20260821,,4.9596,,,,,1.875,,,,,,,,196504.0,,
603889.SH,20260821,,1.8011,,,,10.539,1.3797,,,,,,,,525859.0,,
920055.BJ,20260821,,1.1077,,,,12.02,1.4678,,,,,,,,179724.0,,
605365.SH,20260821,,0.9287,,,,43.5187,1.8271,,,,,,,,694786.0,,
605266.SH,20260821,,1.1094,,,,16.9658,0.9432,,,,,,,,255459.0,,
600531.SH,20260821,,7.4966,,,,18.5492,2.3665,,,,,,,,1680880.0,,
002830.SZ,20260821,,2.4153,,,,58.7985,3.7229,,,,,,,,254492.0,,
002672.SZ,20260821,,0.7972,,,,,1.8104,,,,,,,,403418.0,,
002012.SZ,20260821,,2.0771,,,,102.276,2.0162,,,,,,,,314712.0,,
300687.SZ,20260821,,9.5071,,,,,4.0952,,,,,,,,1096180.0,,
688137.SH,20260821,,15.1225,,,,,2.8018,,,,,,,,566262.0,,
301020.SZ,20260821,,0.7932,,,,32.5717,2.9581,,,,,,,,298656.0,,
600503.SH,20260821,,1.4816,,,,,0.989,,,,,,,,341288.0,,
920407.BJ,20260821,,1.7993,,,,63.2796,4.3629,,,,,,,,120656.0,,
000969.SZ,20260821,,1.4826,,,,45.9255,2.978,,,,,,,,1752270.0,,
605001.SH,20260821,,3.2319,,,,27.432,0.8184,,,,,,,,223945.0,,
300502.SZ,20260821,,3.8095,,,,57.3821,30.2405,,,,,,,,61626100.0,,
300808.SZ,20260821,,1.1657,,,,,3.3033,,,,,,,,306880.0,,
603051.SH,20260821,,3.3236,,,,,1.9978,,,,,,,,344717.0,,
920000.BJ,20260821,,0.6643,,,,20.0508,1.802,,,,,,,,123035.0,,
000789.SZ,20260821,,0.4993,,,,,0.5055,,,,,,,,326145.0,,
002547.SZ,20260821,,2.858,,,,,,,,,,,,,295551.0,,
603730.SH,20260821,,0.6744,,,,33.7878,4.3282,,,,,,,,2152890.0,,
300833.SZ,20260821,,0.6816,,,,28.583,1.8434,,,,,,,,458402.0,,
002141.SZ,20260821,,14.0136,,,,582.8,8.2556,,,,,,,,666244.0,,
600232.SH,20260821,,1.284,,,,62.8229,2.3934,,,,,,,,230137.0,,
601518.SH,20260821,,0.422,,,,10.5749,0.8918,,,,,,,,519902.0,,
300222.SZ,20260821,,2.1856,,,,81.6001,4.3973,,,,,,,,797866.0,,
002036.SZ,20260821,,2.8732,,,,,10.3142,,,,,,,,693784.0,,
002226.SZ,20260821,,0.4699,,,,18.003,1.3654,,,,,,,,1324460.0,,
600022.SH,20260821,,0.8489,,,,127.366,0.7432,,,,,,,,1412250.0,,
301319.SZ,20260821,,7.9007,,,,226.593,16.7091,,,,,,,,2009770.0,,
603612.SH,20260821,,1.4157,,,,11.711,1.4045,,,,,,,,829842.0,,
000639.SZ,20260821,,9.3281,,,,,1.2943,,,,,,,,213727.0,,
600399.SH,20260821,,2.6394,,,,,1.6233,,,,,,,,853919.0,,
300074.SZ,20260821,,2.2633,,,,,2.4594,,,,,,,,209667.0,,
301193.SZ,20260821,,1.0127,,,,,3.1523,,,,,,,,435032.0,,
300324.SZ,20260821,,1.2382,,,,,2.5484,,,,,,,,630571.0,,
920522.BJ,20260821,,1.9291,,,,89.8641,3.8412,,,,,,,,418054.0,,
920083.BJ,20260821,,15.8672,,,,63.7343,8.3069,,,,,,,,366362.0,,
601825.SH,20260821,,0.2335,,,,6.8472,0.6416,,,,,,,,8448530.0,,
002303.SZ,20260821,,3.7752,,,,33.5921,1.6344,,,,,,,,721253.0,,
600117.SH,20260821,,0.3515,,,,,2.1374,,,,,,,,735656.0,,
002057.SZ,20260821,,2.0949,,,,32.7253,1.963,,,,,,,,652109.0,,
001209.SZ,20260821,,2.1817,,,,102.621,1.7915,,,,,,,,234900.0,,
001216.SZ,20260821,,0.9069,,,,19.7959,2.2462,,,,,,,,423340.0,,
603255.SH,20260821,,1.6821,,,,142.78,2.3398,,,,,,,,370800.0,,
301263.SZ,20260821,,1.4881,,,,,5.8897,,,,,,,,971666.0,,
002405.SZ,20260821,,0.9627,,,,134.28,1.6997,,,,,,,,1497930.0,,
688334.SH,20260821,,0.3427,,,,22.2558,1.9037,,,,,,,,567944.0,,
688530.SH,20260821,,10.958,,,,5331.08,11.8763,,,,,,,,1006040.0,,
603334.SH,20260821,,10.572,,,,32.3855,2.6954,,,,,,,,468814.0,,
301488.SZ,20260821,,2.1819,,,,136.775,7.1145,,,,,,,,986948.0,,
301592.SZ,20260821,,3.1749,,,,128.064,7.7681,,,,,,,,729400.0,,
002268.SZ,20260821,,0.588,,,,314.526,2.089,,,,,,,,1148370.0,,
600980.SH,20260821,,2.1322,,,,27.9345,2.5244,,,,,,,,386914.0,,
603817.SH,20260821,,1.316,,,,13.7685,0.9869,,,,,,,,322668.0,,
002436.SZ,20260821,,8.3106,,,,277.367,10.6559,,,,,,,,6008350.0,,
920132.BJ,20260821,,1.6405,,,,53.0665,3.3356,,,,,,,,90443.8,,
000419.SZ,20260821,,1.1633,,,,18.6849,0.7795,,,,,,,,266356.0,,
301518.SZ,20260821,,2.6548,,,,40.6051,2.2252,,,,,,,,370074.0,,
688103.SH,20260821,,2.0965,,,,109.256,6.3385,,,,,,,,714200.0,,
688592.SH,20260821,,1.1526,,,,152.372,3.0297,,,,,,,,288044.0,,
300602.SZ,20260821,,5.0611,,,,63.4602,5.8745,,,,,,,,2437850.0,,
688271.SH,20260821,,0.6414,,,,49.4044,3.9659,,,,,,,,8736080.0,,
600419.SH,20260821,,1.647,,,,23.478,1.1152,,,,,,,,276076.0,,
002620.SZ,20260821,,2.6309,,,,,,,,,,,,,195919.0,,
300986.SZ,20260821,,4.2854,,,,38.6023,3.0726,,,,,,,,685110.0,,
600170.SH,20260821,,0.7944,,,,14.1044,0.6387,,,,,,,,1999340.0,,
605398.SH,20260821,,0.6793,,,,240.689,3.198,,,,,,,,332267.0,,
000830.SZ,20260821,,0.8966,,,,24.3416,1.1698,,,,,,,,2268040.0,,
688689.SH,20260821,,3.5495,,,,57.896,4.2658,,,,,,,,584414.0,,
600302.SH,20260821,,0.6313,,,,,4.6123,,,,,,,,223522.0,,
000727.SZ,20260821,,1.4848,,,,,5.5534,,,,,,,,1001030.0,,
300481.SZ,20260821,,2.4367,,,,33.7656,1.7097,,,,,,,,415019.0,,
002059.SZ,20260821,,0.9741,,,,,4.3259,,,,,,,,457621.0,,
301058.SZ,20260821,,1.9423,,,,18.4405,1.8381,,,,,,,,430183.0,,
000739.SZ,20260821,,3.1935,,,,28.2386,3.6545,,,,,,,,2400300.0,,
600708.SH,20260821,,0.6721,,,,,1.1361,,,,,,,,677506.0,,
301501.SZ,20260821,,3.8549,,,,23.8475,1.9595,,,,,,,,415599.0,,
002859.SZ,20260821,,3.7759,,,,118.133,8.0126,,,,,,,,3060720.0,,
600212.SH,20260821,,1.2944,,,,1845.68,6.8703,,,,,,,,396437.0,,
688605.SH,20260821,,3.176,,,,84.4016,8.6777,,,,,,,,1449040.0,,
300043.SZ,20260821,,1.4085,,,,13.7758,3.0895,,,,,,,,552424.0,,
601857.SH,20260821,,0.0848,,,,12.9585,1.2618,,,,,,,,204983000.0,,
301566.SZ,20260821,,8.5559,,,,63.3735,6.7241,,,,,,,,1024030.0,,
002112.SZ,20260821,,4.8401,,,,284.357,5.3368,,,,,,,,461786.0,,
688256.SH,20260821,,1.9135,,,,195.334,48.015,,,,,,,,65086400.0,,
688633.SH,20260821,,1.2456,,,,18.1954,2.3194,,,,,,,,410325.0,,
600354.SH,20260821,,16.2888,,,,110.833,4.5343,,,,,,,,339377.0,,
600148.SH,20260821,,0.8359,,,,131.298,4.5013,,,,,,,,216662.0,,
600865.SH,20260821,,1.2047,,,,,1.4035,,,,,,,,322062.0,,
600909.SH,20260821,,1.5249,,,,20.3505,1.556,,,,,,,,4104780.0,,
600761.SH,20260821,,0.6559,,,,12.0957,1.3185,,,,,,,,1470530.0,,
920608.BJ,20260821,,0.8542,,,,24.5032,1.6955,,,,,,,,83152.6,,
603153.SH,20260821,,0.2383,,,,14.3834,1.4164,,,,,,,,537738.0,,
002614.SZ,20260821,,2.3784,,,,,0.7342,,,,,,,,316860.0,,
603097.SH,20260821,,1.6574,,,,90.4941,4.1819,,,,,,,,451134.0,,
600587.SH,20260821,,1.4472,,,,15.3662,0.9587,,,,,,,,752846.0,,
603882.SH,20260821,,6.4151,,,,,2.2876,,,,,,,,1452310.0,,
688121.SH,20260821,,4.3639,,,,,0.1809,,,,,,,,40648.8,,
688146.SH,20260821,,10.1048,,,,270.148,23.1827,,,,,,,,13928300.0,,
603093.SH,20260821,,1.0374,,,,18.2352,2.0095,,,,,,,,1173100.0,,
300617.SZ,20260821,,2.2736,,,,85.6527,2.2309,,,,,,,,674927.0,,
603712.SH,20260821,,0.892,,,,,2.2526,,,,,,,,861552.0,,
600572.SH,20260821,,4.0887,,,,22.6853,1.5113,,,,,,,,1096650.0,,
688478.SH,20260821,,4.1495,,,,,4.612,,,,,,,,691277.0,,
603567.SH,20260821,,6.5169,,,,,0.8692,,,,,,,,530293.0,,
300782.SZ,20260821,,1.6433,,,,,4.5639,,,,,,,,4435450.0,,
920106.BJ,20260821,,0.4648,,,,16.0287,3.3335,,,,,,,,201982.0,,
000885.SZ,20260821,,1.9022,,,,6.4854,0.8054,,,,,,,,789756.0,,
601116.SH,20260821,,2.4119,,,,32.4061,1.7108,,,,,,,,572872.0,,
000548.SZ,20260821,,0.908,,,,59.2911,1.0809,,,,,,,,223649.0,,
603085.SH,20260821,,0.9556,,,,44.2604,4.0757,,,,,,,,394320.0,,
601966.SH,20260821,,0.5761,,,,15.2625,0.6986,,,,,,,,1595220.0,,
002602.SZ,20260821,,0.8861,,,,16.2136,3.154,,,,,,,,10186300.0,,
002346.SZ,20260821,,4.2137,,,,17.0012,3.1668,,,,,,,,1018710.0,,
001215.SZ,20260821,,1.3962,,,,47.5377,1.6554,,,,,,,,307707.0,,
688316.SH,20260821,,3.769,,,,,44.0574,,,,,,,,234126.0,,
002841.SZ,20260821,,0.8054,,,,31.2866,2.5298,,,,,,,,3436500.0,,
605577.SH,20260821,,1.6533,,,,18.118,1.0735,,,,,,,,432444.0,,
002607.SZ,20260821,,1.6422,,,,221.584,15.4844,,,,,,,,1245810.0,,
300322.SZ,20260821,,3.4001,,,,133.788,7.9617,,,,,,,,810587.0,,
002654.SZ,20260821,,5.5765,,,,398.663,7.2856,,,,,,,,1139470.0,,
603580.SH,20260821,,13.8733,,,,261.646,23.5901,,,,,,,,1055580.0,,
002650.SZ,20260821,,0.3035,,,,,3.9054,,,,,,,,679749.0,,
688078.SH,20260821,,1.2537,,,,,2.5712,,,,,,,,170059.0,,
600023.SH,20260821,,0.1107,,,,8.8053,0.8445,,,,,,,,6516640.0,,
920837.BJ,20260821,,0.3642,,,,17.9637,2.4324,,,,,,,,144174.0,,
300259.SZ,20260821,,2.1088,,,,19.2145,1.5188,,,,,,,,466662.0,,
300030.SZ,20260821,,3.8406,,,,70.2073,3.2427,,,,,,,,211175.0,,
600501.SH,20260821,,1.2289,,,,,3.9943,,,,,,,,606655.0,,
301560.SZ,20260821,,1.8773,,,,71.6732,2.8551,,,,,,,,275302.0,,
603156.SH,20260821,,1.4354,,,,46.8844,6.7434,,,,,,,,6683250.0,,
300275.SZ,20260821,,1.971,,,,71.9693,2.937,,,,,,,,280593.0,,
301228.SZ,20260821,,1.5248,,,,,11.7801,,,,,,,,705840.0,,
300078.SZ,20260821,,3.0183,,,,,7.0279,,,,,,,,345422.0,,
688681.SH,20260821,,1.1676,,,,35.5925,2.8684,,,,,,,,178044.0,,
002677.SZ,20260821,,0.8497,,,,659.796,2.9822,,,,,,,,439315.0,,
002645.SZ,20260821,,4.0657,,,,37.5964,3.4326,,,,,,,,1464820.0,,
920278.BJ,20260821,,1.2621,,,,79.5336,2.8508,,,,,,,,109760.0,,
000999.SZ,20260821,,0.9693,,,,12.4502,1.7282,,,,,,,,4017420.0,,
600365.SH,20260821,,0.4775,,,,,5.7505,,,,,,,,126646.0,,
300411.SZ,20260821,,2.2775,,,,969.263,3.2033,,,,,,,,308955.0,,
688328.SH,20260821,,13.5324,,,,131.94,9.8107,,,,,,,,861064.0,,
605388.SH,20260821,,1.6408,,,,,2.3332,,,,,,,,358489.0,,
300678.SZ,20260821,,1.0305,,,,406.872,7.4522,,,,,,,,641380.0,,
601166.SH,20260821,,0.3418,,,,4.9422,0.4615,,,,,,,,38304800.0,,
300852.SZ,20260821,,4.2731,,,,53.0819,3.2891,,,,,,,,746263.0,,
300981.SZ,20260821,,3.3025,,,,,1.2015,,,,,,,,631718.0,,
920685.BJ,20260821,,3.5669,,,,31.2316,1.9699,,,,,,,,111375.0,,
002156.SZ,20260821,,6.386,,,,67.0255,6.1912,,,,,,,,9694410.0,,
002976.SZ,20260821,,2.9494,,,,,3.1217,,,,,,,,449356.0,,
002180.SZ,20260821,,0.9672,,,,,2.7581,,,,,,,,2516730.0,,
600183.SH,20260821,,2.7563,,,,62.0994,17.4347,,,,,,,,32257200.0,,
600619.SH,20260821,,1.3356,,,,115.577,2.4162,,,,,,,,1490880.0,,
688338.SH,20260821,,2.8076,,,,39.1001,1.9624,,,,,,,,335410.0,,
601686.SH,20260821,,0.2994,,,,11.2653,1.1406,,,,,,,,761864.0,,
002017.SZ,20260821,,5.6999,,,,50.9233,4.5127,,,,,,,,843368.0,,
301038.SZ,20260821,,0.7318,,,,74.3115,3.9557,,,,,,,,354474.0,,
000525.SZ,20260821,,4.1515,,,,,2.2355,,,,,,,,555052.0,,
002562.SZ,20260821,,3.99,,,,51.1764,1.5215,,,,,,,,559983.0,,
600546.SH,20260821,,1.1015,,,,19.5429,1.5678,,,,,,,,2618820.0,,
002392.SZ,20260821,,0.8029,,,,22.1394,1.5052,,,,,,,,896440.0,,
000930.SZ,20260821,,1.3025,,,,,0.8421,,,,,,,,876241.0,,
688612.SH,20260821,,1.4696,,,,24.2756,3.8688,,,,,,,,1390850.0,,
000668.SZ,20260821,,2.1918,,,,116.261,4.3665,,,,,,,,326283.0,,
000006.SZ,20260821,,0.9431,,,,,1.7752,,,,,,,,953096.0,,
920190.BJ,20260821,,4.2462,,,,87.6418,2.9523,,,,,,,,252500.0,,
001367.SZ,20260821,,9.0532,,,,23.585,2.1458,,,,,,,,332126.0,,
603858.SH,20260821,,1.1076,,,,43.7694,1.6014,,,,,,,,1636690.0,,
300589.SZ,20260821,,4.8143,,,,,7.1368,,,,,,,,495878.0,,
001228.SZ,20260821,,4.6053,,,,28.6933,1.7281,,,,,,,,298299.0,,
601388.SH,20260821,,1.3468,,,,34.9683,1.5536,,,,,,,,728605.0,,
920735.BJ,20260821,,2.1463,,,,12.8523,2.4034,,,,,,,,316167.0,,
300113.SZ,20260821,,2.0304,,,,26.4962,4.2726,,,,,,,,1125180.0,,
300973.SZ,20260821,,3.1387,,,,14.7626,1.639,,,,,,,,413869.0,,
603078.SH,20260821,,6.0143,,,,130.311,6.9739,,,,,,,,1391380.0,,
603658.SH,20260821,,0.8774,,,,19.1104,2.1579,,,,,,,,1977130.0,,
301290.SZ,20260821,,2.3457,,,,,1.3448,,,,,,,,291204.0,,
600191.SH,20260821,,1.576,,,,74.945,2.9985,,,,,,,,514998.0,,
300374.SZ,20260821,,0.9559,,,,,3.6912,,,,,,,,262143.0,,
002876.SZ,20260821,,2.8932,,,,102.472,2.1509,,,,,,,,520264.0,,
301558.SZ,20260821,,2.1304,,,,106.027,3.747,,,,,,,,518275.0,,
603172.SH,20260821,,0.9813,,,,45.0184,2.0987,,,,,,,,233415.0,,
688813.SH,20260821,,14.3626,,,,103.313,10.1491,,,,,,,,1817760.0,,
300370.SZ,20260821,,0.9023,,,,,7.9368,,,,,,,,342817.0,,
920019.BJ,20260821,,0.8629,,,,86.2851,3.3143,,,,,,,,309933.0,,
000637.SZ,20260821,,2.1013,,,,,4.3886,,,,,,,,210030.0,,
603315.SH,20260821,,1.1391,,,,90.5275,2.1501,,,,,,,,373867.0,,
301315.SZ,20260821,,2.9654,,,,110.332,3.4559,,,,,,,,357192.0,,
301297.SZ,20260821,,1.7351,,,,56.0057,4.4751,,,,,,,,2427310.0,,
688809.SH,20260821,,4.8138,,,,117.535,13.859,,,,,,,,5793240.0,,
001300.SZ,20260821,,1.078,,,,,2.8568,,,,,,,,274979.0,,
603826.SH,20260821,,0.5279,,,,,7.531,,,,,,,,1408810.0,,
002415.SZ,20260821,,0.5121,,,,19.1844,3.7378,,,,,,,,31527200.0,,
688616.SH,20260821,,1.0405,,,,19.2019,2.1426,,,,,,,,195164.0,,
003019.SZ,20260821,,1.8524,,,,24.7338,2.472,,,,,,,,425924.0,,
600981.SH,20260821,,0.5689,,,,,1.0805,,,,,,,,538184.0,,
300515.SZ,20260821,,5.044,,,,16.0965,3.5984,,,,,,,,337849.0,,
603896.SH,20260821,,1.1179,,,,,1.339,,,,,,,,297168.0,,
000776.SZ,20260821,,0.5785,,,,10.2786,1.1678,,,,,,,,16087900.0,,
002192.SZ,20260821,,10.7563,,,,15.7526,4.1403,,,,,,,,1882760.0,,
002958.SZ,20260821,,1.2105,,,,5.061,0.4271,,,,,,,,1616690.0,,
688667.SH,20260821,,1.1068,,,,32.0218,2.6295,,,,,,,,479002.0,,
002272.SZ,20260821,,12.6354,,,,,5.1807,,,,,,,,755924.0,,
603194.SH,20260821,,0.3732,,,,15.7108,2.4173,,,,,,,,1334130.0,,
600771.SH,20260821,,2.0446,,,,99.3812,3.8712,,,,,,,,657876.0,,
600685.SH,20260821,,0.7315,,,,29.65,1.9837,,,,,,,,3617160.0,,
605018.SH,20260821,,3.3187,,,,58.1962,2.1352,,,,,,,,604505.0,,
600030.SH,20260821,,0.6358,,,,10.6852,1.4341,,,,,,,,42373000.0,,
920576.BJ,20260821,,1.6195,,,,516.783,9.9093,,,,,,,,434384.0,,
002638.SZ,20260821,,5.9003,,,,,3.1387,,,,,,,,593313.0,,
002706.SZ,20260821,,3.6971,,,,65.0043,2.6621,,,,,,,,1123120.0,,
300415.SZ,20260821,,0.6541,,,,13.0424,2.734,,,,,,,,927753.0,,
300531.SZ,20260821,,1.8404,,,,49.0362,3.5938,,,,,,,,516937.0,,
000019.SZ,20260821,,7.7796,,,,33.8047,1.4505,,,,,,,,733012.0,,
600827.SH,20260821,,0.7731,,,,10.8202,0.6468,,,,,,,,1330990.0,,
603825.SH,20260821,,0.8759,,,,,66.3708,,,,,,,,206723.0,,
603317.SH,20260821,,1.957,,,,19.1579,3.001,,,,,,,,1427430.0,,
300859.SZ,20260821,,1.2004,,,,61.045,5.5386,,,,,,,,409820.0,,
002422.SZ,20260821,,2.2484,,,,45.4236,2.8971,,,,,,,,7137840.0,,
600008.SH,20260821,,0.6401,,,,11.4437,0.9744,,,,,,,,2062710.0,,
688680.SH,20260821,,0.7708,,,,,2.151,,,,,,,,333498.0,,
000915.SZ,20260821,,6.0101,,,,13.1907,2.1232,,,,,,,,555366.0,,
688733.SH,20260821,,2.3372,,,,,2.9022,,,,,,,,607317.0,,
601117.SH,20260821,,0.7433,,,,7.0008,0.6669,,,,,,,,4591380.0,,
688026.SH,20260821,,2.8645,,,,83.9105,2.1341,,,,,,,,231180.0,,
600066.SH,20260821,,0.568,,,,11.9002,5.0314,,,,,,,,6528910.0,,
600343.SH,20260821,,3.0922,,,,,9.175,,,,,,,,1168560.0,,
920123.BJ,20260821,,1.1322,,,,29.0061,2.719,,,,,,,,116113.0,,
002127.SZ,20260821,,1.4949,,,,,1.8317,,,,,,,,689819.0,,
300866.SZ,20260821,,0.8678,,,,27.642,6.2405,,,,,,,,6968440.0,,
002728.SZ,20260821,,4.708,,,,61.0985,2.5671,,,,,,,,456846.0,,
002919.SZ,20260821,,1.0611,,,,185.9,5.6388,,,,,,,,460415.0,,
000813.SZ,20260821,,3.5229,,,,,1.4903,,,,,,,,685754.0,,
002247.SZ,20260821,,4.5063,,,,50.3885,2.9355,,,,,,,,201656.0,,
603155.SH,20260821,,1.2355,,,,66.189,2.8045,,,,,,,,629600.0,,
603982.SH,20260821,,1.0638,,,,,1.0499,,,,,,,,222729.0,,
603077.SH,20260821,,1.3579,,,,,1.1071,,,,,,,,2093110.0,,
601099.SH,20260821,,0.8903,,,,136.345,2.2917,,,,,,,,2276650.0,,
300439.SZ,20260821,,1.5786,,,,53.8545,1.2,,,,,,,,358510.0,,
600877.SH,20260821,,0.7139,,,,485.362,5.7892,,,,,,,,1449290.0,,
688229.SH,20260821,,1.0022,,,,,8.0749,,,,,,,,295216.0,,
688526.SH,20260821,,0.5403,,,,15.6563,1.4148,,,,,,,,610162.0,,
301141.SZ,20260821,,3.6942,,,,196.958,3.9792,,,,,,,,510518.0,,
002910.SZ,20260821,,3.2402,,,,,1.8786,,,,,,,,186154.0,,
003004.SZ,20260821,,1.6994,,,,,9.2129,,,,,,,,581479.0,,
601607.SH,20260821,,0.6986,,,,10.335,0.7767,,,,,,,,6003840.0,,
002908.SZ,20260821,,1.1631,,,,,2.7283,,,,,,,,299414.0,,
002140.SZ,20260821,,0.5997,,,,11.6059,1.3191,,,,,,,,643585.0,,
002901.SZ,20260821,,0.6511,,,,28.462,4.9146,,,,,,,,1830380.0,,
300153.SZ,20260821,,3.3214,,,,83.4017,7.2698,,,,,,,,688320.0,,
001395.SZ,20260821,,5.7664,,,,13.381,2.5944,,,,,,,,329235.0,,
300083.SZ,20260821,,4.2922,,,,192.286,4.2417,,,,,,,,2252560.0,,
688566.SH,20260821,,1.531,,,,20.8011,2.1298,,,,,,,,528495.0,,
600702.SH,20260821,,1.2327,,,,,1.6647,,,,,,,,1159660.0,,
688398.SH,20260821,,0.7977,,,,242.169,3.4858,,,,,,,,358619.0,,
603551.SH,20260821,,1.0455,,,,12.3982,2.458,,,,,,,,356602.0,,
600998.SH,20260821,,0.94,,,,12.2678,0.9,,,,,,,,2475850.0,,
000869.SZ,20260821,,1.1247,,,,401.215,1.0233,,,,,,,,1051580.0,,
920088.BJ,20260821,,20.4674,,,,87.5393,5.8063,,,,,,,,406890.0,,
002872.SZ,20260821,,0.9277,,,,,0.8682,,,,,,,,168540.0,,
300613.SZ,20260821,,3.4267,,,,76.2626,5.6331,,,,,,,,1642610.0,,
601108.SH,20260821,,1.1125,,,,13.2582,1.029,,,,,,,,3923980.0,,
301229.SZ,20260821,,1.9885,,,,115.105,1.7745,,,,,,,,220136.0,,
300426.SZ,20260821,,3.7931,,,,,18.0888,,,,,,,,278337.0,,
688053.SH,20260821,,0.5563,,,,,2.2011,,,,,,,,348600.0,,
003033.SZ,20260821,,2.6313,,,,36.5771,3.9461,,,,,,,,564075.0,,
002370.SZ,20260821,,4.5007,,,,41.5714,3.776,,,,,,,,422048.0,,
300514.SZ,20260821,,1.2423,,,,67.8396,1.9256,,,,,,,,196200.0,,
002270.SZ,20260821,,0.9125,,,,24.609,5.53,,,,,,,,1726130.0,,
603228.SH,20260821,,4.4699,,,,83.3779,7.1371,,,,,,,,9495340.0,,
002471.SZ,20260821,,3.1585,,,,,4.0108,,,,,,,,724074.0,,
688583.SH,20260821,,5.4991,,,,142.328,9.11,,,,,,,,1084510.0,,
600218.SH,20260821,,0.9226,,,,50.0466,1.0067,,,,,,,,329314.0,,
003040.SZ,20260821,,6.8192,,,,,4.0969,,,,,,,,589793.0,,
302132.SZ,20260821,,0.7643,,,,43.7884,7.0899,,,,,,,,15188200.0,,
301096.SZ,20260821,,2.9745,,,,,2.173,,,,,,,,543629.0,,
600498.SH,20260821,,8.3825,,,,131.917,3.1457,,,,,,,,5527740.0,,
300551.SZ,20260821,,2.5928,,,,,11.0202,,,,,,,,337682.0,,
300494.SZ,20260821,,1.134,,,,2597.29,2.7733,,,,,,,,401728.0,,
002836.SZ,20260821,,1.1125,,,,53.2857,5.7425,,,,,,,,228096.0,,
300144.SZ,20260821,,0.8013,,,,19.963,1.9906,,,,,,,,1557500.0,,
688396.SH,20260821,,2.1115,,,,90.9941,3.5667,,,,,,,,8256160.0,,
002975.SZ,20260821,,8.6504,,,,89.865,8.8924,,,,,,,,2092750.0,,
920174.BJ,20260821,,1.7084,,,,26.7343,2.2952,,,,,,,,612322.0,,
300052.SZ,20260821,,3.6367,,,,,8.027,,,,,,,,276523.0,,
601991.SH,20260821,,1.7193,,,,13.6016,2.9701,,,,,,,,10937500.0,,
920128.BJ,20260821,,2.0122,,,,130.008,2.7773,,,,,,,,142570.0,,
688569.SH,20260821,,1.1824,,,,20.1448,1.3037,,,,,,,,388680.0,,
300899.SZ,20260821,,1.0582,,,,,2.9736,,,,,,,,185929.0,,
603179.SH,20260821,,2.5262,,,,33.4576,3.5513,,,,,,,,2700240.0,,
000837.SZ,20260821,,1.6844,,,,207.0,2.0876,,,,,,,,1028260.0,,
920027.BJ,20260821,,2.2928,,,,24.3939,2.6469,,,,,,,,122734.0,,
002008.SZ,20260821,,3.1804,,,,47.0425,4.3609,,,,,,,,9359100.0,,
300735.SZ,20260821,,1.5518,,,,60.3605,3.2867,,,,,,,,1631990.0,,
300603.SZ,20260821,,3.4219,,,,,2.8485,,,,,,,,359289.0,,
301513.SZ,20260821,,3.6247,,,,35.4737,6.3749,,,,,,,,485600.0,,
002342.SZ,20260821,,3.4735,,,,607.389,2.9577,,,,,,,,721920.0,,
300355.SZ,20260821,,1.0113,,,,188.627,1.1064,,,,,,,,466834.0,,
300053.SZ,20260821,,1.9442,,,,,5.8639,,,,,,,,829280.0,,
920599.BJ,20260821,,0.5023,,,,9.3515,2.0613,,,,,,,,786292.0,,
300796.SZ,20260821,,0.9897,,,,2301.51,1.41,,,,,,,,241966.0,,
301196.SZ,20260821,,6.7942,,,,57.1845,4.2919,,,,,,,,1434730.0,,
001358.SZ,20260821,,4.6515,,,,60.0049,2.1562,,,,,,,,314037.0,,
600460.SH,20260821,,4.6332,,,,130.167,4.8966,,,,,,,,5972350.0,,
688778.SH,20260821,,1.1137,,,,25.417,2.4347,,,,,,,,2315520.0,,
920030.BJ,20260821,,0.8341,,,,,1.7919,,,,,,,,78152.9,,
300653.SZ,20260821,,2.2361,,,,38.4588,2.9999,,,,,,,,271260.0,,
600062.SH,20260821,,1.2123,,,,10.0142,1.3428,,,,,,,,1627440.0,,
300046.SZ,20260821,,5.4312,,,,141.072,5.3444,,,,,,,,605993.0,,
603989.SH,20260821,,5.0864,,,,43.269,2.8949,,,,,,,,1144100.0,,
001202.SZ,20260821,,1.303,,,,31.0252,2.6542,,,,,,,,227867.0,,
688668.SH,20260821,,3.1789,,,,113.521,16.7058,,,,,,,,3506560.0,,
300191.SZ,20260821,,7.1642,,,,56.6498,8.7007,,,,,,,,1070080.0,,
688580.SH,20260821,,1.6044,,,,27.7601,2.6318,,,,,,,,462001.0,,
600177.SH,20260821,,0.4527,,,,14.2182,0.8596,,,,,,,,3647900.0,,
688092.SH,20260821,,0.6369,,,,40.3586,2.8068,,,,,,,,186820.0,,
301116.SZ,20260821,,2.3953,,,,,2.6743,,,,,,,,418898.0,,
002769.SZ,20260821,,1.486,,,,166.785,2.2027,,,,,,,,260949.0,,
600196.SH,20260821,,2.8874,,,,18.0966,1.2802,,,,,,,,6291530.0,,
300137.SZ,20260821,,2.2799,,,,2280.76,3.8458,,,,,,,,630484.0,,
000552.SZ,20260821,,1.7443,,,,,0.8482,,,,,,,,1386120.0,,
002074.SZ,20260821,,1.1251,,,,21.1585,1.6848,,,,,,,,4874350.0,,
002043.SZ,20260821,,2.4025,,,,16.0049,3.3165,,,,,,,,1091130.0,,
002037.SZ,20260821,,0.9452,,,,,3.1847,,,,,,,,327105.0,,
603598.SH,20260821,,2.881,,,,229.446,20.505,,,,,,,,458215.0,,
603610.SH,20260821,,1.2755,,,,57.1955,1.731,,,,,,,,538665.0,,
300290.SZ,20260821,,4.2537,,,,,5.3481,,,,,,,,398553.0,,
600038.SH,20260821,,0.5628,,,,44.5966,1.2347,,,,,,,,2175180.0,,
600716.SH,20260821,,0.5309,,,,,0.7428,,,,,,,,330429.0,,
601600.SH,20260821,,1.3416,,,,11.0187,2.0038,,,,,,,,16160000.0,,
300097.SZ,20260821,,15.1351,,,,,15.8553,,,,,,,,313958.0,,
000631.SZ,20260821,,0.3626,,,,145.51,1.2231,,,,,,,,673900.0,,
600918.SH,20260821,,0.7667,,,,28.5997,0.9816,,,,,,,,4386760.0,,
300623.SZ,20260821,,4.7331,,,,46.7164,3.9698,,,,,,,,2464620.0,,
600667.SH,20260821,,9.3132,,,,97.6337,5.1291,,,,,,,,4484270.0,,
300967.SZ,20260821,,8.0074,,,,,4.5592,,,,,,,,308561.0,,
600368.SH,20260821,,2.6525,,,,11.5999,0.8729,,,,,,,,647081.0,,
603285.SH,20260821,,18.113,,,,43.5457,3.3122,,,,,,,,570400.0,,
300264.SZ,20260821,,2.2872,,,,,317.763,,,,,,,,277041.0,,
002939.SZ,20260821,,0.3378,,,,13.5157,0.9807,,,,,,,,3199300.0,,
920663.BJ,20260821,,0.8598,,,,18.0113,4.2653,,,,,,,,172817.0,,
603936.SH,20260821,,9.3918,,,,,2.6414,,,,,,,,1135810.0,,
600637.SH,20260821,,0.5785,,,,48.0545,0.896,,,,,,,,2682800.0,,
603499.SH,20260821,,0.9821,,,,41.5411,5.2524,,,,,,,,500733.0,,
603331.SH,20260821,,1.5824,,,,,2.4238,,,,,,,,252517.0,,
003001.SZ,20260821,,5.6703,,,,270.424,2.2772,,,,,,,,272299.0,,
000966.SZ,20260821,,0.7999,,,,1155.88,1.0204,,,,,,,,1381970.0,,
000970.SZ,20260821,,1.6027,,,,159.99,2.3068,,,,,,,,1507500.0,,
688549.SH,20260821,,15.9428,,,,,13.317,,,,,,,,4018190.0,,
300726.SZ,20260821,,3.6537,,,,49.4465,4.1815,,,,,,,,2176160.0,,
300837.SZ,20260821,,2.0891,,,,32.0969,1.6378,,,,,,,,231216.0,,
605566.SH,20260821,,1.2546,,,,61.2299,1.6926,,,,,,,,344017.0,,
000863.SZ,20260821,,1.7693,,,,,1.142,,,,,,,,497075.0,,
920258.BJ,20260821,,10.3455,,,,38.0976,5.7238,,,,,,,,464000.0,,
688279.SH,20260821,,2.9977,,,,79.6774,3.9338,,,,,,,,2046040.0,,
600889.SH,20260821,,0.4933,,,,3979.87,4.9283,,,,,,,,778404.0,,
688290.SH,20260821,,0.8722,,,,,5.3793,,,,,,,,680583.0,,
002167.SZ,20260821,,5.8077,,,,239.352,7.288,,,,,,,,1296800.0,,
000501.SZ,20260821,,0.7405,,,,33.4818,0.4892,,,,,,,,539833.0,,
002559.SZ,20260821,,2.6425,,,,59.5953,3.4191,,,,,,,,607203.0,,
600444.SH,20260821,,3.1573,,,,35.1378,2.7171,,,,,,,,207480.0,,
688238.SH,20260821,,11.0341,,,,,3.4853,,,,,,,,472499.0,,
000422.SZ,20260821,,1.7122,,,,18.2746,2.1743,,,,,,,,1332290.0,,
000571.SZ,20260821,,1.9533,,,,,333.35,,,,,,,,502638.0,,
605016.SH,20260821,,1.0045,,,,20.562,4.0265,,,,,,,,838345.0,,
600733.SH,20260821,,1.3188,,,,,5.3498,,,,,,,,3221780.0,,
601158.SH,20260821,,0.1178,,,,23.5778,1.1241,,,,,,,,1968010.0,,
002066.SZ,20260821,,0.9452,,,,,8.1778,,,,,,,,508809.0,,
301093.SZ,20260821,,4.3781,,,,412.079,7.9292,,,,,,,,1747460.0,,
300425.SZ,20260821,,1.3006,,,,184.332,1.1625,,,,,,,,274937.0,,
920242.BJ,20260821,,0.5401,,,,15.2306,1.8723,,,,,,,,128884.0,,
600366.SH,20260821,,2.4212,,,,26.0452,2.0166,,,,,,,,1294670.0,,
688196.SH,20260821,,1.8728,,,,35.5677,1.3654,,,,,,,,438808.0,,
002739.SZ,20260821,,2.218,,,,,2.3317,,,,,,,,1776010.0,,
688627.SH,20260821,,5.0878,,,,544.903,25.5295,,,,,,,,4563240.0,,
603139.SH,20260821,,1.5831,,,,,6.8031,,,,,,,,371314.0,,
301181.SZ,20260821,,1.0164,,,,30.2539,2.3036,,,,,,,,342464.0,,
920806.BJ,20260821,,0.4473,,,,41.1375,1.9434,,,,,,,,303744.0,,
920175.BJ,20260821,,0.5864,,,,,1.417,,,,,,,,91749.0,,
688321.SH,20260821,,5.1226,,,,133.483,5.1026,,,,,,,,1238020.0,,
300599.SZ,20260821,,2.7597,,,,,2.2,,,,,,,,430116.0,,
001277.SZ,20260821,,30.2347,,,,29.9452,1.7136,,,,,,,,269268.0,,
000926.SZ,20260821,,4.8102,,,,,0.6878,,,,,,,,360010.0,,
920438.BJ,20260821,,2.2186,,,,546.091,17.9413,,,,,,,,1765020.0,,
002387.SZ,20260821,,2.6283,,,,,3.9697,,,,,,,,1035030.0,,
000030.SZ,20260821,,0.4285,,,,11.0334,0.8584,,,,,,,,732639.0,,
300615.SZ,20260821,,33.5964,,,,,6.6139,,,,,,,,311678.0,,
000429.SZ,20260821,,0.3684,,,,17.0856,2.366,,,,,,,,2726410.0,,
603459.SH,20260821,,9.7746,,,,118.412,26.9433,,,,,,,,6576500.0,,
002936.SZ,20260821,,1.3086,,,,8.1616,0.3444,,,,,,,,1591120.0,,
688358.SH,20260821,,1.0356,,,,26.8927,2.2905,,,,,,,,325164.0,,
920116.BJ,20260821,,0.7634,,,,99.6519,16.8333,,,,,,,,1011950.0,,
002363.SZ,20260821,,0.7521,,,,40.7788,1.228,,,,,,,,267969.0,,
300182.SZ,20260821,,2.346,,,,74.7591,1.5117,,,,,,,,1286630.0,,
002458.SZ,20260821,,3.9794,,,,27.2534,2.743,,,,,,,,1272330.0,,
002277.SZ,20260821,,1.3929,,,,,1.2757,,,,,,,,815591.0,,
300293.SZ,20260821,,0.8413,,,,,7.1123,,,,,,,,528979.0,,
688072.SH,20260821,,1.7854,,,,90.0032,15.3961,,,,,,,,19577200.0,,
600223.SH,20260821,,0.89,,,,32.9756,1.3063,,,,,,,,557080.0,,
002243.SZ,20260821,,1.3153,,,,47.6539,1.2042,,,,,,,,888584.0,,
603233.SH,20260821,,0.5135,,,,15.6346,2.6183,,,,,,,,2011220.0,,
603558.SH,20260821,,1.0781,,,,9.2731,1.8134,,,,,,,,406026.0,,
600216.SH,20260821,,6.5169,,,,16.9338,1.1318,,,,,,,,1272250.0,,
920022.BJ,20260821,,1.0349,,,,16.9484,2.5282,,,,,,,,112559.0,,
002593.SZ,20260821,,1.6247,,,,27.8765,1.4435,,,,,,,,356913.0,,
002051.SZ,20260821,,1.168,,,,38.3327,0.8933,,,,,,,,1025340.0,,
001286.SZ,20260821,,5.5918,,,,11.794,1.3435,,,,,,,,3566250.0,,
603212.SH,20260821,,1.1163,,,,,2.1063,,,,,,,,503552.0,,
605198.SH,20260821,,1.5368,,,,62.0963,6.9007,,,,,,,,1968370.0,,
600540.SH,20260821,,5.1976,,,,,5.9677,,,,,,,,229644.0,,
600737.SH,20260821,,4.8144,,,,31.4491,2.6773,,,,,,,,3114160.0,,
002285.SZ,20260821,,2.3636,,,,,1.9565,,,,,,,,428458.0,,
002937.SZ,20260821,,2.375,,,,66.7487,6.3007,,,,,,,,938549.0,,
688466.SH,20260821,,1.2356,,,,83.9318,1.5056,,,,,,,,169916.0,,
600790.SH,20260821,,0.7733,,,,16.0846,0.8206,,,,,,,,488108.0,,
300413.SZ,20260821,,0.9451,,,,26.8368,1.193,,,,,,,,2811690.0,,
301041.SZ,20260821,,3.6503,,,,121.865,4.0149,,,,,,,,273101.0,,
002709.SZ,20260821,,4.7069,,,,19.5663,3.8151,,,,,,,,7738380.0,,
600063.SH,20260821,,1.7791,,,,24.4224,1.3995,,,,,,,,1200080.0,,
605599.SH,20260821,,1.6238,,,,10.8217,2.5922,,,,,,,,1311330.0,,
600331.SH,20260821,,2.2109,,,,,10.9657,,,,,,,,3415590.0,,
300702.SZ,20260821,,2.0071,,,,80.0864,2.0819,,,,,,,,766594.0,,
002748.SZ,20260821,,1.716,,,,39.2091,1.9735,,,,,,,,282000.0,,
603350.SH,20260821,,0.8058,,,,29.6179,2.4002,,,,,,,,327698.0,,
688221.SH,20260821,,6.7653,,,,2163.79,6.7597,,,,,,,,749157.0,,
300783.SZ,20260821,,1.7243,,,,35.5808,2.0988,,,,,,,,674833.0,,
001267.SZ,20260821,,3.992,,,,378.765,18.1021,,,,,,,,2941410.0,,
603327.SH,20260821,,5.2349,,,,66.8074,3.8959,,,,,,,,975414.0,,
000159.SZ,20260821,,1.6033,,,,75.971,1.3525,,,,,,,,278798.0,,
601689.SH,20260821,,0.6758,,,,29.4855,3.3162,,,,,,,,8153920.0,,
300165.SZ,20260821,,2.8082,,,,,2.3986,,,,,,,,253206.0,,
002983.SZ,20260821,,1.1737,,,,39.6227,3.2152,,,,,,,,434711.0,,
688353.SH,20260821,,4.4338,,,,48.5647,3.9844,,,,,,,,1454640.0,,
002829.SZ,20260821,,4.3374,,,,227.207,2.4116,,,,,,,,407306.0,,
001223.SZ,20260821,,2.4583,,,,170.98,2.7582,,,,,,,,531658.0,,
920344.BJ,20260821,,11.8892,,,,176.874,5.2063,,,,,,,,326451.0,,
300076.SZ,20260821,,0.7972,,,,,2.278,,,,,,,,191224.0,,
688251.SH,20260821,,0.8981,,,,145.175,2.5565,,,,,,,,215591.0,,
300970.SZ,20260821,,24.5203,,,,14.4894,1.8676,,,,,,,,304363.0,,
600100.SH,20260821,,0.4139,,,,67.5119,1.4113,,,,,,,,2238000.0,,
301057.SZ,20260821,,2.1776,,,,64.4534,3.2103,,,,,,,,252069.0,,
300141.SZ,20260821,,1.7036,,,,,4.0957,,,,,,,,253719.0,,
688129.SH,20260821,,0.5887,,,,24.7149,2.4437,,,,,,,,252524.0,,
605128.SH,20260821,,0.8836,,,,36.0933,3.3462,,,,,,,,730647.0,,
002656.SZ,20260821,,1.1249,,,,,5.0429,,,,,,,,208056.0,,
300951.SZ,20260821,,3.5639,,,,167.125,5.2108,,,,,,,,1202240.0,,
300684.SZ,20260821,,11.9996,,,,73.7325,11.2914,,,,,,,,2518870.0,,
300731.SZ,20260821,,4.3294,,,,307.135,11.1933,,,,,,,,692119.0,,
300314.SZ,20260821,,11.7489,,,,62.7559,3.0644,,,,,,,,377568.0,,
603049.SH,20260821,,0.4115,,,,10.0987,1.7122,,,,,,,,4307720.0,,
300846.SZ,20260821,,7.2396,,,,,12.7947,,,,,,,,978800.0,,
002637.SZ,20260821,,6.3621,,,,27.004,1.437,,,,,,,,542372.0,,
920199.BJ,20260821,,2.6801,,,,280.549,3.2747,,,,,,,,172453.0,,
300674.SZ,20260821,,3.459,,,,26.564,2.4073,,,,,,,,1113820.0,,
000061.SZ,20260821,,1.4612,,,,26.0931,1.3067,,,,,,,,1129440.0,,
001311.SZ,20260821,,1.6817,,,,29.2287,1.4982,,,,,,,,717711.0,,
920689.BJ,20260821,,1.1457,,,,25.3407,2.8396,,,,,,,,143497.0,,
603886.SH,20260821,,4.7347,,,,30.7453,1.9572,,,,,,,,290160.0,,
605166.SH,20260821,,1.2879,,,,27.0297,1.3159,,,,,,,,262803.0,,
301209.SZ,20260821,,1.571,,,,230.882,12.1253,,,,,,,,937037.0,,
601336.SH,20260821,,0.8973,,,,4.9697,1.4843,,,,,,,,18339800.0,,
300183.SZ,20260821,,0.6497,,,,,1.5613,,,,,,,,482964.0,,
002623.SZ,20260821,,1.3003,,,,,1.0849,,,,,,,,296930.0,,
300458.SZ,20260821,,3.4449,,,,83.6694,9.416,,,,,,,,3125980.0,,
600515.SH,20260821,,0.6675,,,,139.205,1.3239,,,,,,,,3210510.0,,
603236.SH,20260821,,4.3795,,,,24.2866,3.1938,,,,,,,,2351520.0,,
300999.SZ,20260821,,2.0541,,,,36.7298,1.391,,,,,,,,13559400.0,,
688266.SH,20260821,,3.3015,,,,61.9613,19.8029,,,,,,,,3407060.0,,
002351.SZ,20260821,,1.5897,,,,19.8507,2.9277,,,,,,,,877549.0,,
300723.SZ,20260821,,3.7958,,,,83.0016,8.5756,,,,,,,,1659970.0,,
002819.SZ,20260821,,1.923,,,,,1.598,,,,,,,,626485.0,,
920068.BJ,20260821,,0.8526,,,,109.601,7.4584,,,,,,,,1001100.0,,
600198.SH,20260821,,1.5659,,,,,47.4855,,,,,,,,973792.0,,
300164.SZ,20260821,,23.3911,,,,262.212,4.3682,,,,,,,,601405.0,,
603082.SH,20260821,,10.0834,,,,45.687,4.083,,,,,,,,681284.0,,
002878.SZ,20260821,,1.7472,,,,,2.6058,,,,,,,,325656.0,,
301075.SZ,20260821,,1.1243,,,,,6.9624,,,,,,,,429600.0,,
688584.SH,20260821,,3.2904,,,,164.124,4.6814,,,,,,,,1948030.0,,
000759.SZ,20260821,,9.4292,,,,,5.3023,,,,,,,,383777.0,,
000811.SZ,20260821,,4.0441,,,,66.7691,6.2564,,,,,,,,4070150.0,,
301538.SZ,20260821,,4.9405,,,,22.6986,2.8355,,,,,,,,417088.0,,
301198.SZ,20260821,,1.7892,,,,,2.321,,,,,,,,210067.0,,
301293.SZ,20260821,,2.9707,,,,175.772,4.5409,,,,,,,,1070510.0,,
301076.SZ,20260821,,1.551,,,,70.3493,3.8653,,,,,,,,465466.0,,
688083.SH,20260821,,1.3436,,,,163.065,3.4966,,,,,,,,911509.0,,
001268.SZ,20260821,,2.33,,,,96.0596,3.0161,,,,,,,,307132.0,,
002555.SZ,20260821,,1.2265,,,,12.7546,2.837,,,,,,,,4112550.0,,
002261.SZ,20260821,,2.4862,,,,593.237,12.2999,,,,,,,,3212920.0,,
688523.SH,20260821,,1.1027,,,,1013.85,10.1595,,,,,,,,1710120.0,,
600639.SH,20260821,,0.7001,,,,10.0527,0.696,,,,,,,,1048330.0,,
300296.SZ,20260821,,1.6546,,,,67.4746,1.7681,,,,,,,,1380400.0,,
601877.SH,20260821,,2.4344,,,,10.9426,1.206,,,,,,,,5548640.0,,
920171.BJ,20260821,,1.9244,,,,157.12,7.3917,,,,,,,,161576.0,,
002583.SZ,20260821,,1.0249,,,,,7.2519,,,,,,,,1476720.0,,
002327.SZ,20260821,,0.6503,,,,15.8343,1.4489,,,,,,,,546184.0,,
688468.SH,20260821,,0.8438,,,,65.8213,1.7769,,,,,,,,252297.0,,
920193.BJ,20260821,,10.6442,,,,39.6767,4.6678,,,,,,,,362159.0,,
688303.SH,20260821,,0.4542,,,,,1.0281,,,,,,,,3842660.0,,
688536.SH,20260821,,3.7419,,,,103.567,6.4923,,,,,,,,4298700.0,,
300219.SZ,20260821,,1.6078,,,,48.3652,1.8812,,,,,,,,490605.0,,
920047.BJ,20260821,,2.9144,,,,,17.5959,,,,,,,,467359.0,,
600489.SH,20260821,,2.5105,,,,20.9939,4.0171,,,,,,,,13175000.0,,
301519.SZ,20260821,,3.4557,,,,,1.4155,,,,,,,,194780.0,,
300721.SZ,20260821,,5.1815,,,,,3.3604,,,,,,,,374862.0,,
920367.BJ,20260821,,17.5949,,,,157.579,4.0284,,,,,,,,195081.0,,
601577.SH,20260821,,0.424,,,,4.6502,0.5189,,,,,,,,3828520.0,,
688183.SH,20260821,,1.396,,,,43.8836,13.8368,,,,,,,,9010810.0,,
300017.SZ,20260821,,6.1834,,,,50.0476,3.7332,,,,,,,,3878290.0,,
300278.SZ,20260821,,0.7182,,,,,3.1744,,,,,,,,530207.0,,
603949.SH,20260821,,1.0187,,,,30.9284,2.6774,,,,,,,,295874.0,,
600345.SH,20260821,,3.4442,,,,62.5337,4.1198,,,,,,,,1568950.0,,
600295.SH,20260821,,0.4197,,,,14.3043,1.6286,,,,,,,,3660800.0,,
301395.SZ,20260821,,2.1517,,,,,2.0648,,,,,,,,297735.0,,
920161.BJ,20260821,,10.328,,,,42.1269,5.0502,,,,,,,,360384.0,,
603351.SH,20260821,,1.1583,,,,23.8242,1.9744,,,,,,,,362164.0,,
920931.BJ,20260821,,8.7006,,,,475.896,2.6165,,,,,,,,102384.0,,
603685.SH,20260821,,0.6004,,,,170.232,3.1462,,,,,,,,627823.0,,
920405.BJ,20260821,,0.5034,,,,49.8936,3.013,,,,,,,,251515.0,,
000910.SZ,20260821,,0.664,,,,,0.4442,,,,,,,,291215.0,,
300485.SZ,20260821,,5.8051,,,,,1.4142,,,,,,,,477331.0,,
301039.SZ,20260821,,0.8383,,,,16.9593,1.0177,,,,,,,,1495550.0,,
002767.SZ,20260821,,1.2609,,,,97.2792,3.1353,,,,,,,,273000.0,,
600880.SH,20260821,,0.9196,,,,,1.3949,,,,,,,,418746.0,,
603193.SH,20260821,,7.6019,,,,24.0871,3.6227,,,,,,,,848028.0,,
600808.SH,20260821,,0.6444,,,,,0.8031,,,,,,,,1932870.0,,
002718.SZ,20260821,,0.6862,,,,8527.96,12.2127,,,,,,,,1121790.0,,
688678.SH,20260821,,3.1291,,,,90.2598,3.3451,,,,,,,,782027.0,,
300792.SZ,20260821,,1.6415,,,,48.9825,1.8628,,,,,,,,553278.0,,
688601.SH,20260821,,2.661,,,,252.096,5.1975,,,,,,,,648276.0,,
301338.SZ,20260821,,5.8441,,,,69.2052,8.9042,,,,,,,,1512090.0,,
000506.SZ,20260821,,13.6162,,,,56.5921,21.3935,,,,,,,,1929570.0,,
920062.BJ,20260821,,1.0133,,,,138.182,1.8155,,,,,,,,136435.0,,
688132.SH,20260821,,0.5838,,,,,1.7267,,,,,,,,203982.0,,
688598.SH,20260821,,16.4827,,,,,2.1432,,,,,,,,827179.0,,
000960.SZ,20260821,,2.4318,,,,25.3518,2.8436,,,,,,,,6104550.0,,
002868.SZ,20260821,,1.1484,,,,,48.3875,,,,,,,,343314.0,,
920092.BJ,20260821,,4.4289,,,,,4.8963,,,,,,,,171837.0,,
300640.SZ,20260821,,3.5349,,,,206.53,2.6144,,,,,,,,212408.0,,
600807.SH,20260821,,1.7297,,,,,7.8393,,,,,,,,231774.0,,
603402.SH,20260821,,5.8642,,,,20.4165,2.1689,,,,,,,,621698.0,,
920023.BJ,20260821,,1.4681,,,,,0.5125,,,,,,,,61860.5,,
688393.SH,20260821,,2.2304,,,,,1.6045,,,,,,,,189568.0,,
301362.SZ,20260821,,5.5368,,,,120.08,6.887,,,,,,,,1756740.0,,
603138.SH,20260821,,1.111,,,,,4.6895,,,,,,,,379345.0,,
688032.SH,20260821,,0.5823,,,,,1.6514,,,,,,,,936755.0,,
600199.SH,20260821,,1.9184,,,,,2.3605,,,,,,,,459142.0,,
688286.SH,20260821,,11.9544,,,,,3.7038,,,,,,,,383736.0,,
000409.SZ,20260821,,0.4101,,,,81.0929,3.492,,,,,,,,573303.0,,
300479.SZ,20260821,,2.8493,,,,64.9687,5.4326,,,,,,,,289059.0,,
002627.SZ,20260821,,1.3471,,,,74.7406,1.4855,,,,,,,,459397.0,,
601228.SH,20260821,,0.2894,,,,28.7993,1.0545,,,,,,,,2270900.0,,
600309.SH,20260821,,0.7365,,,,17.5944,2.0789,,,,,,,,23159200.0,,
000931.SZ,20260821,,8.3523,,,,241.482,2.3675,,,,,,,,383342.0,,
002005.SZ,20260821,,0.64,,,,100.063,12.8055,,,,,,,,425839.0,,
603690.SH,20260821,,4.4253,,,,,2.801,,,,,,,,973112.0,,
300266.SZ,20260821,,0.9929,,,,,94.6173,,,,,,,,289008.0,,
002532.SZ,20260821,,2.0062,,,,8.4858,1.8265,,,,,,,,5864610.0,,
300638.SZ,20260821,,1.4483,,,,71.0633,2.7178,,,,,,,,1697810.0,,
003005.SZ,20260821,,1.6199,,,,,1.7204,,,,,,,,309829.0,,
002444.SZ,20260821,,0.8401,,,,13.699,1.837,,,,,,,,3512960.0,,
920046.BJ,20260821,,3.8494,,,,132.248,7.8582,,,,,,,,203008.0,,
600604.SH,20260821,,1.1492,,,,,1.3988,,,,,,,,841114.0,,
000659.SZ,20260821,,2.0396,,,,,51.0687,,,,,,,,348425.0,,
002823.SZ,20260821,,1.5181,,,,17.6725,1.9854,,,,,,,,418543.0,,
688648.SH,20260821,,3.784,,,,7.1084,2.0405,,,,,,,,439688.0,,
920703.BJ,20260821,,0.8517,,,,17.6833,1.3209,,,,,,,,150573.0,,
002816.SZ,20260821,,0.8901,,,,104.157,10.4601,,,,,,,,249200.0,,
920012.BJ,20260821,,7.7392,,,,38.3678,3.1329,,,,,,,,265328.0,,
000301.SZ,20260821,,0.4573,,,,73.7214,2.6,,,,,,,,9030940.0,,
301609.SZ,20260821,,1.5262,,,,38.8401,4.1607,,,,,,,,525777.0,,
603032.SH,20260821,,2.0486,,,,62.3612,3.6651,,,,,,,,428672.0,,
000908.SZ,20260821,,2.6783,,,,,5.6336,,,,,,,,1177140.0,,
600573.SH,20260821,,2.5864,,,,27.2994,1.7628,,,,,,,,243500.0,,
603087.SH,20260821,,2.8527,,,,39.9182,3.4569,,,,,,,,4088230.0,,
688206.SH,20260821,,3.6219,,,,1067.35,10.9603,,,,,,,,2182470.0,,
600048.SH,20260821,,1.2037,,,,,0.3202,,,,,,,,6212660.0,,
603226.SH,20260821,,0.455,,,,,18.6181,,,,,,,,1585490.0,,
002307.SZ,20260821,,0.896,,,,,1.1004,,,,,,,,474848.0,,
301349.SZ,20260821,,2.9252,,,,100.959,2.2882,,,,,,,,632551.0,,
600638.SH,20260821,,2.0596,,,,25.607,0.7027,,,,,,,,328618.0,,
688602.SH,20260821,,0.8446,,,,,1.2956,,,,,,,,351617.0,,
600988.SH,20260821,,6.0918,,,,26.1869,6.5741,,,,,,,,9393730.0,,
603115.SH,20260821,,2.6833,,,,85.88,8.8537,,,,,,,,1916790.0,,
688419.SH,20260821,,2.502,,,,77.8462,5.3157,,,,,,,,559356.0,,
601919.SH,20260821,,0.8935,,,,10.3675,1.1019,,,,,,,,25971100.0,,
600520.SH,20260821,,2.8995,,,,291.827,9.9319,,,,,,,,391005.0,,
003011.SZ,20260821,,2.31,,,,24.6218,1.5271,,,,,,,,212026.0,,
301528.SZ,20260821,,3.4867,,,,73.1785,3.1697,,,,,,,,503167.0,,
688661.SH,20260821,,2.9521,,,,,12.6286,,,,,,,,1534220.0,,
600821.SH,20260821,,1.931,,,,,1.294,,,,,,,,1166620.0,,
300106.SZ,20260821,,5.5814,,,,,5.5361,,,,,,,,208585.0,,
603305.SH,20260821,,0.9702,,,,32.8864,1.3872,,,,,,,,1297860.0,,
603713.SH,20260821,,1.0574,,,,17.583,2.3792,,,,,,,,1153420.0,,
600071.SH,20260821,,0.6537,,,,163.893,8.7505,,,,,,,,445731.0,,
002222.SZ,20260821,,4.6384,,,,103.378,16.6194,,,,,,,,3038290.0,,
000920.SZ,20260821,,2.4125,,,,23.7563,2.686,,,,,,,,543514.0,,
688712.SH,20260821,,4.014,,,,131.78,7.8495,,,,,,,,1385270.0,,
300633.SZ,20260821,,2.27,,,,49.4937,2.6935,,,,,,,,878989.0,,
605300.SH,20260821,,0.5694,,,,97.3548,1.5088,,,,,,,,435314.0,,
300396.SZ,20260821,,0.9747,,,,,1.2801,,,,,,,,197980.0,,
920098.BJ,20260821,,1.4269,,,,24.6999,1.4519,,,,,,,,138245.0,,
000705.SZ,20260821,,2.7169,,,,,1.2136,,,,,,,,235223.0,,
601995.SH,20260821,,0.3182,,,,14.5167,1.6014,,,,,,,,16441600.0,,
301616.SZ,20260821,,1.1999,,,,14.1688,1.8898,,,,,,,,275840.0,,
300887.SZ,20260821,,2.795,,,,,1.4161,,,,,,,,389654.0,,
920675.BJ,20260821,,0.5731,,,,30.7089,1.9843,,,,,,,,125335.0,,
300955.SZ,20260821,,1.3661,,,,,3.5802,,,,,,,,309960.0,,
688411.SH,20260821,,1.2285,,,,34.8242,7.3979,,,,,,,,3694890.0,,
688045.SH,20260821,,3.9514,,,,72.5218,2.908,,,,,,,,424168.0,,
002330.SZ,20260821,,2.0514,,,,,1.1108,,,,,,,,255397.0,,
301177.SZ,20260821,,0.7735,,,,59.514,1.4743,,,,,,,,928237.0,,
002056.SZ,20260821,,1.0631,,,,19.6812,3.3019,,,,,,,,3502310.0,,
603659.SH,20260821,,1.803,,,,18.8149,2.4223,,,,,,,,5184640.0,,
600336.SH,20260821,,0.5772,,,,,2.1789,,,,,,,,493173.0,,
300797.SZ,20260821,,2.0592,,,,31.8256,4.0999,,,,,,,,554956.0,,
600330.SH,20260821,,8.787,,,,,4.3366,,,,,,,,3363580.0,,
601026.SH,20260821,,7.5334,,,,50.0037,4.042,,,,,,,,1028660.0,,
601958.SH,20260821,,1.1475,,,,20.1485,3.425,,,,,,,,7079170.0,,
603728.SH,20260821,,1.2314,,,,293.038,6.6772,,,,,,,,1985500.0,,
600885.SH,20260821,,0.7707,,,,27.8981,4.116,,,,,,,,5438250.0,,
300067.SZ,20260821,,2.954,,,,,2.4081,,,,,,,,599120.0,,
603801.SH,20260821,,16.7069,,,,44.2045,0.9582,,,,,,,,301874.0,,
002716.SZ,20260821,,18.2922,,,,65.9371,7.2353,,,,,,,,2941660.0,,
688235.SH,20260821,,5.0078,,,,131.784,12.6192,,,,,,,,41683100.0,,
002995.SZ,20260821,,2.6467,,,,,3.7135,,,,,,,,297946.0,,
300727.SZ,20260821,,1.2567,,,,39.7255,3.545,,,,,,,,489431.0,,
002343.SZ,20260821,,3.5503,,,,,2.4735,,,,,,,,236366.0,,
300079.SZ,20260821,,1.0224,,,,174.928,1.5175,,,,,,,,624600.0,,
920781.BJ,20260821,,0.5376,,,,,2.3848,,,,,,,,84239.0,,
600340.SH,20260821,,0.6962,,,,,,,,,,,,,424376.0,,
920526.BJ,20260821,,1.3521,,,,102.921,6.85,,,,,,,,159942.0,,
000670.SZ,20260821,,4.4802,,,,,195.519,,,,,,,,601466.0,,
001219.SZ,20260821,,1.9454,,,,22.0013,2.2821,,,,,,,,245875.0,,
002399.SZ,20260821,,1.8388,,,,40.3782,1.2613,,,,,,,,1536260.0,,
300965.SZ,20260821,,1.1667,,,,94.6535,2.1062,,,,,,,,260760.0,,
603161.SH,20260821,,2.5013,,,,40.7673,2.3359,,,,,,,,357089.0,,
301069.SZ,20260821,,0.8947,,,,54.9391,3.1544,,,,,,,,736861.0,,
600358.SH,20260821,,0.7372,,,,,120.582,,,,,,,,583904.0,,
300268.SZ,20260821,,2.3311,,,,,,,,,,,,,209040.0,,
603086.SH,20260821,,1.2555,,,,17.8996,1.155,,,,,,,,245235.0,,
300504.SZ,20260821,,2.4401,,,,,1.9345,,,,,,,,405453.0,,
301003.SZ,20260821,,2.2515,,,,53.1821,4.7029,,,,,,,,543558.0,,
002326.SZ,20260821,,3.6059,,,,388.088,6.6987,,,,,,,,1862280.0,,
300591.SZ,20260821,,9.1286,,,,,15.8268,,,,,,,,270584.0,,
301040.SZ,20260821,,1.6385,,,,,3.8998,,,,,,,,273303.0,,
301220.SZ,20260821,,0.9995,,,,63.4938,1.7924,,,,,,,,312690.0,,
002719.SZ,20260821,,2.6742,,,,,9.9638,,,,,,,,108663.0,,
300026.SZ,20260821,,3.8758,,,,427.724,1.1905,,,,,,,,1021410.0,,
920029.BJ,20260821,,0.3878,,,,12.8154,1.8872,,,,,,,,713947.0,,
601003.SH,20260821,,0.3871,,,,21.7227,1.0041,,,,,,,,943051.0,,
605299.SH,20260821,,1.804,,,,44.1365,4.1826,,,,,,,,509574.0,,
688188.SH,20260821,,0.4518,,,,32.713,6.4993,,,,,,,,4120460.0,,
301158.SZ,20260821,,3.4479,,,,29.0474,2.1388,,,,,,,,299348.0,,
002838.SZ,20260821,,2.5931,,,,45.7702,3.2118,,,,,,,,1207000.0,,
000812.SZ,20260821,,1.7137,,,,,1.8092,,,,,,,,270010.0,,
002338.SZ,20260821,,1.4634,,,,105.365,7.1299,,,,,,,,1030560.0,,
300286.SZ,20260821,,1.3318,,,,24.6999,2.1791,,,,,,,,502071.0,,
000721.SZ,20260821,,2.0242,,,,,35.4904,,,,,,,,368453.0,,
300506.SZ,20260821,,3.1129,,,,,5.4247,,,,,,,,741310.0,,
600392.SH,20260821,,2.8493,,,,39.9209,3.0959,,,,,,,,3984170.0,,
300428.SZ,20260821,,0.6282,,,,13.5541,1.3766,,,,,,,,1250500.0,,
603707.SH,20260821,,1.753,,,,21.9526,1.8525,,,,,,,,1286060.0,,
300645.SZ,20260821,,1.6917,,,,139.678,1.7512,,,,,,,,184312.0,,
000998.SZ,20260821,,4.3662,,,,215.274,1.8562,,,,,,,,1226990.0,,
000089.SZ,20260821,,0.705,,,,13.7978,1.0886,,,,,,,,1310440.0,,
603881.SH,20260821,,10.229,,,,168.937,7.0014,,,,,,,,2355990.0,,
600500.SH,20260821,,7.5935,,,,,1.9428,,,,,,,,1977160.0,,
688028.SH,20260821,,2.9682,,,,135.639,6.828,,,,,,,,1380280.0,,
603107.SH,20260821,,0.7505,,,,25.6539,1.829,,,,,,,,398730.0,,
301596.SZ,20260821,,3.5967,,,,51.2676,5.8249,,,,,,,,521252.0,,
300261.SZ,20260821,,1.6866,,,,,2.6446,,,,,,,,481655.0,,
688657.SH,20260821,,1.6889,,,,67.5321,2.235,,,,,,,,312788.0,,
301398.SZ,20260821,,0.7816,,,,262.194,3.1919,,,,,,,,351796.0,,
688281.SH,20260821,,0.6904,,,,51.8057,3.5632,,,,,,,,1724060.0,,
300963.SZ,20260821,,1.7982,,,,85.159,4.5749,,,,,,,,513677.0,,
301468.SZ,20260821,,3.0113,,,,117.508,2.4687,,,,,,,,569691.0,,
000050.SZ,20260821,,0.9836,,,,,0.5886,,,,,,,,1593000.0,,
000657.SZ,20260821,,5.7498,,,,79.6627,14.5323,,,,,,,,15526400.0,,
601177.SH,20260821,,2.2932,,,,19.9659,1.8992,,,,,,,,568760.0,,
603636.SH,20260821,,1.8193,,,,,2.1548,,,,,,,,398708.0,,
600383.SH,20260821,,2.2005,,,,,0.223,,,,,,,,997723.0,,
300671.SZ,20260821,,5.6141,,,,,7.8582,,,,,,,,1316590.0,,
603823.SH,20260821,,2.3522,,,,197.295,12.9266,,,,,,,,3237260.0,,
600641.SH,20260821,,5.8378,,,,721.322,3.6644,,,,,,,,3082050.0,,
301387.SZ,20260821,,6.0539,,,,,3.8148,,,,,,,,622566.0,,
688122.SH,20260821,,0.7674,,,,44.8225,4.455,,,,,,,,3196350.0,,
301357.SZ,20260821,,2.1013,,,,392.845,7.3998,,,,,,,,844234.0,,
603833.SH,20260821,,0.4596,,,,10.5367,1.0501,,,,,,,,1942570.0,,
300814.SZ,20260821,,3.3917,,,,523.654,16.334,,,,,,,,2669490.0,,
600835.SH,20260821,,0.3314,,,,23.9684,1.3006,,,,,,,,1839320.0,,
003016.SZ,20260821,,0.8343,,,,97.3649,1.0767,,,,,,,,290160.0,,
688005.SH,20260821,,1.5647,,,,,2.4546,,,,,,,,1908030.0,,
600657.SH,20260821,,1.4771,,,,,0.4768,,,,,,,,738637.0,,
002567.SZ,20260821,,1.428,,,,,1.2517,,,,,,,,520198.0,,
301127.SZ,20260821,,4.5497,,,,59.2516,3.7476,,,,,,,,1268610.0,,
301186.SZ,20260821,,0.8962,,,,31.9771,2.4431,,,,,,,,394947.0,,
920469.BJ,20260821,,0.959,,,,,2.6825,,,,,,,,77238.4,,
600967.SH,20260821,,0.6003,,,,64.1333,1.5398,,,,,,,,1839640.0,,
300882.SZ,20260821,,0.5401,,,,38.1722,3.1921,,,,,,,,412130.0,,
688265.SH,20260821,,4.7302,,,,99.6723,1.9255,,,,,,,,329786.0,,
301049.SZ,20260821,,2.915,,,,,3.6289,,,,,,,,191334.0,,
600530.SH,20260821,,0.5099,,,,704.43,9.1219,,,,,,,,286720.0,,
688807.SH,20260821,,17.1684,,,,275.793,14.1977,,,,,,,,2552800.0,,
000603.SZ,20260821,,14.2676,,,,29.6331,6.7253,,,,,,,,2525980.0,,
002594.SZ,20260821,,0.513,,,,29.941,3.5567,,,,,,,,82483300.0,,
688489.SH,20260821,,0.956,,,,,2.2599,,,,,,,,409532.0,,
600775.SH,20260821,,1.2203,,,,262.588,2.7583,,,,,,,,858094.0,,
300158.SZ,20260821,,2.9729,,,,,1.5472,,,,,,,,517982.0,,
300669.SZ,20260821,,0.7091,,,,260.556,5.2264,,,,,,,,460181.0,,
601016.SH,20260821,,0.9135,,,,44.1642,1.2348,,,,,,,,2198950.0,,
688128.SH,20260821,,0.3447,,,,16.3809,2.4625,,,,,,,,887878.0,,
603948.SH,20260821,,0.4854,,,,14.3145,1.5104,,,,,,,,333915.0,,
300881.SZ,20260821,,1.8824,,,,14.986,2.9359,,,,,,,,363440.0,,
920519.BJ,20260821,,0.5617,,,,33.7513,1.6326,,,,,,,,86758.9,,
300612.SZ,20260821,,2.5023,,,,,4.8639,,,,,,,,213911.0,,
300140.SZ,20260821,,0.2525,,,,18.2486,1.1538,,,,,,,,1667300.0,,
600651.SH,20260821,,0.4383,,,,237.568,5.6643,,,,,,,,1429010.0,,
920018.BJ,20260821,,1.4765,,,,22.892,2.6583,,,,,,,,248293.0,,
601939.SH,20260821,,1.0009,,,,8.0582,0.7765,,,,,,,,275465000.0,,
001296.SZ,20260821,,1.9801,,,,27.6528,1.5986,,,,,,,,291254.0,,
920378.BJ,20260821,,0.3363,,,,47.2185,2.6922,,,,,,,,107313.0,,
002909.SZ,20260821,,1.2207,,,,,2.3936,,,,,,,,203580.0,,
000978.SZ,20260821,,1.3802,,,,232.891,2.6702,,,,,,,,286028.0,,
601868.SH,20260821,,0.3861,,,,19.5391,0.9302,,,,,,,,11104300.0,,
600303.SH,20260821,,2.4979,,,,,2.0823,,,,,,,,196194.0,,
603595.SH,20260821,,0.7037,,,,,3.9946,,,,,,,,607372.0,,
600521.SH,20260821,,3.3768,,,,66.6835,2.5903,,,,,,,,2488430.0,,
688591.SH,20260821,,1.614,,,,65.171,2.6504,,,,,,,,650773.0,,
002538.SZ,20260821,,0.6578,,,,31.6472,1.1713,,,,,,,,620535.0,,
300594.SZ,20260821,,1.1921,,,,,1.76,,,,,,,,134411.0,,
600612.SH,20260821,,0.4398,,,,10.8559,1.3355,,,,,,,,1833530.0,,
688162.SH,20260821,,0.6616,,,,42.23,1.3132,,,,,,,,317663.0,,
601515.SH,20260821,,0.8596,,,,,1.3197,,,,,,,,646622.0,,
300979.SZ,20260821,,0.5108,,,,15.5874,2.5129,,,,,,,,3879110.0,,
301526.SZ,20260821,,8.9679,,,,179.614,13.9704,,,,,,,,12229000.0,,
600350.SH,20260821,,0.1889,,,,15.7878,1.664,,,,,,,,5105310.0,,
001306.SZ,20260821,,3.2158,,,,,2.6246,,,,,,,,337040.0,,
605066.SH,20260821,,2.9733,,,,48.8431,2.1124,,,,,,,,378332.0,,
920651.BJ,20260821,,1.9692,,,,21.3743,2.9611,,,,,,,,163297.0,,
688630.SH,20260821,,3.5736,,,,181.654,26.0185,,,,,,,,6293570.0,,
605089.SH,20260821,,0.5017,,,,38.3498,2.1792,,,,,,,,276000.0,,
600249.SH,20260821,,1.0108,,,,,1.3496,,,,,,,,288750.0,,
688130.SH,20260821,,2.7039,,,,,2.3541,,,,,,,,291952.0,,
000962.SZ,20260821,,3.8578,,,,109.163,6.9823,,,,,,,,2795670.0,,
688545.SH,20260821,,5.461,,,,128.967,9.7926,,,,,,,,2908440.0,,
301219.SZ,20260821,,4.8412,,,,11.7685,1.8059,,,,,,,,1792030.0,,
002214.SZ,20260821,,2.4748,,,,,7.0356,,,,,,,,884824.0,,
920267.BJ,20260821,,4.3995,,,,,3.0892,,,,,,,,74500.7,,
688372.SH,20260821,,4.2486,,,,59.732,4.9789,,,,,,,,2079500.0,,
600021.SH,20260821,,0.5523,,,,15.3849,1.8528,,,,,,,,3854680.0,,
000068.SZ,20260821,,1.1413,,,,,5.2796,,,,,,,,309048.0,,
000567.SZ,20260821,,0.609,,,,16.3778,1.9242,,,,,,,,1159070.0,,
003013.SZ,20260821,,1.7172,,,,17.8977,2.5542,,,,,,,,860235.0,,
002316.SZ,20260821,,2.4568,,,,418.571,22.3416,,,,,,,,174938.0,,
301137.SZ,20260821,,1.2369,,,,150.006,4.1229,,,,,,,,572712.0,,
300260.SZ,20260821,,3.214,,,,133.92,11.0271,,,,,,,,2369360.0,,
920136.BJ,20260821,,4.7214,,,,14.9496,2.0974,,,,,,,,163040.0,,
688558.SH,20260821,,0.6376,,,,25.8322,2.4068,,,,,,,,422796.0,,
002108.SZ,20260821,,1.1987,,,,47.5283,1.4099,,,,,,,,710546.0,,
600753.SH,20260821,,0.4381,,,,47.3838,26.6409,,,,,,,,230307.0,,
002333.SZ,20260821,,6.3985,,,,70.5465,1.8198,,,,,,,,351636.0,,
600996.SH,20260821,,0.9417,,,,,5.2287,,,,,,,,820394.0,,
002095.SZ,20260821,,0.5776,,,,,4.066,,,,,,,,356335.0,,
603399.SH,20260821,,14.6036,,,,,4.7641,,,,,,,,771510.0,,
603511.SH,20260821,,0.2779,,,,31.9609,1.1443,,,,,,,,512213.0,,
002771.SZ,20260821,,2.1007,,,,,4.3642,,,,,,,,258429.0,,
300364.SZ,20260821,,3.5259,,,,,66.6321,,,,,,,,1682110.0,,
002589.SZ,20260821,,11.6348,,,,529.31,0.9014,,,,,,,,478498.0,,
603230.SH,20260821,,0.401,,,,38.9375,1.1339,,,,,,,,320999.0,,
002462.SZ,20260821,,1.4334,,,,34.1649,0.804,,,,,,,,352966.0,,
002879.SZ,20260821,,4.1862,,,,25.3936,1.6582,,,,,,,,307041.0,,
603997.SH,20260821,,0.8962,,,,22.1622,2.679,,,,,,,,1473280.0,,
301329.SZ,20260821,,3.4844,,,,43.0568,2.0712,,,,,,,,328826.0,,
688484.SH,20260821,,1.5901,,,,218.289,3.856,,,,,,,,1551320.0,,
300099.SZ,20260821,,1.2174,,,,23.8218,1.8277,,,,,,,,438673.0,,
600576.SH,20260821,,0.6404,,,,55.9395,2.2209,,,,,,,,574729.0,,
603618.SH,20260821,,10.5342,,,,,7.2909,,,,,,,,1972490.0,,
300317.SZ,20260821,,3.877,,,,,2.3901,,,,,,,,339547.0,,
600649.SH,20260821,,3.6763,,,,35.4178,0.4592,,,,,,,,966819.0,,
920057.BJ,20260821,,0.4863,,,,72.3152,1.2314,,,,,,,,88456.5,,
001210.SZ,20260821,,13.8218,,,,46.3912,4.4187,,,,,,,,628976.0,,
002408.SZ,20260821,,1.1096,,,,,1.3544,,,,,,,,1484330.0,,
000720.SZ,20260821,,2.9895,,,,,2.4714,,,,,,,,464917.0,,
600178.SH,20260821,,0.5343,,,,,1.69,,,,,,,,429158.0,,
600333.SH,20260821,,1.7122,,,,331.803,1.9842,,,,,,,,384298.0,,
688698.SH,20260821,,0.8099,,,,38.1007,4.0492,,,,,,,,969370.0,,
002660.SZ,20260821,,1.8916,,,,,2.6535,,,,,,,,264260.0,,
603180.SH,20260821,,0.7918,,,,,0.8792,,,,,,,,237247.0,,
301118.SZ,20260821,,1.6223,,,,564.932,1.8108,,,,,,,,246208.0,,
600452.SH,20260821,,1.3515,,,,32.174,2.4367,,,,,,,,1393640.0,,
002971.SZ,20260821,,4.4088,,,,208.237,4.6046,,,,,,,,981723.0,,
600563.SH,20260821,,2.0866,,,,25.0419,4.7543,,,,,,,,2994080.0,,
300903.SZ,20260821,,6.6085,,,,,18.7455,,,,,,,,3423010.0,,
002262.SZ,20260821,,1.4786,,,,20.3153,2.657,,,,,,,,2229650.0,,
688620.SH,20260821,,2.6179,,,,,4.697,,,,,,,,598584.0,,
002305.SZ,20260821,,0.9509,,,,,14.6871,,,,,,,,367654.0,,
688683.SH,20260821,,0.969,,,,103.772,4.0297,,,,,,,,487482.0,,
920701.BJ,20260821,,2.5277,,,,29.9294,2.2671,,,,,,,,192354.0,,
002166.SZ,20260821,,2.0076,,,,32.2801,1.5677,,,,,,,,499845.0,,
003039.SZ,20260821,,0.3946,,,,23.2179,2.4717,,,,,,,,734847.0,,
002615.SZ,20260821,,2.2303,,,,131.261,1.5214,,,,,,,,363878.0,,
300150.SZ,20260821,,0.7698,,,,65.6344,1.5885,,,,,,,,249840.0,,
600328.SH,20260821,,0.7956,,,,,0.7835,,,,,,,,928174.0,,
300644.SZ,20260821,,1.6457,,,,18.4366,2.1774,,,,,,,,235526.0,,
603518.SH,20260821,,1.7778,,,,11.1458,0.7199,,,,,,,,276627.0,,
605507.SH,20260821,,0.9232,,,,17.2503,1.4512,,,,,,,,1218910.0,,
605186.SH,20260821,,1.1433,,,,116.334,3.2354,,,,,,,,357952.0,,
001201.SZ,20260821,,1.2124,,,,,1.0068,,,,,,,,305732.0,,
001365.SZ,20260821,,4.7595,,,,28.0541,3.4875,,,,,,,,1839080.0,,
002340.SZ,20260821,,1.2286,,,,20.9032,1.5246,,,,,,,,3326740.0,,
603227.SH,20260821,,0.5822,,,,15.5746,1.5545,,,,,,,,819845.0,,
300199.SZ,20260821,,6.7539,,,,159.645,23.9966,,,,,,,,2040290.0,,
603985.SH,20260821,,1.659,,,,62.2702,2.2132,,,,,,,,739319.0,,
300534.SZ,20260821,,22.9951,,,,112.743,7.5928,,,,,,,,556638.0,,
300828.SZ,20260821,,4.7027,,,,102.934,3.577,,,,,,,,282418.0,,
600428.SH,20260821,,1.7244,,,,17.6368,1.8981,,,,,,,,3246060.0,,
300883.SZ,20260821,,5.4119,,,,,1.6058,,,,,,,,226630.0,,
002434.SZ,20260821,,0.7788,,,,36.8276,1.2699,,,,,,,,752120.0,,
603058.SH,20260821,,1.4659,,,,34.4761,3.2965,,,,,,,,370736.0,,
600258.SH,20260821,,0.9218,,,,16.3046,1.1155,,,,,,,,1365610.0,,
000783.SZ,20260821,,1.1054,,,,11.3151,1.2912,,,,,,,,4755860.0,,
688699.SH,20260821,,2.8087,,,,90.1567,5.1931,,,,,,,,666111.0,,
001399.SZ,20260821,,4.995,,,,45.1686,6.4743,,,,,,,,17096100.0,,
603418.SH,20260821,,1.413,,,,16.3705,1.7862,,,,,,,,826719.0,,
301373.SZ,20260821,,8.2202,,,,76.2644,6.2882,,,,,,,,1066930.0,,
300467.SZ,20260821,,1.6464,,,,264.82,10.256,,,,,,,,666309.0,,
600985.SH,20260821,,1.456,,,,37.1974,1.156,,,,,,,,4855950.0,,
688517.SH,20260821,,1.6586,,,,28.9976,2.7262,,,,,,,,220494.0,,
300737.SZ,20260821,,1.9746,,,,,1.3335,,,,,,,,534033.0,,
002065.SZ,20260821,,1.0745,,,,45.7631,1.7888,,,,,,,,2214990.0,,
920396.BJ,20260821,,1.4956,,,,34.3221,3.882,,,,,,,,140109.0,,
002099.SZ,20260821,,1.7195,,,,,1.7167,,,,,,,,848207.0,,
603052.SH,20260821,,2.4087,,,,,10.8411,,,,,,,,1154820.0,,
688575.SH,20260821,,2.0571,,,,175.214,2.0113,,,,,,,,545676.0,,
600551.SH,20260821,,0.7612,,,,11.6019,0.7785,,,,,,,,465146.0,,
000069.SZ,20260821,,0.5556,,,,,0.4164,,,,,,,,1422680.0,,
920204.BJ,20260821,,0.5994,,,,49.0478,2.3931,,,,,,,,119934.0,,
600688.SH,20260821,,0.7893,,,,,1.2738,,,,,,,,2983560.0,,
603178.SH,20260821,,2.2288,,,,,3.319,,,,,,,,379914.0,,
688600.SH,20260821,,1.2246,,,,42.4472,4.5241,,,,,,,,360884.0,,
600423.SH,20260821,,0.355,,,,,4.149,,,,,,,,224433.0,,
688317.SH,20260821,,2.2511,,,,,1.0175,,,,,,,,336023.0,,
300635.SZ,20260821,,3.0084,,,,,5.5728,,,,,,,,171377.0,,
603928.SH,20260821,,3.2519,,,,35.4485,2.6421,,,,,,,,426561.0,,
300159.SZ,20260821,,1.6562,,,,68.0169,3.451,,,,,,,,964093.0,,
920682.BJ,20260821,,0.4452,,,,25.5272,1.9118,,,,,,,,222723.0,,
600743.SH,20260821,,0.8953,,,,,9.4468,,,,,,,,523180.0,,
002852.SZ,20260821,,5.3845,,,,39.6712,1.2502,,,,,,,,275519.0,,
300109.SZ,20260821,,17.0938,,,,54.2409,2.5565,,,,,,,,946045.0,,
002410.SZ,20260821,,1.1173,,,,36.3489,2.4492,,,,,,,,1488400.0,,
002110.SZ,20260821,,0.8848,,,,,0.3699,,,,,,,,716578.0,,
301156.SZ,20260821,,7.9916,,,,36.4001,2.8895,,,,,,,,216142.0,,
300706.SZ,20260821,,5.0177,,,,,11.6675,,,,,,,,804837.0,,
688418.SH,20260821,,1.2849,,,,,7.7346,,,,,,,,631772.0,,
688663.SH,20260821,,1.3782,,,,154.311,7.9563,,,,,,,,1103410.0,,
600426.SH,20260821,,1.1838,,,,13.9322,1.635,,,,,,,,5711630.0,,
301098.SZ,20260821,,5.5158,,,,,1.9886,,,,,,,,205529.0,,
688332.SH,20260821,,1.8918,,,,9.22,2.8559,,,,,,,,1626360.0,,
600686.SH,20260821,,1.2606,,,,13.8374,2.1763,,,,,,,,790903.0,,
301622.SZ,20260821,,1.2323,,,,59.9419,3.0052,,,,,,,,467090.0,,
920181.BJ,20260821,,5.7119,,,,34.7755,6.3986,,,,,,,,318341.0,,
301311.SZ,20260821,,0.5958,,,,,1.8875,,,,,,,,323520.0,,
600570.SH,20260821,,0.9281,,,,30.1457,4.0463,,,,,,,,4035360.0,,
688333.SH,20260821,,4.4027,,,,122.834,5.7847,,,,,,,,2893000.0,,
002996.SZ,20260821,,1.4258,,,,18.1406,1.2664,,,,,,,,419067.0,,
002902.SZ,20260821,,4.56,,,,,9.5888,,,,,,,,581882.0,,
688197.SH,20260821,,5.9172,,,,,8.4323,,,,,,,,560821.0,,
688608.SH,20260821,,1.621,,,,55.3189,3.6194,,,,,,,,2546290.0,,
002913.SZ,20260821,,1.7963,,,,89.9141,4.3248,,,,,,,,1915910.0,,
301520.SZ,20260821,,34.7736,,,,272.542,4.3738,,,,,,,,662914.0,,
001213.SZ,20260821,,0.1313,,,,41.2844,0.8032,,,,,,,,1546670.0,,
688152.SH,20260821,,6.5367,,,,,2.786,,,,,,,,337283.0,,
688112.SH,20260821,,3.4286,,,,72.054,7.1428,,,,,,,,1134890.0,,
002869.SZ,20260821,,1.1645,,,,,1.4005,,,,,,,,282356.0,,
301509.SZ,20260821,,10.9391,,,,58.6262,1.7455,,,,,,,,371216.0,,
603387.SH,20260821,,2.6194,,,,20.534,1.6884,,,,,,,,477739.0,,
003036.SZ,20260821,,3.712,,,,275.434,8.0952,,,,,,,,1150610.0,,
002599.SZ,20260821,,1.356,,,,321.902,2.531,,,,,,,,312475.0,,
688701.SH,20260821,,1.3996,,,,,8.733,,,,,,,,113464.0,,
603083.SH,20260821,,9.5436,,,,190.2,8.812,,,,,,,,6664230.0,,
301149.SZ,20260821,,1.2306,,,,33.0126,2.0639,,,,,,,,436020.0,,
002073.SZ,20260821,,6.3158,,,,15.4876,0.9423,,,,,,,,608516.0,,
300406.SZ,20260821,,1.6994,,,,32.3142,1.8322,,,,,,,,685784.0,,
000927.SZ,20260821,,0.5792,,,,29.013,1.4743,,,,,,,,1452080.0,,
002182.SZ,20260821,,1.2047,,,,,2.2328,,,,,,,,1179240.0,,
001337.SZ,20260821,,7.4435,,,,31.3399,10.502,,,,,,,,2161740.0,,
688563.SH,20260821,,0.6635,,,,43.1193,2.1501,,,,,,,,2244550.0,,
601011.SH,20260821,,3.3029,,,,,1.0186,,,,,,,,551711.0,,
300785.SZ,20260821,,3.6558,,,,72.1371,3.6237,,,,,,,,711902.0,,
300063.SZ,20260821,,3.7079,,,,57.7287,3.8066,,,,,,,,672814.0,,
001387.SZ,20260821,,1.7238,,,,24.5972,1.6793,,,,,,,,221788.0,,
002190.SZ,20260821,,0.9956,,,,,2.3391,,,,,,,,818262.0,,
600115.SH,20260821,,0.6294,,,,76.3636,5.3884,,,,,,,,7598180.0,,
300337.SZ,20260821,,1.633,,,,92.5648,4.5179,,,,,,,,798934.0,,
605068.SH,20260821,,1.7783,,,,,1.8048,,,,,,,,278819.0,,
603650.SH,20260821,,2.3497,,,,66.1224,9.4584,,,,,,,,3971800.0,,
000401.SZ,20260821,,0.2589,,,,96.0216,0.3562,,,,,,,,934964.0,,
300916.SZ,20260821,,8.3545,,,,51.1296,2.7488,,,,,,,,376074.0,,
600298.SH,20260821,,0.9844,,,,22.037,2.8783,,,,,,,,3583210.0,,
300667.SZ,20260821,,4.7174,,,,,2.8744,,,,,,,,299178.0,,
603680.SH,20260821,,0.5375,,,,12.9024,1.3649,,,,,,,,801744.0,,
001206.SZ,20260821,,4.3258,,,,19.4678,1.6352,,,,,,,,304890.0,,
301157.SZ,20260821,,4.0408,,,,121.831,3.3969,,,,,,,,377700.0,,
300169.SZ,20260821,,2.5141,,,,58.097,29.7388,,,,,,,,188419.0,,
688628.SH,20260821,,6.4983,,,,50.0371,7.286,,,,,,,,966678.0,,
301197.SZ,20260821,,4.5946,,,,133.795,2.3156,,,,,,,,305931.0,,
002991.SZ,20260821,,1.8493,,,,17.3913,2.1699,,,,,,,,386100.0,,
600119.SH,20260821,,0.6363,,,,,23.1783,,,,,,,,172042.0,,
300996.SZ,20260821,,7.6198,,,,60.6254,4.2994,,,,,,,,568751.0,,
300042.SZ,20260821,,5.5639,,,,57.5657,7.1263,,,,,,,,806410.0,,
688039.SH,20260821,,1.312,,,,,3.564,,,,,,,,369962.0,,
688147.SH,20260821,,1.4829,,,,355.786,18.9463,,,,,,,,5560550.0,,
002442.SZ,20260821,,1.5667,,,,126.234,1.361,,,,,,,,250177.0,,
688589.SH,20260821,,7.8122,,,,192.702,3.0171,,,,,,,,289204.0,,
301301.SZ,20260821,,4.2231,,,,34.04,2.4574,,,,,,,,2013530.0,,
301123.SZ,20260821,,5.5461,,,,,6.3153,,,,,,,,1770360.0,,
002172.SZ,20260821,,22.6601,,,,91.255,15.4604,,,,,,,,309356.0,,
300587.SZ,20260821,,2.4139,,,,,3.0246,,,,,,,,677696.0,,
688159.SH,20260821,,2.6686,,,,79.9627,3.2069,,,,,,,,300243.0,,
603520.SH,20260821,,2.0333,,,,230.691,1.5084,,,,,,,,388431.0,,
688207.SH,20260821,,2.8645,,,,,2.7519,,,,,,,,501890.0,,
600571.SH,20260821,,1.5183,,,,137.22,4.1749,,,,,,,,482639.0,,
601908.SH,20260821,,0.8998,,,,,0.9686,,,,,,,,717137.0,,
300243.SZ,20260821,,13.1883,,,,61.5491,3.0236,,,,,,,,468546.0,,
605111.SH,20260821,,5.0194,,,,66.7431,5.8401,,,,,,,,2535610.0,,
603378.SH,20260821,,5.3456,,,,,,,,,,,,,262730.0,,
603626.SH,20260821,,7.8675,,,,80.9824,4.5442,,,,,,,,1034850.0,,
601212.SH,20260821,,4.544,,,,,2.8371,,,,,,,,4509510.0,,
300851.SZ,20260821,,1.8967,,,,25.993,1.5845,,,,,,,,212118.0,,
601058.SH,20260821,,0.8126,,,,12.8354,2.0272,,,,,,,,4544150.0,,
300077.SZ,20260821,,4.0781,,,,,7.5574,,,,,,,,1316240.0,,
002245.SZ,20260821,,3.4773,,,,35.2251,3.9321,,,,,,,,3129610.0,,
600241.SH,20260821,,1.3302,,,,,2.14,,,,,,,,218961.0,,
603950.SH,20260821,,2.0398,,,,49.3573,6.2837,,,,,,,,1945430.0,,
920809.BJ,20260821,,1.8212,,,,101.195,2.6963,,,,,,,,458872.0,,
603808.SH,20260821,,0.6622,,,,18.6344,1.1724,,,,,,,,307355.0,,
002893.SZ,20260821,,2.3204,,,,39.879,1.8418,,,,,,,,259158.0,,
000681.SZ,20260821,,1.7982,,,,39.1944,3.1086,,,,,,,,1191680.0,,
300753.SZ,20260821,,7.6802,,,,,4.2108,,,,,,,,279196.0,,
002763.SZ,20260821,,3.4091,,,,41.3109,1.8734,,,,,,,,300884.0,,
603406.SH,20260821,,7.3522,,,,24.8597,2.472,,,,,,,,1166430.0,,
601968.SH,20260821,,0.4353,,,,28.4829,1.2254,,,,,,,,557516.0,,
002529.SZ,20260821,,1.8022,,,,,32.097,,,,,,,,183040.0,,
301458.SZ,20260821,,4.4086,,,,75.5757,5.9423,,,,,,,,1010670.0,,
002259.SZ,20260821,,1.5689,,,,14.6738,6.3216,,,,,,,,289646.0,,
300530.SZ,20260821,,1.6679,,,,,42.7829,,,,,,,,311060.0,,
600208.SH,20260821,,0.7139,,,,164.42,0.5966,,,,,,,,2493120.0,,
688382.SH,20260821,,5.7531,,,,,8.2146,,,,,,,,1159180.0,,
002659.SZ,20260821,,1.4819,,,,,1.2297,,,,,,,,263842.0,,
600589.SH,20260821,,2.5073,,,,,19.4638,,,,,,,,1137850.0,,
001257.SZ,20260821,,9.6029,,,,46.9503,6.0119,,,,,,,,4626600.0,,
600545.SH,20260821,,3.3815,,,,,2.8988,,,,,,,,759863.0,,
600229.SH,20260821,,0.4183,,,,,1.2194,,,,,,,,336961.0,,
688309.SH,20260821,,2.2695,,,,55.7311,7.0437,,,,,,,,591381.0,,
920261.BJ,20260821,,0.597,,,,18.6879,2.446,,,,,,,,398561.0,,
002209.SZ,20260821,,9.9382,,,,17.93,2.8516,,,,,,,,269162.0,,
002421.SZ,20260821,,5.3912,,,,,2.4226,,,,,,,,657380.0,,
688720.SH,20260821,,4.347,,,,155.554,7.9122,,,,,,,,825844.0,,
920080.BJ,20260821,,1.2221,,,,21.8293,3.152,,,,,,,,176458.0,,
300600.SZ,20260821,,0.9578,,,,,2.4424,,,,,,,,293058.0,,
688119.SH,20260821,,0.6775,,,,,1.5573,,,,,,,,438750.0,,
002528.SZ,20260821,,2.8501,,,,,,,,,,,,,674854.0,,
600281.SH,20260821,,6.229,,,,,42.2411,,,,,,,,237654.0,,
603318.SH,20260821,,9.6257,,,,,2.8153,,,,,,,,529158.0,,
920992.BJ,20260821,,1.7026,,,,61.4307,1.7526,,,,,,,,109886.0,,
000829.SZ,20260821,,1.7013,,,,,2.9396,,,,,,,,851858.0,,
600185.SH,20260821,,0.8912,,,,,98.2519,,,,,,,,848253.0,,
688395.SH,20260821,,1.6975,,,,45.7202,2.4703,,,,,,,,196144.0,,
301327.SZ,20260821,,0.3958,,,,,1.2513,,,,,,,,762396.0,,
600165.SH,20260821,,3.964,,,,,4.6768,,,,,,,,534858.0,,
600792.SH,20260821,,2.4198,,,,,1.6647,,,,,,,,406232.0,,
300541.SZ,20260821,,2.1294,,,,100.285,2.4934,,,,,,,,420584.0,,
600535.SH,20260821,,1.3595,,,,19.2648,1.7516,,,,,,,,2236440.0,,
300171.SZ,20260821,,5.6275,,,,53.1909,1.389,,,,,,,,1105090.0,,
300690.SZ,20260821,,1.5032,,,,22.6281,2.1045,,,,,,,,340949.0,,
920152.BJ,20260821,,1.2026,,,,,9.4448,,,,,,,,139942.0,,
300542.SZ,20260821,,2.5805,,,,,6.7629,,,,,,,,360660.0,,
601777.SH,20260821,,0.4503,,,,322.438,3.5126,,,,,,,,3634960.0,,
600833.SH,20260821,,4.2599,,,,30.9457,1.9975,,,,,,,,236025.0,,
002148.SZ,20260821,,2.3005,,,,1504.72,2.8202,,,,,,,,346426.0,,
603389.SH,20260821,,1.0115,,,,,60.0811,,,,,,,,1204720.0,,
600256.SH,20260821,,2.6566,,,,22.4954,1.5936,,,,,,,,3982220.0,,
603036.SH,20260821,,9.6897,,,,32.6331,2.3088,,,,,,,,325283.0,,
600526.SH,20260821,,1.4228,,,,12.8816,0.8761,,,,,,,,409586.0,,
601628.SH,20260821,,0.1561,,,,7.2291,1.7495,,,,,,,,104664000.0,,
002283.SZ,20260821,,1.0578,,,,24.257,1.6112,,,,,,,,1006140.0,,
002596.SZ,20260821,,2.206,,,,,7.0388,,,,,,,,374111.0,,
688231.SH,20260821,,0.6192,,,,101.748,3.3733,,,,,,,,946913.0,,
603919.SH,20260821,,1.3482,,,,30.2478,2.4021,,,,,,,,817196.0,,
603709.SH,20260821,,3.42,,,,,3.8047,,,,,,,,193597.0,,
000766.SZ,20260821,,3.0977,,,,623.048,6.6097,,,,,,,,1531890.0,,
600313.SH,20260821,,10.847,,,,148.202,3.1246,,,,,,,,754893.0,,
605338.SH,20260821,,2.2297,,,,16.2987,2.0594,,,,,,,,449906.0,,
600960.SH,20260821,,0.8379,,,,23.8134,1.0823,,,,,,,,381157.0,,
301083.SZ,20260821,,1.4507,,,,81.5463,2.976,,,,,,,,249547.0,,
002184.SZ,20260821,,1.9488,,,,,2.7705,,,,,,,,352260.0,,
688329.SH,20260821,,1.7965,,,,168.193,2.1417,,,,,,,,161734.0,,
300040.SZ,20260821,,3.3401,,,,85.0553,1.4279,,,,,,,,373178.0,,
002228.SZ,20260821,,1.3407,,,,40.0961,1.2578,,,,,,,,378576.0,,
603201.SH,20260821,,1.0592,,,,14.6183,1.6071,,,,,,,,287439.0,,
688219.SH,20260821,,0.8025,,,,28.4281,1.8694,,,,,,,,569386.0,,
600673.SH,20260821,,0.7129,,,,1949.06,9.6908,,,,,,,,10154200.0,,
002955.SZ,20260821,,1.5882,,,,885.15,2.5933,,,,,,,,833446.0,,
002951.SZ,20260821,,1.7935,,,,,4.3514,,,,,,,,660622.0,,
300710.SZ,20260821,,17.8791,,,,,7.305,,,,,,,,316578.0,,
603897.SH,20260821,,7.1275,,,,19.7833,2.663,,,,,,,,632932.0,,
301265.SZ,20260821,,1.7537,,,,73.2928,2.8109,,,,,,,,597766.0,,
300347.SZ,20260821,,3.9615,,,,60.682,2.2381,,,,,,,,4681400.0,,
300489.SZ,20260821,,8.9692,,,,,41.7564,,,,,,,,3013460.0,,
300011.SZ,20260821,,1.4184,,,,,2.4078,,,,,,,,363939.0,,
000620.SZ,20260821,,8.5778,,,,,5.0472,,,,,,,,1849620.0,,
002232.SZ,20260821,,0.8004,,,,168.302,4.0037,,,,,,,,568291.0,,
000848.SZ,20260821,,1.438,,,,12.6698,2.6189,,,,,,,,844560.0,,
605086.SH,20260821,,2.8039,,,,39.4151,2.8486,,,,,,,,455706.0,,
920914.BJ,20260821,,1.0413,,,,30.8024,1.72,,,,,,,,170458.0,,
600388.SH,20260821,,0.9475,,,,18.4009,2.0635,,,,,,,,2251790.0,,
600995.SH,20260821,,0.2907,,,,20.005,1.6806,,,,,,,,3937480.0,,
300750.SZ,20260821,,0.48,,,,21.2907,4.7705,,,,,,,,180972000.0,,
002339.SZ,20260821,,1.5693,,,,436.975,2.0376,,,,,,,,355889.0,,
920807.BJ,20260821,,1.3744,,,,121.528,1.7912,,,,,,,,167693.0,,
688322.SH,20260821,,2.3234,,,,309.799,13.9247,,,,,,,,4169630.0,,
002125.SZ,20260821,,2.8157,,,,29.8912,2.3493,,,,,,,,799494.0,,
300478.SZ,20260821,,2.0789,,,,,121.79,,,,,,,,382172.0,,
000035.SZ,20260821,,0.76,,,,37.7012,1.0143,,,,,,,,1091330.0,,
605080.SH,20260821,,5.4103,,,,18.5487,1.362,,,,,,,,310000.0,,
603256.SH,20260821,,1.6586,,,,257.098,43.0651,,,,,,,,12701300.0,,
301079.SZ,20260821,,3.0756,,,,373.441,6.3131,,,,,,,,302597.0,,
688439.SH,20260821,,1.0268,,,,56.2234,1.53,,,,,,,,767600.0,,
002225.SZ,20260821,,2.7608,,,,127.23,1.0283,,,,,,,,418485.0,,
301026.SZ,20260821,,6.228,,,,20.174,2.7495,,,,,,,,475962.0,,
301335.SZ,20260821,,5.6748,,,,56.5146,1.619,,,,,,,,313744.0,,
920125.BJ,20260821,,4.8701,,,,76.7602,9.5891,,,,,,,,676728.0,,
301285.SZ,20260821,,1.1673,,,,,19.2208,,,,,,,,1814150.0,,
603629.SH,20260821,,9.4091,,,,86.4443,20.5798,,,,,,,,4619670.0,,
600894.SH,20260821,,0.4121,,,,9.2297,0.738,,,,,,,,656585.0,,
603696.SH,20260821,,4.7891,,,,93.3499,5.3469,,,,,,,,309288.0,,
300932.SZ,20260821,,2.8612,,,,60.4171,2.6248,,,,,,,,466968.0,,
300130.SZ,20260821,,3.0428,,,,24.7059,2.2918,,,,,,,,1035330.0,,
600285.SH,20260821,,1.5389,,,,14.2032,3.4291,,,,,,,,1108140.0,,
300146.SZ,20260821,,1.1498,,,,25.3455,1.5121,,,,,,,,1644310.0,,
002201.SZ,20260821,,1.8935,,,,58.6451,4.4434,,,,,,,,526522.0,,
300311.SZ,20260821,,13.3376,,,,106.224,5.6828,,,,,,,,371844.0,,
688586.SH,20260821,,0.4201,,,,160.533,3.2809,,,,,,,,817453.0,,
002467.SZ,20260821,,1.6371,,,,,3.9591,,,,,,,,618917.0,,
603272.SH,20260821,,3.3309,,,,,2.7406,,,,,,,,147668.0,,
688450.SH,20260821,,2.5121,,,,,2.376,,,,,,,,222288.0,,
300147.SZ,20260821,,1.1977,,,,,,,,,,,,,454960.0,,
603527.SH,20260821,,1.6948,,,,107.725,1.4942,,,,,,,,316971.0,,
600876.SH,20260821,,0.7088,,,,,1.672,,,,,,,,459721.0,,
688582.SH,20260821,,0.9751,,,,90.0617,6.5964,,,,,,,,1671230.0,,
300490.SZ,20260821,,2.4548,,,,,2.0634,,,,,,,,459269.0,,
605020.SH,20260821,,1.6816,,,,20.5623,2.7349,,,,,,,,1651480.0,,
300977.SZ,20260821,,1.774,,,,112.898,1.8037,,,,,,,,249347.0,,
002948.SZ,20260821,,0.8941,,,,6.3498,0.8139,,,,,,,,3463110.0,,
002011.SZ,20260821,,0.5385,,,,10.0482,1.5555,,,,,,,,1061580.0,,
300483.SZ,20260821,,4.2398,,,,43.7772,2.4085,,,,,,,,883437.0,,
000609.SZ,20260821,,2.141,,,,,,,,,,,,,318119.0,,
300080.SZ,20260821,,0.5526,,,,,1.6259,,,,,,,,698771.0,,
301548.SZ,20260821,,4.612,,,,36.9366,3.405,,,,,,,,538617.0,,
603352.SH,20260821,,1.6959,,,,28.6386,1.9867,,,,,,,,587293.0,,
600721.SH,20260821,,28.3479,,,,191.48,6.3023,,,,,,,,509526.0,,
002278.SZ,20260821,,2.0584,,,,89.7769,2.2412,,,,,,,,316724.0,,
603119.SH,20260821,,1.2694,,,,77.3169,11.2411,,,,,,,,2359100.0,,
601985.SH,20260821,,0.1853,,,,21.7633,1.4932,,,,,,,,17914700.0,,
605377.SH,20260821,,1.3201,,,,19.3431,1.2433,,,,,,,,493767.0,,
300172.SZ,20260821,,1.8209,,,,33.8815,1.6148,,,,,,,,311287.0,,
000615.SZ,20260821,,0.6082,,,,,3.6848,,,,,,,,602385.0,,
601929.SH,20260821,,1.2981,,,,,1.7077,,,,,,,,799162.0,,
920873.BJ,20260821,,0.4836,,,,,4.2821,,,,,,,,106297.0,,
003010.SZ,20260821,,6.8921,,,,37.8762,11.4522,,,,,,,,906427.0,,
300306.SZ,20260821,,1.7702,,,,38.8111,1.8276,,,,,,,,273800.0,,
601956.SH,20260821,,0.8115,,,,221.801,1.2558,,,,,,,,309565.0,,
002927.SZ,20260821,,2.1323,,,,,3.5408,,,,,,,,360009.0,,
301325.SZ,20260821,,0.7832,,,,,1.639,,,,,,,,433693.0,,
000952.SZ,20260821,,2.9097,,,,,3.5196,,,,,,,,219472.0,,
600935.SH,20260821,,0.2945,,,,,1.3677,,,,,,,,812411.0,,
688114.SH,20260821,,7.6493,,,,,4.3947,,,,,,,,3115120.0,,
300978.SZ,20260821,,0.8444,,,,28.9411,2.162,,,,,,,,360988.0,,
920178.BJ,20260821,,3.3216,,,,45.8214,10.4033,,,,,,,,598784.0,,
000665.SZ,20260821,,0.9523,,,,,1.3681,,,,,,,,436665.0,,
300784.SZ,20260821,,4.5905,,,,49.1643,2.8245,,,,,,,,230293.0,,
300651.SZ,20260821,,2.6543,,,,38.2944,2.2082,,,,,,,,241610.0,,
000820.SZ,20260821,,7.8391,,,,,26.3865,,,,,,,,226941.0,,
605009.SH,20260821,,1.1098,,,,23.0082,1.4851,,,,,,,,517403.0,,
301013.SZ,20260821,,9.9211,,,,,14.6542,,,,,,,,980786.0,,
688228.SH,20260821,,3.8713,,,,,4.3061,,,,,,,,537029.0,,
600864.SH,20260821,,1.4781,,,,30.0497,0.8434,,,,,,,,1117270.0,,
300271.SZ,20260821,,0.8422,,,,,1.2296,,,,,,,,434345.0,,
600266.SH,20260821,,2.0092,,,,,0.4759,,,,,,,,869736.0,,
300757.SZ,20260821,,3.388,,,,,52.0254,,,,,,,,8457500.0,,
688236.SH,20260821,,0.699,,,,20.1241,1.824,,,,,,,,555791.0,,
301052.SZ,20260821,,2.6465,,,,,3.4603,,,,,,,,225726.0,,
688301.SH,20260821,,1.9029,,,,43.871,4.099,,,,,,,,3163550.0,,
000777.SZ,20260821,,0.965,,,,41.0513,2.6299,,,,,,,,646059.0,,
300125.SZ,20260821,,1.6708,,,,144.77,5.4252,,,,,,,,566638.0,,
300579.SZ,20260821,,2.009,,,,,7.3893,,,,,,,,584820.0,,
688023.SH,20260821,,1.392,,,,,1.7696,,,,,,,,394498.0,,
300819.SZ,20260821,,2.2929,,,,134.879,7.938,,,,,,,,699623.0,,
002643.SZ,20260821,,1.3957,,,,43.4722,1.7777,,,,,,,,1271270.0,,
000912.SZ,20260821,,1.4924,,,,,0.9269,,,,,,,,588000.0,,
600408.SH,20260821,,9.545,,,,,2.4976,,,,,,,,288952.0,,
002334.SZ,20260821,,0.8753,,,,36.9949,1.7327,,,,,,,,529758.0,,
300668.SZ,20260821,,6.1701,,,,404.041,5.1717,,,,,,,,403277.0,,
600966.SH,20260821,,0.5146,,,,40.7445,0.8579,,,,,,,,641685.0,,
600113.SH,20260821,,1.367,,,,91.189,5.0042,,,,,,,,1281640.0,,
301515.SZ,20260821,,2.1038,,,,,1.5932,,,,,,,,195200.0,,
301278.SZ,20260821,,1.6747,,,,158.174,1.7532,,,,,,,,249658.0,,
301332.SZ,20260821,,0.8547,,,,28.2083,1.2129,,,,,,,,360480.0,,
301680.SZ,20260821,,4.955,,,,43.1272,4.0805,,,,,,,,776581.0,,
688679.SH,20260821,,3.4337,,,,,4.8349,,,,,,,,530710.0,,
601106.SH,20260821,,0.4549,,,,,4.0494,,,,,,,,2091620.0,,
300957.SZ,20260821,,1.1212,,,,24.6982,2.1438,,,,,,,,1341960.0,,
003003.SZ,20260821,,2.2258,,,,32.8274,1.4856,,,,,,,,195629.0,,
002597.SZ,20260821,,0.5304,,,,56.053,1.4254,,,,,,,,1126980.0,,
600339.SH,20260821,,0.9986,,,,50.645,0.7013,,,,,,,,1887100.0,,
300369.SZ,20260821,,3.9502,,,,,2.1895,,,,,,,,560950.0,,
920008.BJ,20260821,,0.8547,,,,59.9927,3.6908,,,,,,,,120169.0,,
301027.SZ,20260821,,4.4067,,,,,3.2647,,,,,,,,293559.0,,
920118.BJ,20260821,,3.2806,,,,18.0867,1.7207,,,,,,,,102853.0,,
301022.SZ,20260821,,2.0224,,,,68.7652,1.6408,,,,,,,,230007.0,,
600756.SH,20260821,,3.6406,,,,,2.2257,,,,,,,,497522.0,,
300571.SZ,20260821,,4.2548,,,,,3.473,,,,,,,,428631.0,,
605500.SH,20260821,,0.6059,,,,117.987,1.1153,,,,,,,,288008.0,,
600754.SH,20260821,,0.9122,,,,19.6781,1.2532,,,,,,,,2019620.0,,
002891.SZ,20260821,,1.8476,,,,27.128,2.7909,,,,,,,,941551.0,,
300242.SZ,20260821,,1.9547,,,,,10.5466,,,,,,,,255726.0,,
688639.SH,20260821,,2.5056,,,,33.8248,1.5528,,,,,,,,417443.0,,
300707.SZ,20260821,,2.1185,,,,78.3625,1.8795,,,,,,,,210419.0,,
300466.SZ,20260821,,0.8509,,,,,5.6093,,,,,,,,388795.0,,
301583.SZ,20260821,,18.4725,,,,252.223,26.5278,,,,,,,,2413200.0,,
301004.SZ,20260821,,0.5013,,,,14.1958,2.7414,,,,,,,,492242.0,,
002673.SZ,20260821,,0.3347,,,,16.5265,0.9459,,,,,,,,2887350.0,,
300054.SZ,20260821,,2.5286,,,,84.8984,12.9044,,,,,,,,7047980.0,,
300058.SZ,20260821,,4.7247,,,,192.403,6.1663,,,,,,,,4911420.0,,
600851.SH,20260821,,3.7623,,,,53.451,2.1007,,,,,,,,1057380.0,,
688198.SH,20260821,,0.6803,,,,53.4142,7.9007,,,,,,,,1081320.0,,
600378.SH,20260821,,5.153,,,,38.8709,3.2796,,,,,,,,6093960.0,,
688312.SH,20260821,,4.4711,,,,53.4812,4.7365,,,,,,,,729467.0,,
603883.SH,20260821,,3.082,,,,25.3561,1.4733,,,,,,,,1001740.0,,
688249.SH,20260821,,0.7294,,,,141.138,3.9879,,,,,,,,8741930.0,,
001280.SZ,20260821,,2.7453,,,,80.63,8.1415,,,,,,,,13863000.0,,
002678.SZ,20260821,,1.8822,,,,,2.186,,,,,,,,665577.0,,
600778.SH,20260821,,1.6936,,,,125.541,6.8392,,,,,,,,172878.0,,
688425.SH,20260821,,0.2031,,,,17.2496,1.1584,,,,,,,,2160070.0,,
688201.SH,20260821,,0.3811,,,,72.3197,1.7347,,,,,,,,224862.0,,
600153.SH,20260821,,0.7472,,,,,0.5992,,,,,,,,2580590.0,,
920834.BJ,20260821,,1.2592,,,,24.8241,3.6638,,,,,,,,115440.0,,
002761.SZ,20260821,,1.1564,,,,31.6429,1.1055,,,,,,,,939334.0,,
001218.SZ,20260821,,1.8958,,,,12.5017,1.3444,,,,,,,,326650.0,,
002853.SZ,20260821,,0.7459,,,,,4.2153,,,,,,,,374978.0,,
920017.BJ,20260821,,2.8144,,,,18.1749,1.2826,,,,,,,,209378.0,,
688068.SH,20260821,,4.3539,,,,,4.0614,,,,,,,,987738.0,,
688186.SH,20260821,,0.9205,,,,28.4368,0.8235,,,,,,,,389319.0,,
002449.SZ,20260821,,7.1219,,,,,1.1638,,,,,,,,437263.0,,
002705.SZ,20260821,,0.5901,,,,10.9384,1.0479,,,,,,,,909301.0,,
600859.SH,20260821,,1.0963,,,,,0.5598,,,,,,,,1087970.0,,
920964.BJ,20260821,,3.0552,,,,,1.4006,,,,,,,,122245.0,,
301376.SZ,20260821,,0.8078,,,,27.319,2.3859,,,,,,,,819829.0,,
003028.SZ,20260821,,0.893,,,,66.0116,1.8584,,,,,,,,325279.0,,
002031.SZ,20260821,,5.189,,,,,5.8249,,,,,,,,1130490.0,,
600438.SH,20260821,,1.0187,,,,,1.6006,,,,,,,,5595970.0,,
300564.SZ,20260821,,1.604,,,,43.1033,1.614,,,,,,,,200354.0,,
001360.SZ,20260821,,10.3362,,,,83.8204,2.5976,,,,,,,,371688.0,,
600513.SH,20260821,,5.8442,,,,,3.7144,,,,,,,,474999.0,,
300639.SZ,20260821,,3.6435,,,,,1.0492,,,,,,,,399537.0,,
300298.SZ,20260821,,1.2776,,,,67.0313,3.0218,,,,,,,,893738.0,,
301511.SZ,20260821,,6.9124,,,,236.525,13.7426,,,,,,,,5713240.0,,
301212.SZ,20260821,,8.1625,,,,306.319,1.9904,,,,,,,,268596.0,,
002134.SZ,20260821,,2.1005,,,,332.419,10.2797,,,,,,,,526861.0,,
002558.SZ,20260821,,2.1433,,,,19.9681,3.0438,,,,,,,,4966170.0,,
920924.BJ,20260821,,1.5818,,,,107.71,4.7758,,,,,,,,154292.0,,
920117.BJ,20260821,,17.2283,,,,22.7205,3.9891,,,,,,,,268442.0,,
603380.SH,20260821,,2.4435,,,,26.9774,3.5273,,,,,,,,569085.0,,
603260.SH,20260821,,0.5159,,,,,1.414,,,,,,,,4160190.0,,
300717.SZ,20260821,,1.7813,,,,36.3424,2.5288,,,,,,,,187359.0,,
002157.SZ,20260821,,1.4073,,,,,2.5946,,,,,,,,2710300.0,,
603819.SH,20260821,,2.088,,,,113.41,3.6512,,,,,,,,296549.0,,
000582.SZ,20260821,,1.3966,,,,25.7848,1.3362,,,,,,,,2746140.0,,
603860.SH,20260821,,1.2215,,,,37.5154,2.0819,,,,,,,,175035.0,,
002466.SZ,20260821,,4.4787,,,,37.0931,1.7881,,,,,,,,8288000.0,,
605598.SH,20260821,,1.3163,,,,189.643,3.7528,,,,,,,,643022.0,,
300841.SZ,20260821,,10.002,,,,29.7818,2.0317,,,,,,,,734200.0,,
300095.SZ,20260821,,1.2393,,,,,2.1552,,,,,,,,315146.0,,
300777.SZ,20260821,,1.1209,,,,46.2462,2.2215,,,,,,,,1019240.0,,
688126.SH,20260821,,2.2521,,,,,4.1982,,,,,,,,8140270.0,,
605258.SH,20260821,,2.1386,,,,41.0396,2.0174,,,,,,,,245784.0,,
002663.SZ,20260821,,1.2306,,,,,1.4901,,,,,,,,287799.0,,
603711.SH,20260821,,1.2679,,,,23.0488,1.352,,,,,,,,469025.0,,
301139.SZ,20260821,,15.1854,,,,,0.2125,,,,,,,,41337.5,,
301503.SZ,20260821,,1.5667,,,,27.5082,2.0918,,,,,,,,229528.0,,
300548.SZ,20260821,,6.6454,,,,155.111,27.8367,,,,,,,,5820040.0,,
002917.SZ,20260821,,0.7395,,,,20.1251,2.0398,,,,,,,,356652.0,,
002353.SZ,20260821,,1.9002,,,,59.2506,6.7057,,,,,,,,15613800.0,,
000768.SZ,20260821,,0.4172,,,,52.5669,2.5867,,,,,,,,5828160.0,,
603281.SH,20260821,,0.6865,,,,25.9747,2.0159,,,,,,,,1002520.0,,
301233.SZ,20260821,,1.7433,,,,29.1543,2.3632,,,,,,,,237333.0,,
002501.SZ,20260821,,0.8352,,,,,28.7688,,,,,,,,461500.0,,
000586.SZ,20260821,,1.8233,,,,,7.6411,,,,,,,,243348.0,,
600773.SH,20260821,,3.0001,,,,,2.5141,,,,,,,,1065780.0,,
301085.SZ,20260821,,7.5147,,,,,5.3037,,,,,,,,506683.0,,
301215.SZ,20260821,,0.8642,,,,31.6231,2.3268,,,,,,,,691076.0,,
688019.SH,20260821,,2.3153,,,,66.9307,11.997,,,,,,,,5504990.0,,
002973.SZ,20260821,,2.2084,,,,42.6744,1.7228,,,,,,,,438498.0,,
301378.SZ,20260821,,3.1856,,,,,2.0,,,,,,,,237636.0,,
600123.SH,20260821,,1.438,,,,,0.7057,,,,,,,,1066630.0,,
688020.SH,20260821,,4.2713,,,,,8.1346,,,,,,,,1070250.0,,
300084.SZ,20260821,,1.4152,,,,,4.5483,,,,,,,,574552.0,,
002787.SZ,20260821,,7.0972,,,,52.0938,4.0035,,,,,,,,729615.0,,
000919.SZ,20260821,,5.4744,,,,70.0692,1.0851,,,,,,,,412958.0,,
002797.SZ,20260821,,0.5875,,,,28.8489,1.5025,,,,,,,,2655920.0,,
301170.SZ,20260821,,1.6561,,,,23.174,1.271,,,,,,,,229300.0,,
002314.SZ,20260821,,1.4786,,,,,0.8562,,,,,,,,576758.0,,
301047.SZ,20260821,,14.1679,,,,91.8963,2.7069,,,,,,,,1445040.0,,
600167.SH,20260821,,0.2091,,,,21.0993,1.0583,,,,,,,,1267190.0,,
603301.SH,20260821,,0.4854,,,,81.7744,3.7713,,,,,,,,2159040.0,,
300145.SZ,20260821,,3.6196,,,,32.1996,2.7103,,,,,,,,806502.0,,
002953.SZ,20260821,,10.9537,,,,33.9401,2.3832,,,,,,,,531889.0,,
000020.SZ,20260821,,14.4109,,,,112.662,7.4285,,,,,,,,332431.0,,
000955.SZ,20260821,,1.8014,,,,,3.4769,,,,,,,,224511.0,,
688506.SH,20260821,,0.4501,,,,,20.682,,,,,,,,11672400.0,,
002297.SZ,20260821,,6.8966,,,,52.7483,4.5095,,,,,,,,1018980.0,,
601933.SH,20260821,,1.4464,,,,,12.6374,,,,,,,,2739990.0,,
301668.SZ,20260821,,6.7355,,,,46.6431,3.679,,,,,,,,372350.0,,
300985.SZ,20260821,,2.2411,,,,,8.3449,,,,,,,,737657.0,,
000007.SZ,20260821,,6.909,,,,,24.1421,,,,,,,,432367.0,,
000650.SZ,20260821,,3.0778,,,,20.3579,1.1645,,,,,,,,751767.0,,
002795.SZ,20260821,,2.6375,,,,,7.071,,,,,,,,315365.0,,
300050.SZ,20260821,,3.8329,,,,223.527,9.0566,,,,,,,,373765.0,,
301225.SZ,20260821,,7.7498,,,,65.1074,5.2791,,,,,,,,845821.0,,
600566.SH,20260821,,0.8209,,,,12.9338,1.4994,,,,,,,,2247450.0,,
601218.SH,20260821,,1.5765,,,,26.8044,1.3999,,,,,,,,424437.0,,
603912.SH,20260821,,4.5157,,,,,2.6727,,,,,,,,459893.0,,
300142.SZ,20260821,,32.6347,,,,90.105,3.4757,,,,,,,,2574950.0,,
603876.SH,20260821,,2.8675,,,,34.3497,2.7938,,,,,,,,2134530.0,,
002129.SZ,20260821,,1.7239,,,,,1.9198,,,,,,,,3840950.0,,
603786.SH,20260821,,0.4116,,,,20.7087,2.8207,,,,,,,,1627140.0,,
301358.SZ,20260821,,4.2614,,,,14.6929,2.7993,,,,,,,,5703540.0,,
000791.SZ,20260821,,0.5398,,,,11.3031,1.54,,,,,,,,2335560.0,,
603322.SH,20260821,,1.9478,,,,,13.16,,,,,,,,413035.0,,
002760.SZ,20260821,,2.9902,,,,91.4643,2.2555,,,,,,,,189088.0,,
002548.SZ,20260821,,3.5918,,,,,3.2276,,,,,,,,337895.0,,
002865.SZ,20260821,,3.3987,,,,,3.2372,,,,,,,,1304200.0,,
300393.SZ,20260821,,1.6127,,,,,3.8267,,,,,,,,677748.0,,
601096.SH,20260821,,0.8265,,,,30.8493,2.2974,,,,,,,,1099490.0,,
301089.SZ,20260821,,8.1216,,,,,2.0763,,,,,,,,306238.0,,
002592.SZ,20260821,,4.3623,,,,16.5341,1.9705,,,,,,,,194842.0,,
300048.SZ,20260821,,0.838,,,,254.164,3.1197,,,,,,,,566174.0,,
000678.SZ,20260821,,5.1714,,,,,5.0792,,,,,,,,395726.0,,
688656.SH,20260821,,2.1899,,,,233.314,7.7773,,,,,,,,646492.0,,
002350.SZ,20260821,,1.1401,,,,390.445,4.3745,,,,,,,,783669.0,,
000698.SZ,20260821,,0.3428,,,,647.907,1.9846,,,,,,,,290108.0,,
600161.SH,20260821,,1.5555,,,,24.703,2.0253,,,,,,,,2402510.0,,
002624.SZ,20260821,,2.0903,,,,193.258,3.2413,,,,,,,,2110690.0,,
000790.SZ,20260821,,2.8909,,,,,3.543,,,,,,,,254478.0,,
000025.SZ,20260821,,3.2852,,,,46.5945,3.5552,,,,,,,,661243.0,,
688357.SH,20260821,,0.6349,,,,30.0568,1.5299,,,,,,,,269161.0,,
002972.SZ,20260821,,2.9015,,,,35.6656,2.6155,,,,,,,,330636.0,,
600036.SH,20260821,,0.2493,,,,6.5079,0.8664,,,,,,,,98105200.0,,
000709.SZ,20260821,,0.6787,,,,19.5823,0.4111,,,,,,,,2139780.0,,
002014.SZ,20260821,,0.4547,,,,15.1546,2.6658,,,,,,,,665166.0,,
300460.SZ,20260821,,1.4298,,,,,5.3345,,,,,,,,245142.0,,
002970.SZ,20260821,,1.6636,,,,28.5215,4.3434,,,,,,,,928116.0,,
605050.SH,20260821,,0.2651,,,,13.7151,1.1398,,,,,,,,509093.0,,
002669.SZ,20260821,,3.0293,,,,29.6094,1.344,,,,,,,,372879.0,,
600056.SH,20260821,,1.8465,,,,28.5014,1.1451,,,,,,,,1376210.0,,
601163.SH,20260821,,0.3804,,,,10.4569,0.7196,,,,,,,,1019200.0,,
002274.SZ,20260821,,4.2337,,,,,1.0543,,,,,,,,554276.0,,
600590.SH,20260821,,2.2124,,,,94.1009,2.1774,,,,,,,,707029.0,,
300953.SZ,20260821,,2.0782,,,,33.7407,5.1464,,,,,,,,2435630.0,,
600127.SH,20260821,,42.4106,,,,,7.8383,,,,,,,,526262.0,,
002657.SZ,20260821,,2.6494,,,,,3.2009,,,,,,,,510667.0,,
603879.SH,20260821,,1.5239,,,,,8.4207,,,,,,,,195124.0,,
920176.BJ,20260821,,10.8645,,,,35.4741,5.3959,,,,,,,,322271.0,,
920981.BJ,20260821,,3.1847,,,,146.414,4.3232,,,,,,,,223134.0,,
603528.SH,20260821,,0.9032,,,,,2.3288,,,,,,,,437677.0,,
002322.SZ,20260821,,3.2636,,,,19.0621,1.5215,,,,,,,,429495.0,,
601698.SH,20260821,,0.4122,,,,259.54,6.4604,,,,,,,,10320200.0,,
301169.SZ,20260821,,1.3987,,,,,8.646,,,,,,,,374755.0,,
920121.BJ,20260821,,1.6357,,,,16.4459,2.3053,,,,,,,,186973.0,,
601098.SH,20260821,,0.3752,,,,11.3534,1.1015,,,,,,,,1822940.0,,
688055.SH,20260821,,0.2793,,,,,3.1516,,,,,,,,1263330.0,,
920124.BJ,20260821,,0.6526,,,,20.9073,1.7256,,,,,,,,186363.0,,
688080.SH,20260821,,1.1272,,,,19.7991,2.2911,,,,,,,,269360.0,,
301001.SZ,20260821,,1.6672,,,,,2.4649,,,,,,,,189520.0,,
301288.SZ,20260821,,2.481,,,,,2.3429,,,,,,,,183617.0,,
300770.SZ,20260821,,0.7451,,,,11.9133,2.0623,,,,,,,,765766.0,,
002565.SZ,20260821,,2.8942,,,,138.649,4.9492,,,,,,,,909471.0,,
688789.SH,20260821,,1.1359,,,,18.0563,2.305,,,,,,,,833324.0,,
000786.SZ,20260821,,3.7444,,,,12.2876,1.0567,,,,,,,,2890400.0,,
300810.SZ,20260821,,1.0867,,,,,3.6661,,,,,,,,282494.0,,
600987.SH,20260821,,0.4805,,,,9.1257,0.975,,,,,,,,657407.0,,
600780.SH,20260821,,0.5519,,,,10.1835,0.7747,,,,,,,,663825.0,,
688485.SH,20260821,,3.8962,,,,,9.9881,,,,,,,,1249230.0,,
003038.SZ,20260821,,2.219,,,,,0.93,,,,,,,,261797.0,,
300755.SZ,20260821,,0.5837,,,,,1.65,,,,,,,,463063.0,,
002154.SZ,20260821,,2.3083,,,,13.6272,1.2684,,,,,,,,593949.0,,
600867.SH,20260821,,2.4925,,,,12.8438,2.194,,,,,,,,1588380.0,,
300359.SZ,20260821,,2.0736,,,,,4.9912,,,,,,,,255867.0,,
300626.SZ,20260821,,2.7523,,,,380.327,10.5663,,,,,,,,562320.0,,
600663.SH,20260821,,0.3658,,,,31.068,1.8495,,,,,,,,4717940.0,,
300743.SZ,20260821,,1.3566,,,,19.2633,3.2878,,,,,,,,222724.0,,
603429.SH,20260821,,1.0188,,,,,3.7622,,,,,,,,474659.0,,
301363.SZ,20260821,,3.1196,,,,45.786,3.6344,,,,,,,,1342000.0,,
688596.SH,20260821,,6.5027,,,,276.105,5.8105,,,,,,,,2106160.0,,
603353.SH,20260821,,1.8053,,,,,3.2512,,,,,,,,522502.0,,
688502.SH,20260821,,2.3528,,,,1272.64,19.8236,,,,,,,,2364730.0,,
920252.BJ,20260821,,3.1671,,,,189.598,5.9883,,,,,,,,159006.0,,
000509.SZ,20260821,,1.7059,,,,,29.6436,,,,,,,,358425.0,,
003041.SZ,20260821,,1.1346,,,,186.715,3.8953,,,,,,,,573264.0,,
000565.SZ,20260821,,2.7149,,,,94.1043,2.0304,,,,,,,,260589.0,,
688073.SH,20260821,,5.8913,,,,38.7621,3.0987,,,,,,,,650722.0,,
603136.SH,20260821,,1.5942,,,,26.5614,1.7675,,,,,,,,244195.0,,
300351.SZ,20260821,,2.9302,,,,308.138,2.215,,,,,,,,539032.0,,
301239.SZ,20260821,,1.949,,,,,2.4788,,,,,,,,523666.0,,
600050.SH,20260821,,0.3164,,,,19.0745,0.7695,,,,,,,,13193600.0,,
920066.BJ,20260821,,4.0122,,,,31.0911,2.5873,,,,,,,,107416.0,,
002616.SZ,20260821,,1.0431,,,,13.6684,1.0967,,,,,,,,408128.0,,
000917.SZ,20260821,,1.6383,,,,242.018,0.9725,,,,,,,,1000790.0,,
688386.SH,20260821,,1.744,,,,50.6146,3.4237,,,,,,,,519561.0,,
600418.SH,20260821,,2.4833,,,,,3.7846,,,,,,,,4697710.0,,
603355.SH,20260821,,0.6868,,,,27.7662,2.8924,,,,,,,,1634750.0,,
600905.SH,20260821,,0.1282,,,,45.7114,1.1758,,,,,,,,10548800.0,,
601118.SH,20260821,,4.1124,,,,,2.7513,,,,,,,,2631850.0,,
600869.SH,20260821,,9.7479,,,,342.718,8.7294,,,,,,,,3755140.0,,
002267.SZ,20260821,,0.4464,,,,15.6191,1.1042,,,,,,,,775117.0,,
600172.SH,20260821,,11.6855,,,,,42.118,,,,,,,,1952720.0,,
301529.SZ,20260821,,8.3101,,,,93.763,9.0242,,,,,,,,1270810.0,,
688825.SH,20260821,,6.1258,,,,137.576,47.4655,,,,,,,,387909000.0,,
000558.SZ,20260821,,1.3041,,,,,4.1848,,,,,,,,439625.0,,
688486.SH,20260821,,2.1655,,,,46.7677,5.3129,,,,,,,,848769.0,,
002801.SZ,20260821,,0.5567,,,,15.7969,3.0507,,,,,,,,614954.0,,
601869.SH,20260821,,2.4226,,,,260.139,21.1514,,,,,,,,30102600.0,,
603279.SH,20260821,,0.8971,,,,15.0622,1.5484,,,,,,,,718737.0,,
603313.SH,20260821,,1.8418,,,,,1.0213,,,,,,,,346917.0,,
688617.SH,20260821,,1.6361,,,,39.9798,12.0794,,,,,,,,3729290.0,,
000928.SZ,20260821,,0.542,,,,16.1722,0.8245,,,,,,,,708714.0,,
002198.SZ,20260821,,0.9542,,,,62.1243,2.3416,,,,,,,,171031.0,,
301499.SZ,20260821,,0.894,,,,62.0883,2.6077,,,,,,,,340660.0,,
002302.SZ,20260821,,0.6366,,,,,0.7531,,,,,,,,584470.0,,
688300.SH,20260821,,5.3002,,,,115.796,20.246,,,,,,,,3508790.0,,
603391.SH,20260821,,12.269,,,,30.2688,2.8861,,,,,,,,623987.0,,
301322.SZ,20260821,,4.2753,,,,460.504,2.1077,,,,,,,,596872.0,,
600741.SH,20260821,,0.322,,,,6.7065,0.7064,,,,,,,,4811060.0,,
300845.SZ,20260821,,4.6116,,,,76.4698,3.082,,,,,,,,253350.0,,
300933.SZ,20260821,,1.146,,,,,1.615,,,,,,,,343026.0,,
300224.SZ,20260821,,0.7325,,,,36.0952,1.9805,,,,,,,,1028420.0,,
603167.SH,20260821,,0.5183,,,,16.3626,1.1499,,,,,,,,407217.0,,
300948.SZ,20260821,,2.4722,,,,,3.5219,,,,,,,,336651.0,,
000752.SZ,20260821,,0.3266,,,,16.3767,3.8133,,,,,,,,236855.0,,
920037.BJ,20260821,,0.9213,,,,25.0855,5.8425,,,,,,,,530119.0,,
920895.BJ,20260821,,1.4914,,,,,3.6429,,,,,,,,69750.6,,
603379.SH,20260821,,0.6204,,,,17.3159,4.3516,,,,,,,,3751390.0,,
002397.SZ,20260821,,4.0348,,,,45.9954,2.1215,,,,,,,,265462.0,,
301300.SZ,20260821,,1.1411,,,,24.6483,2.5071,,,,,,,,210878.0,,
603505.SH,20260821,,1.199,,,,44.4479,6.8266,,,,,,,,1286070.0,,
688007.SH,20260821,,0.7916,,,,,2.0287,,,,,,,,489031.0,,
000722.SZ,20260821,,1.4778,,,,90.3122,2.3083,,,,,,,,731334.0,,
002965.SZ,20260821,,8.5404,,,,161.012,1.9748,,,,,,,,837540.0,,
603681.SH,20260821,,1.3911,,,,31.4004,1.4448,,,,,,,,432452.0,,
603661.SH,20260821,,1.1149,,,,26.8439,1.242,,,,,,,,458921.0,,
001317.SZ,20260821,,6.8976,,,,676.503,4.4798,,,,,,,,456066.0,,
000756.SZ,20260821,,4.3142,,,,36.1258,1.7672,,,,,,,,945399.0,,
301078.SZ,20260821,,1.1937,,,,27.9183,2.0445,,,,,,,,880143.0,,
920081.BJ,20260821,,7.2257,,,,12.2589,2.8692,,,,,,,,300346.0,,
002522.SZ,20260821,,3.1477,,,,78.5036,1.9861,,,,,,,,462853.0,,
002413.SZ,20260821,,2.2818,,,,,3.1122,,,,,,,,1023810.0,,
301255.SZ,20260821,,0.6849,,,,78.0207,2.9034,,,,,,,,310124.0,,
600796.SH,20260821,,1.7955,,,,25.5304,1.2663,,,,,,,,440226.0,,
601139.SH,20260821,,0.4648,,,,12.5292,1.0948,,,,,,,,1806600.0,,
603395.SH,20260821,,15.0253,,,,140.915,5.0268,,,,,,,,717080.0,,
920122.BJ,20260821,,2.7084,,,,89.9647,6.2286,,,,,,,,211972.0,,
688057.SH,20260821,,1.9103,,,,84.3923,1.5537,,,,,,,,493764.0,,
301046.SZ,20260821,,2.7274,,,,,3.1429,,,,,,,,368364.0,,
600736.SH,20260821,,1.5305,,,,35.5735,1.0302,,,,,,,,767912.0,,
600121.SH,20260821,,6.1723,,,,,6.5733,,,,,,,,483710.0,,
300508.SZ,20260821,,3.5883,,,,73.1913,5.4624,,,,,,,,472719.0,,
301287.SZ,20260821,,5.2174,,,,45.6172,2.2968,,,,,,,,270814.0,,
000839.SZ,20260821,,1.0005,,,,120.025,6.7642,,,,,,,,1050510.0,,
688469.SH,20260821,,1.5587,,,,,5.5751,,,,,,,,7443830.0,,
002403.SZ,20260821,,0.955,,,,,2.3372,,,,,,,,323266.0,,
600543.SH,20260821,,0.3995,,,,,1.8709,,,,,,,,129732.0,,
301030.SZ,20260821,,3.1392,,,,,,,,,,,,,175871.0,,
300004.SZ,20260821,,19.6236,,,,496.634,2.6761,,,,,,,,474234.0,,
000096.SZ,20260821,,1.0119,,,,37.3516,1.5251,,,,,,,,420288.0,,
300522.SZ,20260821,,9.2699,,,,279.377,6.0365,,,,,,,,477873.0,,
600233.SH,20260821,,0.7631,,,,10.5257,1.6057,,,,,,,,5964640.0,,
603173.SH,20260821,,0.5168,,,,12.6454,2.4229,,,,,,,,503360.0,,
300829.SZ,20260821,,2.3416,,,,32.3083,1.4013,,,,,,,,341822.0,,
001400.SZ,20260821,,9.1011,,,,79.1685,5.2588,,,,,,,,674772.0,,
920533.BJ,20260821,,1.9127,,,,55.5686,6.1043,,,,,,,,233794.0,,
300891.SZ,20260821,,1.5979,,,,,2.4142,,,,,,,,291606.0,,
601020.SH,20260821,,3.9874,,,,21.2171,4.2217,,,,,,,,1815400.0,,
002578.SZ,20260821,,4.0163,,,,,2.3428,,,,,,,,350109.0,,
300326.SZ,20260821,,0.6858,,,,24.1249,1.4826,,,,,,,,432359.0,,
300041.SZ,20260821,,2.7637,,,,24.7557,1.9963,,,,,,,,606428.0,,
600817.SH,20260821,,0.3553,,,,17.2742,2.0676,,,,,,,,507592.0,,
002048.SZ,20260821,,1.7635,,,,36.0787,1.3091,,,,,,,,1569990.0,,
002366.SZ,20260821,,1.387,,,,,2.5415,,,,,,,,1179890.0,,
688087.SH,20260821,,0.9017,,,,29.367,2.6947,,,,,,,,776634.0,,
600789.SH,20260821,,4.5279,,,,88.1002,1.4826,,,,,,,,766124.0,,
600397.SH,20260821,,10.3519,,,,,93.0172,,,,,,,,1795790.0,,
600495.SH,20260821,,0.858,,,,141.321,1.492,,,,,,,,489317.0,,
600329.SH,20260821,,0.5519,,,,32.0969,4.5823,,,,,,,,2722280.0,,
300235.SZ,20260821,,1.9349,,,,192.88,3.839,,,,,,,,272390.0,,
600893.SH,20260821,,0.6464,,,,153.826,2.4077,,,,,,,,9681440.0,,
600979.SH,20260821,,0.8872,,,,,1.1661,,,,,,,,484157.0,,
300037.SZ,20260821,,3.3643,,,,29.9003,4.2641,,,,,,,,4775870.0,,
605259.SH,20260821,,0.91,,,,15.7306,1.6567,,,,,,,,304427.0,,
920187.BJ,20260821,,0.6776,,,,13.4644,1.3385,,,,,,,,170645.0,,
600230.SH,20260821,,2.0728,,,,55.9322,1.4728,,,,,,,,605211.0,,
000546.SZ,20260821,,2.2821,,,,,1.0131,,,,,,,,370938.0,,
002244.SZ,20260821,,1.1326,,,,14.6068,0.9411,,,,,,,,2850080.0,,
000655.SZ,20260821,,1.0811,,,,16.2825,1.1714,,,,,,,,413761.0,,
300472.SZ,20260821,,0.9682,,,,,80.7981,,,,,,,,185800.0,,
920394.BJ,20260821,,0.9764,,,,51.3376,7.4542,,,,,,,,626974.0,,
600872.SH,20260821,,1.3681,,,,20.4842,2.5517,,,,,,,,1422380.0,,
603198.SH,20260821,,0.6929,,,,15.6529,2.7181,,,,,,,,3117600.0,,
688273.SH,20260821,,1.1344,,,,35.4862,2.2193,,,,,,,,304100.0,,
300890.SZ,20260821,,3.6148,,,,37.3426,1.4981,,,,,,,,320235.0,,
603016.SH,20260821,,6.3058,,,,83.0225,5.4687,,,,,,,,445665.0,,
600493.SH,20260821,,2.0281,,,,269.69,1.4832,,,,,,,,165376.0,,
300595.SZ,20260821,,1.6528,,,,21.137,1.9441,,,,,,,,983792.0,,
300736.SZ,20260821,,4.0472,,,,,57.6228,,,,,,,,379197.0,,
000012.SZ,20260821,,0.7152,,,,1014.58,0.8683,,,,,,,,1131800.0,,
688828.SH,20260821,,42.6228,,,,,51.6554,,,,,,,,3583690.0,,
300824.SZ,20260821,,1.095,,,,23.6374,3.2687,,,,,,,,248999.0,,
000544.SZ,20260821,,0.3705,,,,6.6257,0.749,,,,,,,,704697.0,,
603190.SH,20260821,,0.6665,,,,22.9617,1.278,,,,,,,,287687.0,,
301155.SZ,20260821,,1.5144,,,,30.8232,1.5801,,,,,,,,913696.0,,
002092.SZ,20260821,,1.5803,,,,,0.5348,,,,,,,,1155150.0,,
920665.BJ,20260821,,1.5441,,,,34.2191,1.4919,,,,,,,,109192.0,,
301383.SZ,20260821,,1.7645,,,,,1.8781,,,,,,,,366244.0,,
002807.SZ,20260821,,2.4253,,,,5.2469,0.5349,,,,,,,,1085720.0,,
688615.SH,20260821,,4.7845,,,,39.5568,6.2016,,,,,,,,1841220.0,,
001230.SZ,20260821,,4.1166,,,,23.2702,1.9918,,,,,,,,402217.0,,
920159.BJ,20260821,,8.945,,,,15.1402,1.9417,,,,,,,,215764.0,,
688155.SH,20260821,,2.1071,,,,17.1404,3.1135,,,,,,,,764414.0,,
000568.SZ,20260821,,0.386,,,,12.6082,2.4304,,,,,,,,12540600.0,,
000750.SZ,20260821,,0.5104,,,,28.4572,1.029,,,,,,,,2350110.0,,
300532.SZ,20260821,,0.9073,,,,20.3008,2.3887,,,,,,,,440499.0,,
600556.SH,20260821,,1.4348,,,,398.866,2.1602,,,,,,,,827948.0,,
601702.SH,20260821,,0.8401,,,,13.4561,2.3892,,,,,,,,1599650.0,,
600727.SH,20260821,,2.1897,,,,29.8241,1.1732,,,,,,,,392737.0,,
300155.SZ,20260821,,9.1974,,,,,2.0807,,,,,,,,248624.0,,
688102.SH,20260821,,2.9617,,,,168.503,13.6641,,,,,,,,2668150.0,,
001373.SZ,20260821,,3.1453,,,,,2.3202,,,,,,,,195758.0,,
002162.SZ,20260821,,1.2345,,,,357.507,4.4416,,,,,,,,367880.0,,
688326.SH,20260821,,0.6936,,,,180.19,1.9465,,,,,,,,769965.0,,
000925.SZ,20260821,,4.1667,,,,,1.7119,,,,,,,,551241.0,,
600584.SH,20260821,,5.4217,,,,72.505,4.8574,,,,,,,,14059400.0,,
301413.SZ,20260821,,3.8744,,,,108.112,6.2531,,,,,,,,794271.0,,
688805.SH,20260821,,2.9313,,,,77.6892,5.1642,,,,,,,,643556.0,,
600819.SH,20260821,,0.7938,,,,45.9418,1.3892,,,,,,,,538193.0,,
000951.SZ,20260821,,0.7263,,,,13.6719,1.4883,,,,,,,,2474760.0,,
300795.SZ,20260821,,13.8583,,,,27.5157,6.5299,,,,,,,,409485.0,,
603220.SH,20260821,,4.8662,,,,158.377,2.5721,,,,,,,,990654.0,,
003026.SZ,20260821,,3.3536,,,,110.725,8.1034,,,,,,,,552037.0,,
300825.SZ,20260821,,2.1344,,,,,2.5744,,,,,,,,523089.0,,
301151.SZ,20260821,,1.1537,,,,59.8192,1.3248,,,,,,,,274632.0,,
920169.BJ,20260821,,12.0909,,,,60.6828,5.0047,,,,,,,,168549.0,,
603813.SH,20260821,,0.5249,,,,,6.1825,,,,,,,,306749.0,,
301617.SZ,20260821,,3.054,,,,50.3385,4.7739,,,,,,,,859973.0,,
600497.SH,20260821,,2.8338,,,,42.4083,2.9672,,,,,,,,5100860.0,,
301275.SZ,20260821,,0.9947,,,,36.2627,4.2109,,,,,,,,1750430.0,,
301303.SZ,20260821,,3.1012,,,,17.5584,1.637,,,,,,,,572729.0,,
600538.SH,20260821,,1.7149,,,,,4.0149,,,,,,,,273107.0,,
300332.SZ,20260821,,7.2104,,,,,1.0988,,,,,,,,423007.0,,
603900.SH,20260821,,4.4625,,,,25.9251,1.1035,,,,,,,,220144.0,,
920436.BJ,20260821,,0.5533,,,,881.554,2.4913,,,,,,,,96605.3,,
002106.SZ,20260821,,1.9586,,,,35.1922,1.2842,,,,,,,,721344.0,,
300939.SZ,20260821,,2.4469,,,,117.642,5.1167,,,,,,,,740400.0,,
600326.SH,20260821,,1.7682,,,,,2.4858,,,,,,,,956450.0,,
300036.SZ,20260821,,1.2042,,,,112.226,2.0583,,,,,,,,543029.0,,
301382.SZ,20260821,,4.2071,,,,75.5265,6.1157,,,,,,,,1168360.0,,
600108.SH,20260821,,7.5226,,,,120.501,1.482,,,,,,,,642482.0,,
301314.SZ,20260821,,3.1022,,,,135.993,2.2784,,,,,,,,240006.0,,
300233.SZ,20260821,,3.8491,,,,37.8442,1.4109,,,,,,,,528595.0,,
300909.SZ,20260821,,3.852,,,,474.632,4.7571,,,,,,,,947719.0,,
688037.SH,20260821,,2.5271,,,,1048.1,26.4011,,,,,,,,7394740.0,,
301106.SZ,20260821,,12.6563,,,,44.9591,2.5721,,,,,,,,333813.0,,
600039.SH,20260821,,0.1124,,,,10.3335,1.3703,,,,,,,,7252120.0,,
601860.SH,20260821,,1.2682,,,,7.3732,0.4513,,,,,,,,922598.0,,
001330.SZ,20260821,,3.1,,,,,1.7359,,,,,,,,659769.0,,
600643.SH,20260821,,0.719,,,,,0.6375,,,,,,,,626116.0,,
301601.SZ,20260821,,1.1875,,,,34.818,1.7098,,,,,,,,227016.0,,
600818.SH,20260821,,1.8973,,,,,4.6528,,,,,,,,232407.0,,
920145.BJ,20260821,,0.3972,,,,,2.7254,,,,,,,,70267.8,,
600776.SH,20260821,,0.9316,,,,34.4389,4.1238,,,,,,,,1575020.0,,
600095.SH,20260821,,0.5613,,,,50.599,1.8058,,,,,,,,2221590.0,,
301136.SZ,20260821,,1.3787,,,,2451.45,2.1625,,,,,,,,312908.0,,
300643.SZ,20260821,,1.5555,,,,26.0846,3.1874,,,,,,,,418700.0,,
300123.SZ,20260821,,2.3263,,,,,14.7325,,,,,,,,459825.0,,
002554.SZ,20260821,,1.905,,,,,2.0116,,,,,,,,384111.0,,
603211.SH,20260821,,3.5977,,,,100.262,5.0053,,,,,,,,627061.0,,
601890.SH,20260821,,1.6544,,,,23.345,2.0945,,,,,,,,815490.0,,
002485.SZ,20260821,,0.2682,,,,,3.1997,,,,,,,,324768.0,,
002349.SZ,20260821,,2.1458,,,,25.7983,2.0363,,,,,,,,575141.0,,
000802.SZ,20260821,,15.0729,,,,,4.8262,,,,,,,,285644.0,,
002903.SZ,20260821,,24.6634,,,,,6.7447,,,,,,,,525202.0,,
600895.SH,20260821,,1.1132,,,,50.549,3.4962,,,,,,,,4783900.0,,
301203.SZ,20260821,,1.3383,,,,25.7787,1.9558,,,,,,,,272960.0,,
688826.SH,20260821,,20.7312,,,,227.679,74.2291,,,,,,,,3789800.0,,
002393.SZ,20260821,,1.9347,,,,29.3079,0.9907,,,,,,,,444558.0,,
002429.SZ,20260821,,1.7545,,,,36.1536,2.2392,,,,,,,,3734730.0,,
002772.SZ,20260821,,3.4251,,,,8.5565,1.0974,,,,,,,,390856.0,,
300277.SZ,20260821,,0.9768,,,,397.844,1.8037,,,,,,,,1822950.0,,
300817.SZ,20260821,,1.5929,,,,48.3796,3.1534,,,,,,,,332468.0,,
600707.SH,20260821,,3.4021,,,,609.49,1.6067,,,,,,,,3502270.0,,
601010.SH,20260821,,0.7531,,,,,0.6263,,,,,,,,258644.0,,
600169.SH,20260821,,0.1473,,,,28.1789,1.3092,,,,,,,,683294.0,,
301550.SZ,20260821,,6.219,,,,178.891,15.8374,,,,,,,,2958450.0,,
300686.SZ,20260821,,7.8097,,,,,5.0581,,,,,,,,382336.0,,
300604.SZ,20260821,,2.6319,,,,114.684,35.4178,,,,,,,,18038900.0,,
002883.SZ,20260821,,0.3549,,,,,3.0507,,,,,,,,142884.0,,
601089.SH,20260821,,3.0998,,,,20.6266,2.1431,,,,,,,,799680.0,,
601007.SH,20260821,,1.449,,,,40.0669,1.6197,,,,,,,,261690.0,,
300510.SZ,20260821,,1.5225,,,,,1.4624,,,,,,,,280395.0,,
603029.SH,20260821,,1.6223,,,,25.7074,2.0004,,,,,,,,191963.0,,
920770.BJ,20260821,,1.2659,,,,29.7942,2.073,,,,,,,,128961.0,,
601778.SH,20260821,,2.3948,,,,56.8162,0.8531,,,,,,,,1340300.0,,
920002.BJ,20260821,,2.0777,,,,52.2484,4.4136,,,,,,,,335339.0,,
688390.SH,20260821,,2.5581,,,,60.8782,5.6582,,,,,,,,1609720.0,,
688135.SH,20260821,,2.9161,,,,3283.63,3.7407,,,,,,,,593016.0,,
920792.BJ,20260821,,0.4527,,,,20.2242,1.5263,,,,,,,,162891.0,,
920748.BJ,20260821,,5.6257,,,,,9.2327,,,,,,,,191159.0,,
603956.SH,20260821,,2.3855,,,,,2.0786,,,,,,,,369299.0,,
002734.SZ,20260821,,2.068,,,,14.3081,1.7234,,,,,,,,693774.0,,
000056.SZ,20260821,,2.3506,,,,,,,,,,,,,237688.0,,
688472.SH,20260821,,0.952,,,,25.6354,1.6138,,,,,,,,3814370.0,,
920957.BJ,20260821,,2.2092,,,,119.359,2.5645,,,,,,,,101722.0,,
002476.SZ,20260821,,2.0766,,,,102.044,3.1818,,,,,,,,306612.0,,
002185.SZ,20260821,,4.6566,,,,70.9639,3.2312,,,,,,,,5789400.0,,
600623.SH,20260821,,0.6562,,,,30.6391,0.7681,,,,,,,,1731620.0,,
002096.SZ,20260821,,0.2615,,,,15.562,1.4077,,,,,,,,1143690.0,,
002582.SZ,20260821,,6.8873,,,,2.3917,0.9062,,,,,,,,463378.0,,
300545.SZ,20260821,,20.8372,,,,66.1636,2.9013,,,,,,,,632052.0,,
301633.SZ,20260821,,2.5213,,,,46.8968,3.2969,,,,,,,,306741.0,,
600325.SH,20260821,,3.2716,,,,,0.7413,,,,,,,,635747.0,,
001239.SZ,20260821,,1.1754,,,,90.1185,2.115,,,,,,,,287040.0,,
600712.SH,20260821,,1.904,,,,,3.764,,,,,,,,284855.0,,
920020.BJ,20260821,,1.0114,,,,18.4145,2.7937,,,,,,,,334043.0,,
002170.SZ,20260821,,1.4699,,,,10.7431,2.6914,,,,,,,,1089750.0,,
002177.SZ,20260821,,10.0071,,,,303.718,2.5569,,,,,,,,439207.0,,
603118.SH,20260821,,18.9744,,,,175.216,2.7604,,,,,,,,1400560.0,,
300982.SZ,20260821,,0.8891,,,,,1.0736,,,,,,,,305894.0,,
002115.SZ,20260821,,4.4963,,,,242.036,4.0384,,,,,,,,837239.0,,
688521.SH,20260821,,2.6988,,,,,32.0673,,,,,,,,9381280.0,,
002317.SZ,20260821,,4.8152,,,,75.9224,5.3465,,,,,,,,2224270.0,,
688077.SH,20260821,,2.9069,,,,47.436,2.9745,,,,,,,,329698.0,,
603235.SH,20260821,,0.1182,,,,19.2786,1.9799,,,,,,,,1002520.0,,
601965.SH,20260821,,0.4507,,,,13.4065,1.7589,,,,,,,,1407720.0,,
001301.SZ,20260821,,3.0415,,,,26.6009,3.2029,,,,,,,,2304370.0,,
300943.SZ,20260821,,6.949,,,,110.186,6.1407,,,,,,,,627358.0,,
002160.SZ,20260821,,1.1844,,,,60.5091,1.0847,,,,,,,,408981.0,,
600653.SH,20260821,,0.9928,,,,,5.1966,,,,,,,,325046.0,,
920304.BJ,20260821,,2.582,,,,33.34,3.0288,,,,,,,,160044.0,,
002793.SZ,20260821,,4.5099,,,,,4.8282,,,,,,,,543794.0,,
002208.SZ,20260821,,2.9024,,,,,1.4662,,,,,,,,868359.0,,
000965.SZ,20260821,,1.431,,,,,0.6345,,,,,,,,349597.0,,
301500.SZ,20260821,,7.8671,,,,16.724,2.4025,,,,,,,,1298910.0,,
301258.SZ,20260821,,1.3605,,,,64.6007,1.3043,,,,,,,,242834.0,,
002519.SZ,20260821,,1.585,,,,,2.6822,,,,,,,,595882.0,,
920038.BJ,20260821,,15.0441,,,,14.8572,4.9682,,,,,,,,404540.0,,
603638.SH,20260821,,0.5218,,,,37.7675,4.5938,,,,,,,,1673320.0,,
003029.SZ,20260821,,1.69,,,,,3.1472,,,,,,,,322378.0,,
688349.SH,20260821,,0.3114,,,,20.5997,1.5528,,,,,,,,2230670.0,,
920225.BJ,20260821,,1.6913,,,,32.7688,2.5251,,,,,,,,187078.0,,
301669.SZ,20260821,,4.5608,,,,95.5672,14.0661,,,,,,,,1342560.0,,
601238.SH,20260821,,0.8255,,,,,0.4999,,,,,,,,5210700.0,,
920061.BJ,20260821,,1.4959,,,,265.671,4.39,,,,,,,,123104.0,,
603816.SH,20260821,,0.8092,,,,13.0067,2.0737,,,,,,,,2298600.0,,
600616.SH,20260821,,0.946,,,,6879.83,1.4629,,,,,,,,282989.0,,
920156.BJ,20260821,,3.6465,,,,18.5465,5.278,,,,,,,,396281.0,,
002899.SZ,20260821,,1.7766,,,,45.4022,1.6378,,,,,,,,289682.0,,
301631.SZ,20260821,,6.0421,,,,28.1384,3.2077,,,,,,,,855293.0,,
920079.BJ,20260821,,7.3325,,,,13.234,3.321,,,,,,,,564933.0,,
600061.SH,20260821,,0.2917,,,,11.8756,0.7306,,,,,,,,3996310.0,,
000001.SZ,20260821,,0.4479,,,,5.095,0.4729,,,,,,,,22142200.0,,
301568.SZ,20260821,,6.6094,,,,62.8021,7.0423,,,,,,,,752754.0,,
600084.SH,20260821,,0.1381,,,,,3.6099,,,,,,,,459604.0,,
688176.SH,20260821,,2.7266,,,,,4.7593,,,,,,,,698074.0,,
301166.SZ,20260821,,19.0163,,,,,1.3246,,,,,,,,264020.0,,
600316.SH,20260821,,0.9339,,,,375.932,3.7704,,,,,,,,2033020.0,,
688710.SH,20260821,,4.3432,,,,,5.7447,,,,,,,,1342830.0,,
002119.SZ,20260821,,6.3861,,,,73.3083,6.1302,,,,,,,,881917.0,,
301348.SZ,20260821,,3.4348,,,,,3.4057,,,,,,,,500400.0,,
600583.SH,20260821,,1.0726,,,,13.025,0.9377,,,,,,,,2705870.0,,
301280.SZ,20260821,,1.7727,,,,38.1994,4.0866,,,,,,,,807714.0,,
688588.SH,20260821,,0.5583,,,,96.4575,3.0142,,,,,,,,370120.0,,
688050.SH,20260821,,2.183,,,,29.5609,2.7342,,,,,,,,783036.0,,
002749.SZ,20260821,,0.7766,,,,18.0238,2.5179,,,,,,,,478009.0,,
600180.SH,20260821,,2.3256,,,,,0.4024,,,,,,,,172774.0,,
605168.SH,20260821,,2.1759,,,,77.6798,3.6211,,,,,,,,990207.0,,
300552.SZ,20260821,,2.4742,,,,,2.4825,,,,,,,,430955.0,,
603777.SH,20260821,,1.1853,,,,,2.9634,,,,,,,,461840.0,,
601727.SH,20260821,,0.2919,,,,78.3995,1.8487,,,,,,,,10147700.0,,
002563.SZ,20260821,,0.7862,,,,14.6976,1.342,,,,,,,,1538330.0,,
600478.SH,20260821,,1.1379,,,,58.1404,2.8194,,,,,,,,826632.0,,
300009.SZ,20260821,,12.3658,,,,21.6008,3.1593,,,,,,,,1498620.0,,
002068.SZ,20260821,,2.652,,,,,2.4468,,,,,,,,570628.0,,
688244.SH,20260821,,0.8066,,,,,2.3822,,,,,,,,225838.0,,
301366.SZ,20260821,,7.7615,,,,132.475,5.3574,,,,,,,,1181370.0,,
002493.SZ,20260821,,0.535,,,,44.6978,2.9637,,,,,,,,13745500.0,,
002982.SZ,20260821,,2.7028,,,,178.471,1.5451,,,,,,,,250945.0,,
605499.SH,20260821,,0.8513,,,,17.9581,4.525,,,,,,,,8812590.0,,
002968.SZ,20260821,,1.3521,,,,22.0003,1.6799,,,,,,,,209307.0,,
605339.SH,20260821,,0.6515,,,,807.153,1.729,,,,,,,,589340.0,,
301291.SZ,20260821,,3.2766,,,,23.8998,2.3628,,,,,,,,1196510.0,,
920374.BJ,20260821,,0.958,,,,91.3491,4.6935,,,,,,,,123598.0,,
300832.SZ,20260821,,1.4355,,,,23.7378,4.544,,,,,,,,4075520.0,,
301232.SZ,20260821,,13.2378,,,,242.016,7.6893,,,,,,,,1088240.0,,
000607.SZ,20260821,,1.1616,,,,,3.1079,,,,,,,,369425.0,,
600582.SH,20260821,,1.0526,,,,13.6769,0.7578,,,,,,,,1974110.0,,
601059.SH,20260821,,0.2142,,,,27.1061,2.48,,,,,,,,5331490.0,,
600959.SH,20260821,,0.3125,,,,68.9966,0.6597,,,,,,,,1500220.0,,
920346.BJ,20260821,,0.5132,,,,24.7859,2.3934,,,,,,,,116382.0,,
001270.SZ,20260821,,4.6378,,,,156.577,13.5367,,,,,,,,2141530.0,,
605378.SH,20260821,,0.5401,,,,94.938,2.9692,,,,,,,,369544.0,,
600684.SH,20260821,,1.7147,,,,61.7069,3.0371,,,,,,,,382702.0,,
920726.BJ,20260821,,4.1183,,,,41.4734,3.4957,,,,,,,,163312.0,,
600480.SH,20260821,,0.6194,,,,13.1656,1.234,,,,,,,,1018120.0,,
300568.SZ,20260821,,4.0198,,,,1143.55,2.2193,,,,,,,,2165100.0,,
000027.SZ,20260821,,0.2749,,,,14.6209,0.8746,,,,,,,,2925790.0,,
301419.SZ,20260821,,9.544,,,,92.2873,6.2302,,,,,,,,605850.0,,
300557.SZ,20260821,,1.3104,,,,85.3754,3.9713,,,,,,,,402563.0,,
688269.SH,20260821,,1.2673,,,,31.0215,3.8183,,,,,,,,420344.0,,
600990.SH,20260821,,0.8346,,,,,3.1248,,,,,,,,483416.0,,
601088.SH,20260821,,0.1099,,,,19.5204,2.0932,,,,,,,,100661000.0,,
300378.SZ,20260821,,2.915,,,,52.1444,3.6784,,,,,,,,854040.0,,
603739.SH,20260821,,2.8753,,,,39.8169,1.7279,,,,,,,,310973.0,,
688153.SH,20260821,,0.5322,,,,809.477,2.7732,,,,,,,,1102890.0,,
605222.SH,20260821,,1.5068,,,,41.406,1.7256,,,,,,,,812190.0,,
300194.SZ,20260821,,2.9561,,,,74.3755,1.0569,,,,,,,,467557.0,,
300062.SZ,20260821,,2.8136,,,,,2.5423,,,,,,,,391821.0,,
002821.SZ,20260821,,6.4766,,,,54.6055,3.3771,,,,,,,,6062750.0,,
002866.SZ,20260821,,2.7841,,,,65.2778,2.0304,,,,,,,,425887.0,,
920167.BJ,20260821,,1.2782,,,,26.4482,2.444,,,,,,,,162619.0,,
920177.BJ,20260821,,0.8382,,,,16.1854,3.0737,,,,,,,,129701.0,,
000630.SZ,20260821,,2.4397,,,,33.6025,2.3574,,,,,,,,8836840.0,,
688560.SH,20260821,,1.3123,,,,,0.9493,,,,,,,,243575.0,,
603072.SH,20260821,,1.3832,,,,48.0939,3.7348,,,,,,,,832746.0,,
603021.SH,20260821,,2.1737,,,,,,,,,,,,,170852.0,,
002818.SZ,20260821,,1.0076,,,,10.2429,1.3625,,,,,,,,814323.0,,
603203.SH,20260821,,1.6954,,,,96.5646,9.6064,,,,,,,,1439840.0,,
605333.SH,20260821,,1.1936,,,,19.488,2.3645,,,,,,,,815319.0,,
601928.SH,20260821,,0.4171,,,,13.071,1.0982,,,,,,,,2236970.0,,
000593.SZ,20260821,,5.3655,,,,273.633,9.7944,,,,,,,,866094.0,,
000723.SZ,20260821,,2.6167,,,,,1.2621,,,,,,,,1558840.0,,
601588.SH,20260821,,1.0878,,,,,0.9773,,,,,,,,569026.0,,
000900.SZ,20260821,,0.812,,,,13.8919,0.4898,,,,,,,,547936.0,,
000539.SZ,20260821,,1.4167,,,,33.7939,1.2049,,,,,,,,2808900.0,,
688139.SH,20260821,,1.5486,,,,36.6052,2.1145,,,,,,,,934920.0,,
603848.SH,20260821,,1.7178,,,,23.9115,2.0275,,,,,,,,524336.0,,
688613.SH,20260821,,1.7192,,,,148.978,1.4745,,,,,,,,211678.0,,
002759.SZ,20260821,,5.7594,,,,25.6936,2.6344,,,,,,,,926054.0,,
603630.SH,20260821,,2.9254,,,,,1.7187,,,,,,,,324520.0,,
301309.SZ,20260821,,1.3296,,,,26.5202,1.7798,,,,,,,,298185.0,,
605305.SH,20260821,,1.0296,,,,14.0978,2.5796,,,,,,,,790362.0,,
601225.SH,20260821,,0.3102,,,,15.4269,2.4432,,,,,,,,24945200.0,,
603898.SH,20260821,,0.8014,,,,,1.0994,,,,,,,,337158.0,,
301223.SZ,20260821,,0.4829,,,,20.3782,1.073,,,,,,,,319433.0,,
603081.SH,20260821,,0.5408,,,,67.5627,1.2435,,,,,,,,397572.0,,
002202.SZ,20260821,,4.7225,,,,26.0349,2.0383,,,,,,,,8105450.0,,
603559.SH,20260821,,3.4926,,,,,4.6236,,,,,,,,361952.0,,
000922.SZ,20260821,,1.5512,,,,32.6924,2.1292,,,,,,,,1004950.0,,
603042.SH,20260821,,4.168,,,,,3.3854,,,,,,,,288516.0,,
603909.SH,20260821,,0.927,,,,21.4923,2.1316,,,,,,,,249725.0,,
300409.SZ,20260821,,2.1613,,,,25.3766,1.7797,,,,,,,,1437770.0,,
002139.SZ,20260821,,0.827,,,,54.1169,1.6922,,,,,,,,1184490.0,,
301205.SZ,20260821,,10.9537,,,,450.529,24.1944,,,,,,,,3938960.0,,
300448.SZ,20260821,,1.7253,,,,,3.2002,,,,,,,,389674.0,,
002882.SZ,20260821,,3.4222,,,,120.713,4.4044,,,,,,,,935064.0,,
600150.SH,20260821,,1.0102,,,,22.4176,1.6949,,,,,,,,25346300.0,,
600613.SH,20260821,,36.7859,,,,133.024,2.0656,,,,,,,,480664.0,,
600868.SH,20260821,,1.8137,,,,,2.6784,,,,,,,,518195.0,,
603121.SH,20260821,,1.0693,,,,,3.8042,,,,,,,,417412.0,,
603011.SH,20260821,,6.8664,,,,,6.3071,,,,,,,,1175720.0,,
301108.SZ,20260821,,2.7479,,,,54.9012,2.2431,,,,,,,,425350.0,,
688443.SH,20260821,,3.2195,,,,,6.6292,,,,,,,,951535.0,,
600283.SH,20260821,,0.3199,,,,21.84,1.3743,,,,,,,,436883.0,,
000543.SZ,20260821,,0.766,,,,7.7925,0.9541,,,,,,,,1675210.0,,
000958.SZ,20260821,,0.206,,,,29.1714,2.1214,,,,,,,,9616180.0,,
601880.SH,20260821,,0.2023,,,,23.3824,0.8395,,,,,,,,3417910.0,,
000889.SZ,20260821,,3.0722,,,,,52.0373,,,,,,,,361408.0,,
603186.SH,20260821,,17.1192,,,,93.4399,11.5408,,,,,,,,2702600.0,,
601298.SH,20260821,,0.124,,,,10.9805,1.2226,,,,,,,,5757610.0,,
301479.SZ,20260821,,2.1538,,,,32.7373,4.5974,,,,,,,,601335.0,,
301551.SZ,20260821,,2.8244,,,,31.52,3.177,,,,,,,,801220.0,,
688110.SH,20260821,,4.6037,,,,19539.3,14.8569,,,,,,,,5339500.0,,
300135.SZ,20260821,,2.673,,,,,3.598,,,,,,,,311501.0,,
300212.SZ,20260821,,4.3812,,,,,,,,,,,,,552158.0,,
688686.SH,20260821,,1.7342,,,,71.3692,4.7149,,,,,,,,1503620.0,,
301110.SZ,20260821,,1.4785,,,,29.1415,2.9342,,,,,,,,452127.0,,
300570.SZ,20260821,,18.3233,,,,161.332,29.1993,,,,,,,,4870960.0,,
300463.SZ,20260821,,2.252,,,,,0.8971,,,,,,,,565968.0,,
600764.SH,20260821,,0.3789,,,,107.389,1.5075,,,,,,,,1236500.0,,
601198.SH,20260821,,0.6147,,,,19.0508,1.444,,,,,,,,4396130.0,,
300437.SZ,20260821,,2.8914,,,,,1.9525,,,,,,,,269969.0,,
920579.BJ,20260821,,1.3982,,,,,4.0612,,,,,,,,189688.0,,
920101.BJ,20260821,,0.3213,,,,19.0888,1.8881,,,,,,,,202687.0,,
603687.SH,20260821,,1.8591,,,,106.22,2.2523,,,,,,,,737043.0,,
300864.SZ,20260821,,6.3453,,,,25.146,2.7368,,,,,,,,383441.0,,
001229.SZ,20260821,,7.1266,,,,110.371,6.4238,,,,,,,,650465.0,,
000628.SZ,20260821,,8.7204,,,,147.601,7.2643,,,,,,,,1597590.0,,
002683.SZ,20260821,,0.97,,,,23.4058,3.2215,,,,,,,,2263700.0,,
000153.SZ,20260821,,10.6234,,,,28.6645,1.2924,,,,,,,,282064.0,,
920208.BJ,20260821,,1.295,,,,11.5311,2.1774,,,,,,,,227961.0,,
600380.SH,20260821,,1.8146,,,,13.7481,1.1578,,,,,,,,1807500.0,,
000852.SZ,20260821,,2.0882,,,,,1.6078,,,,,,,,502735.0,,
000636.SZ,20260821,,10.951,,,,204.143,5.0255,,,,,,,,6273330.0,,
000860.SZ,20260821,,0.7938,,,,,1.1074,,,,,,,,760311.0,,
603677.SH,20260821,,0.5279,,,,200.971,2.3626,,,,,,,,263671.0,,
000592.SZ,20260821,,4.4956,,,,,6.6282,,,,,,,,1174520.0,,
002535.SZ,20260821,,2.0105,,,,,3.4081,,,,,,,,202826.0,,
002479.SZ,20260821,,4.3075,,,,15.3162,1.173,,,,,,,,517270.0,,
688581.SH,20260821,,2.0089,,,,19.5077,1.6369,,,,,,,,417106.0,,
300983.SZ,20260821,,0.727,,,,,2.4953,,,,,,,,690163.0,,
601999.SH,20260821,,1.0606,,,,32.0973,1.2516,,,,,,,,336058.0,,
300540.SZ,20260821,,9.2616,,,,79.5986,5.7838,,,,,,,,668210.0,,
920670.BJ,20260821,,1.0905,,,,388.201,5.4725,,,,,,,,132516.0,,
920799.BJ,20260821,,4.6768,,,,151.735,15.5467,,,,,,,,652324.0,,
601888.SH,20260821,,0.8831,,,,26.5458,1.8911,,,,,,,,10864800.0,,
688177.SH,20260821,,1.176,,,,,38.2629,,,,,,,,857560.0,,
688033.SH,20260821,,0.3764,,,,,2.5222,,,,,,,,334508.0,,
300637.SZ,20260821,,1.2538,,,,1075.33,3.0314,,,,,,,,212449.0,,
600359.SH,20260821,,4.0364,,,,,3.7108,,,,,,,,250272.0,,
002831.SZ,20260821,,0.8289,,,,20.5949,2.6666,,,,,,,,3289110.0,,
002210.SZ,20260821,,1.5773,,,,212.613,6.3032,,,,,,,,590794.0,,
002102.SZ,20260821,,0.3065,,,,111.054,1.7225,,,,,,,,533990.0,,
300961.SZ,20260821,,2.7355,,,,,3.7088,,,,,,,,205113.0,,
688543.SH,20260821,,1.5213,,,,40.7054,3.954,,,,,,,,967356.0,,
920556.BJ,20260821,,2.1784,,,,48.4116,2.0266,,,,,,,,106987.0,,
605183.SH,20260821,,0.1824,,,,13.631,1.5778,,,,,,,,597450.0,,
301005.SZ,20260821,,7.5334,,,,945.809,17.5549,,,,,,,,1372340.0,,
600728.SH,20260821,,1.0942,,,,148.474,1.2365,,,,,,,,976730.0,,
002061.SZ,20260821,,0.9723,,,,9.4301,0.5654,,,,,,,,906601.0,,
603367.SH,20260821,,3.1628,,,,15.6294,1.0098,,,,,,,,638383.0,,
002117.SZ,20260821,,0.7954,,,,27.1854,2.7679,,,,,,,,410074.0,,
605108.SH,20260821,,0.9381,,,,48.3789,1.3907,,,,,,,,324480.0,,
603187.SH,20260821,,1.8425,,,,13.0544,0.9984,,,,,,,,423878.0,,
301345.SZ,20260821,,2.0271,,,,30.0975,7.2196,,,,,,,,2728080.0,,
301129.SZ,20260821,,17.1363,,,,27.278,1.9045,,,,,,,,347141.0,,
600961.SH,20260821,,8.542,,,,12.2517,5.201,,,,,,,,3048030.0,,
300263.SZ,20260821,,3.606,,,,49.1925,2.4582,,,,,,,,1030870.0,,
300477.SZ,20260821,,1.7756,,,,,32.7076,,,,,,,,271221.0,,
002062.SZ,20260821,,1.5876,,,,39.1368,1.9883,,,,,,,,971258.0,,
300353.SZ,20260821,,1.4376,,,,118.994,5.0208,,,,,,,,1107420.0,,
300658.SZ,20260821,,2.4499,,,,57.8766,2.6061,,,,,,,,352064.0,,
603895.SH,20260821,,1.1438,,,,159.435,13.2077,,,,,,,,271065.0,,
002440.SZ,20260821,,2.4101,,,,17.1679,1.3656,,,,,,,,1382520.0,,
001396.SZ,20260821,,2.7186,,,,27.8238,2.497,,,,,,,,357268.0,,
603101.SH,20260821,,2.0738,,,,31.1841,2.2961,,,,,,,,336806.0,,
000816.SZ,20260821,,1.8561,,,,,2.0306,,,,,,,,402270.0,,
000975.SZ,20260821,,2.8395,,,,20.8941,4.9772,,,,,,,,7923880.0,,
600666.SH,20260821,,2.9708,,,,68.3748,8.7329,,,,,,,,957458.0,,
000882.SZ,20260821,,1.5955,,,,,0.5981,,,,,,,,391441.0,,
603189.SH,20260821,,1.1374,,,,,1.696,,,,,,,,243133.0,,
000155.SZ,20260821,,2.2861,,,,42.2312,2.0929,,,,,,,,2248630.0,,
920870.BJ,20260821,,0.9673,,,,84.1093,3.3674,,,,,,,,154368.0,,
300295.SZ,20260821,,2.5288,,,,,2.2006,,,,,,,,238534.0,,
002674.SZ,20260821,,5.4098,,,,79.5805,3.4117,,,,,,,,836114.0,,
600519.SH,20260821,,0.2678,,,,19.539,6.3328,,,,,,,,159114000.0,,
605060.SH,20260821,,1.9181,,,,39.8762,3.9534,,,,,,,,1028050.0,,
920478.BJ,20260821,,6.7199,,,,36.9403,2.4297,,,,,,,,126170.0,,
688166.SH,20260821,,3.5924,,,,314.278,6.4722,,,,,,,,1598060.0,,
600962.SH,20260821,,1.8289,,,,366.991,7.0412,,,,,,,,666800.0,,
600491.SH,20260821,,9.64,,,,,0.3984,,,,,,,,276886.0,,
002629.SZ,20260821,,2.0248,,,,243.264,32.0265,,,,,,,,201970.0,,
688133.SH,20260821,,1.89,,,,,1.4101,,,,,,,,383632.0,,
001226.SZ,20260821,,3.7124,,,,154.039,4.7488,,,,,,,,352950.0,,
000158.SZ,20260821,,1.5489,,,,640.441,3.8201,,,,,,,,2025450.0,,
688062.SH,20260821,,5.8599,,,,,130.362,,,,,,,,1392460.0,,
603267.SH,20260821,,2.2244,,,,39.7419,2.516,,,,,,,,1136690.0,,
002905.SZ,20260821,,1.5758,,,,,44.7121,,,,,,,,291648.0,,
688691.SH,20260821,,4.0805,,,,,6.4159,,,,,,,,774000.0,,
300256.SZ,20260821,,1.0804,,,,,6.8278,,,,,,,,619271.0,,
603829.SH,20260821,,1.5319,,,,51.2312,1.8868,,,,,,,,281821.0,,
600188.SH,20260821,,0.5071,,,,22.4931,2.8095,,,,,,,,21488900.0,,
301662.SZ,20260821,,3.067,,,,66.3034,5.0755,,,,,,,,786248.0,,
003037.SZ,20260821,,0.3431,,,,97.3856,1.2099,,,,,,,,337878.0,,
002541.SZ,20260821,,1.8561,,,,21.6826,1.4129,,,,,,,,1392460.0,,
600141.SH,20260821,,2.0602,,,,25.6378,1.4739,,,,,,,,3686940.0,,
603998.SH,20260821,,4.2748,,,,14.2244,2.5144,,,,,,,,436008.0,,
688313.SH,20260821,,6.4101,,,,151.826,41.5933,,,,,,,,7141380.0,,
600064.SH,20260821,,1.6907,,,,7.5812,0.6496,,,,,,,,1292560.0,,
000028.SZ,20260821,,0.6188,,,,10.8819,0.6308,,,,,,,,1192000.0,,
688611.SH,20260821,,0.6252,,,,,11.4169,,,,,,,,984915.0,,
600373.SH,20260821,,0.5573,,,,44.0121,0.5241,,,,,,,,937762.0,,
300561.SZ,20260821,,5.922,,,,,8.6401,,,,,,,,501349.0,,
300334.SZ,20260821,,1.4588,,,,,4.666,,,,,,,,255547.0,,
301218.SZ,20260821,,8.0444,,,,,5.3108,,,,,,,,482047.0,,
688088.SH,20260821,,0.7793,,,,48.2485,4.575,,,,,,,,1268100.0,,
300812.SZ,20260821,,3.4478,,,,,4.9092,,,,,,,,381234.0,,
600871.SH,20260821,,0.9545,,,,62.244,4.2051,,,,,,,,4208460.0,,
300907.SZ,20260821,,3.3721,,,,115.418,6.1079,,,,,,,,492480.0,,
600337.SH,20260821,,1.539,,,,,11.7196,,,,,,,,459839.0,,
920096.BJ,20260821,,4.0188,,,,31.3257,3.3821,,,,,,,,234876.0,,
600138.SH,20260821,,0.8863,,,,62.729,0.7999,,,,,,,,503793.0,,
002560.SZ,20260821,,3.7473,,,,35.2305,1.6521,,,,,,,,442634.0,,
002702.SZ,20260821,,4.0617,,,,,2.6053,,,,,,,,270099.0,,
002768.SZ,20260821,,2.5075,,,,28.8498,4.1283,,,,,,,,2847070.0,,
300738.SZ,20260821,,3.5784,,,,85.1473,5.5952,,,,,,,,2052180.0,,
301575.SZ,20260821,,3.0676,,,,27.1258,2.1919,,,,,,,,310383.0,,
002179.SZ,20260821,,0.6088,,,,37.6524,2.9299,,,,,,,,7229050.0,,
603370.SH,20260821,,1.3421,,,,38.3528,2.913,,,,,,,,573486.0,,
300445.SZ,20260821,,0.9274,,,,33.5092,2.9596,,,,,,,,388747.0,,
601001.SH,20260821,,1.6012,,,,17.0014,1.4418,,,,,,,,2818510.0,,
603619.SH,20260821,,11.1386,,,,34.8584,2.487,,,,,,,,1085570.0,,
600060.SH,20260821,,0.3104,,,,13.4836,1.5391,,,,,,,,3359000.0,,
300025.SZ,20260821,,1.7292,,,,,6.1214,,,,,,,,261011.0,,
920593.BJ,20260821,,1.0364,,,,185.163,6.1472,,,,,,,,450692.0,,
688115.SH,20260821,,1.749,,,,815.996,4.9965,,,,,,,,637125.0,,
603789.SH,20260821,,0.855,,,,,15.484,,,,,,,,162046.0,,
688305.SH,20260821,,2.5284,,,,93.0474,4.3651,,,,,,,,837903.0,,
000963.SZ,20260821,,3.1552,,,,14.0727,1.915,,,,,,,,4928000.0,,
000972.SZ,20260821,,1.7985,,,,,432.399,,,,,,,,280747.0,,
301208.SZ,20260821,,2.0861,,,,64.5991,2.2877,,,,,,,,358200.0,,
002851.SZ,20260821,,6.9714,,,,489.061,8.3515,,,,,,,,7491640.0,,
688389.SH,20260821,,0.4814,,,,29.3332,2.2244,,,,,,,,478190.0,,
301251.SZ,20260821,,9.4362,,,,135.602,5.8188,,,,,,,,900394.0,,
600588.SH,20260821,,1.0604,,,,,5.3271,,,,,,,,3673270.0,,
301276.SZ,20260821,,3.2143,,,,23.5497,1.2058,,,,,,,,261922.0,,
600734.SH,20260821,,1.2242,,,,,15.7773,,,,,,,,361598.0,,
920263.BJ,20260821,,0.2161,,,,,1.7823,,,,,,,,96045.2,,
688125.SH,20260821,,1.2141,,,,,5.6786,,,,,,,,1018780.0,,
300724.SZ,20260821,,2.7638,,,,9.2265,1.4783,,,,,,,,2010690.0,,
002926.SZ,20260821,,0.3384,,,,13.789,0.8542,,,,,,,,2155120.0,,
603182.SH,20260821,,1.7154,,,,24.31,1.9186,,,,,,,,216548.0,,
002721.SZ,20260821,,7.7065,,,,86.8952,3.3735,,,,,,,,726010.0,,
603185.SH,20260821,,0.7181,,,,,0.9742,,,,,,,,1149620.0,,
002733.SZ,20260821,,2.8275,,,,88.8544,2.6111,,,,,,,,709645.0,,
600226.SH,20260821,,3.936,,,,91.1518,4.9842,,,,,,,,1847090.0,,
000981.SZ,20260821,,1.5236,,,,22.16,8.5483,,,,,,,,2649330.0,,
301237.SZ,20260821,,1.5772,,,,,3.7172,,,,,,,,430080.0,,
002640.SZ,20260821,,3.751,,,,,7.742,,,,,,,,498573.0,,
603926.SH,20260821,,1.5697,,,,44.6904,2.0572,,,,,,,,359964.0,,
600846.SH,20260821,,0.7662,,,,29.5716,1.6496,,,,,,,,716601.0,,
300929.SZ,20260821,,5.3009,,,,,2.6424,,,,,,,,202824.0,,
300513.SZ,20260821,,1.5702,,,,,4.2214,,,,,,,,227740.0,,
300663.SZ,20260821,,5.1333,,,,,12.1679,,,,,,,,389939.0,,
000635.SZ,20260821,,1.1338,,,,,2.5311,,,,,,,,249092.0,,
300904.SZ,20260821,,1.5409,,,,,5.1002,,,,,,,,298002.0,,
300357.SZ,20260821,,4.0555,,,,30.3086,4.7126,,,,,,,,1290630.0,,
002077.SZ,20260821,,2.4167,,,,93.8859,2.1058,,,,,,,,712668.0,,
300236.SZ,20260821,,6.2344,,,,73.0352,4.0706,,,,,,,,2779700.0,,
600510.SH,20260821,,1.4016,,,,83.685,0.6696,,,,,,,,706937.0,,
000669.SZ,20260821,,1.7133,,,,68.7567,49.7965,,,,,,,,302782.0,,
002055.SZ,20260821,,4.7669,,,,,2.6276,,,,,,,,365112.0,,
300387.SZ,20260821,,2.7483,,,,39.7417,1.4597,,,,,,,,211301.0,,
001258.SZ,20260821,,10.9574,,,,76.406,3.6881,,,,,,,,1139600.0,,
600581.SH,20260821,,0.3731,,,,,,,,,,,,,346435.0,,
300133.SZ,20260821,,3.0977,,,,53.8735,1.7435,,,,,,,,1295500.0,,
300766.SZ,20260821,,3.1162,,,,,5.4497,,,,,,,,853449.0,,
300634.SZ,20260821,,1.669,,,,36.2499,2.8839,,,,,,,,878959.0,,
002889.SZ,20260821,,1.4605,,,,48.8411,1.9071,,,,,,,,478505.0,,
300238.SZ,20260821,,3.6107,,,,161.316,5.462,,,,,,,,316861.0,,
600099.SH,20260821,,0.9158,,,,78.3659,3.5871,,,,,,,,197646.0,,
000751.SZ,20260821,,4.3108,,,,73.2425,2.2474,,,,,,,,830434.0,,
300990.SZ,20260821,,9.8064,,,,49.9303,5.8446,,,,,,,,1252110.0,,
603306.SH,20260821,,3.1893,,,,171.06,7.6128,,,,,,,,2446840.0,,
920690.BJ,20260821,,2.6619,,,,18.847,2.2276,,,,,,,,137473.0,,
300659.SZ,20260821,,1.3785,,,,,2.2734,,,,,,,,265600.0,,
002648.SZ,20260821,,1.0743,,,,10.3431,2.3905,,,,,,,,9095340.0,,
002016.SZ,20260821,,1.1005,,,,24.0758,0.7412,,,,,,,,365711.0,,
600549.SH,20260821,,3.8532,,,,24.9203,4.7206,,,,,,,,8823800.0,,
301150.SZ,20260821,,4.6863,,,,91.6725,3.483,,,,,,,,1277800.0,,
605177.SH,20260821,,6.7192,,,,,1.4314,,,,,,,,237815.0,,
688459.SH,20260821,,0.1563,,,,51.342,1.1224,,,,,,,,381600.0,,
002498.SZ,20260821,,1.4267,,,,36.5398,2.3669,,,,,,,,2085900.0,,
300694.SZ,20260821,,1.7159,,,,16.762,1.5151,,,,,,,,228575.0,,
605319.SH,20260821,,1.0027,,,,18.0096,2.9368,,,,,,,,844786.0,,
688297.SH,20260821,,0.5311,,,,234.41,4.7205,,,,,,,,2619000.0,,
600135.SH,20260821,,0.8702,,,,,1.7197,,,,,,,,405021.0,,
301298.SZ,20260821,,1.3117,,,,38.3965,1.9885,,,,,,,,189666.0,,
688230.SH,20260821,,0.8266,,,,57.2033,2.8487,,,,,,,,640920.0,,
002199.SZ,20260821,,3.465,,,,,16.7616,,,,,,,,303573.0,,
920932.BJ,20260821,,3.391,,,,,2.0643,,,,,,,,117360.0,,
301101.SZ,20260821,,0.9585,,,,29.3907,3.2632,,,,,,,,593453.0,,
601669.SH,20260821,,0.4203,,,,8.5049,0.5396,,,,,,,,7941260.0,,
603068.SH,20260821,,8.9105,,,,109.498,3.2757,,,,,,,,585899.0,,
000523.SZ,20260821,,10.9305,,,,50.7898,2.9783,,,,,,,,583679.0,,
002224.SZ,20260821,,3.9249,,,,,1.0433,,,,,,,,335587.0,,
600400.SH,20260821,,3.4065,,,,,5.1705,,,,,,,,717199.0,,
001231.SZ,20260821,,3.3832,,,,31.1683,2.0584,,,,,,,,210623.0,,
603345.SH,20260821,,2.032,,,,17.233,1.64,,,,,,,,2632980.0,,
600377.SH,20260821,,0.2092,,,,12.6449,1.3856,,,,,,,,6005000.0,,
000595.SZ,20260821,,2.512,,,,,12.3521,,,,,,,,633093.0,,
003035.SZ,20260821,,0.3594,,,,57.9199,2.8042,,,,,,,,1973480.0,,
920275.BJ,20260821,,0.616,,,,443.443,4.4296,,,,,,,,101364.0,,
603733.SH,20260821,,0.8308,,,,17.1684,2.013,,,,,,,,1763630.0,,
300457.SZ,20260821,,1.2337,,,,22.0061,1.8702,,,,,,,,1287130.0,,
301308.SZ,20260821,,3.7135,,,,13.6464,8.8016,,,,,,,,16355800.0,,
600720.SH,20260821,,1.1054,,,,8.1528,0.7303,,,,,,,,1167950.0,,
603822.SH,20260821,,0.7091,,,,25.0158,9.8003,,,,,,,,442133.0,,
002437.SZ,20260821,,31.8376,,,,23.5676,4.062,,,,,,,,969993.0,,
688248.SH,20260821,,0.8848,,,,56.4943,7.0537,,,,,,,,2334470.0,,
605196.SH,20260821,,2.1363,,,,58.2959,5.3123,,,,,,,,1798620.0,,
301099.SZ,20260821,,4.4269,,,,50.7762,6.5554,,,,,,,,940849.0,,
603127.SH,20260821,,8.2693,,,,74.5749,4.3148,,,,,,,,3692040.0,,
300096.SZ,20260821,,0.5185,,,,86.5451,12.3945,,,,,,,,413230.0,,
920547.BJ,20260821,,1.9175,,,,23.0535,2.0109,,,,,,,,146830.0,,
002431.SZ,20260821,,1.2077,,,,,8.3723,,,,,,,,248732.0,,
300184.SZ,20260821,,3.1159,,,,36.8112,2.9442,,,,,,,,1374270.0,,
920876.BJ,20260821,,1.7077,,,,560.863,3.9623,,,,,,,,100635.0,,
600105.SH,20260821,,7.9004,,,,138.737,15.9579,,,,,,,,5807040.0,,
002714.SZ,20260821,,1.1245,,,,,2.849,,,,,,,,22555100.0,,
300624.SZ,20260821,,2.9405,,,,,10.1441,,,,,,,,990655.0,,
002697.SZ,20260821,,1.4415,,,,12.9963,1.2382,,,,,,,,607920.0,,
603289.SH,20260821,,1.1033,,,,32.36,1.7064,,,,,,,,253789.0,,
002988.SZ,20260821,,4.7497,,,,51.5736,2.2393,,,,,,,,602279.0,,
301048.SZ,20260821,,2.4057,,,,23.5647,1.7607,,,,,,,,504533.0,,
000950.SZ,20260821,,3.3126,,,,21.7164,0.8017,,,,,,,,938602.0,,
301109.SZ,20260821,,0.4711,,,,13.7787,1.3627,,,,,,,,1051870.0,,
002880.SZ,20260821,,2.4979,,,,26.1663,1.9864,,,,,,,,479002.0,,
002942.SZ,20260821,,1.2363,,,,24.7407,1.9355,,,,,,,,246903.0,,
301587.SZ,20260821,,2.7279,,,,53.0839,1.5628,,,,,,,,311893.0,,
000581.SZ,20260821,,0.4446,,,,15.3625,0.8251,,,,,,,,1671570.0,,
300673.SZ,20260821,,1.2002,,,,31.4284,1.8147,,,,,,,,319025.0,,
920021.BJ,20260821,,2.1159,,,,143.229,3.128,,,,,,,,203013.0,,
001356.SZ,20260821,,2.7765,,,,75.2124,2.6334,,,,,,,,536281.0,,
002692.SZ,20260821,,2.2107,,,,,2.6966,,,,,,,,308085.0,,
002230.SZ,20260821,,1.6561,,,,107.65,4.1217,,,,,,,,9413750.0,,
601083.SH,20260821,,7.8288,,,,10.4311,1.5932,,,,,,,,1542590.0,,
603987.SH,20260821,,1.3575,,,,13.9795,1.1476,,,,,,,,326720.0,,
301591.SZ,20260821,,24.9034,,,,67.5016,4.492,,,,,,,,413147.0,,
002239.SZ,20260821,,1.1439,,,,45.7492,1.503,,,,,,,,867833.0,,
301557.SZ,20260821,,4.9879,,,,73.9597,5.1918,,,,,,,,538429.0,,
301179.SZ,20260821,,0.8343,,,,49.7289,3.1893,,,,,,,,809624.0,,
600694.SH,20260821,,0.9188,,,,10.8772,0.5948,,,,,,,,543948.0,,
000570.SZ,20260821,,2.3563,,,,42.9623,1.0004,,,,,,,,354258.0,,
600630.SH,20260821,,1.562,,,,52.7434,3.4776,,,,,,,,282958.0,,
000715.SZ,20260821,,1.5088,,,,24.3191,1.3678,,,,,,,,278324.0,,
688337.SH,20260821,,2.066,,,,92.9441,3.0825,,,,,,,,980109.0,,
600097.SH,20260821,,1.2916,,,,80.0121,0.9166,,,,,,,,206483.0,,
688625.SH,20260821,,2.515,,,,59.65,9.3355,,,,,,,,1534630.0,,
000880.SZ,20260821,,3.4999,,,,41.5809,5.081,,,,,,,,1096540.0,,
600236.SH,20260821,,0.1112,,,,20.2646,4.3134,,,,,,,,7803550.0,,
601567.SH,20260821,,0.5617,,,,21.9052,1.7834,,,,,,,,2085330.0,,
300585.SZ,20260821,,2.8254,,,,,4.2259,,,,,,,,267789.0,,
601616.SH,20260821,,3.0729,,,,,1.3683,,,,,,,,326104.0,,
002861.SZ,20260821,,2.6674,,,,,2.8672,,,,,,,,296192.0,,
002980.SZ,20260821,,18.0685,,,,238.84,16.4278,,,,,,,,1854720.0,,
688099.SH,20260821,,1.9631,,,,39.4159,4.8805,,,,,,,,3891160.0,,
301487.SZ,20260821,,1.7791,,,,106.227,3.8566,,,,,,,,744579.0,,
600246.SH,20260821,,5.4425,,,,,5.1552,,,,,,,,2354900.0,,
688090.SH,20260821,,3.6344,,,,377.951,12.264,,,,,,,,1134870.0,,
001369.SZ,20260821,,2.0254,,,,26.3367,2.0094,,,,,,,,1418840.0,,
002041.SZ,20260821,,5.8772,,,,80.8467,2.2056,,,,,,,,814880.0,,
300016.SZ,20260821,,22.6537,,,,49.3037,2.6354,,,,,,,,607284.0,,
000767.SZ,20260821,,2.2324,,,,61.3192,1.7488,,,,,,,,1058470.0,,
002653.SZ,20260821,,1.0757,,,,98.9168,15.673,,,,,,,,7592640.0,,
920974.BJ,20260821,,0.8878,,,,29.5912,1.5218,,,,,,,,100246.0,,
300905.SZ,20260821,,3.7118,,,,41.51,3.3032,,,,,,,,648037.0,,
000973.SZ,20260821,,5.4321,,,,55.0296,3.8763,,,,,,,,3547240.0,,
003017.SZ,20260821,,1.6326,,,,22.2913,1.9364,,,,,,,,225994.0,,
000793.SZ,20260821,,0.5226,,,,,312.89,,,,,,,,957879.0,,
002584.SZ,20260821,,3.0249,,,,,2.1532,,,,,,,,471099.0,,
603261.SH,20260821,,1.6383,,,,,7.8568,,,,,,,,392718.0,,
300562.SZ,20260821,,4.813,,,,36.0488,3.093,,,,,,,,328516.0,,
600903.SH,20260821,,4.1776,,,,92.3766,2.3237,,,,,,,,711195.0,,
600744.SH,20260821,,2.5164,,,,89.9254,10.0687,,,,,,,,1297890.0,,
603266.SH,20260821,,0.871,,,,28.1422,1.9132,,,,,,,,310462.0,,
603421.SH,20260821,,1.2621,,,,,1.5934,,,,,,,,383488.0,,
301148.SZ,20260821,,1.3814,,,,150.284,3.432,,,,,,,,604503.0,,
000977.SZ,20260821,,3.5571,,,,43.8806,5.0271,,,,,,,,11211800.0,,
300621.SZ,20260821,,2.1437,,,,,2.848,,,,,,,,152922.0,,
603257.SH,20260821,,5.2862,,,,38.5934,2.9913,,,,,,,,767880.0,,
300368.SZ,20260821,,3.4019,,,,,83.8395,,,,,,,,404113.0,,
688387.SH,20260821,,1.8203,,,,,7.5829,,,,,,,,4451210.0,,
603959.SH,20260821,,2.6036,,,,,6370.49,,,,,,,,249072.0,,
300675.SZ,20260821,,1.1757,,,,,3.831,,,,,,,,188467.0,,
301331.SZ,20260821,,1.9377,,,,47.295,2.0963,,,,,,,,227700.0,,
000411.SZ,20260821,,0.7765,,,,11.3654,1.0106,,,,,,,,546209.0,,
002452.SZ,20260821,,1.3202,,,,19.027,2.5092,,,,,,,,696013.0,,
605298.SH,20260821,,0.6849,,,,159.572,8.5405,,,,,,,,914078.0,,
300815.SZ,20260821,,0.8072,,,,11.2901,1.3469,,,,,,,,633363.0,,
300469.SZ,20260821,,1.7895,,,,,60.44,,,,,,,,1414710.0,,
600965.SH,20260821,,1.0291,,,,41.4809,1.027,,,,,,,,225961.0,,
603767.SH,20260821,,1.5108,,,,,3.27,,,,,,,,446898.0,,
600248.SH,20260821,,0.5012,,,,,0.3808,,,,,,,,1058470.0,,
002977.SZ,20260821,,2.4147,,,,,3.0068,,,,,,,,255735.0,,
601555.SH,20260821,,0.5747,,,,11.5319,0.8893,,,,,,,,3890490.0,,
605358.SH,20260821,,4.8813,,,,496.75,3.1764,,,,,,,,3405400.0,,
600580.SH,20260821,,2.6824,,,,42.5917,4.3275,,,,,,,,4830070.0,,
920943.BJ,20260821,,5.9516,,,,32.054,2.4244,,,,,,,,158069.0,,
000700.SZ,20260821,,2.8528,,,,20.1631,2.5286,,,,,,,,1002470.0,,
688106.SH,20260821,,3.6507,,,,161.434,4.4323,,,,,,,,1497960.0,,
603368.SH,20260821,,1.8666,,,,9.605,0.8032,,,,,,,,630772.0,,
300729.SZ,20260821,,0.6757,,,,16.5474,0.9408,,,,,,,,345030.0,,
601808.SH,20260821,,0.6482,,,,15.6037,1.2514,,,,,,,,5945400.0,,
300340.SZ,20260821,,4.9069,,,,,37.6922,,,,,,,,242729.0,,
002978.SZ,20260821,,0.5081,,,,19.1778,1.4043,,,,,,,,1232370.0,,
600379.SH,20260821,,8.4845,,,,97.0951,6.343,,,,,,,,512473.0,,
300473.SZ,20260821,,1.7927,,,,21.6099,1.9748,,,,,,,,378303.0,,
605100.SH,20260821,,1.099,,,,328.959,4.3882,,,,,,,,790685.0,,
300850.SZ,20260821,,2.0305,,,,13.1299,1.464,,,,,,,,1046810.0,,
688343.SH,20260821,,1.6372,,,,,5.5217,,,,,,,,2054050.0,,
002788.SZ,20260821,,3.9194,,,,15.7506,1.2805,,,,,,,,424260.0,,
000017.SZ,20260821,,9.4301,,,,118.532,12.5533,,,,,,,,490010.0,,
300247.SZ,20260821,,1.2333,,,,43.9189,2.5647,,,,,,,,296691.0,,
300952.SZ,20260821,,2.0364,,,,48.9174,2.3443,,,,,,,,397709.0,,
600518.SH,20260821,,1.0877,,,,,2.5857,,,,,,,,1880730.0,,
002928.SZ,20260821,,1.0749,,,,11.5951,1.9752,,,,,,,,786119.0,,
002515.SZ,20260821,,6.9276,,,,,3.8459,,,,,,,,997546.0,,
002487.SZ,20260821,,2.0554,,,,22.1859,3.3305,,,,,,,,2899660.0,,
920237.BJ,20260821,,0.6446,,,,28.2965,2.1297,,,,,,,,112708.0,,
688570.SH,20260821,,0.4301,,,,117.05,1.5303,,,,,,,,660325.0,,
601199.SH,20260821,,1.5797,,,,16.7486,1.2849,,,,,,,,604146.0,,
920188.BJ,20260821,,1.8323,,,,19.2981,2.2393,,,,,,,,178435.0,,
300002.SZ,20260821,,1.241,,,,21.3087,2.0011,,,,,,,,1563900.0,,
688435.SH,20260821,,2.0908,,,,,2.352,,,,,,,,254759.0,,
603069.SH,20260821,,0.8026,,,,,5.2843,,,,,,,,408272.0,,
300204.SZ,20260821,,8.118,,,,,14.8267,,,,,,,,1200700.0,,
600615.SH,20260821,,0.761,,,,,2.9298,,,,,,,,211410.0,,
000708.SZ,20260821,,0.2962,,,,11.2484,1.5701,,,,,,,,6884320.0,,
600628.SH,20260821,,1.2183,,,,54.9857,0.9323,,,,,,,,395888.0,,
600109.SH,20260821,,0.3161,,,,13.1504,0.869,,,,,,,,3138440.0,,
600499.SH,20260821,,1.3151,,,,17.6109,2.0732,,,,,,,,2727190.0,,
002806.SZ,20260821,,4.2563,,,,,2.7199,,,,,,,,303420.0,,
300492.SZ,20260821,,0.9742,,,,27.1542,25.5571,,,,,,,,653026.0,,
920260.BJ,20260821,,0.3005,,,,25.4616,1.826,,,,,,,,82529.4,,
300161.SZ,20260821,,1.8106,,,,,3.5012,,,,,,,,540456.0,,
002497.SZ,20260821,,5.0457,,,,25.2627,2.035,,,,,,,,2245190.0,,
002513.SZ,20260821,,2.5286,,,,,50.03,,,,,,,,200567.0,,
301486.SZ,20260821,,8.1036,,,,346.031,8.7263,,,,,,,,2229330.0,,
688192.SH,20260821,,1.9624,,,,,24.2872,,,,,,,,2744480.0,,
300781.SZ,20260821,,1.731,,,,,8.0229,,,,,,,,441632.0,,
300580.SZ,20260821,,1.4196,,,,36.5075,3.0072,,,,,,,,1006650.0,,
301133.SZ,20260821,,2.2562,,,,,2.4917,,,,,,,,342293.0,,
603871.SH,20260821,,0.8136,,,,14.417,2.7663,,,,,,,,1740110.0,,
301507.SZ,20260821,,4.1925,,,,38.6356,2.7919,,,,,,,,459242.0,,
688096.SH,20260821,,4.8719,,,,,2.4884,,,,,,,,205705.0,,
000831.SZ,20260821,,3.7241,,,,241.217,11.808,,,,,,,,5977860.0,,
600078.SH,20260821,,2.2079,,,,66.8649,3.9956,,,,,,,,719083.0,,
300225.SZ,20260821,,2.0665,,,,136.497,3.9965,,,,,,,,350392.0,,
600371.SH,20260821,,10.1434,,,,,4.3546,,,,,,,,226455.0,,
000566.SZ,20260821,,8.8201,,,,,1411.88,,,,,,,,627925.0,,
301439.SZ,20260821,,1.9485,,,,27.4609,1.9427,,,,,,,,578984.0,,
000697.SZ,20260821,,0.9397,,,,,3.5105,,,,,,,,1142000.0,,
603927.SH,20260821,,0.7214,,,,49.0462,3.4651,,,,,,,,1100300.0,,
001322.SZ,20260821,,0.4857,,,,110.95,1.2977,,,,,,,,606405.0,,
600103.SH,20260821,,2.3164,,,,164.799,1.6228,,,,,,,,645358.0,,
601360.SH,20260821,,0.791,,,,80.6279,2.1705,,,,,,,,6131610.0,,
603356.SH,20260821,,1.8103,,,,,7.5181,,,,,,,,227078.0,,
002546.SZ,20260821,,1.4725,,,,7.8826,1.6026,,,,,,,,664737.0,,
000755.SZ,20260821,,0.2257,,,,14.9131,1.2454,,,,,,,,701374.0,,
600261.SH,20260821,,1.1978,,,,31.8013,1.2241,,,,,,,,432557.0,,
688181.SH,20260821,,2.9377,,,,54.8589,2.4728,,,,,,,,515092.0,,
002755.SZ,20260821,,2.8438,,,,44.9899,3.6301,,,,,,,,1198260.0,,
601005.SH,20260821,,0.3735,,,,,0.8263,,,,,,,,1133900.0,,
300269.SZ,20260821,,2.1901,,,,,31.7344,,,,,,,,263642.0,,
600322.SH,20260821,,1.3172,,,,,38.3764,,,,,,,,291905.0,,
688165.SH,20260821,,1.1041,,,,,7.0797,,,,,,,,855719.0,,
600369.SH,20260821,,0.3138,,,,23.5815,0.9992,,,,,,,,2658040.0,,
920266.BJ,20260821,,4.2434,,,,,1.0711,,,,,,,,93868.0,,
600797.SH,20260821,,1.2226,,,,,2.0982,,,,,,,,694608.0,,
301152.SZ,20260821,,4.0198,,,,,1.9049,,,,,,,,230712.0,,
920107.BJ,20260821,,12.2439,,,,16.0406,2.6035,,,,,,,,178245.0,,
603787.SH,20260821,,0.8556,,,,51.0457,1.516,,,,,,,,234056.0,,
002588.SZ,20260821,,2.1946,,,,9.2674,1.1537,,,,,,,,899628.0,,
688063.SH,20260821,,2.2638,,,,75.3532,1.1842,,,,,,,,1094060.0,,
688291.SH,20260821,,1.3343,,,,56.0515,4.3081,,,,,,,,436641.0,,
002743.SZ,20260821,,18.3613,,,,,0.8629,,,,,,,,200224.0,,
601899.SH,20260821,,1.4596,,,,14.9743,4.6826,,,,,,,,92376100.0,,
300450.SZ,20260821,,1.673,,,,35.3963,3.1771,,,,,,,,5677280.0,,
300432.SZ,20260821,,1.3925,,,,53.9323,5.5744,,,,,,,,2732200.0,,
600936.SH,20260821,,4.188,,,,,8.0813,,,,,,,,825487.0,,
002649.SZ,20260821,,2.1853,,,,127.761,1.3532,,,,,,,,563046.0,,
600353.SH,20260821,,12.3292,,,,192.517,16.407,,,,,,,,3172690.0,,
300132.SZ,20260821,,3.1583,,,,18.726,2.2021,,,,,,,,324413.0,,
688456.SH,20260821,,4.825,,,,95.6044,6.6755,,,,,,,,859341.0,,
000782.SZ,20260821,,3.2446,,,,,3.36,,,,,,,,529354.0,,
300893.SZ,20260821,,1.0728,,,,19.2116,3.3449,,,,,,,,707137.0,,
603669.SH,20260821,,6.1346,,,,,6.7196,,,,,,,,390358.0,,
688220.SH,20260821,,1.4536,,,,,7.2567,,,,,,,,3947920.0,,
603363.SH,20260821,,1.0389,,,,,2.5479,,,,,,,,789277.0,,
000899.SZ,20260821,,0.7684,,,,9.5679,1.4603,,,,,,,,971775.0,,
688726.SH,20260821,,1.9328,,,,37.3081,4.353,,,,,,,,1832480.0,,
002612.SZ,20260821,,2.618,,,,6.9499,1.9776,,,,,,,,661013.0,,
300190.SZ,20260821,,1.2927,,,,,1.1413,,,,,,,,349845.0,,
300546.SZ,20260821,,12.9967,,,,129.346,2.9797,,,,,,,,334392.0,,
601766.SH,20260821,,0.5698,,,,12.4474,0.9822,,,,,,,,17334100.0,,
002470.SZ,20260821,,3.5426,,,,171.214,2.9901,,,,,,,,637489.0,,
603697.SH,20260821,,1.2725,,,,19.6837,2.1826,,,,,,,,396043.0,,
300774.SZ,20260821,,3.3673,,,,120.369,3.1335,,,,,,,,456180.0,,
603045.SH,20260821,,6.3078,,,,26.3483,6.1881,,,,,,,,775288.0,,
301632.SZ,20260821,,1.8584,,,,43.3959,2.0951,,,,,,,,580543.0,,
603666.SH,20260821,,4.4334,,,,,2.5776,,,,,,,,546094.0,,
001260.SZ,20260821,,3.5204,,,,54.7245,2.4437,,,,,,,,203205.0,,
603586.SH,20260821,,0.7425,,,,57.1952,1.1696,,,,,,,,262907.0,,
000800.SZ,20260821,,0.1696,,,,37.956,1.139,,,,,,,,3016750.0,,
600335.SH,20260821,,4.2042,,,,16.7799,0.6719,,,,,,,,782402.0,,
605133.SH,20260821,,2.9885,,,,43.1582,2.1154,,,,,,,,808184.0,,
002426.SZ,20260821,,1.8162,,,,,5.4303,,,,,,,,891488.0,,
600606.SH,20260821,,0.5377,,,,,0.463,,,,,,,,1784890.0,,
002726.SZ,20260821,,11.3986,,,,,7.2152,,,,,,,,377034.0,,
688759.SH,20260821,,6.5913,,,,,7.3861,,,,,,,,1201600.0,,
002796.SZ,20260821,,3.6713,,,,,9.1792,,,,,,,,763410.0,,
000761.SZ,20260821,,0.4129,,,,,1.6159,,,,,,,,957255.0,,
300553.SZ,20260821,,3.9976,,,,263.244,5.308,,,,,,,,450762.0,,
002367.SZ,20260821,,0.6759,,,,14.3021,1.166,,,,,,,,425996.0,,
603583.SH,20260821,,0.4934,,,,26.6686,1.8996,,,,,,,,893808.0,,
002409.SZ,20260821,,5.9891,,,,65.475,8.1366,,,,,,,,6591600.0,,
603396.SH,20260821,,1.5901,,,,65.5526,1.3567,,,,,,,,355323.0,,
603706.SH,20260821,,0.4976,,,,15.5465,2.0019,,,,,,,,369296.0,,
001232.SZ,20260821,,7.2636,,,,58.0325,11.0,,,,,,,,8325620.0,,
603990.SH,20260821,,4.0971,,,,360.153,8.3336,,,,,,,,699012.0,,
601319.SH,20260821,,0.1427,,,,7.2131,0.9624,,,,,,,,30735700.0,,
600490.SH,20260821,,2.8053,,,,71.5277,2.5624,,,,,,,,1630900.0,,
002060.SZ,20260821,,0.6173,,,,11.2241,0.8344,,,,,,,,1208910.0,,
600729.SH,20260821,,1.3937,,,,9.8687,1.0314,,,,,,,,838182.0,,
605296.SH,20260821,,0.4754,,,,,3.7174,,,,,,,,1590800.0,,
603839.SH,20260821,,0.8394,,,,,1.6294,,,,,,,,274007.0,,
002438.SZ,20260821,,0.9756,,,,24.6163,1.8647,,,,,,,,702939.0,,
600850.SH,20260821,,0.7528,,,,38.6585,2.3908,,,,,,,,1173750.0,,
600711.SH,20260821,,4.1525,,,,13.7853,2.092,,,,,,,,3739640.0,,
920227.BJ,20260821,,1.4164,,,,41.8176,4.2821,,,,,,,,183414.0,,
300181.SZ,20260821,,5.4835,,,,15.2599,2.8982,,,,,,,,992463.0,,
002949.SZ,20260821,,1.8044,,,,22.8532,1.4413,,,,,,,,211579.0,,
603015.SH,20260821,,1.5693,,,,110.05,3.1642,,,,,,,,438173.0,,
688227.SH,20260821,,1.8776,,,,,6.4633,,,,,,,,817955.0,,
002237.SZ,20260821,,4.483,,,,22.2306,1.6086,,,,,,,,2209300.0,,
600082.SH,20260821,,1.2366,,,,,1.0823,,,,,,,,182851.0,,
600715.SH,20260821,,0.61,,,,,5.896,,,,,,,,637397.0,,
920270.BJ,20260821,,2.3491,,,,41.9917,3.3071,,,,,,,,137256.0,,
000792.SZ,20260821,,1.4562,,,,14.7805,3.4109,,,,,,,,15245000.0,,
603701.SH,20260821,,0.657,,,,362.52,6.2338,,,,,,,,501815.0,,
002731.SZ,20260821,,16.5244,,,,1.0851,0.1589,,,,,,,,29714.1,,
600624.SH,20260821,,0.5557,,,,,6.4903,,,,,,,,275815.0,,
300685.SZ,20260821,,3.3522,,,,20.8127,3.6004,,,,,,,,740810.0,,
000039.SZ,20260821,,1.3371,,,,,1.078,,,,,,,,5036610.0,,
301176.SZ,20260821,,3.0259,,,,,5.3258,,,,,,,,792078.0,,
600094.SH,20260821,,0.7277,,,,62.2011,0.8732,,,,,,,,897431.0,,
920221.BJ,20260821,,0.8481,,,,25.8716,3.4807,,,,,,,,150686.0,,
603316.SH,20260821,,2.5643,,,,,6.8642,,,,,,,,379349.0,,
000517.SZ,20260821,,1.7982,,,,,1.6249,,,,,,,,754590.0,,
300555.SZ,20260821,,0.6685,,,,,5.9758,,,,,,,,246200.0,,
603663.SH,20260821,,4.3753,,,,181.57,18.4107,,,,,,,,2558880.0,,
688199.SH,20260821,,1.5542,,,,77.2611,1.4428,,,,,,,,373402.0,,
601528.SH,20260821,,0.6366,,,,4.8662,0.4733,,,,,,,,955573.0,,
603129.SH,20260821,,0.8294,,,,27.2873,5.9232,,,,,,,,4742770.0,,
601066.SH,20260821,,0.1847,,,,15.2912,2.1949,,,,,,,,19221100.0,,
605167.SH,20260821,,2.2318,,,,34.5083,3.6221,,,,,,,,745995.0,,
000011.SZ,20260821,,1.1978,,,,2932.5,1.4323,,,,,,,,482147.0,,
600255.SH,20260821,,2.3394,,,,108.829,3.8961,,,,,,,,585192.0,,
600795.SH,20260821,,0.6725,,,,14.0457,1.5127,,,,,,,,9114000.0,,
000785.SZ,20260821,,0.6945,,,,,0.7232,,,,,,,,1382400.0,,
601021.SH,20260821,,0.5242,,,,16.2577,2.2877,,,,,,,,4264560.0,,
300730.SZ,20260821,,1.3396,,,,,17.2134,,,,,,,,273693.0,,
600076.SH,20260821,,0.8684,,,,,1.1671,,,,,,,,415464.0,,
300468.SZ,20260821,,11.7622,,,,163.667,7.1322,,,,,,,,1178570.0,,
300894.SZ,20260821,,1.6836,,,,,4.6592,,,,,,,,451580.0,,
002496.SZ,20260821,,2.4377,,,,,2.4243,,,,,,,,315086.0,,
600367.SH,20260821,,14.8398,,,,128.355,4.7525,,,,,,,,1183040.0,,
300307.SZ,20260821,,3.8597,,,,53.3217,1.8103,,,,,,,,597213.0,,
001378.SZ,20260821,,3.9053,,,,32.7871,1.8588,,,,,,,,348574.0,,
600803.SH,20260821,,0.2137,,,,12.4308,2.2398,,,,,,,,5419670.0,,
600760.SH,20260821,,0.4477,,,,38.3987,5.2513,,,,,,,,12487900.0,,
600640.SH,20260821,,0.5452,,,,356.901,2.1155,,,,,,,,841419.0,,
688079.SH,20260821,,2.4597,,,,,5.2657,,,,,,,,657485.0,,
000661.SZ,20260821,,3.1504,,,,,1.447,,,,,,,,3243100.0,,
600217.SH,20260821,,0.6006,,,,,1.8215,,,,,,,,518846.0,,
002104.SZ,20260821,,17.0695,,,,545.814,3.5647,,,,,,,,760768.0,,
300767.SZ,20260821,,3.1599,,,,,3.4423,,,,,,,,523019.0,,
688216.SH,20260821,,2.6343,,,,,4.7591,,,,,,,,349276.0,,
002459.SZ,20260821,,0.7084,,,,,1.1628,,,,,,,,2416090.0,,
688621.SH,20260821,,5.6264,,,,37.929,5.8965,,,,,,,,739312.0,,
300788.SZ,20260821,,3.1844,,,,38.6993,2.0245,,,,,,,,454462.0,,
002530.SZ,20260821,,1.0712,,,,81.5906,4.0744,,,,,,,,549335.0,,
603309.SH,20260821,,2.3136,,,,58.9344,1.8969,,,,,,,,337403.0,,
603163.SH,20260821,,2.7874,,,,50.0881,6.8849,,,,,,,,822900.0,,
002753.SZ,20260821,,1.5698,,,,269.533,1.0772,,,,,,,,285929.0,,
600717.SH,20260821,,0.5788,,,,11.5647,0.5988,,,,,,,,1224160.0,,
300215.SZ,20260821,,0.7773,,,,157.606,2.2648,,,,,,,,450955.0,,
603165.SH,20260821,,0.651,,,,18.8737,1.6075,,,,,,,,432191.0,,
605028.SH,20260821,,0.5819,,,,27.4563,2.8353,,,,,,,,389760.0,,
688455.SH,20260821,,2.4335,,,,90.8684,2.9647,,,,,,,,272882.0,,
920433.BJ,20260821,,2.3778,,,,,3.2961,,,,,,,,125145.0,,
000400.SZ,20260821,,1.2853,,,,23.2556,1.7855,,,,,,,,2207350.0,,
301056.SZ,20260821,,1.3321,,,,42.7346,3.6844,,,,,,,,292932.0,,
300732.SZ,20260821,,1.7942,,,,,0.8077,,,,,,,,223077.0,,
688267.SH,20260821,,0.4363,,,,26.8421,1.4808,,,,,,,,425474.0,,
300560.SZ,20260821,,6.3524,,,,,4.6353,,,,,,,,411930.0,,
300441.SZ,20260821,,0.6236,,,,26.2925,1.7432,,,,,,,,439492.0,,
000913.SZ,20260821,,0.6086,,,,6.9486,1.1103,,,,,,,,591686.0,,
300991.SZ,20260821,,5.0263,,,,,6.5988,,,,,,,,414000.0,,
002484.SZ,20260821,,6.4899,,,,78.2286,8.348,,,,,,,,5471420.0,,
600433.SH,20260821,,1.195,,,,,1.2954,,,,,,,,575842.0,,
000703.SZ,20260821,,3.057,,,,13.3975,2.6662,,,,,,,,7948850.0,,
002441.SZ,20260821,,0.8924,,,,22.9785,0.935,,,,,,,,424744.0,,
603135.SH,20260821,,0.7297,,,,,1.9429,,,,,,,,574003.0,,
920810.BJ,20260821,,6.0872,,,,,4.0345,,,,,,,,92064.0,,
920925.BJ,20260821,,2.2309,,,,219.579,3.1749,,,,,,,,116424.0,,
605218.SH,20260821,,1.1229,,,,,2.0069,,,,,,,,355966.0,,
600502.SH,20260821,,1.1952,,,,4.9018,0.6219,,,,,,,,758708.0,,
688721.SH,20260821,,5.0125,,,,115.89,4.6385,,,,,,,,567508.0,,
920985.BJ,20260821,,0.7453,,,,,2.7166,,,,,,,,141121.0,,
600802.SH,20260821,,1.239,,,,,2.3038,,,,,,,,210794.0,,
688345.SH,20260821,,1.6007,,,,59.0418,4.301,,,,,,,,545221.0,,
601618.SH,20260821,,0.3051,,,,39.1633,0.5114,,,,,,,,5276360.0,,
300005.SZ,20260821,,5.1803,,,,111.347,4.4294,,,,,,,,958817.0,,
601519.SH,20260821,,1.9955,,,,,12.2518,,,,,,,,1589340.0,,
603579.SH,20260821,,1.1469,,,,20.4147,1.3138,,,,,,,,362497.0,,
301282.SZ,20260821,,13.4353,,,,80.5482,4.3034,,,,,,,,754511.0,,
300250.SZ,20260821,,3.1957,,,,81.489,5.7442,,,,,,,,319769.0,,
920006.BJ,20260821,,1.9233,,,,573.916,4.341,,,,,,,,136424.0,,
300556.SZ,20260821,,2.3902,,,,,4.8728,,,,,,,,195963.0,,
002032.SZ,20260821,,0.1371,,,,15.5481,4.8221,,,,,,,,3272980.0,,
002042.SZ,20260821,,0.8176,,,,86.5229,1.0793,,,,,,,,637756.0,,
300421.SZ,20260821,,1.9115,,,,81.6833,3.738,,,,,,,,483092.0,,
603863.SH,20260821,,1.849,,,,,10.5213,,,,,,,,254789.0,,
603273.SH,20260821,,4.2504,,,,112.745,3.5208,,,,,,,,312378.0,,
002389.SZ,20260821,,0.7498,,,,109.456,2.144,,,,,,,,1739360.0,,
603717.SH,20260821,,2.7645,,,,,4.8173,,,,,,,,184243.0,,
601636.SH,20260821,,1.6799,,,,108.434,1.1763,,,,,,,,1757440.0,,
002301.SZ,20260821,,1.2912,,,,76.2957,1.7041,,,,,,,,533594.0,,
603209.SH,20260821,,3.9228,,,,13.4889,1.3664,,,,,,,,468650.0,,
688793.SH,20260821,,2.7045,,,,,8.2046,,,,,,,,182842.0,,
688258.SH,20260821,,1.4585,,,,97.8836,12.3064,,,,,,,,1178590.0,,
300474.SZ,20260821,,1.4426,,,,,3.907,,,,,,,,2647590.0,,
300289.SZ,20260821,,1.5613,,,,,1.9762,,,,,,,,323143.0,,
600529.SH,20260821,,1.9358,,,,18.6392,1.4847,,,,,,,,1243610.0,,
002030.SZ,20260821,,4.4567,,,,,1.1164,,,,,,,,785930.0,,
688676.SH,20260821,,8.0125,,,,50.1168,6.8487,,,,,,,,3494370.0,,
000564.SZ,20260821,,1.8708,,,,,1.7827,,,,,,,,2582300.0,,
002803.SZ,20260821,,2.6034,,,,26.8152,3.0589,,,,,,,,848520.0,,
301199.SZ,20260821,,0.6877,,,,38.5079,1.7117,,,,,,,,332470.0,,
603310.SH,20260821,,0.506,,,,28.7012,1.2478,,,,,,,,507650.0,,
002187.SZ,20260821,,1.0504,,,,,0.9299,,,,,,,,372175.0,,
000906.SZ,20260821,,0.5273,,,,17.3097,0.7597,,,,,,,,376122.0,,
600482.SH,20260821,,0.5558,,,,48.4999,1.7707,,,,,,,,7242510.0,,
002052.SZ,20260821,,0.889,,,,101.757,22.2855,,,,,,,,620763.0,,
002379.SZ,20260821,,4.4171,,,,12.0534,4.5443,,,,,,,,23755700.0,,
002144.SZ,20260821,,2.4588,,,,51.5164,0.9066,,,,,,,,194439.0,,
600769.SH,20260821,,1.8917,,,,411.583,43.8502,,,,,,,,575590.0,,
688697.SH,20260821,,1.0679,,,,30.2614,4.8935,,,,,,,,936710.0,,
301552.SZ,20260821,,4.0772,,,,21.0706,2.497,,,,,,,,301851.0,,
603168.SH,20260821,,2.133,,,,,1.5755,,,,,,,,208763.0,,
002238.SZ,20260821,,0.477,,,,,2.4768,,,,,,,,483141.0,,
301563.SZ,20260821,,7.0559,,,,49.3084,7.7298,,,,,,,,1039770.0,,
688366.SH,20260821,,0.4968,,,,30.6731,1.32,,,,,,,,718533.0,,
301053.SZ,20260821,,4.95,,,,258.013,6.0642,,,,,,,,543104.0,,
600586.SH,20260821,,1.4625,,,,,1.2009,,,,,,,,605203.0,,
688270.SH,20260821,,1.9598,,,,123.497,8.0778,,,,,,,,1853700.0,,
300804.SZ,20260821,,2.6487,,,,138.66,2.336,,,,,,,,319310.0,,
000026.SZ,20260821,,3.9332,,,,81.4788,2.5405,,,,,,,,858597.0,,
300691.SZ,20260821,,2.0498,,,,132.486,2.3664,,,,,,,,389313.0,,
002306.SZ,20260821,,5.0136,,,,,26.5872,,,,,,,,184390.0,,
300227.SZ,20260821,,3.089,,,,,5.127,,,,,,,,700020.0,,
002550.SZ,20260821,,3.9546,,,,29.3389,3.1455,,,,,,,,861305.0,,
920541.BJ,20260821,,0.4469,,,,17.7989,2.7007,,,,,,,,131369.0,,
301638.SZ,20260821,,2.0153,,,,101.447,6.2992,,,,,,,,7068360.0,,
600201.SH,20260821,,1.5185,,,,96.7681,2.5714,,,,,,,,1391410.0,,
600315.SH,20260821,,1.9477,,,,31.7676,1.7207,,,,,,,,1216060.0,,
603381.SH,20260821,,2.804,,,,,1.0833,,,,,,,,362290.0,,
000778.SZ,20260821,,0.7257,,,,14.5171,0.5487,,,,,,,,1462410.0,,
601568.SH,20260821,,0.3392,,,,358.538,1.292,,,,,,,,1469720.0,,
002747.SZ,20260821,,6.8247,,,,249.572,10.0343,,,,,,,,3248900.0,,
688755.SH,20260821,,2.1665,,,,41.1981,2.4444,,,,,,,,314142.0,,
920139.BJ,20260821,,0.8198,,,,,3.8257,,,,,,,,395906.0,,
301313.SZ,20260821,,4.6903,,,,,5.4042,,,,,,,,348752.0,,
920249.BJ,20260821,,4.832,,,,49.0654,4.7762,,,,,,,,388321.0,,
688288.SH,20260821,,1.329,,,,785.653,2.4637,,,,,,,,184955.0,,
920592.BJ,20260821,,2.9294,,,,,4.7846,,,,,,,,158843.0,,
300061.SZ,20260821,,2.141,,,,,8.9677,,,,,,,,415825.0,,
600210.SH,20260821,,0.5065,,,,8.3488,1.3125,,,,,,,,907008.0,,
300300.SZ,20260821,,3.9542,,,,34.7967,18.5293,,,,,,,,492800.0,,
301246.SZ,20260821,,4.5684,,,,33.1774,1.8323,,,,,,,,844415.0,,
688707.SH,20260821,,1.1358,,,,,1.3608,,,,,,,,529599.0,,
000929.SZ,20260821,,1.2119,,,,,4.7829,,,,,,,,166818.0,,
300267.SZ,20260821,,3.3374,,,,,1.6512,,,,,,,,664159.0,,
688098.SH,20260821,,1.7679,,,,,2.4419,,,,,,,,338781.0,,
603278.SH,20260821,,2.4152,,,,,1.5992,,,,,,,,309634.0,,
601668.SH,20260821,,0.3645,,,,4.7814,0.3657,,,,,,,,18139700.0,,
688038.SH,20260821,,0.9834,,,,,3.5518,,,,,,,,210403.0,,
300101.SZ,20260821,,0.8146,,,,509.166,4.5306,,,,,,,,798475.0,,
300873.SZ,20260821,,3.3705,,,,23.8375,1.543,,,,,,,,496261.0,,
002116.SZ,20260821,,0.5061,,,,11.7235,1.3996,,,,,,,,394062.0,,
301536.SZ,20260821,,4.4812,,,,103.44,15.3178,,,,,,,,4938290.0,,
688351.SH,20260821,,0.8219,,,,152.595,5.2598,,,,,,,,950612.0,,
300209.SZ,20260821,,8.1516,,,,,31.9217,,,,,,,,2999490.0,,
002391.SZ,20260821,,1.7449,,,,63.3231,0.7913,,,,,,,,330643.0,,
002573.SZ,20260821,,0.908,,,,,0.8166,,,,,,,,448640.0,,
603282.SH,20260821,,0.9851,,,,31.5816,1.5863,,,,,,,,208893.0,,
002789.SZ,20260821,,0.9798,,,,,10.6654,,,,,,,,162177.0,,
301103.SZ,20260821,,2.2168,,,,96.2182,1.3774,,,,,,,,264536.0,,
002194.SZ,20260821,,5.1089,,,,,2.7722,,,,,,,,686702.0,,
601033.SH,20260821,,0.8143,,,,14.2096,1.1583,,,,,,,,1280700.0,,
600642.SH,20260821,,0.3836,,,,10.768,1.0711,,,,,,,,4081660.0,,
920075.BJ,20260821,,1.2953,,,,37.1526,2.4449,,,,,,,,99426.2,,
301029.SZ,20260821,,1.6876,,,,30.3131,3.5022,,,,,,,,1574210.0,,
600925.SH,20260821,,0.5856,,,,136.741,1.923,,,,,,,,2996670.0,,
600816.SH,20260821,,0.7722,,,,21.0937,1.6017,,,,,,,,2421730.0,,
002047.SZ,20260821,,3.6159,,,,73.5055,119.575,,,,,,,,486716.0,,
920158.BJ,20260821,,1.5618,,,,28.3678,2.8799,,,,,,,,161286.0,,
300821.SZ,20260821,,6.1523,,,,55.3801,3.8087,,,,,,,,2034000.0,,
002682.SZ,20260821,,6.3537,,,,,4.8987,,,,,,,,258127.0,,
600273.SH,20260821,,1.1581,,,,10.838,0.8686,,,,,,,,883822.0,,
600547.SH,20260821,,4.1323,,,,33.1078,5.3366,,,,,,,,17079800.0,,
688685.SH,20260821,,1.6714,,,,,7.5077,,,,,,,,601358.0,,
603960.SH,20260821,,0.9772,,,,197.085,3.7099,,,,,,,,417681.0,,
301318.SZ,20260821,,0.7796,,,,59.4273,1.4789,,,,,,,,279392.0,,
688700.SH,20260821,,3.135,,,,96.551,8.845,,,,,,,,1714320.0,,
002097.SZ,20260821,,1.0618,,,,110.594,1.6496,,,,,,,,772650.0,,
000538.SZ,20260821,,0.4852,,,,16.7456,2.0909,,,,,,,,8801770.0,,
600276.SH,20260821,,1.9974,,,,41.0101,4.9151,,,,,,,,31686000.0,,
002802.SZ,20260821,,5.2516,,,,46.2874,3.4501,,,,,,,,224745.0,,
002762.SZ,20260821,,3.7055,,,,,5.4176,,,,,,,,362168.0,,
002526.SZ,20260821,,1.1778,,,,155.291,1.4649,,,,,,,,472440.0,,
301267.SZ,20260821,,0.7626,,,,29.1231,2.4759,,,,,,,,1347360.0,,
688636.SH,20260821,,3.4565,,,,29.7053,2.4342,,,,,,,,349204.0,,
688533.SH,20260821,,0.3417,,,,19.1533,1.9389,,,,,,,,343998.0,,
301055.SZ,20260821,,1.3052,,,,63.9426,6.5011,,,,,,,,455520.0,,
601898.SH,20260821,,0.4334,,,,10.6774,1.156,,,,,,,,18959900.0,,
300459.SZ,20260821,,1.7558,,,,,16.4773,,,,,,,,1212950.0,,
000589.SZ,20260821,,0.8463,,,,8.9565,0.7153,,,,,,,,657507.0,,
300884.SZ,20260821,,1.9918,,,,250.993,2.4481,,,,,,,,313521.0,,
688585.SH,20260821,,1.3206,,,,,49.2929,,,,,,,,5802760.0,,
002081.SZ,20260821,,15.4673,,,,33.7064,0.9815,,,,,,,,1367490.0,,
603901.SH,20260821,,0.951,,,,32.3638,1.8447,,,,,,,,543243.0,,
605567.SH,20260821,,1.216,,,,49.2523,1.6381,,,,,,,,182000.0,,
600992.SH,20260821,,1.4671,,,,,1.6495,,,,,,,,235777.0,,
300049.SZ,20260821,,2.7349,,,,69.957,5.5508,,,,,,,,1100050.0,,
002842.SZ,20260821,,14.2428,,,,33.4622,8.8459,,,,,,,,1291350.0,,
688808.SH,20260821,,4.0865,,,,872.59,232.353,,,,,,,,23841400.0,,
300304.SZ,20260821,,2.3101,,,,25.2406,2.9919,,,,,,,,1041480.0,,
920527.BJ,20260821,,2.5626,,,,32.2332,2.122,,,,,,,,83519.4,,
920821.BJ,20260821,,1.7221,,,,437.23,4.6446,,,,,,,,242964.0,,
601018.SH,20260821,,0.2716,,,,12.7353,0.8023,,,,,,,,6575580.0,,
000560.SZ,20260821,,10.6202,,,,,0.5659,,,,,,,,525277.0,,
300007.SZ,20260821,,2.3777,,,,61.6294,3.4755,,,,,,,,1026870.0,,
300739.SZ,20260821,,2.3609,,,,99.5283,3.071,,,,,,,,851478.0,,
920570.BJ,20260821,,0.945,,,,83.8706,3.3146,,,,,,,,118150.0,,
300569.SZ,20260821,,0.6461,,,,49.4732,0.9214,,,,,,,,482727.0,,
300790.SZ,20260821,,5.7761,,,,41.3792,3.8708,,,,,,,,1051140.0,,
300438.SZ,20260821,,5.8203,,,,54.1042,5.4559,,,,,,,,3108140.0,,
688719.SH,20260821,,4.1962,,,,,3.5392,,,,,,,,595389.0,,
920183.BJ,20260821,,0.8503,,,,18.4186,2.8732,,,,,,,,137751.0,,
300647.SZ,20260821,,2.363,,,,,5.8605,,,,,,,,257472.0,,
688383.SH,20260821,,2.408,,,,,10.0936,,,,,,,,1293450.0,,
688059.SH,20260821,,2.6706,,,,37.7335,5.8839,,,,,,,,1279290.0,,
002999.SZ,20260821,,1.9208,,,,38.5667,1.6906,,,,,,,,208208.0,,
600611.SH,20260821,,3.5638,,,,,1.0937,,,,,,,,1047310.0,,
002328.SZ,20260821,,2.9991,,,,26.9349,1.6176,,,,,,,,552587.0,,
920086.BJ,20260821,,1.2553,,,,18.3663,1.9783,,,,,,,,170372.0,,
001324.SZ,20260821,,2.0438,,,,60.8587,2.2167,,,,,,,,255438.0,,
601366.SH,20260821,,2.0337,,,,,0.7796,,,,,,,,340708.0,,
301042.SZ,20260821,,4.1637,,,,101.721,2.9567,,,,,,,,318106.0,,
688025.SH,20260821,,3.4059,,,,114.725,16.2436,,,,,,,,3905480.0,,
920725.BJ,20260821,,6.1531,,,,,11.2286,,,,,,,,674979.0,,
605158.SH,20260821,,1.0835,,,,,1.589,,,,,,,,385099.0,,
002539.SZ,20260821,,1.9417,,,,17.6984,1.5975,,,,,,,,1551920.0,,
003032.SZ,20260821,,16.3716,,,,,3.7005,,,,,,,,433034.0,,
603976.SH,20260821,,1.7214,,,,321.638,4.0127,,,,,,,,476573.0,,
688370.SH,20260821,,0.2574,,,,111.947,1.2089,,,,,,,,322889.0,,
601126.SH,20260821,,4.1739,,,,44.124,7.3234,,,,,,,,3786460.0,,
603729.SH,20260821,,0.7627,,,,,3.7492,,,,,,,,103594.0,,
002472.SZ,20260821,,1.7584,,,,24.1555,2.9759,,,,,,,,3066790.0,,
002943.SZ,20260821,,6.786,,,,272.76,10.4703,,,,,,,,906175.0,,
301459.SZ,20260821,,6.0778,,,,38.627,2.5626,,,,,,,,326422.0,,
688168.SH,20260821,,2.6069,,,,,3.8484,,,,,,,,385014.0,,
600539.SH,20260821,,13.0901,,,,,11.5657,,,,,,,,347530.0,,
000520.SZ,20260821,,6.6797,,,,,9.6647,,,,,,,,432160.0,,
000798.SZ,20260821,,4.7909,,,,31.9641,5.845,,,,,,,,319029.0,,
002324.SZ,20260821,,1.5657,,,,32.6045,2.1275,,,,,,,,997766.0,,
600027.SH,20260821,,0.5982,,,,8.8179,1.0359,,,,,,,,5178850.0,,
920160.BJ,20260821,,1.1739,,,,27.2022,4.0891,,,,,,,,228826.0,,
301636.SZ,20260821,,2.368,,,,4449.96,2.4406,,,,,,,,258906.0,,
300136.SZ,20260821,,5.147,,,,80.1309,7.3516,,,,,,,,5898300.0,,
601881.SH,20260821,,0.2717,,,,10.2914,1.0888,,,,,,,,13197800.0,,
920033.BJ,20260821,,0.9671,,,,44.8999,2.2274,,,,,,,,171793.0,,
603682.SH,20260821,,2.7731,,,,,8.2979,,,,,,,,539595.0,,
002820.SZ,20260821,,19.0586,,,,,2.2696,,,,,,,,188816.0,,
301666.SZ,20260821,,6.8246,,,,14202.7,229.871,,,,,,,,18437100.0,,
688116.SH,20260821,,1.5556,,,,52.2107,3.1336,,,,,,,,1180230.0,,
002010.SZ,20260821,,0.3791,,,,19.5042,0.7078,,,,,,,,1285270.0,,
002608.SZ,20260821,,0.2559,,,,7.7885,0.7347,,,,,,,,2633320.0,,
688655.SH,20260821,,8.5823,,,,,8.6591,,,,,,,,565040.0,,
688105.SH,20260821,,7.4792,,,,,3.298,,,,,,,,1253170.0,,
688127.SH,20260821,,3.0919,,,,47.8537,11.1724,,,,,,,,2667970.0,,
000995.SZ,20260821,,3.3686,,,,322.321,11.4302,,,,,,,,188940.0,,
601398.SH,20260821,,0.0989,,,,7.4574,0.7024,,,,,,,,276928000.0,,
600026.SH,20260821,,2.9236,,,,19.4701,2.2218,,,,,,,,10712600.0,,
300655.SZ,20260821,,2.4578,,,,128.136,5.6026,,,,,,,,1442080.0,,
002521.SZ,20260821,,0.6976,,,,21.9448,0.9559,,,,,,,,375801.0,,
002587.SZ,20260821,,2.1516,,,,216.965,2.698,,,,,,,,352778.0,,
301489.SZ,20260821,,7.6483,,,,177.23,11.1853,,,,,,,,1223990.0,,
688360.SH,20260821,,1.0634,,,,41.22,2.7845,,,,,,,,414608.0,,
002128.SZ,20260821,,0.2351,,,,14.4665,2.1356,,,,,,,,8479010.0,,
002551.SZ,20260821,,2.6097,,,,,1.1266,,,,,,,,279013.0,,
301365.SZ,20260821,,2.41,,,,164.275,4.0582,,,,,,,,714756.0,,
600234.SH,20260821,,0.4547,,,,,12.5083,,,,,,,,563108.0,,
688285.SH,20260821,,0.5954,,,,48.7287,1.6843,,,,,,,,286733.0,,
600746.SH,20260821,,0.7633,,,,117.682,1.4123,,,,,,,,769608.0,,
300486.SZ,20260821,,4.5266,,,,450.1,6.3617,,,,,,,,1081220.0,,
000590.SZ,20260821,,5.1486,,,,,4.0074,,,,,,,,216721.0,,
688548.SH,20260821,,2.302,,,,153.222,8.0714,,,,,,,,4918720.0,,
002164.SZ,20260821,,1.4806,,,,27.073,3.8404,,,,,,,,591777.0,,
600088.SH,20260821,,0.5441,,,,,3.6006,,,,,,,,451794.0,,
000821.SZ,20260821,,0.8599,,,,34.4018,1.039,,,,,,,,433521.0,,
002313.SZ,20260821,,11.0845,,,,,38.4528,,,,,,,,330970.0,,
601002.SH,20260821,,1.1467,,,,19.7451,1.1539,,,,,,,,506790.0,,
300984.SZ,20260821,,2.4003,,,,122.773,5.7549,,,,,,,,620468.0,,
300193.SZ,20260821,,0.6809,,,,20.6793,1.5285,,,,,,,,365284.0,,
605169.SH,20260821,,2.0001,,,,30.2724,1.5529,,,,,,,,313148.0,,
601882.SH,20260821,,0.9282,,,,23.769,3.4287,,,,,,,,1049220.0,,
920363.BJ,20260821,,1.2341,,,,244.262,3.5737,,,,,,,,124642.0,,
002681.SZ,20260821,,1.6982,,,,,3.7307,,,,,,,,795031.0,,
002907.SZ,20260821,,8.1385,,,,80.3412,3.4267,,,,,,,,595492.0,,
300928.SZ,20260821,,1.7718,,,,,1.9859,,,,,,,,201040.0,,
688260.SH,20260821,,5.4193,,,,,92.1072,,,,,,,,1285080.0,,
002310.SZ,20260821,,1.1902,,,,,5.7845,,,,,,,,1385840.0,,
300110.SZ,20260821,,2.8754,,,,,3.9599,,,,,,,,338113.0,,
301586.SZ,20260821,,0.9444,,,,51.7592,1.9989,,,,,,,,259132.0,,
688257.SH,20260821,,2.818,,,,41.8935,7.7088,,,,,,,,2062300.0,,
002997.SZ,20260821,,2.2395,,,,14.5264,2.2238,,,,,,,,589449.0,,
603810.SH,20260821,,0.8954,,,,56.4194,1.315,,,,,,,,203206.0,,
600703.SH,20260821,,2.2049,,,,,1.9713,,,,,,,,6879860.0,,
688480.SH,20260821,,1.0699,,,,63.1683,6.3118,,,,,,,,761466.0,,
600560.SH,20260821,,0.7072,,,,49.1717,2.517,,,,,,,,248470.0,,
600982.SH,20260821,,1.2262,,,,14.1567,1.1733,,,,,,,,535344.0,,
002892.SZ,20260821,,0.8247,,,,347.545,5.2621,,,,,,,,669470.0,,
000858.SZ,20260821,,0.5078,,,,21.9299,2.1589,,,,,,,,27633200.0,,
301011.SZ,20260821,,1.0758,,,,48.4994,2.4042,,,,,,,,228597.0,,
002373.SZ,20260821,,0.9924,,,,151.594,1.0329,,,,,,,,1180400.0,,
300470.SZ,20260821,,0.4024,,,,16.3634,1.9688,,,,,,,,585128.0,,
688001.SH,20260821,,1.5328,,,,220.43,7.3588,,,,,,,,2498830.0,,
600724.SH,20260821,,0.4131,,,,39.1995,2.5721,,,,,,,,726956.0,,
600533.SH,20260821,,1.1785,,,,,1.7262,,,,,,,,228900.0,,
600195.SH,20260821,,0.7973,,,,52.1131,1.2041,,,,,,,,685190.0,,
920072.BJ,20260821,,6.6825,,,,30.5857,3.8694,,,,,,,,195866.0,,
600633.SH,20260821,,0.7744,,,,25.9426,1.2468,,,,,,,,1288360.0,,
688619.SH,20260821,,1.8543,,,,,4.3398,,,,,,,,285389.0,,
300245.SZ,20260821,,1.2024,,,,,1.4178,,,,,,,,171133.0,,
688505.SH,20260821,,2.3623,,,,,4.1604,,,,,,,,895598.0,,
301211.SZ,20260821,,8.4358,,,,154.055,2.2815,,,,,,,,520747.0,,
603091.SH,20260821,,1.3613,,,,24.6082,3.1027,,,,,,,,708372.0,,
603790.SH,20260821,,1.7747,,,,57.3234,3.5621,,,,,,,,464813.0,,
600671.SH,20260821,,1.5457,,,,152.816,33.8336,,,,,,,,249769.0,,
002124.SZ,20260821,,3.7195,,,,,3.0408,,,,,,,,504379.0,,
688687.SH,20260821,,2.9583,,,,280.888,1.8085,,,,,,,,310777.0,,
002571.SZ,20260821,,1.471,,,,,5.3741,,,,,,,,427618.0,,
000591.SZ,20260821,,0.6447,,,,22.9228,0.6843,,,,,,,,1643940.0,,
600280.SH,20260821,,1.6218,,,,,12.6483,,,,,,,,336244.0,,
002173.SZ,20260821,,7.065,,,,,4.9002,,,,,,,,808874.0,,
002195.SZ,20260821,,1.3447,,,,438.705,3.6206,,,,,,,,3586920.0,,
600755.SH,20260821,,0.3369,,,,35.2417,0.6244,,,,,,,,1204670.0,,
600346.SH,20260821,,0.5051,,,,11.8277,1.8463,,,,,,,,13282800.0,,
301629.SZ,20260821,,4.3957,,,,344.091,8.9978,,,,,,,,1064090.0,,
300517.SZ,20260821,,1.801,,,,436.795,1.9337,,,,,,,,202221.0,,
300605.SZ,20260821,,4.7231,,,,,3.8661,,,,,,,,168777.0,,
301113.SZ,20260821,,1.8845,,,,788.049,2.8915,,,,,,,,197088.0,,
600312.SH,20260821,,1.6702,,,,21.049,2.2562,,,,,,,,2677210.0,,
300523.SZ,20260821,,0.6973,,,,,4.7926,,,,,,,,463879.0,,
688623.SH,20260821,,1.2084,,,,70.9384,2.3367,,,,,,,,494431.0,,
605178.SH,20260821,,3.6985,,,,,6.0458,,,,,,,,667403.0,,
600156.SH,20260821,,1.9972,,,,,8.7414,,,,,,,,322895.0,,
688695.SH,20260821,,1.686,,,,,2.1682,,,,,,,,165085.0,,
300499.SZ,20260821,,6.0796,,,,282.525,6.1953,,,,,,,,862633.0,,
002713.SZ,20260821,,2.2714,,,,231.181,10.1993,,,,,,,,885758.0,,
000729.SZ,20260821,,2.582,,,,16.2804,1.9052,,,,,,,,3215950.0,,
002136.SZ,20260821,,2.7043,,,,,2.4047,,,,,,,,261894.0,,
000833.SZ,20260821,,6.1351,,,,30.0031,4.1788,,,,,,,,1736510.0,,
002815.SZ,20260821,,9.6097,,,,70.7268,1.9177,,,,,,,,1705600.0,,
300423.SZ,20260821,,2.0658,,,,,2.5112,,,,,,,,289054.0,,
688378.SH,20260821,,3.8183,,,,54.1651,5.7028,,,,,,,,1197590.0,,
300593.SZ,20260821,,5.6082,,,,,7.3123,,,,,,,,1677400.0,,
603231.SH,20260821,,2.8197,,,,17.4023,1.5212,,,,,,,,308058.0,,
600173.SH,20260821,,0.8102,,,,,1.1858,,,,,,,,424507.0,,
002825.SZ,20260821,,1.2664,,,,43.1192,1.9654,,,,,,,,309114.0,,
000100.SZ,20260821,,1.4425,,,,20.6748,1.6691,,,,,,,,10462800.0,,
300343.SZ,20260821,,1.6377,,,,109.861,3.0912,,,,,,,,612179.0,,
000403.SZ,20260821,,1.6069,,,,28.6078,1.2456,,,,,,,,1010270.0,,
301262.SZ,20260821,,3.1091,,,,19.9663,2.0323,,,,,,,,774369.0,,
600719.SH,20260821,,1.7425,,,,,7.9279,,,,,,,,284838.0,,
000663.SZ,20260821,,1.4982,,,,,2.0859,,,,,,,,189890.0,,
000402.SZ,20260821,,0.9966,,,,,0.3703,,,,,,,,735277.0,,
301316.SZ,20260821,,1.9017,,,,156.112,14.2653,,,,,,,,1581310.0,,
000685.SZ,20260821,,0.5473,,,,7.4676,0.8377,,,,,,,,1611570.0,,
000717.SZ,20260821,,0.5279,,,,,0.8008,,,,,,,,535670.0,,
002960.SZ,20260821,,0.5748,,,,29.6713,1.4318,,,,,,,,889352.0,,
300124.SZ,20260821,,0.5936,,,,33.7149,4.3931,,,,,,,,15983000.0,,
300126.SZ,20260821,,1.9811,,,,,1.9674,,,,,,,,195749.0,,
603668.SH,20260821,,0.9797,,,,,2.4243,,,,,,,,513889.0,,
300503.SZ,20260821,,5.4352,,,,74.4865,13.5328,,,,,,,,2146800.0,,
300538.SZ,20260821,,3.182,,,,,3.077,,,,,,,,279791.0,,
920871.BJ,20260821,,0.7847,,,,68.0475,3.5611,,,,,,,,92239.8,,
603955.SH,20260821,,1.0669,,,,,1.7809,,,,,,,,254475.0,,
301063.SZ,20260821,,1.1231,,,,50.5599,1.1906,,,,,,,,188162.0,,
688117.SH,20260821,,6.0698,,,,27.8337,4.9676,,,,,,,,568258.0,,
300906.SZ,20260821,,6.8733,,,,41.5819,2.612,,,,,,,,244640.0,,
002494.SZ,20260821,,2.5405,,,,65.9492,1.4482,,,,,,,,182241.0,,
300763.SZ,20260821,,3.2129,,,,41.0958,2.7706,,,,,,,,2505510.0,,
600860.SH,20260821,,1.0348,,,,,5.7239,,,,,,,,454413.0,,
600257.SH,20260821,,3.0646,,,,107.56,3.2312,,,,,,,,263718.0,,
601858.SH,20260821,,0.9516,,,,35.8488,3.0571,,,,,,,,1744630.0,,
301289.SZ,20260821,,0.7551,,,,37.2154,3.2465,,,,,,,,335946.0,,
300507.SZ,20260821,,0.5907,,,,53.7137,2.3733,,,,,,,,510541.0,,
300175.SZ,20260821,,1.2031,,,,,5.603,,,,,,,,279184.0,,
603456.SH,20260821,,5.0268,,,,24.7389,1.6444,,,,,,,,1463640.0,,
688208.SH,20260821,,1.0577,,,,18.039,4.357,,,,,,,,1679490.0,,
300424.SZ,20260821,,1.9421,,,,,5.1015,,,,,,,,359788.0,,
603270.SH,20260821,,3.0145,,,,40.616,2.658,,,,,,,,610650.0,,
002320.SZ,20260821,,0.5452,,,,78.7575,3.4672,,,,,,,,1428670.0,,
300234.SZ,20260821,,3.1086,,,,,4.2647,,,,,,,,479522.0,,
002371.SZ,20260821,,0.7997,,,,92.9792,13.1941,,,,,,,,51845400.0,,
002428.SZ,20260821,,9.3775,,,,3457.95,44.8455,,,,,,,,6588670.0,,
920065.BJ,20260821,,8.2248,,,,13.9955,3.7788,,,,,,,,302157.0,,
301333.SZ,20260821,,2.955,,,,42.4549,2.8424,,,,,,,,567415.0,,
301380.SZ,20260821,,3.41,,,,82.0165,4.0466,,,,,,,,305698.0,,
605151.SH,20260821,,1.0448,,,,129.224,1.8988,,,,,,,,261439.0,,
301581.SZ,20260821,,1.3651,,,,72.7302,2.9244,,,,,,,,297600.0,,
688182.SH,20260821,,1.561,,,,90.4725,4.9261,,,,,,,,1128000.0,,
300363.SZ,20260821,,13.752,,,,92.5833,2.2202,,,,,,,,1189600.0,,
301628.SZ,20260821,,7.3583,,,,58.4092,5.7215,,,,,,,,683658.0,,
001225.SZ,20260821,,15.249,,,,101.651,2.205,,,,,,,,307593.0,,
300776.SZ,20260821,,3.6678,,,,65.2434,6.5902,,,,,,,,3251670.0,,
301682.SZ,20260821,,4.9161,,,,46.887,2.9979,,,,,,,,1499920.0,,
688797.SH,20260821,,7.4893,,,,193.495,37.8881,,,,,,,,4786200.0,,
300636.SZ,20260821,,2.5888,,,,41.0561,1.2243,,,,,,,,291866.0,,
002849.SZ,20260821,,3.4919,,,,77.3943,2.9402,,,,,,,,404863.0,,
920950.BJ,20260821,,0.6287,,,,22.7228,2.758,,,,,,,,90770.2,,
688361.SH,20260821,,2.1611,,,,21771.0,24.2541,,,,,,,,12302800.0,,
002580.SZ,20260821,,10.4048,,,,46.6617,3.6012,,,,,,,,868705.0,,
002828.SZ,20260821,,9.6004,,,,,4.0248,,,,,,,,242793.0,,
601500.SH,20260821,,0.8916,,,,27.8298,1.0214,,,,,,,,626868.0,,
603229.SH,20260821,,1.4049,,,,62.253,2.8411,,,,,,,,672541.0,,
603159.SH,20260821,,2.2828,,,,,6.155,,,,,,,,305200.0,,
300596.SZ,20260821,,2.0792,,,,17.9913,1.994,,,,,,,,994253.0,,
001278.SZ,20260821,,2.4676,,,,,1.6792,,,,,,,,198345.0,,
603200.SH,20260821,,1.6047,,,,76.1252,5.6759,,,,,,,,624183.0,,
300394.SZ,20260821,,4.6348,,,,128.27,47.6721,,,,,,,,29788200.0,,
603000.SH,20260821,,0.6452,,,,92.4265,4.5777,,,,,,,,1761370.0,,
688539.SH,20260821,,1.0677,,,,90.5805,2.7089,,,,,,,,475397.0,,
688692.SH,20260821,,1.6114,,,,47.7086,6.9962,,,,,,,,2718780.0,,
600468.SH,20260821,,1.1426,,,,77.5524,3.1423,,,,,,,,640676.0,,
601022.SH,20260821,,0.593,,,,17.5374,1.7278,,,,,,,,1084860.0,,
600289.SH,20260821,,0.2789,,,,,3.0458,,,,,,,,273877.0,,
300197.SZ,20260821,,3.0063,,,,,,,,,,,,,598990.0,,
000531.SZ,20260821,,0.3933,,,,14.632,0.8392,,,,,,,,583185.0,,
688320.SH,20260821,,1.8744,,,,,4.1865,,,,,,,,508010.0,,
002591.SZ,20260821,,3.3107,,,,,2.9706,,,,,,,,190026.0,,
300820.SZ,20260821,,2.3437,,,,56.1139,4.5379,,,,,,,,1171240.0,,
300565.SZ,20260821,,2.6953,,,,,4.6116,,,,,,,,240466.0,,
002945.SZ,20260821,,0.2918,,,,76.0624,5.1411,,,,,,,,3780000.0,,
603933.SH,20260821,,1.7641,,,,61.2329,2.9467,,,,,,,,398486.0,,
002298.SZ,20260821,,2.7371,,,,,3.1613,,,,,,,,589868.0,,
688516.SH,20260821,,1.966,,,,32.842,3.5539,,,,,,,,1306570.0,,
300611.SZ,20260821,,1.0781,,,,37.4346,3.7576,,,,,,,,483783.0,,
300699.SZ,20260821,,0.8546,,,,35.5739,3.4933,,,,,,,,2027670.0,,
920508.BJ,20260821,,0.7625,,,,334.036,4.4068,,,,,,,,84960.0,,
600269.SH,20260821,,0.5768,,,,12.139,0.4565,,,,,,,,878113.0,,
301168.SZ,20260821,,1.5047,,,,700.304,2.4119,,,,,,,,512760.0,,
601187.SH,20260821,,0.4898,,,,7.1127,0.6998,,,,,,,,1908090.0,,
002375.SZ,20260821,,0.9197,,,,14.6674,0.5795,,,,,,,,482399.0,,
300346.SZ,20260821,,3.9854,,,,112.781,10.9142,,,,,,,,3929230.0,,
301000.SZ,20260821,,1.1609,,,,41.6556,4.4162,,,,,,,,581054.0,,
000718.SZ,20260821,,0.8871,,,,,0.62,,,,,,,,567477.0,,
600012.SH,20260821,,0.345,,,,14.2175,1.9827,,,,,,,,2648320.0,,
000537.SZ,20260821,,1.2164,,,,24.5865,0.785,,,,,,,,1562350.0,,
603515.SH,20260821,,0.168,,,,13.2905,1.6934,,,,,,,,1209920.0,,
600458.SH,20260821,,1.9383,,,,19.751,1.3536,,,,,,,,1098740.0,,
300854.SZ,20260821,,4.2652,,,,,2.7709,,,,,,,,248874.0,,
600308.SH,20260821,,0.5282,,,,,0.5396,,,,,,,,488432.0,,
000632.SZ,20260821,,3.6129,,,,,28.942,,,,,,,,181553.0,,
688213.SH,20260821,,1.5177,,,,37.6728,7.2213,,,,,,,,3942610.0,,
600557.SH,20260821,,2.8485,,,,22.7752,1.3941,,,,,,,,682788.0,,
603439.SH,20260821,,4.5573,,,,102.869,3.3563,,,,,,,,501166.0,,
300748.SZ,20260821,,1.6575,,,,44.155,4.9876,,,,,,,,3810090.0,,
600886.SH,20260821,,0.2975,,,,14.8176,1.5958,,,,,,,,11014200.0,,
002468.SZ,20260821,,0.7102,,,,13.6515,1.9063,,,,,,,,2172210.0,,
002611.SZ,20260821,,1.4805,,,,4.3599,1.9205,,,,,,,,1819840.0,,
000533.SZ,20260821,,4.9738,,,,65.3856,7.255,,,,,,,,740555.0,,
603311.SH,20260821,,1.2847,,,,97.3836,5.0698,,,,,,,,683592.0,,
002946.SZ,20260821,,0.5841,,,,17.0973,3.5075,,,,,,,,1340940.0,,
688262.SH,20260821,,1.9564,,,,,4.6951,,,,,,,,904848.0,,
002962.SZ,20260821,,3.7356,,,,153.422,2.1256,,,,,,,,373332.0,,
601156.SH,20260821,,1.017,,,,10.8286,1.4575,,,,,,,,2946500.0,,
300120.SZ,20260821,,10.1619,,,,,2.0609,,,,,,,,516954.0,,
603196.SH,20260821,,0.5404,,,,211.269,4.0462,,,,,,,,821046.0,,
300086.SZ,20260821,,4.1325,,,,,3.3932,,,,,,,,301292.0,,
603344.SH,20260821,,3.0349,,,,26.6176,2.0318,,,,,,,,440807.0,,
920699.BJ,20260821,,2.3161,,,,100.02,15.4426,,,,,,,,542941.0,,
603100.SH,20260821,,0.4598,,,,13.8903,1.8596,,,,,,,,890869.0,,
301655.SZ,20260821,,62.4889,,,,67.1204,12.4882,,,,,,,,1211920.0,,
600941.SH,20260821,,0.6946,,,,15.8383,1.4684,,,,,,,,208739000.0,,
601339.SH,20260821,,0.3652,,,,14.3128,1.2831,,,,,,,,1181660.0,,
002756.SZ,20260821,,3.7311,,,,26.8065,1.9487,,,,,,,,2570980.0,,
300328.SZ,20260821,,9.3077,,,,,10.4644,,,,,,,,1076370.0,,
002176.SZ,20260821,,3.1258,,,,,5.2055,,,,,,,,1538830.0,,
600455.SH,20260821,,1.6991,,,,31.326,4.2279,,,,,,,,151710.0,,
002248.SZ,20260821,,14.8623,,,,90.3921,26.7239,,,,,,,,306573.0,,
688169.SH,20260821,,1.3059,,,,21.3014,2.1148,,,,,,,,3022730.0,,
300335.SZ,20260821,,1.768,,,,61.2469,1.297,,,,,,,,250431.0,,
002480.SZ,20260821,,0.8223,,,,,5.607,,,,,,,,417659.0,,
603113.SH,20260821,,5.2992,,,,,0.5926,,,,,,,,431882.0,,
002396.SZ,20260821,,9.801,,,,44.2869,3.4873,,,,,,,,2522760.0,,
301095.SZ,20260821,,2.3346,,,,162.324,4.7375,,,,,,,,1488290.0,,
920833.BJ,20260821,,0.7833,,,,51.5752,1.8149,,,,,,,,111756.0,,
601606.SH,20260821,,2.0429,,,,,10.2034,,,,,,,,2183550.0,,
000553.SZ,20260821,,0.3899,,,,,0.7332,,,,,,,,1293050.0,,
601216.SH,20260821,,0.4362,,,,12.2075,1.2379,,,,,,,,3695850.0,,
603798.SH,20260821,,1.1304,,,,75.4644,2.6248,,,,,,,,325948.0,,
000504.SZ,20260821,,1.4714,,,,66.0078,10.049,,,,,,,,278209.0,,
600863.SH,20260821,,1.3474,,,,15.9365,1.7276,,,,,,,,3612020.0,,
300454.SZ,20260821,,5.157,,,,90.0584,4.7885,,,,,,,,5204600.0,,
600882.SH,20260821,,1.1301,,,,91.8499,2.2062,,,,,,,,1025550.0,,
603038.SH,20260821,,4.5219,,,,54.0307,3.1362,,,,,,,,449765.0,,
603788.SH,20260821,,0.3307,,,,14.2959,1.4266,,,,,,,,310060.0,,
920339.BJ,20260821,,0.5645,,,,114.847,4.0462,,,,,,,,243105.0,,
601998.SH,20260821,,0.1497,,,,6.5564,0.6285,,,,,,,,46686300.0,,
300853.SZ,20260821,,5.2606,,,,,7.8811,,,,,,,,404110.0,,
600009.SH,20260821,,0.366,,,,24.9199,1.3224,,,,,,,,5703210.0,,
603004.SH,20260821,,2.8472,,,,33.0219,2.2553,,,,,,,,468685.0,,
603698.SH,20260821,,2.8522,,,,52.734,3.3501,,,,,,,,1179180.0,,
300354.SZ,20260821,,1.877,,,,29.8026,4.5516,,,,,,,,403203.0,,
000856.SZ,20260821,,6.4028,,,,158.311,4.6286,,,,,,,,193631.0,,
002007.SZ,20260821,,1.8563,,,,28.0363,2.0515,,,,,,,,2404440.0,,
688578.SH,20260821,,2.067,,,,19.5714,6.1953,,,,,,,,5242500.0,,
002752.SZ,20260821,,0.625,,,,15.8643,1.5753,,,,,,,,580290.0,,
300213.SZ,20260821,,1.5242,,,,,1.8072,,,,,,,,370884.0,,
688157.SH,20260821,,0.7733,,,,374.515,2.6465,,,,,,,,356475.0,,
603918.SH,20260821,,2.2776,,,,,3.8054,,,,,,,,372410.0,,
600768.SH,20260821,,3.0451,,,,18.9379,4.2248,,,,,,,,203429.0,,
600439.SH,20260821,,1.1672,,,,,0.8317,,,,,,,,209417.0,,
600968.SH,20260821,,0.3017,,,,10.3521,1.348,,,,,,,,4066040.0,,
300618.SZ,20260821,,2.8867,,,,47.971,1.9471,,,,,,,,1083630.0,,
301361.SZ,20260821,,1.2718,,,,32.3618,2.4607,,,,,,,,308407.0,,
000838.SZ,20260821,,4.2304,,,,,,,,,,,,,309230.0,,
000029.SZ,20260821,,0.5098,,,,975.323,6.3722,,,,,,,,2302540.0,,
001696.SZ,20260821,,3.2426,,,,28.6806,3.1521,,,,,,,,1751890.0,,
001221.SZ,20260821,,5.0119,,,,22.7393,5.4624,,,,,,,,1660840.0,,
600605.SH,20260821,,1.013,,,,172.949,3.5242,,,,,,,,506423.0,,
300442.SZ,20260821,,0.9657,,,,20.3096,7.3951,,,,,,,,10565000.0,,
300779.SZ,20260821,,3.5635,,,,299.759,9.0373,,,,,,,,2027640.0,,
300598.SZ,20260821,,10.8885,,,,,5.059,,,,,,,,714521.0,,
600202.SH,20260821,,1.513,,,,,2.3882,,,,,,,,193587.0,,
300465.SZ,20260821,,5.5012,,,,229.45,7.9688,,,,,,,,552024.0,,
002050.SZ,20260821,,1.0122,,,,37.7961,4.7345,,,,,,,,15447600.0,,
601128.SH,20260821,,1.054,,,,5.2457,0.7105,,,,,,,,2276460.0,,
301565.SZ,20260821,,2.1428,,,,98.731,3.2253,,,,,,,,787620.0,,
301259.SZ,20260821,,3.9797,,,,168.706,5.9528,,,,,,,,527046.0,,
688239.SH,20260821,,4.9761,,,,46.1282,4.4473,,,,,,,,920391.0,,
688011.SH,20260821,,2.0163,,,,,7.5512,,,,,,,,791821.0,,
002082.SZ,20260821,,1.4937,,,,,2.2976,,,,,,,,600067.0,,
688426.SH,20260821,,8.06,,,,,1.8846,,,,,,,,252211.0,,
603382.SH,20260821,,6.6631,,,,36.6217,2.0535,,,,,,,,368665.0,,
688593.SH,20260821,,4.1027,,,,1279.97,10.1047,,,,,,,,1570670.0,,
601619.SH,20260821,,1.1737,,,,24.4196,1.5092,,,,,,,,1200730.0,,
002598.SZ,20260821,,0.5363,,,,34.3635,1.6319,,,,,,,,204395.0,,
688800.SH,20260821,,6.4364,,,,64.9156,7.6413,,,,,,,,1832990.0,,
300482.SZ,20260821,,1.8955,,,,,1.5056,,,,,,,,814474.0,,
002556.SZ,20260821,,1.1587,,,,24.1222,1.2992,,,,,,,,471210.0,,
002732.SZ,20260821,,0.7132,,,,44.3043,1.4381,,,,,,,,216986.0,,
301135.SZ,20260821,,1.3448,,,,128.623,1.7838,,,,,,,,219084.0,,
002135.SZ,20260821,,0.9231,,,,382.113,1.0685,,,,,,,,662621.0,,
600713.SH,20260821,,1.5674,,,,10.9357,0.9254,,,,,,,,680245.0,,
000702.SZ,20260821,,1.7867,,,,,5.7284,,,,,,,,189950.0,,
920357.BJ,20260821,,1.3936,,,,21.6431,3.8029,,,,,,,,161257.0,,
688510.SH,20260821,,1.4383,,,,67.2535,5.0918,,,,,,,,618876.0,,
920375.BJ,20260821,,1.3932,,,,185.298,1.3625,,,,,,,,104808.0,,
000014.SZ,20260821,,1.6552,,,,,1.7685,,,,,,,,244225.0,,
301175.SZ,20260821,,1.6519,,,,20.5263,2.108,,,,,,,,800703.0,,
605118.SH,20260821,,0.4361,,,,43.5904,7.373,,,,,,,,1192670.0,,
301191.SZ,20260821,,5.5144,,,,122.726,5.2901,,,,,,,,900658.0,,
603992.SH,20260821,,0.6421,,,,36.0177,2.5092,,,,,,,,919755.0,,
600239.SH,20260821,,0.8295,,,,,2.2423,,,,,,,,226402.0,,
603496.SH,20260821,,2.9627,,,,159.402,5.5617,,,,,,,,775547.0,,
603232.SH,20260821,,2.1681,,,,,2.6354,,,,,,,,342772.0,,
603599.SH,20260821,,0.6912,,,,14.0878,0.9004,,,,,,,,920282.0,,
300877.SZ,20260821,,4.004,,,,43.4761,2.2233,,,,,,,,374520.0,,
920489.BJ,20260821,,1.8491,,,,,3.8514,,,,,,,,184766.0,,
000989.SZ,20260821,,5.2548,,,,23.5182,2.1038,,,,,,,,773772.0,,
301266.SZ,20260821,,4.5396,,,,122.014,1.8516,,,,,,,,335275.0,,
688234.SH,20260821,,2.72,,,,,7.4951,,,,,,,,5328380.0,,
920641.BJ,20260821,,6.2258,,,,193.852,3.0119,,,,,,,,104955.0,,
002181.SZ,20260821,,1.3389,,,,131.492,2.2581,,,,,,,,960195.0,,
300051.SZ,20260821,,3.7643,,,,,32.4326,,,,,,,,309891.0,,
920060.BJ,20260821,,1.2611,,,,28.3176,2.9782,,,,,,,,324919.0,,
688296.SH,20260821,,6.2964,,,,,4.9666,,,,,,,,283411.0,,
605287.SH,20260821,,1.9318,,,,91.7107,3.4768,,,,,,,,549780.0,,
301067.SZ,20260821,,2.7892,,,,,3.6968,,,,,,,,284415.0,,
000868.SZ,20260821,,1.3031,,,,,4.0823,,,,,,,,327891.0,,
688215.SH,20260821,,1.4184,,,,97.3991,8.3109,,,,,,,,409743.0,,
300775.SZ,20260821,,1.2113,,,,42.1678,1.9385,,,,,,,,1141650.0,,
002933.SZ,20260821,,0.8635,,,,77.9769,2.0063,,,,,,,,313090.0,,
601677.SH,20260821,,1.7058,,,,8.5159,1.0161,,,,,,,,2066350.0,,
603716.SH,20260821,,11.0331,,,,,3.5405,,,,,,,,357653.0,,
300386.SZ,20260821,,6.1251,,,,,3.4111,,,,,,,,477824.0,,
600887.SH,20260821,,0.6883,,,,13.2937,2.6962,,,,,,,,16066400.0,,
603678.SH,20260821,,4.8796,,,,91.9658,3.7775,,,,,,,,2324570.0,,
603053.SH,20260821,,0.2264,,,,16.9912,1.5898,,,,,,,,774223.0,,
002545.SZ,20260821,,1.1189,,,,15.4548,2.1214,,,,,,,,2167160.0,,
300547.SZ,20260821,,2.9099,,,,27.6566,3.9371,,,,,,,,545085.0,,
002175.SZ,20260821,,1.0443,,,,,4.2728,,,,,,,,330686.0,,
300807.SZ,20260821,,1.5803,,,,,5.5503,,,,,,,,244398.0,,
301269.SZ,20260821,,0.9272,,,,,10.0255,,,,,,,,5215770.0,,
603588.SH,20260821,,3.4096,,,,15.5188,2.0208,,,,,,,,2106630.0,,
601326.SH,20260821,,0.3296,,,,11.5326,0.8974,,,,,,,,1860610.0,,
603978.SH,20260821,,3.2051,,,,,2.413,,,,,,,,400235.0,,
002862.SZ,20260821,,1.6621,,,,,7.829,,,,,,,,227964.0,,
000619.SZ,20260821,,1.4921,,,,,0.8618,,,,,,,,213967.0,,
688448.SH,20260821,,3.0516,,,,940.352,6.1197,,,,,,,,627827.0,,
920016.BJ,20260821,,1.0254,,,,46.0295,2.5481,,,,,,,,99460.6,,
600668.SH,20260821,,1.2059,,,,,0.5524,,,,,,,,302656.0,,
300683.SZ,20260821,,7.2091,,,,,1.7818,,,,,,,,380903.0,,
002080.SZ,20260821,,2.0567,,,,44.6355,4.4325,,,,,,,,9046760.0,,
603259.SH,20260821,,2.3145,,,,22.4244,5.8312,,,,,,,,48593500.0,,
688750.SH,20260821,,0.9418,,,,109.276,2.6283,,,,,,,,650275.0,,
300385.SZ,20260821,,1.9937,,,,,,,,,,,,,413101.0,,
002566.SZ,20260821,,3.9708,,,,67.5188,0.9998,,,,,,,,224716.0,,
920026.BJ,20260821,,5.1635,,,,56.5679,3.7774,,,,,,,,239124.0,,
605138.SH,20260821,,0.477,,,,18.5631,1.2976,,,,,,,,325565.0,,
301368.SZ,20260821,,1.0265,,,,,5.0889,,,,,,,,479679.0,,
001339.SZ,20260821,,3.1943,,,,56.0758,9.4423,,,,,,,,2566550.0,,
605099.SH,20260821,,0.4856,,,,19.1492,4.0894,,,,,,,,1364220.0,,
000561.SZ,20260821,,0.5943,,,,,2.2062,,,,,,,,641102.0,,
603718.SH,20260821,,0.9796,,,,,2.1893,,,,,,,,194045.0,,
603319.SH,20260821,,5.5835,,,,124.122,3.611,,,,,,,,889250.0,,
920351.BJ,20260821,,10.1825,,,,79.0329,2.6357,,,,,,,,117087.0,,
002979.SZ,20260821,,4.7346,,,,72.4732,9.3495,,,,,,,,1751480.0,,
688298.SH,20260821,,1.3306,,,,,0.6646,,,,,,,,391709.0,,
688065.SH,20260821,,0.7661,,,,52.2626,1.8384,,,,,,,,3265280.0,,
000597.SZ,20260821,,3.0659,,,,28.5522,1.2868,,,,,,,,714891.0,,
300402.SZ,20260821,,2.619,,,,73.6329,2.4451,,,,,,,,370433.0,,
603001.SH,20260821,,3.8386,,,,,1.4015,,,,,,,,330808.0,,
002850.SZ,20260821,,1.3841,,,,27.1633,3.4812,,,,,,,,5263360.0,,
603202.SH,20260821,,1.4209,,,,10.1218,1.1905,,,,,,,,818400.0,,
600000.SH,20260821,,0.1539,,,,5.9948,0.3998,,,,,,,,30141800.0,,
002213.SZ,20260821,,5.6648,,,,363.551,12.7044,,,,,,,,718622.0,,
300177.SZ,20260821,,0.9497,,,,,3.6374,,,,,,,,459152.0,,
688018.SH,20260821,,1.1828,,,,46.0758,5.5892,,,,,,,,2630030.0,,
688046.SH,20260821,,5.716,,,,77.1856,6.2169,,,,,,,,1408990.0,,
688535.SH,20260821,,3.2048,,,,471.011,6.6863,,,,,,,,1439900.0,,
600237.SH,20260821,,3.0546,,,,45.2771,2.6515,,,,,,,,530872.0,,
300889.SZ,20260821,,1.8653,,,,,3.2995,,,,,,,,467102.0,,
000065.SZ,20260821,,1.0767,,,,16.0362,0.9411,,,,,,,,1053430.0,,
300813.SZ,20260821,,6.2242,,,,143.892,3.1756,,,,,,,,256094.0,,
603373.SH,20260821,,1.7802,,,,45.1641,3.1063,,,,,,,,581226.0,,
920504.BJ,20260821,,4.3977,,,,49.4152,3.6058,,,,,,,,74966.3,,
301286.SZ,20260821,,0.9091,,,,68.0916,8.9336,,,,,,,,1722830.0,,
002091.SZ,20260821,,0.5493,,,,9.9212,0.783,,,,,,,,1253350.0,,
000983.SZ,20260821,,2.2279,,,,31.3015,1.1227,,,,,,,,4155640.0,,
920978.BJ,20260821,,0.9469,,,,21.6898,4.3929,,,,,,,,359517.0,,
002786.SZ,20260821,,1.5908,,,,,19.278,,,,,,,,384099.0,,
300148.SZ,20260821,,1.5278,,,,52.9307,2.7448,,,,,,,,283302.0,,
300759.SZ,20260821,,6.5387,,,,51.4702,5.392,,,,,,,,8815290.0,,
688185.SH,20260821,,22.3771,,,,,3.8778,,,,,,,,1910140.0,,
600536.SH,20260821,,5.4071,,,,,9.0048,,,,,,,,3165540.0,,
920239.BJ,20260821,,0.3733,,,,14.9714,3.3526,,,,,,,,385815.0,,
300652.SZ,20260821,,0.9827,,,,29.0311,2.4973,,,,,,,,386299.0,,
300366.SZ,20260821,,1.1429,,,,,2.709,,,,,,,,311687.0,,
300094.SZ,20260821,,4.1716,,,,,33.4852,,,,,,,,318143.0,,
688010.SH,20260821,,1.8271,,,,292.726,2.471,,,,,,,,423562.0,,
920211.BJ,20260821,,4.5555,,,,63.2094,14.3742,,,,,,,,373240.0,,
920866.BJ,20260821,,4.1335,,,,30.4325,1.3993,,,,,,,,109025.0,,
000059.SZ,20260821,,4.3017,,,,,0.7469,,,,,,,,753337.0,,
002552.SZ,20260821,,10.4424,,,,124.15,13.6616,,,,,,,,2139350.0,,
688638.SH,20260821,,1.6452,,,,,2.4595,,,,,,,,187936.0,,
003030.SZ,20260821,,3.1543,,,,97.0842,2.6923,,,,,,,,270523.0,,
000408.SZ,20260821,,0.852,,,,21.5586,7.1336,,,,,,,,12267300.0,,
601800.SH,20260821,,0.1755,,,,7.0973,0.3262,,,,,,,,9501280.0,,
603271.SH,20260821,,1.422,,,,18.714,2.8218,,,,,,,,858717.0,,
000062.SZ,20260821,,1.2115,,,,41.9485,3.4102,,,,,,,,2341790.0,,
300434.SZ,20260821,,8.5047,,,,25.7412,1.7829,,,,,,,,475665.0,,
603089.SH,20260821,,4.79,,,,46.015,1.3979,,,,,,,,263863.0,,
688595.SH,20260821,,1.3785,,,,,6.2354,,,,,,,,403606.0,,
601988.SH,20260821,,0.092,,,,7.9473,0.7132,,,,,,,,194939000.0,,
000656.SZ,20260821,,1.6712,,,,0.4249,3.1915,,,,,,,,1313000.0,,
002423.SZ,20260821,,0.6701,,,,20.4404,0.8664,,,,,,,,2066780.0,,
300395.SZ,20260821,,2.8652,,,,89.6067,8.8321,,,,,,,,4625870.0,,
603385.SH,20260821,,1.0212,,,,,0.594,,,,,,,,208985.0,,
600425.SH,20260821,,0.6331,,,,19.6405,0.8889,,,,,,,,571274.0,,
605208.SH,20260821,,2.8683,,,,35.6237,2.0092,,,,,,,,456637.0,,
300057.SZ,20260821,,3.2791,,,,,1.283,,,,,,,,657339.0,,
688211.SH,20260821,,0.3312,,,,,1.1589,,,,,,,,404815.0,,
600791.SH,20260821,,2.3452,,,,,,,,,,,,,338754.0,,
920802.BJ,20260821,,1.6579,,,,31.8783,1.9232,,,,,,,,84714.6,,
688076.SH,20260821,,2.1752,,,,27.9972,2.7789,,,,,,,,865858.0,,
300949.SZ,20260821,,1.8942,,,,,3.4685,,,,,,,,195315.0,,
000423.SZ,20260821,,3.1591,,,,17.3327,3.0453,,,,,,,,3093560.0,,
300284.SZ,20260821,,0.6712,,,,849.654,0.7913,,,,,,,,656670.0,,
301163.SZ,20260821,,2.014,,,,46.7649,1.6831,,,,,,,,192902.0,,
920185.BJ,20260821,,0.2679,,,,27.0168,1.8015,,,,,,,,2321910.0,,
002282.SZ,20260821,,0.7378,,,,23.5477,0.8557,,,,,,,,311362.0,,
300418.SZ,20260821,,6.2018,,,,160.508,3.8045,,,,,,,,5631020.0,,
002039.SZ,20260821,,1.1755,,,,11.5454,1.8043,,,,,,,,814926.0,,
688499.SH,20260821,,1.9383,,,,103.817,2.5024,,,,,,,,592237.0,,
002543.SZ,20260821,,4.205,,,,46.8677,1.1251,,,,,,,,543572.0,,
002251.SZ,20260821,,2.995,,,,86.3542,1.1203,,,,,,,,951800.0,,
600292.SH,20260821,,1.3599,,,,73.9804,3.301,,,,,,,,5759900.0,,
300925.SZ,20260821,,1.5333,,,,62.2528,2.7543,,,,,,,,618627.0,,
920751.BJ,20260821,,0.3322,,,,29.5566,3.3413,,,,,,,,137893.0,,
301188.SZ,20260821,,5.3181,,,,259.944,5.3224,,,,,,,,1043390.0,,
002773.SZ,20260821,,2.0509,,,,18.1695,2.0246,,,,,,,,1944920.0,,
920039.BJ,20260821,,1.004,,,,45.8087,2.4617,,,,,,,,133823.0,,
603530.SH,20260821,,0.7843,,,,43.8158,11.7357,,,,,,,,2130280.0,,
688377.SH,20260821,,0.6036,,,,41.0898,2.481,,,,,,,,474383.0,,
603699.SH,20260821,,0.8413,,,,25.6294,8.6267,,,,,,,,4314450.0,,
000878.SZ,20260821,,1.9353,,,,29.7607,2.182,,,,,,,,4020960.0,,
688559.SH,20260821,,3.1886,,,,,5.3803,,,,,,,,1302960.0,,
920946.BJ,20260821,,5.3768,,,,29.0992,3.3108,,,,,,,,435030.0,,
603906.SH,20260821,,4.4689,,,,229.688,5.1076,,,,,,,,1554530.0,,
603277.SH,20260821,,1.8981,,,,23.285,2.6813,,,,,,,,764642.0,,
300134.SZ,20260821,,1.4457,,,,,1.7153,,,,,,,,627046.0,,
002254.SZ,20260821,,1.8544,,,,225.69,1.4924,,,,,,,,1055900.0,,
605588.SH,20260821,,1.2949,,,,,3.6954,,,,,,,,349524.0,,
688785.SH,20260821,,3.9765,,,,188.86,8.1562,,,,,,,,1820500.0,,
601886.SH,20260821,,2.536,,,,20.5176,2.0504,,,,,,,,1483100.0,,
300826.SZ,20260821,,3.1446,,,,235.06,2.242,,,,,,,,336624.0,,
301071.SZ,20260821,,5.4516,,,,86.822,2.8292,,,,,,,,1506090.0,,
603276.SH,20260821,,3.43,,,,45.8389,1.8636,,,,,,,,334939.0,,
688289.SH,20260821,,3.2547,,,,58.2558,1.2762,,,,,,,,914274.0,,
603578.SH,20260821,,5.7735,,,,,2.2278,,,,,,,,315748.0,,
920856.BJ,20260821,,5.3453,,,,263.411,2.8431,,,,,,,,133368.0,,
600971.SH,20260821,,2.1606,,,,105.775,0.8894,,,,,,,,1044000.0,,
603199.SH,20260821,,3.1367,,,,16.5928,2.153,,,,,,,,370225.0,,
603818.SH,20260821,,3.2788,,,,,1.2605,,,,,,,,260200.0,,
600396.SH,20260821,,8.7266,,,,518.622,13.7016,,,,,,,,2103030.0,,
300860.SZ,20260821,,1.0262,,,,,1.6406,,,,,,,,513151.0,,
603662.SH,20260821,,1.2827,,,,45.4076,4.981,,,,,,,,1389550.0,,
600598.SH,20260821,,3.6279,,,,18.4177,2.5938,,,,,,,,2225660.0,,
600016.SH,20260821,,0.451,,,,5.179,0.264,,,,,,,,15192500.0,,
000009.SZ,20260821,,0.7759,,,,364.088,1.8849,,,,,,,,1890560.0,,
920976.BJ,20260821,,0.7446,,,,18.1885,4.0442,,,,,,,,118137.0,,
000407.SZ,20260821,,2.2251,,,,21.5412,1.16,,,,,,,,361715.0,,
920300.BJ,20260821,,1.6721,,,,,4.9892,,,,,,,,80009.5,,
600057.SH,20260821,,0.4108,,,,13.5067,1.1183,,,,,,,,1763030.0,,
600738.SH,20260821,,2.2944,,,,16.2256,1.4276,,,,,,,,304534.0,,
300276.SZ,20260821,,1.3669,,,,,5.0338,,,,,,,,881256.0,,
688041.SH,20260821,,0.9224,,,,182.143,22.5542,,,,,,,,57227500.0,,
600037.SH,20260821,,0.6359,,,,140.332,0.7419,,,,,,,,947801.0,,
920093.BJ,20260821,,93.0079,,,,14.6799,5.0273,,,,,,,,326979.0,,
603915.SH,20260821,,0.4593,,,,35.4197,2.307,,,,,,,,874926.0,,
600841.SH,20260821,,0.811,,,,2.519,1.2236,,,,,,,,785507.0,,
688565.SH,20260821,,1.0434,,,,252.803,3.3604,,,,,,,,167099.0,,
603188.SH,20260821,,2.3978,,,,,3.7039,,,,,,,,261138.0,,
002382.SZ,20260821,,1.4202,,,,,0.8594,,,,,,,,593471.0,,
002227.SZ,20260821,,2.9438,,,,,1.7406,,,,,,,,156861.0,,
002360.SZ,20260821,,1.4146,,,,,2.5222,,,,,,,,231824.0,,
603102.SH,20260821,,10.775,,,,21.4288,1.4834,,,,,,,,254208.0,,
000692.SZ,20260821,,3.8224,,,,68.0693,12.0385,,,,,,,,223257.0,,
688203.SH,20260821,,1.3706,,,,222.651,1.6119,,,,,,,,237741.0,,
603759.SH,20260821,,0.4946,,,,26.2751,1.1753,,,,,,,,343549.0,,
300100.SZ,20260821,,0.9932,,,,28.092,3.6262,,,,,,,,1203160.0,,
300167.SZ,20260821,,1.4302,,,,,29.6196,,,,,,,,177356.0,,
002700.SZ,20260821,,2.3548,,,,34.3353,1.8932,,,,,,,,264722.0,,
600348.SH,20260821,,0.6796,,,,20.3328,1.1601,,,,,,,,3232320.0,,
301595.SZ,20260821,,1.7257,,,,78.9254,4.5678,,,,,,,,417961.0,,
001205.SZ,20260821,,1.6093,,,,21.4192,1.2535,,,,,,,,272041.0,,
002318.SZ,20260821,,0.419,,,,12.4362,2.0663,,,,,,,,1883990.0,,
002044.SZ,20260821,,1.8133,,,,60.0664,2.326,,,,,,,,1835790.0,,
601012.SH,20260821,,0.7185,,,,,1.8648,,,,,,,,9411960.0,,
603283.SH,20260821,,4.6151,,,,32.459,4.6263,,,,,,,,1648060.0,,
002661.SZ,20260821,,1.4879,,,,63.198,1.1166,,,,,,,,255515.0,,
002443.SZ,20260821,,4.072,,,,29.1277,1.4136,,,,,,,,482536.0,,
600603.SH,20260821,,1.0941,,,,30.2867,0.7205,,,,,,,,531902.0,,
600512.SH,20260821,,1.1877,,,,272.37,0.5182,,,,,,,,320656.0,,
002822.SZ,20260821,,0.3969,,,,,5.7538,,,,,,,,622050.0,,
603738.SH,20260821,,10.0146,,,,217.75,7.9728,,,,,,,,1449780.0,,
002394.SZ,20260821,,1.0654,,,,22.1219,0.7378,,,,,,,,307191.0,,
603968.SH,20260821,,0.8038,,,,,1.2147,,,,,,,,212659.0,,
688048.SH,20260821,,5.6259,,,,1605.03,17.9708,,,,,,,,5415850.0,,
001914.SZ,20260821,,0.7207,,,,13.6682,0.8338,,,,,,,,913575.0,,
688189.SH,20260821,,2.0991,,,,,2.3115,,,,,,,,177339.0,,
002827.SZ,20260821,,7.1907,,,,94.4898,14.2932,,,,,,,,1523750.0,,
002003.SZ,20260821,,1.0341,,,,19.4933,2.6581,,,,,,,,1242390.0,,
688218.SH,20260821,,3.676,,,,,5.643,,,,,,,,481276.0,,
600759.SH,20260821,,3.3373,,,,50.368,1.1782,,,,,,,,1070440.0,,
688187.SH,20260821,,0.5891,,,,15.3097,1.4937,,,,,,,,6334150.0,,
300121.SZ,20260821,,1.6701,,,,21.9642,1.1911,,,,,,,,427875.0,,
688356.SH,20260821,,5.3919,,,,90.1264,4.8623,,,,,,,,651025.0,,
001965.SZ,20260821,,0.1381,,,,13.458,0.8889,,,,,,,,6231100.0,,
300581.SZ,20260821,,1.2089,,,,,5.9301,,,,,,,,542958.0,,
000886.SZ,20260821,,1.1291,,,,31.0127,1.413,,,,,,,,448928.0,,
300070.SZ,20260821,,0.6399,,,,202.347,0.4545,,,,,,,,1243100.0,,
300566.SZ,20260821,,9.6318,,,,37.6539,3.4121,,,,,,,,759841.0,,
002169.SZ,20260821,,1.9003,,,,50.3641,3.5188,,,,,,,,983859.0,,
603284.SH,20260821,,9.5432,,,,14.9911,1.4089,,,,,,,,315234.0,,
002867.SZ,20260821,,0.5134,,,,11.6749,1.9723,,,,,,,,1336220.0,,
000905.SZ,20260821,,0.8147,,,,64.416,1.4414,,,,,,,,1321760.0,,
002486.SZ,20260821,,2.3483,,,,55.2507,1.9687,,,,,,,,211841.0,,
603007.SH,20260821,,1.6895,,,,,17.4328,,,,,,,,408614.0,,
688295.SH,20260821,,0.3627,,,,203.494,7.3594,,,,,,,,3497400.0,,
920149.BJ,20260821,,0.5495,,,,,4.825,,,,,,,,58968.5,,
301018.SZ,20260821,,5.1442,,,,175.627,12.1519,,,,,,,,3353560.0,,
920271.BJ,20260821,,0.6998,,,,13.5474,1.817,,,,,,,,118264.0,,
600098.SH,20260821,,0.3704,,,,9.1056,0.7874,,,,,,,,2187660.0,,
603073.SH,20260821,,2.4235,,,,32.3708,1.3988,,,,,,,,194068.0,,
920087.BJ,20260821,,13.5863,,,,260.363,4.3599,,,,,,,,235740.0,,
300802.SZ,20260821,,4.4594,,,,74.278,4.4134,,,,,,,,670425.0,,
920855.BJ,20260821,,0.3681,,,,33.8325,1.5786,,,,,,,,91922.0,,
603033.SH,20260821,,0.5821,,,,,3.0942,,,,,,,,781622.0,,
300258.SZ,20260821,,0.899,,,,63.1838,1.2262,,,,,,,,576857.0,,
600446.SH,20260821,,1.4522,,,,,2.8425,,,,,,,,1005270.0,,
601179.SH,20260821,,1.107,,,,48.5608,2.8182,,,,,,,,6602140.0,,
600162.SH,20260821,,5.4396,,,,,2.386,,,,,,,,1366210.0,,
603207.SH,20260821,,10.4479,,,,18.5088,3.2762,,,,,,,,376939.0,,
600157.SH,20260821,,1.0894,,,,154.142,0.7208,,,,,,,,3381750.0,,
002895.SZ,20260821,,1.4244,,,,15.897,2.7596,,,,,,,,2041780.0,,
601990.SH,20260821,,0.2405,,,,26.3806,1.2223,,,,,,,,2886160.0,,
688002.SH,20260821,,2.0406,,,,36.7338,9.4266,,,,,,,,7467880.0,,
688030.SH,20260821,,1.2664,,,,,4.3756,,,,,,,,297750.0,,
002517.SZ,20260821,,2.9006,,,,16.3928,3.4293,,,,,,,,3550770.0,,
002321.SZ,20260821,,1.3712,,,,,4.6966,,,,,,,,432977.0,,
300875.SZ,20260821,,2.2217,,,,,3.7887,,,,,,,,321867.0,,
688283.SH,20260821,,0.9246,,,,66.4108,3.4803,,,,,,,,344694.0,,
002625.SZ,20260821,,0.5501,,,,84.995,6.1945,,,,,,,,6056550.0,,
301086.SZ,20260821,,3.7504,,,,128.231,7.8332,,,,,,,,1559330.0,,
603615.SH,20260821,,0.9311,,,,219.171,3.5647,,,,,,,,409159.0,,
300679.SZ,20260821,,9.0006,,,,93.6175,4.3683,,,,,,,,2185700.0,,
002291.SZ,20260821,,1.8078,,,,,1.625,,,,,,,,483462.0,,
688082.SH,20260821,,1.1438,,,,86.0277,9.9482,,,,,,,,14531000.0,,
601728.SH,20260821,,0.1371,,,,19.7742,1.2469,,,,,,,,58839100.0,,
688496.SH,20260821,,2.9914,,,,,0.4542,,,,,,,,40500.0,,
301081.SZ,20260821,,4.0249,,,,386.661,2.8937,,,,,,,,312709.0,,
600626.SH,20260821,,0.6203,,,,104.651,1.4494,,,,,,,,464902.0,,
300947.SZ,20260821,,1.973,,,,,1.8064,,,,,,,,214162.0,,
000058.SZ,20260821,,0.4992,,,,117.989,4.0484,,,,,,,,824904.0,,
600187.SH,20260821,,2.822,,,,,0.7629,,,,,,,,224316.0,,
002430.SZ,20260821,,0.949,,,,22.9565,2.2521,,,,,,,,2267840.0,,
688787.SH,20260821,,2.5717,,,,284.252,8.3859,,,,,,,,629614.0,,
000599.SZ,20260821,,1.2206,,,,,1.8393,,,,,,,,1138490.0,,
301128.SZ,20260821,,4.099,,,,91.7229,16.5196,,,,,,,,1585470.0,,
301611.SZ,20260821,,7.3529,,,,198.847,23.0914,,,,,,,,4284570.0,,
603477.SH,20260821,,2.1905,,,,,2.9643,,,,,,,,750476.0,,
002416.SZ,20260821,,1.0747,,,,57.894,2.1859,,,,,,,,1153770.0,,
600171.SH,20260821,,1.3589,,,,72.9331,3.5326,,,,,,,,1606420.0,,
002915.SZ,20260821,,1.3891,,,,529.087,3.8131,,,,,,,,566947.0,,
600815.SH,20260821,,3.1187,,,,,4.7835,,,,,,,,695445.0,,
002352.SZ,20260821,,0.2458,,,,14.9992,1.7049,,,,,,,,17112300.0,,
688660.SH,20260821,,0.9162,,,,,2.8574,,,,,,,,1032000.0,,
000887.SZ,20260821,,3.8956,,,,19.5528,2.0133,,,,,,,,2950250.0,,
002492.SZ,20260821,,1.0575,,,,,1.3874,,,,,,,,225180.0,,
600758.SH,20260821,,5.888,,,,,0.8275,,,,,,,,441554.0,,
920119.BJ,20260821,,1.6607,,,,18.2203,2.5876,,,,,,,,507892.0,,
301339.SZ,20260821,,0.4622,,,,28.0921,2.2595,,,,,,,,635338.0,,
300081.SZ,20260821,,2.5253,,,,,2.4551,,,,,,,,193535.0,,
688202.SH,20260821,,6.7109,,,,,6.8928,,,,,,,,1349840.0,,
300511.SZ,20260821,,9.0898,,,,18.3687,2.0153,,,,,,,,359515.0,,
688275.SH,20260821,,6.511,,,,110.036,1.9651,,,,,,,,1083480.0,,
920110.BJ,20260821,,0.3763,,,,25.6193,2.7805,,,,,,,,101088.0,,
002775.SZ,20260821,,2.0232,,,,,,,,,,,,,228445.0,,
300388.SZ,20260821,,0.8815,,,,12.3337,0.9717,,,,,,,,466514.0,,
001335.SZ,20260821,,2.0118,,,,37.4064,2.9618,,,,,,,,293780.0,,
300211.SZ,20260821,,1.0791,,,,,5.2293,,,,,,,,227339.0,,
605580.SH,20260821,,0.9885,,,,30.7072,4.6408,,,,,,,,498120.0,,
603027.SH,20260821,,0.9013,,,,28.669,2.7344,,,,,,,,960793.0,,
300493.SZ,20260821,,1.2957,,,,103.663,5.3126,,,,,,,,615538.0,,
301584.SZ,20260821,,8.8183,,,,33.1087,4.2795,,,,,,,,928941.0,,
300662.SZ,20260821,,0.7631,,,,11.2666,1.6666,,,,,,,,391645.0,,
002642.SZ,20260821,,1.4631,,,,233.845,3.9253,,,,,,,,466414.0,,
688156.SH,20260821,,2.1861,,,,,2.5743,,,,,,,,198608.0,,
688336.SH,20260821,,1.8805,,,,13.8639,5.0218,,,,,,,,4270510.0,,
002191.SZ,20260821,,0.7338,,,,,0.8281,,,,,,,,516102.0,,
601188.SH,20260821,,1.0774,,,,24.0738,0.8189,,,,,,,,370753.0,,
688525.SH,20260821,,3.7443,,,,28.5316,13.2383,,,,,,,,11268600.0,,
600825.SH,20260821,,0.6274,,,,121.169,2.0674,,,,,,,,516175.0,,
301060.SZ,20260821,,10.4394,,,,323.277,2.9045,,,,,,,,460595.0,,
000598.SZ,20260821,,0.4837,,,,10.5086,1.0505,,,,,,,,2127600.0,,
600189.SH,20260821,,1.1976,,,,265.179,4.2923,,,,,,,,530677.0,,
300900.SZ,20260821,,5.9943,,,,,3.7308,,,,,,,,722296.0,,
002122.SZ,20260821,,0.6732,,,,145.636,2.5221,,,,,,,,550413.0,,
600993.SH,20260821,,1.3043,,,,16.7967,2.1599,,,,,,,,991855.0,,
301283.SZ,20260821,,1.1733,,,,15.4684,1.7627,,,,,,,,302295.0,,
600219.SH,20260821,,1.8243,,,,12.518,1.0942,,,,,,,,5454760.0,,
688662.SH,20260821,,8.593,,,,256.016,14.6546,,,,,,,,1053230.0,,
000923.SZ,20260821,,1.3946,,,,21.3678,0.9872,,,,,,,,991495.0,,
300360.SZ,20260821,,0.6743,,,,12.3581,1.4164,,,,,,,,602113.0,,
000519.SZ,20260821,,1.6363,,,,165.209,1.9035,,,,,,,,1976040.0,,
605268.SH,20260821,,1.2326,,,,31.1747,2.3629,,,,,,,,407509.0,,
300455.SZ,20260821,,0.7515,,,,,7.6189,,,,,,,,1271880.0,,
002407.SZ,20260821,,11.393,,,,63.9137,4.9566,,,,,,,,4303410.0,,
688503.SH,20260821,,7.8625,,,,35.8435,4.187,,,,,,,,2220900.0,,
000333.SZ,20260821,,0.2623,,,,14.5214,2.7628,,,,,,,,64181300.0,,
603099.SH,20260821,,2.5758,,,,81.3284,7.1846,,,,,,,,1082070.0,,
300436.SZ,20260821,,4.1934,,,,,58.9462,,,,,,,,1483090.0,,
688798.SH,20260821,,1.5553,,,,49.3444,3.0027,,,,,,,,1260060.0,,
603719.SH,20260821,,0.9607,,,,,1.8562,,,,,,,,379278.0,,
002938.SZ,20260821,,0.8075,,,,54.5661,6.0123,,,,,,,,20672400.0,,
000505.SZ,20260821,,9.8111,,,,,1.7066,,,,,,,,489964.0,,
688318.SH,20260821,,1.2179,,,,90.5495,7.0965,,,,,,,,2747700.0,,
603435.SH,20260821,,5.0742,,,,94.9935,16.2784,,,,,,,,2313290.0,,
300044.SZ,20260821,,1.2648,,,,,,,,,,,,,393393.0,,
600238.SH,20260821,,1.6299,,,,,29.0853,,,,,,,,226789.0,,
002348.SZ,20260821,,1.7125,,,,,29.4651,,,,,,,,1125230.0,,
605286.SH,20260821,,3.5508,,,,30.9693,1.9391,,,,,,,,418656.0,,
300831.SZ,20260821,,2.6003,,,,76.1806,4.6284,,,,,,,,450560.0,,
600528.SH,20260821,,0.3701,,,,11.271,0.6044,,,,,,,,1541760.0,,
301270.SZ,20260821,,2.2732,,,,414.262,3.3165,,,,,,,,321000.0,,
688475.SH,20260821,,0.3542,,,,34.4922,3.9489,,,,,,,,2323910.0,,
300715.SZ,20260821,,3.3905,,,,193.64,3.1188,,,,,,,,547424.0,,
688259.SH,20260821,,0.7691,,,,44.6482,2.1961,,,,,,,,346382.0,,
002900.SZ,20260821,,11.8142,,,,,2.4671,,,,,,,,435620.0,,
300972.SZ,20260821,,0.5586,,,,22.5492,19.6769,,,,,,,,3967590.0,,
301392.SZ,20260821,,10.6072,,,,406.811,22.2541,,,,,,,,1685200.0,,
002735.SZ,20260821,,6.8759,,,,,2.7854,,,,,,,,435295.0,,
603076.SH,20260821,,1.3224,,,,95.9271,1.9095,,,,,,,,246713.0,,
603299.SH,20260821,,0.5793,,,,18.2457,1.0459,,,,,,,,857374.0,,
301226.SZ,20260821,,1.0614,,,,298.115,3.4289,,,,,,,,311712.0,,
000710.SZ,20260821,,17.6488,,,,,2.5084,,,,,,,,364481.0,,
301230.SZ,20260821,,14.6622,,,,140.199,6.2753,,,,,,,,646322.0,,
000932.SZ,20260821,,0.8622,,,,10.9518,0.4406,,,,,,,,2460090.0,,
300923.SZ,20260821,,1.1624,,,,61.2209,1.6952,,,,,,,,194142.0,,
920245.BJ,20260821,,2.2987,,,,55.5938,2.4752,,,,,,,,87930.2,,
603117.SH,20260821,,1.1324,,,,312.223,2.2381,,,,,,,,229493.0,,
600568.SH,20260821,,0.2131,,,,,2.7256,,,,,,,,440424.0,,
603536.SH,20260821,,2.0025,,,,,6.5278,,,,,,,,228506.0,,
688084.SH,20260821,,1.2263,,,,,2.1734,,,,,,,,333278.0,,
600956.SH,20260821,,0.183,,,,19.8726,1.2757,,,,,,,,3154690.0,,
601678.SH,20260821,,3.93,,,,56.5272,1.3334,,,,,,,,1558600.0,,
600594.SH,20260821,,4.5711,,,,,1.3846,,,,,,,,291795.0,,
600085.SH,20260821,,0.5649,,,,30.2314,2.3145,,,,,,,,3259980.0,,
601900.SH,20260821,,0.4818,,,,10.1298,1.1346,,,,,,,,1036310.0,,
300722.SZ,20260821,,0.5553,,,,70.5234,8.5598,,,,,,,,577868.0,,
000420.SZ,20260821,,1.0473,,,,216.351,2.0322,,,,,,,,902405.0,,
688811.SH,20260821,,3.3754,,,,150.468,13.3536,,,,,,,,1078600.0,,
001234.SZ,20260821,,1.691,,,,60.7628,2.5806,,,,,,,,243675.0,,
300358.SZ,20260821,,5.2415,,,,19.4427,1.1554,,,,,,,,643583.0,,
920370.BJ,20260821,,0.8413,,,,,1.476,,,,,,,,83178.5,,
600662.SH,20260821,,1.1007,,,,14.0823,1.7906,,,,,,,,938495.0,,
600375.SH,20260821,,0.9976,,,,99.2938,1.8409,,,,,,,,625198.0,,
603859.SH,20260821,,1.4814,,,,44.8772,3.202,,,,,,,,1012850.0,,
600517.SH,20260821,,0.2268,,,,11.9722,1.1574,,,,,,,,2773440.0,,
300192.SZ,20260821,,7.4616,,,,66.7332,7.3645,,,,,,,,735438.0,,
603755.SH,20260821,,0.6423,,,,27.4042,3.0589,,,,,,,,232235.0,,
603341.SH,20260821,,3.084,,,,43.6555,2.6981,,,,,,,,1948740.0,,
603012.SH,20260821,,2.9737,,,,61.9993,1.4791,,,,,,,,568274.0,,
688795.SH,20260821,,2.3482,,,,,20.9558,,,,,,,,25517400.0,,
300836.SZ,20260821,,2.8215,,,,46.0267,7.0049,,,,,,,,448784.0,,
920642.BJ,20260821,,1.2163,,,,,4.4756,,,,,,,,102115.0,,
603887.SH,20260821,,5.2249,,,,,1.5553,,,,,,,,541826.0,,
002203.SZ,20260821,,0.7291,,,,41.7463,2.5311,,,,,,,,4317670.0,,
600203.SH,20260821,,3.0186,,,,467.991,3.4728,,,,,,,,597139.0,,
920005.BJ,20260821,,0.5272,,,,39.2294,3.1732,,,,,,,,198619.0,,
301185.SZ,20260821,,0.9965,,,,47.8171,2.299,,,,,,,,250071.0,,
600080.SH,20260821,,0.5129,,,,97.8671,1.1222,,,,,,,,178796.0,,
688314.SH,20260821,,1.0464,,,,30.1083,3.5963,,,,,,,,264394.0,,
688347.SH,20260821,,3.3617,,,,821.37,8.9567,,,,,,,,40527300.0,,
300665.SZ,20260821,,2.3292,,,,,4.9328,,,,,,,,216227.0,,
688352.SH,20260821,,5.2802,,,,,3.82,,,,,,,,2203090.0,,
002687.SZ,20260821,,4.2071,,,,37.5665,2.0339,,,,,,,,309935.0,,
301100.SZ,20260821,,1.2045,,,,,1.6131,,,,,,,,324378.0,,
688556.SH,20260821,,2.1147,,,,,1.7345,,,,,,,,675419.0,,
605188.SH,20260821,,0.6785,,,,305.902,5.1139,,,,,,,,626051.0,,
002856.SZ,20260821,,4.3403,,,,,,,,,,,,,199316.0,,
603799.SH,20260821,,3.3683,,,,11.1278,1.5109,,,,,,,,7685830.0,,
688409.SH,20260821,,1.5622,,,,895.2,14.1629,,,,,,,,6399810.0,,
600004.SH,20260821,,0.537,,,,14.1922,0.8979,,,,,,,,1902010.0,,
002601.SZ,20260821,,1.0002,,,,50.4388,1.6459,,,,,,,,3759960.0,,
002145.SZ,20260821,,0.8334,,,,31.639,1.2374,,,,,,,,1636870.0,,
301072.SZ,20260821,,4.3103,,,,,6.3869,,,,,,,,456215.0,,
002385.SZ,20260821,,5.058,,,,,1.835,,,,,,,,1361160.0,,
603386.SH,20260821,,1.8645,,,,,3.4527,,,,,,,,451957.0,,
688651.SH,20260821,,1.9137,,,,,2.5711,,,,,,,,234709.0,,
603218.SH,20260821,,0.2915,,,,19.1857,0.9517,,,,,,,,992772.0,,
300152.SZ,20260821,,1.932,,,,,5.4642,,,,,,,,115474.0,,
002456.SZ,20260821,,2.9496,,,,,6.5779,,,,,,,,2478600.0,,
600007.SH,20260821,,0.1934,,,,15.661,1.8637,,,,,,,,1873550.0,,
300563.SZ,20260821,,1.6675,,,,56.2119,3.6759,,,,,,,,423653.0,,
300348.SZ,20260821,,3.3804,,,,,3.5961,,,,,,,,762007.0,,
600820.SH,20260821,,0.631,,,,7.6412,0.5185,,,,,,,,1666370.0,,
600282.SH,20260821,,0.6065,,,,10.4242,1.021,,,,,,,,2842110.0,,
301120.SZ,20260821,,2.9811,,,,172.308,3.5321,,,,,,,,551480.0,,
301165.SZ,20260821,,2.069,,,,150.678,26.4971,,,,,,,,14139800.0,,
688577.SH,20260821,,0.6009,,,,101.755,6.3316,,,,,,,,655571.0,,
688767.SH,20260821,,0.9168,,,,200.601,2.5761,,,,,,,,608085.0,,
300870.SZ,20260821,,4.0228,,,,176.812,12.3271,,,,,,,,3216050.0,,
601866.SH,20260821,,0.6415,,,,20.3524,1.0084,,,,,,,,3138560.0,,
002196.SZ,20260821,,3.0541,,,,98.2644,3.5926,,,,,,,,516699.0,,
688097.SH,20260821,,1.7242,,,,33.5985,4.5689,,,,,,,,2193040.0,,
002959.SZ,20260821,,0.4885,,,,16.7467,1.7798,,,,,,,,515653.0,,
600660.SH,20260821,,0.3822,,,,17.4724,3.8803,,,,,,,,14812900.0,,
300237.SZ,20260821,,0.7109,,,,,63.9449,,,,,,,,285499.0,,
301111.SZ,20260821,,3.8732,,,,,4.6519,,,,,,,,347680.0,,
920942.BJ,20260821,,0.7921,,,,82.8817,2.013,,,,,,,,101533.0,,
600475.SH,20260821,,0.9492,,,,38.2233,1.6536,,,,,,,,1432040.0,,
601872.SH,20260821,,2.3977,,,,20.1913,3.5444,,,,,,,,15971400.0,,
600609.SH,20260821,,1.2125,,,,19.9268,2.4716,,,,,,,,418763.0,,
000731.SZ,20260821,,1.0631,,,,,0.8797,,,,,,,,335881.0,,
300487.SZ,20260821,,3.145,,,,39.0063,7.4413,,,,,,,,3405640.0,,
301252.SZ,20260821,,2.0666,,,,63.2308,4.2288,,,,,,,,575705.0,,
301210.SZ,20260821,,5.2803,,,,45.4897,2.0425,,,,,,,,387749.0,,
003021.SZ,20260821,,1.9438,,,,84.7479,3.605,,,,,,,,1827730.0,,
000799.SZ,20260821,,1.2093,,,,,3.3188,,,,,,,,1251630.0,,
600158.SH,20260821,,1.581,,,,,2.7469,,,,,,,,659186.0,,
000166.SZ,20260821,,0.1569,,,,11.17,0.9633,,,,,,,,11042600.0,,
600116.SH,20260821,,1.4018,,,,15.2774,1.0136,,,,,,,,1170230.0,,
601065.SH,20260821,,0.4718,,,,21.439,0.9634,,,,,,,,433874.0,,
688319.SH,20260821,,3.1263,,,,,14.0138,,,,,,,,1218260.0,,
300988.SZ,20260821,,1.4339,,,,30.9555,2.2084,,,,,,,,288741.0,,
688350.SH,20260821,,1.0539,,,,145.177,2.254,,,,,,,,418990.0,,
301585.SZ,20260821,,1.3022,,,,39.3532,2.7857,,,,,,,,279760.0,,
300462.SZ,20260821,,0.3046,,,,,1.465,,,,,,,,202969.0,,
920971.BJ,20260821,,2.176,,,,64.0115,5.7551,,,,,,,,271876.0,,
688776.SH,20260821,,0.8916,,,,,3.0012,,,,,,,,512437.0,,
002929.SZ,20260821,,5.0575,,,,,2.4236,,,,,,,,1536420.0,,
000733.SZ,20260821,,1.8617,,,,22.4699,1.4012,,,,,,,,2208360.0,,
600197.SH,20260821,,1.6464,,,,26.2963,1.1695,,,,,,,,465604.0,,
603017.SH,20260821,,1.2347,,,,53.6097,1.7463,,,,,,,,260724.0,,
300805.SZ,20260821,,1.9857,,,,101.625,2.1448,,,,,,,,334885.0,,
300024.SZ,20260821,,1.5015,,,,,5.7577,,,,,,,,2329640.0,,
002253.SZ,20260821,,1.9172,,,,,2.5326,,,,,,,,214796.0,,
603095.SH,20260821,,3.0282,,,,59.497,1.6861,,,,,,,,394119.0,,
688136.SH,20260821,,4.2434,,,,37.0428,2.4024,,,,,,,,415079.0,,
688081.SH,20260821,,1.3465,,,,,7.5143,,,,,,,,296343.0,,
688606.SH,20260821,,0.5701,,,,20.3419,0.9345,,,,,,,,362838.0,,
688775.SH,20260821,,1.2047,,,,58.0398,8.3762,,,,,,,,4858920.0,,
603466.SH,20260821,,5.4477,,,,,3.2342,,,,,,,,672751.0,,
300689.SZ,20260821,,2.5272,,,,862.114,8.9265,,,,,,,,622968.0,,
002780.SZ,20260821,,2.8846,,,,30.272,2.6314,,,,,,,,215963.0,,
301626.SZ,20260821,,2.8808,,,,262.522,18.3231,,,,,,,,2960140.0,,
002446.SZ,20260821,,1.9816,,,,112.123,3.0642,,,,,,,,779934.0,,
603557.SH,20260821,,0.671,,,,,40.4411,,,,,,,,226308.0,,
688158.SH,20260821,,3.4801,,,,,6.2077,,,,,,,,1503280.0,,
600939.SH,20260821,,0.5234,,,,,0.7057,,,,,,,,494643.0,,
002075.SZ,20260821,,2.4481,,,,32.4517,1.2261,,,,,,,,811715.0,,
300196.SZ,20260821,,3.9038,,,,22.1805,1.4995,,,,,,,,721571.0,,
300936.SZ,20260821,,17.9273,,,,7450.44,6.4802,,,,,,,,653187.0,,
600507.SH,20260821,,0.5071,,,,12.0597,0.9397,,,,,,,,964599.0,,
000529.SZ,20260821,,0.6698,,,,26.794,0.8885,,,,,,,,286057.0,,
920454.BJ,20260821,,0.8421,,,,41.763,3.481,,,,,,,,113508.0,,
002400.SZ,20260821,,2.8171,,,,140.845,2.2367,,,,,,,,1120970.0,,
688223.SH,20260821,,0.4529,,,,,1.809,,,,,,,,4508270.0,,
300375.SZ,20260821,,2.0402,,,,,1.4762,,,,,,,,304129.0,,
603026.SH,20260821,,3.7437,,,,46.5838,2.9214,,,,,,,,1518840.0,,
002038.SZ,20260821,,6.8758,,,,,1.4275,,,,,,,,727364.0,,
001236.SZ,20260821,,1.0244,,,,496.03,4.0514,,,,,,,,758857.0,,
603158.SH,20260821,,3.4647,,,,82.7603,2.1752,,,,,,,,494206.0,,
600107.SH,20260821,,0.1566,,,,,5.1325,,,,,,,,208080.0,,
001336.SZ,20260821,,1.9722,,,,43.2433,2.3877,,,,,,,,195597.0,,
603519.SH,20260821,,8.4551,,,,24.439,4.113,,,,,,,,437044.0,,
688150.SH,20260821,,1.6824,,,,75.5177,7.91,,,,,,,,1542540.0,,
600096.SH,20260821,,1.2893,,,,10.156,2.1291,,,,,,,,5408810.0,,
601000.SH,20260821,,0.6114,,,,12.7157,1.2111,,,,,,,,2654820.0,,
600262.SH,20260821,,1.5584,,,,15.2065,1.8472,,,,,,,,345576.0,,
002564.SZ,20260821,,1.0774,,,,119.226,19.9899,,,,,,,,379636.0,,
600665.SH,20260821,,1.1466,,,,,2.0973,,,,,,,,297258.0,,
000893.SZ,20260821,,1.1819,,,,24.042,3.1504,,,,,,,,4377230.0,,
002401.SZ,20260821,,0.7326,,,,128.633,2.7363,,,,,,,,454550.0,,
603275.SH,20260821,,1.1561,,,,29.1315,1.7499,,,,,,,,528022.0,,
688252.SH,20260821,,1.2264,,,,37.513,3.2777,,,,,,,,822133.0,,
000090.SZ,20260821,,0.9603,,,,40.2277,0.5716,,,,,,,,642780.0,,
300516.SZ,20260821,,1.1423,,,,525.251,6.0977,,,,,,,,784980.0,,
600901.SH,20260821,,0.6186,,,,11.1883,1.4701,,,,,,,,3787880.0,,
002217.SZ,20260821,,0.9592,,,,778.99,5.8025,,,,,,,,1084510.0,,
002390.SZ,20260821,,1.7149,,,,46.2756,0.8641,,,,,,,,590931.0,,
600683.SH,20260821,,7.0015,,,,,,,,,,,,,741518.0,,
301613.SZ,20260821,,1.0087,,,,22.6256,3.1466,,,,,,,,532069.0,,
603855.SH,20260821,,0.3204,,,,15.5397,2.4084,,,,,,,,541030.0,,
600386.SH,20260821,,0.9306,,,,,1.6226,,,,,,,,272563.0,,
002950.SZ,20260821,,1.6021,,,,21.7287,1.5945,,,,,,,,589570.0,,
002777.SZ,20260821,,1.1383,,,,69.2939,3.0042,,,,,,,,510697.0,,
000762.SZ,20260821,,3.8844,,,,267.559,4.0424,,,,,,,,1208300.0,,
603169.SH,20260821,,0.5628,,,,,3.09,,,,,,,,821658.0,,
000032.SZ,20260821,,2.7875,,,,,2.4348,,,,,,,,1798470.0,,
301216.SZ,20260821,,1.9852,,,,19.0831,1.4644,,,,,,,,957917.0,,
688111.SH,20260821,,1.098,,,,30.9397,7.4018,,,,,,,,11159500.0,,
301257.SZ,20260821,,7.776,,,,33.5577,2.9912,,,,,,,,383331.0,,
920111.BJ,20260821,,7.0808,,,,18.116,4.1039,,,,,,,,452275.0,,
300045.SZ,20260821,,1.8293,,,,,5.5695,,,,,,,,844911.0,,
301182.SZ,20260821,,2.8346,,,,,9.8444,,,,,,,,652546.0,,
001227.SZ,20260821,,1.3648,,,,6.5384,0.3904,,,,,,,,1201790.0,,
920819.BJ,20260821,,0.4054,,,,,0.7701,,,,,,,,366514.0,,
688171.SH,20260821,,0.8992,,,,248.237,3.817,,,,,,,,315497.0,,
600307.SH,20260821,,0.4239,,,,,1.6842,,,,,,,,895660.0,,
301320.SZ,20260821,,1.7005,,,,,2.2776,,,,,,,,240071.0,,
003025.SZ,20260821,,1.4547,,,,23.0706,2.7206,,,,,,,,353806.0,,
300998.SZ,20260821,,3.1855,,,,154.318,2.8105,,,,,,,,362127.0,,
600875.SH,20260821,,1.1691,,,,21.2794,1.9349,,,,,,,,9071280.0,,
002873.SZ,20260821,,3.9229,,,,244.707,1.6354,,,,,,,,206024.0,,
001211.SZ,20260821,,5.9775,,,,,2.817,,,,,,,,243200.0,,
688359.SH,20260821,,4.083,,,,,15.2269,,,,,,,,956730.0,,
600691.SH,20260821,,1.6134,,,,,1.9557,,,,,,,,608251.0,,
600133.SH,20260821,,0.6962,,,,41.6631,0.985,,,,,,,,878582.0,,
603018.SH,20260821,,0.6914,,,,15.0022,0.7868,,,,,,,,426776.0,,
002252.SZ,20260821,,1.1947,,,,23.9505,0.977,,,,,,,,3177670.0,,
603803.SH,20260821,,5.5837,,,,,3.1301,,,,,,,,480968.0,,
300719.SZ,20260821,,1.2618,,,,,2.9033,,,,,,,,293124.0,,
600602.SH,20260821,,3.0135,,,,127.595,5.0862,,,,,,,,2502840.0,,
601136.SH,20260821,,0.183,,,,34.0549,2.6529,,,,,,,,3752870.0,,
605056.SH,20260821,,0.838,,,,22.0032,3.1617,,,,,,,,580929.0,,
002053.SZ,20260821,,0.6215,,,,37.9083,1.0999,,,,,,,,838784.0,,
600824.SH,20260821,,1.9913,,,,29.5042,1.4771,,,,,,,,374180.0,,
600168.SH,20260821,,0.6308,,,,41.6606,0.8091,,,,,,,,439082.0,,
601963.SH,20260821,,0.7901,,,,6.7215,0.6754,,,,,,,,4020990.0,,
601137.SH,20260821,,1.7393,,,,,1.8777,,,,,,,,1761890.0,,
002636.SZ,20260821,,5.0547,,,,96.8285,12.1664,,,,,,,,4640270.0,,
300149.SZ,20260821,,10.9493,,,,,4.0882,,,,,,,,524175.0,,
688403.SH,20260821,,3.2041,,,,358.714,5.0713,,,,,,,,2285120.0,,
920247.BJ,20260821,,1.5612,,,,55.6657,5.3964,,,,,,,,260137.0,,
600079.SH,20260821,,0.5366,,,,15.3432,1.5039,,,,,,,,2920050.0,,
301092.SZ,20260821,,3.2694,,,,63.8106,3.0249,,,,,,,,598009.0,,
600848.SH,20260821,,0.3049,,,,23.043,1.266,,,,,,,,2123930.0,,
600363.SH,20260821,,5.6154,,,,18.3795,1.8102,,,,,,,,821068.0,,
300661.SZ,20260821,,1.4309,,,,130.833,14.6176,,,,,,,,7993690.0,,
300631.SZ,20260821,,1.1775,,,,37.6805,1.9954,,,,,,,,270693.0,,
300059.SZ,20260821,,1.1881,,,,22.8267,3.1293,,,,,,,,29919800.0,,
300549.SZ,20260821,,1.1251,,,,356.101,3.4618,,,,,,,,190943.0,,
688380.SH,20260821,,2.9154,,,,45.6155,5.2188,,,,,,,,1684740.0,,
603160.SH,20260821,,1.2116,,,,34.609,2.4472,,,,,,,,2277260.0,,
600749.SH,20260821,,1.7415,,,,250.983,2.9916,,,,,,,,311170.0,,
300294.SZ,20260821,,2.64,,,,2228.32,1.0258,,,,,,,,765450.0,,
300417.SZ,20260821,,2.8446,,,,,3.2937,,,,,,,,149365.0,,
600449.SH,20260821,,3.7086,,,,31.6227,0.7981,,,,,,,,588163.0,,
301393.SZ,20260821,,8.3852,,,,62.3712,2.958,,,,,,,,706644.0,,
002356.SZ,20260821,,2.1776,,,,99.1024,6.038,,,,,,,,361906.0,,
301371.SZ,20260821,,8.9887,,,,25.2573,2.0946,,,,,,,,1159310.0,,
301200.SZ,20260821,,0.6537,,,,90.855,11.4471,,,,,,,,13790500.0,,
000672.SZ,20260821,,1.2475,,,,23.0011,1.4924,,,,,,,,1356180.0,,
600567.SH,20260821,,0.4164,,,,,0.5584,,,,,,,,825326.0,,
688576.SH,20260821,,1.2962,,,,58.3139,1.6027,,,,,,,,278284.0,,
000686.SZ,20260821,,0.6266,,,,11.0151,0.8847,,,,,,,,1827890.0,,
603048.SH,20260821,,1.1838,,,,93.7443,2.4626,,,,,,,,314911.0,,
002424.SZ,20260821,,0.4621,,,,,1.9842,,,,,,,,631714.0,,
601949.SH,20260821,,0.377,,,,16.8413,0.9741,,,,,,,,969120.0,,
300014.SZ,20260821,,2.0334,,,,20.796,2.4169,,,,,,,,12124800.0,,
605399.SH,20260821,,0.7727,,,,,1.6331,,,,,,,,336281.0,,
300098.SZ,20260821,,1.6073,,,,,2.9143,,,,,,,,771575.0,,
300315.SZ,20260821,,2.6612,,,,,2.2976,,,,,,,,1055970.0,,
920212.BJ,20260821,,1.119,,,,84.0832,2.4134,,,,,,,,102493.0,,
600740.SH,20260821,,1.9161,,,,68.4172,0.6074,,,,,,,,924926.0,,
688017.SH,20260821,,3.7125,,,,421.417,16.1481,,,,,,,,5762980.0,,
920108.BJ,20260821,,0.4598,,,,64.6108,3.2426,,,,,,,,155497.0,,
688788.SH,20260821,,2.0074,,,,,3.954,,,,,,,,653867.0,,
000676.SZ,20260821,,3.1753,,,,56.8887,1.9038,,,,,,,,815084.0,,
001338.SZ,20260821,,3.3864,,,,22.35,1.1889,,,,,,,,444534.0,,
300371.SZ,20260821,,1.6656,,,,31.8152,1.7959,,,,,,,,211681.0,,
002368.SZ,20260821,,0.9558,,,,,2.1866,,,,,,,,870031.0,,
002088.SZ,20260821,,0.4439,,,,,1.6559,,,,,,,,419269.0,,
600435.SH,20260821,,1.3498,,,,130.417,5.462,,,,,,,,1586460.0,,
600505.SH,20260821,,1.1019,,,,249.481,3.0937,,,,,,,,380244.0,,
002090.SZ,20260821,,1.2883,,,,51.0457,2.3651,,,,,,,,370534.0,,
920639.BJ,20260821,,0.6571,,,,60.7043,1.4468,,,,,,,,123984.0,,
300622.SZ,20260821,,3.8079,,,,29.6767,4.9623,,,,,,,,469881.0,,
001393.SZ,20260821,,3.0414,,,,35.3576,2.8469,,,,,,,,1053930.0,,
688538.SH,20260821,,0.7442,,,,,4.2015,,,,,,,,3189980.0,,
920059.BJ,20260821,,42.3031,,,,18.2004,3.0884,,,,,,,,237559.0,,
600561.SH,20260821,,1.216,,,,112.617,1.786,,,,,,,,162721.0,,
002956.SZ,20260821,,1.4669,,,,22.2182,3.2195,,,,,,,,529765.0,,
000521.SZ,20260821,,0.7094,,,,96.7466,0.8431,,,,,,,,495393.0,,
300519.SZ,20260821,,4.5927,,,,40.8011,2.645,,,,,,,,228640.0,,
300414.SZ,20260821,,1.5146,,,,187.752,3.527,,,,,,,,352101.0,,
920493.BJ,20260821,,1.8747,,,,341.93,14.8896,,,,,,,,691725.0,,
601330.SH,20260821,,0.3814,,,,15.6475,1.2086,,,,,,,,999979.0,,
600053.SH,20260821,,0.2362,,,,,1.3548,,,,,,,,301311.0,,
603123.SH,20260821,,11.211,,,,,4.6386,,,,,,,,755605.0,,
688013.SH,20260821,,1.1704,,,,25.134,3.5607,,,,,,,,205324.0,,
000850.SZ,20260821,,0.7846,,,,79.8591,0.8811,,,,,,,,394452.0,,
600259.SH,20260821,,2.5237,,,,114.247,7.8362,,,,,,,,2869800.0,,
002151.SZ,20260821,,1.8418,,,,,3.1436,,,,,,,,1520150.0,,
605389.SH,20260821,,0.3815,,,,99.0481,6.1119,,,,,,,,1318330.0,,
600104.SH,20260821,,0.2454,,,,11.531,0.3879,,,,,,,,11656200.0,,
002033.SZ,20260821,,3.4861,,,,19.4943,1.9631,,,,,,,,490695.0,,
300022.SZ,20260821,,1.0262,,,,,7.8428,,,,,,,,400829.0,,
300733.SZ,20260821,,1.0178,,,,69.9157,3.2199,,,,,,,,559606.0,,
601333.SH,20260821,,1.1187,,,,13.3632,0.7099,,,,,,,,2054230.0,,
600693.SH,20260821,,3.889,,,,159.074,2.1604,,,,,,,,778512.0,,
603096.SH,20260821,,0.9956,,,,31.2668,1.2823,,,,,,,,232277.0,,
601901.SH,20260821,,0.3318,,,,12.9828,1.0554,,,,,,,,5531970.0,,
300628.SZ,20260821,,2.245,,,,18.3265,5.7413,,,,,,,,5286850.0,,
301066.SZ,20260821,,1.0641,,,,76.0528,2.1752,,,,,,,,280263.0,,
002641.SZ,20260821,,0.6939,,,,70.6166,0.895,,,,,,,,486721.0,,
002508.SZ,20260821,,0.6531,,,,12.5064,1.295,,,,,,,,1528910.0,,
603061.SH,20260821,,6.5354,,,,136.441,18.6437,,,,,,,,3184110.0,,
300210.SZ,20260821,,1.6481,,,,,11.0294,,,,,,,,413524.0,,
300527.SZ,20260821,,0.4278,,,,568.934,2.7734,,,,,,,,802232.0,,
920786.BJ,20260821,,6.8826,,,,21.2195,1.9621,,,,,,,,152609.0,,
002920.SZ,20260821,,0.9475,,,,20.8332,3.2092,,,,,,,,5157630.0,,
600488.SH,20260821,,7.9342,,,,227.842,1.9731,,,,,,,,601630.0,,
603596.SH,20260821,,0.7126,,,,17.2428,2.7972,,,,,,,,2254880.0,,
688161.SH,20260821,,0.3033,,,,33.8282,2.1052,,,,,,,,883200.0,,
002696.SZ,20260821,,5.3732,,,,122.004,1.5126,,,,,,,,205724.0,,
301517.SZ,20260821,,2.0452,,,,,4.5624,,,,,,,,580449.0,,
688061.SH,20260821,,1.1755,,,,,1.8663,,,,,,,,428537.0,,
301090.SZ,20260821,,0.7674,,,,,1.5159,,,,,,,,1000230.0,,
300039.SZ,20260821,,6.0673,,,,22.3603,1.2394,,,,,,,,579484.0,,
603676.SH,20260821,,0.8875,,,,18.7399,2.629,,,,,,,,406006.0,,
603601.SH,20260821,,3.9217,,,,277.334,3.7783,,,,,,,,1022400.0,,
300666.SZ,20260821,,4.6795,,,,123.329,13.1352,,,,,,,,6808210.0,,
301062.SZ,20260821,,6.1157,,,,,2.347,,,,,,,,316303.0,,
688060.SH,20260821,,0.548,,,,,2.3314,,,,,,,,206755.0,,
688184.SH,20260821,,0.6036,,,,,1.5771,,,,,,,,173498.0,,
600997.SH,20260821,,0.8901,,,,,0.6485,,,,,,,,878053.0,,
301217.SZ,20260821,,3.3002,,,,579.444,17.3004,,,,,,,,9517100.0,,
603219.SH,20260821,,0.377,,,,138.134,4.6959,,,,,,,,759013.0,,
300827.SZ,20260821,,2.1705,,,,30.4845,3.3506,,,,,,,,1441270.0,,
301019.SZ,20260821,,1.2583,,,,26.1482,2.6165,,,,,,,,298320.0,,
600777.SH,20260821,,0.3578,,,,36.8008,1.26,,,,,,,,2795000.0,,
600227.SH,20260821,,22.4964,,,,,2.974,,,,,,,,667047.0,,
920146.BJ,20260821,,0.671,,,,,3.6593,,,,,,,,67090.2,,
002009.SZ,20260821,,2.129,,,,179.751,3.2381,,,,,,,,664892.0,,
300339.SZ,20260821,,3.5406,,,,201.735,7.915,,,,,,,,2885400.0,,
002383.SZ,20260821,,0.7434,,,,,3.3634,,,,,,,,504926.0,,
300576.SZ,20260821,,4.5986,,,,111.962,7.0987,,,,,,,,1235690.0,,
600664.SH,20260821,,17.8145,,,,66.4176,3.5113,,,,,,,,2057620.0,,
002736.SZ,20260821,,0.144,,,,9.2707,1.0028,,,,,,,,10057400.0,,
000623.SZ,20260821,,0.9058,,,,7.8306,0.6824,,,,,,,,2149020.0,,
300341.SZ,20260821,,0.6072,,,,36.9493,3.349,,,,,,,,661768.0,,
300075.SZ,20260821,,1.4,,,,,2.1067,,,,,,,,667715.0,,
300480.SZ,20260821,,5.1061,,,,136.111,6.7748,,,,,,,,1215070.0,,
600463.SH,20260821,,0.9084,,,,,2.7444,,,,,,,,243600.0,,
300818.SZ,20260821,,2.5478,,,,86.3239,2.3704,,,,,,,,423231.0,,
603693.SH,20260821,,0.4312,,,,22.0085,1.3887,,,,,,,,997562.0,,
603348.SH,20260821,,0.6452,,,,,1.1607,,,,,,,,444042.0,,
688635.SH,20260821,,14.8343,,,,299.985,46.4585,,,,,,,,3010180.0,,
301498.SZ,20260821,,1.7884,,,,25.9618,3.2417,,,,,,,,1538220.0,,
600136.SH,20260821,,0.3703,,,,,12.7131,,,,,,,,287756.0,,
600958.SH,20260821,,0.3594,,,,13.0864,0.9252,,,,,,,,7570510.0,,
600130.SH,20260821,,2.1036,,,,566.747,3.5713,,,,,,,,324750.0,,
000695.SZ,20260821,,2.67,,,,,9.1503,,,,,,,,317964.0,,
001872.SZ,20260821,,0.1316,,,,12.1852,0.8641,,,,,,,,5669230.0,,
920953.BJ,20260821,,2.699,,,,45.064,4.551,,,,,,,,279933.0,,
002667.SZ,20260821,,12.8823,,,,,,,,,,,,,500596.0,,
603170.SH,20260821,,0.5017,,,,18.198,3.1736,,,,,,,,491212.0,,
301312.SZ,20260821,,4.703,,,,181.884,9.5535,,,,,,,,1180150.0,,
300088.SZ,20260821,,3.2971,,,,106.27,2.1028,,,,,,,,1825840.0,,
002792.SZ,20260821,,7.4254,,,,972.404,5.8665,,,,,,,,1654800.0,,
300214.SZ,20260821,,14.1696,,,,,2.4706,,,,,,,,599724.0,,
605007.SH,20260821,,0.5653,,,,20.3379,1.9677,,,,,,,,717877.0,,
002250.SZ,20260821,,1.5673,,,,34.2235,2.0737,,,,,,,,1417300.0,,
301024.SZ,20260821,,1.0114,,,,,5.9179,,,,,,,,200038.0,,
300119.SZ,20260821,,2.5065,,,,21.2293,1.7312,,,,,,,,832840.0,,
688268.SH,20260821,,5.239,,,,148.514,9.8751,,,,,,,,1853940.0,,
600018.SH,20260821,,0.1448,,,,8.8247,0.8301,,,,,,,,12059000.0,,
002664.SZ,20260821,,0.7576,,,,46.4364,1.7472,,,,,,,,622505.0,,
600873.SH,20260821,,0.8822,,,,10.006,1.3886,,,,,,,,2176090.0,,
688708.SH,20260821,,0.4536,,,,38.3687,4.7943,,,,,,,,1694020.0,,
000795.SZ,20260821,,0.5933,,,,37.4793,3.4526,,,,,,,,938767.0,,
002240.SZ,20260821,,6.8865,,,,,2.8781,,,,,,,,3089120.0,,
600338.SH,20260821,,6.309,,,,22.3595,2.6656,,,,,,,,1266180.0,,
600251.SH,20260821,,1.9116,,,,17.6219,1.9828,,,,,,,,801080.0,,
688131.SH,20260821,,2.9759,,,,84.6719,6.6658,,,,,,,,2076690.0,,
600592.SH,20260821,,1.0756,,,,40.1872,2.1528,,,,,,,,556578.0,,
000933.SZ,20260821,,1.8364,,,,8.4244,2.0947,,,,,,,,5797930.0,,
920906.BJ,20260821,,1.2501,,,,32.4731,1.7771,,,,,,,,102198.0,,
688610.SH,20260821,,4.6241,,,,118.292,6.9976,,,,,,,,1148520.0,,
301036.SZ,20260821,,1.1365,,,,100.044,1.3532,,,,,,,,223300.0,,
603639.SH,20260821,,0.7194,,,,24.2366,1.051,,,,,,,,369228.0,,
601633.SH,20260821,,0.2015,,,,14.4023,1.4793,,,,,,,,13047900.0,,
002670.SZ,20260821,,1.0563,,,,101.289,1.823,,,,,,,,2066670.0,,
600506.SH,20260821,,1.772,,,,106.343,7.3012,,,,,,,,369944.0,,
002668.SZ,20260821,,1.288,,,,10.0637,2.6195,,,,,,,,1002800.0,,
002884.SZ,20260821,,0.5903,,,,12.7436,2.2738,,,,,,,,571577.0,,
002133.SZ,20260821,,1.731,,,,28.9245,0.7214,,,,,,,,209019.0,,
300778.SZ,20260821,,0.961,,,,,1.7559,,,,,,,,210991.0,,
600406.SH,20260821,,0.3109,,,,22.3671,3.4789,,,,,,,,18609600.0,,
301279.SZ,20260821,,1.0235,,,,52.7872,2.4965,,,,,,,,343622.0,,
600805.SH,20260821,,0.9755,,,,106.269,0.891,,,,,,,,380350.0,,
688498.SH,20260821,,2.8225,,,,554.934,78.2586,,,,,,,,19758200.0,,
603105.SH,20260821,,0.8477,,,,20.0611,1.6379,,,,,,,,352008.0,,
688665.SH,20260821,,0.5013,,,,34.3193,3.6382,,,,,,,,442210.0,,
002152.SZ,20260821,,0.813,,,,28.1342,1.8732,,,,,,,,2381560.0,,
688779.SH,20260821,,1.6822,,,,24.8898,2.1518,,,,,,,,1574240.0,,
600470.SH,20260821,,5.3037,,,,,1.8997,,,,,,,,289488.0,,
300427.SZ,20260821,,3.6082,,,,,2.746,,,,,,,,330030.0,,
601666.SH,20260821,,1.439,,,,118.849,1.0857,,,,,,,,2373060.0,,
601700.SH,20260821,,18.1375,,,,,3.7111,,,,,,,,798269.0,,
000608.SZ,20260821,,3.2297,,,,,2.7499,,,,,,,,564685.0,,
300228.SZ,20260821,,1.484,,,,17.5239,1.7102,,,,,,,,434328.0,,
000987.SZ,20260821,,0.3299,,,,8.9605,1.1196,,,,,,,,3727730.0,,
300333.SZ,20260821,,8.5157,,,,,6.585,,,,,,,,371280.0,,
603600.SH,20260821,,1.0418,,,,12.8289,1.3511,,,,,,,,317216.0,,
605033.SH,20260821,,4.0609,,,,40.1806,2.1462,,,,,,,,255528.0,,
920200.BJ,20260821,,2.9235,,,,20.3281,2.2752,,,,,,,,271876.0,,
600989.SH,20260821,,1.1411,,,,11.4867,3.1961,,,,,,,,17644100.0,,
603020.SH,20260821,,0.8849,,,,43.1739,1.1404,,,,,,,,377892.0,,
002537.SZ,20260821,,3.3888,,,,22.409,1.5405,,,,,,,,676234.0,,
600927.SH,20260821,,0.2368,,,,22.956,1.3943,,,,,,,,1868170.0,,
002004.SZ,20260821,,2.6798,,,,13.8331,0.8825,,,,,,,,890964.0,,
300716.SZ,20260821,,3.6566,,,,,,,,,,,,,304518.0,,
688579.SH,20260821,,0.8493,,,,91.1501,2.2974,,,,,,,,318408.0,,
002495.SZ,20260821,,2.4181,,,,113.11,2.0111,,,,,,,,222679.0,,
920076.BJ,20260821,,1.0062,,,,18.2212,1.4843,,,,,,,,148117.0,,
001222.SZ,20260821,,3.1693,,,,24.4497,1.9439,,,,,,,,276790.0,,
000516.SZ,20260821,,1.6413,,,,,2.8839,,,,,,,,938098.0,,
688070.SH,20260821,,2.1538,,,,150.819,5.2756,,,,,,,,305404.0,,
600879.SH,20260821,,1.8185,,,,210.197,2.3006,,,,,,,,4803780.0,,
603721.SH,20260821,,3.0652,,,,86.2373,4.785,,,,,,,,234650.0,,
920166.BJ,20260821,,2.4622,,,,18.4906,2.5532,,,,,,,,159172.0,,
600853.SH,20260821,,1.4091,,,,8.3915,0.9044,,,,,,,,329452.0,,
002085.SZ,20260821,,0.5171,,,,22.7401,2.8439,,,,,,,,2172130.0,,
300065.SZ,20260821,,3.9333,,,,1522.98,6.2104,,,,,,,,1090970.0,,
600268.SH,20260821,,0.9172,,,,20.7231,2.8551,,,,,,,,1067380.0,,
000425.SZ,20260821,,0.7647,,,,14.2351,1.497,,,,,,,,9380680.0,,
300641.SZ,20260821,,0.9058,,,,22.8404,2.3025,,,,,,,,733135.0,,
000679.SZ,20260821,,1.0974,,,,,14.86,,,,,,,,214909.0,,
001220.SZ,20260821,,2.3507,,,,23.4041,1.8499,,,,,,,,288868.0,,
300021.SZ,20260821,,2.0291,,,,78.103,1.5007,,,,,,,,393612.0,,
601456.SH,20260821,,0.2339,,,,23.3409,0.9292,,,,,,,,4970520.0,,
001314.SZ,20260821,,1.8168,,,,69.8906,3.6362,,,,,,,,767726.0,,
301007.SZ,20260821,,1.2886,,,,97.0453,6.3696,,,,,,,,416471.0,,
002860.SZ,20260821,,4.9159,,,,34.4007,2.6006,,,,,,,,612732.0,,
600829.SH,20260821,,6.591,,,,39.213,1.8018,,,,,,,,557853.0,,
688500.SH,20260821,,1.7914,,,,,3.8397,,,,,,,,279007.0,,
600405.SH,20260821,,1.6992,,,,,72.764,,,,,,,,280676.0,,
002168.SZ,20260821,,0.4218,,,,,268.627,,,,,,,,301119.0,,
601377.SH,20260821,,0.4459,,,,13.6265,0.8892,,,,,,,,5000240.0,,
002605.SZ,20260821,,1.0092,,,,15.6557,1.8744,,,,,,,,729908.0,,
688021.SH,20260821,,2.0044,,,,56.7529,1.8572,,,,,,,,164060.0,,
001255.SZ,20260821,,1.031,,,,208.421,2.5199,,,,,,,,227178.0,,
300203.SZ,20260821,,1.3268,,,,,2.2857,,,,,,,,592782.0,,
603893.SH,20260821,,2.1028,,,,55.8722,15.5241,,,,,,,,7642400.0,,
002791.SZ,20260821,,1.7828,,,,,0.9864,,,,,,,,527289.0,,
603092.SH,20260821,,11.8928,,,,20.3974,3.0285,,,,,,,,1724400.0,,
300709.SZ,20260821,,9.4564,,,,398.432,3.5293,,,,,,,,760760.0,,
300835.SZ,20260821,,2.2407,,,,113.355,14.9345,,,,,,,,1899850.0,,
688348.SH,20260821,,0.5094,,,,,1.5147,,,,,,,,506026.0,,
002378.SZ,20260821,,2.8954,,,,50.0296,11.5722,,,,,,,,3147710.0,,
002843.SZ,20260821,,4.7235,,,,,3.0574,,,,,,,,411088.0,,
301525.SZ,20260821,,0.8148,,,,63.1797,1.6112,,,,,,,,524713.0,,
688170.SH,20260821,,2.8489,,,,326.023,4.4422,,,,,,,,547291.0,,
600192.SH,20260821,,1.8084,,,,,4.0185,,,,,,,,305248.0,,
600456.SH,20260821,,1.7294,,,,34.509,1.8044,,,,,,,,1306720.0,,
000738.SZ,20260821,,0.7764,,,,96.7319,1.8661,,,,,,,,2348920.0,,
002707.SZ,20260821,,2.4403,,,,,5.7199,,,,,,,,514943.0,,
300377.SZ,20260821,,3.363,,,,,4.3498,,,,,,,,1050650.0,,
301201.SZ,20260821,,14.3936,,,,,2.6357,,,,,,,,553875.0,,
301236.SZ,20260821,,1.5934,,,,713.924,2.8834,,,,,,,,3848830.0,,
301336.SZ,20260821,,1.9618,,,,75.4123,2.599,,,,,,,,218985.0,,
600585.SH,20260821,,0.4156,,,,11.8254,0.474,,,,,,,,9187360.0,,
300590.SZ,20260821,,2.1536,,,,43.2919,2.6753,,,,,,,,505224.0,,
300879.SZ,20260821,,0.8646,,,,,2.7246,,,,,,,,336589.0,,
600929.SH,20260821,,0.9676,,,,148.873,1.1515,,,,,,,,870900.0,,
600810.SH,20260821,,0.6043,,,,,0.957,,,,,,,,682702.0,,
688233.SH,20260821,,4.2982,,,,194.89,10.062,,,,,,,,1927690.0,,
600179.SH,20260821,,1.0135,,,,16.8744,1.5307,,,,,,,,1853410.0,,
002489.SZ,20260821,,0.6701,,,,,1.3813,,,,,,,,587803.0,,
000536.SZ,20260821,,1.1186,,,,,16.5025,,,,,,,,890663.0,,
301567.SZ,20260821,,4.3054,,,,,3.5472,,,,,,,,257760.0,,
002812.SZ,20260821,,2.8467,,,,147.951,2.1797,,,,,,,,5575850.0,,
601595.SH,20260821,,0.7284,,,,120.864,4.331,,,,,,,,732807.0,,
688551.SH,20260821,,2.3262,,,,86.3765,3.3364,,,,,,,,439248.0,,
300221.SZ,20260821,,8.3159,,,,43.6405,4.4925,,,,,,,,682207.0,,
300310.SZ,20260821,,2.0963,,,,229.561,2.0283,,,,,,,,382640.0,,
300302.SZ,20260821,,3.9223,,,,231.356,12.8024,,,,,,,,1409990.0,,
000045.SZ,20260821,,1.4331,,,,75.2926,1.7498,,,,,,,,525263.0,,
301599.SZ,20260821,,10.3038,,,,58.2869,11.4294,,,,,,,,1470890.0,,
000949.SZ,20260821,,3.9317,,,,40.0411,1.684,,,,,,,,1146570.0,,
688696.SH,20260821,,0.7238,,,,36.763,1.61,,,,,,,,481878.0,,
301408.SZ,20260821,,5.9997,,,,29.5796,2.8471,,,,,,,,619616.0,,
603090.SH,20260821,,2.2067,,,,49.5056,5.7843,,,,,,,,377000.0,,
601100.SH,20260821,,0.5776,,,,51.233,7.9305,,,,,,,,14184500.0,,
603890.SH,20260821,,5.1029,,,,28.1252,2.6017,,,,,,,,858728.0,,
603383.SH,20260821,,1.8838,,,,29.7453,4.0486,,,,,,,,587171.0,,
301598.SZ,20260821,,1.9553,,,,22.4629,2.772,,,,,,,,278996.0,,
688069.SH,20260821,,1.4896,,,,51.7054,3.8379,,,,,,,,497780.0,,
600692.SH,20260821,,4.6146,,,,82.6949,2.2792,,,,,,,,221611.0,,
300758.SZ,20260821,,1.2129,,,,93.1634,2.4074,,,,,,,,430247.0,,
301687.SZ,20260821,,5.9808,,,,57.9445,4.7239,,,,,,,,724480.0,,
300122.SZ,20260821,,7.8862,,,,,2.1534,,,,,,,,3327370.0,,
002527.SZ,20260821,,0.8828,,,,1215.32,5.9864,,,,,,,,744618.0,,
300713.SZ,20260821,,1.8862,,,,,4.6996,,,,,,,,208399.0,,
300945.SZ,20260821,,7.8854,,,,25.9037,1.9216,,,,,,,,333355.0,,
000572.SZ,20260821,,1.5075,,,,,3.9879,,,,,,,,628251.0,,
002414.SZ,20260821,,1.7201,,,,59.6154,7.7951,,,,,,,,5774040.0,,
002863.SZ,20260821,,2.5451,,,,43.8995,0.9971,,,,,,,,281757.0,,
601038.SH,20260821,,0.772,,,,16.8886,1.7354,,,,,,,,1427030.0,,
688690.SH,20260821,,3.1979,,,,100.187,8.5722,,,,,,,,1752560.0,,
002419.SZ,20260821,,0.8092,,,,65.1249,1.2622,,,,,,,,522696.0,,
301207.SZ,20260821,,3.6881,,,,57.2153,1.8685,,,,,,,,1072830.0,,
001333.SZ,20260821,,5.9756,,,,23.9795,1.5517,,,,,,,,275456.0,,
300708.SZ,20260821,,1.8953,,,,44.8545,2.5156,,,,,,,,740512.0,,
002730.SZ,20260821,,1.7163,,,,112.656,4.6638,,,,,,,,769420.0,,
603298.SH,20260821,,0.2402,,,,15.2062,2.8184,,,,,,,,3392410.0,,
601878.SH,20260821,,0.2406,,,,16.082,1.1126,,,,,,,,4194170.0,,
603613.SH,20260821,,0.8892,,,,9.9081,1.402,,,,,,,,1314260.0,,
002992.SZ,20260821,,0.4996,,,,399.16,8.4134,,,,,,,,619294.0,,
600839.SH,20260821,,1.2448,,,,42.4989,2.0482,,,,,,,,3152890.0,,
300301.SZ,20260821,,0.5079,,,,,38.1683,,,,,,,,277176.0,,
300992.SZ,20260821,,1.0462,,,,,2.666,,,,,,,,230341.0,,
002553.SZ,20260821,,3.5091,,,,21.2581,3.4407,,,,,,,,540717.0,,
002630.SZ,20260821,,0.6817,,,,,,,,,,,,,192470.0,,
920180.BJ,20260821,,1.1408,,,,19.5326,1.8267,,,,,,,,144701.0,,
920656.BJ,20260821,,3.0678,,,,16.6682,2.02,,,,,,,,143600.0,,
688501.SH,20260821,,0.7534,,,,17.1736,2.0085,,,,,,,,230961.0,,
000895.SZ,20260821,,0.1958,,,,16.4038,3.8076,,,,,,,,8627010.0,,
688381.SH,20260821,,3.2849,,,,,3.3132,,,,,,,,832095.0,,
301261.SZ,20260821,,1.54,,,,44.4706,3.6087,,,,,,,,583134.0,,
300625.SZ,20260821,,1.118,,,,,1.4178,,,,,,,,273465.0,,
605337.SH,20260821,,1.4378,,,,21.7505,2.2174,,,,,,,,359320.0,,
600862.SH,20260821,,0.4684,,,,26.204,3.0531,,,,,,,,2421120.0,,
600017.SH,20260821,,0.8516,,,,18.5153,0.5774,,,,,,,,811973.0,,
003000.SZ,20260821,,1.2866,,,,18.6077,3.1134,,,,,,,,458559.0,,
300433.SZ,20260821,,2.071,,,,57.0796,3.5946,,,,,,,,19631600.0,,
600207.SH,20260821,,1.1781,,,,,2.5291,,,,,,,,474940.0,,
002631.SZ,20260821,,5.1765,,,,,3.7595,,,,,,,,760608.0,,
002149.SZ,20260821,,4.9122,,,,226.599,4.8932,,,,,,,,1822020.0,,
920418.BJ,20260821,,0.5138,,,,23.4379,3.1711,,,,,,,,291994.0,,
920753.BJ,20260821,,1.7244,,,,34.936,3.0144,,,,,,,,123572.0,,
300830.SZ,20260821,,1.9459,,,,,2.7511,,,,,,,,361764.0,,
600486.SH,20260821,,0.6824,,,,17.6542,1.8716,,,,,,,,2221000.0,,
301051.SZ,20260821,,4.8476,,,,,3.0018,,,,,,,,585577.0,,
300610.SZ,20260821,,1.8342,,,,31.8514,1.8675,,,,,,,,220995.0,,
688449.SH,20260821,,2.9896,,,,178.308,16.2649,,,,,,,,3134900.0,,
688035.SH,20260821,,4.1919,,,,72.5581,3.9319,,,,,,,,943905.0,,
688375.SH,20260821,,0.4774,,,,117.374,7.5187,,,,,,,,4745470.0,,
600120.SH,20260821,,0.696,,,,11.5977,0.9723,,,,,,,,1629140.0,,
301306.SZ,20260821,,6.515,,,,,8.9319,,,,,,,,750991.0,,
688009.SH,20260821,,0.2204,,,,14.2023,1.0814,,,,,,,,5178420.0,,
300844.SZ,20260821,,0.9662,,,,,2.863,,,,,,,,219046.0,,
600855.SH,20260821,,0.9986,,,,,3.9945,,,,,,,,558503.0,,
600403.SH,20260821,,5.4639,,,,,4.7492,,,,,,,,1587500.0,,
688217.SH,20260821,,2.5611,,,,,1.6473,,,,,,,,138355.0,,
603206.SH,20260821,,0.7505,,,,106.246,1.833,,,,,,,,417819.0,,
603568.SH,20260821,,0.2948,,,,17.405,2.0483,,,,,,,,2990750.0,,
300373.SZ,20260821,,4.6353,,,,40.8503,5.6498,,,,,,,,5598660.0,,
002835.SZ,20260821,,1.5655,,,,23.7528,2.1409,,,,,,,,273270.0,,
000404.SZ,20260821,,1.2003,,,,10.0247,1.1402,,,,,,,,489285.0,,
601127.SH,20260821,,0.8983,,,,67.72,2.3475,,,,,,,,8797020.0,,
603977.SH,20260821,,0.7687,,,,29.0579,2.0926,,,,,,,,723747.0,,
603708.SH,20260821,,1.7246,,,,28.2358,2.3575,,,,,,,,575782.0,,
600917.SH,20260821,,0.2805,,,,33.3961,1.3045,,,,,,,,752421.0,,
600983.SH,20260821,,0.2908,,,,11.9188,1.9354,,,,,,,,594757.0,,
688178.SH,20260821,,1.3206,,,,,2.6268,,,,,,,,243944.0,,
300160.SZ,20260821,,0.7563,,,,22.9105,1.2528,,,,,,,,335459.0,,
601997.SH,20260821,,1.0584,,,,3.9652,0.3174,,,,,,,,2095000.0,,
603967.SH,20260821,,0.9293,,,,13.9731,1.6355,,,,,,,,405947.0,,
600579.SH,20260821,,0.7144,,,,,2.2633,,,,,,,,343546.0,,
688557.SH,20260821,,2.3078,,,,28.1334,2.5768,,,,,,,,315037.0,,
000757.SZ,20260821,,2.7252,,,,63.7502,1.4248,,,,,,,,229601.0,,
002146.SZ,20260821,,2.4074,,,,,0.9775,,,,,,,,495691.0,,
002779.SZ,20260821,,1.422,,,,86.8746,14.6861,,,,,,,,1381380.0,,
688255.SH,20260821,,1.897,,,,87.7631,2.6451,,,,,,,,282777.0,,
601162.SH,20260821,,0.9756,,,,275.724,1.3273,,,,,,,,3636710.0,,
688113.SH,20260821,,0.7939,,,,23.9196,2.2965,,,,,,,,232153.0,,
920693.BJ,20260821,,1.0636,,,,,4.6098,,,,,,,,162557.0,,
301571.SZ,20260821,,2.1914,,,,54.4686,5.6942,,,,,,,,1175600.0,,
600986.SH,20260821,,2.5279,,,,,2.0352,,,,,,,,1050090.0,,
688138.SH,20260821,,1.8437,,,,55.9295,3.7741,,,,,,,,1069690.0,,
301531.SZ,20260821,,3.9636,,,,82.0399,13.5958,,,,,,,,1095370.0,,
603215.SH,20260821,,0.5052,,,,61.6069,2.5036,,,,,,,,307729.0,,
603171.SH,20260821,,1.5193,,,,108.659,6.7644,,,,,,,,1730220.0,,
300033.SZ,20260821,,2.0076,,,,50.0457,23.9189,,,,,,,,16718400.0,,
300772.SZ,20260821,,0.9609,,,,27.1017,1.3235,,,,,,,,891498.0,,
002490.SZ,20260821,,15.6405,,,,1264.02,13.3404,,,,,,,,671998.0,,
000488.SZ,20260821,,0.3835,,,,,13.2761,,,,,,,,552994.0,,
301073.SZ,20260821,,2.7707,,,,130.174,3.9606,,,,,,,,350790.0,,
002871.SZ,20260821,,1.4007,,,,31.9453,3.5794,,,,,,,,419337.0,,
301097.SZ,20260821,,2.8829,,,,,2.7726,,,,,,,,282205.0,,
605368.SH,20260821,,0.4386,,,,20.2751,1.4398,,,,,,,,478091.0,,
301369.SZ,20260821,,2.9714,,,,347.463,9.0685,,,,,,,,1376040.0,,
600558.SH,20260821,,1.3173,,,,21.7842,1.7296,,,,,,,,429055.0,,
600089.SH,20260821,,0.879,,,,16.4231,1.4079,,,,,,,,10130800.0,,
300901.SZ,20260821,,2.8043,,,,460.913,4.4854,,,,,,,,435840.0,,
002021.SZ,20260821,,1.9539,,,,,5.2086,,,,,,,,319192.0,,
600782.SH,20260821,,1.0217,,,,,0.3422,,,,,,,,869238.0,,
301377.SZ,20260821,,2.9979,,,,185.322,56.5492,,,,,,,,17661500.0,,
603022.SH,20260821,,1.1407,,,,29.6685,2.0636,,,,,,,,176200.0,,
301023.SZ,20260821,,1.9829,,,,40.4766,3.3021,,,,,,,,273523.0,,
301221.SZ,20260821,,1.8445,,,,1447.26,1.756,,,,,,,,357803.0,,
600900.SH,20260821,,0.2596,,,,18.9599,3.0018,,,,,,,,68413100.0,,
688520.SH,20260821,,1.4826,,,,,251.625,,,,,,,,1782100.0,,
920768.BJ,20260821,,0.4425,,,,18.5156,1.5076,,,,,,,,108751.0,,
603587.SH,20260821,,0.2803,,,,19.7594,1.4738,,,,,,,,550226.0,,
600011.SH,20260821,,0.7051,,,,8.8301,1.6062,,,,,,,,10360700.0,,
000151.SZ,20260821,,1.7624,,,,8.9338,4.0397,,,,,,,,353714.0,,
601811.SH,20260821,,0.2338,,,,9.3773,0.9438,,,,,,,,1468270.0,,
600884.SH,20260821,,2.3161,,,,35.4455,1.1901,,,,,,,,2679050.0,,
000601.SZ,20260821,,2.4747,,,,66.2674,1.596,,,,,,,,659733.0,,
300509.SZ,20260821,,2.6446,,,,20.5096,3.8192,,,,,,,,261721.0,,
000911.SZ,20260821,,2.662,,,,,,,,,,,,,196557.0,,
301032.SZ,20260821,,1.5193,,,,21.5648,1.8997,,,,,,,,242098.0,,
920045.BJ,20260821,,6.2875,,,,116.205,33.0837,,,,,,,,3826210.0,,
688210.SH,20260821,,3.9721,,,,,3.9551,,,,,,,,504085.0,,
300162.SZ,20260821,,7.7635,,,,,3.9254,,,,,,,,324281.0,,
600928.SH,20260821,,0.4754,,,,5.8405,0.4384,,,,,,,,1573330.0,,
300705.SZ,20260821,,6.6175,,,,14.3355,2.1811,,,,,,,,578837.0,,
300410.SZ,20260821,,2.829,,,,72.3816,10.5158,,,,,,,,290021.0,,
001233.SZ,20260821,,3.1186,,,,17.4304,1.7375,,,,,,,,819584.0,,
600481.SH,20260821,,2.033,,,,,2.0018,,,,,,,,869029.0,,
301065.SZ,20260821,,1.6281,,,,27.4139,1.4673,,,,,,,,203346.0,,
688016.SH,20260821,,1.1295,,,,19.3649,2.7019,,,,,,,,1139680.0,,
600678.SH,20260821,,1.8143,,,,,7.3892,,,,,,,,190549.0,,
301656.SZ,20260821,,1.2588,,,,46.6897,4.1331,,,,,,,,3987140.0,,
301456.SZ,20260821,,1.0995,,,,39.7811,1.5734,,,,,,,,350110.0,,
300749.SZ,20260821,,4.2043,,,,,8.9196,,,,,,,,491176.0,,
603225.SH,20260821,,1.1516,,,,29.5384,1.517,,,,,,,,3190590.0,,
601226.SH,20260821,,0.6443,,,,37.9971,1.6332,,,,,,,,710119.0,,
002045.SZ,20260821,,9.8865,,,,,1.2098,,,,,,,,512422.0,,
601665.SH,20260821,,0.6476,,,,6.7941,0.7932,,,,,,,,4012310.0,,
002652.SZ,20260821,,2.7301,,,,,8.6573,,,,,,,,203289.0,,
300281.SZ,20260821,,1.7196,,,,,2.1394,,,,,,,,266854.0,,
002123.SZ,20260821,,3.0863,,,,,4.2396,,,,,,,,645144.0,,
000677.SZ,20260821,,2.9681,,,,,2.8431,,,,,,,,146012.0,,
002001.SZ,20260821,,1.2046,,,,11.9224,2.4513,,,,,,,,8550260.0,,
002287.SZ,20260821,,0.7487,,,,17.0113,2.2537,,,,,,,,1136230.0,,
301448.SZ,20260821,,1.5426,,,,,6.2752,,,,,,,,434299.0,,
002241.SZ,20260821,,5.4349,,,,20.8365,2.1871,,,,,,,,8312310.0,,
300283.SZ,20260821,,7.898,,,,54.968,5.5584,,,,,,,,666945.0,,
002138.SZ,20260821,,3.3568,,,,40.9954,6.1338,,,,,,,,4026750.0,,
002358.SZ,20260821,,0.8972,,,,50.216,1.475,,,,,,,,494631.0,,
688141.SH,20260821,,2.203,,,,,44.8623,,,,,,,,5599750.0,,
600288.SH,20260821,,6.0639,,,,30.5806,2.5133,,,,,,,,500136.0,,
002511.SZ,20260821,,1.4062,,,,22.8655,1.6267,,,,,,,,900640.0,,
002952.SZ,20260821,,1.454,,,,214.93,3.6979,,,,,,,,325722.0,,
603867.SH,20260821,,3.5212,,,,22.3431,1.9588,,,,,,,,613312.0,,
002840.SZ,20260821,,1.6393,,,,,1.8402,,,,,,,,661787.0,,
603357.SH,20260821,,0.4776,,,,11.0545,0.8314,,,,,,,,331842.0,,
300773.SZ,20260821,,7.468,,,,10.4057,3.6156,,,,,,,,1675580.0,,
000901.SZ,20260821,,1.3402,,,,122.615,2.567,,,,,,,,1090340.0,,
601838.SH,20260821,,0.4482,,,,5.8866,0.8593,,,,,,,,7904680.0,,
920223.BJ,20260821,,2.329,,,,,7.3167,,,,,,,,174586.0,,
002376.SZ,20260821,,1.6367,,,,59.7053,1.4736,,,,,,,,544698.0,,
603836.SH,20260821,,0.8844,,,,54.2186,1.487,,,,,,,,258733.0,,
300257.SZ,20260821,,1.0074,,,,48.4926,2.5969,,,,,,,,1723960.0,,
600222.SH,20260821,,4.0314,,,,71.8133,2.7302,,,,,,,,438541.0,,
920961.BJ,20260821,,3.0653,,,,,3.7509,,,,,,,,281824.0,,
000524.SZ,20260821,,2.2199,,,,85.5935,2.8249,,,,,,,,653453.0,,
300166.SZ,20260821,,3.1398,,,,,2.6297,,,,,,,,1499730.0,,
301469.SZ,20260821,,1.5951,,,,25.4486,1.8144,,,,,,,,254302.0,,
300200.SZ,20260821,,2.0584,,,,45.9292,2.2498,,,,,,,,365896.0,,
301082.SZ,20260821,,2.3649,,,,75.6882,2.6948,,,,,,,,278315.0,,
600332.SH,20260821,,0.8746,,,,11.5412,0.8593,,,,,,,,3399530.0,,
002015.SZ,20260821,,1.9254,,,,52.3917,1.9003,,,,,,,,2297000.0,,
920720.BJ,20260821,,0.872,,,,42.7987,4.5033,,,,,,,,246084.0,,
600301.SH,20260821,,3.2695,,,,31.6756,5.9266,,,,,,,,3017980.0,,
300888.SZ,20260821,,0.638,,,,21.9458,1.4399,,,,,,,,1691780.0,,
300573.SZ,20260821,,3.1016,,,,18.6521,6.4564,,,,,,,,1410800.0,,
603999.SH,20260821,,0.9366,,,,37.5324,1.5485,,,,,,,,321408.0,,
920640.BJ,20260821,,0.967,,,,60.3863,5.0134,,,,,,,,471010.0,,
000415.SZ,20260821,,0.8464,,,,,0.9528,,,,,,,,2844880.0,,
000417.SZ,20260821,,1.9077,,,,29.159,0.9133,,,,,,,,435175.0,,
002100.SZ,20260821,,0.9322,,,,,1.4232,,,,,,,,976155.0,,
688052.SH,20260821,,2.1578,,,,,5.2601,,,,,,,,3995410.0,,
600938.SH,20260821,,1.4896,,,,12.9097,1.9225,,,,,,,,160936000.0,,
688783.SH,20260821,,10.5662,,,,,10.3481,,,,,,,,12694800.0,,
300861.SZ,20260821,,1.927,,,,27.4152,1.7079,,,,,,,,1128690.0,,
600970.SH,20260821,,0.3206,,,,7.6172,0.864,,,,,,,,2021420.0,,
600919.SH,20260821,,0.4454,,,,6.0632,0.8075,,,,,,,,21911500.0,,
300320.SZ,20260821,,0.9911,,,,21.0749,1.9686,,,,,,,,510448.0,,
300512.SZ,20260821,,0.8965,,,,94.5577,1.8068,,,,,,,,295469.0,,
600031.SH,20260821,,0.4001,,,,20.5319,1.9085,,,,,,,,17286600.0,,
920371.BJ,20260821,,2.5948,,,,17.6116,2.398,,,,,,,,152235.0,,
002826.SZ,20260821,,2.1731,,,,35.3865,3.9454,,,,,,,,330635.0,,
600784.SH,20260821,,1.1675,,,,36.045,1.5829,,,,,,,,525658.0,,
603293.SH,20260821,,2.1643,,,,25.0666,2.1213,,,,,,,,625026.0,,
603112.SH,20260821,,2.4162,,,,15.3476,1.9406,,,,,,,,877437.0,,
688385.SH,20260821,,2.0815,,,,49.7269,6.3214,,,,,,,,4415140.0,,
601975.SH,20260821,,6.2643,,,,12.7379,1.5508,,,,,,,,1858100.0,,
300756.SZ,20260821,,2.0764,,,,58.8796,4.3078,,,,,,,,638746.0,,
603297.SH,20260821,,1.1553,,,,56.2591,5.6242,,,,,,,,1183360.0,,
003007.SZ,20260821,,1.7639,,,,189.583,5.1136,,,,,,,,446132.0,,
603979.SH,20260821,,0.838,,,,18.6029,4.0922,,,,,,,,4684680.0,,
600800.SH,20260821,,2.4762,,,,,3.8226,,,,,,,,374085.0,,
301017.SZ,20260821,,2.6507,,,,54.0992,2.6257,,,,,,,,535401.0,,
600376.SH,20260821,,3.2631,,,,,3.8678,,,,,,,,910586.0,,
002286.SZ,20260821,,3.7032,,,,19.3921,1.3003,,,,,,,,299422.0,,
600073.SH,20260821,,1.4624,,,,,1.0532,,,,,,,,494183.0,,
300419.SZ,20260821,,2.1664,,,,,9.8687,,,,,,,,328772.0,,
300443.SZ,20260821,,1.0615,,,,19.3211,0.9928,,,,,,,,631305.0,,
002666.SZ,20260821,,1.4468,,,,68.0548,0.9439,,,,,,,,333324.0,,
002374.SZ,20260821,,1.4462,,,,,6.2668,,,,,,,,335330.0,,
603060.SH,20260821,,0.4999,,,,35.7683,2.1846,,,,,,,,441376.0,,
688401.SH,20260821,,2.0538,,,,51.6347,8.3634,,,,,,,,1399590.0,,
002514.SZ,20260821,,5.2117,,,,,,,,,,,,,125286.0,,
301606.SZ,20260821,,1.0735,,,,26.5042,5.7987,,,,,,,,2099030.0,,
603633.SH,20260821,,1.0952,,,,,1.5669,,,,,,,,272732.0,,
301429.SZ,20260821,,2.3471,,,,41.8934,1.5069,,,,,,,,204402.0,,
301302.SZ,20260821,,2.2044,,,,,2.3011,,,,,,,,337604.0,,
002063.SZ,20260821,,0.7203,,,,33.6088,2.5389,,,,,,,,1013290.0,,
300856.SZ,20260821,,1.1802,,,,51.5783,1.904,,,,,,,,519926.0,,
002293.SZ,20260821,,0.6714,,,,17.0802,2.1813,,,,,,,,946886.0,,
002931.SZ,20260821,,2.9241,,,,1966.37,10.3219,,,,,,,,1053850.0,,
603308.SH,20260821,,3.0394,,,,81.6177,6.0484,,,,,,,,3075060.0,,
000993.SZ,20260821,,0.9976,,,,259.992,1.7618,,,,,,,,444671.0,,
605077.SH,20260821,,1.5094,,,,30.059,1.0941,,,,,,,,326315.0,,
300349.SZ,20260821,,1.1107,,,,20.2152,0.9599,,,,,,,,429730.0,,
001319.SZ,20260821,,8.2021,,,,20.1276,1.9905,,,,,,,,280538.0,,
300118.SZ,20260821,,2.1154,,,,,1.3442,,,,,,,,1114930.0,,
300027.SZ,20260821,,1.0121,,,,,,,,,,,,,499411.0,,
688175.SH,20260821,,1.0386,,,,,1.8811,,,,,,,,325633.0,,
300206.SZ,20260821,,1.3299,,,,20.3454,3.0615,,,,,,,,703132.0,,
301077.SZ,20260821,,1.9772,,,,27.9976,2.9872,,,,,,,,358371.0,,
301326.SZ,20260821,,2.816,,,,,6.46,,,,,,,,797771.0,,
600648.SH,20260821,,0.2141,,,,13.4435,0.7662,,,,,,,,1222560.0,,
002329.SZ,20260821,,17.436,,,,,6.1816,,,,,,,,307989.0,,
301248.SZ,20260821,,3.1376,,,,,6.2621,,,,,,,,944517.0,,
603566.SH,20260821,,1.3405,,,,20.6051,1.3455,,,,,,,,356098.0,,
920007.BJ,20260821,,2.5982,,,,26.7822,2.2439,,,,,,,,145844.0,,
300525.SZ,20260821,,1.2139,,,,34.9131,2.4407,,,,,,,,610328.0,,
002875.SZ,20260821,,1.748,,,,,4.532,,,,,,,,279957.0,,
300913.SZ,20260821,,2.6834,,,,49.7707,4.647,,,,,,,,1230930.0,,
920422.BJ,20260821,,0.8135,,,,34.8713,1.8898,,,,,,,,82465.9,,
605005.SH,20260821,,0.2187,,,,31.3481,2.9386,,,,,,,,625159.0,,
603995.SH,20260821,,2.0828,,,,15.2283,1.5472,,,,,,,,918841.0,,
002276.SZ,20260821,,0.9749,,,,33.2055,1.6284,,,,,,,,1016130.0,,
300285.SZ,20260821,,16.0416,,,,105.492,9.2307,,,,,,,,6765970.0,,
603079.SH,20260821,,6.3007,,,,49.4599,1.6595,,,,,,,,265209.0,,
003042.SZ,20260821,,12.3464,,,,,1.65,,,,,,,,201894.0,,
300305.SZ,20260821,,2.7399,,,,,1.1832,,,,,,,,228994.0,,
603811.SH,20260821,,1.5501,,,,17.5136,2.3372,,,,,,,,339087.0,,
301390.SZ,20260821,,1.0052,,,,,2.0,,,,,,,,187800.0,,
688246.SH,20260821,,1.6535,,,,,1.8569,,,,,,,,239537.0,,
300329.SZ,20260821,,0.8743,,,,,5.0347,,,,,,,,305742.0,,
601798.SH,20260821,,1.1609,,,,50.3273,2.1177,,,,,,,,274050.0,,
688031.SH,20260821,,2.963,,,,,15.8503,,,,,,,,1278350.0,,
603014.SH,20260821,,1.5393,,,,27.7993,1.8712,,,,,,,,1357280.0,,
301337.SZ,20260821,,1.2263,,,,,2.5356,,,,,,,,274880.0,,
300501.SZ,20260821,,0.8786,,,,,2.0271,,,,,,,,282077.0,,
300338.SZ,20260821,,1.4524,,,,,,,,,,,,,116359.0,,
002294.SZ,20260821,,2.7618,,,,53.8581,3.9824,,,,,,,,3643220.0,,
688067.SH,20260821,,1.5136,,,,51.9099,2.9813,,,,,,,,155584.0,,
603111.SH,20260821,,0.3702,,,,13.9122,1.2049,,,,,,,,495668.0,,
600706.SH,20260821,,1.8056,,,,,4.4782,,,,,,,,200987.0,,
300180.SZ,20260821,,8.1412,,,,2823.67,1.7042,,,,,,,,797760.0,,
002236.SZ,20260821,,1.193,,,,13.9876,1.3471,,,,,,,,5266780.0,,
688597.SH,20260821,,1.5559,,,,48.1494,2.8496,,,,,,,,226841.0,,
600163.SH,20260821,,0.5217,,,,19.9793,1.2715,,,,,,,,932468.0,,
300559.SZ,20260821,,1.3762,,,,114.401,3.5259,,,,,,,,413498.0,,
000541.SZ,20260821,,0.6655,,,,43.0498,1.1037,,,,,,,,758674.0,,
002264.SZ,20260821,,2.0171,,,,29.2655,2.249,,,,,,,,468597.0,,
002457.SZ,20260821,,3.2847,,,,27.5025,1.3936,,,,,,,,353830.0,,
605098.SH,20260821,,0.8178,,,,18.2073,6.2853,,,,,,,,655881.0,,
603488.SH,20260821,,2.1165,,,,,3.0837,,,,,,,,238848.0,,
300127.SZ,20260821,,1.3784,,,,41.5703,5.0911,,,,,,,,798494.0,,
600697.SH,20260821,,1.6685,,,,,0.7598,,,,,,,,169906.0,,
000716.SZ,20260821,,6.3922,,,,,1.4289,,,,,,,,361384.0,,
002197.SZ,20260821,,3.0045,,,,,2.2947,,,,,,,,404251.0,,
300157.SZ,20260821,,4.6295,,,,,,,,,,,,,303842.0,,
301272.SZ,20260821,,1.5954,,,,54.2182,1.9659,,,,,,,,200955.0,,
000099.SZ,20260821,,0.4813,,,,34.2935,1.9066,,,,,,,,1065130.0,,
603181.SH,20260821,,0.5911,,,,16.5751,2.0645,,,,,,,,745883.0,,
920036.BJ,20260821,,3.6373,,,,22.9564,2.5951,,,,,,,,155755.0,,
600831.SH,20260821,,1.8901,,,,,6.7606,,,,,,,,239589.0,,
300834.SZ,20260821,,0.5248,,,,144.423,2.6485,,,,,,,,762452.0,,
300244.SZ,20260821,,10.0301,,,,48.4944,1.9894,,,,,,,,1290580.0,,
300969.SZ,20260821,,1.9007,,,,73.1527,8.3095,,,,,,,,1207100.0,,
002171.SZ,20260821,,1.7061,,,,39.9917,1.7584,,,,,,,,1566140.0,,
300034.SZ,20260821,,0.8557,,,,124.111,3.2128,,,,,,,,1238480.0,,
603013.SH,20260821,,0.2252,,,,14.7031,1.7801,,,,,,,,824840.0,,
000021.SZ,20260821,,3.9293,,,,49.7683,4.4661,,,,,,,,5966860.0,,
603991.SH,20260821,,1.4753,,,,1104.88,5.8448,,,,,,,,2054560.0,,
002877.SZ,20260821,,1.1973,,,,109.153,2.1497,,,,,,,,260833.0,,
002249.SZ,20260821,,1.0385,,,,15.8958,1.7189,,,,,,,,1744160.0,,
001279.SZ,20260821,,1.41,,,,102.328,3.9529,,,,,,,,402560.0,,
601827.SH,20260821,,0.3335,,,,10.9413,1.0979,,,,,,,,1369310.0,,
000060.SZ,20260821,,2.6002,,,,28.7377,1.4852,,,,,,,,2966700.0,,
002989.SZ,20260821,,2.8176,,,,,3.5689,,,,,,,,497390.0,,
600600.SH,20260821,,0.6529,,,,14.8216,2.137,,,,,,,,6932840.0,,
002516.SZ,20260821,,0.5307,,,,39.3922,2.0035,,,,,,,,767778.0,,
000897.SZ,20260821,,2.0291,,,,,0.9458,,,,,,,,284640.0,,
601015.SH,20260821,,4.6267,,,,,1.5115,,,,,,,,727129.0,,
002757.SZ,20260821,,2.6643,,,,39.559,2.3106,,,,,,,,475684.0,,
002159.SZ,20260821,,1.6106,,,,17.7227,1.6026,,,,,,,,237229.0,,
600272.SH,20260821,,9.0891,,,,188.367,5.4537,,,,,,,,433376.0,,
000997.SZ,20260821,,2.1032,,,,19.023,2.4757,,,,,,,,1866130.0,,
002290.SZ,20260821,,4.5388,,,,78.2002,15.0564,,,,,,,,1584200.0,,
920112.BJ,20260821,,0.3193,,,,12.5261,1.9935,,,,,,,,184481.0,,
002284.SZ,20260821,,3.8734,,,,12.3641,1.9411,,,,,,,,689581.0,,
603516.SH,20260821,,3.2129,,,,67.5122,11.7241,,,,,,,,1997310.0,,
603098.SH,20260821,,0.5531,,,,59.9088,1.8974,,,,,,,,542218.0,,
300575.SZ,20260821,,4.9528,,,,,1.3994,,,,,,,,280930.0,,
601328.SH,20260821,,0.5086,,,,6.5256,0.5404,,,,,,,,62915000.0,,
688400.SH,20260821,,1.5654,,,,64.9568,3.9401,,,,,,,,2248390.0,,
300471.SZ,20260821,,1.1443,,,,41.1827,2.7619,,,,,,,,456054.0,,
002216.SZ,20260821,,0.9873,,,,17.9171,2.2249,,,,,,,,1084910.0,,
001376.SZ,20260821,,3.1564,,,,24.7265,3.7157,,,,,,,,475188.0,,
002651.SZ,20260821,,2.9179,,,,196.604,2.8867,,,,,,,,809199.0,,
920415.BJ,20260821,,0.5866,,,,43.4182,2.1641,,,,,,,,120840.0,,
688399.SH,20260821,,1.4578,,,,,1.2062,,,,,,,,355509.0,,
301277.SZ,20260821,,2.7805,,,,41.201,2.6161,,,,,,,,415211.0,,
688765.SH,20260821,,5.2173,,,,,4.6448,,,,,,,,1332400.0,,
300131.SZ,20260821,,5.5024,,,,1461.78,11.0756,,,,,,,,1911370.0,,
601996.SH,20260821,,2.0432,,,,,1.1561,,,,,,,,283591.0,,
600267.SH,20260821,,6.0832,,,,21.986,1.7253,,,,,,,,1543800.0,,
603137.SH,20260821,,8.1044,,,,,3.575,,,,,,,,427881.0,,
600725.SH,20260821,,1.1227,,,,,15.224,,,,,,,,390693.0,,
300543.SZ,20260821,,2.3967,,,,,1.6659,,,,,,,,235600.0,,
300918.SZ,20260821,,0.7155,,,,42.7574,1.341,,,,,,,,519800.0,,
000819.SZ,20260821,,0.9661,,,,,2.0997,,,,,,,,440080.0,,
601608.SH,20260821,,0.4602,,,,56.2159,2.2642,,,,,,,,2134070.0,,
300838.SZ,20260821,,1.9543,,,,,2.0164,,,,,,,,191789.0,,
688786.SH,20260821,,1.9548,,,,56.5612,6.06,,,,,,,,481831.0,,
601138.SH,20260821,,0.4003,,,,26.5814,7.0952,,,,,,,,124700000.0,,
600382.SH,20260821,,1.1986,,,,23.0766,1.3899,,,,,,,,436088.0,,
002534.SZ,20260821,,0.6949,,,,29.0156,2.2685,,,,,,,,1285670.0,,
300389.SZ,20260821,,1.5753,,,,17.9234,2.7177,,,,,,,,456577.0,,
603408.SH,20260821,,0.4233,,,,11.188,1.3139,,,,,,,,460553.0,,
300789.SZ,20260821,,3.366,,,,75.4541,2.3588,,,,,,,,250154.0,,
603778.SH,20260821,,3.8829,,,,,22.0022,,,,,,,,621100.0,,
600828.SH,20260821,,0.6422,,,,,1.0145,,,,,,,,682401.0,,
300741.SZ,20260821,,0.4049,,,,103.859,1.2099,,,,,,,,827127.0,,
002469.SZ,20260821,,5.2019,,,,41.4358,1.6453,,,,,,,,421112.0,,
300696.SZ,20260821,,1.4291,,,,110.923,3.1171,,,,,,,,595266.0,,
601279.SH,20260821,,0.4282,,,,,1.2275,,,,,,,,509037.0,,
600215.SH,20260821,,1.0004,,,,,1.2146,,,,,,,,297888.0,,
000426.SZ,20260821,,7.098,,,,27.2114,6.7053,,,,,,,,7258800.0,,
000002.SZ,20260821,,1.0587,,,,,0.3324,,,,,,,,3674660.0,,
300997.SZ,20260821,,1.5192,,,,151.421,6.6084,,,,,,,,712921.0,,
600160.SH,20260821,,0.9419,,,,25.1614,4.8341,,,,,,,,10448000.0,,
688816.SH,20260821,,1.2117,,,,71.5362,2.6438,,,,,,,,481000.0,,
603269.SH,20260821,,3.985,,,,64.5715,7.4528,,,,,,,,769295.0,,
300229.SZ,20260821,,1.6857,,,,,3.1225,,,,,,,,1176770.0,,
301107.SZ,20260821,,1.6631,,,,57.0344,3.0184,,,,,,,,285942.0,,
300681.SZ,20260821,,1.9615,,,,28.2539,2.1192,,,,,,,,654959.0,,
920505.BJ,20260821,,2.3351,,,,124.942,5.3387,,,,,,,,181658.0,,
300701.SZ,20260821,,1.1855,,,,36.2243,2.7399,,,,,,,,271765.0,,
300249.SZ,20260821,,4.4421,,,,178.273,18.4416,,,,,,,,587243.0,,
688253.SH,20260821,,1.1175,,,,85.7608,3.6751,,,,,,,,770263.0,,
688209.SH,20260821,,3.1733,,,,49.0781,4.4659,,,,,,,,998571.0,,
002765.SZ,20260821,,0.9539,,,,30.3086,1.7275,,,,,,,,459750.0,,
000421.SZ,20260821,,5.9119,,,,37.0027,1.1496,,,,,,,,323970.0,,
300937.SZ,20260821,,13.1158,,,,,3.0545,,,,,,,,249881.0,,
603688.SH,20260821,,1.7253,,,,192.253,4.5112,,,,,,,,2640680.0,,
002746.SZ,20260821,,2.8113,,,,20.4201,1.142,,,,,,,,533534.0,,
601169.SH,20260821,,0.5345,,,,5.2466,0.3798,,,,,,,,10761800.0,,
605117.SH,20260821,,1.0181,,,,33.5288,10.5926,,,,,,,,12248500.0,,
300115.SZ,20260821,,2.7178,,,,64.7357,4.1756,,,,,,,,3547680.0,,
300151.SZ,20260821,,7.6573,,,,166.786,5.8678,,,,,,,,898876.0,,
002969.SZ,20260821,,2.8355,,,,102.94,4.4561,,,,,,,,1451110.0,,
002662.SZ,20260821,,0.6421,,,,21.1,1.0706,,,,,,,,478500.0,,
603757.SH,20260821,,8.1617,,,,99.4636,5.4819,,,,,,,,1163310.0,,
300765.SZ,20260821,,4.3047,,,,67.2904,17.4835,,,,,,,,6882500.0,,
301356.SZ,20260821,,1.1674,,,,45.2213,1.4436,,,,,,,,431568.0,,
000968.SZ,20260821,,5.4615,,,,23.2826,1.0849,,,,,,,,693699.0,,
688278.SH,20260821,,2.0484,,,,23.3906,8.138,,,,,,,,2525880.0,,
300654.SZ,20260821,,2.2689,,,,147.791,4.338,,,,,,,,372349.0,,
600137.SH,20260821,,0.9836,,,,56.9053,3.1155,,,,,,,,175478.0,,
688006.SH,20260821,,1.5563,,,,35.9661,2.4753,,,,,,,,1369130.0,,
300176.SZ,20260821,,11.3037,,,,51.6872,2.531,,,,,,,,248720.0,,
000815.SZ,20260821,,8.6202,,,,147.14,8.1439,,,,,,,,1145790.0,,
603517.SH,20260821,,0.9309,,,,,1.1308,,,,,,,,686600.0,,
603657.SH,20260821,,2.8364,,,,,4.3347,,,,,,,,378127.0,,
300682.SZ,20260821,,1.3719,,,,,1.5823,,,,,,,,1008150.0,,
000545.SZ,20260821,,3.0144,,,,,3.904,,,,,,,,249669.0,,
000690.SZ,20260821,,2.4608,,,,10.0302,0.7929,,,,,,,,1037900.0,,
300840.SZ,20260821,,3.1718,,,,133.086,3.5424,,,,,,,,455040.0,,
601233.SH,20260821,,1.7416,,,,17.707,1.4615,,,,,,,,5878510.0,,
300672.SZ,20260821,,3.5757,,,,,9.1944,,,,,,,,3545720.0,,
600787.SH,20260821,,0.6392,,,,18.0905,0.6998,,,,,,,,978706.0,,
603329.SH,20260821,,1.5633,,,,38.104,1.7709,,,,,,,,261053.0,,
002790.SZ,20260821,,1.6971,,,,,1.1911,,,,,,,,246127.0,,
002724.SZ,20260821,,7.2181,,,,63.2465,1.7275,,,,,,,,475243.0,,
300299.SZ,20260821,,2.1699,,,,,9.1721,,,,,,,,363788.0,,
688739.SH,20260821,,1.2739,,,,149.35,0.9209,,,,,,,,861219.0,,
002785.SZ,20260821,,1.903,,,,,9.2839,,,,,,,,738327.0,,
300010.SZ,20260821,,1.4274,,,,,2.5878,,,,,,,,448455.0,,
300491.SZ,20260821,,4.29,,,,113.385,4.3535,,,,,,,,525716.0,,
920491.BJ,20260821,,0.9985,,,,36.0685,2.7997,,,,,,,,303740.0,,
688029.SH,20260821,,1.459,,,,25.0552,3.283,,,,,,,,1392700.0,,
601799.SH,20260821,,0.8974,,,,14.9121,2.1358,,,,,,,,2471130.0,,
002798.SZ,20260821,,1.0615,,,,,1.9515,,,,,,,,337821.0,,
002916.SZ,20260821,,1.2064,,,,67.1417,13.4893,,,,,,,,24402800.0,,
002395.SZ,20260821,,0.6941,,,,20.0866,2.1249,,,,,,,,329897.0,,
688093.SH,20260821,,0.5673,,,,17.8913,2.4754,,,,,,,,710490.0,,
603908.SH,20260821,,1.3423,,,,,3.6731,,,,,,,,178431.0,,
000726.SZ,20260821,,1.2225,,,,8.8899,0.4889,,,,,,,,479070.0,,
605288.SH,20260821,,1.6128,,,,162.079,2.5237,,,,,,,,565059.0,,
301189.SZ,20260821,,2.3982,,,,,4.1756,,,,,,,,865656.0,,
600101.SH,20260821,,0.7661,,,,23.2202,1.3546,,,,,,,,427881.0,,
001332.SZ,20260821,,2.1791,,,,17.4625,1.7878,,,,,,,,475350.0,,
001316.SZ,20260821,,0.8936,,,,19.8502,3.0625,,,,,,,,417731.0,,
002579.SZ,20260821,,16.6371,,,,347.089,3.7888,,,,,,,,910351.0,,
300241.SZ,20260821,,3.7915,,,,46.259,1.752,,,,,,,,410641.0,,
300327.SZ,20260821,,1.5237,,,,119.262,4.2886,,,,,,,,776276.0,,
603108.SH,20260821,,4.4052,,,,,1.6228,,,,,,,,596744.0,,
603838.SH,20260821,,1.7945,,,,,4.2685,,,,,,,,375059.0,,
600351.SH,20260821,,4.4231,,,,14.7087,1.6852,,,,,,,,475404.0,,
920138.BJ,20260821,,11.8721,,,,28.7425,3.9612,,,,,,,,1711900.0,,
300066.SZ,20260821,,0.933,,,,36.8707,1.9742,,,,,,,,518977.0,,
000938.SZ,20260821,,5.3313,,,,49.048,6.7122,,,,,,,,10422100.0,,
300656.SZ,20260821,,4.047,,,,,5.8988,,,,,,,,461182.0,,
002941.SZ,20260821,,0.8623,,,,16.1849,1.602,,,,,,,,750914.0,,
002881.SZ,20260821,,2.0392,,,,79.9141,4.194,,,,,,,,1143340.0,,
002606.SZ,20260821,,3.489,,,,23.8646,3.043,,,,,,,,599335.0,,
002022.SZ,20260821,,3.3944,,,,,1.1406,,,,,,,,289091.0,,
688567.SH,20260821,,0.5443,,,,,1.2878,,,,,,,,1175660.0,,
601008.SH,20260821,,1.8856,,,,30.0709,1.2704,,,,,,,,537196.0,,
300230.SZ,20260821,,1.1052,,,,19.4787,1.0593,,,,,,,,347242.0,,
300068.SZ,20260821,,3.4462,,,,,3.2553,,,,,,,,358449.0,,
301508.SZ,20260821,,1.2394,,,,35.193,2.5839,,,,,,,,535596.0,,
300107.SZ,20260821,,2.633,,,,245.7,2.3854,,,,,,,,362432.0,,
002576.SZ,20260821,,1.2234,,,,28.6805,1.7924,,,,,,,,233947.0,,
600617.SH,20260821,,1.2914,,,,,2.0264,,,,,,,,648208.0,,
300740.SZ,20260821,,6.9168,,,,65.6532,4.1798,,,,,,,,926874.0,,
000016.SZ,20260821,,0.894,,,,,,,,,,,,,561051.0,,
001299.SZ,20260821,,1.4522,,,,30.702,2.5631,,,,,,,,318300.0,,
603005.SH,20260821,,3.6377,,,,57.7732,4.5831,,,,,,,,2135860.0,,
688682.SH,20260821,,0.9674,,,,,5.2308,,,,,,,,323237.0,,
300822.SZ,20260821,,0.8097,,,,150.399,2.8352,,,,,,,,355774.0,,
300484.SZ,20260821,,1.6726,,,,95.5104,3.9284,,,,,,,,264134.0,,
600025.SH,20260821,,0.107,,,,20.902,2.5156,,,,,,,,17848600.0,,
300505.SZ,20260821,,7.8401,,,,12.5233,1.7934,,,,,,,,529670.0,,
300303.SZ,20260821,,2.9047,,,,35.2446,2.6173,,,,,,,,1005930.0,,
000036.SZ,20260821,,1.6947,,,,62.7028,1.1027,,,,,,,,567143.0,,
002800.SZ,20260821,,2.4468,,,,,4.3606,,,,,,,,215438.0,,
603183.SH,20260821,,2.6609,,,,207.448,1.4844,,,,,,,,237142.0,,
600552.SH,20260821,,5.0958,,,,128.662,3.9567,,,,,,,,1707850.0,,
002729.SZ,20260821,,1.5532,,,,61.7428,4.4142,,,,,,,,250120.0,,
600395.SH,20260821,,2.6822,,,,24.4486,1.0941,,,,,,,,1172060.0,,
300752.SZ,20260821,,4.5967,,,,78.8577,2.8771,,,,,,,,361614.0,,
600710.SH,20260821,,0.5262,,,,9.6764,1.5501,,,,,,,,1327660.0,,
300592.SZ,20260821,,2.6991,,,,24.9981,2.4353,,,,,,,,583323.0,,
000629.SZ,20260821,,0.8961,,,,370.148,2.2918,,,,,,,,2833740.0,,
603843.SH,20260821,,1.8155,,,,,194.728,,,,,,,,501630.0,,
301061.SZ,20260821,,1.7949,,,,11.8961,2.2638,,,,,,,,987144.0,,
600699.SH,20260821,,0.9465,,,,21.5505,1.7184,,,,,,,,3011600.0,,
600596.SH,20260821,,1.5931,,,,68.2493,1.1417,,,,,,,,1433270.0,,
002455.SZ,20260821,,3.0663,,,,,1.8594,,,,,,,,520173.0,,
605003.SH,20260821,,1.1089,,,,36.0633,1.716,,,,,,,,245850.0,,
603376.SH,20260821,,15.0739,,,,53.6117,6.1384,,,,,,,,1076000.0,,
688799.SH,20260821,,2.5636,,,,26.048,2.8101,,,,,,,,583326.0,,
920694.BJ,20260821,,4.469,,,,16.5597,2.2328,,,,,,,,209100.0,,
000985.SZ,20260821,,1.719,,,,357.67,3.4812,,,,,,,,212998.0,,
300597.SZ,20260821,,1.3315,,,,,2.2667,,,,,,,,212332.0,,
688573.SH,20260821,,2.6628,,,,,4.6073,,,,,,,,159340.0,,
002691.SZ,20260821,,0.5732,,,,,1.8467,,,,,,,,144840.0,,
600757.SH,20260821,,0.5928,,,,9.6482,0.8845,,,,,,,,915092.0,,
600356.SH,20260821,,1.0944,,,,12.8851,0.9472,,,,,,,,291969.0,,
002323.SZ,20260821,,1.9302,,,,,14.3874,,,,,,,,275711.0,,
002609.SZ,20260821,,1.1419,,,,77.2027,2.0538,,,,,,,,492874.0,,
601579.SH,20260821,,3.3728,,,,33.0322,2.3021,,,,,,,,894679.0,,
688429.SH,20260821,,0.2698,,,,,3.2946,,,,,,,,424801.0,,
000156.SZ,20260821,,0.3415,,,,27.4746,0.8117,,,,,,,,1232200.0,,
002402.SZ,20260821,,2.4828,,,,31.8467,2.4169,,,,,,,,1749820.0,,
300620.SZ,20260821,,4.056,,,,278.213,33.67,,,,,,,,7600750.0,,
000526.SZ,20260821,,7.951,,,,16.312,3.5065,,,,,,,,433826.0,,
000859.SZ,20260821,,2.7881,,,,,2.9576,,,,,,,,794731.0,,
002963.SZ,20260821,,2.2357,,,,,2.2588,,,,,,,,262528.0,,
603217.SH,20260821,,2.4982,,,,26.6084,1.5925,,,,,,,,551432.0,,
300786.SZ,20260821,,3.7637,,,,,2.562,,,,,,,,286513.0,,
603205.SH,20260821,,1.8326,,,,30.4748,2.2037,,,,,,,,335556.0,,
000550.SZ,20260821,,0.514,,,,11.3947,1.1565,,,,,,,,1392360.0,,
600674.SH,20260821,,0.3254,,,,16.0807,1.6637,,,,,,,,7433780.0,,
301522.SZ,20260821,,1.1301,,,,82.8309,4.3391,,,,,,,,846369.0,,
603489.SH,20260821,,0.6716,,,,51.6161,2.3426,,,,,,,,648953.0,,
002019.SZ,20260821,,3.4167,,,,34.6429,1.3852,,,,,,,,1232200.0,,
600969.SH,20260821,,2.0205,,,,31.3729,0.8833,,,,,,,,321204.0,,
601598.SH,20260821,,0.2889,,,,11.5254,1.1204,,,,,,,,4677290.0,,
605162.SH,20260821,,8.9565,,,,34.0412,3.1584,,,,,,,,407861.0,,
300350.SZ,20260821,,1.8046,,,,,2.7809,,,,,,,,243913.0,,
002725.SZ,20260821,,1.353,,,,1305.94,2.961,,,,,,,,289024.0,,
000626.SZ,20260821,,3.3286,,,,78.3611,1.7496,,,,,,,,410874.0,,
600750.SH,20260821,,1.055,,,,17.1993,3.6255,,,,,,,,1564820.0,,
301112.SZ,20260821,,0.7036,,,,,3.0277,,,,,,,,337195.0,,
301717.SZ,20260821,,24.9137,,,,188.7,42.7667,,,,,,,,3922500.0,,
300987.SZ,20260821,,1.2894,,,,113.749,2.8454,,,,,,,,229539.0,,
003002.SZ,20260821,,1.5248,,,,19.9872,2.1198,,,,,,,,329000.0,,
600620.SH,20260821,,0.7496,,,,491.67,2.1042,,,,,,,,300078.0,,
688368.SH,20260821,,3.1183,,,,327.057,7.971,,,,,,,,2585090.0,,
605369.SH,20260821,,0.5788,,,,67.6807,2.21,,,,,,,,379600.0,,
301002.SZ,20260821,,8.6391,,,,109.001,3.3706,,,,,,,,377283.0,,
301600.SZ,20260821,,2.4014,,,,56.6267,6.9969,,,,,,,,888450.0,,
601916.SH,20260821,,0.4203,,,,6.1813,0.4369,,,,,,,,8019670.0,,
600774.SH,20260821,,1.5797,,,,,1.459,,,,,,,,215964.0,,
300073.SZ,20260821,,2.2037,,,,28.1572,1.5025,,,,,,,,2248480.0,,
000953.SZ,20260821,,2.3415,,,,374.103,14.8241,,,,,,,,228826.0,,
002658.SZ,20260821,,2.6924,,,,30.9439,1.7851,,,,,,,,479999.0,,
603861.SH,20260821,,0.9978,,,,32.0701,1.6131,,,,,,,,646472.0,,
003043.SZ,20260821,,5.4633,,,,137.158,5.841,,,,,,,,1031540.0,,
000712.SZ,20260821,,1.506,,,,44.4664,2.8664,,,,,,,,768768.0,,
600732.SH,20260821,,0.8103,,,,,5.2726,,,,,,,,2500160.0,,
300911.SZ,20260821,,9.4289,,,,,4.1261,,,,,,,,447175.0,,
002737.SZ,20260821,,1.4212,,,,,1.9286,,,,,,,,761536.0,,
605199.SH,20260821,,0.2098,,,,,6.1208,,,,,,,,234864.0,,
000877.SZ,20260821,,0.1159,,,,,0.3511,,,,,,,,2595330.0,,
301328.SZ,20260821,,1.8056,,,,102.237,4.716,,,,,,,,940140.0,,
300313.SZ,20260821,,21.8993,,,,,83.5374,,,,,,,,306917.0,,
600054.SH,20260821,,1.2668,,,,28.0228,1.6928,,,,,,,,813258.0,,
002067.SZ,20260821,,2.3661,,,,59.0879,0.8845,,,,,,,,591416.0,,
300173.SZ,20260821,,1.0812,,,,,2.9867,,,,,,,,242459.0,,
002523.SZ,20260821,,1.1888,,,,41.2456,1.9143,,,,,,,,473158.0,,
002839.SZ,20260821,,1.0039,,,,5.3104,0.5537,,,,,,,,1058400.0,,
300498.SZ,20260821,,0.5463,,,,41.4214,2.2856,,,,,,,,9042690.0,,
601006.SH,20260821,,0.9747,,,,15.3571,0.5634,,,,,,,,9275970.0,,
688173.SH,20260821,,1.8929,,,,,4.0226,,,,,,,,573461.0,,
603535.SH,20260821,,0.7439,,,,293.702,1.3037,,,,,,,,323411.0,,
600149.SH,20260821,,3.9491,,,,116.96,7.3717,,,,,,,,188179.0,,
000810.SZ,20260821,,0.8122,,,,42.0903,1.6446,,,,,,,,1083480.0,,
601009.SH,20260821,,0.5792,,,,6.3772,0.7539,,,,,,,,14564300.0,,
002064.SZ,20260821,,0.6855,,,,20.3224,2.0176,,,,,,,,5806180.0,,
301516.SZ,20260821,,27.3272,,,,,5.3663,,,,,,,,679860.0,,
301273.SZ,20260821,,4.0351,,,,,4.6039,,,,,,,,402498.0,,
300103.SZ,20260821,,1.8287,,,,,5.5713,,,,,,,,249952.0,,
300529.SZ,20260821,,2.0405,,,,23.9703,3.7688,,,,,,,,1258600.0,,
600182.SH,20260821,,1.7462,,,,20.3049,3.8828,,,,,,,,448460.0,,
002540.SZ,20260821,,0.7432,,,,17.2614,1.1477,,,,,,,,641253.0,,
000157.SZ,20260821,,0.4241,,,,13.8937,1.0321,,,,,,,,6019380.0,,
600448.SH,20260821,,1.4769,,,,,2.0307,,,,,,,,185167.0,,
000957.SZ,20260821,,1.0528,,,,15.9137,1.8865,,,,,,,,608912.0,,
920496.BJ,20260821,,0.8162,,,,103.692,1.8173,,,,,,,,102325.0,,
002362.SZ,20260821,,1.2144,,,,,4.2532,,,,,,,,385994.0,,
300319.SZ,20260821,,12.1824,,,,51.0501,3.2854,,,,,,,,1623400.0,,
002993.SZ,20260821,,1.919,,,,30.7714,2.1847,,,,,,,,1059440.0,,
600051.SH,20260821,,1.5903,,,,25.8725,0.5736,,,,,,,,196165.0,,
002738.SZ,20260821,,4.2162,,,,47.6861,3.1046,,,,,,,,3960560.0,,
300405.SZ,20260821,,2.98,,,,,4.1915,,,,,,,,163230.0,,
603080.SH,20260821,,1.1242,,,,13.0363,1.6888,,,,,,,,274368.0,,
300205.SZ,20260821,,0.3644,,,,,5.4188,,,,,,,,209437.0,,
002574.SZ,20260821,,1.5192,,,,,0.917,,,,,,,,249216.0,,
920832.BJ,20260821,,0.2076,,,,,1.1638,,,,,,,,85339.8,,
301386.SZ,20260821,,1.4117,,,,30.8637,1.8592,,,,,,,,283220.0,,
002824.SZ,20260821,,6.1664,,,,37.3343,3.1746,,,,,,,,745259.0,,
601231.SH,20260821,,0.799,,,,31.9152,2.9026,,,,,,,,6502680.0,,
688160.SH,20260821,,0.9872,,,,121.971,6.9337,,,,,,,,910784.0,,
688167.SH,20260821,,8.6381,,,,,16.0873,,,,,,,,3657820.0,,
000600.SZ,20260821,,1.4185,,,,7.0474,1.1488,,,,,,,,1433570.0,,
002246.SZ,20260821,,2.1082,,,,28.9922,3.3901,,,,,,,,1106310.0,,
603776.SH,20260821,,0.5747,,,,,1.6649,,,,,,,,569944.0,,
300584.SZ,20260821,,6.4488,,,,88.9502,3.6877,,,,,,,,394800.0,,
002266.SZ,20260821,,0.9443,,,,17.3946,1.9932,,,,,,,,2520910.0,,
603628.SH,20260821,,0.875,,,,86.8559,1.9845,,,,,,,,260098.0,,
300791.SZ,20260821,,1.0488,,,,43.2786,1.8293,,,,,,,,509805.0,,
601696.SH,20260821,,0.7235,,,,28.6568,1.6679,,,,,,,,3228040.0,,
002072.SZ,20260821,,1.2634,,,,,11.5195,,,,,,,,266200.0,,
002093.SZ,20260821,,0.5562,,,,100.342,1.7387,,,,,,,,667972.0,,
001237.SZ,20260821,,2.6195,,,,19.6379,5.2105,,,,,,,,773949.0,,
601717.SH,20260821,,1.788,,,,6.4805,1.0598,,,,,,,,2654890.0,,
301130.SZ,20260821,,23.7962,,,,105.324,2.7206,,,,,,,,240040.0,,
300072.SZ,20260821,,1.8369,,,,,1.712,,,,,,,,895243.0,,
300170.SZ,20260821,,2.4505,,,,70.1391,2.8313,,,,,,,,1615770.0,,
600243.SH,20260821,,0.8749,,,,,3.0223,,,,,,,,164569.0,,
605123.SH,20260821,,1.5648,,,,35.4384,1.9883,,,,,,,,926473.0,,
301353.SZ,20260821,,3.2925,,,,34.6824,1.8376,,,,,,,,241713.0,,
600299.SH,20260821,,0.958,,,,26.272,1.3318,,,,,,,,2614730.0,,
601121.SH,20260821,,1.4664,,,,46.6292,1.6755,,,,,,,,733261.0,,
301033.SZ,20260821,,5.5995,,,,31.1383,4.6971,,,,,,,,381164.0,,
688717.SH,20260821,,7.9426,,,,67.5624,2.1585,,,,,,,,956800.0,,
688507.SH,20260821,,7.4469,,,,1070.33,5.1043,,,,,,,,1412020.0,,
600682.SH,20260821,,1.9992,,,,,0.4634,,,,,,,,761345.0,,
300892.SZ,20260821,,3.4439,,,,,2.1826,,,,,,,,226400.0,,
920195.BJ,20260821,,0.6973,,,,11.6094,1.4125,,,,,,,,118714.0,,
601688.SH,20260821,,0.597,,,,9.5715,0.9427,,,,,,,,16790000.0,,
000737.SZ,20260821,,5.3553,,,,27.0645,3.7656,,,,,,,,2799930.0,,
600361.SH,20260821,,0.9621,,,,16.1691,1.1981,,,,,,,,1366150.0,,
002870.SZ,20260821,,3.3803,,,,119.1,4.4998,,,,,,,,736296.0,,
601816.SH,20260821,,0.1972,,,,17.847,1.1324,,,,,,,,23826800.0,,
300056.SZ,20260821,,2.3733,,,,,45.7213,,,,,,,,327667.0,,
002404.SZ,20260821,,1.8663,,,,18.2955,1.6382,,,,,,,,339391.0,,
600963.SH,20260821,,1.4876,,,,,0.7719,,,,,,,,587028.0,,
000701.SZ,20260821,,2.0387,,,,6.8873,,,,,,,,,340171.0,,
002675.SZ,20260821,,1.2585,,,,52.6236,2.5086,,,,,,,,1075270.0,,
600072.SH,20260821,,0.7657,,,,,1.7066,,,,,,,,1298060.0,,
300382.SZ,20260821,,6.1947,,,,,5.0066,,,,,,,,1139890.0,,
002271.SZ,20260821,,2.9361,,,,164.04,1.2956,,,,,,,,2661010.0,,
002632.SZ,20260821,,3.4103,,,,26.9392,2.4288,,,,,,,,526537.0,,
002693.SZ,20260821,,11.0121,,,,119.951,9.3825,,,,,,,,390223.0,,
300240.SZ,20260821,,2.6375,,,,505.989,1.5638,,,,,,,,225910.0,,
688222.SH,20260821,,6.1081,,,,118.061,9.4199,,,,,,,,1448860.0,,
920011.BJ,20260821,,6.3704,,,,17.0014,1.811,,,,,,,,153760.0,,
688702.SH,20260821,,2.6389,,,,,69.0362,,,,,,,,15407800.0,,
920717.BJ,20260821,,3.7709,,,,,1.5897,,,,,,,,87386.2,,
603150.SH,20260821,,1.7229,,,,45.8051,2.6477,,,,,,,,460839.0,,
300174.SZ,20260821,,3.406,,,,32.3874,2.0681,,,,,,,,722229.0,,
603869.SH,20260821,,0.0991,,,,125.302,1.1616,,,,,,,,435362.0,,
000063.SZ,20260821,,1.2109,,,,36.1089,2.1071,,,,,,,,16158800.0,,
002483.SZ,20260821,,1.2164,,,,13.3925,1.0431,,,,,,,,480466.0,,
688458.SH,20260821,,1.373,,,,,2.0521,,,,,,,,373648.0,,
000980.SZ,20260821,,1.7167,,,,,255.984,,,,,,,,837063.0,,
300747.SZ,20260821,,3.7254,,,,110.165,5.9768,,,,,,,,2057140.0,,
600675.SH,20260821,,0.901,,,,,0.931,,,,,,,,1336200.0,,
000990.SZ,20260821,,2.8173,,,,56.411,0.6033,,,,,,,,1087150.0,,
920779.BJ,20260821,,2.6197,,,,31.7755,3.8398,,,,,,,,175815.0,,
600029.SH,20260821,,0.2892,,,,29.3107,2.4399,,,,,,,,9042360.0,,
002542.SZ,20260821,,2.9885,,,,,,,,,,,,,343162.0,,
688047.SH,20260821,,0.5998,,,,,17.9519,,,,,,,,4305940.0,,
920165.BJ,20260821,,10.4782,,,,24.0979,3.7477,,,,,,,,180305.0,,
301428.SZ,20260821,,2.4953,,,,,2.3038,,,,,,,,277648.0,,
002809.SZ,20260821,,3.2483,,,,,1.2271,,,,,,,,202780.0,,
300847.SZ,20260821,,0.7765,,,,35.8139,2.6894,,,,,,,,408494.0,,
000573.SZ,20260821,,1.6578,,,,,1.4287,,,,,,,,234249.0,,
300323.SZ,20260821,,9.5142,,,,,3.1466,,,,,,,,2087180.0,,
301370.SZ,20260821,,0.8524,,,,52.9785,1.6547,,,,,,,,415069.0,,
301397.SZ,20260821,,3.5462,,,,39.8203,2.5382,,,,,,,,513707.0,,
000338.SZ,20260821,,1.0609,,,,22.2857,2.6419,,,,,,,,25194900.0,,
300032.SZ,20260821,,2.2541,,,,,4.7148,,,,,,,,305204.0,,
603737.SH,20260821,,1.755,,,,28.8385,7.4632,,,,,,,,2239130.0,,
600793.SH,20260821,,2.8841,,,,,11.095,,,,,,,,251381.0,,
920015.BJ,20260821,,2.8694,,,,36.572,3.142,,,,,,,,529388.0,,
002715.SZ,20260821,,1.508,,,,,4.1961,,,,,,,,195270.0,,
603768.SH,20260821,,0.6927,,,,,1.216,,,,,,,,266273.0,,
688408.SH,20260821,,1.0665,,,,,1.3764,,,,,,,,558180.0,,
600370.SH,20260821,,0.4474,,,,,1.2272,,,,,,,,603399.0,,
300440.SZ,20260821,,1.7711,,,,98.4831,4.9017,,,,,,,,819756.0,,
002911.SZ,20260821,,0.3548,,,,13.4724,3.2895,,,,,,,,1390350.0,,
600999.SH,20260821,,0.3759,,,,11.6411,1.2466,,,,,,,,15497200.0,,
002111.SZ,20260821,,1.3438,,,,30.75,1.6364,,,,,,,,505411.0,,
300085.SZ,20260821,,4.6127,,,,,49.3327,,,,,,,,2070460.0,,
600635.SH,20260821,,0.9232,,,,48.7588,1.4915,,,,,,,,1325640.0,,
603031.SH,20260821,,2.6418,,,,46.3672,5.0863,,,,,,,,1464730.0,,
002114.SZ,20260821,,2.1941,,,,,3.4056,,,,,,,,236725.0,,
002083.SZ,20260821,,4.7159,,,,17.0187,2.0613,,,,,,,,996811.0,,
002006.SZ,20260821,,0.8855,,,,34.8548,2.7633,,,,,,,,683384.0,,
002029.SZ,20260821,,2.4224,,,,26.4797,0.9082,,,,,,,,616896.0,,
600293.SH,20260821,,1.6764,,,,,1.9323,,,,,,,,329481.0,,
601200.SH,20260821,,0.466,,,,15.3981,0.7859,,,,,,,,928899.0,,
300217.SZ,20260821,,1.0439,,,,45.444,1.493,,,,,,,,634052.0,,
300586.SZ,20260821,,2.5385,,,,,3.5046,,,,,,,,646496.0,,
002381.SZ,20260821,,1.3131,,,,39.9416,1.0484,,,,,,,,226368.0,,
300993.SZ,20260821,,0.6882,,,,20.9128,1.9185,,,,,,,,306282.0,,
603589.SH,20260821,,0.6785,,,,28.9323,1.0557,,,,,,,,1132840.0,,
002890.SZ,20260821,,0.9263,,,,226.973,4.0824,,,,,,,,246829.0,,
002121.SZ,20260821,,1.2299,,,,,23.2905,,,,,,,,826240.0,,
600537.SH,20260821,,1.2729,,,,,,,,,,,,,252131.0,,
001308.SZ,20260821,,0.229,,,,28.2508,1.5621,,,,,,,,1260320.0,,
002635.SZ,20260821,,4.1759,,,,89.5697,1.7627,,,,,,,,1029110.0,,
002549.SZ,20260821,,2.234,,,,275.682,4.6492,,,,,,,,954713.0,,
000818.SZ,20260821,,2.109,,,,,3.6212,,,,,,,,793320.0,,
688004.SH,20260821,,2.2051,,,,,3.0571,,,,,,,,175473.0,,
300461.SZ,20260821,,2.9234,,,,1088.34,9.099,,,,,,,,493569.0,,
605179.SH,20260821,,4.7668,,,,235.586,10.9914,,,,,,,,1265160.0,,
600559.SH,20260821,,0.9551,,,,23.5496,1.9043,,,,,,,,1042810.0,,
603025.SH,20260821,,0.7647,,,,18.2824,5.5838,,,,,,,,1542100.0,,
002188.SZ,20260821,,4.629,,,,62.005,4.9615,,,,,,,,178926.0,,
603124.SH,20260821,,5.3277,,,,74.0193,10.009,,,,,,,,1929960.0,,
688511.SH,20260821,,1.2942,,,,124.848,3.5989,,,,,,,,295428.0,,
688190.SH,20260821,,0.5635,,,,31.6049,3.2594,,,,,,,,876720.0,,
300500.SZ,20260821,,1.9062,,,,,1.6818,,,,,,,,167538.0,,
688515.SH,20260821,,7.8586,,,,,8.5723,,,,,,,,1257440.0,,
603569.SH,20260821,,0.5363,,,,,1.3331,,,,,,,,353655.0,,
920476.BJ,20260821,,2.2028,,,,46.1549,4.9139,,,,,,,,221546.0,,
688226.SH,20260821,,1.4605,,,,237.903,3.3481,,,,,,,,573355.0,,
601208.SH,20260821,,4.6096,,,,113.55,7.4289,,,,,,,,4619570.0,,
300035.SZ,20260821,,5.2093,,,,23.7249,1.8847,,,,,,,,949316.0,,
301317.SZ,20260821,,3.5573,,,,,5.5309,,,,,,,,678432.0,,
603986.SH,20260821,,5.0975,,,,36.2018,7.6993,,,,,,,,28705600.0,,
600476.SH,20260821,,0.9843,,,,,,,,,,,,,156077.0,,
301183.SZ,20260821,,19.7303,,,,141.831,18.7608,,,,,,,,1941130.0,,
601061.SH,20260821,,0.5127,,,,15.0231,2.3741,,,,,,,,5880000.0,,
601788.SH,20260821,,0.229,,,,15.3644,1.0674,,,,,,,,6561150.0,,
688373.SH,20260821,,2.8522,,,,,19.6215,,,,,,,,356988.0,,
300607.SZ,20260821,,12.0339,,,,113.534,5.7283,,,,,,,,1696590.0,,
002212.SZ,20260821,,2.7227,,,,175.503,0.771,,,,,,,,734800.0,,
301696.SZ,20260821,,4.8478,,,,75.3569,18.6954,,,,,,,,3965700.0,,
300938.SZ,20260821,,3.0946,,,,46.7788,4.9745,,,,,,,,954414.0,,
300189.SZ,20260821,,30.1327,,,,50.5215,8.3165,,,,,,,,572416.0,,
600159.SH,20260821,,1.9578,,,,,1.4463,,,,,,,,210821.0,,
002510.SZ,20260821,,1.1428,,,,93.6543,2.2103,,,,,,,,560357.0,,
301367.SZ,20260821,,1.3012,,,,28.4408,1.7759,,,,,,,,546490.0,,
300265.SZ,20260821,,2.7672,,,,208.914,2.7154,,,,,,,,639211.0,,
300318.SZ,20260821,,3.2927,,,,,3.1806,,,,,,,,406816.0,,
301630.SZ,20260821,,5.6612,,,,66.87,5.3182,,,,,,,,930832.0,,
601609.SH,20260821,,6.1381,,,,27.8453,2.2423,,,,,,,,2286990.0,,
002644.SZ,20260821,,2.5892,,,,71.1644,2.2488,,,,,,,,418739.0,,
603970.SH,20260821,,1.2584,,,,16.4513,1.7548,,,,,,,,285466.0,,
300451.SZ,20260821,,1.33,,,,,1.3589,,,,,,,,534448.0,,
002888.SZ,20260821,,1.8224,,,,142.235,6.8962,,,,,,,,262510.0,,
688796.SH,20260821,,7.5341,,,,206.526,26.2917,,,,,,,,5999160.0,,
300649.SZ,20260821,,5.3941,,,,,7.6024,,,,,,,,335808.0,,
000547.SZ,20260821,,2.8687,,,,,6.0637,,,,,,,,2218670.0,,
301160.SZ,20260821,,3.7365,,,,37.1772,4.0642,,,,,,,,757228.0,,
001282.SZ,20260821,,0.9842,,,,32.9885,2.1385,,,,,,,,353497.0,,
000876.SZ,20260821,,0.6978,,,,,1.6494,,,,,,,,3106920.0,,
000862.SZ,20260821,,1.6738,,,,172.698,1.0878,,,,,,,,472747.0,,
300539.SZ,20260821,,2.0624,,,,94.5083,4.0842,,,,,,,,487407.0,,
300975.SZ,20260821,,6.5374,,,,33.6375,6.6239,,,,,,,,1758730.0,,
300019.SZ,20260821,,0.922,,,,22.5388,2.075,,,,,,,,571592.0,,
002783.SZ,20260821,,1.5192,,,,33.641,1.4668,,,,,,,,390466.0,,
600730.SH,20260821,,1.7919,,,,,3.6131,,,,,,,,606016.0,,
002205.SZ,20260821,,1.0132,,,,,7.7215,,,,,,,,198109.0,,
300550.SZ,20260821,,1.3878,,,,159.542,2.809,,,,,,,,312447.0,,
688365.SH,20260821,,1.7258,,,,,6.3874,,,,,,,,610022.0,,
688590.SH,20260821,,2.7074,,,,,2.7277,,,,,,,,407038.0,,
002453.SZ,20260821,,1.4987,,,,,4.7797,,,,,,,,356629.0,,
301667.SZ,20260821,,7.216,,,,79.2873,5.4731,,,,,,,,705752.0,,
920402.BJ,20260821,,2.8855,,,,,2.5203,,,,,,,,370569.0,,
002864.SZ,20260821,,5.0285,,,,34.037,1.729,,,,,,,,295411.0,,
300989.SZ,20260821,,5.8803,,,,,3.1367,,,,,,,,303204.0,,
600550.SH,20260821,,0.8482,,,,79.5599,20.7109,,,,,,,,2031210.0,,
603332.SH,20260821,,2.4264,,,,25.6314,1.9233,,,,,,,,251179.0,,
301296.SZ,20260821,,0.5771,,,,74.3011,1.0226,,,,,,,,271916.0,,
600186.SH,20260821,,15.5476,,,,59.2488,11.0342,,,,,,,,2083190.0,,
603360.SH,20260821,,1.4668,,,,51.7933,6.3357,,,,,,,,893373.0,,
601512.SH,20260821,,0.219,,,,12.5339,0.7444,,,,,,,,1148150.0,,
300018.SZ,20260821,,6.5018,,,,41.1497,3.9735,,,,,,,,569348.0,,
000937.SZ,20260821,,0.566,,,,45.0945,0.9462,,,,,,,,1826840.0,,
600739.SH,20260821,,1.5605,,,,17.2614,0.5505,,,,,,,,1622790.0,,
600114.SH,20260821,,2.55,,,,34.6952,5.3535,,,,,,,,1908040.0,,
603929.SH,20260821,,2.1099,,,,29.1639,14.922,,,,,,,,3562900.0,,
688179.SH,20260821,,6.7688,,,,53.4421,5.6065,,,,,,,,756231.0,,
002848.SZ,20260821,,3.2089,,,,,31.6785,,,,,,,,222477.0,,
605318.SH,20260821,,0.6801,,,,30936.2,14.9748,,,,,,,,957552.0,,
603606.SH,20260821,,3.0246,,,,20.6379,3.3269,,,,,,,,2813420.0,,
002676.SZ,20260821,,2.4278,,,,44.0705,2.713,,,,,,,,365040.0,,
300800.SZ,20260821,,1.2453,,,,48.8323,1.1581,,,,,,,,236759.0,,
688310.SH,20260821,,1.1882,,,,45.4974,3.1551,,,,,,,,257990.0,,
920790.BJ,20260821,,3.386,,,,,5.2836,,,,,,,,163857.0,,
600866.SH,20260821,,2.5984,,,,33.1006,0.9229,,,,,,,,706126.0,,
001203.SZ,20260821,,4.1355,,,,66.6318,6.0401,,,,,,,,4347820.0,,
002855.SZ,20260821,,0.9609,,,,,12.0752,,,,,,,,250116.0,,
603039.SH,20260821,,6.3881,,,,39.0753,4.9231,,,,,,,,1319770.0,,
601068.SH,20260821,,0.352,,,,50.7123,4.28,,,,,,,,1329180.0,,
920471.BJ,20260821,,4.9661,,,,,1.8947,,,,,,,,97011.2,,
600735.SH,20260821,,0.6237,,,,,2.4317,,,,,,,,259411.0,,
002218.SZ,20260821,,1.8054,,,,,1.3832,,,,,,,,543604.0,,
002536.SZ,20260821,,6.5932,,,,148.18,8.108,,,,,,,,2699770.0,,
300940.SZ,20260821,,1.6503,,,,47.0313,2.6058,,,,,,,,305913.0,,
300246.SZ,20260821,,9.688,,,,,3.7048,,,,,,,,398762.0,,
600436.SH,20260821,,0.9955,,,,39.3578,4.9217,,,,,,,,7487170.0,,
603040.SH,20260821,,0.5063,,,,40.0845,6.8604,,,,,,,,1066910.0,,
920001.BJ,20260821,,2.785,,,,,2.5676,,,,,,,,182071.0,,
603009.SH,20260821,,2.1474,,,,125.624,7.5564,,,,,,,,1553560.0,,
002782.SZ,20260821,,1.5236,,,,29.817,3.3943,,,,,,,,760579.0,,
603726.SH,20260821,,1.411,,,,18.9753,2.884,,,,,,,,431425.0,,
300931.SZ,20260821,,3.5604,,,,,6.3146,,,,,,,,372781.0,,
003009.SZ,20260821,,1.7606,,,,,3.829,,,,,,,,776148.0,,
000796.SZ,20260821,,2.2639,,,,174.692,6.7978,,,,,,,,617459.0,,
688123.SH,20260821,,5.6677,,,,32.2774,7.0669,,,,,,,,2207000.0,,
600415.SH,20260821,,1.32,,,,15.5864,2.8672,,,,,,,,6843480.0,,
600469.SH,20260821,,0.7018,,,,18.0564,0.9983,,,,,,,,466378.0,,
300179.SZ,20260821,,7.199,,,,170.419,13.6685,,,,,,,,1737430.0,,
300408.SZ,20260821,,2.2625,,,,79.0599,10.1544,,,,,,,,22742600.0,,
300606.SZ,20260821,,5.2519,,,,250.046,7.2967,,,,,,,,500819.0,,
603722.SH,20260821,,0.9834,,,,,3.2741,,,,,,,,290424.0,,
600745.SH,20260821,,1.6148,,,,,0.9246,,,,,,,,2123540.0,,
002695.SZ,20260821,,1.743,,,,68.6128,2.2315,,,,,,,,623938.0,,
002967.SZ,20260821,,0.598,,,,24.5435,2.2478,,,,,,,,1102070.0,,
688015.SH,20260821,,0.4947,,,,19.1413,1.1053,,,,,,,,296795.0,,
603057.SH,20260821,,0.4218,,,,29.8018,4.2513,,,,,,,,906611.0,,
920262.BJ,20260821,,1.3825,,,,23.8517,2.9378,,,,,,,,111467.0,,
300384.SZ,20260821,,2.0493,,,,21.5447,1.4325,,,,,,,,406734.0,,
300291.SZ,20260821,,4.4246,,,,,2.2587,,,,,,,,460584.0,,
920719.BJ,20260821,,2.6973,,,,,10.0266,,,,,,,,66561.8,,
600287.SH,20260821,,0.8022,,,,91.7974,0.9177,,,,,,,,209662.0,,
002388.SZ,20260821,,7.3209,,,,,3.2002,,,,,,,,306960.0,,
300087.SZ,20260821,,1.8814,,,,,3.0533,,,,,,,,518190.0,,
001287.SZ,20260821,,2.9494,,,,28.3187,3.0018,,,,,,,,1745490.0,,
301535.SZ,20260821,,2.7284,,,,70.3025,5.3695,,,,,,,,625182.0,,
603922.SH,20260821,,1.1032,,,,,2.654,,,,,,,,246938.0,,
002463.SZ,20260821,,2.5966,,,,54.2204,13.8924,,,,,,,,23325200.0,,
300420.SZ,20260821,,10.4144,,,,201.851,3.7269,,,,,,,,886409.0,,
600955.SH,20260821,,0.7634,,,,,0.9152,,,,,,,,691350.0,,
000010.SZ,20260821,,1.7583,,,,,5.8592,,,,,,,,172448.0,,
603931.SH,20260821,,1.9024,,,,59.1985,3.56,,,,,,,,710428.0,,
688307.SH,20260821,,4.1162,,,,91.454,6.7387,,,,,,,,618684.0,,
688781.SH,20260821,,5.4998,,,,,9.3003,,,,,,,,3772000.0,,
603809.SH,20260821,,0.4947,,,,29.1297,2.2018,,,,,,,,819057.0,,
603609.SH,20260821,,0.3443,,,,,0.8865,,,,,,,,565914.0,,
605122.SH,20260821,,1.6628,,,,,1.1491,,,,,,,,199758.0,,
603120.SH,20260821,,3.8173,,,,51.7445,3.659,,,,,,,,435909.0,,
600847.SH,20260821,,1.2144,,,,,4.1073,,,,,,,,196821.0,,
605011.SH,20260821,,0.7354,,,,35.2025,2.7083,,,,,,,,669367.0,,
600714.SH,20260821,,9.6504,,,,317.176,5.9821,,,,,,,,450420.0,,
603176.SH,20260821,,0.7443,,,,111.286,2.1832,,,,,,,,233342.0,,
600058.SH,20260821,,0.8498,,,,,2.2528,,,,,,,,1098710.0,,
688729.SH,20260821,,1.0848,,,,117.391,7.9703,,,,,,,,7190880.0,,
605555.SH,20260821,,0.5191,,,,61.1401,1.9251,,,,,,,,576526.0,,
600601.SH,20260821,,3.4562,,,,60.9832,10.146,,,,,,,,5325080.0,,
301043.SZ,20260821,,1.5464,,,,42.6697,3.4606,,,,,,,,299064.0,,
301292.SZ,20260821,,11.2672,,,,464.976,5.1949,,,,,,,,1485600.0,,
301491.SZ,20260821,,1.4266,,,,23.5207,2.3236,,,,,,,,505809.0,,
002698.SZ,20260821,,2.9308,,,,26.4312,3.0784,,,,,,,,1300700.0,,
601211.SH,20260821,,0.5291,,,,9.4508,0.923,,,,,,,,30555900.0,,
300588.SZ,20260821,,5.0843,,,,,16.7792,,,,,,,,429852.0,,
688323.SH,20260821,,9.095,,,,,8.2166,,,,,,,,587969.0,,
002200.SZ,20260821,,1.859,,,,33.9478,2.2565,,,,,,,,302254.0,,
300223.SZ,20260821,,5.8122,,,,107.803,5.2674,,,,,,,,6697780.0,,
600655.SH,20260821,,0.437,,,,,0.5859,,,,,,,,1751040.0,,
002054.SZ,20260821,,2.3273,,,,26.3068,1.3429,,,,,,,,351462.0,,
688432.SH,20260821,,3.8797,,,,233.727,12.1098,,,,,,,,5526330.0,,
600722.SH,20260821,,21.8791,,,,202.388,7.6317,,,,,,,,962652.0,,
603065.SH,20260821,,8.2779,,,,,3.6351,,,,,,,,726071.0,,
603508.SH,20260821,,0.8021,,,,14.1744,1.9612,,,,,,,,808302.0,,
000430.SZ,20260821,,1.618,,,,,2.9406,,,,,,,,535169.0,,
000725.SZ,20260821,,3.7129,,,,37.3544,1.6331,,,,,,,,22226600.0,,
002345.SZ,20260821,,3.1182,,,,15.4957,2.202,,,,,,,,885847.0,,
603321.SH,20260821,,0.7899,,,,63.818,1.5235,,,,,,,,220498.0,,
300798.SZ,20260821,,2.3211,,,,,2.1373,,,,,,,,351618.0,,
300980.SZ,20260821,,4.9039,,,,52.1488,2.192,,,,,,,,312027.0,,
300102.SZ,20260821,,2.8288,,,,143.246,3.836,,,,,,,,1668570.0,,
002300.SZ,20260821,,1.6551,,,,61.9891,2.55,,,,,,,,485408.0,,
002035.SZ,20260821,,2.7544,,,,13.4397,1.0328,,,,,,,,397550.0,,
002131.SZ,20260821,,4.3923,,,,,2.3987,,,,,,,,3094700.0,,
002049.SZ,20260821,,1.4521,,,,34.2399,3.7314,,,,,,,,5282860.0,,
001207.SZ,20260821,,1.5241,,,,17.1597,2.0974,,,,,,,,506543.0,,
600858.SH,20260821,,1.3211,,,,43.6176,0.9166,,,,,,,,252752.0,,
603088.SH,20260821,,4.2048,,,,52.6137,4.2014,,,,,,,,482795.0,,
301391.SZ,20260821,,0.9288,,,,187.952,2.1562,,,,,,,,451130.0,,
002586.SZ,20260821,,1.1959,,,,20.049,1.6633,,,,,,,,533208.0,,
605255.SH,20260821,,0.4978,,,,603.219,11.1626,,,,,,,,907319.0,,
603195.SH,20260821,,0.1577,,,,17.366,4.049,,,,,,,,7213780.0,,
002020.SZ,20260821,,2.9579,,,,14.9342,1.8623,,,,,,,,1134840.0,,
301117.SZ,20260821,,4.1774,,,,,2.5861,,,,,,,,320442.0,,
002451.SZ,20260821,,1.1848,,,,237.14,4.0998,,,,,,,,316401.0,,
688330.SH,20260821,,0.4317,,,,7.3407,1.0547,,,,,,,,463120.0,,
605069.SH,20260821,,1.2166,,,,,3.2251,,,,,,,,221648.0,,
600809.SH,20260821,,0.3705,,,,12.9481,3.1581,,,,,,,,14218700.0,,
600650.SH,20260821,,0.4297,,,,39.9987,1.3429,,,,,,,,570365.0,,
688058.SH,20260821,,0.8313,,,,,2.8096,,,,,,,,173135.0,,
920191.BJ,20260821,,0.9085,,,,18.9898,1.4937,,,,,,,,155221.0,,
001238.SZ,20260821,,0.3765,,,,101.882,3.3372,,,,,,,,389266.0,,
601111.SH,20260821,,0.2812,,,,59.7963,2.702,,,,,,,,11885700.0,,
300398.SZ,20260821,,4.1476,,,,50.5976,4.0318,,,,,,,,2033310.0,,
600731.SH,20260821,,1.0834,,,,13.9856,1.0067,,,,,,,,324004.0,,
001323.SZ,20260821,,1.1782,,,,15.8254,1.7387,,,,,,,,800548.0,,
600459.SH,20260821,,4.7345,,,,27.0619,1.9936,,,,,,,,1800510.0,,
300697.SZ,20260821,,8.3845,,,,37.878,5.3509,,,,,,,,701742.0,,
301068.SZ,20260821,,1.1572,,,,,4.7423,,,,,,,,381835.0,,
603656.SH,20260821,,0.7327,,,,98.2239,2.4162,,,,,,,,320703.0,,
300946.SZ,20260821,,2.4177,,,,264.309,5.066,,,,,,,,606402.0,,
002846.SZ,20260821,,1.6528,,,,102.062,3.0246,,,,,,,,433433.0,,
003006.SZ,20260821,,1.7734,,,,26.4315,3.7083,,,,,,,,584321.0,,
002745.SZ,20260821,,4.9889,,,,,1.4215,,,,,,,,1686010.0,,
002427.SZ,20260821,,3.8883,,,,351.312,4.7158,,,,,,,,446401.0,,
301162.SZ,20260821,,1.3643,,,,43.8518,4.18,,,,,,,,677072.0,,
000049.SZ,20260821,,1.7908,,,,22.8186,1.3362,,,,,,,,912747.0,,
920078.BJ,20260821,,15.7544,,,,29.6765,2.4159,,,,,,,,239040.0,,
600854.SH,20260821,,1.1861,,,,18.7383,0.9534,,,,,,,,236354.0,,
600977.SH,20260821,,0.7117,,,,155.687,2.0306,,,,,,,,2231060.0,,
301190.SZ,20260821,,9.0908,,,,45.5237,2.1388,,,,,,,,423692.0,,
002223.SZ,20260821,,1.1812,,,,19.8645,1.8706,,,,,,,,2553310.0,,
688709.SH,20260821,,1.3687,,,,252.386,5.6029,,,,,,,,1630970.0,,
603336.SH,20260821,,2.8581,,,,345.075,3.9186,,,,,,,,563065.0,,
688369.SH,20260821,,2.8406,,,,,2.9656,,,,,,,,226519.0,,
300801.SZ,20260821,,3.0246,,,,37.5519,1.9232,,,,,,,,497365.0,,
688568.SH,20260821,,0.6942,,,,,7.2892,,,,,,,,2650500.0,,
300316.SZ,20260821,,0.943,,,,134.403,3.2341,,,,,,,,5569450.0,,
000888.SZ,20260821,,1.5983,,,,23.3639,1.8893,,,,,,,,514794.0,,
002998.SZ,20260821,,2.1855,,,,29.4007,1.582,,,,,,,,276758.0,,
688376.SH,20260821,,0.8947,,,,81.9336,4.6391,,,,,,,,908352.0,,
300886.SZ,20260821,,4.8552,,,,114.829,3.0744,,,,,,,,184340.0,,
688282.SH,20260821,,0.6542,,,,,3.9415,,,,,,,,496694.0,,
002384.SZ,20260821,,3.7242,,,,180.53,16.2693,,,,,,,,36830000.0,,
600578.SH,20260821,,0.8874,,,,10.4408,1.4682,,,,,,,,3702130.0,,
300959.SZ,20260821,,3.3683,,,,,6.8401,,,,,,,,755940.0,,
603214.SH,20260821,,1.2069,,,,22.961,1.6092,,,,,,,,191324.0,,
002372.SZ,20260821,,0.7411,,,,15.3322,2.7941,,,,,,,,1318210.0,,
000680.SZ,20260821,,1.3093,,,,11.5819,2.2918,,,,,,,,1528650.0,,
300849.SZ,20260821,,2.4374,,,,,5.7528,,,,,,,,310050.0,,
600645.SH,20260821,,4.1949,,,,85.1738,2.5202,,,,,,,,937302.0,,
000892.SZ,20260821,,3.4915,,,,,6.0725,,,,,,,,366887.0,,
000713.SZ,20260821,,2.8198,,,,74.6838,1.5174,,,,,,,,469353.0,,
600059.SH,20260821,,1.2524,,,,31.8801,1.2164,,,,,,,,718295.0,,
301015.SZ,20260821,,2.0863,,,,26.4647,5.4609,,,,,,,,1359260.0,,
603175.SH,20260821,,3.9985,,,,625.877,14.661,,,,,,,,4015430.0,,
601399.SH,20260821,,0.5763,,,,46.6368,1.5031,,,,,,,,2236200.0,,
000935.SZ,20260821,,0.4782,,,,72.1786,2.2168,,,,,,,,1736060.0,,
605088.SH,20260821,,1.3989,,,,14.732,1.4398,,,,,,,,425725.0,,
301603.SZ,20260821,,4.9774,,,,37.8861,5.7936,,,,,,,,1449240.0,,
002811.SZ,20260821,,9.0419,,,,25.2539,2.8722,,,,,,,,416991.0,,
001380.SZ,20260821,,0.5469,,,,18.0541,2.3226,,,,,,,,456660.0,,
002304.SZ,20260821,,0.2473,,,,57.6018,1.1879,,,,,,,,5849530.0,,
603866.SH,20260821,,0.7527,,,,26.2537,1.256,,,,,,,,660684.0,,
300915.SZ,20260821,,1.4406,,,,,1.6588,,,,,,,,254825.0,,
600511.SH,20260821,,0.9389,,,,10.3324,1.0589,,,,,,,,1991890.0,,
600410.SH,20260821,,2.4163,,,,,3.4506,,,,,,,,1486850.0,,
600562.SH,20260821,,0.6864,,,,51.2396,4.8056,,,,,,,,3230070.0,,
002344.SZ,20260821,,0.7316,,,,102.618,0.5839,,,,,,,,493808.0,,
603725.SH,20260821,,4.4533,,,,31.3372,4.2146,,,,,,,,362781.0,,
002425.SZ,20260821,,3.3616,,,,,1.1806,,,,,,,,292740.0,,
688508.SH,20260821,,4.7536,,,,44.6312,3.9073,,,,,,,,1130870.0,,
600381.SH,20260821,,1.5826,,,,,2.9624,,,,,,,,290008.0,,
001390.SZ,20260821,,0.8635,,,,20.1293,2.0763,,,,,,,,348000.0,,
920207.BJ,20260821,,4.4966,,,,82.5101,6.467,,,,,,,,188262.0,,
002925.SZ,20260821,,1.4357,,,,29.0636,3.3394,,,,,,,,1725450.0,,
603307.SH,20260821,,0.805,,,,22.6223,1.7488,,,,,,,,252801.0,,
688488.SH,20260821,,2.863,,,,,7.1202,,,,,,,,693871.0,,
600751.SH,20260821,,0.6726,,,,125.646,1.2119,,,,,,,,916191.0,,
600035.SH,20260821,,0.361,,,,10.7673,0.5944,,,,,,,,540999.0,,
301323.SZ,20260821,,2.6389,,,,52.3585,3.4563,,,,,,,,777853.0,,
600479.SH,20260821,,1.9756,,,,15.5901,1.548,,,,,,,,480397.0,,
603993.SH,20260821,,1.0069,,,,14.3194,4.4425,,,,,,,,39836200.0,,
920510.BJ,20260821,,6.2923,,,,,10.477,,,,,,,,414932.0,,
603797.SH,20260821,,1.9224,,,,21.6924,0.8092,,,,,,,,273887.0,,
601155.SH,20260821,,1.0869,,,,35.9017,0.3986,,,,,,,,2467650.0,,
001288.SZ,20260821,,3.198,,,,28.6639,2.5556,,,,,,,,597033.0,,
603689.SH,20260821,,0.5558,,,,11.7995,1.0575,,,,,,,,399092.0,,
688205.SH,20260821,,7.8607,,,,179.061,10.3434,,,,,,,,2537610.0,,
002799.SZ,20260821,,1.2698,,,,,1.6914,,,,,,,,216347.0,,
605228.SH,20260821,,0.5403,,,,31.3263,2.2081,,,,,,,,505077.0,,
600770.SH,20260821,,1.1387,,,,48.336,1.9368,,,,,,,,659100.0,,
300793.SZ,20260821,,1.0937,,,,,1.4985,,,,,,,,418601.0,,
300921.SZ,20260821,,2.9784,,,,131.707,4.709,,,,,,,,391280.0,,
603103.SH,20260821,,0.5492,,,,,7.2141,,,,,,,,922127.0,,
300365.SZ,20260821,,1.5997,,,,,1.7589,,,,,,,,275334.0,,
605289.SH,20260821,,2.4386,,,,190.448,12.093,,,,,,,,1647280.0,,
603213.SH,20260821,,0.6267,,,,82.6312,3.2394,,,,,,,,621516.0,,
301379.SZ,20260821,,6.009,,,,48.5971,4.1786,,,,,,,,611570.0,,
688308.SH,20260821,,4.2266,,,,51.5147,5.4528,,,,,,,,1544630.0,,
301505.SZ,20260821,,1.4654,,,,88.5629,1.9319,,,,,,,,188417.0,,
688410.SH,20260821,,1.5844,,,,29.8831,2.6611,,,,,,,,488158.0,,
920509.BJ,20260821,,2.066,,,,44.4745,9.0445,,,,,,,,320611.0,,
002256.SZ,20260821,,1.8715,,,,135.009,5.694,,,,,,,,687694.0,,
600926.SH,20260821,,0.4867,,,,6.139,0.8609,,,,,,,,12055100.0,,
600151.SH,20260821,,2.5059,,,,,3.3077,,,,,,,,1457200.0,,
600352.SH,20260821,,1.1978,,,,20.7066,1.2309,,,,,,,,4079680.0,,
002626.SZ,20260821,,1.4799,,,,35.7437,2.3037,,,,,,,,1014320.0,,
601969.SH,20260821,,0.8172,,,,39.8321,2.6862,,,,,,,,1877350.0,,
600763.SH,20260821,,2.5836,,,,25.728,3.8246,,,,,,,,1582060.0,,
002507.SZ,20260821,,0.9013,,,,16.8079,1.4311,,,,,,,,1291240.0,,
002712.SZ,20260821,,1.9155,,,,,1.8452,,,,,,,,255266.0,,
002026.SZ,20260821,,0.9002,,,,17.6536,1.1745,,,,,,,,453748.0,,
000890.SZ,20260821,,3.7984,,,,,156.659,,,,,,,,306238.0,,
300390.SZ,20260821,,8.6684,,,,19.527,3.9632,,,,,,,,5438930.0,,
000948.SZ,20260821,,3.0388,,,,99.1418,1.9849,,,,,,,,542725.0,,
688509.SH,20260821,,0.9522,,,,,2.9264,,,,,,,,322630.0,,
000510.SZ,20260821,,5.8096,,,,,10.4766,,,,,,,,1080470.0,,
002273.SZ,20260821,,2.8877,,,,31.8923,3.7478,,,,,,,,3821460.0,,
600020.SH,20260821,,0.4723,,,,12.8877,0.7059,,,,,,,,840517.0,,
002332.SZ,20260821,,1.6313,,,,20.8961,1.3734,,,,,,,,834889.0,,
300869.SZ,20260821,,1.8438,,,,,2.7317,,,,,,,,462878.0,,
601918.SH,20260821,,1.1225,,,,12.1556,1.498,,,,,,,,2616450.0,,
300163.SZ,20260821,,4.7955,,,,93.045,5.7984,,,,,,,,318528.0,,
688659.SH,20260821,,1.2436,,,,,3.3059,,,,,,,,171040.0,,
688277.SH,20260821,,0.968,,,,,6.3467,,,,,,,,734184.0,,
601019.SH,20260821,,0.3831,,,,12.1776,0.9138,,,,,,,,1435790.0,,
001325.SZ,20260821,,4.7954,,,,18.9855,1.6446,,,,,,,,300194.0,,
300680.SZ,20260821,,2.7472,,,,25.1333,2.9036,,,,,,,,602639.0,,
601168.SH,20260821,,2.2018,,,,15.1778,4.0231,,,,,,,,9019660.0,,
603899.SH,20260821,,0.3178,,,,15.301,2.1116,,,,,,,,2033980.0,,
688518.SH,20260821,,2.4312,,,,40.6622,2.0454,,,,,,,,676165.0,,
688075.SH,20260821,,0.6963,,,,150.022,0.7291,,,,,,,,375530.0,,
300274.SZ,20260821,,1.9043,,,,19.6571,4.8178,,,,,,,,23443900.0,,
301608.SZ,20260821,,1.7655,,,,24.8427,2.7869,,,,,,,,619882.0,,
601318.SH,20260821,,1.0469,,,,6.0637,0.9397,,,,,,,,96604300.0,,
603191.SH,20260821,,2.3339,,,,72.5059,1.9418,,,,,,,,486038.0,,
300871.SZ,20260821,,3.1285,,,,13.7816,2.0357,,,,,,,,470965.0,,
920427.BJ,20260821,,1.2887,,,,,2.7325,,,,,,,,85878.1,,
001298.SZ,20260821,,1.0664,,,,64.3073,4.4903,,,,,,,,756467.0,,
300960.SZ,20260821,,1.0688,,,,54.6169,3.7421,,,,,,,,237603.0,,
300787.SZ,20260821,,2.4496,,,,48.1262,2.0431,,,,,,,,314687.0,,
601101.SH,20260821,,3.2234,,,,22.646,1.473,,,,,,,,1831680.0,,
002858.SZ,20260821,,1.5457,,,,,4.1522,,,,,,,,216547.0,,
300092.SZ,20260821,,1.2809,,,,77.3475,1.9248,,,,,,,,319395.0,,
603878.SH,20260821,,1.4864,,,,89.0983,1.092,,,,,,,,282820.0,,
603067.SH,20260821,,2.0345,,,,38.934,6.7039,,,,,,,,2582390.0,,
002518.SZ,20260821,,1.8004,,,,30.4391,3.9059,,,,,,,,1943470.0,,
002689.SZ,20260821,,0.6218,,,,28.8064,2.3943,,,,,,,,298387.0,,
600129.SH,20260821,,7.8578,,,,74.4301,2.3288,,,,,,,,830987.0,,
603300.SH,20260821,,1.4974,,,,22.496,1.3972,,,,,,,,953613.0,,
920206.BJ,20260821,,10.7369,,,,20.8949,3.4526,,,,,,,,304787.0,,
000652.SZ,20260821,,0.616,,,,,0.9222,,,,,,,,500552.0,,
603197.SH,20260821,,0.9594,,,,34.7429,2.0451,,,,,,,,656631.0,,
002531.SZ,20260821,,1.3545,,,,,1.2747,,,,,,,,1105080.0,,
002398.SZ,20260821,,1.4934,,,,62.1878,0.7761,,,,,,,,281506.0,,
300930.SZ,20260821,,2.226,,,,41.5703,2.6776,,,,,,,,253300.0,,
603800.SH,20260821,,1.7933,,,,587.584,17.6447,,,,,,,,1395680.0,,
300941.SZ,20260821,,6.8379,,,,102.79,2.3836,,,,,,,,307944.0,,
603216.SH,20260821,,2.3098,,,,73.3542,2.5932,,,,,,,,468985.0,,
603358.SH,20260821,,2.8813,,,,169.464,6.2523,,,,,,,,2216720.0,,
601615.SH,20260821,,1.6392,,,,64.7457,0.9387,,,,,,,,2476340.0,,
688012.SH,20260821,,1.5525,,,,82.07,11.5594,,,,,,,,34721800.0,,
688607.SH,20260821,,1.3231,,,,,4.5015,,,,,,,,377897.0,,
300143.SZ,20260821,,1.4954,,,,100.957,3.1389,,,,,,,,748185.0,,
000797.SZ,20260821,,1.234,,,,,0.8142,,,,,,,,376981.0,,
301618.SZ,20260821,,5.108,,,,136.762,4.4231,,,,,,,,419323.0,,
300255.SZ,20260821,,3.8052,,,,,18.6296,,,,,,,,2254460.0,,
002460.SZ,20260821,,5.0707,,,,29.8136,2.4425,,,,,,,,11347300.0,,
002269.SZ,20260821,,1.2385,,,,,16.7844,,,,,,,,359288.0,,
600857.SH,20260821,,3.3284,,,,100.221,5.2858,,,,,,,,467483.0,,
600390.SH,20260821,,0.4868,,,,41.2433,0.5129,,,,,,,,2177060.0,,
002679.SZ,20260821,,1.6977,,,,251.313,2.9217,,,,,,,,217603.0,,
920765.BJ,20260821,,2.4259,,,,,3.977,,,,,,,,123427.0,,
301080.SZ,20260821,,21.4425,,,,96.8595,6.1389,,,,,,,,1658680.0,,
600844.SH,20260821,,5.3541,,,,,45.2957,,,,,,,,358833.0,,
300416.SZ,20260821,,2.8714,,,,27.7285,2.6487,,,,,,,,747565.0,,
301389.SZ,20260821,,4.6452,,,,159.093,7.0869,,,,,,,,1591290.0,,
300872.SZ,20260821,,4.7013,,,,,2.0695,,,,,,,,739992.0,,
920274.BJ,20260821,,0.764,,,,54.3046,2.5177,,,,,,,,124765.0,,
301008.SZ,20260821,,9.3002,,,,236.191,3.4971,,,,,,,,527782.0,,
300154.SZ,20260821,,5.3599,,,,59.9972,2.9344,,,,,,,,528228.0,,
002478.SZ,20260821,,2.0818,,,,12.9784,0.9362,,,,,,,,568407.0,,
002163.SZ,20260821,,2.5702,,,,,12.6031,,,,,,,,670052.0,,
300857.SZ,20260821,,2.329,,,,69.3619,23.3205,,,,,,,,12107300.0,,
600019.SH,20260821,,0.3699,,,,12.4855,0.6075,,,,,,,,12655400.0,,
920718.BJ,20260821,,1.0568,,,,105.797,1.4958,,,,,,,,85589.4,,
600250.SH,20260821,,17.4352,,,,287.841,4.5823,,,,,,,,286204.0,,
000688.SZ,20260821,,2.4974,,,,57.4409,13.1438,,,,,,,,3943910.0,,
688802.SH,20260821,,4.8974,,,,,21.3818,,,,,,,,28007000.0,,
300895.SZ,20260821,,8.952,,,,,10.1786,,,,,,,,739062.0,,
688327.SH,20260821,,1.4967,,,,,14.0414,,,,,,,,1056610.0,,
600523.SH,20260821,,1.3762,,,,22.9335,1.4675,,,,,,,,477896.0,,
002961.SZ,20260821,,0.812,,,,13.2715,2.1625,,,,,,,,888527.0,,
000682.SZ,20260821,,0.7706,,,,15.2551,2.4706,,,,,,,,1544520.0,,
000809.SZ,20260821,,1.4305,,,,,1.0652,,,,,,,,283728.0,,
688071.SH,20260821,,2.1388,,,,,2.822,,,,,,,,285487.0,,
301321.SZ,20260821,,5.2693,,,,,7.4652,,,,,,,,728402.0,,
301607.SZ,20260821,,6.1634,,,,38.5727,8.0039,,,,,,,,1050300.0,,
301125.SZ,20260821,,2.1599,,,,,4.3511,,,,,,,,252935.0,,
300762.SZ,20260821,,3.2241,,,,,8.1522,,,,,,,,1852860.0,,
600726.SH,20260821,,0.9865,,,,132.29,8.3784,,,,,,,,4412290.0,,
002120.SZ,20260821,,0.8946,,,,14.3079,0.8992,,,,,,,,1913470.0,,
920553.BJ,20260821,,3.2664,,,,36.9292,2.8201,,,,,,,,100871.0,,
300843.SZ,20260821,,5.8836,,,,193.847,14.0183,,,,,,,,2283720.0,,
603648.SH,20260821,,0.7687,,,,27.217,1.7927,,,,,,,,339581.0,,
002524.SZ,20260821,,3.4036,,,,,22.5597,,,,,,,,207679.0,,
300693.SZ,20260821,,5.2382,,,,24.5842,5.9745,,,,,,,,1341890.0,,
603062.SH,20260821,,0.6349,,,,25.0367,2.0248,,,,,,,,425952.0,,
603328.SH,20260821,,1.466,,,,28.5533,2.5537,,,,,,,,1105280.0,,
300554.SZ,20260821,,3.2326,,,,,4.7517,,,,,,,,235276.0,,
002520.SZ,20260821,,4.1972,,,,,15.0543,,,,,,,,445646.0,,
000823.SZ,20260821,,6.6175,,,,42.045,1.8749,,,,,,,,898382.0,,
601611.SH,20260821,,0.555,,,,27.5751,1.4334,,,,,,,,3227820.0,,
688232.SH,20260821,,0.3907,,,,111.3,1.0891,,,,,,,,584719.0,,
001359.SZ,20260821,,7.6761,,,,96.0068,10.7479,,,,,,,,2218620.0,,
301138.SZ,20260821,,1.2321,,,,33.9732,2.7882,,,,,,,,320760.0,,
300401.SZ,20260821,,6.0546,,,,30.5621,2.5329,,,,,,,,841197.0,,
600305.SH,20260821,,0.7997,,,,47.3236,2.1804,,,,,,,,727977.0,,
002024.SZ,20260821,,0.1143,,,,158.246,0.8868,,,,,,,,1093240.0,,
600155.SH,20260821,,0.6227,,,,50.3677,0.6361,,,,,,,,1272790.0,,
001388.SZ,20260821,,2.5692,,,,42.5378,3.4415,,,,,,,,498389.0,,
601236.SH,20260821,,0.1562,,,,28.4825,1.2406,,,,,,,,3172630.0,,
920392.BJ,20260821,,0.8764,,,,57.4839,3.0503,,,,,,,,104193.0,,
300956.SZ,20260821,,1.5252,,,,560.893,1.7858,,,,,,,,240417.0,,
688571.SH,20260821,,1.7236,,,,34.0825,2.1643,,,,,,,,368604.0,,
001283.SZ,20260821,,2.392,,,,26.8469,1.5933,,,,,,,,567350.0,,
603766.SH,20260821,,0.6405,,,,17.6541,2.9486,,,,,,,,2846210.0,,
300880.SZ,20260821,,0.8306,,,,50.0186,3.5394,,,,,,,,379737.0,,
300823.SZ,20260821,,2.7289,,,,38.2782,2.0302,,,,,,,,197129.0,,
600881.SH,20260821,,6.3165,,,,,14.732,,,,,,,,633502.0,,
603375.SH,20260821,,2.0932,,,,468.808,2.5486,,,,,,,,394714.0,,
301213.SZ,20260821,,1.3263,,,,254.953,6.0753,,,,,,,,488544.0,,
688562.SH,20260821,,0.6141,,,,,3.357,,,,,,,,559600.0,,
603131.SH,20260821,,1.3453,,,,,2.9525,,,,,,,,487505.0,,
002296.SZ,20260821,,1.8834,,,,20.2099,1.3828,,,,,,,,344779.0,,
002922.SZ,20260821,,6.5948,,,,51.7561,2.8574,,,,,,,,1073780.0,,
000612.SZ,20260821,,2.5824,,,,9.3414,1.7219,,,,,,,,1326920.0,,
002491.SZ,20260821,,30.4578,,,,120.863,9.7589,,,,,,,,2607590.0,,
603337.SH,20260821,,0.6377,,,,20.8269,3.3602,,,,,,,,1805510.0,,
000048.SZ,20260821,,2.0401,,,,,3.1524,,,,,,,,1183940.0,,
300239.SZ,20260821,,3.5439,,,,56.8938,1.8212,,,,,,,,312839.0,,
300908.SZ,20260821,,1.7492,,,,17.9293,2.0325,,,,,,,,357846.0,,
600461.SH,20260821,,0.4446,,,,9.6288,1.1086,,,,,,,,1133910.0,,
920238.BJ,20260821,,16.0932,,,,50.3942,8.1599,,,,,,,,628477.0,,
603407.SH,20260821,,15.4511,,,,96.0691,15.481,,,,,,,,2431340.0,,
300839.SZ,20260821,,6.7416,,,,100.563,4.4582,,,,,,,,359303.0,,
300811.SZ,20260821,,2.7581,,,,72.8244,10.0768,,,,,,,,3152520.0,,
002887.SZ,20260821,,3.0713,,,,26.4807,1.2301,,,,,,,,282121.0,,
688148.SH,20260821,,2.9118,,,,35.4973,8.7207,,,,,,,,321919.0,,
920429.BJ,20260821,,4.552,,,,28.6432,1.649,,,,,,,,137670.0,,
300488.SZ,20260821,,1.7774,,,,32.8003,2.7381,,,,,,,,599095.0,,
603296.SH,20260821,,1.9429,,,,27.7629,4.431,,,,,,,,11862800.0,,
301195.SZ,20260821,,0.7034,,,,25.6326,1.412,,,,,,,,348664.0,,
600496.SH,20260821,,1.4184,,,,10.514,0.711,,,,,,,,664702.0,,
605303.SH,20260821,,1.1908,,,,,3.9234,,,,,,,,331988.0,,
002990.SZ,20260821,,5.6258,,,,78.0596,5.0923,,,,,,,,1310570.0,,
002694.SZ,20260821,,0.2513,,,,,,,,,,,,,161011.0,,
600681.SH,20260821,,1.0083,,,,18.7124,1.246,,,,,,,,458572.0,,
600801.SH,20260821,,0.7307,,,,14.8301,1.4663,,,,,,,,4819110.0,,
603239.SH,20260821,,0.719,,,,19.015,2.8231,,,,,,,,388483.0,,
603590.SH,20260821,,6.501,,,,30.363,1.59,,,,,,,,512173.0,,
300711.SZ,20260821,,3.0836,,,,59.3735,3.2867,,,,,,,,493283.0,,
002105.SZ,20260821,,1.7031,,,,,2.678,,,,,,,,213885.0,,
688819.SH,20260821,,0.155,,,,16.9899,1.2353,,,,,,,,2117230.0,,
002357.SZ,20260821,,2.8353,,,,20.1058,1.9396,,,,,,,,343271.0,,
603605.SH,20260821,,0.6332,,,,15.3109,3.5515,,,,,,,,2257060.0,,
300352.SZ,20260821,,1.1189,,,,,3.2588,,,,,,,,329110.0,,
300376.SZ,20260821,,0.5712,,,,,1.5931,,,,,,,,1033740.0,,
300567.SZ,20260821,,2.4683,,,,696.958,14.5406,,,,,,,,6073020.0,,
603050.SH,20260821,,0.6186,,,,32.8275,3.8944,,,,,,,,747350.0,,
300712.SZ,20260821,,0.7035,,,,555.787,3.0218,,,,,,,,386908.0,,
600206.SH,20260821,,12.0631,,,,144.395,10.5319,,,,,,,,4591700.0,,
003027.SZ,20260821,,1.421,,,,30.5312,1.244,,,,,,,,215955.0,,
002741.SZ,20260821,,6.4987,,,,85.9791,6.1499,,,,,,,,1220240.0,,
300863.SZ,20260821,,2.7382,,,,67.1739,7.5294,,,,,,,,1120910.0,,
002646.SZ,20260821,,1.0709,,,,,1.1187,,,,,,,,322481.0,,
002292.SZ,20260821,,2.605,,,,150.367,3.9189,,,,,,,,1165220.0,,
000037.SZ,20260821,,2.9586,,,,30.5334,3.3492,,,,,,,,565994.0,,
301087.SZ,20260821,,0.8499,,,,29.2598,2.3944,,,,,,,,1133010.0,,
605189.SH,20260821,,3.4467,,,,23.7109,1.8045,,,,,,,,344249.0,,
001217.SZ,20260821,,0.9919,,,,,1.5253,,,,,,,,332202.0,,
300226.SZ,20260821,,0.9456,,,,28.1264,2.6837,,,,,,,,601619.0,,
600132.SH,20260821,,0.9556,,,,16.7789,12.3073,,,,,,,,1949440.0,,
301268.SZ,20260821,,0.6085,,,,,3.5436,,,,,,,,529120.0,,
688519.SH,20260821,,2.3185,,,,184.552,23.6319,,,,,,,,6816230.0,,
003816.SZ,20260821,,0.14,,,,20.4479,1.5406,,,,,,,,19391500.0,,
688599.SH,20260821,,0.8765,,,,,1.4832,,,,,,,,3021910.0,,
603325.SH,20260821,,0.8501,,,,12.3725,1.5126,,,,,,,,419061.0,,
603667.SH,20260821,,4.9157,,,,234.999,6.6061,,,,,,,,1982050.0,,
920299.BJ,20260821,,1.5933,,,,56.2729,4.5182,,,,,,,,132190.0,,
003018.SZ,20260821,,3.1604,,,,140.76,8.3301,,,,,,,,1350610.0,,
688261.SH,20260821,,6.181,,,,73.4415,3.0343,,,,,,,,917510.0,,
301178.SZ,20260821,,4.7889,,,,414.324,4.1563,,,,,,,,324468.0,,
688191.SH,20260821,,1.4549,,,,114.636,8.3033,,,,,,,,713078.0,,
688768.SH,20260821,,0.7979,,,,55.2608,3.4664,,,,,,,,374744.0,,
002174.SZ,20260821,,1.9521,,,,,2.6557,,,,,,,,1205170.0,,
300867.SZ,20260821,,8.3468,,,,16.6468,1.227,,,,,,,,494025.0,,
002207.SZ,20260821,,2.2631,,,,,175.293,,,,,,,,150682.0,,
300664.SZ,20260821,,1.0995,,,,31.4586,0.7842,,,,,,,,342551.0,,
002242.SZ,20260821,,0.6617,,,,68.1281,1.9363,,,,,,,,674507.0,,
001248.SZ,20260821,,3.0603,,,,30.1985,1.7516,,,,,,,,16225700.0,,
920729.BJ,20260821,,2.6438,,,,49.3611,2.7834,,,,,,,,189670.0,,
603063.SH,20260821,,3.1477,,,,33.1054,2.6966,,,,,,,,1472260.0,,
688003.SH,20260821,,3.4851,,,,87.6919,8.318,,,,,,,,1655650.0,,
001326.SZ,20260821,,4.8007,,,,157.159,3.6409,,,,,,,,450034.0,,
920857.BJ,20260821,,1.3011,,,,,4.6375,,,,,,,,158079.0,,
300927.SZ,20260821,,16.0094,,,,49.5676,3.8179,,,,,,,,389916.0,,
002688.SZ,20260821,,1.675,,,,102.701,1.741,,,,,,,,397834.0,,
920982.BJ,20260821,,1.5277,,,,22.4303,6.8761,,,,,,,,1399770.0,,
601865.SH,20260821,,1.2226,,,,27.1105,1.123,,,,,,,,2474080.0,,
601311.SH,20260821,,0.6642,,,,11.833,0.8789,,,,,,,,899803.0,,
600477.SH,20260821,,0.8286,,,,80.175,1.1272,,,,,,,,563793.0,,
688603.SH,20260821,,2.8808,,,,136.508,10.8993,,,,,,,,1332930.0,,
301355.SZ,20260821,,1.3727,,,,,1.334,,,,,,,,196854.0,,
603920.SH,20260821,,3.0713,,,,72.9403,4.4297,,,,,,,,2800220.0,,
601599.SH,20260821,,0.9218,,,,31.4541,2.2888,,,,,,,,350484.0,,
688195.SH,20260821,,6.1033,,,,432.507,30.6002,,,,,,,,3114750.0,,
600327.SH,20260821,,6.3111,,,,,1.2782,,,,,,,,360990.0,,
688722.SH,20260821,,0.8575,,,,30.3364,2.1211,,,,,,,,310386.0,,
603529.SH,20260821,,0.3711,,,,11.306,1.8593,,,,,,,,1838260.0,,
603703.SH,20260821,,2.6689,,,,,4.8555,,,,,,,,401288.0,,
920575.BJ,20260821,,4.8481,,,,,,,,,,,,,157607.0,,
603390.SH,20260821,,1.0816,,,,27.3039,2.0799,,,,,,,,355872.0,,
301171.SZ,20260821,,10.6603,,,,241.579,5.8959,,,,,,,,2247710.0,,
000959.SZ,20260821,,0.2713,,,,32.0261,0.5353,,,,,,,,2690970.0,,
688367.SH,20260821,,1.2459,,,,324.164,4.4235,,,,,,,,263224.0,,
920368.BJ,20260821,,0.9365,,,,315.601,1.2931,,,,,,,,547508.0,,
600110.SH,20260821,,12.6951,,,,,3.1024,,,,,,,,1863580.0,,
301025.SZ,20260821,,3.2082,,,,265.939,5.7581,,,,,,,,360679.0,,
605090.SH,20260821,,2.0818,,,,16.0645,2.0532,,,,,,,,2521090.0,,
600143.SH,20260821,,1.2877,,,,31.6581,1.9391,,,,,,,,3825490.0,,
300231.SZ,20260821,,1.7833,,,,70.602,2.2103,,,,,,,,363803.0,,
600360.SH,20260821,,7.2585,,,,58.5434,2.9293,,,,,,,,1029440.0,,
600527.SH,20260821,,1.8,,,,170.061,1.7954,,,,,,,,372329.0,,
600422.SH,20260821,,1.6785,,,,54.936,1.2381,,,,,,,,646457.0,,
600575.SH,20260821,,0.7426,,,,15.1122,1.0535,,,,,,,,2350710.0,,
300139.SZ,20260821,,29.3727,,,,89.312,12.4721,,,,,,,,1470830.0,,
002046.SZ,20260821,,2.2967,,,,162.096,6.0494,,,,,,,,2638600.0,,
301031.SZ,20260821,,1.847,,,,29.5946,8.2911,,,,,,,,1356020.0,,
920896.BJ,20260821,,0.5294,,,,19.4582,2.6067,,,,,,,,119647.0,,
920425.BJ,20260821,,5.5971,,,,28.499,5.1046,,,,,,,,146635.0,,
002331.SZ,20260821,,1.3675,,,,,2.0361,,,,,,,,293889.0,,
688529.SH,20260821,,0.9979,,,,,2.7553,,,,,,,,272950.0,,
002569.SZ,20260821,,0.7956,,,,306.226,58.2752,,,,,,,,178140.0,,
002708.SZ,20260821,,2.9522,,,,58.1466,3.5368,,,,,,,,625615.0,,
600128.SH,20260821,,1.4951,,,,35.961,0.9668,,,,,,,,208658.0,,
002289.SZ,20260821,,2.1952,,,,346.193,43.7402,,,,,,,,1160530.0,,
301707.SZ,20260821,,20.232,,,,132.186,22.5267,,,,,,,,3290340.0,,
000559.SZ,20260821,,0.6016,,,,36.7356,4.1391,,,,,,,,3633630.0,,
300430.SZ,20260821,,1.5097,,,,,0.9305,,,,,,,,119321.0,,
002634.SZ,20260821,,0.9356,,,,,,,,,,,,,199818.0,,
301678.SZ,20260821,,2.0486,,,,150.06,5.9186,,,,,,,,1065300.0,,
002742.SZ,20260821,,6.6207,,,,,18.7359,,,,,,,,277745.0,,
603043.SH,20260821,,0.6907,,,,15.6376,1.9184,,,,,,,,765811.0,,
300806.SZ,20260821,,7.2982,,,,481.032,13.5857,,,,,,,,3171830.0,,
001313.SZ,20260821,,1.5793,,,,102.156,2.1413,,,,,,,,548800.0,,
920050.BJ,20260821,,0.9892,,,,18.6127,1.9014,,,,,,,,199316.0,,
600661.SH,20260821,,2.1629,,,,21.267,9.2073,,,,,,,,244140.0,,
603290.SH,20260821,,6.8156,,,,71.4868,3.3686,,,,,,,,2345880.0,,
300896.SZ,20260821,,2.3216,,,,25.5244,3.5325,,,,,,,,2794740.0,,
603815.SH,20260821,,0.8283,,,,,2.044,,,,,,,,321841.0,,
002439.SZ,20260821,,1.5999,,,,,1.4816,,,,,,,,1613590.0,,
300995.SZ,20260821,,1.3917,,,,107.215,3.7699,,,,,,,,240594.0,,
300718.SZ,20260821,,3.9448,,,,65.8833,9.5496,,,,,,,,1721860.0,,
002686.SZ,20260821,,6.814,,,,202.484,2.3584,,,,,,,,380513.0,,
603223.SH,20260821,,0.8732,,,,23.3034,1.8061,,,,,,,,738290.0,,
603110.SH,20260821,,5.3025,,,,4616.24,7.3632,,,,,,,,513128.0,,
603966.SH,20260821,,0.7184,,,,15.8891,1.9055,,,,,,,,404347.0,,
002935.SZ,20260821,,0.9725,,,,101.708,4.1623,,,,,,,,672408.0,,
920198.BJ,20260821,,3.1172,,,,37.4821,2.8371,,,,,,,,123282.0,,
688658.SH,20260821,,11.5739,,,,,2.0059,,,,,,,,643950.0,,
000503.SZ,20260821,,2.8586,,,,,7.0139,,,,,,,,672746.0,,
300942.SZ,20260821,,1.7717,,,,398.563,3.2711,,,,,,,,272212.0,,
002365.SZ,20260821,,37.6181,,,,141.305,2.4499,,,,,,,,488878.0,,
605006.SH,20260821,,3.954,,,,1312.21,3.0027,,,,,,,,927460.0,,
688772.SH,20260821,,2.218,,,,41.1363,2.3445,,,,,,,,1689210.0,,
300650.SZ,20260821,,2.3147,,,,69.006,1.9795,,,,,,,,284131.0,,
603023.SH,20260821,,1.665,,,,,2.9598,,,,,,,,226596.0,,
601718.SH,20260821,,0.3504,,,,,0.6597,,,,,,,,798076.0,,
603222.SH,20260821,,3.869,,,,,3.8784,,,,,,,,431624.0,,
603312.SH,20260821,,1.4392,,,,24.17,2.7474,,,,,,,,496958.0,,
300270.SZ,20260821,,4.0278,,,,,6.3923,,,,,,,,351861.0,,
000554.SZ,20260821,,3.9302,,,,18.3116,2.5992,,,,,,,,309384.0,,
301037.SZ,20260821,,3.8047,,,,,3.4434,,,,,,,,187832.0,,
002581.SZ,20260821,,6.8381,,,,,2.1176,,,,,,,,381987.0,,
688836.SH,20260821,,25.2785,,,,465.508,94.4331,,,,,,,,27196600.0,,
603288.SH,20260821,,0.2889,,,,28.1702,4.8802,,,,,,,,20507900.0,,
002028.SZ,20260821,,1.5054,,,,41.6339,8.4038,,,,,,,,13827300.0,,
600300.SH,20260821,,1.4898,,,,14.7861,1.3872,,,,,,,,514251.0,,
603106.SH,20260821,,4.5823,,,,133.658,2.8931,,,,,,,,383103.0,,
002500.SZ,20260821,,0.291,,,,20.1511,0.9993,,,,,,,,1873860.0,,
300435.SZ,20260821,,2.3624,,,,14.7577,1.9054,,,,,,,,658412.0,,
300642.SZ,20260821,,3.0796,,,,,1.5659,,,,,,,,222475.0,,
300816.SZ,20260821,,3.6017,,,,42.6725,4.3006,,,,,,,,411200.0,,
688272.SH,20260821,,1.6928,,,,,5.4194,,,,,,,,215992.0,,
603556.SH,20260821,,2.0332,,,,18.8477,1.839,,,,,,,,1252130.0,,
002420.SZ,20260821,,1.4421,,,,12.7442,3.02,,,,,,,,239782.0,,
002986.SZ,20260821,,0.8561,,,,,1.3314,,,,,,,,505561.0,,
002076.SZ,20260821,,2.3003,,,,,7.6141,,,,,,,,231807.0,,
603538.SH,20260821,,12.8094,,,,82.929,3.3052,,,,,,,,969135.0,,
002448.SZ,20260821,,4.2352,,,,15.1178,1.9083,,,,,,,,750811.0,,
688631.SH,20260821,,0.5666,,,,112.961,3.4078,,,,,,,,648812.0,,
605376.SH,20260821,,4.4273,,,,165.608,22.8563,,,,,,,,4023410.0,,
603939.SH,20260821,,0.5311,,,,16.7844,2.4355,,,,,,,,2901260.0,,
300429.SZ,20260821,,3.197,,,,,3.5379,,,,,,,,588166.0,,
002295.SZ,20260821,,1.2984,,,,,1.7461,,,,,,,,226807.0,,
300399.SZ,20260821,,9.9287,,,,2860.5,7.2938,,,,,,,,369710.0,,
600052.SH,20260821,,0.7816,,,,,1.5052,,,,,,,,325015.0,,
002570.SZ,20260821,,1.1047,,,,31.9916,2.9502,,,,,,,,480619.0,,
301131.SZ,20260821,,2.0673,,,,71.3949,1.6868,,,,,,,,186946.0,,
920578.BJ,20260821,,2.2497,,,,,4.7383,,,,,,,,125273.0,,
600372.SH,20260821,,0.3688,,,,45.6246,1.3792,,,,,,,,5230850.0,,
301159.SZ,20260821,,3.6744,,,,108.657,3.796,,,,,,,,246437.0,,
688371.SH,20260821,,2.0784,,,,3485.0,4.7885,,,,,,,,935968.0,,
002258.SZ,20260821,,2.3092,,,,26.4946,1.4586,,,,,,,,1167840.0,,
688225.SH,20260821,,1.0768,,,,,3.0563,,,,,,,,474412.0,,
002885.SZ,20260821,,6.7388,,,,80.5177,5.0521,,,,,,,,779428.0,,
603006.SH,20260821,,1.1318,,,,27.8286,2.1257,,,,,,,,289087.0,,
688362.SH,20260821,,4.0479,,,,351.174,11.2747,,,,,,,,2940520.0,,
920273.BJ,20260821,,2.4491,,,,32.664,2.6695,,,,,,,,181759.0,,
603126.SH,20260821,,0.8048,,,,111.609,1.7823,,,,,,,,365690.0,,
603828.SH,20260821,,1.6284,,,,,6.0404,,,,,,,,309303.0,,
002101.SZ,20260821,,0.4788,,,,18.2745,0.7117,,,,,,,,566714.0,,
601369.SH,20260821,,0.3515,,,,21.7442,1.6542,,,,,,,,1504590.0,,
688669.SH,20260821,,2.7738,,,,,8.8766,,,,,,,,964478.0,,
300745.SZ,20260821,,3.4366,,,,,2.2052,,,,,,,,488337.0,,
002311.SZ,20260821,,0.4763,,,,19.5134,2.9811,,,,,,,,7581140.0,,
002981.SZ,20260821,,1.7932,,,,111.908,3.0785,,,,,,,,321596.0,,
300447.SZ,20260821,,1.6528,,,,156.046,2.1189,,,,,,,,425679.0,,
002369.SZ,20260821,,5.7675,,,,,18.0063,,,,,,,,336772.0,,
601375.SH,20260821,,0.6222,,,,35.5223,1.273,,,,,,,,1852510.0,,
301227.SZ,20260821,,5.6127,,,,,2.5127,,,,,,,,399635.0,,
600577.SH,20260821,,5.4658,,,,31.6581,3.1029,,,,,,,,1932750.0,,
603938.SH,20260821,,4.3229,,,,102.599,6.3179,,,,,,,,1651410.0,,
688163.SH,20260821,,1.1879,,,,75.7137,3.3052,,,,,,,,367948.0,,
002690.SZ,20260821,,0.8898,,,,18.6005,4.4666,,,,,,,,1351570.0,,
603221.SH,20260821,,9.4885,,,,,4.0497,,,,,,,,636201.0,,
300692.SZ,20260821,,4.681,,,,81.9154,1.7219,,,,,,,,536974.0,,
301295.SZ,20260821,,6.9099,,,,112.066,3.9713,,,,,,,,387778.0,,
300444.SZ,20260821,,3.0539,,,,17.0078,3.7673,,,,,,,,792551.0,,
603320.SH,20260821,,0.7931,,,,32.9438,2.0624,,,,,,,,246688.0,,
603177.SH,20260821,,7.0195,,,,,6.5888,,,,,,,,212768.0,,
002309.SZ,20260821,,3.3543,,,,69.3862,4.5244,,,,,,,,896284.0,,
301021.SZ,20260821,,6.6187,,,,173.654,11.0851,,,,,,,,1158750.0,,
603303.SH,20260821,,0.8756,,,,55.3708,3.5299,,,,,,,,1095540.0,,
002183.SZ,20260821,,1.1738,,,,,1.2522,,,,,,,,1134890.0,,
920009.BJ,20260821,,11.7982,,,,32.8364,4.2173,,,,,,,,293589.0,,
600118.SH,20260821,,2.9852,,,,729.845,11.4656,,,,,,,,7343260.0,,
689009.SH,20260821,,1.1365,,,,21.0402,4.3615,,,,,,,,3208300.0,,
600644.SH,20260821,,2.2398,,,,220.88,2.4304,,,,,,,,502561.0,,
300456.SZ,20260821,,2.1827,,,,16.1665,3.4699,,,,,,,,2298420.0,,
301421.SZ,20260821,,8.1122,,,,177.376,7.328,,,,,,,,888714.0,,
920926.BJ,20260821,,0.3035,,,,42.0605,3.1835,,,,,,,,88008.3,,
002930.SZ,20260821,,0.9905,,,,,2.0405,,,,,,,,399381.0,,
300220.SZ,20260821,,1.3221,,,,,27.1343,,,,,,,,164506.0,,
001389.SZ,20260821,,3.7206,,,,49.8171,9.2976,,,,,,,,7371900.0,,
003031.SZ,20260821,,4.7384,,,,101.196,9.6942,,,,,,,,6406760.0,,
603055.SH,20260821,,0.6993,,,,15.5141,1.4358,,,,,,,,775446.0,,
300922.SZ,20260821,,1.6457,,,,82.3445,2.7568,,,,,,,,274575.0,,
600278.SH,20260821,,0.3563,,,,29.0464,0.7008,,,,,,,,530080.0,,
000625.SZ,20260821,,0.4022,,,,22.8061,0.9078,,,,,,,,7008420.0,,
688758.SH,20260821,,4.8648,,,,82.2915,8.21,,,,,,,,1138200.0,,
301360.SZ,20260821,,20.903,,,,80.7852,3.3364,,,,,,,,398755.0,,
002279.SZ,20260821,,2.376,,,,72.2058,3.8776,,,,,,,,541466.0,,
002633.SZ,20260821,,1.0133,,,,186.16,6.119,,,,,,,,217050.0,,
002639.SZ,20260821,,2.7596,,,,299.36,3.521,,,,,,,,902809.0,,
301577.SZ,20260821,,9.9578,,,,,3.4904,,,,,,,,254912.0,,
688293.SH,20260821,,3.8818,,,,132.517,3.314,,,,,,,,878049.0,,
603041.SH,20260821,,0.6988,,,,34.6876,1.3344,,,,,,,,204027.0,,
920189.BJ,20260821,,6.7443,,,,34.4049,5.0419,,,,,,,,293567.0,,
002474.SZ,20260821,,2.693,,,,,2.873,,,,,,,,378920.0,,
300919.SZ,20260821,,1.3089,,,,23.2891,1.781,,,,,,,,4226950.0,,
920662.BJ,20260821,,4.3661,,,,98.3292,3.4668,,,,,,,,160479.0,,
600812.SH,20260821,,1.7968,,,,52.3123,1.5179,,,,,,,,842424.0,,
300091.SZ,20260821,,0.2691,,,,,5.6266,,,,,,,,730406.0,,
300308.SZ,20260821,,2.5861,,,,73.7888,30.9961,,,,,,,,110306000.0,,
000605.SZ,20260821,,1.1978,,,,236.779,0.9787,,,,,,,,207716.0,,
603280.SH,20260821,,2.0806,,,,30.2657,2.0758,,,,,,,,287928.0,,
601069.SH,20260821,,4.8345,,,,30.0968,5.5578,,,,,,,,2921570.0,,
000088.SZ,20260821,,0.6291,,,,15.649,1.254,,,,,,,,2308570.0,,
301502.SZ,20260821,,2.8647,,,,130.33,3.5253,,,,,,,,295179.0,,
002165.SZ,20260821,,22.9095,,,,,2.839,,,,,,,,567628.0,,
000735.SZ,20260821,,10.7489,,,,,1.4999,,,,,,,,625272.0,,
300535.SZ,20260821,,6.0704,,,,82.6988,1.9148,,,,,,,,183218.0,,
601921.SH,20260821,,0.5885,,,,12.9728,1.1202,,,,,,,,1628890.0,,
002613.SZ,20260821,,2.9495,,,,354.193,1.6951,,,,,,,,374193.0,,
000596.SZ,20260821,,0.8542,,,,16.9551,1.8342,,,,,,,,4791760.0,,
600676.SH,20260821,,0.5241,,,,,1.4233,,,,,,,,678805.0,,
002189.SZ,20260821,,0.4415,,,,,11.3778,,,,,,,,475383.0,,
300168.SZ,20260821,,0.8391,,,,,6.9771,,,,,,,,717433.0,,
300601.SZ,20260821,,9.1497,,,,179.154,1.5899,,,,,,,,1455360.0,,
603880.SH,20260821,,6.5186,,,,,14.6116,,,,,,,,251467.0,,
301556.SZ,20260821,,7.1525,,,,46.0552,4.9967,,,,,,,,494624.0,,
688677.SH,20260821,,10.4209,,,,63.8494,8.2302,,,,,,,,1102030.0,,
603035.SH,20260821,,0.7836,,,,12.2293,0.7499,,,,,,,,403714.0,,
300760.SZ,20260821,,0.6584,,,,23.8823,4.6662,,,,,,,,18716200.0,,
603773.SH,20260821,,8.7146,,,,,21.486,,,,,,,,2269030.0,,
600525.SH,20260821,,1.3279,,,,,2.7079,,,,,,,,760936.0,,
002774.SZ,20260821,,4.4984,,,,93.8979,4.5228,,,,,,,,549138.0,,
600235.SH,20260821,,1.3398,,,,202.479,1.3357,,,,,,,,201646.0,,
601789.SH,20260821,,2.5411,,,,20.3853,1.0261,,,,,,,,644818.0,,
300198.SZ,20260821,,1.1623,,,,,5.6037,,,,,,,,243445.0,,
301310.SZ,20260821,,6.1023,,,,75.2307,4.2696,,,,,,,,1004830.0,,
688237.SH,20260821,,1.0158,,,,353.502,4.1531,,,,,,,,504013.0,,
300842.SZ,20260821,,2.3793,,,,,5.6683,,,,,,,,909451.0,,
300926.SZ,20260821,,0.7987,,,,9.0586,2.0637,,,,,,,,746607.0,,
002481.SZ,20260821,,1.2541,,,,447.233,2.0913,,,,,,,,511984.0,,
600075.SH,20260821,,1.208,,,,,0.8954,,,,,,,,790710.0,,
301059.SZ,20260821,,0.9237,,,,31.2265,3.9876,,,,,,,,261204.0,,
603409.SH,20260821,,2.8612,,,,21.0294,2.1669,,,,,,,,336310.0,,
603010.SH,20260821,,1.1549,,,,,2.6556,,,,,,,,687996.0,,
301580.SZ,20260821,,4.6593,,,,37.6934,3.531,,,,,,,,765943.0,,
300342.SZ,20260821,,3.4065,,,,692.706,8.726,,,,,,,,1372440.0,,
300253.SZ,20260821,,2.5607,,,,,2.8651,,,,,,,,1578310.0,,
688531.SH,20260821,,4.0617,,,,102.056,6.5842,,,,,,,,2258200.0,,
002561.SZ,20260821,,1.0531,,,,,1.2917,,,,,,,,276898.0,,
600231.SH,20260821,,0.4153,,,,,1.3724,,,,,,,,488251.0,,
000563.SZ,20260821,,0.4796,,,,11.2568,0.8087,,,,,,,,1503510.0,,
000513.SZ,20260821,,2.3139,,,,13.2319,1.7906,,,,,,,,2598020.0,,
605366.SH,20260821,,2.1109,,,,,2.3014,,,,,,,,615944.0,,
688716.SH,20260821,,1.9054,,,,2418.91,2.8573,,,,,,,,336932.0,,
000875.SZ,20260821,,0.5568,,,,108.03,1.0195,,,,,,,,1791870.0,,
002079.SZ,20260821,,2.1874,,,,71.264,2.7205,,,,,,,,870332.0,,
600152.SH,20260821,,2.735,,,,,2.5849,,,,,,,,423793.0,,
000428.SZ,20260821,,2.2961,,,,,3.1767,,,,,,,,405533.0,,
002142.SZ,20260821,,0.3853,,,,7.2268,0.9265,,,,,,,,22491800.0,,
000903.SZ,20260821,,1.6206,,,,,5.9762,,,,,,,,367620.0,,
603980.SH,20260821,,2.3552,,,,48.0123,1.1369,,,,,,,,448064.0,,
688118.SH,20260821,,2.42,,,,,2.3477,,,,,,,,188033.0,,
300422.SZ,20260821,,2.1772,,,,,3.8,,,,,,,,219425.0,,
603903.SH,20260821,,3.835,,,,,2.5351,,,,,,,,362298.0,,
000066.SZ,20260821,,1.7638,,,,2281.77,4.2108,,,,,,,,4603220.0,,
300403.SZ,20260821,,1.214,,,,26.7345,2.4792,,,,,,,,555966.0,,
600794.SH,20260821,,1.2913,,,,,1.5117,,,,,,,,378048.0,,
605488.SH,20260821,,2.2804,,,,144.767,3.917,,,,,,,,886465.0,,
688299.SH,20260821,,1.3894,,,,,1.8921,,,,,,,,371024.0,,
688433.SH,20260821,,2.5352,,,,597.51,20.333,,,,,,,,4357750.0,,
600658.SH,20260821,,0.9384,,,,,1.1042,,,,,,,,447434.0,,
600689.SH,20260821,,1.7534,,,,186.539,4.5752,,,,,,,,216870.0,,
300746.SZ,20260821,,1.8782,,,,43.7974,3.6994,,,,,,,,304747.0,,
001979.SZ,20260821,,0.8972,,,,108.929,0.6893,,,,,,,,6725960.0,,
601601.SH,20260821,,0.6735,,,,5.4276,0.9157,,,,,,,,29265100.0,,
920892.BJ,20260821,,0.3355,,,,15.9279,3.8628,,,,,,,,172566.0,,
301009.SZ,20260821,,1.9743,,,,126.483,1.8273,,,,,,,,245490.0,,
002475.SZ,20260821,,1.349,,,,24.563,4.7868,,,,,,,,42287200.0,,
688391.SH,20260821,,0.8765,,,,78.4512,1.5921,,,,,,,,296730.0,,
603335.SH,20260821,,2.697,,,,56.1832,10.2067,,,,,,,,288141.0,,
600892.SH,20260821,,3.9828,,,,,244.319,,,,,,,,214275.0,,
002109.SZ,20260821,,0.6371,,,,,0.8954,,,,,,,,350974.0,,
301187.SZ,20260821,,0.4867,,,,69.0518,2.5501,,,,,,,,373478.0,,
300878.SZ,20260821,,1.6592,,,,,5.2889,,,,,,,,482442.0,,
920826.BJ,20260821,,5.1595,,,,25.1947,3.1031,,,,,,,,121406.0,,
603727.SH,20260821,,0.7629,,,,,1.6995,,,,,,,,524843.0,,
603323.SH,20260821,,0.951,,,,4.5042,0.4804,,,,,,,,930346.0,,
300809.SZ,20260821,,2.522,,,,31.4675,3.2908,,,,,,,,602156.0,,
603983.SH,20260821,,0.6378,,,,50.3286,3.1265,,,,,,,,1073080.0,,
603326.SH,20260821,,1.3107,,,,15.5764,1.8715,,,,,,,,223105.0,,
603868.SH,20260821,,0.1554,,,,25.136,3.7163,,,,,,,,1306360.0,,
603885.SH,20260821,,0.3493,,,,19.8335,2.1759,,,,,,,,2251430.0,,
300138.SZ,20260821,,1.6252,,,,14.8954,1.5278,,,,,,,,530444.0,,
920419.BJ,20260821,,1.3948,,,,20.5813,1.7864,,,,,,,,111778.0,,
000610.SZ,20260821,,1.5637,,,,,,,,,,,,,143469.0,,
000034.SZ,20260821,,1.9081,,,,44.5054,2.1473,,,,,,,,2410690.0,,
002193.SZ,20260821,,1.6257,,,,,6.0315,,,,,,,,124053.0,,
002265.SZ,20260821,,0.6858,,,,81.1688,4.8453,,,,,,,,1889430.0,,
002406.SZ,20260821,,1.8049,,,,24.0705,1.2299,,,,,,,,486330.0,,
002987.SZ,20260821,,2.4514,,,,37.6966,3.8366,,,,,,,,1152830.0,,
920089.BJ,20260821,,0.4767,,,,12.6367,1.488,,,,,,,,195673.0,,
603969.SH,20260821,,2.2926,,,,14.6282,2.1062,,,,,,,,636220.0,,
603359.SH,20260821,,1.0679,,,,,0.6835,,,,,,,,95910.6,,
688335.SH,20260821,,1.2606,,,,,2.6098,,,,,,,,295329.0,,
600487.SH,20260821,,6.7759,,,,47.4969,4.7321,,,,,,,,15336000.0,,
000728.SZ,20260821,,0.2725,,,,13.1983,0.7902,,,,,,,,3072100.0,,
920523.BJ,20260821,,0.7509,,,,11.2596,2.088,,,,,,,,153472.0,,
600010.SH,20260821,,0.9749,,,,197.432,1.8903,,,,,,,,9904500.0,,
603030.SH,20260821,,2.033,,,,,3.9367,,,,,,,,275239.0,,
002275.SZ,20260821,,0.7536,,,,17.1725,2.3387,,,,,,,,777353.0,,
300577.SZ,20260821,,1.174,,,,12.2388,1.9256,,,,,,,,421632.0,,
000070.SZ,20260821,,5.5909,,,,,13.0702,,,,,,,,1307800.0,,
002221.SZ,20260821,,1.9879,,,,,0.8987,,,,,,,,896817.0,,
600467.SH,20260821,,2.021,,,,97.0501,0.9937,,,,,,,,341873.0,,
603210.SH,20260821,,1.0549,,,,21.2436,2.3324,,,,,,,,452051.0,,
688652.SH,20260821,,4.3061,,,,152.088,10.7252,,,,,,,,2410460.0,,
603365.SH,20260821,,0.8963,,,,11.136,1.4511,,,,,,,,470131.0,,
603917.SH,20260821,,1.0851,,,,121.851,1.4935,,,,,,,,250723.0,,
002098.SZ,20260821,,0.9343,,,,13.7494,1.6639,,,,,,,,253106.0,,
002137.SZ,20260821,,3.5721,,,,73.5474,2.8744,,,,,,,,438904.0,,
300497.SZ,20260821,,5.0915,,,,72.4169,3.9466,,,,,,,,932940.0,,
601086.SH,20260821,,1.0056,,,,51.7263,3.0691,,,,,,,,500166.0,,
688388.SH,20260821,,4.682,,,,127.944,2.4196,,,,,,,,1958600.0,,
603392.SH,20260821,,1.5955,,,,,3.2956,,,,,,,,3867780.0,,
301119.SZ,20260821,,3.7411,,,,33.0776,3.1088,,,,,,,,331822.0,,
603988.SH,20260821,,6.984,,,,158.001,7.3369,,,,,,,,488981.0,,
603132.SH,20260821,,0.6879,,,,26.5384,5.463,,,,,,,,1852330.0,,
920056.BJ,20260821,,0.4856,,,,22.4696,2.3637,,,,,,,,130217.0,,
688355.SH,20260821,,0.9503,,,,30.7513,1.9413,,,,,,,,214940.0,,
300288.SZ,20260821,,1.6839,,,,,3.0762,,,,,,,,332196.0,,
688790.SH,20260821,,1.7177,,,,,3.5259,,,,,,,,958192.0,,
300055.SZ,20260821,,3.0473,,,,,1.0299,,,,,,,,505397.0,,
300865.SZ,20260821,,11.6707,,,,225.292,3.162,,,,,,,,275941.0,,
002932.SZ,20260821,,0.3957,,,,,0.6419,,,,,,,,354827.0,,
600391.SH,20260821,,2.7964,,,,220.585,5.7136,,,,,,,,1013830.0,,
605155.SH,20260821,,1.0262,,,,24.6795,1.9576,,,,,,,,268251.0,,
002377.SZ,20260821,,2.0859,,,,109.793,6.2469,,,,,,,,248324.0,,
