ts_code,trade_date,close,turnover_rate,turnover_rate_f,volume_ratio,pe,pe_ttm,pb,ps,ps_ttm,dv_ratio,dv_ttm,total_share,float_share,free_share,total_mv,circ_mv,limit_status
600284.SH,20260820,5.09,1.2483,1.9815,0.61,13.9829,17.5251,0.6193,0.3417,0.3662,3.5363,2.947,97025.6,97025.6,61126.4,493860.0,493860.0,
301567.SZ,20260820,36.02,3.8302,3.8302,0.67,,,3.569,6.5336,6.3798,0.4997,,7200.0,2123.99,2123.99,259344.0,76506.1,
300993.SZ,20260820,9.99,0.9921,1.9219,1.08,20.6901,21.018,1.9282,4.13,3.9476,0.9814,1.9722,30813.1,24185.5,12484.3,307823.0,241613.0,
300399.SZ,20260820,16.93,1.3543,2.4555,0.87,,,6.615,6.855,6.7029,0.2953,0.2953,19760.0,19758.1,10897.6,334537.0,334504.0,
920547.BJ,20260820,18.91,2.4997,3.6159,1.51,23.301,23.0657,2.012,3.6243,3.5741,1.0576,1.0576,7768.8,3776.49,2610.7,146908.0,71413.4,
688626.SH,20260820,45.58,2.5201,7.1479,1.83,93.3103,90.5629,3.4659,9.499,9.4127,0.5074,0.3852,16000.0,16000.0,5641.04,729280.0,729280.0,
600329.SH,20260820,36.28,0.5603,1.3172,1.03,13.1106,32.9413,4.7029,5.6817,5.9175,3.5281,13.2029,77009.4,56708.9,24123.4,2793900.0,2057400.0,
002689.SZ,20260820,2.81,0.6124,1.2567,1.25,29.1262,28.3028,2.3525,2.1317,2.0067,,1.7794,104331.0,104291.0,50823.8,293170.0,293058.0,
002940.SZ,20260820,28.41,10.0077,16.981,2.09,45.6875,45.0593,3.4817,4.0224,4.0376,0.7699,0.8555,20172.8,18527.5,10919.1,573110.0,526366.0,
603602.SH,20260820,11.62,1.3697,1.9711,0.76,,,3.013,1.4621,1.3842,0.5799,0.1657,23105.8,23105.8,16056.2,268489.0,268489.0,
600699.SH,20260820,19.31,1.3778,2.2904,0.8,22.4172,21.4285,1.7086,0.4894,0.4956,1.3359,0.9237,155077.0,139567.0,83956.5,2994540.0,2695040.0,
002731.SZ,20260820,1.29,26.1147,28.9381,2.4,1.5249,1.2067,0.1767,0.0745,0.0735,6.9767,,25615.6,22965.6,20724.9,33044.1,29625.7,
300252.SZ,20260820,11.39,4.2583,4.92,0.95,542.977,241.419,3.5392,3.1189,2.9866,,,68421.4,55875.4,48360.4,779320.0,636421.0,
300821.SZ,20260820,17.31,9.2984,19.4388,1.26,,150.626,4.0522,5.5094,5.4317,0.0867,0.1155,120000.0,119979.0,57391.2,2077200.0,2076840.0,
300098.SZ,20260820,4.45,1.7269,1.82,0.75,,,2.9208,3.8882,3.6429,,,173778.0,154174.0,146286.0,773313.0,686076.0,
003003.SZ,20260820,11.07,2.2041,2.5521,0.95,33.6156,32.8274,1.4856,1.9155,1.9057,1.7835,1.7827,17672.0,11779.6,10173.6,195629.0,130401.0,
002512.SZ,20260820,4.05,1.8516,2.5647,0.57,,,13.7238,2.415,2.215,,,110242.0,109445.0,79014.1,446479.0,443253.0,
688683.SH,20260820,30.01,1.6864,3.3915,1.17,116.213,102.914,3.9964,4.9457,3.7242,0.2098,0.2666,16109.8,16109.8,8010.45,483454.0,483454.0,
601319.SH,20260820,6.92,0.1094,1.3011,0.8,6.5607,7.1819,0.9583,0.4574,0.463,3.6846,3.1791,4422400.0,3549780.0,298560.0,30603000.0,24564400.0,
301397.SZ,20260820,25.41,3.4705,3.4754,0.69,36.3256,39.8203,2.5382,3.5781,3.7396,1.8543,1.5093,20216.7,9245.89,9232.86,513707.0,234938.0,
301115.SZ,20260820,30.58,4.2021,5.5683,0.97,258.57,,2.2465,3.9427,4.0194,1.1247,0.3821,18205.7,14920.2,11259.4,556731.0,456260.0,
002775.SZ,20260820,3.49,1.8493,3.3434,0.66,,,,4.9301,4.3972,,,64532.4,58081.8,32125.8,225218.0,202706.0,
002459.SZ,20260820,7.3,0.6996,1.3323,0.62,,,1.1628,0.4918,0.5068,,,330972.0,330678.0,173647.0,2416090.0,2413950.0,
601136.SH,20260820,13.81,0.2261,1.2838,0.66,35.732,34.2534,2.6684,14.9293,14.1825,1.412,1.2165,273333.0,273333.0,48148.4,3774730.0,3774730.0,
301585.SZ,20260820,26.55,1.0556,1.0556,0.72,39.0129,38.8412,2.7495,5.6918,5.5353,1.1589,0.791,10400.0,6810.89,6810.89,276120.0,180829.0,
600104.SH,20260820,10.18,0.3733,1.229,1.25,11.5797,11.5764,0.3894,0.1811,0.1809,0.8591,2.597,1149530.0,1149530.0,349185.0,11702200.0,11702200.0,
600438.SH,20260820,12.32,0.6692,1.222,0.47,,,1.5864,0.6593,0.6905,,,450199.0,450199.0,246546.0,5546450.0,5546450.0,
603126.SH,20260820,5.98,0.8546,1.732,0.84,266.234,111.423,1.7794,0.9794,0.8659,0.0836,0.1672,61050.0,61050.0,30122.4,365079.0,365079.0,
000096.SZ,20260820,7.92,1.168,2.542,0.62,36.4293,37.1639,1.5174,3.0607,2.9945,0.947,0.947,52800.0,51084.8,23473.0,418176.0,404592.0,
603600.SH,20260820,9.7,1.1028,2.615,0.92,13.7695,12.9625,1.3652,0.6565,0.6393,4.7496,4.7423,33043.3,33043.3,13935.0,320520.0,320520.0,
920985.BJ,20260820,4.62,0.8701,1.4139,0.65,,,2.7523,0.8661,1.3491,5.3175,,30947.6,21931.8,13496.8,142978.0,101325.0,
688203.SH,20260820,11.56,2.1327,4.1111,0.57,237.495,219.424,1.5885,2.7509,2.5637,0.5158,,20267.8,20267.8,10514.3,234296.0,234296.0,
003816.SZ,20260820,3.87,0.2007,1.1728,0.88,20.0126,20.6076,1.5527,2.5818,2.6697,2.4548,2.2222,5049880.0,3933520.0,673004.0,19543000.0,15222700.0,
301148.SZ,20260820,51.49,1.8516,2.7483,0.52,117.171,149.126,3.4056,11.8029,11.8895,0.7534,0.7566,11649.7,5887.31,3966.51,599844.0,303138.0,
000701.SZ,20260820,5.11,3.4023,5.71,2.25,224.054,6.9144,,0.1055,0.1121,,,66831.3,66774.7,39787.9,341508.0,341218.0,
920088.BJ,20260820,45.8,16.875,17.9896,0.98,71.3029,86.7813,5.756,9.035,8.7275,0.1747,0.2183,8807.15,3256.62,3054.85,403367.0,149153.0,
920925.BJ,20260820,12.06,1.9026,2.5435,0.5,77.4069,224.227,3.2421,3.866,4.0463,0.2432,0.411,9858.06,5529.51,4136.32,118888.0,66685.8,
300161.SZ,20260820,27.55,2.8798,4.2849,0.49,335.422,,3.5463,3.4994,3.4486,0.0363,0.0726,19869.7,19499.4,13105.5,547410.0,537209.0,
300298.SZ,20260820,16.4,1.9106,2.9666,1.44,98.5686,68.493,3.0877,1.96,1.8514,1.3321,,55684.6,44800.1,28852.3,913227.0,734722.0,
603967.SH,20260820,11.54,0.5726,1.6859,1.11,15.3377,13.7702,1.6118,0.4519,0.4467,5.1993,5.6326,34666.7,34666.7,11774.6,400053.0,400053.0,
300787.SZ,20260820,10.14,2.5141,3.3397,0.45,33.564,48.6055,2.0634,0.9751,0.9259,1.6437,1.9724,31343.3,19653.3,14794.5,317821.0,199284.0,
300180.SZ,20260820,4.23,1.2609,1.7617,1.02,111.572,2636.68,1.5914,1.8631,1.9477,0.1182,0.1182,176106.0,171267.0,122581.0,744928.0,724459.0,
301280.SZ,20260820,42.2,1.226,2.1562,0.71,38.6691,38.2176,4.0886,4.5945,4.3311,1.4508,0.3385,19149.2,9943.34,5653.77,808097.0,419609.0,
002161.SZ,20260820,5.75,1.3371,1.5264,0.71,276.292,3258.47,2.7966,7.0535,6.8855,0.2609,0.2351,73975.7,73960.9,64788.1,425361.0,425275.0,
601865.SH,20260820,10.27,0.6885,1.634,0.52,24.5381,26.366,1.0921,1.5457,1.587,,1.4503,234288.0,190103.0,80105.1,2406140.0,1952350.0,
600021.SH,20260820,13.63,0.7082,1.6557,0.55,13.8984,15.3511,1.8487,0.9189,0.9304,2.0506,2.7146,282188.0,282188.0,120700.0,3846220.0,3846220.0,
301577.SZ,20260820,56.42,8.2118,8.2118,1.19,,,3.4527,6.146,5.7398,0.5226,,4502.95,1884.12,1884.12,254056.0,106302.0,
000959.SZ,20260820,3.5,0.4596,2.7214,1.33,27.2614,32.3029,0.5399,0.2637,0.2676,0.6301,1.1429,775497.0,745161.0,125837.0,2714240.0,2608060.0,
000581.SZ,20260820,17.38,0.5798,0.989,0.83,15.7304,15.4425,0.8294,1.3974,1.3789,5.7709,4.603,96678.6,79390.5,46544.2,1680270.0,1379810.0,
600285.SH,20260820,19.79,2.3865,3.0647,0.67,14.7771,14.3849,3.4729,2.9126,2.8762,4.5478,5.5584,56711.5,56649.0,44113.4,1122320.0,1121080.0,
600866.SH,20260820,4.46,1.9225,2.3598,1.53,7.57,34.7362,0.9685,0.466,0.4652,8.5202,8.5202,166147.0,166147.0,135360.0,741017.0,741017.0,
603014.SH,20260820,33.4,1.7503,1.7503,1.18,28.9303,28.5779,1.9236,3.7023,3.6942,0.4717,1.552,41775.4,10148.5,10148.5,1395300.0,338960.0,
600628.SH,20260820,6.24,1.0531,1.8889,0.91,60.5598,56.0639,0.9506,3.6656,3.6733,0.641,0.641,64687.5,64687.5,36065.8,403650.0,403650.0,
603657.SH,20260820,27.26,3.6465,9.8437,1.1,,,4.2246,1.4389,1.4354,0.1277,,13519.0,13519.0,5007.96,368528.0,368528.0,
600585.SH,20260820,17.61,0.5081,1.0127,1.15,11.4542,11.9612,0.4794,1.126,1.1538,5.4248,4.8325,527706.0,397746.0,199567.0,9292900.0,7004310.0,
600186.SH,20260820,11.02,13.4901,16.5346,0.68,63.9114,56.1895,10.4645,5.7226,5.3762,,,179276.0,178914.0,145971.0,1975630.0,1971630.0,
600598.SH,20260820,13.31,5.6558,15.7733,1.47,20.2892,19.5798,2.7574,4.5248,4.4472,4.1322,4.1322,177768.0,177768.0,63741.8,2366090.0,2366090.0,
688209.SH,20260820,21.88,2.015,3.8837,0.98,53.329,46.6477,4.2448,5.898,5.6503,0.4033,0.2818,43378.4,43378.4,22505.9,949119.0,949119.0,
300444.SZ,20260820,9.85,4.5731,5.004,0.59,42.735,17.0078,3.7673,1.6393,1.6538,,0.6046,80462.0,62744.2,57341.1,792551.0,618030.0,
600768.SH,20260820,14.95,3.1637,5.0418,0.59,34.1292,18.6141,4.1525,1.7273,1.2148,1.0033,0.3344,13374.7,13374.7,8392.71,199952.0,199952.0,
002379.SZ,20260820,17.6,6.4308,8.3491,1.13,12.8389,11.6369,4.3873,1.4634,1.4516,,1.4205,1303110.0,113637.0,87527.7,22934800.0,2000020.0,
000665.SZ,20260820,3.85,1.3886,2.1414,0.35,,,1.3717,2.8841,3.0348,,,113715.0,113712.0,73738.9,437803.0,437791.0,
603815.SH,20260820,5.21,0.8554,1.6463,0.73,,,2.0479,0.838,0.873,1.2344,,61892.4,61892.4,32160.7,322460.0,322460.0,
688159.SH,20260820,32.08,3.2881,4.6504,0.74,108.896,79.2953,3.1802,1.2378,1.4696,0.309,,9281.07,9281.07,6562.13,297737.0,297737.0,
688255.SH,20260820,25.5,2.183,3.9649,0.78,107.033,86.9448,2.6204,4.3116,4.0169,1.1213,0.5699,10985.9,10985.9,6048.73,280140.0,280140.0,
000592.SZ,20260820,6.14,7.9841,9.6523,0.82,,,6.6936,8.9861,9.3642,,,193178.0,191509.0,158412.0,1186110.0,1175870.0,
301622.SZ,20260820,40.53,1.6874,1.6874,0.95,35.7224,60.299,3.0231,3.2544,3.1585,0.9869,0.3701,11593.2,6465.94,6465.94,469872.0,262065.0,
300061.SZ,20260820,6.28,2.0799,2.3872,0.81,,,8.9251,10.0021,9.8184,,,65899.4,62217.0,54206.0,413848.0,390723.0,
600552.SH,20260820,18.05,5.7866,8.1823,0.76,132.512,128.449,3.9501,2.8997,2.8087,0.277,0.277,94460.7,94460.7,66803.4,1705020.0,1705020.0,
600694.SH,20260820,14.55,0.8192,1.3483,1.14,11.2341,11.0211,0.6026,0.8886,0.8813,5.7363,6.248,37879.4,37879.4,23014.7,551145.0,551145.0,
688171.SH,20260820,27.57,1.0508,1.9039,0.7,270.774,253.477,3.8975,23.1206,20.464,0.1078,0.1155,11685.1,11685.1,6449.13,322158.0,322158.0,
000032.SZ,20260820,14.44,2.6183,3.9121,0.66,,,2.3755,0.3569,0.3549,0.7782,0.1731,121518.0,121518.0,81328.8,1754720.0,1754720.0,
688047.SH,20260820,107.0,0.8817,1.8937,0.79,,,17.8884,67.536,66.4947,,,40100.0,40100.0,18670.7,4290700.0,4290700.0,
301372.SZ,20260820,30.33,3.6237,4.0747,1.06,,,2.8062,7.5278,7.3876,,,6857.14,4117.04,3661.4,207977.0,124870.0,
688001.SH,20260820,53.32,2.1968,9.0169,0.9,313.967,221.803,7.4046,11.2273,10.7541,,0.0973,47156.6,47156.6,11488.8,2514390.0,2514390.0,
002421.SZ,20260820,3.1,5.7615,6.628,0.38,,,2.4226,3.2468,3.0919,0.1613,,212058.0,203620.0,176999.0,657380.0,631222.0,
688757.SH,20260820,32.17,5.0152,5.6981,0.61,209.676,224.577,14.4896,24.5021,23.4466,0.6186,0.3482,40331.1,18122.0,15949.9,1297450.0,582986.0,
601568.SH,20260820,3.71,0.3564,0.898,1.1,136.072,359.507,1.2955,1.6488,1.6866,2.6954,1.3477,397222.0,397222.0,157648.0,1473690.0,1473690.0,
600671.SH,20260820,21.05,1.6607,2.9269,0.47,145.463,156.839,34.7244,12.1058,12.5752,,,12177.9,12177.1,6909.11,256345.0,256327.0,
300681.SZ,20260820,21.18,2.0463,2.1583,0.58,34.8962,27.9634,2.0974,1.6731,1.468,0.1184,0.2927,30605.5,23079.5,21881.8,648225.0,488823.0,
603166.SH,20260820,10.79,1.1882,3.0201,0.74,22.005,21.3314,2.5483,3.5043,3.4475,0.9139,1.8262,64565.1,64071.6,25208.2,696657.0,691332.0,
600775.SH,20260820,9.46,2.0637,3.1579,0.73,805.548,264.546,2.7788,3.4748,3.2296,,0.1057,91383.9,67183.9,43905.6,864491.0,635559.0,
002517.SZ,20260820,16.65,2.7508,3.0725,0.67,18.6863,16.4224,3.4355,6.6802,5.7435,0.6006,0.5963,213644.0,188909.0,169132.0,3557180.0,3145330.0,
300645.SZ,20260820,12.94,1.6825,2.3903,0.75,140.434,139.355,1.7472,1.397,1.3883,0.1509,0.1525,14210.7,13932.0,9806.86,183886.0,180281.0,
603882.SH,20260820,30.76,2.3673,4.0737,1.12,,,2.2445,2.363,2.4091,2.8609,2.8609,46325.8,46013.5,26739.4,1424980.0,1415370.0,
600835.SH,20260820,18.23,0.4315,1.1033,0.55,23.1719,23.929,1.2985,0.9517,0.9494,2.3039,1.9748,100729.0,80650.4,31543.1,1836300.0,1470260.0,
603997.SH,20260820,11.51,1.4797,2.5535,0.84,32.2842,22.0282,2.6628,0.6428,0.578,,0.9296,127226.0,127226.0,73722.4,1464380.0,1464380.0,
000860.SZ,20260820,10.46,0.8763,1.4215,0.58,,,1.13,1.0741,1.2168,1.434,,74176.7,74176.7,45725.6,775888.0,775888.0,
003000.SZ,20260820,10.43,0.8903,1.1989,0.61,19.3742,19.0834,3.193,1.9252,1.8181,3.7903,3.7695,45089.4,30806.0,22876.9,470283.0,321307.0,
600569.SH,20260820,1.74,0.466,1.4498,0.87,,,3.4291,0.1666,0.1688,,,287242.0,287242.0,92331.4,499801.0,499801.0,
300632.SZ,20260820,18.49,5.397,6.3186,0.82,,,3.2576,7.011,7.1563,0.5006,0.5217,30518.2,22119.6,18893.4,564281.0,408991.0,
301365.SZ,20260820,38.46,2.2557,5.5235,0.47,111.512,161.256,3.9836,9.5252,9.7339,2.2243,1.7445,18242.9,12346.6,5042.14,701621.0,474849.0,
600137.SH,20260820,17.95,0.9356,2.1167,0.78,53.9922,56.5901,3.0983,4.4765,4.3755,1.0362,1.1142,9721.76,9721.76,4297.28,174506.0,174506.0,
002670.SZ,20260820,10.95,0.6521,1.8245,0.57,77.6277,103.85,1.8691,11.8556,12.7066,,,193508.0,162335.0,58016.0,2118920.0,1777570.0,
002615.SZ,20260820,6.56,1.7194,2.1962,0.7,52.3108,132.473,1.5354,1.1341,1.0676,3.1562,,55981.2,30221.7,23661.2,367237.0,198254.0,
300120.SZ,20260820,9.0,10.2457,11.0588,0.62,,,2.0609,2.006,1.9395,,,57439.4,52744.7,48866.5,516954.0,474702.0,
600616.SH,20260820,4.31,0.926,1.4587,0.59,1413.19,7009.95,1.4906,5.4641,5.6525,1.1601,1.1601,66900.5,66900.5,42471.3,288341.0,288341.0,
920690.BJ,20260820,16.45,2.2099,4.1504,0.48,19.6693,19.4378,2.2974,3.6301,3.5475,1.8705,2.3381,8619.0,5602.88,2983.33,141783.0,92167.4,
003033.SZ,20260820,65.54,1.8956,5.6608,0.41,30.5914,34.743,3.7482,2.7727,2.7383,0.7629,0.7629,8175.0,8074.36,2703.84,535790.0,529194.0,
301110.SZ,20260820,35.07,2.2247,3.1439,0.54,36.9241,29.2835,2.9485,3.2112,3.0622,0.8147,0.8147,12954.9,9111.85,6447.61,454330.0,319553.0,
688750.SH,20260820,13.91,0.9692,1.3974,0.76,108.538,108.11,2.6003,10.4764,10.1406,0.6039,0.1653,46250.0,23291.8,16155.2,643338.0,323989.0,
688528.SH,20260820,9.8,1.0933,3.2441,1.08,,,3.6992,6.0976,5.9695,,,16800.0,16800.0,5661.9,164640.0,164640.0,
300945.SZ,20260820,12.36,5.9155,10.1482,1.22,28.2713,25.1706,1.8672,1.1827,1.2317,1.6181,1.3754,26207.2,23870.4,13914.4,323920.0,295038.0,
002840.SZ,20260820,8.3,2.705,4.6824,0.75,,,1.8514,0.8248,0.8473,,,80216.6,79662.8,46021.1,665798.0,661201.0,
688131.SH,20260820,100.09,4.045,5.9423,1.23,88.9991,87.0193,6.8506,7.4186,7.1156,0.2277,0.2294,21323.4,21323.4,14515.1,2134260.0,2134260.0,
688295.SH,20260820,38.47,0.5502,2.9539,0.78,359.966,201.452,7.2855,15.7827,14.6779,,0.0858,90000.0,90000.0,16762.3,3462300.0,3462300.0,
601956.SH,20260820,4.95,0.626,1.1848,0.77,40.4884,220.465,1.2483,0.5013,0.4863,2.0207,1.9919,62161.7,62161.7,32842.7,307700.0,307700.0,
603960.SH,20260820,15.86,1.6831,2.7029,0.93,150.765,196.219,3.6936,8.3575,8.4992,0.3601,0.2018,26219.8,26219.8,16327.4,415846.0,415846.0,
300501.SZ,20260820,10.1,1.2467,1.2467,1.2,,,2.0191,2.543,2.4767,3.1123,5.2354,27818.3,27722.3,27722.3,280965.0,279995.0,
002970.SZ,20260820,49.7,1.8976,2.9023,0.64,23.8882,28.092,4.278,3.6906,3.6276,2.1498,1.989,18393.1,12638.6,8263.36,914137.0,628141.0,
603505.SH,20260820,15.39,0.9124,2.0138,0.67,39.7629,40.4592,6.8301,3.332,3.2805,0.6852,0.7777,84166.9,84166.9,38132.3,1295330.0,1295330.0,
002825.SZ,20260820,9.03,1.2903,1.9953,0.72,21.909,43.0715,1.9633,1.5587,1.3997,1.3093,1.3178,34194.1,25662.7,16595.9,308772.0,231734.0,
603409.SH,20260820,17.89,2.9897,2.9897,0.52,22.7927,21.0059,2.1645,2.7199,2.597,1.8758,1.1254,18777.8,5387.8,5387.8,335935.0,96387.7,
920719.BJ,20260820,7.36,3.1472,3.4169,2.12,,,10.3211,3.3626,3.8807,,,9309.34,7434.27,6847.47,68516.7,54716.2,
300902.SZ,20260820,16.1,2.9248,4.4527,0.54,,,3.6088,9.3008,10.1627,,,18180.3,12479.5,8197.23,292703.0,200921.0,
920056.BJ,20260820,16.08,1.0522,1.0522,0.72,23.8711,22.667,2.3845,2.198,2.1937,,0.9142,8169.17,3084.39,3084.39,131360.0,49597.0,
000703.SZ,20260820,20.1,4.5918,10.1982,1.88,297.344,12.9466,2.5764,0.6766,0.6151,0.2148,0.2239,382156.0,380239.0,171206.0,7681340.0,7642800.0,
600790.SH,20260820,3.38,0.7557,1.2544,1.15,,16.3261,0.8329,5.6458,5.5921,3.289,3.289,146579.0,146579.0,88311.2,495437.0,495437.0,
920374.BJ,20260820,14.51,1.961,2.26,1.5,80.3354,91.7919,4.7162,5.0565,5.0282,0.7145,0.5907,8559.39,3492.49,3030.43,124197.0,50676.0,
300576.SZ,20260820,30.82,5.7288,6.8915,0.6,105.32,112.73,7.1474,11.6406,11.3311,0.2205,0.2061,40368.8,25408.1,21121.6,1244170.0,783077.0,
000900.SZ,20260820,3.67,0.8098,1.5153,1.56,13.7698,14.1228,0.498,0.9388,0.843,4.0872,4.3597,151783.0,151774.0,81115.9,557043.0,557010.0,
002031.SZ,20260820,5.12,9.2336,10.3915,0.63,,,5.8022,14.2882,15.7913,,,219940.0,191362.0,170038.0,1126090.0,979774.0,
601000.SH,20260820,4.61,0.6203,1.4388,1.0,13.6705,13.0847,1.2463,4.8064,4.5823,4.3384,4.3384,592593.0,592593.0,255465.0,2731850.0,2731850.0,
300032.SZ,20260820,3.71,1.9125,2.2901,1.02,444.01,,4.6032,1.8855,2.0029,,,80317.0,80317.0,67074.3,297976.0,297976.0,
603193.SH,20260820,21.36,4.1405,4.2415,1.74,27.4788,26.7608,3.801,5.5944,5.498,2.0131,2.1536,40459.3,10333.6,10087.6,864211.0,220726.0,
002942.SZ,20260820,15.84,1.5235,4.4713,1.16,25.8138,24.6783,1.9306,2.2223,2.1454,1.8985,2.5253,15548.1,13875.8,4727.87,246281.0,219793.0,
000631.SZ,20260820,2.93,0.5032,1.7586,0.79,114.265,145.51,1.2231,13.671,14.6933,,0.5119,230000.0,230000.0,65816.8,673900.0,673900.0,
603978.SH,20260820,18.5,3.1651,4.995,0.89,,,2.3545,1.196,1.14,,,21109.4,21109.4,13376.0,390524.0,390524.0,
300532.SZ,20260820,6.91,1.028,1.5295,0.87,18.6793,20.2423,2.3818,1.8607,1.9292,3.0963,4.1316,63564.0,60458.2,40632.7,439227.0,417766.0,
001208.SZ,20260820,13.46,8.9663,9.0866,1.43,77.9727,79.2069,2.9215,1.9064,1.8223,0.3856,0.4829,63835.0,31873.4,31451.6,859220.0,429016.0,
605123.SH,20260820,75.08,2.2743,5.2272,1.15,36.0477,34.7988,1.9524,2.5678,2.3821,1.0096,1.0389,12117.1,12117.1,5272.09,909751.0,909751.0,
301363.SZ,20260820,17.0,3.7431,8.2116,1.07,47.8006,46.1662,3.6646,8.3245,7.9322,0.6353,1.1748,79596.7,52203.0,23795.7,1353140.0,887452.0,
300784.SZ,20260820,41.17,7.4178,7.4178,1.52,43.1267,49.4285,2.8397,4.3496,4.3859,0.9716,0.9716,5623.76,1681.5,1681.5,231530.0,69227.4,
300238.SZ,20260820,12.43,5.8593,7.9781,1.75,135.377,167.796,5.6814,8.5,8.5298,,,26515.6,26513.4,19472.3,329589.0,329562.0,
301383.SZ,20260820,22.4,2.589,3.9985,0.81,,,1.8755,1.9622,2.0025,1.7812,,16328.3,7061.41,4572.16,365754.0,158176.0,
603871.SH,20260820,12.53,0.799,1.971,1.28,15.0219,14.2017,2.7249,2.0463,2.1388,3.8764,3.1876,136801.0,136801.0,55453.3,1714110.0,1714110.0,
603518.SH,20260820,8.15,1.0649,1.6028,0.65,12.4315,11.3406,0.7325,0.6698,0.6757,3.8184,2.454,34535.2,34407.4,22858.9,281462.0,280420.0,
300370.SZ,20260820,2.18,1.1235,1.7303,0.89,,,7.9006,8.2958,8.2095,,,156538.0,156147.0,101388.0,341252.0,340400.0,
300021.SZ,20260820,3.96,2.8067,3.7968,0.91,82.7928,80.3346,1.5436,1.0764,1.0601,1.306,0.4974,102237.0,87338.9,64563.3,404858.0,345862.0,
603689.SH,20260820,7.58,0.8807,2.3957,1.56,12.2834,11.7839,1.0561,0.7802,0.7988,4.9196,4.5727,52581.3,52344.8,19242.0,398567.0,396774.0,
300705.SZ,20260820,12.43,9.0592,12.4223,1.26,13.1522,15.4011,2.3432,1.999,2.0659,2.4721,3.1783,50029.1,36994.6,26979.2,621862.0,459843.0,
300346.SZ,20260820,57.03,5.9829,6.8498,0.83,123.271,113.138,10.9487,15.2455,15.0464,0.4617,0.8066,69115.7,65599.0,57296.5,3941670.0,3741110.0,
920351.BJ,20260820,12.92,11.7057,13.1794,2.4,61.6776,76.7748,2.5604,0.586,0.6196,0.774,0.774,8803.54,3984.03,3538.53,113742.0,51473.7,
002066.SZ,20260820,21.48,1.2324,2.0584,0.37,,,8.1098,1.3031,1.3572,0.6867,,23490.7,23100.0,13830.3,504580.0,496188.0,
605050.SH,20260820,10.26,0.3056,0.8398,0.66,13.4669,13.6221,1.1321,0.4299,0.4261,3.4049,3.886,49282.9,49282.9,17931.4,505643.0,505643.0,
002426.SZ,20260820,2.59,1.9569,2.2766,0.55,,,5.3681,2.4838,2.4911,,,340263.0,340260.0,292468.0,881280.0,881273.0,
300719.SZ,20260820,11.43,1.8086,2.1366,1.02,,,2.8781,4.2756,4.4471,0.35,,25422.7,17959.5,15202.1,290582.0,205277.0,
300488.SZ,20260820,31.12,2.7063,6.2087,1.06,35.1197,32.5805,2.7198,8.3455,8.1466,0.5718,0.6326,19122.1,16225.3,7072.41,595079.0,504933.0,
603618.SH,20260820,27.74,9.8035,19.003,0.69,,,7.089,2.0292,1.983,0.2163,,69137.6,69137.6,35667.6,1917880.0,1917880.0,
603073.SH,20260820,16.71,2.2695,2.4473,0.73,27.8348,32.3321,1.3971,2.4046,2.3971,1.7953,0.5984,11600.0,5089.28,4719.42,193836.0,85041.9,
002909.SZ,20260820,5.19,1.4573,2.4277,0.85,,,2.3799,1.8643,1.9291,1.9076,,39000.0,38039.7,22834.0,202410.0,197426.0,
300982.SZ,20260820,14.76,1.0716,2.0138,0.78,,,1.0722,2.3896,2.8778,3.9714,0.6619,20696.5,19389.7,10317.7,305480.0,286192.0,
600131.SH,20260820,15.45,0.3918,0.9421,0.81,28.133,28.1924,2.853,1.7401,1.7472,1.1108,1.0683,119699.0,119591.0,49734.8,1849340.0,1847670.0,
002292.SZ,20260820,8.09,3.6049,4.3248,0.96,166.438,154.375,4.0234,4.8377,4.8447,,,147870.0,101788.0,84845.1,1196270.0,823468.0,
603239.SH,20260820,14.47,0.9389,2.2373,0.68,17.6531,19.174,2.8467,2.5735,2.5949,1.4513,2.0733,27072.0,27072.0,11360.9,391732.0,391732.0,
600795.SH,20260820,5.16,1.0643,2.438,1.3,12.8511,14.1832,1.5275,0.5406,0.5363,4.0698,4.6705,1783560.0,1783560.0,778583.0,9203180.0,9203180.0,
300828.SZ,20260820,16.92,6.2054,9.1694,0.42,86.3821,102.631,3.5664,4.7381,4.6214,1.7592,0.3515,16642.2,12466.9,8436.93,281586.0,210940.0,
600578.SH,20260820,5.62,0.9601,4.6884,0.31,10.6597,10.6107,1.4921,1.062,1.0555,2.1352,3.0249,669462.0,669462.0,137100.0,3762380.0,3762380.0,
002194.SZ,20260820,10.03,4.8519,6.1442,0.51,,,2.7667,5.0692,5.1739,0.6979,,68328.6,51087.9,40343.2,685336.0,512412.0,
002850.SZ,20260820,180.46,1.7299,1.9698,0.62,29.2917,26.6667,3.4176,3.3965,2.9067,1.0586,1.3448,28633.2,20966.1,18412.0,5167150.0,3783540.0,
601668.SH,20260820,4.43,0.5688,1.3448,1.22,4.6853,4.8249,0.369,0.0879,0.0898,6.1287,6.1354,4132040.0,4132040.0,1747670.0,18304900.0,18304900.0,
603341.SH,20260820,36.6,2.9509,2.9509,0.32,32.6889,42.8477,2.6482,0.4541,0.4745,1.3291,1.3625,52259.1,26740.2,26740.2,1912680.0,978692.0,
600615.SH,20260820,9.31,0.8068,1.1532,1.0,,,2.911,3.4049,3.4944,,,22562.5,22526.6,15760.1,210057.0,209723.0,
600335.SH,20260820,5.04,0.6477,2.0949,1.04,17.7888,18.1239,0.6423,0.2106,0.2188,2.1948,2.2256,148746.0,148746.0,45984.9,749678.0,749678.0,
301667.SZ,20260820,63.06,11.7441,11.7441,0.78,72.8599,79.1116,5.461,3.9556,3.7635,,0.1586,11167.0,2372.98,2372.98,704188.0,149640.0,
300396.SZ,20260820,7.2,1.535,3.2058,1.55,,,1.2695,2.4328,2.2701,3.6111,,27270.0,27230.5,13038.5,196344.0,196059.0,
688095.SH,20260820,59.89,2.6412,4.3913,0.47,180.958,115.589,2.0816,5.1297,4.9886,0.4918,0.4994,9135.95,9135.95,5494.89,547152.0,547152.0,
688501.SH,20260820,13.27,1.3541,2.2379,1.04,13.1927,17.1607,2.007,1.1487,1.3106,1.2798,1.5072,17391.6,17391.6,10523.0,230787.0,230787.0,
601158.SH,20260820,4.14,0.1477,1.2908,1.27,24.5701,23.8078,1.1351,2.641,2.6377,3.7922,3.0676,480003.0,480003.0,54906.9,1987210.0,1987210.0,
301259.SZ,20260820,23.54,3.475,4.3928,0.87,176.895,170.444,6.0141,19.7154,20.7753,,0.1758,22620.0,14505.9,11475.2,532475.0,341470.0,
300700.SZ,20260820,19.28,2.6513,2.6612,0.89,,,9.9225,17.0205,16.3072,,,39702.9,35540.9,35409.1,765472.0,685229.0,
300625.SZ,20260820,9.7,0.9591,1.3758,1.06,,,1.4048,1.5008,1.5203,3.0928,2.5773,27933.1,16197.2,11291.7,270951.0,157113.0,
300511.SZ,20260820,5.92,13.4425,14.2678,1.51,127.335,19.3837,2.1266,1.9087,1.7044,,,64084.7,54600.3,51441.8,379381.0,323234.0,
603071.SH,20260820,12.41,1.3805,4.7695,1.19,10.8481,9.9239,1.1657,0.1856,0.1921,4.8348,3.7873,55795.4,55795.4,16150.0,692421.0,692421.0,
002460.SZ,20260820,51.27,1.9281,2.16,0.7,66.6453,28.2436,2.3138,4.6573,3.771,0.2926,0.2926,209669.0,121122.0,108119.0,10749800.0,6209910.0,
688820.SH,20260820,127.98,13.4414,13.4414,1.57,258.987,254.98,12.3567,36.556,35.3167,,,186277.0,17290.3,17290.3,23839800.0,2212810.0,
002980.SZ,20260820,97.99,9.9614,13.8879,0.83,207.316,237.749,16.3527,22.9833,23.7487,0.5328,,18841.1,10128.7,7265.03,1846240.0,992509.0,
300792.SZ,20260820,23.45,1.9765,3.5293,0.69,51.8132,49.3402,1.8764,5.194,5.3685,0.4251,0.5952,23766.2,21325.3,11942.7,557318.0,500079.0,
688359.SH,20260820,95.12,4.8988,7.9558,1.05,,,15.0905,20.7089,19.3464,,,9968.01,9968.01,6137.81,948157.0,948157.0,
301040.SZ,20260820,26.94,2.9059,4.4454,1.1,,,3.8442,3.8173,3.897,,,10000.1,9436.42,6168.39,269403.0,254217.0,
688002.SH,20260820,159.88,2.3262,3.017,0.85,66.1839,36.6124,9.3955,11.8069,9.125,0.0968,0.2347,46555.0,46555.0,35894.3,7443210.0,7443210.0,
300124.SZ,20260820,59.12,0.6544,0.8112,0.66,31.6977,33.7663,4.3998,3.5489,3.4595,0.6899,0.8451,270760.0,241031.0,194427.0,16007400.0,14249800.0,
301220.SZ,20260820,27.71,1.2144,1.4199,0.85,27.0794,63.5856,1.795,3.0248,2.8684,0.5105,0.5389,11300.7,7801.71,6672.54,313142.0,216185.0,
002485.SZ,20260820,5.98,0.4554,1.8519,0.98,,,3.205,4.9657,6.294,,,54400.0,54400.0,13377.7,325312.0,325312.0,
300883.SZ,20260820,6.44,3.9724,5.3685,1.02,,,1.5789,2.5182,2.4389,,,34600.0,33067.5,24468.1,222824.0,212954.0,
301066.SZ,20260820,12.01,1.1397,2.2745,0.76,84.5802,76.5628,2.1897,3.9426,3.7675,1.139,0.8261,23492.3,23311.7,11681.3,282143.0,279973.0,
603398.SH,20260820,10.49,1.6526,2.5498,1.03,,,,11.6914,10.9284,,,43364.2,43364.2,28105.3,454890.0,454890.0,
000898.SZ,20260820,2.0,0.4317,1.6712,1.24,,,0.4414,0.1951,0.2015,,,936922.0,795748.0,205561.0,1873840.0,1591500.0,
000700.SZ,20260820,10.75,4.3086,6.4692,1.07,20.4331,19.8492,2.4892,1.3884,1.4276,2.0186,3.04,91801.5,91801.5,61141.2,986867.0,986867.0,
600301.SH,20260820,47.34,3.9215,5.3962,0.9,37.396,31.4299,5.8807,5.1605,4.946,,0.8238,63256.7,27533.6,20008.8,2994570.0,1303440.0,
002820.SZ,20260820,9.94,18.9895,28.7671,3.49,,,2.4,4.2375,4.3251,1.4675,1.4688,20086.8,20086.8,13259.5,199663.0,199663.0,
002055.SZ,20260820,5.87,2.6472,2.7411,1.65,,,2.6176,0.7876,0.778,,,60449.0,59399.0,57364.5,354836.0,348672.0,
601808.SH,20260820,12.31,0.6343,3.4168,1.05,15.2895,15.4159,1.2363,1.1682,1.1567,1.8733,2.2949,477159.0,296047.0,54962.1,5873830.0,3644340.0,
603648.SH,20260820,9.28,0.975,1.9306,,27.2998,26.9556,1.7755,2.1878,2.1619,3.2328,3.4483,36241.3,36241.3,18301.9,336319.0,336319.0,
000799.SZ,20260820,38.77,1.8243,2.644,0.64,,,3.3404,11.3711,11.6526,1.5476,0.7738,32492.9,32489.8,22417.1,1259750.0,1259630.0,
603017.SH,20260820,9.5,2.1113,3.7624,1.32,53.4875,53.9504,1.7574,2.2289,2.2624,2.0786,3.6375,27619.0,27619.0,15498.5,262381.0,262381.0,
002021.SZ,20260820,2.64,2.1595,2.6888,1.03,,,5.1501,3.7509,3.8383,,,119548.0,119544.0,96014.3,315606.0,315596.0,
688701.SH,20260820,8.36,1.7539,3.4989,1.12,,,8.64,8.8707,8.7041,,,13427.7,13427.7,6730.78,112256.0,112256.0,
300077.SZ,20260820,19.19,5.1445,5.1445,0.7,,,7.4717,9.5667,8.9682,,,67812.7,56632.8,56632.8,1301330.0,1086780.0,
300272.SZ,20260820,6.02,2.9476,3.5754,0.72,65.7225,90.8405,2.9116,1.9995,1.9942,2.7735,2.99,61146.9,46447.2,38291.6,368105.0,279612.0,
000514.SZ,20260820,4.05,1.6635,4.5188,1.67,505.756,,0.9311,4.696,4.1906,,0.2469,84377.1,84377.1,31062.2,341727.0,341727.0,
603380.SH,20260820,33.72,1.5486,3.4779,0.83,24.3486,25.6464,3.3533,2.3629,2.3826,2.9656,1.7778,16044.1,16044.1,7143.85,541008.0,541008.0,
002992.SZ,20260820,34.52,0.7904,1.4277,0.83,522.878,402.424,8.4822,4.7734,4.9782,,,18086.9,15623.5,8649.71,624358.0,539324.0,
002333.SZ,20260820,5.71,7.1884,22.5508,5.37,72.2599,77.3168,1.9944,2.4926,2.6999,0.1751,0.1751,67492.5,66650.9,21246.1,385382.0,380577.0,
603055.SH,20260820,8.74,0.6956,2.0426,0.6,14.6464,15.5675,1.4407,1.2144,1.2225,2.8597,2.059,89029.4,88848.0,30258.6,778117.0,776531.0,
920469.BJ,20260820,5.5,1.081,1.4563,0.57,,,2.6923,2.0438,2.7044,0.9091,,14094.6,10344.8,7679.17,77520.3,56896.5,
688581.SH,20260820,53.36,1.9611,2.7711,0.99,19.4321,20.1496,1.6908,7.2562,7.2668,2.581,1.9559,8074.07,4117.83,2914.27,430832.0,219727.0,
002461.SZ,20260820,8.74,0.2019,1.2727,1.0,21.4034,20.8927,1.7247,3.2912,3.2515,1.9451,2.1739,221333.0,221333.0,35105.8,1934450.0,1934450.0,
002867.SZ,20260820,12.33,0.7126,1.9655,1.31,12.1316,11.6939,1.9755,1.5183,1.6532,7.2993,7.2993,108547.0,107910.0,39124.5,1338390.0,1330530.0,
603896.SH,20260820,15.41,1.1073,1.8696,1.1,168.091,,1.3765,4.772,4.8855,1.7521,,19824.4,19824.4,11741.2,305494.0,305494.0,
600771.SH,20260820,13.92,2.626,3.0954,1.17,108.08,102.93,4.0095,4.976,4.7305,,,48949.1,48949.1,41525.8,681372.0,681372.0,
300774.SZ,20260820,11.0,3.8924,5.3618,1.11,53.4657,118.644,3.0886,4.4436,4.7658,1.8182,0.2273,40876.4,20407.7,14815.3,449640.0,224485.0,
603261.SH,20260820,49.9,1.5733,4.6277,0.4,,,7.7374,11.2234,10.8193,,,7750.5,7750.5,2634.99,386750.0,386750.0,
600406.SH,20260820,23.07,0.5178,1.2062,0.91,22.3811,22.2706,3.4638,2.7978,2.7698,2.5122,2.6811,803176.0,800818.0,343762.0,18529300.0,18474900.0,
300469.SZ,20260820,57.1,1.7177,2.0907,0.79,,,60.5566,55.1718,58.893,,,24823.9,24811.4,20384.9,1417440.0,1416730.0,
920221.BJ,20260820,12.74,1.2901,2.1455,0.73,26.0615,25.9531,3.4917,4.3254,4.2763,2.5589,0.7849,11865.0,6193.09,3723.88,151160.0,78900.0,
603813.SH,20260820,29.36,1.1805,3.3677,1.36,,,6.2142,9.0134,9.1216,,,10501.5,10501.5,3681.2,308324.0,308324.0,
920169.BJ,20260820,20.38,13.603,21.8852,2.1,57.0465,59.2865,4.8895,7.9015,8.0739,0.4964,,8080.01,5084.16,3160.13,164671.0,103615.0,
002839.SZ,20260820,4.36,1.4071,1.7784,1.34,5.3853,5.3472,0.5575,2.2452,2.2733,6.8807,5.0459,244434.0,244202.0,193217.0,1065730.0,1064720.0,
002719.SZ,20260820,6.05,1.224,1.5193,0.73,,,9.6604,1.753,1.8148,,,17413.9,16187.2,13041.0,105354.0,97932.7,
002299.SZ,20260820,16.48,1.1949,2.5432,1.16,14.8406,13.7879,1.7851,1.0192,0.9687,4.2242,3.0239,124277.0,121860.0,57254.5,2048090.0,2008250.0,
688565.SH,20260820,11.06,1.1335,1.6694,1.12,185.265,250.537,3.3303,5.8207,5.9758,,0.2712,14973.0,14973.0,10166.8,165601.0,165601.0,
300233.SZ,20260820,14.42,5.1114,6.6421,1.09,125.276,82.7103,1.487,2.0225,2.0017,2.7411,1.7132,38387.5,36981.5,28458.7,553547.0,533274.0,
600519.SH,20260820,1291.5,0.2026,0.4454,0.58,19.6122,19.8256,6.4257,9.5623,9.4885,4.0057,4.0281,125008.0,125008.0,56879.9,161448000.0,161448000.0,
301338.SZ,20260820,96.66,4.0413,8.2447,0.87,77.1104,65.8987,8.4788,12.4572,11.0849,0.1478,0.3917,14896.0,10853.5,5320.07,1439850.0,1049100.0,
300163.SZ,20260820,6.55,5.7253,6.086,0.81,44.4242,90.6912,5.6517,14.1025,15.6571,,,47400.0,45659.6,42953.4,310470.0,299070.0,
002284.SZ,20260820,9.55,5.2148,9.0637,1.2,14.4011,12.6557,1.9869,1.2588,1.2244,0.5236,1.0471,73910.0,73218.8,42126.8,705841.0,699240.0,
688343.SH,20260820,56.55,1.9478,2.7935,0.74,,,5.4666,15.1839,14.6644,,,35960.3,35960.3,25074.1,2033560.0,2033560.0,
300081.SZ,20260820,3.11,2.8699,3.201,1.91,,,2.3861,4.7953,4.4371,,,60479.5,60468.1,54213.7,188091.0,188056.0,
301158.SZ,20260820,15.46,4.7946,8.7785,0.5,25.8555,29.2556,2.1541,4.1808,4.2831,1.6215,1.6751,19501.5,19015.4,10385.7,301494.0,293979.0,
920809.BJ,20260820,7.48,1.3466,1.3466,0.79,,98.8173,2.6329,1.2829,0.8421,,,59905.0,45910.7,45910.7,448089.0,343412.0,
603317.SH,20260820,14.66,0.8736,3.0142,0.75,27.3297,20.8969,3.2734,4.5148,3.9543,3.7542,3.7298,106208.0,106208.0,30780.8,1557000.0,1557000.0,
600064.SH,20260820,7.74,1.1737,1.7984,1.76,7.3176,7.5878,0.6783,3.9244,4.5261,3.876,4.1344,173034.0,173034.0,112926.0,1339280.0,1339280.0,
002057.SZ,20260820,8.53,1.6501,2.4664,0.76,36.4854,35.8434,1.9706,2.0542,2.0119,1.4537,1.3834,75388.4,75331.4,50399.3,643063.0,642577.0,
002787.SZ,20260820,21.4,5.5116,6.9302,0.94,62.6855,50.7885,3.9032,3.0776,3.0409,0.4673,,33239.9,24808.3,19730.0,711333.0,530898.0,
000755.SZ,20260820,4.8,0.2844,1.254,0.85,15.1389,14.9755,1.2506,4.3227,4.3185,4.1667,4.1667,146731.0,146731.0,33275.5,704309.0,704309.0,
300936.SZ,20260820,88.14,11.9966,18.12,1.49,3118.61,7560.24,6.5757,29.3109,26.7442,0.1135,,7520.0,4742.12,3139.59,662813.0,417970.0,
603085.SH,20260820,10.0,1.3201,2.0124,1.16,46.7739,44.5724,4.1044,1.3154,1.2181,,,39710.0,39710.0,26049.0,397100.0,397100.0,
301677.SZ,20260820,55.45,13.1736,13.1736,0.6,28.0605,27.7892,3.9726,10.8376,10.671,,,10000.0,2144.0,2144.0,554500.0,118885.0,
000065.SZ,20260820,8.93,1.1777,2.2574,0.87,14.3392,15.7886,0.9266,0.7652,0.8463,1.5278,1.5342,116144.0,106502.0,55562.9,1037170.0,951062.0,
300218.SZ,20260820,12.56,0.793,1.2544,0.7,20.7489,30.1024,1.7348,1.1995,1.2179,1.9615,2.04,21698.7,21627.6,13672.0,272536.0,271643.0,
301173.SZ,20260820,31.94,2.4413,2.4413,0.86,16.2127,16.4209,1.8115,1.2303,1.2885,0.7138,1.1459,8783.48,3082.87,3082.87,280544.0,98466.9,
000066.SZ,20260820,14.15,2.1294,3.5564,0.44,,2262.58,4.1754,2.8874,2.8227,,,322580.0,322555.0,193127.0,4564510.0,4564150.0,
301200.SZ,20260820,286.93,0.9468,6.0875,1.06,170.225,136.17,12.5276,24.305,20.7308,0.1359,0.2091,48900.8,42523.8,6613.81,14031100.0,12201400.0,
301526.SZ,20260820,32.49,11.3626,11.3626,0.96,449.647,179.947,13.9962,14.1509,12.939,,0.0616,377088.0,140439.0,140439.0,12251600.0,4562870.0,
300457.SZ,20260820,19.92,1.1451,1.9325,0.74,23.8811,21.973,1.8674,1.3607,1.2654,0.5815,0.4224,64517.9,63484.6,37618.0,1285200.0,1264610.0,
688793.SH,20260820,20.63,2.7848,6.1426,0.71,,,7.8689,2.2512,2.2557,,,8500.31,8500.31,3853.74,175361.0,175361.0,
920225.BJ,20260820,15.03,2.0777,2.5199,0.36,22.9181,33.4136,2.5748,4.134,4.3148,1.3307,0.6653,12691.9,8278.22,6825.48,190759.0,124422.0,
603617.SH,20260820,6.71,1.0029,1.7454,0.57,51.7946,54.9964,1.6788,2.3296,2.3266,1.1943,0.7452,38981.1,38672.6,22221.7,261563.0,259493.0,
920392.BJ,20260820,13.78,1.0289,1.3222,0.64,51.4013,58.2875,3.093,1.4315,1.3903,0.5523,0.7257,7666.87,3603.99,2804.56,105649.0,49663.0,
301429.SZ,20260820,17.34,2.8889,3.6051,1.06,40.0479,42.0146,1.5113,2.1146,2.1099,1.9624,1.7233,11822.0,4402.1,3527.54,204993.0,76332.4,
603327.SH,20260820,8.86,2.8601,9.7135,1.31,78.2615,63.442,3.6996,3.4922,3.2463,2.0639,1.2375,104546.0,104546.0,30783.2,926277.0,926277.0,
603589.SH,20260820,19.26,0.7365,1.2063,0.75,17.1087,29.4211,1.0736,2.8867,3.2398,6.755,2.5899,59811.9,59811.9,36515.1,1151980.0,1151980.0,
003039.SZ,20260820,11.96,0.518,2.3716,1.15,24.3072,23.3349,2.4842,3.3144,3.2587,1.7559,1.9314,61751.9,61751.9,13488.4,738552.0,738552.0,
688639.SH,20260820,17.35,3.8269,5.528,1.54,32.7727,35.1624,1.6143,1.5163,1.473,1.4381,0.9204,25011.6,25011.6,17314.8,433951.0,433951.0,
920187.BJ,20260820,18.9,0.7409,0.7455,0.24,11.556,13.493,1.3413,1.7605,1.8139,,1.8245,9048.0,3319.53,3299.24,171007.0,62739.1,
688205.SH,20260820,166.99,9.573,14.1181,1.1,371.612,187.634,10.8386,28.4765,25.4337,0.1959,0.0595,15923.7,15923.7,10797.3,2659110.0,2659110.0,
300009.SZ,20260820,10.15,16.3161,18.4078,4.85,23.0655,24.4424,3.575,6.4075,6.6254,2.4596,2.4631,167070.0,123025.0,109046.0,1695760.0,1248700.0,
300145.SZ,20260820,4.05,1.7732,2.5987,0.5,32.9048,31.0496,2.6135,1.4742,1.4525,,1.2346,192024.0,191083.0,130385.0,777698.0,773886.0,
688685.SH,20260820,40.81,1.8159,2.8562,0.5,340.949,,7.482,13.029,15.2272,0.381,0.1103,14685.2,14685.2,9336.34,599302.0,599302.0,
000937.SZ,20260820,4.69,0.719,2.5547,1.62,29.7554,44.9986,0.9442,1.2041,1.2427,11.6302,1.9384,388690.0,377673.0,106294.0,1822960.0,1771290.0,
301353.SZ,20260820,19.09,3.6068,3.6068,0.93,33.3251,34.7917,1.8434,2.6058,2.5129,1.5246,1.982,12701.7,4082.69,4082.69,242475.0,77938.6,
920126.BJ,20260820,10.09,3.9145,3.9145,0.63,17.1653,17.1653,2.4223,2.583,2.583,,,18608.0,4466.8,4466.8,187755.0,45070.0,
301449.SZ,20260820,39.84,12.732,12.732,0.84,35.2656,39.1658,3.1573,4.2011,4.2518,,1.0757,9130.43,2054.35,2054.35,363757.0,81845.3,
002833.SZ,20260820,18.4,1.1355,1.5838,1.01,18.3353,17.7981,2.6425,3.2504,3.0879,3.7615,4.8362,42907.0,29306.7,21010.8,789488.0,539243.0,
301058.SZ,20260820,8.53,2.6643,5.6996,1.08,19.059,19.0433,1.8982,1.4506,1.4061,1.7297,1.7297,52080.3,51227.4,23946.2,444245.0,436970.0,
301520.SZ,20260820,74.0,41.743,41.743,0.98,189.235,283.459,4.549,25.1465,29.5061,0.3375,0.2883,9317.14,3269.84,3269.84,689468.0,241968.0,
300957.SZ,20260820,32.35,2.6854,5.2772,1.72,27.0969,25.2206,2.1891,2.5573,2.479,1.8446,1.9983,42360.0,42360.0,21555.6,1370350.0,1370350.0,
300940.SZ,20260820,13.74,2.4346,3.0724,0.97,34.5556,47.0313,2.6058,3.8597,4.0933,,,22264.4,15747.9,12478.9,305913.0,216377.0,
600271.SH,20260820,6.74,0.7058,1.3322,1.09,,,0.9619,2.2487,2.3439,0.0593,,185288.0,185288.0,98160.8,1248840.0,1248840.0,
300154.SZ,20260820,11.93,6.3418,13.4029,0.95,51.3796,60.9163,2.9793,5.9979,6.0233,1.6764,1.6764,44955.5,31515.4,14912.0,536320.0,375979.0,
601886.SH,20260820,12.86,3.2026,9.7564,0.84,23.8764,20.1571,2.0143,0.667,0.6245,4.2768,3.888,113300.0,113300.0,37191.1,1457040.0,1457040.0,
920527.BJ,20260820,13.95,1.0494,1.6546,0.48,46.7403,42.3564,2.1013,2.2722,2.2926,1.061,1.7684,6004.27,4655.73,2952.9,83759.6,64947.4,
002339.SZ,20260820,7.1,1.724,2.0747,0.73,177.511,439.451,2.0492,1.161,1.1327,0.2817,0.2817,50409.2,47872.0,39779.3,357906.0,339892.0,
688563.SH,20260820,49.9,0.6298,0.6298,0.58,41.8182,43.0761,2.148,7.8454,7.8314,1.0686,0.893,44936.0,13554.3,13554.3,2242300.0,676358.0,
300109.SZ,20260820,15.98,16.7846,17.8277,11.33,48.4949,52.8518,2.491,7.8247,7.7122,1.3145,1.014,57685.7,51750.6,48722.6,921817.0,826974.0,
002862.SZ,20260820,13.47,1.8223,2.2138,0.7,,,7.8406,5.4728,5.2066,0.1577,,16949.0,12857.7,10583.8,228303.0,173194.0,
601107.SH,20260820,5.56,0.4337,2.029,1.23,11.2367,11.4599,0.9794,1.9414,1.852,5.2158,5.3417,305806.0,216274.0,46233.7,1700280.0,1202480.0,
600169.SH,20260820,2.04,0.1787,0.3698,0.62,28.7099,28.0414,1.3028,0.6551,0.6548,,,333314.0,333314.0,161064.0,679961.0,679961.0,
300452.SZ,20260820,13.96,10.7269,14.0433,2.19,18.5385,18.5507,3.1943,3.4716,3.4225,2.1322,2.1323,23445.6,19863.0,15172.2,327301.0,277287.0,
300044.SZ,20260820,5.09,1.3776,1.442,0.72,,,,29.6304,28.0679,,,76386.9,71537.8,68344.2,388809.0,364128.0,
002419.SZ,20260820,4.67,1.13,2.0788,1.0,64.0684,66.4047,1.287,0.4611,0.4649,1.3159,1.5039,114126.0,114124.0,62035.4,532967.0,532959.0,
603899.SH,20260820,22.76,0.3451,0.9578,1.25,15.9056,15.6799,2.1639,0.8316,0.8222,4.3937,4.3937,91579.5,91579.5,32995.9,2084350.0,2084350.0,
002995.SZ,20260820,16.87,3.4644,5.2593,0.55,,,3.7312,2.6481,2.9095,,,17745.4,11241.7,7405.17,299366.0,189648.0,
600995.SH,20260820,12.33,0.2994,1.3581,0.89,23.3383,22.2848,1.7061,5.3416,5.1378,0.9615,1.3712,319601.0,319601.0,70449.1,3940680.0,3940680.0,
300572.SZ,20260820,18.95,2.9381,3.1978,1.17,,,2.6967,9.8826,9.9256,,,22898.9,18127.8,16655.5,433934.0,343522.0,
000677.SZ,20260820,1.66,2.5744,3.3498,0.8,413.216,,2.7926,1.252,1.2367,,,86397.8,86397.8,66397.8,143420.0,143420.0,
000650.SZ,20260820,5.62,3.1378,4.2488,1.69,20.0089,21.3057,1.2187,2.2247,2.1379,2.669,2.669,139994.0,133139.0,98324.1,786765.0,748239.0,
603059.SH,20260820,25.76,1.5409,5.4548,1.06,22.5789,21.248,2.3192,1.6882,1.5897,0.31,1.3564,10061.8,10044.9,2837.56,259191.0,258756.0,
920028.BJ,20260820,14.3,2.4027,2.4027,1.29,21.1304,20.8244,2.0734,2.8124,2.746,,,16436.0,6495.96,6495.96,235035.0,92892.2,
603163.SH,20260820,82.86,2.5669,9.2069,0.83,53.6151,50.4351,6.9326,2.7726,2.8042,1.0862,0.9655,10000.0,10000.0,2788.02,828600.0,828600.0,
688023.SH,20260820,38.42,1.413,1.7666,0.5,,,1.7609,1.8246,1.813,,,10217.5,10217.5,8172.35,392557.0,392557.0,
000539.SZ,20260820,5.34,1.6258,4.6366,0.34,46.732,33.7307,1.2027,0.544,0.5359,0.3745,0.3745,525028.0,255539.0,89600.9,2803650.0,1364580.0,
002328.SZ,20260820,7.1,2.9043,3.2858,0.61,38.9493,26.7092,1.604,1.4263,1.5187,2.0,2.0,77177.0,57068.6,50442.1,547957.0,405187.0,
688529.SH,20260820,15.75,0.654,1.2002,0.81,,,2.6739,1.7957,1.7311,,,16817.6,16817.6,9164.18,264877.0,264877.0,
301122.SZ,20260820,39.0,14.8076,25.3144,2.79,848.217,431.462,2.5749,13.3662,11.2092,0.641,0.1026,12224.6,7564.07,4424.57,476758.0,294999.0,
688399.SH,20260820,29.65,2.138,3.5672,1.32,,,1.2487,10.8553,11.2889,7.7481,7.7481,12413.0,12413.0,7439.67,368046.0,368046.0,
688818.SH,20260820,45.88,7.6396,7.6396,0.99,243.659,212.925,14.5937,24.2479,22.7407,,0.1627,173692.0,14202.1,14202.1,7969010.0,651592.0,
002009.SZ,20260820,16.48,3.5105,4.253,0.97,121.223,179.208,3.2283,2.3989,2.3131,,0.3034,40223.3,35404.8,29223.2,662880.0,583470.0,
920079.BJ,20260820,13.75,7.7026,7.7026,0.74,13.4095,13.4095,3.3651,1.8051,1.8051,,,41631.0,4500.0,4500.0,572427.0,61875.0,
688828.SH,20260820,81.16,19.3385,19.3385,0.56,,,46.7949,48.7319,43.0817,,,40001.0,2603.9,2603.9,3246480.0,211333.0,
300129.SZ,20260820,7.4,2.6698,2.8107,0.92,38.239,44.8158,1.4226,1.5799,1.6522,0.6836,0.8108,110885.0,71871.0,68267.6,820551.0,531846.0,
002532.SZ,20260820,12.4,2.2003,3.0827,0.93,11.9133,8.3049,1.7875,1.9455,1.8114,3.2062,6.7835,462874.0,410686.0,293123.0,5739630.0,5092500.0,
002482.SZ,20260820,1.28,1.2093,2.5578,0.83,,,10.7899,3.0006,2.6684,,,375096.0,374371.0,177001.0,480123.0,479195.0,
600676.SH,20260820,6.59,0.576,1.0733,0.81,,,1.4211,1.5594,1.6373,,,102849.0,102849.0,55189.9,677777.0,677777.0,
000519.SZ,20260820,14.21,1.9061,3.2553,0.71,474.584,87.8358,1.9014,2.1337,1.9033,,0.1759,139256.0,139256.0,81538.2,1978830.0,1978830.0,
301019.SZ,20260820,14.91,1.4778,1.7033,1.2,26.8422,25.8706,2.5887,6.2951,6.0229,3.3535,3.6329,19795.6,14514.7,12593.3,295153.0,216414.0,
600645.SH,20260820,21.08,5.417,7.0332,0.74,86.6578,89.6387,2.6523,6.7799,6.9394,,,46794.9,46777.0,36027.8,986436.0,986060.0,
002279.SZ,20260820,6.33,3.0586,3.9314,0.29,121.977,72.7807,3.9084,2.1099,2.1574,,,86220.7,79549.9,61889.3,545777.0,503551.0,
000031.SZ,20260820,2.21,1.1861,4.6113,1.36,,,0.9262,0.3066,0.2846,,,428631.0,428630.0,110250.0,947275.0,947273.0,
002150.SZ,20260820,22.28,1.7878,3.4809,0.6,28.5771,31.8612,3.7102,1.9779,1.933,0.4518,0.4488,36086.9,35850.4,18412.6,804016.0,798748.0,
301086.SZ,20260820,119.97,4.2417,5.6992,0.9,148.82,124.174,7.5854,16.5712,14.8042,0.4768,0.3563,12586.4,6976.09,5192.08,1509990.0,836922.0,
002489.SZ,20260820,2.72,1.147,2.1555,0.88,12.6844,,1.3864,1.0427,0.9987,1.4706,2.2059,216902.0,191304.0,101804.0,589972.0,520348.0,
603456.SH,20260820,17.26,6.3516,11.4941,,20.8449,25.7225,1.7098,2.7626,2.9194,2.8969,1.7381,88171.0,88171.0,48722.9,1521830.0,1521830.0,
600679.SH,20260820,9.49,0.6655,1.4156,1.18,44.0463,53.3351,2.2061,2.1784,2.1943,,0.6639,49529.4,34369.4,16157.3,470034.0,326166.0,
600191.SH,20260820,10.57,1.8946,4.0595,0.6,86.8471,74.5921,2.9844,8.1433,7.0146,,0.2129,48493.2,48493.2,22632.6,512573.0,512573.0,
920924.BJ,20260820,14.4,1.88,2.3193,0.45,88.7931,107.86,4.7824,3.1943,3.1953,0.3478,0.1389,10729.7,6537.21,5298.9,154507.0,94135.9,
002810.SZ,20260820,21.27,2.2343,3.535,1.33,52.2355,30.6421,3.2543,3.8718,3.4191,1.1734,1.4019,34800.9,32303.5,20417.3,740215.0,687096.0,
000678.SZ,20260820,8.58,9.4496,17.1905,1.51,,,5.0615,2.5619,2.6306,,,45961.2,45961.2,25264.9,394347.0,394347.0,
600985.SH,20260820,17.6,1.4528,3.7684,1.28,31.4752,36.3103,1.1285,1.1526,1.1637,4.2614,1.4205,269326.0,269326.0,103833.0,4740140.0,4740140.0,
688400.SH,20260820,47.11,2.0271,3.968,0.74,138.905,64.7506,3.9276,7.6975,7.7431,0.0507,0.179,47575.0,45749.6,23371.8,2241260.0,2155260.0,
600589.SH,20260820,7.69,3.3033,3.9118,0.57,,,18.3448,26.1245,24.8807,,,148157.0,147847.0,124847.0,1139330.0,1136940.0,
001217.SZ,20260820,9.96,0.9591,2.5983,0.94,,,1.5177,1.5955,1.5198,1.004,1.004,33187.0,32857.9,12129.5,330543.0,327264.0,
688199.SH,20260820,23.03,2.0025,2.524,0.75,134.432,76.8274,1.4347,2.4983,2.3596,,0.2596,16122.7,16122.7,12791.4,371306.0,371306.0,
920065.BJ,20260820,34.06,9.7084,9.7084,0.71,14.0037,14.0037,4.4537,1.5518,1.5518,,,9025.0,1575.0,1575.0,307392.0,53644.5,
301305.SZ,20260820,24.39,4.9253,4.9377,0.76,22.24,19.015,1.496,3.2835,2.9752,0.8175,1.6375,24196.1,12435.2,12403.9,590142.0,303293.0,
920526.BJ,20260820,19.47,3.1991,6.2187,0.76,111.751,103.613,6.896,14.0395,13.9183,0.5136,0.5136,8270.0,5236.75,2693.95,161017.0,101959.0,
300239.SZ,20260820,5.22,3.6843,5.0447,2.75,57.0274,56.354,1.8039,4.1576,4.1438,0.4704,0.2258,59362.3,58977.7,43073.1,309871.0,307864.0,
600265.SH,20260820,22.7,0.6904,1.9343,0.67,,,13.9172,15.1333,18.172,,,12980.0,12980.0,4633.19,294646.0,294646.0,
002895.SZ,20260820,32.6,1.9275,3.5909,1.46,15.6727,15.3781,2.6695,2.3716,2.1883,4.2462,5.5218,60586.8,59934.9,32171.4,1975130.0,1953880.0,
300302.SZ,20260820,29.25,5.4821,6.5671,0.69,,230.019,12.7285,34.7451,29.3487,,,47926.4,36881.4,30787.8,1401850.0,1078780.0,
600925.SH,20260820,4.36,0.604,0.7877,1.43,133.32,137.056,1.9274,2.3711,2.3036,2.7982,0.4587,688889.0,160605.0,123146.0,3003560.0,700237.0,
600053.SH,20260820,6.91,0.2154,0.8138,0.73,,,1.347,10.6451,11.0719,,,43354.1,43354.1,11476.5,299577.0,299577.0,
002772.SZ,20260820,10.74,4.9284,7.9507,1.01,12.0154,8.8109,1.13,1.918,1.7684,2.7933,4.1899,37474.3,37163.7,23036.8,402473.0,399138.0,
603348.SH,20260820,14.34,0.7978,1.5254,1.22,,,1.1583,0.7632,0.7579,1.046,,31447.7,31447.7,16447.7,450960.0,450960.0,
300350.SZ,20260820,4.37,2.4654,2.5726,1.23,,,2.8002,5.3418,4.5147,,,56201.2,47156.5,45191.2,245599.0,206074.0,
002372.SZ,20260820,8.5,0.8358,2.0478,1.14,18.2677,15.7396,2.8684,2.5144,2.6019,6.9694,5.227,159204.0,147011.0,59999.6,1353230.0,1249590.0,
920046.BJ,20260820,20.05,4.6167,7.0914,0.52,137.877,132.116,7.8504,9.6448,8.9354,0.399,0.399,10115.0,5592.7,3640.97,202806.0,112134.0,
002613.SZ,20260820,3.34,2.2837,3.0037,0.77,117.223,347.942,1.6652,2.3362,2.4756,0.8982,,110057.0,77367.2,58821.1,367590.0,258406.0,
603089.SH,20260820,10.0,7.9194,19.746,3.31,26.1513,48.0826,1.4607,0.9919,0.9778,0.8228,1.0,27571.9,24003.3,9626.85,275719.0,240033.0,
600071.SH,20260820,15.69,0.5817,1.1472,0.79,128.344,162.443,8.6731,2.7593,2.7627,,,28157.4,28157.4,14277.1,441789.0,441789.0,
600182.SH,20260820,13.33,2.7287,2.7287,1.92,22.996,20.5204,3.924,0.9355,0.9399,6.8267,4.2761,34000.0,17000.0,17000.0,453220.0,226610.0,
300951.SZ,20260820,70.7,4.0435,10.9839,0.92,83.1998,166.489,5.191,8.5447,8.401,0.8385,0.8476,16940.1,15139.4,5573.31,1197660.0,1070360.0,
301021.SZ,20260820,77.33,7.5857,12.8182,1.02,244.63,177.159,11.3088,23.0298,21.7527,0.1282,0.1288,15287.0,15270.0,9036.66,1182140.0,1180830.0,
300584.SZ,20260820,34.5,8.4657,12.0863,1.58,98.4346,93.276,3.867,6.1694,6.011,0.2899,0.2899,12000.0,8210.99,5751.32,414000.0,283279.0,
603176.SH,20260820,4.89,0.7201,2.2912,0.9,58.8603,110.833,2.1743,1.0034,0.9738,0.4694,0.3067,47523.8,46181.7,14515.0,232391.0,225828.0,
002251.SZ,20260820,3.64,4.3304,5.5334,0.8,86.7515,88.7936,1.152,2.3245,2.2402,,,268870.0,222247.0,173926.0,978687.0,808980.0,
688719.SH,20260820,49.05,3.7117,3.7117,0.6,,,3.3643,6.2689,6.0548,0.3309,,11538.5,8972.23,8972.23,565965.0,440088.0,
688339.SH,20260820,17.05,1.4657,1.801,1.01,,,2.1279,15.8626,15.4942,,,24053.2,19578.7,15934.3,410107.0,333817.0,
002189.SZ,20260820,18.18,0.7123,1.2323,0.66,,,11.3653,3.1613,3.1408,,,26119.9,26116.0,15095.6,474860.0,474789.0,
000887.SZ,20260820,22.15,5.2544,8.8353,0.63,18.3467,19.3259,1.99,1.4728,1.5089,0.9029,0.9029,131649.0,131437.0,78166.9,2916020.0,2911330.0,
000809.SZ,20260820,3.44,1.3027,1.9826,0.83,,,1.0677,7.9062,6.5426,,,82479.1,82479.1,54193.4,283728.0,283728.0,
300082.SZ,20260820,7.83,1.9368,4.1224,2.55,783.431,438.436,1.9412,1.2603,1.2229,,,68009.8,67818.0,31862.3,532517.0,531015.0,
000736.SZ,20260820,4.47,8.6186,18.0151,2.62,,,2.7222,0.2271,1.4917,,,74709.8,74709.8,35741.9,333953.0,333953.0,
001872.SZ,20260820,22.89,0.1413,1.5796,1.52,12.321,12.2118,0.866,3.2944,3.2579,3.2386,3.4906,248215.0,230225.0,20601.7,5681640.0,5269860.0,
601015.SH,20260820,3.6,8.4206,21.6772,2.79,,,1.5284,0.7257,0.7433,,,204250.0,204250.0,79341.5,735299.0,735299.0,
300434.SZ,20260820,12.42,9.6342,16.3808,0.94,37.9087,27.0022,1.8702,4.8052,4.627,0.5556,0.6602,40174.4,34211.5,20121.2,498966.0,424907.0,
601999.SH,20260820,6.05,1.1846,3.6476,0.3,31.7344,31.8342,1.2413,1.5905,1.6462,0.9917,0.9917,55091.5,55091.5,17891.5,333303.0,333303.0,
603138.SH,20260820,12.92,1.4555,2.6194,0.63,,,4.6895,7.4085,7.1579,,,29361.1,28834.3,16021.7,379345.0,372539.0,
300906.SZ,20260820,30.74,4.184,7.898,2.75,42.8746,41.7995,2.6257,14.4147,14.1919,1.6265,0.488,8000.0,7225.3,3827.63,245920.0,222106.0,
000751.SZ,20260820,4.93,2.3759,3.5632,0.78,116.878,70.2501,2.1556,0.4299,0.4063,,0.2028,161563.0,161563.0,107727.0,796506.0,796506.0,
601021.SH,20260820,44.28,0.3099,0.7019,0.74,18.6936,16.5151,2.3239,2.0187,1.9503,2.8063,2.1271,97833.3,97833.3,43190.2,4332060.0,4332060.0,
001233.SZ,20260820,44.35,7.5678,7.5678,1.41,14.7382,17.5411,1.7486,3.695,3.6849,,4.5096,18597.3,3771.31,3771.31,824792.0,167258.0,
002865.SZ,20260820,41.68,4.2337,5.982,0.91,,,3.2202,1.7009,1.7422,,,31126.6,22352.8,15820.1,1297360.0,931666.0,
000158.SZ,20260820,12.9,1.9858,3.0259,0.56,616.572,652.067,3.8895,2.7356,2.7079,,0.2093,159862.0,158791.0,104211.0,2062220.0,2048410.0,
688722.SH,20260820,13.81,0.8417,1.5637,0.71,28.2705,30.2488,2.1149,3.171,3.1776,0.4847,0.7242,22410.5,22410.5,12062.4,309489.0,309489.0,
301507.SZ,20260820,13.23,4.5345,4.5345,0.83,39.71,39.6855,2.8678,6.0351,5.6995,0.7536,1.1267,35655.4,11007.2,11007.2,471721.0,145625.0,
000545.SZ,20260820,2.51,2.8189,3.3066,1.02,,,3.9707,1.576,1.8737,,,98683.3,98540.3,84007.9,247695.0,247336.0,
300937.SZ,20260820,27.75,11.5685,13.1635,0.51,,,3.2451,0.596,0.5992,0.3604,,9566.67,6098.5,5359.57,265475.0,169233.0,
600814.SH,20260820,6.75,0.5818,1.7316,0.78,22.1047,21.7523,1.2965,2.919,2.8883,2.6371,1.8519,73507.9,73507.9,24699.2,496178.0,496178.0,
001324.SZ,20260820,18.9,4.4923,9.0576,2.21,61.7035,62.141,2.2634,5.3981,5.0951,0.7001,0.7001,13800.0,13800.0,6844.4,260820.0,260820.0,
688807.SH,20260820,310.0,19.4262,19.4262,0.82,281.415,267.928,13.7928,51.0152,48.9363,,0.1161,8000.0,1600.0,1600.0,2480000.0,496000.0,
300095.SZ,20260820,7.91,1.3965,1.5183,0.74,,,2.1336,2.4263,2.4552,1.2739,,39442.5,31767.0,29219.5,311990.0,251277.0,
600391.SH,20260820,29.69,2.0275,3.1689,0.85,161.006,213.259,5.5238,2.2672,2.2858,,,33012.9,33012.9,21122.2,980154.0,980154.0,
688401.SH,20260820,68.85,1.8705,3.087,0.57,56.1134,52.165,8.4493,12.2397,11.5736,0.4076,0.5446,20537.0,19335.0,11715.5,1413970.0,1331210.0,
688671.SH,20260820,24.43,1.7889,2.3983,0.74,,,1.9184,5.881,5.9798,,,7851.89,5377.21,4010.75,191822.0,131365.0,
688755.SH,20260820,27.7,4.0429,4.5417,2.74,53.1234,41.5582,2.4658,4.3106,3.9413,0.2777,0.6109,11440.0,7986.72,7109.61,316888.0,221232.0,
920556.BJ,20260820,6.66,0.9154,1.2593,0.65,45.9127,48.4116,2.0266,3.3266,3.2465,1.5015,1.2012,16064.1,11638.0,8459.84,106987.0,77509.0,
001399.SZ,20260820,23.03,7.9065,7.9065,0.62,44.8779,45.0707,6.4603,4.1712,4.1141,,,740730.0,43056.7,43056.7,17059000.0,991595.0,
000599.SZ,20260820,4.7,1.3407,2.286,0.8,,,1.8551,2.4795,2.8758,,,244311.0,81674.2,47898.9,1148260.0,383869.0,
600119.SH,20260820,4.59,0.7316,1.3506,1.08,,,22.5877,8.2295,8.3289,,,36527.0,36527.0,19785.2,167659.0,167659.0,
600545.SH,20260820,4.15,3.978,7.2369,0.75,,,2.8306,2.0866,2.0034,,,178791.0,178791.0,98277.7,741984.0,741984.0,
600751.SH,20260820,3.17,1.0989,2.1682,1.08,89.3592,126.044,1.2157,5.9638,5.2172,,0.5678,289934.0,257319.0,130418.0,919090.0,815701.0,
600743.SH,20260820,2.26,1.1296,2.4794,0.94,,,9.5739,16.8099,16.6561,,,234610.0,234610.0,106887.0,530219.0,530219.0,
688509.SH,20260820,4.26,1.8978,1.8999,1.43,,,2.9753,5.859,6.3083,,,77000.0,38522.9,38479.2,328020.0,163921.0,
301268.SZ,20260820,13.2,0.7296,1.6887,0.83,,,3.5436,1.5045,1.4437,,,40084.9,36253.5,15663.1,529120.0,478547.0,
603199.SH,20260820,34.0,5.7064,10.3046,5.18,17.6817,16.8656,2.1884,4.2833,4.2039,2.0,2.2647,11068.0,11068.0,6129.16,376312.0,376312.0,
920802.BJ,20260820,10.33,2.3737,2.4412,0.38,34.1374,33.2195,1.9001,4.2323,4.1076,1.1915,1.1617,8200.83,3621.76,3521.51,84714.6,37412.8,
601777.SH,20260820,8.17,0.5059,1.2172,0.91,437.604,327.652,3.5694,3.6941,3.5,,,452110.0,452110.0,187905.0,3693740.0,3693740.0,
002199.SZ,20260820,12.14,2.5733,3.8652,0.8,,,16.318,8.3188,6.4807,,,24344.2,23093.2,15374.7,295539.0,280352.0,
002778.SZ,20260820,15.63,1.4531,2.0679,0.98,26.4453,133.842,6.0762,10.047,9.861,,,12475.3,12342.9,8673.25,194989.0,192919.0,
300275.SZ,20260820,8.85,1.614,1.6869,0.6,66.853,69.9153,2.8531,6.2601,6.3987,0.3329,0.392,30800.5,27146.1,25972.8,272584.0,240243.0,
603613.SH,20260820,18.59,1.4679,2.2441,1.24,10.131,10.0982,1.4289,0.2627,0.2691,0.3541,,72053.8,72053.8,47131.3,1339480.0,1339480.0,
603325.SH,20260820,51.96,0.5696,0.5696,0.49,10.1353,12.2733,1.5005,3.0705,3.1897,3.3199,3.0793,8000.4,3418.32,3418.32,415701.0,177616.0,
603416.SH,20260820,45.71,1.4984,2.8848,0.69,28.231,27.3321,2.6038,3.5635,3.4339,3.1918,3.3667,15697.6,13954.6,7248.01,717536.0,637865.0,
002759.SZ,20260820,17.62,3.7791,4.5812,0.57,107.498,29.3204,2.5341,2.9812,2.5715,,,50138.3,50094.2,41323.2,883436.0,882659.0,
600690.SH,20260820,21.77,0.6768,1.1704,1.13,10.441,10.9068,1.6308,0.6752,0.6876,5.6144,1.2232,937763.0,625303.0,361569.0,20415100.0,13612800.0,
300580.SZ,20260820,19.85,1.7051,3.9807,0.57,35.8664,36.1613,2.9787,6.63,6.3122,0.8534,0.8559,50232.3,47259.2,20243.3,997111.0,938096.0,
688598.SH,20260820,34.79,10.5206,11.9587,0.78,,,1.8711,8.9951,8.4542,,,20757.3,20357.6,17909.4,722147.0,708240.0,
300564.SZ,20260820,12.43,2.2445,3.4904,1.05,82.4243,43.138,1.6153,5.6935,5.6677,4.0225,2.0113,16131.5,11319.2,7278.66,200515.0,140697.0,
301501.SZ,20260820,28.97,3.433,3.433,0.33,19.1415,24.5858,2.0202,2.3225,2.2836,1.1903,1.2081,14790.0,4350.0,4350.0,428466.0,126020.0,
600340.SH,20260820,1.09,0.9811,1.6126,1.05,,,,0.4933,0.5126,,,389336.0,389336.0,236867.0,424376.0,424376.0,
600061.SH,20260820,6.25,0.324,0.898,0.7,12.1865,11.8756,0.7306,757.659,672.77,2.032,2.4696,639410.0,639410.0,230716.0,3996310.0,3996310.0,
300925.SZ,20260820,14.31,1.4674,1.5872,0.66,58.7618,61.7351,2.7314,1.2007,1.13,0.4469,0.3462,42870.9,34951.2,32313.2,613482.0,500152.0,
002777.SZ,20260820,12.6,1.8358,2.9929,0.9,66.9163,69.7924,3.0258,4.1749,4.2083,1.1905,0.7937,40823.1,40451.1,24811.9,514371.0,509684.0,
002646.SZ,20260820,6.9,1.1093,1.9057,1.06,764.698,,1.1402,2.9845,3.0548,0.1613,0.0729,47633.9,47600.1,27707.8,328674.0,328441.0,
300271.SZ,20260820,5.38,1.0445,1.3802,0.63,,,1.2365,2.6972,2.8199,,,81186.1,79436.6,60114.8,436781.0,427369.0,
300893.SZ,20260820,15.15,1.2686,2.1801,1.57,19.5592,19.4686,3.3897,2.6758,2.6097,0.6318,0.5149,47300.1,25087.9,14598.2,716597.0,380081.0,
601717.SH,20260820,14.99,1.2493,1.7516,1.38,6.2336,6.5328,1.0684,0.6472,0.6506,7.4716,8.3389,178540.0,154217.0,109996.0,2676310.0,2311710.0,
301595.SZ,20260820,38.7,1.8982,1.8982,0.64,68.1948,79.1299,4.5797,4.0152,3.9305,0.646,1.292,10828.0,4083.25,4083.25,419044.0,158022.0,
688575.SH,20260820,9.86,3.601,6.4431,1.14,241.377,180.902,2.0766,3.1116,3.1463,2.1262,0.213,57138.8,57138.8,31934.3,563389.0,563389.0,
002370.SZ,20260820,5.83,5.0153,5.8734,0.51,45.139,42.82,3.8894,13.4532,13.6636,,,74566.8,74562.2,63667.7,434724.0,434698.0,
600241.SH,20260820,7.29,1.2312,2.397,1.06,,,2.0969,5.5978,5.4711,,,29430.2,29430.2,15116.9,214546.0,214546.0,
000068.SZ,20260820,3.04,0.9561,1.6787,0.7,,,5.228,3.6763,4.1085,,,100667.0,100667.0,57333.4,306028.0,306028.0,
920163.BJ,20260820,11.2,0.9354,1.554,0.65,32.4614,29.4065,2.7886,1.772,1.7714,0.9827,0.8934,12864.0,6068.15,3652.68,144077.0,67963.3,
603026.SH,20260820,63.33,2.8431,4.1808,0.72,926.942,45.1992,2.8346,2.1645,1.9779,,0.0632,23270.1,23270.1,15824.5,1473700.0,1473700.0,
002103.SZ,20260820,6.58,1.4912,1.9048,0.82,21.3634,22.6829,2.7979,1.2804,1.2484,,,53427.3,38813.6,30386.5,351552.0,255393.0,
301606.SZ,20260820,50.51,1.0745,2.4472,0.66,29.7435,26.4623,5.7895,2.2082,2.0026,1.1879,1.1879,41491.0,16499.9,7244.82,2095710.0,833409.0,
603708.SH,20260820,9.22,2.2693,7.6653,1.16,29.3266,27.9507,2.4473,0.3278,0.3258,2.5251,3.2604,63833.9,63833.9,18898.3,588548.0,588548.0,
301023.SZ,20260820,29.24,2.2131,2.4884,0.74,38.2486,40.3799,3.2942,10.5617,10.3358,3.2167,2.565,9332.06,5176.47,4603.66,272869.0,151360.0,
600955.SH,20260820,12.85,0.7877,1.6488,1.06,,,0.9213,0.806,0.7815,0.2319,0.3866,55000.0,55000.0,26276.3,706750.0,706750.0,
688485.SH,20260820,84.59,6.1625,6.5689,0.63,,,10.1648,55.9058,54.4793,0.0264,,15029.2,15029.2,14099.3,1271320.0,1271320.0,
000617.SZ,20260820,6.8,0.5437,2.3661,1.2,19.9924,18.7172,0.8078,93.6839,92.3444,1.7206,1.5,1264210.0,1264210.0,290484.0,8596610.0,8596610.0,
300846.SZ,20260820,18.85,4.8591,5.5114,0.46,,,12.4255,7.687,7.4062,,,50427.6,41618.2,36692.6,950560.0,784503.0,
600229.SH,20260820,5.16,0.484,1.2717,0.97,,,1.2337,1.7186,1.7513,1.3566,,66070.8,66070.8,25148.2,340925.0,340925.0,
600367.SH,20260820,35.89,20.1256,29.8743,1.35,131.889,132.834,4.9183,5.7341,5.8994,0.1393,0.1115,34113.1,32197.3,21690.6,1224320.0,1155560.0,
601360.SH,20260820,8.8,1.1784,2.8889,0.83,234.194,80.996,2.1804,7.0861,6.8156,2.2727,2.2727,699956.0,699956.0,285504.0,6159610.0,6159610.0,
603029.SH,20260820,15.88,2.3982,5.7641,1.04,25.8193,25.8049,2.008,2.0099,1.906,1.0831,1.165,12134.2,12134.2,5048.52,192691.0,192691.0,
300861.SZ,20260820,16.85,2.0708,3.3366,0.69,46.416,27.4968,1.713,5.2402,4.8621,2.1182,1.0651,67184.0,42186.5,26181.9,1132050.0,710842.0,
002735.SZ,20260820,11.08,3.3965,3.5738,0.72,,,2.6606,1.9271,1.9182,0.1194,,37525.4,28505.9,27091.9,415782.0,315846.0,
301028.SZ,20260820,12.68,1.7687,3.8477,0.88,21.0884,20.8945,2.8598,4.056,3.9441,1.5634,1.568,38632.5,25060.0,11519.1,489860.0,317761.0,
600825.SH,20260820,4.95,0.5853,1.2066,0.72,122.396,121.414,2.0716,3.5644,3.5613,0.2424,0.2626,104489.0,104489.0,50686.8,517220.0,517220.0,
301631.SZ,20260820,67.09,7.6391,7.6391,0.69,29.258,28.2479,3.2202,1.6676,1.5591,0.9126,1.0647,12798.0,4359.44,4359.44,858620.0,292475.0,
300801.SZ,20260820,22.82,2.6529,4.0391,0.58,66.5836,37.6343,1.9275,1.7741,1.7272,0.4319,0.4319,21843.0,13754.6,9034.02,498457.0,313881.0,
300991.SZ,20260820,29.41,4.3401,7.217,1.85,,,6.7503,5.992,6.2593,0.102,,14400.0,9214.2,5541.15,423504.0,270990.0,
920357.BJ,20260820,15.64,2.3292,3.5585,1.03,24.7328,21.8526,3.8397,2.7195,2.4915,2.4592,0.4918,10410.4,6295.59,4120.69,162819.0,98463.0,
605299.SH,20260820,12.57,2.4714,8.2587,1.02,57.4405,44.3837,4.206,3.2717,2.9441,1.603,1.5888,40765.9,40765.9,12198.8,512428.0,512428.0,
300852.SZ,20260820,45.36,3.9445,8.5023,0.76,56.8302,51.7917,3.2091,3.7693,3.1593,0.2716,0.3086,16052.1,15495.6,7188.97,728124.0,702882.0,
300621.SZ,20260820,7.24,2.2348,3.6723,1.13,,,2.8053,0.1736,0.184,0.1381,,20805.7,20252.9,12325.1,150633.0,146631.0,
002455.SZ,20260820,7.16,3.6596,3.8013,0.78,,,1.8491,0.8972,0.8661,0.6893,,72246.2,66081.2,63618.6,517283.0,473141.0,
001227.SZ,20260820,2.13,2.2128,2.489,1.73,6.5056,6.6004,0.3941,1.5564,1.5572,4.7436,3.7559,569570.0,421750.0,374940.0,1213180.0,898328.0,
000600.SZ,20260820,7.89,1.4219,2.5177,0.57,7.5738,6.9942,1.1401,0.6244,0.6331,1.6532,4.0558,180323.0,109005.0,61564.1,1422750.0,860050.0,
002686.SZ,20260820,6.11,2.0403,3.5738,0.59,113.45,184.104,2.1443,2.12,2.252,0.1634,0.3238,56623.9,52272.9,29843.3,345972.0,319387.0,
301182.SZ,20260820,65.7,2.7183,6.2098,0.76,,,9.4975,8.2576,7.4843,,,9582.17,8738.42,3825.17,629549.0,574114.0,
002496.SZ,20260820,2.09,1.8393,2.025,0.89,,,2.8274,9.5861,8.6928,,,150759.0,118125.0,107289.0,315086.0,246881.0,
002342.SZ,20260820,7.41,4.4856,6.1539,0.94,407.975,598.504,2.9145,2.7676,2.5972,,0.081,96000.0,95469.0,69587.0,711360.0,707425.0,
301382.SZ,20260820,42.09,4.0468,5.627,0.48,78.0202,77.705,6.2921,5.7518,5.4325,0.1816,0.118,28559.4,23635.7,16998.1,1202060.0,994827.0,
603259.SH,20260820,167.9,3.4736,4.1372,1.41,26.1597,23.1184,6.0116,11.021,9.3545,1.0095,1.1491,298376.0,247328.0,207655.0,50097300.0,41526400.0,
301277.SZ,20260820,11.19,4.3363,16.8302,1.72,36.1851,43.5353,2.7643,6.5251,6.6522,2.5533,1.7873,39207.8,39207.8,10101.8,438736.0,438736.0,
002247.SZ,20260820,2.39,3.4719,4.3398,1.2,42.1196,45.5846,3.0243,2.5622,2.5364,,,85087.0,64354.1,51484.6,203358.0,153806.0,
688398.SH,20260820,21.22,0.8256,1.3761,0.78,147.235,240.469,3.4613,3.5792,3.592,0.4688,0.2344,16781.4,16781.4,10068.8,356102.0,356102.0,
603369.SH,20260820,28.72,0.9778,1.8107,0.47,13.7528,14.5759,2.0882,3.5173,3.7047,4.1783,4.1783,124680.0,124680.0,67326.8,3580810.0,3580810.0,
600059.SH,20260820,7.94,1.6596,2.6992,0.57,32.558,32.1228,1.2256,3.9532,3.9507,1.0076,1.1087,91154.2,91154.2,56045.8,723765.0,723765.0,
301519.SZ,20260820,12.14,2.5176,2.9922,0.87,,,1.4261,3.3901,3.3436,0.8109,0.8215,16164.3,7609.29,6402.39,196234.0,92376.8,
603175.SH,20260820,89.58,4.6978,4.6978,0.71,169.22,610.209,14.294,8.2379,7.7615,,0.1786,43702.9,4547.42,4547.42,3914910.0,407358.0,
688148.SH,20260820,6.25,2.571,3.2255,0.6,,35.1597,8.6377,1.3998,1.1213,,,51017.3,51017.3,40665.0,318858.0,318858.0,
300703.SZ,20260820,13.31,1.8076,2.6485,0.85,39.5346,113.928,3.1071,1.1198,1.0981,1.127,0.5888,18039.2,16627.2,11347.9,240102.0,221309.0,
920564.BJ,20260820,13.54,1.8107,2.902,0.99,240.074,,4.7291,7.0244,6.8467,0.2564,0.2462,10692.4,4918.88,3069.04,144776.0,66601.7,
000903.SZ,20260820,1.79,0.5123,0.7745,0.7,,,5.6302,0.7395,0.7837,,,193484.0,192026.0,127012.0,346337.0,343727.0,
300638.SZ,20260820,18.83,1.6274,1.8764,0.41,48.7931,70.8751,2.7106,2.4233,2.4864,1.8554,1.2384,89926.6,53044.9,46007.1,1693320.0,998835.0,
688303.SH,20260820,17.86,0.2934,1.1947,0.55,,,0.9978,7.8713,9.2444,,,213244.0,213244.0,52369.3,3808540.0,3808540.0,
300432.SZ,20260820,15.79,1.5716,2.6173,0.77,63.1423,53.2911,5.5081,2.0024,1.7044,0.4524,0.6333,170976.0,169070.0,101520.0,2699710.0,2669610.0,
605006.SH,20260820,13.95,4.0986,11.9198,0.64,,1290.01,2.9519,3.6695,3.1264,,,65360.1,65360.1,22474.1,911774.0,911774.0,
300967.SZ,20260820,16.74,12.2987,18.6645,1.6,37.0648,,4.6396,2.571,3.0267,1.1826,1.4783,18757.5,12479.7,8223.28,314000.0,208910.0,
300768.SZ,20260820,14.74,1.5226,2.9933,0.48,52.3636,47.0972,2.6861,7.79,7.8797,0.536,0.5377,64382.9,42066.7,21398.1,949004.0,620063.0,
688638.SH,20260820,33.53,1.8306,1.8306,0.89,,,2.4573,2.6025,2.4049,,,5600.0,2646.1,2646.1,187768.0,88723.7,
600498.SH,20260820,38.5,5.4826,8.9667,0.72,119.976,124.787,2.9757,2.0984,2.0602,0.4055,0.2519,135817.0,127162.0,77752.4,5228940.0,4895740.0,
300542.SZ,20260820,11.85,1.6134,2.3964,0.94,,,6.6342,3.2946,3.1962,,,29856.0,24758.2,16668.6,353793.0,293385.0,
002443.SZ,20260820,9.47,5.4494,6.919,1.09,35.7884,32.5598,1.4069,1.1578,1.1423,2.0793,0.3076,52053.6,52053.6,40997.6,492947.0,492947.0,
002580.SZ,20260820,19.92,14.1387,18.3851,0.68,48.6311,48.5633,3.7479,2.6471,2.537,0.2008,0.2008,45386.9,45199.8,34760.0,904107.0,900380.0,
002697.SZ,20260820,4.56,1.5662,2.3481,0.79,12.9038,13.2579,1.2631,0.649,0.6581,2.5219,2.3465,136000.0,114809.0,76577.5,620160.0,523530.0,
002187.SZ,20260820,5.33,1.1431,2.6874,0.95,,,0.9334,1.0948,1.5495,0.7538,,70089.5,70089.5,29813.2,373577.0,373577.0,
920271.BJ,20260820,9.2,0.9018,1.5513,0.5,12.0262,13.7872,1.8492,3.1659,3.3955,1.9763,2.1739,13082.3,5789.04,3365.12,120357.0,53259.2,
000952.SZ,20260820,6.56,3.4485,4.6265,1.6,,,3.6189,3.6166,3.5338,,,34400.0,34399.5,25640.2,225664.0,225660.0,
002381.SZ,20260820,5.5,1.5264,2.0217,1.24,34.6646,39.9416,1.0484,0.8462,0.8712,3.6364,1.8182,41157.8,32202.7,24313.8,226368.0,177115.0,
920639.BJ,20260820,6.2,0.7648,0.9825,0.63,76.765,61.1979,1.4585,0.5495,0.516,,1.5977,20160.0,11875.4,9243.53,124992.0,73627.2,
603383.SH,20260820,28.13,3.4061,5.7634,1.5,32.4194,29.2667,3.9834,9.9344,9.8939,2.8441,2.844,20537.6,20537.6,12137.3,577724.0,577724.0,
920128.BJ,20260820,17.68,2.7167,2.7167,0.8,77.1076,130.896,2.7963,2.604,2.5458,2.2624,0.5656,8119.0,2430.0,2430.0,143544.0,42962.4,
000683.SZ,20260820,6.08,3.0169,4.0013,1.47,23.9854,21.8694,1.8319,1.8715,1.8539,4.9367,4.9342,371683.0,333857.0,251725.0,2259830.0,2029850.0,
300207.SZ,20260820,17.87,1.4206,1.8569,0.66,31.2269,42.0603,1.3398,0.522,0.4922,1.1661,0.8357,184746.0,171393.0,131123.0,3301420.0,3062790.0,
603605.SH,20260820,57.39,1.5477,3.0703,1.39,15.1728,15.4156,3.5758,2.1444,2.1554,3.4497,3.4549,39597.6,39597.6,19961.2,2272510.0,2272510.0,
603078.SH,20260820,35.28,8.0173,12.8456,0.86,129.806,127.422,6.8193,11.0267,10.6264,0.2551,0.2551,38563.7,38563.7,24068.7,1360530.0,1360530.0,
603215.SH,20260820,14.44,0.8673,2.286,1.65,38.0338,62.0365,2.5211,1.3184,1.3081,1.8017,1.5924,21459.5,18722.8,7103.25,309875.0,270358.0,
688167.SH,20260820,283.0,9.6115,11.0325,0.87,,,16.1978,41.8516,40.6595,,,13013.9,13013.9,11337.8,3682930.0,3682930.0,
000958.SZ,20260820,5.28,0.1898,0.3877,0.74,29.3673,29.3381,2.1335,8.4606,8.756,0.9964,0.6123,1831650.0,538342.0,263545.0,9671120.0,2842440.0,
600470.SH,20260820,5.53,8.9492,12.0112,1.59,,,1.8928,0.4477,0.455,,,52160.0,52160.0,38862.8,288445.0,288445.0,
600117.SH,20260820,2.26,0.3807,1.0458,0.86,,,2.1374,1.242,1.2137,,,325512.0,325512.0,118490.0,735656.0,735656.0,
002752.SZ,20260820,5.93,0.8229,2.2798,0.9,18.8611,15.8376,1.5727,0.8075,0.7782,1.6863,1.6863,97691.8,97552.7,35211.0,579313.0,578487.0,
300984.SZ,20260820,31.0,2.5052,3.4706,0.95,123.78,118.051,5.5336,4.7874,4.6823,0.2201,0.6912,19245.3,12402.9,8952.94,596603.0,384491.0,
000895.SZ,20260820,25.08,0.2193,0.7395,0.75,17.0226,16.5224,3.8351,1.466,1.4591,5.5821,5.7815,346466.0,346421.0,102748.0,8689370.0,8688240.0,
603008.SH,20260820,7.99,1.1175,1.756,0.72,12.1895,21.8884,0.837,0.3337,0.3355,10.0682,3.5044,36829.2,36829.2,23438.2,294266.0,294266.0,
920098.BJ,20260820,16.93,0.9927,1.0714,0.75,23.409,24.5982,1.4459,2.8427,2.8013,1.772,1.772,8132.04,5537.57,5130.96,137675.0,93751.0,
000838.SZ,20260820,2.75,4.1929,6.2981,0.62,,,,10.6806,14.735,,,110046.0,105377.0,70154.1,302627.0,289786.0,
002026.SZ,20260820,10.4,0.8674,1.3638,0.8,18.1691,17.8249,1.1859,2.3837,2.36,1.25,0.671,44053.2,44049.4,28016.1,458153.0,458114.0,
688772.SH,20260820,14.87,2.3918,3.9575,1.36,35.8868,41.2194,2.3493,1.1746,1.0887,1.9885,1.9826,113828.0,113828.0,68793.0,1692620.0,1692620.0,
688107.SH,20260820,31.41,1.4704,3.6566,0.82,,,13.9468,24.213,21.2586,,,40084.9,40084.9,16119.0,1259070.0,1259070.0,
002418.SZ,20260820,3.56,3.78,4.8857,0.4,161.331,232.966,2.7783,1.4296,1.4761,,,113640.0,113640.0,87921.7,404558.0,404557.0,
002584.SZ,20260820,8.06,3.9648,4.2675,0.89,,,2.1558,0.6434,0.6349,,,58521.6,46842.7,43520.3,471684.0,377552.0,
920189.BJ,20260820,19.83,6.5055,7.9761,0.87,32.8636,32.8636,4.816,5.9749,5.9749,,,14141.0,8486.74,6922.0,280416.0,168292.0,
600141.SH,20260820,30.86,2.5788,3.8625,0.75,24.8555,25.7882,1.4825,1.2657,1.2562,2.9749,1.6127,120174.0,120174.0,80233.9,3708570.0,3708570.0,
301386.SZ,20260820,20.41,1.7732,1.7732,0.59,29.6026,31.1383,1.8758,5.2384,5.2668,2.4498,2.4498,14000.0,4500.0,4500.0,285740.0,91845.0,
600037.SH,20260820,6.86,0.8537,1.3749,0.91,278.249,141.363,0.7474,4.3012,3.8999,0.3936,0.7289,139178.0,139178.0,86415.4,954760.0,954760.0,
688081.SH,20260820,28.42,1.2667,2.5686,0.79,,,7.4255,20.5244,17.7344,,,10304.0,10304.0,5081.36,292840.0,292840.0,
002358.SZ,20260820,5.31,1.0286,1.3101,0.6,56.4662,50.1217,1.4722,1.6938,1.6889,0.3766,0.3766,92975.7,92975.6,72997.1,493701.0,493700.0,
002327.SZ,20260820,6.63,0.6787,0.8834,0.89,16.4314,16.0277,1.4666,2.1387,2.0771,9.4005,5.8069,83386.8,49098.3,37720.5,552854.0,325522.0,
603435.SH,20260820,50.58,7.5206,7.5206,0.84,95.3706,95.3706,16.3431,30.6744,30.6744,,,45916.8,3568.75,3568.75,2322470.0,180507.0,
000917.SZ,20260820,6.86,1.6432,1.9717,0.39,70.6308,235.162,0.9449,2.2424,2.1207,0.2915,0.4373,141756.0,141746.0,118132.0,972444.0,972377.0,
001373.SZ,20260820,28.35,3.3427,4.1669,1.04,,,2.308,3.3991,3.297,0.2116,,6868.69,4196.05,3366.05,194727.0,118958.0,
600769.SH,20260820,15.18,2.1129,2.6438,0.55,299.189,407.025,43.3645,69.7876,69.3434,,,37497.7,37497.7,29968.6,569215.0,569215.0,
920258.BJ,20260820,12.01,13.3482,13.3482,1.04,39.4442,39.4442,5.9262,7.5651,7.5651,,,40000.0,3600.0,3600.0,480400.0,43236.0,
600358.SH,20260820,5.07,0.7295,0.907,0.85,,,121.783,13.8053,12.3285,,,116316.0,50493.7,40613.4,589720.0,256003.0,
603885.SH,20260820,10.53,0.4208,0.9573,1.04,21.9688,20.1201,2.2074,1.0151,1.0036,0.9466,1.8569,216901.0,216901.0,95334.9,2283960.0,2283960.0,
688489.SH,20260820,23.27,0.5738,1.3771,0.89,,,2.1776,7.123,7.0389,0.3218,,16957.9,16827.7,7011.24,394609.0,391582.0,
301161.SZ,20260820,28.41,3.8874,4.7687,0.71,39.1685,37.2452,3.5494,4.4337,4.3048,0.2957,0.5878,12000.0,7719.76,6293.03,340920.0,219318.0,
688228.SH,20260820,74.68,2.1752,4.8994,0.44,,,4.045,12.0447,12.4283,0.1982,,6755.08,6755.08,2999.0,504469.0,504469.0,
300556.SZ,20260820,16.2,3.2358,3.3633,0.96,,,4.897,3.2398,3.1769,,,12156.5,10850.7,10439.4,196936.0,175781.0,
002674.SZ,20260820,28.41,5.4147,10.9548,0.52,82.7998,79.918,3.4261,2.8119,2.8475,0.528,,29555.1,29256.4,14460.7,839660.0,831174.0,
920493.BJ,20260820,112.99,2.2163,3.0033,0.39,560.253,338.367,14.7344,6.167,5.0987,,,6058.2,4463.69,3294.03,684516.0,504353.0,
001391.SZ,20260820,4.13,1.3515,1.4344,0.98,19.5082,20.3487,1.8462,2.204,2.2003,1.5738,2.1065,1220890.0,151935.0,143150.0,5042270.0,627493.0,
688785.SH,20260820,270.5,3.9311,3.9311,0.79,160.868,189.983,8.2047,34.5879,35.7424,,0.2957,6770.17,1354.44,1354.44,1831330.0,366376.0,
600546.SH,20260820,13.08,0.9995,2.3745,0.84,22.2306,19.3506,1.5523,1.2666,1.1994,5.2752,2.7141,198246.0,198246.0,83445.0,2593050.0,2593050.0,
300985.SZ,20260820,39.13,2.6244,8.2128,0.61,,,8.2563,4.3007,4.154,,,18651.2,18651.2,5960.02,729823.0,729823.0,
688503.SH,20260820,94.53,9.3381,11.2185,0.86,54.5163,36.9255,4.3134,1.5679,1.3292,0.4371,0.4371,24203.4,24203.4,20146.6,2287940.0,2287940.0,
920422.BJ,20260820,9.4,1.0422,1.7341,0.39,45.3025,35.1706,1.906,1.6812,1.6034,1.5957,1.2766,8848.27,6622.27,3979.96,83173.8,62249.3,
002560.SZ,20260820,6.09,2.9985,3.1264,0.82,27.7415,25.6825,1.6279,0.5598,0.5506,,1.1698,73527.2,63334.8,60743.1,447780.0,385709.0,
300258.SZ,20260820,9.9,1.1198,1.7706,0.63,45.058,63.4402,1.2311,2.8411,2.9346,0.71,0.7933,58504.7,56989.1,36042.3,579197.0,564193.0,
002851.SZ,20260820,118.28,5.9452,6.7811,0.91,474.744,451.711,7.7136,7.3589,7.0076,0.0396,0.0254,58501.0,49168.9,43107.8,6919500.0,5815700.0,
688439.SH,20260820,38.72,0.6761,1.5954,0.72,45.542,56.7214,1.5435,10.036,10.7604,0.421,0.439,20000.0,20000.0,8476.1,774400.0,774400.0,
600593.SH,20260820,40.06,3.1265,6.7372,0.86,191.716,102.248,24.9936,10.3125,10.1455,,,13044.5,12880.0,5977.23,522563.0,515973.0,
603220.SH,20260820,17.89,4.0815,5.2649,0.51,117.924,153.404,2.4914,2.957,3.0173,0.4978,0.3913,53635.8,53635.8,41580.0,959545.0,959545.0,
603205.SH,20260820,21.94,2.2391,2.2391,1.27,30.7139,31.084,2.2478,3.3412,3.3504,1.2306,1.1395,15600.0,4134.0,4134.0,342264.0,90700.0,
300512.SZ,20260820,7.21,0.9085,2.4576,0.89,110.09,94.4267,1.8043,2.5439,2.4691,0.8199,0.414,40923.7,32390.7,11973.3,295060.0,233537.0,
002025.SZ,20260820,60.78,5.4861,9.3187,1.16,150.921,146.38,4.1457,4.7416,4.6241,0.3796,0.2139,45402.0,45387.1,26720.2,2759530.0,2758630.0,
600577.SH,20260820,7.87,2.223,2.4268,0.65,29.3158,28.7701,2.8199,0.7119,0.6708,0.9789,1.1019,223181.0,223181.0,204442.0,1756440.0,1756440.0,
605199.SH,20260820,5.89,0.313,1.0215,0.81,,,6.1417,2.6161,3.3185,,,40010.9,40010.9,12258.2,235664.0,235664.0,
603699.SH,20260820,54.17,0.5945,1.2476,0.89,26.2333,24.9478,8.3973,5.4066,5.2333,3.1573,2.9725,77528.3,75814.3,36125.9,4199710.0,4106860.0,
000932.SZ,20260820,3.59,0.8655,1.7446,0.98,9.4234,10.9518,0.4406,0.2031,0.2044,2.7912,4.4568,685261.0,685261.0,339969.0,2460090.0,2460090.0,
920523.BJ,20260820,15.23,0.5535,0.7044,0.55,10.6238,11.319,2.099,2.9564,2.9259,1.9698,1.9698,10130.1,8103.95,6367.97,154282.0,123423.0,
688299.SH,20260820,12.84,1.7982,2.228,1.1,,,1.8818,3.3729,3.4595,,,28739.3,28739.3,23195.6,369012.0,369012.0,
002780.SZ,20260820,13.27,3.0979,3.3578,1.28,41.1303,30.7588,2.6737,2.2963,2.1399,,0.3768,16536.2,13065.2,12053.9,219435.0,173375.0,
603985.SH,20260820,16.78,2.0155,3.0846,0.56,88.613,62.3073,2.2145,1.8681,1.6562,,0.3573,44085.8,44085.8,28805.7,739760.0,739760.0,
002213.SZ,20260820,29.4,6.5051,8.0702,1.2,,3731.96,12.8108,5.7826,5.4799,0.0705,,24042.2,20671.8,16662.7,706841.0,607751.0,
002201.SZ,20260820,8.03,1.6681,2.5461,0.74,57.7799,58.2822,4.4159,2.9145,2.895,0.1743,0.3113,65163.6,60202.3,39441.3,523264.0,483425.0,
301191.SZ,20260820,90.7,4.7979,7.5825,0.51,135.356,119.755,5.1621,4.9552,4.4765,0.7838,0.1568,9689.71,7305.77,4622.8,878856.0,662633.0,
603344.SH,20260820,22.45,2.8917,2.8917,0.62,25.161,26.3709,2.0129,1.6972,1.6641,1.3808,,19453.1,5403.1,5403.1,436722.0,121300.0,
300121.SZ,20260820,9.69,2.7801,4.0239,1.01,21.8621,22.147,1.201,1.2529,1.2542,2.1444,1.524,44523.9,42940.8,29667.8,431437.0,416096.0,
600941.SH,20260820,96.7,0.8996,0.8996,0.85,15.2971,15.9124,1.4753,1.9969,2.0079,4.9577,4.8642,2168720.0,90276.8,90276.8,209715000.0,8729770.0,
603379.SH,20260820,61.19,0.7461,1.8193,0.7,18.1236,17.2427,4.3332,6.386,6.1891,1.2539,2.4841,61047.9,61047.9,25034.6,3735520.0,3735520.0,
600613.SH,20260820,8.56,12.551,22.9514,0.97,119.539,126.52,1.9646,2.3416,2.412,1.7523,0.8178,53407.2,47932.0,26211.5,457165.0,410298.0,
605222.SH,20260820,19.63,1.5347,4.1051,0.82,47.4625,41.3218,1.7221,0.3755,0.3577,0.2038,0.3057,41290.8,41290.8,15436.5,810538.0,810538.0,
603466.SH,20260820,11.51,6.6094,10.6954,0.4,,,3.2914,4.1204,4.3353,1.7375,0.1738,59482.8,59482.8,36758.4,684648.0,684648.0,
601065.SH,20260820,6.78,0.4274,0.808,0.68,17.3776,21.5343,0.9677,1.9278,1.9683,3.2448,1.7699,64277.6,64277.6,33998.4,435802.0,435802.0,
002937.SZ,20260820,30.03,3.6045,7.141,1.25,65.6243,67.4904,6.3708,5.3907,5.2337,1.2551,0.935,31601.0,31518.5,15909.4,948977.0,946500.0,
688280.SH,20260820,5.49,1.5117,1.8128,0.71,21.542,308.629,5.0247,1.1875,1.2222,,,59022.2,52054.4,43409.2,324032.0,285779.0,
603637.SH,20260820,14.06,4.6753,5.9343,1.73,50.7554,57.5531,3.215,7.2655,7.23,1.4225,0.7112,23868.6,23868.6,18804.6,335592.0,335592.0,
688507.SH,20260820,155.52,9.59,9.59,0.63,439.912,1050.47,5.0096,29.7508,29.7099,0.238,0.2125,8910.88,4923.57,4923.57,1385820.0,765714.0,
605090.SH,20260820,35.06,2.3217,4.2956,0.81,16.7401,15.7854,2.0175,1.2222,1.2719,3.214,1.785,70658.5,70587.2,38150.2,2477290.0,2474790.0,
600595.SH,20260820,5.98,2.159,3.3261,0.76,14.8194,8.5885,1.3099,1.039,0.8959,,2.9264,400790.0,400790.0,260151.0,2396730.0,2396730.0,
300126.SZ,20260820,6.39,2.1441,3.1489,1.13,,,1.9521,3.9592,4.1159,,,30395.8,21065.0,14343.2,194229.0,134605.0,
601566.SH,20260820,8.47,0.9671,3.4016,0.84,16.5305,28.2786,1.1911,1.636,1.6082,3.5419,5.9032,57463.7,57463.7,16336.9,486718.0,486718.0,
002591.SZ,20260820,6.35,2.6933,3.1361,0.82,,,2.98,5.0481,3.9968,,,30019.9,22351.2,19195.3,190627.0,141930.0,
688411.SH,20260820,199.98,1.2755,1.4081,0.79,38.3593,34.3892,7.3055,3.1422,2.9346,0.5429,0.7951,18245.5,13257.4,12008.6,3648730.0,2651220.0,
605566.SH,20260820,25.54,1.759,4.0125,0.78,75.9153,60.6128,1.6755,4.3923,3.9723,0.3894,0.3894,13334.0,13334.0,5845.44,340550.0,340550.0,
601233.SH,20260820,23.62,1.3382,2.2618,1.02,27.6426,16.9259,1.3971,0.5985,0.5744,0.4242,0.508,237900.0,237467.0,140499.0,5619200.0,5608980.0,
603611.SH,20260820,16.76,0.6367,0.9874,0.87,10.0591,11.3266,1.3324,0.6454,0.6466,5.352,4.9702,25760.1,25760.1,16611.1,431739.0,431739.0,
600163.SH,20260820,4.94,0.5101,1.4987,0.57,18.0222,20.1423,1.2819,5.8489,6.0387,1.6802,0.6073,190300.0,190300.0,64770.5,940080.0,940080.0,
688553.SH,20260820,12.55,4.1825,5.0046,1.66,,348.585,2.0777,7.8697,7.6389,2.4853,1.0731,62590.1,50741.2,42406.3,785506.0,636802.0,
301302.SZ,20260820,21.73,2.0865,3.4426,0.73,,,2.3086,11.1903,8.7396,,,15586.5,13899.0,8424.0,338695.0,302025.0,
002160.SZ,20260820,3.9,1.3147,2.0065,0.8,57.9227,59.5922,1.0683,0.4756,0.4758,,,103278.0,103073.0,67535.5,402785.0,401984.0,
300514.SZ,20260820,9.83,1.4055,1.8608,1.02,28.1049,67.9779,1.9296,2.4682,2.5941,3.0519,1.0173,20000.0,16025.8,12104.5,196600.0,157534.0,
603178.SH,20260820,16.3,3.6805,9.2999,0.59,,,3.3665,2.3008,2.343,0.2454,,23641.2,23641.2,9356.07,385351.0,385351.0,
300674.SZ,20260820,15.24,1.3198,1.7381,0.7,24.8466,25.5901,2.319,2.9615,2.9802,1.6656,1.9612,70405.7,70301.2,53383.1,1072980.0,1071390.0,
600988.SH,20260820,46.1,6.1672,7.2164,1.78,28.4226,24.4227,6.1312,6.9319,6.3551,0.3471,0.6941,190041.0,166391.0,142199.0,8760900.0,7670630.0,
600165.SH,20260820,3.23,5.5759,5.5759,3.21,,,4.5638,11.7425,11.1449,,,161588.0,73291.4,73291.4,521930.0,236731.0,
600007.SH,20260820,18.93,0.2641,1.3645,1.22,15.8595,15.9389,1.8968,5.0577,5.1252,5.8109,5.6524,100728.0,100728.0,19492.2,1906790.0,1906790.0,
300151.SZ,20260820,16.04,4.433,5.1393,1.06,132.245,133.868,5.4076,8.5949,8.6786,0.4676,0.4988,53250.9,36869.8,31802.4,854145.0,591391.0,
300310.SZ,20260820,4.32,3.3272,3.6375,1.06,347.869,228.503,2.0189,1.5196,1.5877,,,88165.9,69137.3,63239.2,380876.0,298673.0,
600526.SH,20260820,4.59,1.9332,3.4902,2.27,13.659,12.8257,0.8723,0.8329,0.8405,2.1817,1.0896,88847.4,87300.7,48354.7,407809.0,400710.0,
002928.SZ,20260820,6.15,1.3872,2.5257,0.94,12.5596,11.5951,1.9752,1.0543,1.0473,,,127824.0,127824.0,70204.2,786119.0,786115.0,
688032.SH,20260820,75.7,0.5998,1.6288,0.91,,,1.6558,4.8614,3.6336,4.1941,,12407.4,12407.4,4569.05,939236.0,939236.0,
688426.SH,20260820,22.87,1.8978,5.4908,1.44,,,1.9224,13.2944,12.2797,,,11249.4,11222.8,3878.88,257273.0,256665.0,
688323.SH,20260820,29.66,11.4421,18.8818,1.13,,,8.3062,15.3695,14.8844,,,20039.8,20039.8,12143.9,594381.0,594381.0,
600854.SH,20260820,4.53,1.0217,1.507,0.94,18.4372,18.6559,0.9492,24.8069,22.956,2.649,2.649,51945.9,51945.9,35218.3,235315.0,235315.0,
600426.SH,20260820,20.86,2.0339,2.9999,1.74,17.3017,13.9926,1.6421,1.8523,1.7723,2.0321,1.8448,274994.0,274958.0,186420.0,5736380.0,5735620.0,
301112.SZ,20260820,30.34,0.8402,2.5554,0.69,,,3.0039,8.336,8.775,0.3296,,11026.7,11026.7,3625.69,334549.0,334549.0,
688679.SH,20260820,39.49,4.9374,9.8975,0.89,,,4.7377,3.7544,3.7797,0.1266,,13169.0,13169.0,6569.41,520043.0,520043.0,
688189.SH,20260820,6.62,2.0489,3.6943,0.86,,,2.3542,12.7257,14.1822,,,27282.9,27282.9,15130.9,180613.0,180613.0,
002947.SZ,20260820,57.42,2.7238,3.2944,0.83,27.6099,25.5368,4.5413,5.1392,5.0246,1.0209,0.8424,25576.9,19830.4,16395.6,1468620.0,1138660.0,
000557.SZ,20260820,3.67,0.635,1.2148,1.42,18.2946,19.1958,0.8378,4.0267,3.9189,1.3624,0.545,145837.0,145792.0,76206.9,535224.0,535055.0,
605368.SH,20260820,6.73,0.6845,1.6661,1.24,17.054,20.3963,1.4484,1.1858,1.2383,12.63,5.9435,71463.6,71463.6,29358.8,480950.0,480950.0,
920810.BJ,20260820,9.18,7.1892,12.2353,3.3,710.283,,3.858,6.753,7.5719,,,9590.0,6240.75,3666.91,88036.2,57290.1,
600620.SH,20260820,4.41,1.2154,3.0888,1.85,159.567,496.171,2.1235,10.1291,9.9108,0.3401,,68667.7,68667.7,27020.6,302825.0,302825.0,
603285.SH,20260820,37.51,7.614,7.614,0.59,44.1804,45.8177,3.485,9.6989,9.5943,0.5332,0.6908,16000.0,6229.68,6229.68,600160.0,233675.0,
688681.SH,20260820,16.86,1.0368,1.5246,0.74,37.6453,35.2786,2.8431,3.4911,3.3939,0.5859,1.1353,10467.0,10467.0,7117.85,176474.0,176474.0,
601226.SH,20260820,6.11,0.7357,1.9921,1.05,45.3131,37.9971,1.6332,0.6811,0.6729,0.5586,0.7856,116222.0,116222.0,42921.6,710119.0,710119.0,
688007.SH,20260820,10.66,0.862,1.3,0.71,,,2.0326,2.8663,3.3101,0.2331,,45961.6,45961.6,30476.8,489950.0,489950.0,
000708.SZ,20260820,14.04,0.2338,1.448,0.92,11.9524,11.7004,1.5886,0.66,0.6621,5.0372,4.5997,504716.0,504714.0,81504.3,7086210.0,7086180.0,
300288.SZ,20260820,9.99,2.5521,2.9282,1.11,361.401,,3.1263,11.3252,11.6155,0.1502,0.1001,33794.1,25656.9,22361.4,337603.0,256313.0,
000828.SZ,20260820,9.54,0.8725,2.8916,2.06,12.0424,11.7846,0.956,6.3901,6.6702,4.979,4.979,103952.0,103952.0,31367.4,991699.0,991699.0,
688092.SH,20260820,22.73,0.8435,1.7925,1.09,37.0639,40.5907,2.8229,4.1885,4.1637,1.2319,1.1879,8266.37,8266.37,3889.74,187895.0,187895.0,
301027.SZ,20260820,18.8,3.8043,4.2761,0.74,,,3.0734,3.8219,3.9692,,,14700.0,12119.2,10782.0,276360.0,227841.0,
002988.SZ,20260820,21.92,2.3436,5.2219,0.62,46.2584,46.8889,2.0359,0.704,0.685,0.7188,,24980.4,24980.4,11211.3,547571.0,547571.0,
000551.SZ,20260820,12.6,4.7184,7.327,0.64,20.7063,19.4848,1.9942,1.4469,1.3882,0.6614,0.4762,48473.3,48436.2,31192.1,610764.0,610296.0,
600501.SH,20260820,13.91,1.4181,2.6329,0.99,,,4.071,2.7673,2.7412,,,42782.4,42782.4,23043.0,595103.0,595103.0,
000712.SZ,20260820,8.55,1.9519,2.6749,0.53,27.0234,44.311,2.8564,8.2383,8.8874,,,89600.0,89573.4,65362.4,766080.0,765853.0,
300025.SZ,20260820,5.12,1.7013,2.0226,0.66,,,6.1095,4.583,4.623,,,50879.3,50665.4,42615.9,260502.0,259407.0,
600322.SH,20260820,2.66,1.4782,1.9422,0.82,,,38.6671,3.0451,3.4794,,,110570.0,110570.0,84151.4,294116.0,294116.0,
300301.SZ,20260820,3.28,0.5067,0.5478,0.49,,,37.4826,6.8629,7.069,,,82986.9,78979.9,73054.1,272197.0,259054.0,
920821.BJ,20260820,17.7,2.0853,3.8702,0.66,160.643,310.605,4.6809,6.215,6.4625,0.4036,0.1864,13836.2,7285.34,3925.37,244901.0,128951.0,
601665.SH,20260820,6.54,1.0757,1.7587,1.72,7.0441,6.8149,0.7956,3.064,2.9708,3.2033,3.8104,615384.0,615384.0,376405.0,4024610.0,4024610.0,
002465.SZ,20260820,9.8,1.8455,2.5299,0.89,,,2.1292,5.5428,5.5188,0.6122,0.6074,248183.0,247789.0,180757.0,2432200.0,2428330.0,
600370.SH,20260820,1.47,0.3444,1.6199,0.73,,,1.2027,0.2975,0.2837,,,402266.0,402266.0,85520.7,591331.0,591331.0,
688300.SH,20260820,142.57,4.2858,10.9588,0.65,117.638,113.613,19.8642,30.8616,28.089,0.2698,0.3507,24146.9,24146.9,9443.55,3442630.0,3442630.0,
300304.SZ,20260820,11.52,1.7438,3.015,0.61,21.6759,23.0022,2.9711,4.2173,4.2792,0.7604,0.6892,87814.4,85451.6,49422.7,1011620.0,984402.0,
002698.SZ,20260820,11.93,1.0083,1.2137,0.28,21.6391,24.7897,2.8872,4.3136,4.5112,2.0956,2.0956,102256.0,84413.8,70124.7,1219920.0,1007060.0,
300270.SZ,20260820,11.86,4.3005,5.7748,0.56,,,6.5243,21.256,20.7028,,,30280.6,26093.0,19431.3,359128.0,309463.0,
000686.SZ,20260820,7.86,0.5363,0.9345,0.66,12.6747,11.0856,0.8904,3.6292,3.3996,2.799,3.1807,234045.0,234045.0,134321.0,1839600.0,1839600.0,
600012.SH,20260820,15.65,0.4579,2.1767,0.91,14.2425,14.3551,2.0019,3.9782,4.8847,3.8594,4.2173,170859.0,116560.0,24517.3,2673950.0,1824160.0,
920339.BJ,20260820,11.04,0.4636,1.11,0.47,60.866,114.847,4.0462,4.3882,4.6929,0.9033,0.9033,22020.4,15117.7,6314.15,243105.0,166900.0,
300430.SZ,20260820,4.35,1.6189,2.2417,0.64,,,0.9262,2.5251,2.3679,1.0345,,27304.7,25985.0,18765.1,118775.0,113035.0,
603211.SH,20260820,23.25,3.2576,11.6581,1.29,91.818,101.045,5.0444,4.9237,4.7892,0.2581,0.3312,27180.8,27180.8,7595.2,631954.0,631954.0,
688039.SH,20260820,33.45,1.403,2.6659,0.93,,,3.564,11.4953,10.4063,,,11060.1,11060.1,5820.64,369962.0,369962.0,
300875.SZ,20260820,32.37,3.4783,6.1741,0.72,,,3.804,10.1704,8.3491,,,9983.48,8779.17,4945.86,323165.0,284182.0,
002919.SZ,20260820,17.54,1.0561,1.633,0.7,164.901,188.479,5.717,3.0823,2.9722,0.2851,0.2831,26613.6,26420.8,17087.0,466803.0,463421.0,
600563.SH,20260820,128.52,1.5872,2.7646,0.6,24.2556,24.1857,4.5918,5.4284,5.3472,1.5562,1.7896,22500.0,22500.0,12918.0,2891700.0,2891700.0,
603235.SH,20260820,23.39,0.145,1.2234,0.95,17.3091,19.6911,2.0222,4.3665,4.328,2.8899,2.3374,43778.0,43778.0,5187.35,1023970.0,1023970.0,
601608.SH,20260820,4.65,0.6247,1.7537,0.85,56.7166,56.0953,2.2594,2.6267,2.6226,0.6151,0.7054,457955.0,457955.0,163125.0,2129490.0,2129490.0,
688657.SH,20260820,32.98,2.0025,2.3362,0.58,61.9461,67.9441,2.2486,9.4761,8.5216,1.4461,1.2395,9542.04,5969.45,5116.81,314696.0,196872.0,
301381.SZ,20260820,23.37,1.238,1.5277,0.95,33.57,34.1092,3.3926,0.8039,0.7865,1.0618,2.1236,40648.5,40610.7,32910.9,949955.0,949072.0,
301072.SZ,20260820,42.54,3.4917,7.061,0.67,,,6.256,5.5268,5.4577,,,10504.6,6713.99,3320.07,446866.0,285613.0,
601016.SH,20260820,3.38,1.0558,1.8634,0.38,32.2594,44.427,1.2421,4.9206,5.1326,3.1898,1.1116,654449.0,603826.0,342120.0,2212040.0,2040930.0,
603033.SH,20260820,7.49,0.4603,1.2132,0.6,,,3.0574,1.6557,1.6199,,,103116.0,101253.0,38417.4,772341.0,758386.0,
688802.SH,20260820,711.99,4.1531,4.1531,0.5,,,21.7481,173.268,151.076,,,40010.0,1852.86,1852.86,28486700.0,1319220.0,
600369.SH,20260820,4.01,0.3654,0.6949,0.81,25.0824,23.6405,1.0017,8.3077,7.8722,2.1197,2.394,664511.0,664511.0,349465.0,2664690.0,2664690.0,
301666.SZ,20260820,418.13,7.7716,7.7716,0.59,,14050.4,227.407,79.6941,55.248,,,43621.6,2651.63,2651.63,18239500.0,1108730.0,
920038.BJ,20260820,36.24,11.8157,11.8157,1.03,13.9092,13.9092,4.6512,4.51,4.51,,,10450.5,3416.61,3416.61,378727.0,123818.0,
301589.SZ,20260820,136.9,2.4002,2.5725,1.21,21.5298,21.788,3.3053,3.6054,3.5195,0.8662,1.0289,9244.8,3446.5,3215.63,1265610.0,471826.0,
300137.SZ,20260820,11.86,3.3627,3.9822,0.73,490.512,2302.11,3.8818,6.8916,7.1836,,0.253,53658.2,53003.4,44758.0,636386.0,628620.0,
002001.SZ,20260820,28.25,2.0249,4.186,1.3,12.8358,12.1067,2.4892,3.902,3.5759,3.1817,3.5335,307342.0,303685.0,146904.0,8682420.0,8579110.0,
603777.SH,20260820,13.73,1.398,3.76,0.57,,,2.9463,1.2023,1.206,,,33442.4,33442.4,12434.3,459164.0,459164.0,
600206.SH,20260820,56.7,16.2447,24.2773,1.11,181.274,150.944,11.0096,5.0303,4.1363,0.1922,0.1693,84655.3,84655.3,56645.5,4799960.0,4799960.0,
601929.SH,20260820,2.29,2.0013,2.9022,0.91,,,1.7077,4.0301,3.9727,,,348979.0,348979.0,240645.0,799162.0,799162.0,
920675.BJ,20260820,7.29,0.8732,1.3884,0.62,26.2323,30.751,1.987,2.3804,2.5169,2.7435,2.7435,17216.4,7901.79,4969.27,125508.0,57604.0,
300148.SZ,20260820,3.38,1.9808,2.2549,0.74,42.0877,53.2458,2.7611,4.9307,5.0404,,,84315.9,81411.5,71517.5,284988.0,275171.0,
600444.SH,20260820,14.18,5.1179,9.2495,2.05,35.5943,35.1626,2.719,2.31,2.1505,0.7757,1.1283,14642.2,14642.2,8101.74,207626.0,207626.0,
603838.SH,20260820,10.65,1.9848,5.463,2.33,,,3.8788,9.5627,8.8448,,,32001.6,32001.6,11627.0,340817.0,340817.0,
603893.SH,20260820,182.65,2.8787,5.8946,0.76,74.318,56.5033,15.6995,17.5569,14.7698,0.4893,0.8204,42314.4,42309.0,20662.1,7728720.0,7727730.0,
300692.SZ,20260820,9.56,6.1953,7.1832,0.92,78.689,82.0012,1.7237,5.6304,5.4872,0.2316,0.2382,56227.6,51310.2,44254.1,537536.0,490526.0,
603360.SH,20260820,12.37,1.0808,2.4445,0.67,41.6446,50.6469,6.1955,5.0674,5.8306,3.4646,,70622.4,70622.4,31223.0,873599.0,873599.0,
600378.SH,20260820,44.54,3.9323,9.125,0.71,39.777,36.6492,3.0922,3.4428,3.2346,0.6421,0.8801,129000.0,107257.0,46220.6,5745660.0,4777210.0,
002019.SZ,20260820,10.71,4.3484,5.2811,1.86,32.4051,36.6264,1.4645,2.538,2.5737,0.9337,0.9337,121639.0,84251.8,69371.7,1302750.0,902337.0,
603190.SH,20260820,16.53,0.9902,0.9902,0.88,26.0024,23.0034,1.2803,1.5664,1.499,1.092,1.5556,17435.6,16800.0,16800.0,288210.0,277704.0,
300973.SZ,20260820,25.17,2.811,3.3821,0.64,13.9883,15.2035,1.6879,0.979,0.9784,2.7367,2.7367,16934.1,11856.4,9854.57,426231.0,298425.0,
688302.SH,20260820,38.08,3.6037,4.768,2.06,,,3.6474,184.198,81.0944,,,9901.56,9901.56,7483.57,377051.0,377051.0,
300079.SZ,20260820,4.41,1.5105,1.5646,0.96,189.564,176.126,1.5278,8.5772,8.6911,0.227,0.4485,142603.0,128148.0,123718.0,628878.0,565133.0,
301525.SZ,20260820,39.69,0.972,1.0901,0.62,41.7785,63.1003,1.6092,4.0761,4.4527,0.8098,0.7199,13203.6,6916.17,6166.78,524053.0,274503.0,
600872.SH,20260820,18.73,1.9299,2.5097,1.43,27.0032,20.8856,2.6017,3.453,3.1459,2.2442,2.3386,77429.4,77098.8,59287.2,1450250.0,1444060.0,
920262.BJ,20260820,13.61,1.8895,3.1619,1.07,29.1968,24.1534,2.975,1.8811,1.7525,1.6485,0.6123,8293.7,3855.65,2304.12,112877.0,52475.4,
300605.SZ,20260820,10.11,4.44,5.0665,0.61,,,3.8245,3.8184,3.8233,,,16514.4,12638.3,11075.6,166961.0,127773.0,
605011.SH,20260820,17.04,0.8882,4.4437,0.59,36.56,35.8548,2.7585,2.1511,2.0393,1.2911,0.939,40010.0,40010.0,7996.67,681770.0,681770.0,
300927.SZ,20260820,25.94,12.8417,32.1373,3.67,191.945,118.587,3.8047,2.4123,2.3562,0.347,0.2891,14436.0,14084.9,5628.16,374470.0,365363.0,
605183.SH,20260820,14.54,0.2158,0.6676,0.71,12.1466,13.773,1.5943,2.7188,2.6999,2.0568,2.7423,41518.4,41242.9,13333.6,603678.0,599672.0,
605133.SH,20260820,27.7,2.1632,4.7328,0.64,41.4122,42.1984,2.0684,2.4488,2.2804,0.4129,0.7515,28527.5,28211.8,12894.6,790212.0,781467.0,
603639.SH,20260820,10.76,0.7586,2.1364,1.63,20.6763,24.6957,1.0709,0.8952,0.9175,4.5173,2.7881,34964.8,33987.8,12068.5,376221.0,365709.0,
301584.SZ,20260820,23.3,8.2425,8.2425,0.62,36.4053,34.9856,4.5221,0.5052,0.5007,,0.8584,42128.9,5371.43,5371.43,981602.0,125154.0,
600323.SH,20260820,29.6,0.5585,1.0309,0.9,12.2319,11.3202,1.5872,1.7317,1.6097,3.5473,3.5473,81534.7,81534.7,44176.6,2413430.0,2413430.0,
301282.SZ,20260820,36.71,15.2964,25.8036,0.8,85.66,82.665,4.4165,3.758,3.1395,0.4826,0.5791,21093.4,17657.8,10467.5,774338.0,648218.0,
688309.SH,20260820,73.78,1.6228,2.8542,0.49,175.216,55.2073,6.9775,19.8303,12.1564,0.1193,0.2304,7940.13,7940.13,4514.42,585823.0,585823.0,
603738.SH,20260820,36.33,11.1108,13.52,0.84,268.444,210.563,7.7096,14.8551,14.1255,0.2194,0.1122,38588.8,38588.8,31712.2,1401930.0,1401930.0,
301717.SZ,20260820,389.29,30.3059,30.3059,0.82,214.605,190.734,43.2275,79.977,71.7975,,,10184.6,1742.64,1742.64,3964770.0,678392.0,
002708.SZ,20260820,10.87,2.5345,3.6282,0.47,60.5083,56.7883,3.4542,2.2493,2.1759,,,56209.8,51665.7,36091.5,611000.0,561606.0,
603185.SH,20260820,16.77,0.6147,1.1185,0.44,61.3109,,0.9707,1.5427,1.4861,,0.8945,68307.7,67902.2,37317.1,1145520.0,1138720.0,
002702.SZ,20260820,4.91,4.5481,5.962,0.54,,,2.6321,1.7924,1.6381,,,55576.0,45874.4,34994.8,272878.0,225243.0,
603936.SH,20260820,17.54,12.8552,15.5708,1.07,1712.02,,2.6324,3.1338,3.1381,,0.057,64534.8,63039.8,52045.2,1131940.0,1105720.0,
601375.SH,20260820,4.02,0.7113,0.9343,0.76,40.947,35.7894,1.2826,9.5084,8.8901,0.6219,0.7463,464288.0,344752.0,262454.0,1866440.0,1385900.0,
300588.SZ,20260820,20.14,1.3467,1.8482,0.72,,,15.0527,17.1767,18.3582,,,19147.1,17682.2,12884.3,385623.0,356120.0,
002568.SZ,20260820,18.55,1.2099,1.8679,0.69,30.3128,26.5696,3.8704,6.5639,6.2078,1.6113,1.61,104162.0,76210.9,49364.3,1932210.0,1413710.0,
603032.SH,20260820,18.15,1.8147,3.5576,0.69,99.468,61.5808,3.6193,7.5825,6.9475,0.3089,0.2369,23322.7,23288.2,11879.1,423308.0,422680.0,
300433.SZ,20260820,37.98,2.7917,7.3757,1.09,49.8993,58.2921,3.6709,2.6944,2.8046,1.3125,1.444,527874.0,496970.0,188106.0,20048700.0,18874900.0,
002846.SZ,20260820,10.24,1.8452,2.6605,0.82,121.86,101.271,3.0012,1.9018,1.7248,,0.2432,41999.4,27139.2,18822.8,430073.0,277905.0,
601018.SH,20260820,3.39,0.3478,2.2053,1.23,12.7601,12.773,0.8047,2.126,2.0527,4.0708,3.5398,1945440.0,1945440.0,306805.0,6595040.0,6595040.0,
688651.SH,20260820,23.0,2.7955,2.9168,0.91,,,2.5823,7.6431,7.7215,,,10249.3,4701.81,4506.36,235734.0,108142.0,
920222.BJ,20260820,25.8,14.5595,14.5595,0.63,37.4048,37.4048,6.4725,5.9253,5.9253,,,8564.71,1156.26,1156.26,220970.0,29831.5,
605136.SH,20260820,8.26,3.0461,6.096,1.23,,,1.3639,1.9548,1.8844,,,40045.9,40045.9,20010.1,330779.0,330779.0,
003040.SZ,20260820,11.63,6.6771,12.7706,2.02,749.975,,3.7253,5.3729,5.9359,0.258,0.086,46113.6,45685.0,23886.2,536301.0,531317.0,
301168.SZ,20260820,41.08,0.7452,1.4405,0.59,192.587,673.263,2.3187,3.6502,4.3006,0.1497,0.0531,12000.0,9531.33,4930.89,492960.0,391547.0,
920642.BJ,20260820,9.92,2.3202,4.2897,0.91,,,4.5075,11.4206,13.6891,0.5004,,10367.0,9995.69,5406.52,102841.0,99157.2,
001218.SZ,20260820,24.32,2.5882,3.9419,1.51,20.2197,12.4966,1.3438,0.6553,0.5664,2.0333,2.2327,13425.8,11973.9,7862.06,326516.0,291204.0,
920425.BJ,20260820,15.49,4.2314,5.652,1.88,48.5901,35.1866,5.4183,13.6715,11.2319,0.6496,1.1528,10071.1,8289.86,6206.17,156002.0,128410.0,
300299.SZ,20260820,5.36,2.5791,3.6247,1.08,,,9.3287,9.7946,8.9743,,,69030.0,68945.5,49057.9,370001.0,369548.0,
601020.SH,20260820,21.27,3.8775,4.8362,1.29,20.0298,20.3834,4.0559,8.4229,8.5868,0.1881,0.3714,81996.5,81996.5,65743.2,1744060.0,1744060.0,
002491.SZ,20260820,19.27,19.103,28.8703,0.92,,109.86,8.8705,6.9446,5.4507,,,122999.0,117647.0,77845.1,2370200.0,2267060.0,
688186.SH,20260820,13.75,1.1895,1.4983,0.8,18.732,28.1705,0.8158,0.7857,0.8028,1.9829,,28048.9,28048.9,22268.3,385673.0,385673.0,
300870.SZ,20260820,214.15,4.5139,9.6651,0.84,133.968,179.716,12.5295,7.326,7.0826,0.334,0.2467,15264.4,15262.7,7128.22,3268860.0,3268500.0,
603213.SH,20260820,13.82,0.4525,1.8418,0.94,81.309,81.744,3.2046,2.3422,2.326,1.874,1.7971,44489.4,44489.4,10930.0,614843.0,614843.0,
600262.SH,20260820,14.65,1.8679,2.897,0.73,16.1812,15.3427,1.8638,1.1347,1.1569,1.5407,1.8576,23800.0,23800.0,15345.2,348670.0,348670.0,
300229.SZ,20260820,13.52,2.2076,2.8787,0.67,,,3.1341,23.0986,26.1433,,,87362.1,87301.9,66947.8,1181140.0,1180320.0,
001237.SZ,20260820,52.38,3.13,3.13,0.52,19.8624,19.7169,5.2315,2.7006,2.6737,,,14835.1,3485.6,3485.6,777065.0,182576.0,
000993.SZ,20260820,9.76,0.9332,1.9651,0.5,75.9146,218.54,1.7546,7.4724,8.1761,,1.8443,45795.1,45795.1,21747.6,446961.0,446961.0,
600887.SH,20260820,25.52,1.0661,1.1659,1.25,13.9577,13.3565,2.709,1.396,1.3745,6.6614,5.4075,632536.0,629393.0,575539.0,16142300.0,16062100.0,
601007.SH,20260820,6.78,1.4087,2.4935,1.01,41.6861,40.4849,1.6366,1.4508,1.4783,1.0324,1.9912,39000.0,39000.0,22033.2,264420.0,264420.0,
300386.SZ,20260820,11.49,6.8267,8.4079,1.08,818.885,,3.3352,6.9183,7.7632,,0.087,41804.4,25075.8,20360.0,480333.0,288121.0,
301251.SZ,20260820,48.42,15.0735,15.0735,1.01,135.647,137.505,5.9004,5.9122,5.0475,0.1976,0.0738,18856.4,7558.97,7558.97,913027.0,366005.0,
600662.SH,20260820,4.28,0.5811,2.0498,1.2,14.9825,14.4147,1.8024,0.405,0.399,5.6076,3.5047,228344.0,227676.0,64550.0,977314.0,974454.0,
300138.SZ,20260820,11.34,1.7005,1.8122,0.96,14.8517,15.3838,1.5779,0.8352,0.8465,1.1464,2.6455,48310.0,39831.3,37376.4,547836.0,451687.0,
301656.SZ,20260820,16.73,1.6575,1.6575,0.57,35.4981,47.1121,4.1705,1.9439,1.9042,,0.257,240479.0,20362.9,20362.9,4023220.0,340671.0,
301298.SZ,20260820,12.76,1.1537,1.4259,0.85,27.725,37.921,1.9639,2.8945,2.9181,2.3119,2.3281,14680.0,10818.3,8753.1,187317.0,138042.0,
600156.SH,20260820,7.89,1.7658,2.9584,0.29,,,8.5889,3.9811,4.2574,0.1267,0.1267,40211.1,40211.1,24000.6,317265.0,317265.0,
920819.BJ,20260820,3.01,0.6066,1.544,0.68,,,0.7752,0.674,0.6861,,,122580.0,121162.0,47599.4,368966.0,364699.0,
600477.SH,20260820,2.39,1.3721,2.2488,0.93,48.4841,80.175,1.1272,0.7934,1.0601,2.5523,1.7573,235897.0,235897.0,143935.0,563793.0,563793.0,
000009.SZ,20260820,7.5,0.8536,1.4364,0.73,95.2716,372.532,1.9286,0.8397,0.8062,0.4,0.4,257921.0,257602.0,153096.0,1934410.0,1932020.0,
000735.SZ,20260820,5.98,14.9243,18.0142,1.89,44.7809,,1.6518,2.0392,1.9608,0.3344,0.5853,115151.0,115090.0,95348.5,688605.0,688237.0,
688766.SH,20260820,480.36,11.9561,19.2923,1.09,344.213,71.8962,21.3701,30.7926,13.2961,0.0634,0.0249,14870.4,14870.4,9215.63,7143130.0,7143130.0,
300857.SZ,20260820,247.38,3.051,4.6089,0.56,103.968,69.3535,23.3177,9.894,7.4531,0.0594,0.0972,48936.3,48686.0,32228.8,12105900.0,12043900.0,
603515.SH,20260820,16.29,0.2127,1.4037,1.44,13.1361,13.2823,1.6924,1.7348,1.7344,5.5115,5.2018,74228.0,73775.1,11177.8,1209170.0,1201800.0,
002917.SZ,20260820,10.27,1.0021,1.4837,0.8,20.45,20.1447,2.0418,2.0181,2.0175,0.9585,1.4504,34761.4,26054.5,17596.9,357000.0,267579.0,
000070.SZ,20260820,14.6,4.5477,7.4767,0.65,,,12.671,2.8707,2.845,,,86839.3,85672.7,52110.2,1267850.0,1250820.0,
300504.SZ,20260820,14.91,2.8123,5.1956,0.6,,,1.9281,3.2958,3.22,,,27102.5,21825.2,11813.6,404098.0,325413.0,
300072.SZ,20260820,3.86,2.877,4.6041,1.49,,,1.7344,3.1704,2.73,,,234972.0,233136.0,145683.0,906992.0,899905.0,
300980.SZ,20260820,21.81,4.6357,5.5741,0.95,60.5826,50.3259,2.1154,4.9896,4.7536,0.8068,0.8945,13806.5,9834.14,8178.59,301120.0,214483.0,
600513.SH,20260820,17.45,7.291,12.1305,0.81,,,3.8952,1.8368,1.7208,0.51,0.4011,28545.6,28545.6,17157.1,498121.0,498121.0,
605089.SH,20260820,20.34,0.6372,2.4178,0.89,40.8291,39.0017,2.2162,3.9976,3.9825,1.7522,1.7522,13800.0,13800.0,3637.17,280692.0,280692.0,
301041.SZ,20260820,25.18,4.5125,5.1071,0.85,133.239,119.865,3.949,3.8345,3.708,0.3924,0.1883,10668.0,7897.13,6977.72,268620.0,198850.0,
601963.SH,20260820,11.25,0.9741,1.7348,2.1,7.2141,7.0048,0.6975,2.6989,2.6269,3.4081,3.8725,362578.0,203406.0,114212.0,4079000.0,2288310.0,
688234.SH,20260820,108.2,3.3364,6.0333,0.98,,,7.3758,35.7952,33.0882,,,48461.9,42971.1,23763.1,5243570.0,4649470.0,
600133.SH,20260820,8.26,1.0994,1.3258,0.64,31.8872,41.7642,0.9874,2.3486,2.4565,1.9976,2.0097,106624.0,106624.0,88411.7,880714.0,880714.0,
300048.SZ,20260820,5.11,1.6863,2.0682,1.51,93.3093,259.756,3.1883,0.7768,0.8401,,,113235.0,113023.0,92154.6,578630.0,577548.0,
002743.SZ,20260820,4.42,10.7159,16.0605,4.67,,,0.8292,1.004,1.7376,,,43526.8,43457.1,28995.5,192389.0,192080.0,
002203.SZ,20260820,18.37,0.6354,1.059,0.67,44.6367,40.7049,2.4679,0.506,0.4855,1.3463,1.1975,229176.0,221214.0,132727.0,4209950.0,4063700.0,
000635.SZ,20260820,6.33,1.0601,1.8387,0.87,,,2.5351,1.4593,1.5143,,,39413.4,36682.0,21149.7,249487.0,232197.0,
002380.SZ,20260820,27.22,2.1361,2.7226,0.65,47.0322,42.3533,2.6844,3.4995,3.455,0.147,0.7348,23999.2,14220.4,11157.0,653257.0,387079.0,
600863.SH,20260820,4.75,0.9597,1.8887,0.41,14.926,16.4205,1.7801,1.768,1.8325,3.8582,4.6316,783519.0,706332.0,358894.0,3721720.0,3355080.0,
002950.SZ,20260820,9.57,2.3472,4.2386,1.46,24.3501,22.3355,1.639,1.6506,1.5911,0.6126,1.4827,63326.5,42962.1,23790.8,606035.0,411148.0,
000766.SZ,20260820,16.86,3.2796,4.0847,1.97,475.263,511.893,7.0248,13.9279,13.9182,,,96649.5,96600.8,77561.4,1629510.0,1628690.0,
002800.SZ,20260820,13.61,2.3302,4.5512,0.9,,,4.1941,1.8228,1.8436,0.2204,,15225.3,14784.3,7569.53,207216.0,201214.0,
300415.SZ,20260820,19.58,1.0396,1.5347,0.91,12.9462,12.8975,2.7036,1.5169,1.4899,2.5047,3.0116,46856.2,45309.2,30693.0,917444.0,887154.0,
301258.SZ,20260820,27.01,1.9586,5.1512,1.53,38.5104,65.8688,1.3299,5.7218,6.0023,0.3337,0.7871,9167.0,8906.5,3386.5,247601.0,240565.0,
002229.SZ,20260820,10.82,12.0849,12.0849,0.43,,,5.0143,5.2984,12.6434,,,49619.1,49315.6,49315.6,536879.0,533595.0,
920436.BJ,20260820,10.23,0.5351,1.4174,0.77,,888.502,2.511,0.5678,0.4853,,,9517.76,8938.39,3374.45,97366.7,91439.8,
300214.SZ,20260820,10.75,8.8706,14.5372,0.68,,,2.0872,1.3356,1.3423,,,46490.3,46490.3,28368.6,499770.0,499770.0,
000726.SZ,20260820,5.98,1.2688,1.6655,1.9,8.236,9.0719,0.4989,0.828,0.8419,3.3432,4.18,81752.6,58933.6,44898.3,488880.0,352423.0,
920081.BJ,20260820,40.91,7.5968,7.5968,0.81,12.796,12.1226,2.8373,1.4585,1.2808,,,7260.0,1710.0,1710.0,297007.0,69956.1,
600803.SH,20260820,17.62,0.3499,1.2945,1.89,11.65,12.5089,2.2539,0.4149,0.4232,6.8576,6.466,309518.0,307173.0,83018.9,5453720.0,5412380.0,
688795.SH,20260820,546.99,2.6795,2.6795,0.56,,,21.1141,170.771,101.218,,,47002.8,3022.55,3022.55,25710100.0,1653300.0,
300127.SZ,20260820,24.75,1.5725,3.2827,0.73,45.0017,41.6376,5.0993,9.3226,8.7105,1.4141,1.6162,32314.6,23081.6,11056.6,799787.0,571270.0,
920080.BJ,20260820,22.16,1.7032,1.7032,1.39,24.6649,23.3054,3.1491,4.6678,4.4273,2.2563,4.5126,8300.0,2297.57,2297.57,183928.0,50914.2,
603818.SH,20260820,3.77,4.9491,8.5381,1.81,,,1.2538,0.7589,0.766,,,68654.4,68654.4,39795.3,258827.0,258827.0,
603041.SH,20260820,11.12,0.9223,1.5599,0.85,35.9362,34.6254,1.332,3.2951,3.1721,1.0674,1.0674,18314.8,18314.8,10828.3,203660.0,203660.0,
688031.SH,20260820,106.35,2.9867,4.3485,0.44,,,15.9734,28.7864,27.7396,,,12113.6,12113.6,8320.12,1288280.0,1288280.0,
300084.SZ,20260820,10.38,1.4188,1.4333,0.5,,,4.5092,8.9378,9.4786,,,54876.0,47094.4,46615.6,569613.0,488840.0,
301222.SZ,20260820,24.46,1.4521,4.2024,0.96,41.1692,38.8707,2.3371,5.6908,5.302,0.8761,1.4601,14033.8,10660.0,3683.46,343267.0,260744.0,
603316.SH,20260820,13.91,2.8651,4.6353,0.75,,,6.7958,7.4582,6.2487,,,26999.9,26426.4,16334.3,375569.0,367591.0,
000045.SZ,20260820,10.24,1.3094,2.6841,1.07,75.8095,74.3487,1.7278,1.6002,1.5945,0.6934,0.4688,50652.2,45702.2,22295.2,518678.0,467990.0,
300463.SZ,20260820,9.64,3.7225,4.0227,1.42,,,0.924,2.6856,2.7373,1.0857,,60466.7,49159.9,45491.8,582899.0,473901.0,
001314.SZ,20260820,53.7,2.0243,4.5033,0.86,117.157,69.7089,3.6267,1.6706,1.4813,0.1662,0.3318,14259.4,12409.9,5578.41,765730.0,666414.0,
688160.SH,20260820,99.96,1.6022,3.974,0.69,125.797,122.106,6.9414,12.5998,11.6793,0.2764,0.2989,9121.52,9121.52,3677.66,911787.0,911787.0,
600753.SH,20260820,9.86,0.3196,0.5049,0.51,62.539,46.7204,26.2679,1.3029,1.1945,,,23030.7,23030.7,14579.6,227083.0,227083.0,
688635.SH,20260820,336.47,20.1524,20.1524,0.78,329.538,314.09,48.643,127.689,123.09,,,9367.0,1775.65,1775.65,3151710.0,597453.0,
300393.SZ,20260820,6.15,2.0593,2.3497,1.17,,,3.7836,1.5061,2.0217,,,108963.0,95589.3,83775.9,670121.0,587874.0,
300908.SZ,20260820,25.0,2.3676,4.856,0.58,19.0304,18.2877,2.0732,3.3732,3.2471,3.2,4.0,14600.0,12299.3,5996.56,365000.0,307481.0,
000661.SZ,20260820,84.3,3.4008,4.674,1.85,221.906,,1.5434,2.846,2.9461,3.0372,0.1869,40793.8,39961.5,29076.3,3438910.0,3368750.0,
688213.SH,20260820,97.3,2.0789,2.2483,0.89,39.0957,37.4037,7.1697,4.3343,4.1674,0.2819,1.0314,40230.7,32350.9,29913.2,3914450.0,3147750.0,
300885.SZ,20260820,19.61,1.5895,2.7638,0.7,88.1184,78.8804,5.3196,18.2228,13.7875,0.6165,0.411,24815.2,16701.8,9605.33,486626.0,327522.0,
920799.BJ,20260820,32.07,4.1679,6.4863,1.29,104.001,156.016,15.9854,14.0497,13.1584,0.7786,0.7786,20914.5,12007.0,7715.27,670729.0,385064.0,
002324.SZ,20260820,8.91,1.4307,1.7899,0.68,26.9698,32.3864,2.1132,1.0012,0.9434,0.5536,0.6089,111234.0,77627.6,62052.2,991092.0,691662.0,
600732.SH,20260820,11.76,0.8054,1.174,0.49,,,5.2458,1.5931,1.5629,,,211519.0,210525.0,144427.0,2487470.0,2475780.0,
301273.SZ,20260820,38.45,4.9906,7.6607,0.63,,,4.4112,12.6598,12.6168,,,10029.9,7698.06,5014.93,385648.0,295990.0,
002901.SZ,20260820,44.4,0.8737,3.4446,1.46,30.6563,28.5843,4.9357,7.0678,6.8285,1.106,1.3199,41401.9,28841.2,7315.78,1838250.0,1280550.0,
002442.SZ,20260820,4.95,1.6095,2.6196,1.07,62.9746,125.726,1.3555,0.58,0.5835,2.4239,,50337.4,49151.1,30199.4,249170.0,243298.0,
600171.SH,20260820,22.46,1.2921,1.726,0.63,67.403,72.2894,3.5014,5.017,4.8113,0.7569,0.5343,70892.3,70892.3,53072.3,1592240.0,1592240.0,
600562.SH,20260820,26.07,0.5264,1.5386,0.65,51.5111,51.3578,4.8166,9.6411,9.2444,0.9743,0.9551,124186.0,124186.0,42490.8,3237520.0,3237520.0,
300475.SZ,20260820,157.15,4.7473,6.5473,0.62,135.493,39.7721,15.1844,2.0932,1.4437,0.058,0.0743,46954.2,45003.6,32630.9,7378850.0,7072310.0,
603279.SH,20260820,12.53,1.0368,1.6875,1.15,13.8733,15.1347,1.5559,1.2414,1.252,7.1832,6.3847,57637.3,57637.3,35411.9,722195.0,722195.0,
688579.SH,20260820,8.03,1.3327,1.8927,1.5,53.4236,91.9517,2.3176,6.1753,6.8351,0.8095,0.6227,40001.0,40001.0,28166.8,321208.0,321208.0,
301005.SZ,20260820,71.92,12.608,23.2717,1.51,830.997,931.688,17.2928,15.3766,15.4714,0.0491,0.0497,18796.5,18413.6,9976.0,1351850.0,1324310.0,
301004.SZ,20260820,34.66,0.621,2.1279,1.21,11.5602,14.5742,2.8145,2.1474,2.4552,9.0226,2.8566,14580.6,13610.7,3971.85,505365.0,471748.0,
000534.SZ,20260820,27.08,1.8833,2.7141,0.79,70.0369,68.3782,8.0336,10.6924,10.4912,0.1749,,50954.9,50253.8,34871.6,1379860.0,1360870.0,
003007.SZ,20260820,37.16,2.9644,5.672,1.04,250.705,188.82,5.093,10.468,8.7663,0.1486,0.0802,11957.4,7258.77,3793.7,444339.0,269736.0,
300499.SZ,20260820,27.23,3.828,3.9874,0.51,292.848,272.228,5.9695,8.4033,8.455,,0.2424,30524.9,27140.8,26056.2,831192.0,739045.0,
002871.SZ,20260820,16.52,1.6555,2.0485,0.61,31.0069,31.6958,3.5514,6.2111,6.0111,2.1056,2.412,25185.4,14926.7,12062.8,416062.0,246588.0,
600390.SH,20260820,4.81,0.6234,1.2572,1.02,49.6621,40.9877,0.5097,12.1877,11.7513,0.1247,0.4158,449807.0,449807.0,223025.0,2163570.0,2163570.0,
002932.SZ,20260820,15.29,0.8474,1.0125,1.29,,,0.6432,13.412,13.3764,7.4083,,23252.1,15609.5,13063.0,355525.0,238669.0,
301515.SZ,20260820,19.71,1.5122,1.8224,0.67,,,1.6087,2.7314,2.6357,0.5847,,10000.0,6755.75,5605.75,197100.0,133156.0,
002836.SZ,20260820,10.07,1.4985,3.8208,1.58,54.9383,54.2007,5.8411,5.3315,5.0552,2.4039,1.943,23040.0,23040.0,9036.25,232013.0,232013.0,
002983.SZ,20260820,19.41,1.2788,2.5375,0.87,34.4299,39.3591,3.1938,4.3665,4.2849,1.2925,2.0644,22247.3,12933.5,6518.17,431819.0,251040.0,
002440.SZ,20260820,12.54,3.639,5.4528,0.75,21.0573,17.5029,1.3922,2.4598,2.2979,1.1642,1.5703,112400.0,94635.9,63155.5,1409500.0,1186730.0,
601012.SH,20260820,12.41,0.718,0.9114,0.59,,,1.8633,1.3369,1.3853,,,757807.0,757806.0,597013.0,9404380.0,9404370.0,
603633.SH,20260820,6.36,1.5541,2.2773,0.79,,,1.5596,1.7862,1.8072,0.4208,0.4208,42681.1,42681.1,29127.1,271452.0,271452.0,
600643.SH,20260820,3.92,0.9969,1.9944,1.28,,,0.6358,5.2702,6.0008,,,159317.0,159035.0,79489.5,624523.0,623418.0,
002659.SZ,20260820,4.44,1.627,2.3243,0.59,,,1.238,7.6627,7.5339,,,59828.0,59827.8,41879.3,265636.0,265635.0,
002414.SZ,20260820,13.09,1.4991,3.1491,0.86,81.4698,57.7193,7.5471,12.1035,10.7839,,,427074.0,339861.0,161784.0,5590390.0,4448780.0,
603108.SH,20260820,10.34,5.5346,7.2232,1.69,,,1.7001,0.8933,0.913,0.2897,,60460.4,60460.4,46326.4,625160.0,625160.0,
603324.SH,20260820,27.46,2.7529,7.8237,0.96,,,2.5527,3.6978,4.5098,0.4425,,15278.4,14768.0,5196.38,416235.0,402217.0,
300498.SZ,20260820,13.79,0.5855,0.6484,0.7,17.4232,42.0309,2.3193,0.8838,0.8831,3.6146,3.6177,665393.0,594588.0,536925.0,9175770.0,8199370.0,
920200.BJ,20260820,27.49,2.7735,2.7735,0.58,19.1866,19.1866,3.8841,2.1037,2.1037,,,10156.0,4436.9,4436.9,279188.0,121970.0,
600830.SH,20260820,8.12,0.973,1.42,1.23,45.9382,44.8475,1.6285,8.9577,8.9117,0.1847,0.2217,45432.3,45432.3,31131.0,368910.0,368910.0,
603595.SH,20260820,26.0,0.8025,1.4992,0.76,,,3.9748,2.8672,2.6419,0.0577,,23244.2,23244.2,12442.7,604350.0,604350.0,
301024.SZ,20260820,31.73,1.3919,4.57,1.13,,,5.9687,13.3482,13.6037,,,6358.5,6156.0,1875.0,201755.0,195330.0,
003011.SZ,20260820,20.71,2.6582,3.5012,0.79,21.3794,24.6934,1.5316,1.7627,1.765,2.8686,2.87,10267.6,7684.51,5834.27,212642.0,159146.0,
920284.BJ,20260820,16.85,2.7735,3.3516,0.93,,,5.5974,7.5039,5.9047,,,10478.6,6706.07,5549.3,176564.0,112997.0,
301188.SZ,20260820,38.54,5.6114,7.5576,0.54,259.978,256.878,5.2597,10.5055,10.0539,0.2209,0.2516,26753.7,26753.7,19864.1,1031090.0,1031090.0,
601118.SH,20260820,6.2,4.5685,12.8166,2.12,,,2.7737,0.6282,0.6547,0.1758,,427943.0,427943.0,152542.0,2653250.0,2653250.0,
002241.SZ,20260820,22.02,1.2982,1.6736,0.69,19.8515,19.6809,2.0928,0.8102,0.7909,1.3247,1.5618,355227.0,314571.0,243995.0,7822100.0,6926850.0,
603326.SH,20260820,6.99,1.5865,4.9629,0.94,12.7947,15.5764,1.8715,1.5377,1.633,9.3318,5.7225,31917.7,31917.7,10203.6,223105.0,223105.0,
300635.SZ,20260820,12.28,4.2284,4.9343,1.56,,,5.5911,2.9169,3.0463,,,14001.4,12041.4,10318.8,171937.0,147869.0,
001331.SZ,20260820,44.63,3.4953,12.5853,0.83,992.196,,12.4195,3.3011,3.5493,,0.0927,40924.8,28583.4,7938.41,1826470.0,1275680.0,
600493.SH,20260820,6.04,1.8499,2.7618,0.96,104.574,267.916,1.4734,1.784,1.77,0.9719,0.298,27200.0,27200.0,18218.6,164288.0,164288.0,
300557.SZ,20260820,25.82,1.8396,3.4849,0.92,87.2772,86.0419,4.0023,5.6064,5.5,0.4586,0.5958,15712.8,15634.7,8253.25,405705.0,403687.0,
301488.SZ,20260820,96.44,2.5276,3.2856,0.69,130.493,135.538,7.0502,5.4704,5.0581,0.4703,0.3763,10141.3,4155.29,3196.67,978024.0,400736.0,
000988.SZ,20260820,104.18,3.6785,4.5419,0.62,71.2222,61.6431,8.9629,7.2975,6.8623,0.192,0.2376,100550.0,100499.0,81394.0,10475300.0,10469900.0,
603700.SH,20260820,11.62,2.3176,2.7962,0.79,24.8911,30.6077,1.4146,1.3329,1.265,1.7206,2.5584,19996.2,19996.2,16573.8,232356.0,232356.0,
600885.SH,20260820,34.84,0.973,1.3113,0.87,30.6784,27.66,4.0809,3.1343,2.7125,0.9959,0.996,154759.0,154759.0,114838.0,5391820.0,5391820.0,
603038.SH,20260820,16.41,4.6078,7.9182,1.23,204.166,52.9656,3.0744,3.5334,3.1966,0.3047,0.3047,26867.7,26867.7,15635.0,440899.0,440899.0,
603799.SH,20260820,39.35,2.3921,3.0174,0.71,12.1941,10.7879,1.4647,0.9197,0.7497,1.1266,1.2728,189353.0,188761.0,149644.0,7451030.0,7427730.0,
300789.SZ,20260820,17.7,7.1927,9.5561,1.75,96.984,76.7992,2.4008,5.1829,5.0651,0.8588,0.7345,14384.9,8533.49,6423.0,254613.0,151043.0,
600776.SH,20260820,12.38,1.0753,2.505,0.84,43.4252,33.9995,4.0712,6.2767,6.0441,0.4927,0.4443,125600.0,95600.0,41038.5,1554930.0,1183530.0,
601606.SH,20260820,30.46,2.7278,6.6355,0.64,2643.11,3185.17,10.1092,14.1025,14.0156,,0.0131,72422.8,72422.8,29772.7,2206000.0,2206000.0,
301556.SZ,20260820,59.8,11.0867,11.5817,1.0,47.9273,47.4845,5.1518,9.9881,10.1826,1.3737,0.786,8528.0,2948.0,2822.0,509974.0,176290.0,
301087.SZ,20260820,50.09,0.9174,2.0118,1.01,31.7971,30.5148,2.4971,3.4881,3.2266,3.4977,3.5164,23589.7,19399.1,8846.48,1181610.0,971702.0,
601996.SH,20260820,2.46,1.3431,2.2743,0.71,,,1.1241,1.6249,1.619,,,112091.0,112091.0,66196.8,275745.0,275745.0,
601827.SH,20260820,8.29,0.2494,0.8938,0.43,11.2598,11.0749,1.1113,2.4933,2.5084,2.9554,3.2087,167193.0,167193.0,46655.2,1386030.0,1386030.0,
603843.SH,20260820,6.89,1.7154,2.4091,1.02,,,187.123,3.5062,3.6031,,,69962.3,69962.3,49817.2,482040.0,482040.0,
300099.SZ,20260820,5.94,1.3875,1.5458,0.61,23.8993,23.7817,1.8246,7.5616,7.8789,3.8552,3.2323,73726.5,58131.8,52179.6,437936.0,345303.0,
000731.SZ,20260820,6.1,1.3781,1.5863,0.84,,,0.8768,0.9012,0.9084,4.48,1.6423,54882.6,54882.6,47677.2,334784.0,334784.0,
600183.SH,20260820,126.28,2.4719,4.8181,0.79,92.0032,59.0506,16.5787,10.7887,8.8201,0.792,0.9503,242900.0,241175.0,123733.0,30673500.0,30455600.0,
301108.SZ,20260820,37.15,2.8715,5.2212,1.27,54.1151,53.9714,2.2051,5.4163,4.9745,0.4614,0.6729,11255.6,6483.34,3565.65,418146.0,240856.0,
002200.SZ,20260820,6.77,2.3603,3.0186,0.95,,34.3025,2.2801,5.9563,4.3142,,,45112.6,19572.6,15304.0,305412.0,132506.0,
003008.SZ,20260820,19.49,2.4781,3.6727,1.97,22.9831,25.2971,1.9443,8.7095,9.3142,5.9005,5.1308,10400.0,8022.01,5412.66,202696.0,156349.0,
300820.SZ,20260820,52.26,3.2167,4.7909,0.76,52.0995,55.6349,4.4992,7.7332,7.8543,0.7586,0.7608,22220.4,11178.8,7505.68,1161240.0,584202.0,
000543.SZ,20260820,7.48,0.6533,1.5427,0.72,7.8897,7.8874,0.9657,0.621,0.6307,4.2647,5.0668,226686.0,226686.0,95991.9,1695610.0,1695610.0,
002120.SZ,20260820,6.67,1.0972,2.4126,1.38,16.5075,14.4597,0.9087,0.3757,0.3729,2.9908,2.9841,289920.0,281513.0,128026.0,1933770.0,1877690.0,
603519.SH,20260820,16.53,7.6666,16.1172,2.48,28.1115,24.6177,4.1431,2.6079,2.6076,5.9917,5.9917,26632.8,26632.8,12668.6,440240.0,440240.0,
920693.BJ,20260820,22.49,1.354,2.1213,0.64,438.707,,4.6366,5.5928,5.09,0.3112,0.1601,7270.0,3661.0,2336.75,163502.0,82335.9,
002400.SZ,20260820,6.48,3.4033,4.2052,0.27,125.563,141.941,2.2541,0.529,0.5096,0.4475,0.2469,174334.0,172616.0,139701.0,1129680.0,1118550.0,
605128.SH,20260820,23.33,1.6845,2.6766,0.77,39.0347,36.1864,3.3549,3.0279,2.9174,0.7461,0.8023,31398.7,31398.7,19760.7,732531.0,732531.0,
002456.SZ,20260820,6.83,1.922,2.0414,0.78,573.497,,6.3366,1.078,1.1371,,,349592.0,331762.0,312344.0,2387710.0,2265930.0,
002107.SZ,20260820,6.48,2.632,5.3472,1.17,39.0775,31.5359,5.2896,4.5784,4.7651,1.8519,4.0586,57721.0,57139.6,28125.0,374032.0,370265.0,
301632.SZ,20260820,14.13,2.7815,3.3543,0.79,50.8905,44.2094,2.1344,4.7282,4.8501,,0.8493,41856.0,18381.2,15242.2,591425.0,259727.0,
301046.SZ,20260820,21.94,4.3015,7.1525,1.74,529.537,,3.1559,3.1286,3.6345,1.2352,1.8267,16858.8,13019.5,7829.93,369881.0,285648.0,
301257.SZ,20260820,52.21,10.1527,17.3385,1.3,37.6223,36.1098,3.2187,4.8959,4.796,0.323,0.2835,7900.48,7531.89,4410.34,412484.0,393240.0,
002006.SZ,20260820,13.26,1.1158,1.5133,0.88,37.1482,35.1464,2.7865,4.0704,4.2093,1.1312,1.5083,51968.3,51968.3,38318.1,689100.0,689100.0,
002981.SZ,20260820,23.47,2.1087,5.6221,1.22,43.4482,111.528,3.068,1.7625,1.8333,1.0972,0.7164,13655.9,12158.5,4560.24,320504.0,285360.0,
688230.SH,20260820,54.7,0.906,3.624,0.81,60.5986,57.4132,2.8591,16.343,15.3384,1.4625,0.7861,11760.0,11760.0,2940.0,643272.0,643272.0,
000517.SZ,20260820,2.47,3.0718,10.377,2.2,,,1.6934,1.4134,2.2628,,,318392.0,249199.0,73767.1,786429.0,615521.0,
301289.SZ,20260820,42.95,0.6541,2.6678,1.11,38.8454,37.1117,3.2375,10.0372,9.7965,0.9546,0.9777,7800.0,7750.09,1900.09,335010.0,332866.0,
002457.SZ,20260820,10.52,3.615,4.9214,0.68,27.0639,27.2692,1.3818,1.3367,1.3524,1.5065,1.5065,33348.7,33327.0,24480.2,350828.0,350600.0,
603855.SH,20260820,16.02,0.2559,0.4524,0.72,14.6179,15.53,2.4069,1.6801,1.745,6.2425,6.1847,33751.1,33553.2,18981.1,540693.0,537523.0,
002068.SZ,20260820,7.62,3.6062,6.8533,0.97,,,2.4027,0.6452,0.6668,,,73534.5,73497.9,38674.1,560333.0,560054.0,
300758.SZ,20260820,10.68,1.0451,1.6977,0.6,69.7007,92.2992,2.3851,2.8508,2.7844,,0.7022,39911.6,35974.2,22145.6,426255.0,384204.0,
688498.SH,20260820,1545.0,2.6998,3.6817,0.79,1007.48,540.248,76.1875,319.824,220.509,0.0222,0.0445,12450.0,12289.2,9011.75,19235300.0,18986800.0,
600833.SH,20260820,11.04,6.1364,11.1467,0.6,42.6492,32.2912,2.0843,1.1562,1.1668,1.9928,0.7065,22308.6,22308.6,12281.2,246287.0,246287.0,
603181.SH,20260820,12.73,0.5417,0.9478,0.45,17.1646,16.6536,2.0743,3.1168,2.9643,1.613,1.7477,58870.0,58870.0,33646.6,749415.0,749415.0,
301062.SZ,20260820,6.69,2.4238,2.4238,0.75,,,2.1508,2.4685,2.3033,1.3421,1.3421,43329.2,27525.1,27525.1,289872.0,184143.0,
688201.SH,20260820,7.12,0.4755,0.7872,0.89,109.935,72.6257,1.742,4.1669,4.0842,,0.3464,31715.4,31715.4,19157.8,225814.0,225814.0,
603681.SH,20260820,18.14,1.495,2.1848,0.51,34.7754,31.3141,1.4409,0.6446,0.6391,0.6441,0.5292,23774.2,23774.2,16268.0,431264.0,431264.0,
000777.SZ,20260820,16.75,1.1728,1.6179,0.63,37.8017,40.8077,2.6143,3.7093,3.9785,1.1642,0.794,38341.8,38341.1,27793.7,642224.0,642213.0,
688403.SH,20260820,23.1,4.3992,5.9514,0.71,148.261,360.117,5.0912,12.8653,12.2312,0.3421,0.216,99309.8,99309.8,73408.7,2294060.0,2294060.0,
001368.SZ,20260820,24.35,3.8166,5.6991,2.47,28.037,26.9085,1.9445,2.6084,2.511,3.1014,3.0996,11312.0,10808.1,7238.06,275448.0,263176.0,
688330.SH,20260820,33.1,0.8661,1.6877,1.08,7.2678,7.3451,1.0553,7.1251,8.1945,1.0176,1.3828,14000.0,14000.0,7184.35,463400.0,463400.0,
603177.SH,20260820,11.0,3.3765,8.1247,0.53,,,6.9556,2.0906,2.1299,0.3671,,20419.2,20419.2,8485.8,224611.0,224611.0,
000825.SZ,20260820,3.41,0.5594,1.5247,1.03,376.962,,0.5944,0.2149,0.2176,,0.2639,569625.0,569625.0,208979.0,1942420.0,1942420.0,
688238.SH,20260820,8.04,15.2214,20.4451,3.29,,,3.8491,19.4931,19.6626,,,64903.7,64743.3,48201.5,521826.0,520536.0,
002109.SZ,20260820,2.62,0.3563,0.855,1.0,,,0.8531,0.942,0.8846,,,127627.0,127627.0,53182.6,334383.0,334383.0,
600559.SH,20260820,11.62,0.8033,1.0731,0.52,24.732,24.0041,1.9411,2.579,2.5467,4.7332,1.7212,91474.7,91474.7,68475.3,1062940.0,1062940.0,
300977.SZ,20260820,16.22,1.8223,3.4448,1.28,82.8208,111.796,1.786,5.2836,5.0385,,0.9248,15222.7,9480.21,5015.08,246912.0,153769.0,
003004.SZ,20260820,71.41,2.5586,4.6728,1.05,,,9.2621,15.5508,14.6009,,,8186.38,6874.28,3764.09,584590.0,490892.0,
920701.BJ,20260820,13.63,1.8124,4.9533,0.94,26.6955,29.0969,2.2041,2.0897,2.0971,1.5722,2.5679,13720.0,10020.7,3666.58,187004.0,136582.0,
301100.SZ,20260820,16.12,1.0548,1.7476,0.57,,,1.6131,2.8438,2.9211,,,20122.7,8872.7,5355.2,324378.0,143028.0,
600480.SH,20260820,8.34,0.7531,1.331,0.71,12.2065,13.1814,1.2355,0.5139,0.508,3.9665,4.7963,122223.0,121319.0,68641.9,1019340.0,1011800.0,
300316.SZ,20260820,42.12,1.4168,2.9556,1.3,62.3436,133.108,3.2029,4.8565,5.5439,0.9481,0.3555,130953.0,123156.0,59036.2,5515760.0,5187310.0,
301550.SZ,20260820,84.03,7.5384,10.3921,1.18,163.262,170.394,15.0852,35.7528,34.9962,0.2693,0.3594,33534.9,20524.9,14888.6,2817940.0,1724710.0,
002633.SZ,20260820,14.47,0.9135,1.8932,0.78,420.641,186.16,6.119,6.9517,6.6111,,,15000.0,14956.4,7216.74,217050.0,216419.0,
600293.SH,20260820,2.82,1.9427,2.7128,0.88,,,1.9187,2.7525,2.8916,,,116015.0,116015.0,83077.4,327161.0,327161.0,
605598.SH,20260820,26.23,1.8061,5.5933,1.17,97.1518,187.995,3.7202,4.0618,4.1054,0.4374,0.3088,24301.7,24301.7,7846.98,637433.0,637433.0,
000042.SZ,20260820,9.05,1.1103,2.3813,1.32,,,2.6548,2.319,3.1723,,,66483.1,66409.1,30962.8,601672.0,601003.0,
603375.SH,20260820,38.77,3.1734,4.6497,1.55,385.547,463.547,2.52,8.3084,8.1877,0.2579,0.2559,10066.7,6378.09,4353.09,390284.0,247279.0,
605169.SH,20260820,10.97,2.8007,9.5884,1.72,25.5215,29.9989,1.5389,0.9923,1.0283,2.2324,1.7859,28288.0,28288.0,8262.76,310319.0,310319.0,
603156.SH,20260820,51.0,2.0792,5.1388,1.79,51.0174,45.0897,6.4853,12.0454,10.6531,3.6471,2.9412,126028.0,126028.0,50991.2,6427420.0,6427420.0,
603587.SH,20260820,11.8,0.3091,1.1586,0.89,21.4185,20.031,1.4941,2.6112,2.5754,4.2002,3.382,47270.3,47270.3,12609.8,557789.0,557789.0,
688018.SH,20260820,112.2,1.5762,2.4847,0.78,52.824,46.0717,5.5887,10.2515,9.3906,0.2538,0.3183,23438.4,23438.4,14869.0,2629790.0,2629790.0,
920012.BJ,20260820,56.24,11.9469,11.9469,1.1,42.2824,42.0067,4.5247,6.4277,6.3816,,,4931.74,1929.75,1929.75,277361.0,108529.0,
301127.SZ,20260820,18.45,5.3013,9.7655,0.66,56.6283,58.0867,3.6739,7.2786,6.8391,0.5203,0.2051,67407.5,65442.2,35525.7,1243670.0,1207410.0,
600055.SH,20260820,11.54,1.6193,2.9687,1.91,,,1.8266,6.0233,5.878,1.1265,,70306.1,70306.1,38348.1,811332.0,811332.0,
603169.SH,20260820,6.26,0.712,1.3207,0.87,,,3.0752,1.2608,1.3055,,,130629.0,130629.0,70423.0,817739.0,817739.0,
002014.SZ,20260820,10.95,0.7232,2.0342,1.22,15.3076,15.2802,2.6879,1.8013,1.7133,8.2192,5.0228,61249.2,61052.8,21703.9,670679.0,668528.0,
002162.SZ,20260820,4.07,1.1949,2.4952,0.5,556.433,363.763,4.5194,3.5251,3.4579,,,91970.1,91832.2,43978.3,374318.0,373757.0,
600630.SH,20260820,6.65,1.8319,2.6202,0.91,60.0454,52.6642,3.4724,1.5445,1.5191,0.5714,0.5835,42486.2,42486.2,29705.0,282533.0,282533.0,
002990.SZ,20260820,50.5,6.7517,10.7425,0.67,154.997,78.7615,5.1381,9.1498,8.1104,0.415,0.198,26185.2,13801.9,8674.51,1322350.0,696994.0,
300052.SZ,20260820,10.72,3.562,4.2823,0.4,,,8.1486,15.2874,16.9099,,,26185.9,26185.1,21780.6,280713.0,280704.0,
002769.SZ,20260820,6.9,1.6063,2.1396,1.16,78.5431,451.261,2.1907,11.4441,33.1873,,0.2276,37331.8,37301.0,28004.5,257589.0,257377.0,
300863.SZ,20260820,41.27,3.341,7.6435,1.05,90.3623,64.6518,7.2467,2.6673,2.5876,0.3721,0.3394,26140.6,25112.0,10976.7,1078820.0,1036370.0,
605287.SH,20260820,39.27,2.0286,3.7024,0.78,78.6027,91.7107,3.4768,1.5676,1.6124,,0.1281,14000.0,14000.0,7670.97,549780.0,549780.0,
601788.SH,20260820,14.22,0.4283,0.9342,0.75,17.6053,15.3536,1.0666,6.0419,5.5645,1.5338,0.77,461079.0,390670.0,179123.0,6556540.0,5555330.0,
300651.SZ,20260820,17.09,2.9245,4.4296,0.79,39.6588,38.2496,2.2056,5.7686,5.5833,0.8003,1.1703,14121.0,10337.7,6825.15,241327.0,176672.0,
600617.SH,20260820,3.35,1.3937,3.4313,0.73,,,2.0204,0.4207,0.4406,,,192919.0,177554.0,72118.0,646279.0,594807.0,
601995.SH,20260820,34.06,0.4155,1.2302,0.64,16.7934,14.5167,1.6014,5.7728,5.2055,0.5285,0.5285,482726.0,292354.0,98738.7,16441600.0,9957580.0,
920035.BJ,20260820,23.39,3.1511,3.1511,0.67,27.3613,25.8105,2.7824,2.9482,2.6352,,1.7814,6942.0,1573.68,1573.68,162373.0,36808.4,
920198.BJ,20260820,7.44,1.7018,1.7416,0.25,,36.5009,2.7628,6.9667,6.3017,,,16136.4,7046.6,6885.6,120055.0,52426.7,
300932.SZ,20260820,10.62,3.465,4.9979,0.75,65.5243,61.5768,2.6751,2.0622,2.0198,1.0473,1.2779,44814.6,31919.1,22129.1,475931.0,338981.0,
000612.SZ,20260820,10.86,3.1118,4.1193,1.16,12.0876,9.1148,1.6801,1.9934,1.9127,1.1971,2.9926,119220.0,119116.0,89984.1,1294730.0,1293600.0,
688258.SH,20260820,97.8,2.3686,3.7242,0.72,148.584,98.3967,12.371,35.3386,35.0973,0.2008,0.2008,12114.2,12114.2,7704.56,1184770.0,1184770.0,
001300.SZ,20260820,11.19,1.5351,5.175,0.78,,,2.834,5.9606,5.7564,0.0889,,24377.6,24377.6,7231.45,272785.0,272785.0,
688112.SH,20260820,70.5,4.8538,12.9303,1.57,78.9085,71.4359,7.0816,18.6898,16.5235,0.7216,0.9362,15959.7,15959.7,5990.99,1125160.0,1125160.0,
002880.SZ,20260820,21.89,1.1947,4.3444,1.7,20.1552,27.1203,2.0588,3.9195,4.1454,0.9137,0.9137,22680.0,22680.0,6237.0,496465.0,496465.0,
603477.SH,20260820,14.36,3.6437,5.9853,0.95,247.501,,2.9664,0.9387,0.9069,1.1392,0.1299,52298.0,51007.1,31052.3,750999.0,732462.0,
688680.SH,20260820,34.0,1.1264,1.6319,0.94,,,2.1397,2.8567,2.9996,,,9757.1,9757.1,6734.88,331741.0,331741.0,
300057.SZ,20260820,6.35,2.5298,2.7988,0.78,,,1.2439,1.0992,1.0561,0.1396,0.1575,100357.0,83097.6,75110.5,637268.0,527670.0,
300019.SZ,20260820,14.48,1.178,2.0494,0.54,20.4389,22.4458,2.0664,1.5174,1.4918,2.0718,2.0718,39311.7,36861.0,21188.9,569233.0,533747.0,
603336.SH,20260820,9.26,4.2593,8.0554,0.87,316.44,345.448,3.9228,5.3568,5.5911,0.054,0.1188,60871.9,60871.9,32186.2,563674.0,563674.0,
688015.SH,20260820,15.74,0.5885,1.2692,1.04,18.9852,19.1535,1.106,1.1737,1.1861,1.4612,2.6684,18868.1,18868.1,8749.27,296983.0,296983.0,
002642.SZ,20260820,7.03,1.182,1.4969,0.55,232.362,233.182,3.9141,2.3857,2.3154,,,66158.0,66158.0,52243.4,465091.0,465091.0,
002226.SZ,20260820,5.02,0.5935,1.451,0.73,17.5535,18.0751,1.3708,1.3322,1.3249,1.2948,1.753,264892.0,264892.0,108349.0,1329760.0,1329760.0,
300461.SZ,20260820,30.84,3.8892,6.8654,0.8,309.294,1071.32,8.9566,15.3625,15.4242,,,15753.9,14471.1,8197.75,485849.0,446290.0,
301479.SZ,20260820,48.77,2.6591,3.1405,0.45,31.5058,33.0695,4.644,3.5905,3.5188,1.5692,0.7323,12455.1,7130.09,6037.1,607438.0,347734.0,
688720.SH,20260820,67.05,6.7391,6.7391,1.0,160.484,154.884,7.8781,13.8749,13.0925,,0.1164,12263.8,7818.94,7818.94,822288.0,524260.0,
002890.SZ,20260820,14.56,1.2807,2.1733,1.37,238.956,231.394,4.0841,8.2542,8.2031,0.1786,0.1786,16987.5,16147.7,9515.38,247338.0,235110.0,
300012.SZ,20260820,15.26,3.3623,3.5613,1.0,25.2652,23.0764,3.1725,3.8787,3.6219,0.9771,1.3057,168283.0,143195.0,135192.0,2568000.0,2185150.0,
300460.SZ,20260820,8.31,0.6508,0.7212,0.66,,,5.0779,4.223,4.1833,,,28080.4,28080.4,25337.7,233348.0,233348.0,
600816.SH,20260820,2.48,0.988,1.5718,0.48,208.601,21.2652,1.6148,,,,,984445.0,546914.0,343759.0,2441420.0,1356350.0,
601333.SH,20260820,2.95,1.1477,2.1461,1.24,14.656,13.5936,0.7221,0.7285,0.7161,2.3729,3.0508,708354.0,565224.0,302279.0,2089640.0,1667410.0,
300146.SZ,20260820,9.94,1.1347,1.3485,0.91,21.4988,25.9191,1.5463,2.6838,2.6255,3.6041,4.483,169168.0,112082.0,94316.6,1681530.0,1114090.0,
002926.SZ,20260820,8.26,0.3887,0.722,0.68,14.7467,13.873,0.8594,4.6978,4.6173,1.5133,2.5303,262500.0,262500.0,141323.0,2168250.0,2168250.0,
600152.SH,20260820,7.84,2.2554,3.1711,0.87,,,2.5301,2.9282,2.7513,,,52907.9,52907.9,37630.1,414798.0,414798.0,
002900.SZ,20260820,15.3,40.0985,59.0207,2.17,,,2.7412,6.1314,5.9519,1.3072,,31635.5,16112.2,10946.6,484023.0,246517.0,
603937.SH,20260820,11.68,2.9849,8.0814,1.54,,1047.46,1.5767,1.2363,1.1673,,,20889.2,20889.2,7715.66,243986.0,243986.0,
688699.SH,20260820,61.7,3.9692,7.6889,0.78,,91.9146,5.2944,10.2124,7.8698,,,11006.5,11006.5,5681.86,679099.0,679099.0,
603013.SH,20260820,16.17,0.3361,1.6813,0.74,15.558,14.6487,1.7736,0.8998,0.8785,2.4943,2.4757,50822.0,50822.0,10158.6,821791.0,821791.0,
002453.SZ,20260820,4.39,1.8837,2.4818,0.98,,,4.7797,9.588,9.967,,,81236.7,60265.0,45741.7,356629.0,264564.0,
688165.SH,20260820,16.4,1.1238,2.1357,0.62,,,7.0797,9.1803,8.6966,,,52178.0,52178.0,27456.8,855719.0,855719.0,
300833.SZ,20260820,35.8,0.5164,1.1117,0.61,26.3187,28.236,1.8211,3.9936,4.0705,3.6313,1.9553,12649.0,8125.37,3774.55,452836.0,290888.0,
601798.SH,20260820,7.6,1.174,1.8735,0.89,55.3976,49.4809,2.082,2.7152,2.7471,,,35452.8,35452.8,22215.4,269441.0,269441.0,
600082.SH,20260820,2.74,0.5795,0.8249,0.74,,,1.0478,3.9408,3.927,,,64611.6,63433.5,44566.6,177036.0,173808.0,
002863.SZ,20260820,4.69,4.1945,6.3329,0.71,46.905,43.8061,0.995,0.5213,0.4794,0.3625,0.2132,59948.4,59948.4,39705.9,281158.0,281158.0,
000596.SZ,20260820,92.42,0.7709,2.2958,0.43,13.7649,17.2862,1.87,2.5942,2.8516,6.4921,4.7609,52860.0,40860.0,13719.6,4885320.0,3776280.0,
001387.SZ,20260820,12.15,2.1941,2.7383,1.18,22.8218,24.6631,1.6838,1.1121,1.0013,1.6273,1.6461,18303.0,11649.5,9334.47,222382.0,141541.0,
300859.SZ,20260820,26.55,1.8265,3.2185,1.15,55.104,61.299,5.5617,12.6255,12.8991,1.1299,1.1299,15500.0,15500.0,8796.26,411525.0,411525.0,
002861.SZ,20260820,15.98,3.774,4.4012,1.29,,,2.8817,3.5318,3.3623,0.6258,,18628.4,15016.8,12877.0,297682.0,239969.0,
601069.SH,20260820,30.9,4.7968,13.0945,1.67,59.6448,28.9988,5.355,2.0748,1.4283,0.163,0.5049,91099.9,88718.8,32499.3,2814990.0,2741410.0,
688480.SH,20260820,76.8,1.2178,2.7209,1.12,68.9744,60.7327,6.0684,5.9501,5.6677,0.8203,0.5469,9532.62,9532.62,4266.56,732105.0,732105.0,
603939.SH,20260820,24.13,0.623,1.2642,0.71,17.4295,16.9247,2.4559,1.1973,1.1936,2.901,2.901,121239.0,121239.0,59748.8,2925500.0,2925500.0,
600539.SH,20260820,15.36,12.4865,20.7991,2.17,,,11.7571,8.0234,8.0732,,,23000.0,23000.0,13807.8,353280.0,353280.0,
002165.SZ,20260820,7.79,24.503,30.018,1.88,330.388,,2.8647,2.0522,1.9916,0.5135,0.3851,73527.0,72758.4,59391.0,572775.0,566788.0,
600572.SH,20260820,4.51,5.108,7.4592,0.64,24.1351,23.683,1.5778,1.7686,1.7103,3.3032,3.3259,253853.0,253179.0,173375.0,1144880.0,1141840.0,
603566.SH,20260820,10.6,1.0384,1.5177,1.11,19.8291,21.2259,1.386,3.3658,3.459,5.5926,5.5926,34606.2,34606.2,23676.3,366826.0,366826.0,
600509.SH,20260820,7.25,1.4884,2.3172,0.9,43.3073,43.7759,1.254,1.1884,1.1768,0.7586,1.1586,137440.0,137440.0,88282.5,996438.0,996438.0,
600622.SH,20260820,2.26,2.1811,3.81,1.74,,,1.696,2.7293,2.6852,,,149969.0,149969.0,85854.0,338929.0,338929.0,
300994.SZ,20260820,11.25,1.3678,2.0343,0.97,17.7148,21.1043,2.1278,0.7803,0.7672,3.5556,8.5333,23308.8,11666.4,7843.87,262224.0,131247.0,
920011.BJ,20260820,19.2,4.3457,4.3457,0.64,16.9776,17.5498,1.8694,1.7252,1.7144,,,8266.67,1860.0,1860.0,158720.0,35712.0,
603680.SH,20260820,10.3,0.6158,3.8344,0.94,13.8712,12.9906,1.3743,1.8598,1.8378,2.9126,2.9126,78371.9,78371.9,12585.6,807230.0,807230.0,
600848.SH,20260820,8.5,0.3085,0.9619,1.14,22.1256,23.262,1.278,2.7013,2.7619,2.3529,2.3529,252249.0,239391.0,76770.4,2144110.0,2034830.0,
600629.SH,20260820,16.55,2.5063,5.0864,0.82,265.671,1223.96,3.6123,2.7277,2.7656,0.6221,0.1158,114980.0,114980.0,56656.5,1902930.0,1902930.0,
002723.SZ,20260820,7.12,2.084,2.3077,0.69,,,3.2251,2.3552,2.7518,,,33235.0,31705.0,28631.2,236633.0,225739.0,
002366.SZ,20260820,5.63,1.3776,1.9783,0.56,,,2.5235,12.9373,12.1438,,,208094.0,185036.0,128850.0,1171570.0,1041750.0,
688628.SH,20260820,82.34,7.7421,16.0946,1.79,60.8556,47.6362,6.9364,7.5387,6.488,1.5709,1.3359,11176.8,11176.8,5376.43,920294.0,920294.0,
603012.SH,20260820,8.73,2.9536,3.7986,0.37,53.2263,61.5761,1.469,2.1473,2.0871,1.1525,1.1455,64650.0,64650.0,50268.1,564394.0,564394.0,
603528.SH,20260820,6.2,0.8708,1.877,0.81,,,2.3288,10.9467,11.7265,0.8008,,70593.0,70593.0,32751.4,437677.0,437677.0,
688273.SH,20260820,31.24,1.4887,3.778,1.44,30.4395,36.4547,2.2798,7.2383,7.573,2.1916,2.5047,10000.0,10000.0,3940.42,312400.0,312400.0,
002314.SZ,20260820,2.16,2.1489,3.3655,1.37,,,0.8682,0.4477,0.564,,,270778.0,133832.0,85454.0,584881.0,289078.0,
001313.SZ,20260820,7.91,2.1413,6.2834,0.59,311.157,103.068,2.1604,0.8533,0.7812,1.4222,1.4222,70000.0,69915.3,23826.4,553700.0,553030.0,
600895.SH,20260820,30.77,1.779,3.4716,1.01,48.3239,50.3526,3.4826,11.3956,11.0092,0.715,0.65,154869.0,154869.0,79362.7,4765320.0,4765320.0,
600968.SH,20260820,4.01,0.4555,2.4827,1.02,10.494,10.378,1.3514,0.8094,0.8146,3.3666,3.6658,1016510.0,1016510.0,186510.0,4076210.0,4076210.0,
688655.SH,20260820,42.94,9.6023,17.4118,1.17,,,8.7777,8.3116,7.3528,,,13339.0,13339.0,7356.24,572777.0,572777.0,
605500.SH,20260820,6.95,0.7626,3.2171,0.87,47.0335,117.987,1.1153,1.0315,0.9072,2.1583,1.0072,41440.0,41440.0,9822.85,288008.0,288008.0,
920871.BJ,20260820,10.9,1.7201,2.8801,1.44,91.2567,68.2353,3.5709,5.5481,5.2665,1.6706,1.8383,8485.72,4701.41,2807.83,92494.4,51245.4,
003038.SZ,20260820,10.75,3.361,4.0212,1.45,,,0.9291,0.317,0.3155,1.8241,,24330.5,16203.1,13543.2,261553.0,174184.0,
920075.BJ,20260820,15.22,1.1567,1.6155,0.44,45.5002,36.8619,2.4258,1.9138,1.7432,3.0377,2.0337,6481.5,3512.87,2515.22,98648.4,53465.9,
001257.SZ,20260820,24.15,6.3424,6.3424,0.81,50.161,49.3852,5.8007,12.659,12.7365,,0.6211,183595.0,13694.8,13694.8,4433820.0,330729.0,
688767.SH,20260820,40.6,1.4675,3.2648,0.79,123.097,200.01,2.5685,13.533,13.4881,2.6369,1.7241,14933.3,14933.3,6712.52,606293.0,606293.0,
688621.SH,20260820,66.45,6.2165,8.5848,2.25,36.5061,38.1819,5.9358,6.0891,6.262,0.2393,0.2746,11200.0,11200.0,8110.27,744240.0,744240.0,
688781.SH,20260820,39.28,5.8212,5.8212,1.13,,,9.6841,76.5631,61.5325,,,100000.0,4083.51,4083.51,3928000.0,160400.0,
920174.BJ,20260820,28.98,1.7937,2.057,0.87,31.5943,27.4446,2.3561,4.4884,3.777,,1.0329,21690.5,5579.36,4865.08,628590.0,161690.0,
920191.BJ,20260820,8.77,2.1564,2.1564,0.76,16.7942,19.0332,1.4971,3.257,3.195,,,17739.5,3991.5,3991.5,155576.0,35005.5,
688737.SH,20260820,17.85,1.0334,1.9063,1.16,,,1.2028,1.2081,1.0264,,,11956.5,11956.5,6481.53,213423.0,213423.0,
600906.SH,20260820,6.42,1.1493,1.8929,0.85,27.8856,23.6104,1.6652,7.7156,7.0659,2.0249,1.7134,324500.0,212424.0,128978.0,2083290.0,1363760.0,
002878.SZ,20260820,12.31,1.7922,3.1161,0.88,,,2.5806,1.0721,1.0924,,,26199.2,23589.8,13567.5,322512.0,290391.0,
300368.SZ,20260820,7.63,3.7823,5.4026,0.58,,,83.7298,27.0185,27.232,,,52894.3,52894.3,37030.2,403584.0,403584.0,
000698.SZ,20260820,3.51,0.3973,0.7219,0.56,,642.416,1.9678,0.5127,0.4662,,,81951.4,78571.4,43240.0,287650.0,275786.0,
002620.SZ,20260820,4.92,1.1205,1.5866,0.71,,,,4.6903,5.4535,,,37749.4,31607.2,22322.5,185727.0,155507.0,
002629.SZ,20260820,4.7,2.584,2.7377,0.97,213.212,241.211,31.7562,6.8175,6.8424,,,42609.8,36225.4,34190.7,200266.0,170259.0,
600525.SH,20260820,5.57,1.2868,1.8449,0.81,,,2.614,0.9303,0.8969,,,131878.0,131878.0,91981.2,734561.0,734561.0,
301683.SZ,20260820,98.7,4.5071,4.5071,0.66,30.1258,29.484,2.6217,6.3233,6.0916,,1.1145,6311.64,1426.56,1426.56,622960.0,140802.0,
920263.BJ,20260820,6.87,0.445,0.7111,0.93,,,1.8006,3.0847,3.2808,2.0801,,14124.3,10254.9,6416.62,97033.9,70451.3,
002110.SZ,20260820,2.94,1.0133,2.4215,1.06,263.57,,0.3687,0.166,0.164,,0.3401,242908.0,242908.0,101649.0,714148.0,714148.0,
300374.SZ,20260820,10.76,0.954,1.8355,0.95,,,3.7258,1.3778,1.3311,,,24591.2,24588.3,12779.4,264602.0,264571.0,
688276.SH,20260820,18.71,1.5688,4.7122,3.02,,,2.0127,12.7911,13.1149,0.9033,,41365.8,41365.8,13772.1,773953.0,773953.0,
002672.SZ,20260820,3.65,0.5651,1.1665,0.75,,,1.8104,1.167,1.1993,,,110526.0,90511.8,43846.3,403418.0,330368.0,
002286.SZ,20260820,8.3,3.0837,3.9433,1.22,20.938,20.4257,1.3696,1.1464,1.1207,0.7232,1.4458,37997.7,36969.0,28910.3,315381.0,306842.0,
000422.SZ,20260820,12.46,2.0057,2.9059,0.91,16.7592,18.5878,2.2116,0.5283,0.5012,1.5976,2.0064,108758.0,106729.0,73666.5,1355130.0,1329840.0,
688816.SH,20260820,48.6,1.5725,1.5725,0.59,61.9431,72.2799,2.6713,10.8566,10.6784,,0.4938,10000.0,2053.6,2053.6,486000.0,99805.0,
300518.SZ,20260820,22.98,4.0924,5.3534,1.0,,,6.9316,35.8748,34.2491,,,19941.2,19937.2,15241.0,458248.0,458158.0,
688089.SH,20260820,7.46,1.1492,2.1823,0.74,8.6349,22.4984,0.7813,2.2038,2.9677,2.7124,,16636.0,16636.0,8760.41,124105.0,124105.0,
605338.SH,20260820,20.0,1.1419,2.6929,0.97,17.5482,16.9272,2.0092,2.5773,2.5629,4.0,6.0,23956.7,23956.7,10158.4,479133.0,479133.0,
002564.SZ,20260820,4.4,1.0952,1.5409,0.9,80.4526,118.686,19.8995,1.4848,1.4926,,,85890.4,85890.4,61044.4,377918.0,377918.0,
002105.SZ,20260820,5.86,1.642,3.1328,0.88,,,2.6872,1.807,1.7289,,,36624.2,36447.1,19102.7,214618.0,213580.0,
603789.SH,20260820,6.18,1.0777,2.1025,0.86,,,15.6614,4.2417,3.7029,,,26521.5,26000.0,13326.7,163903.0,160680.0,
605066.SH,20260820,7.47,3.1167,5.3225,0.76,40.663,48.4539,2.0956,1.3336,1.3403,3.3746,1.3449,50243.3,50243.3,29420.5,375318.0,375318.0,
688603.SH,20260820,105.0,2.8132,6.8964,0.55,151.087,134.12,10.7086,27.8069,25.4776,0.1906,0.1334,12472.5,12472.5,5087.83,1309610.0,1309610.0,
688139.SH,20260820,30.04,3.3674,6.595,3.67,37.9189,37.2248,2.1503,4.0828,3.9131,1.5494,1.0859,31649.3,31649.3,16159.9,950745.0,950745.0,
600728.SH,20260820,4.58,1.1412,1.356,0.93,56.1792,148.474,1.2365,0.9644,0.9638,,0.1781,213260.0,213260.0,179485.0,976730.0,976730.0,
600881.SH,20260820,1.99,11.8182,13.9611,0.84,,,14.9575,1.0112,1.0325,,,323215.0,323215.0,273605.0,643198.0,643198.0,
601869.SH,20260820,358.0,3.0,11.2172,0.87,364.233,256.133,20.8257,20.7962,19.6888,0.0749,0.0749,82790.5,40633.8,10867.3,29639000.0,14546900.0,
300345.SZ,20260820,8.47,17.4439,23.3328,0.89,,,12.2304,4.9087,5.3157,,,58133.3,48045.0,35919.1,492389.0,406941.0,
603081.SH,20260820,9.34,0.6592,1.1462,0.87,44.9473,67.0601,1.2342,1.6555,1.6044,1.3919,0.6424,42249.9,42249.9,24299.6,394614.0,394614.0,
301551.SZ,20260820,20.25,3.4462,4.1515,0.54,30.9683,31.8662,3.2119,13.3877,13.488,3.3333,4.9383,40001.0,15455.4,12829.7,810020.0,312971.0,
605366.SH,20260820,8.03,2.0289,3.353,0.71,,,2.3187,4.4642,4.3549,,,77282.8,77282.8,46763.1,620581.0,620581.0,
600938.SH,20260820,33.3,1.3931,1.3931,0.97,12.9646,12.6962,1.8907,3.9746,3.8846,3.8174,3.4382,4753000.0,299000.0,299000.0,158275000.0,9956700.0,
600550.SH,20260820,10.97,1.4835,3.2849,0.74,102.537,79.1271,20.5983,3.539,3.0797,,,184153.0,184153.0,83165.9,2020160.0,2020160.0,
605259.SH,20260820,17.8,0.3812,0.8746,0.78,12.5043,13.1726,1.6291,1.2168,1.2187,3.3708,1.6854,17248.0,17248.0,7517.66,307014.0,307014.0,
300314.SZ,20260820,13.82,14.5182,21.6977,0.76,45.7209,53.5173,3.2035,6.815,6.914,0.6295,0.5789,28800.0,14374.1,9617.94,398016.0,198651.0,
300747.SZ,20260820,35.38,2.6999,4.523,0.75,122.779,106.406,5.7728,5.7313,5.5035,0.1421,0.1979,56160.0,52197.8,31158.5,1986940.0,1846760.0,
600039.SH,20260820,8.35,0.1901,0.8828,1.25,9.9506,10.3459,1.372,0.6308,0.636,4.9056,5.8849,869559.0,869559.0,187204.0,7260820.0,7260820.0,
002490.SZ,20260820,7.85,9.6347,17.0508,0.85,1253.91,1216.0,12.8336,3.6697,3.0263,,,82352.7,54172.2,30610.5,646469.0,425252.0,
300748.SZ,20260820,27.24,2.7664,4.7712,1.53,53.3511,51.0193,4.94,4.8778,4.7061,1.0996,1.4684,138197.0,113003.0,65520.2,3764490.0,3078210.0,
601038.SH,20260820,12.93,0.8764,3.4999,0.98,17.8936,17.1944,1.7668,1.3424,1.3286,2.8456,2.0565,112365.0,73170.5,18321.9,1452870.0,946095.0,
600000.SH,20260820,9.11,0.2021,0.5603,1.16,6.0663,6.0345,0.4025,1.7441,1.7376,4.09,4.6103,3330580.0,3330580.0,1201130.0,30341600.0,30341600.0,
000090.SZ,20260820,3.5,0.8104,1.3411,1.05,29.2693,40.9293,0.5816,0.2906,0.2806,2.8571,1.0286,186855.0,186843.0,112897.0,653991.0,653951.0,
002475.SZ,20260820,53.34,1.2142,1.9362,0.8,24.8639,23.9742,4.6721,1.2419,1.1645,0.3701,0.5576,773782.0,732508.0,459354.0,41273500.0,39072000.0,
301091.SZ,20260820,18.48,1.6063,4.2947,1.37,159.305,89.3054,4.02,8.0855,6.9043,0.2123,0.0649,52728.0,52728.0,19721.8,974413.0,974413.0,
002885.SZ,20260820,28.31,5.7159,8.0189,0.52,91.0756,79.2303,4.9714,2.2914,2.2588,0.0773,0.1236,27091.7,23725.6,16911.7,766966.0,671671.0,
600405.SH,20260820,4.51,1.5228,1.6734,0.68,,,71.6519,6.4148,6.1582,,,61283.0,61283.0,55767.5,276386.0,276386.0,
688099.SH,20260820,93.25,2.4636,3.0328,0.84,45.218,39.9862,4.9512,5.8109,5.0259,,0.2127,42332.0,42332.0,34387.9,3947460.0,3947460.0,
603823.SH,20260820,86.39,6.1716,16.41,1.21,215.476,219.219,14.363,16.7264,16.6939,0.1736,0.1505,41636.8,41636.8,15659.0,3597000.0,3597000.0,
002650.SZ,20260820,6.07,0.2114,0.377,0.69,,,3.8609,5.525,5.4598,,,110708.0,110705.0,62078.7,672000.0,671977.0,
600900.SH,20260820,28.16,0.3358,0.7133,0.97,19.9701,19.0955,3.0233,7.9894,7.8892,3.3487,3.5511,2446820.0,2446820.0,1151860.0,68902500.0,68902500.0,
301050.SZ,20260820,30.78,1.5296,1.9128,1.05,46.3693,185.968,2.4892,10.2911,13.3925,1.1126,0.6172,24757.9,21087.1,16862.9,762049.0,649061.0,
600418.SH,20260820,21.12,3.0372,4.1808,0.9,,,3.8354,1.0244,0.9667,,,225418.0,225418.0,163756.0,4760820.0,4760820.0,
603160.SH,20260820,49.71,0.8192,1.4724,0.86,27.6718,30.5215,2.4701,4.8914,4.9919,1.0837,1.0826,46598.3,46598.3,25924.0,2316400.0,2316400.0,
688035.SH,20260820,65.74,4.1096,7.4911,0.59,86.8977,71.8802,3.8952,6.0436,5.3826,0.526,0.376,14224.0,14224.0,7803.18,935086.0,935086.0,
300683.SZ,20260820,30.38,9.7278,16.199,1.28,,,1.8601,7.3443,7.3122,0.4279,,13089.4,12206.4,7330.15,397657.0,370830.0,
300670.SZ,20260820,6.35,4.1833,5.4401,1.11,,,4.7549,8.4472,9.0453,,,31692.0,22469.4,17278.5,201245.0,142681.0,
002083.SZ,20260820,10.42,6.6321,11.012,0.93,23.0236,16.8409,2.0398,1.8933,1.7803,1.3795,2.759,94663.9,94630.8,56992.5,986398.0,986053.0,
300761.SZ,20260820,18.71,1.3908,2.0427,1.03,27.4062,30.0711,1.6679,0.8455,0.8233,3.1421,1.8506,84633.7,63708.0,43375.6,1583500.0,1191980.0,
300375.SZ,20260820,3.97,1.7198,2.0093,0.91,,,1.4725,1.0609,1.0865,0.8964,,76414.4,53265.3,45588.5,303365.0,211463.0,
300360.SZ,20260820,11.78,0.7102,1.08,0.72,10.6866,12.432,1.4249,3.5905,3.9072,5.9423,5.0934,51418.7,50027.7,32896.3,605712.0,589326.0,
600657.SH,20260820,2.68,1.6319,6.0608,2.11,,,0.4934,1.6672,1.6982,,,285188.0,285188.0,76789.2,764303.0,764303.0,
002293.SZ,20260820,11.36,0.6804,1.2911,1.09,18.2948,17.1557,2.191,1.9656,1.9398,5.262,5.4363,83721.1,83024.0,43753.7,951072.0,943152.0,
600258.SH,20260820,12.31,1.222,2.1798,0.94,16.9458,16.4113,1.1228,1.807,1.8042,2.9245,3.6556,111660.0,111660.0,62596.5,1374540.0,1374540.0,
002420.SZ,20260820,5.83,1.6546,2.2283,0.83,12.5272,12.7442,3.02,0.8063,0.8437,,,41129.0,40470.7,30050.8,239782.0,235944.0,
001280.SZ,20260820,67.55,5.7101,5.7101,1.24,84.9047,81.2555,8.2047,7.0225,6.924,,0.3849,206818.0,17372.7,17372.7,13970600.0,1173530.0,
301227.SZ,20260820,28.88,6.5491,10.5904,1.84,,,2.3675,6.2169,6.1424,,,13145.9,7390.84,4570.47,379653.0,213447.0,
920679.BJ,20260820,15.54,0.6315,1.3053,1.14,44.7137,34.8737,1.7097,7.7384,6.76,2.3166,1.8018,5585.0,3717.5,1798.58,86790.9,57769.9,
600162.SH,20260820,4.19,5.6441,17.5672,0.7,,,2.3917,9.4834,10.2825,0.261,0.1186,326844.0,326844.0,105011.0,1369480.0,1369480.0,
001336.SZ,20260820,18.57,1.6643,2.1772,0.77,50.3466,42.8968,2.3686,4.351,4.1191,0.6173,0.6205,10448.6,6429.87,4915.13,194030.0,119403.0,
688310.SH,20260820,15.19,0.9311,2.7582,1.26,38.4359,44.0195,3.0526,5.5789,5.5828,,1.6199,16432.5,16432.5,5547.01,249609.0,249609.0,
000063.SZ,20260820,33.84,1.4605,1.917,0.38,28.8149,36.173,2.1108,1.209,1.191,1.8233,1.2059,478354.0,402762.0,306868.0,16187500.0,13629500.0,
603203.SH,20260820,42.86,1.9749,5.4614,0.73,102.204,94.8603,9.4368,13.0905,12.1586,1.1405,0.8974,33001.2,32623.5,11797.2,1414430.0,1398240.0,
300571.SZ,20260820,30.88,5.9611,7.613,0.64,,,3.4911,4.2727,4.0659,,,13952.8,11563.7,9054.47,430863.0,357088.0,
688395.SH,20260820,22.58,1.6239,3.7291,0.85,48.7982,45.5789,2.4626,4.4246,4.1969,0.6643,0.7972,8659.77,8659.77,3771.01,195538.0,195538.0,
688599.SH,20260820,12.79,0.779,1.2767,0.61,,,1.4706,0.4474,0.4412,,,234257.0,234257.0,142946.0,2996140.0,2996140.0,
601515.SH,20260820,3.31,0.7573,1.5179,0.96,,,1.3001,5.0168,4.792,,,192447.0,192447.0,96019.6,637000.0,637000.0,
603300.SH,20260820,4.86,1.8069,2.3729,0.76,18.4312,21.8112,1.4563,1.6233,1.5632,0.5162,,199919.0,199919.0,152233.0,971605.0,971605.0,
002837.SZ,20260820,52.93,2.4641,3.7246,0.69,129.238,139.778,19.4846,11.1163,10.6887,0.2209,0.2471,127435.0,113046.0,74788.4,6745130.0,5983510.0,
688612.SH,20260820,33.4,1.4324,1.6034,0.5,25.0767,24.4366,3.8945,2.2077,2.2404,1.0733,1.9702,41918.4,25669.9,22932.0,1400070.0,857376.0,
605166.SH,20260820,8.37,1.7939,2.6372,0.98,18.1873,27.0944,1.319,0.4769,0.5123,1.589,0.7527,31473.4,31473.4,21409.1,263432.0,263432.0,
002859.SZ,20260820,66.7,4.9846,10.0901,0.9,137.648,116.784,7.9212,14.4057,13.118,0.3097,0.3113,45364.2,42831.5,21159.0,3025790.0,2856860.0,
301071.SZ,20260820,58.57,6.8734,9.7698,0.78,136.349,85.9126,2.7996,23.5643,17.9936,0.2561,0.6829,25445.0,18704.9,13159.5,1490320.0,1095550.0,
000738.SZ,20260820,17.68,0.7853,1.5847,0.9,69.5298,95.757,1.8473,4.4962,4.4756,0.9729,0.4355,131518.0,131518.0,65177.2,2325250.0,2325250.0,
600829.SH,20260820,10.27,8.4411,33.27,0.91,44.4969,41.8625,1.9236,0.5738,0.5599,,,57988.9,57988.9,14712.6,595546.0,595546.0,
300478.SZ,20260820,29.7,1.6475,2.2875,0.56,,,119.893,9.6035,9.5286,,,12667.3,12667.3,9123.33,376219.0,376219.0,
300035.SZ,20260820,14.19,7.6208,8.0966,1.96,20.6956,24.3073,1.931,1.1486,1.064,1.7618,1.7618,68542.7,58335.1,54907.3,972620.0,827775.0,
002436.SZ,20260820,33.81,7.2333,7.5238,0.86,425.844,398.189,10.7669,7.9873,7.731,0.0881,0.0886,169967.0,151793.0,145931.0,5746600.0,5132120.0,
300446.SZ,20260820,12.93,1.5207,1.7753,0.88,12.4065,13.1299,1.8068,1.2141,1.2303,2.1655,2.4749,84541.0,37356.0,31999.1,1093120.0,483013.0,
920961.BJ,20260820,19.12,1.8951,2.415,0.7,784.451,,3.6349,13.3574,14.6119,0.2615,0.1569,14284.1,10546.4,8276.06,273111.0,201647.0,
603729.SH,20260820,11.16,1.0402,1.4904,0.86,,,3.7225,3.0356,3.2265,0.0896,,9216.51,9216.51,6432.48,102856.0,102856.0,
002843.SZ,20260820,15.58,2.9914,4.7247,0.84,,,2.917,2.5672,2.4743,0.6418,,25173.8,25019.7,15841.2,392207.0,389806.0,
002724.SZ,20260820,5.9,9.2186,22.7209,1.02,41.3561,60.577,1.6546,2.6436,2.6989,0.8431,1.6949,77149.8,56777.5,23036.4,455184.0,334987.0,
301102.SZ,20260820,9.49,0.4111,1.6444,0.77,317.225,,1.2988,6.9646,7.5814,0.2107,0.1031,40600.0,40600.0,10150.0,385294.0,385294.0,
002628.SZ,20260820,4.9,2.4118,3.0392,0.42,,,1.3145,4.1284,4.2789,,,75710.0,75378.5,59815.7,370979.0,369355.0,
600989.SH,20260820,23.4,1.2362,4.1831,1.31,15.1186,11.1716,3.1084,3.5722,3.0966,2.9388,2.9667,733336.0,733336.0,216715.0,17160100.0,17160100.0,
688011.SH,20260820,78.67,2.1447,4.5776,0.8,,,7.4649,67.5065,54.2583,,,9950.0,9916.25,4645.93,782766.0,780111.0,
300490.SZ,20260820,11.29,2.4371,3.1141,0.78,,,2.0222,1.9164,1.5378,,,39867.1,39325.3,30776.4,450099.0,443982.0,
600990.SH,20260820,17.8,1.0466,1.9453,0.52,,,3.0952,2.7435,2.9507,,,26901.3,26901.3,14473.0,478843.0,478843.0,
002215.SZ,20260820,9.43,5.1561,6.2436,1.69,14.5601,12.3485,2.0654,1.6377,1.5607,3.715,3.1825,100426.0,80806.2,66731.8,947016.0,762002.0,
300923.SZ,20260820,24.68,1.3493,2.6168,0.54,56.039,61.1714,1.6939,4.1791,4.2661,1.8117,1.8117,7860.0,7632.66,3935.66,193985.0,188374.0,
300558.SZ,20260820,55.7,8.9661,14.5916,1.63,77.2267,53.4494,3.4702,6.5329,6.3189,0.355,0.2676,42333.2,42199.1,25930.1,2357960.0,2350490.0,
000973.SZ,20260820,14.4,8.0977,10.8804,1.25,327.69,54.9152,3.8683,15.8672,11.5951,0.0957,0.0833,245824.0,101175.0,75298.5,3539860.0,1456910.0,
601700.SH,20260820,7.5,7.2489,14.7102,0.39,,,3.9705,2.8665,2.6199,0.2612,,113876.0,113876.0,56116.0,854068.0,854068.0,
601199.SH,20260820,6.4,1.4427,4.0926,0.65,16.1926,16.593,1.273,4.104,4.0812,2.1875,1.875,93521.0,93521.0,32968.5,598535.0,598535.0,
600959.SH,20260820,3.02,0.3435,0.7309,0.62,58.4449,69.4566,0.6641,1.8905,1.9278,0.7285,,500072.0,500072.0,235031.0,1510220.0,1510220.0,
301129.SZ,20260820,23.98,9.8201,17.1853,0.87,29.9596,25.6018,1.7875,6.0309,5.8835,1.0187,1.3098,13586.7,6747.25,3855.55,325810.0,161799.0,
600455.SH,20260820,24.3,2.4152,3.042,1.18,34.176,31.3389,4.2297,5.0622,4.955,,,6245.8,6245.8,4958.99,151773.0,151773.0,
603281.SH,20260820,19.17,0.7659,1.1159,0.61,23.771,25.7597,1.9992,5.3497,4.9581,3.7109,3.6537,51863.7,51863.7,35596.3,994227.0,994227.0,
000813.SZ,20260820,3.48,4.7828,7.0096,2.63,,,1.5861,18.3915,18.4219,,,209711.0,209676.0,143067.0,729793.0,729673.0,
603270.SH,20260820,27.73,3.478,3.478,0.61,41.2812,40.412,2.6446,3.0071,2.8051,1.2622,1.154,21910.7,7071.67,7071.67,607583.0,196097.0,
300848.SZ,20260820,12.59,0.8967,1.6329,0.81,65.7548,59.2024,3.4528,3.0845,2.7889,0.556,0.3971,42788.8,25312.3,13900.0,538710.0,318681.0,
600596.SH,20260820,10.53,2.1458,3.0705,0.9,96.7705,67.6709,1.1321,0.9717,0.9421,0.9497,0.9497,134960.0,134960.0,94316.7,1421130.0,1421130.0,
002795.SZ,20260820,7.03,2.4336,3.1644,0.5,,,6.9621,4.5283,4.554,,,44168.7,43442.9,33410.8,310506.0,305404.0,
603082.SH,20260820,39.44,6.5393,6.5393,0.59,38.1236,44.0561,3.9372,3.12,3.1424,1.4322,1.4879,16657.3,4055.69,4055.69,656964.0,159956.0,
601952.SH,20260820,8.88,2.8344,8.8146,1.22,22.3355,25.5675,1.7009,1.215,1.2468,3.0405,2.3649,137800.0,137800.0,44310.4,1223660.0,1223660.0,
600067.SH,20260820,2.79,1.1147,1.7147,0.92,51.9908,201.264,0.6943,0.3134,0.3231,7.7253,1.0535,139167.0,139167.0,90466.5,388276.0,388276.0,
001396.SZ,20260820,33.2,1.9495,1.9495,0.64,28.3911,27.6407,2.4806,4.6748,4.4908,,0.5663,10690.2,2271.74,2271.74,354916.0,75421.8,
688218.SH,20260820,40.08,5.3561,6.5799,1.32,,,5.4736,9.1529,8.9012,0.4741,,11647.5,11647.5,9481.22,466833.0,466833.0,
600261.SH,20260820,3.2,0.9027,1.6921,0.79,22.6571,31.4087,1.209,1.601,1.6178,4.375,4.0625,133505.0,133505.0,71216.9,427217.0,427217.0,
920703.BJ,20260820,9.81,0.5255,1.5245,0.69,16.3165,17.3646,1.2971,4.014,3.6958,2.9125,,15072.4,7626.51,2628.77,147860.0,74816.1,
301262.SZ,20260820,18.93,3.9218,6.1517,0.49,19.0209,20.3533,2.0717,8.4105,8.4542,2.3772,3.2752,41700.0,12207.5,7782.34,789381.0,231089.0,
603520.SH,20260820,9.1,2.5732,3.1485,1.2,390.044,236.939,1.5493,1.6312,1.6144,1.6484,3.2967,43841.0,43841.0,35830.0,398953.0,398953.0,
002643.SZ,20260820,13.98,1.7442,3.3768,0.69,45.0094,43.7854,1.7905,3.4451,3.308,0.7263,0.8941,91590.0,90221.5,46600.6,1280430.0,1261300.0,
301059.SZ,20260820,11.42,0.8837,2.6752,0.94,34.5571,31.5581,4.03,5.8904,5.6049,1.4776,1.7431,23115.4,20654.5,6822.68,263978.0,235874.0,
002291.SZ,20260820,5.24,1.9095,2.2808,0.5,,,1.647,1.4836,1.6543,,,93513.0,86912.5,72761.1,490008.0,455422.0,
605196.SH,20260820,34.1,2.5041,3.8452,0.96,60.9888,56.4742,5.1463,2.314,2.1441,0.184,,51097.2,50735.1,33040.0,1742410.0,1730070.0,
601916.SH,20260820,2.95,0.683,0.8133,1.45,6.2656,6.2448,0.4414,1.296,1.2943,5.2881,4.4407,2746460.0,2154440.0,1809240.0,8102070.0,6355610.0,
605258.SH,20260820,26.97,1.4642,3.5186,0.96,35.5779,39.629,1.948,2.4248,2.417,2.5955,1.8539,8800.0,8800.0,3662.0,237336.0,237336.0,
300401.SZ,20260820,15.58,7.2645,10.3839,0.96,27.8427,30.8393,2.5559,6.8597,6.559,0.7299,0.7238,54481.7,53603.0,37500.4,848824.0,835135.0,
300341.SZ,20260820,12.73,0.6965,1.8357,1.02,38.3788,36.776,3.3332,4.3262,4.1315,0.5499,0.5499,51741.0,51536.9,19554.1,658663.0,656064.0,
300193.SZ,20260820,7.72,0.8787,1.0461,0.81,18.5557,20.8142,1.5385,2.8931,2.8079,2.5907,3.886,47625.0,41937.6,35227.3,367665.0,323758.0,
002868.SZ,20260820,22.4,1.4202,1.9239,0.87,,,49.0665,6.7392,7.4003,,,15541.6,10743.3,7930.79,348131.0,240650.0,
002627.SZ,20260820,6.53,1.0448,1.5908,1.15,72.0849,74.9702,1.4901,6.0881,6.0096,1.496,0.748,70567.9,69815.8,45851.3,460809.0,455897.0,
300001.SZ,20260820,35.87,1.0897,1.6101,0.54,30.4526,30.2783,4.3784,2.3979,2.3808,0.4151,0.5533,105533.0,103117.0,69788.3,3785460.0,3698820.0,
300418.SZ,20260820,45.05,10.441,14.3911,2.03,,165.014,3.9113,7.0615,5.8928,,,128503.0,117446.0,85209.0,5789080.0,5290930.0,
605028.SH,20260820,24.26,0.7029,2.8118,0.69,22.5174,27.3436,2.8237,12.0239,12.07,4.5342,3.7098,16000.0,16000.0,4000.0,388160.0,388160.0,
600187.SH,20260820,1.32,0.9272,1.2085,0.69,,,0.7161,9.5603,9.6236,,,161378.0,161378.0,123813.0,213019.0,213019.0,
002390.SZ,20260820,3.16,2.0227,3.5259,1.08,51.0665,48.1023,0.8982,1.0931,1.1288,1.8524,2.7786,194385.0,192779.0,110594.0,614257.0,609182.0,
301025.SZ,20260820,9.18,5.0188,11.9336,0.52,419.87,270.956,5.8668,10.532,10.3893,0.3268,0.1634,40030.9,27715.1,11655.9,367484.0,254424.0,
600495.SH,20260820,4.13,0.8587,1.2615,0.5,173.556,144.112,1.5215,3.8446,3.6872,0.339,0.4358,120819.0,120819.0,82243.6,498983.0,498983.0,
300268.SZ,20260820,11.95,3.7809,5.3986,0.79,,,,1.2562,1.7732,,,17420.0,13370.8,9364.16,208169.0,159780.0,
301081.SZ,20260820,13.47,3.6706,8.0269,2.12,181.346,389.262,2.9131,3.5109,3.2986,2.0881,0.3712,23371.3,22448.3,10265.2,314812.0,302378.0,
603021.SH,20260820,5.25,2.9153,4.9256,0.79,,,,4.6955,4.6447,,,31994.8,31994.8,18936.8,167973.0,167973.0,
300956.SZ,20260820,11.1,1.6668,3.2592,0.41,182.306,557.878,1.7762,1.0738,1.0749,0.7508,0.9009,21542.8,21045.2,10762.7,239125.0,233602.0,
920856.BJ,20260820,14.24,7.514,9.8313,0.54,78.0391,267.545,2.8877,3.2092,3.6179,0.6384,1.0534,9512.66,5306.0,4055.34,135460.0,75557.5,
603489.SH,20260820,27.29,0.8414,3.1373,0.94,62.2716,50.9256,2.3113,4.7894,4.539,0.3664,0.5497,23461.8,23461.8,6292.18,640272.0,640272.0,
301446.SZ,20260820,35.54,2.4216,2.4216,0.86,48.4102,49.0984,3.0462,6.7314,6.1084,0.5627,0.5627,10400.0,3177.2,3177.2,369616.0,112918.0,
002329.SZ,20260820,3.51,19.5265,21.285,0.68,,,5.8641,1.6484,1.6544,,,83240.4,65159.3,59776.2,292174.0,228709.0,
002255.SZ,20260820,7.78,3.8512,4.0507,2.29,15.5071,16.7262,1.393,2.7836,2.761,0.624,1.1912,83088.1,63794.5,60652.4,646425.0,496321.0,
301599.SZ,20260820,34.61,8.0058,8.0058,0.47,54.5451,59.1934,11.6071,6.2953,6.5414,,,43160.0,5470.05,5470.05,1493770.0,189318.0,
300436.SZ,20260820,96.51,5.909,9.3811,1.24,,,61.0921,36.9161,36.8424,,,15926.7,13672.2,8611.89,1537090.0,1319500.0,
688184.SH,20260820,11.1,0.5639,0.6143,1.05,,,1.5814,2.52,1.9202,,,15672.8,9816.79,9012.1,173968.0,108966.0,
920060.BJ,20260820,21.39,1.2574,1.5719,0.77,26.0775,28.3441,2.981,2.7564,2.7135,2.3375,2.3375,15204.5,9482.43,7585.33,325224.0,202829.0,
603236.SH,20260820,59.88,3.7477,4.7815,0.58,28.8253,24.9203,3.2772,0.9919,0.8605,1.0519,1.0497,40295.3,40295.3,31583.4,2412880.0,2412880.0,
601598.SH,20260820,6.64,0.2602,1.3009,1.04,11.8439,11.7375,1.141,0.492,0.5036,4.3706,4.5197,717375.0,515747.0,103153.0,4763370.0,3424560.0,
601567.SH,20260820,15.09,0.9844,2.0311,1.09,16.6446,22.2743,1.8134,1.4766,1.5182,9.0748,4.1579,140521.0,140521.0,68104.8,2120460.0,2120460.0,
920050.BJ,20260820,29.4,1.734,1.734,0.71,21.1483,18.5811,1.8982,2.0125,1.669,,3.4014,6767.93,1810.27,1810.27,198977.0,53221.8,
301339.SZ,20260820,10.93,0.4572,1.5282,0.68,28.695,28.0408,2.2554,5.9392,5.8599,3.4643,2.2877,58021.7,57323.8,17149.9,634178.0,626549.0,
301326.SZ,20260820,108.28,3.7953,11.8754,1.23,,,6.3752,6.0407,5.4434,,,7270.97,7207.49,2303.46,787301.0,780427.0,
920978.BJ,20260820,19.4,0.8804,0.9394,0.81,20.1697,21.0707,4.2675,3.0922,3.0397,2.5942,2.0361,18002.8,10093.5,9459.96,349255.0,195814.0,
600452.SH,20260820,9.19,2.2827,3.912,1.32,35.9058,32.7074,2.4576,4.7129,4.8138,0.9793,1.1208,153654.0,153654.0,89660.0,1412080.0,1412080.0,
920218.BJ,20260820,16.78,6.5031,6.5031,0.84,20.6369,20.6369,2.653,1.4864,1.4864,,,9367.12,2107.62,2107.62,157180.0,35365.9,
000567.SZ,20260820,6.02,0.6362,2.5984,0.9,30.5634,16.6263,1.9534,16.72,11.426,,,195459.0,194854.0,47707.3,1176660.0,1173020.0,
001696.SZ,20260820,15.39,4.7077,6.0172,0.54,26.4787,28.8493,3.1706,1.4316,1.452,1.2995,1.2995,114503.0,89138.5,69739.6,1762200.0,1371840.0,
601866.SH,20260820,2.37,0.5699,1.5428,1.08,19.3382,20.1821,1.0,1.235,1.2078,1.7374,1.5652,1313210.0,971043.0,358692.0,3112300.0,2301370.0,
301228.SZ,20260820,57.49,1.8929,4.1458,0.54,,,11.5138,17.3179,18.6789,,,12000.0,11944.0,5453.33,689880.0,686662.0,
002238.SZ,20260820,6.06,0.481,1.4007,0.54,,,2.4932,3.7652,3.8732,0.8251,,80255.9,80255.9,27562.3,486351.0,486351.0,
605268.SH,20260820,9.45,1.5697,8.7614,1.25,33.1246,31.8488,2.414,1.2877,1.2705,2.144,2.6455,44055.0,44055.0,7893.0,416320.0,416320.0,
301089.SZ,20260820,25.75,10.7995,15.152,1.78,,,2.2093,8.6126,8.7161,,,12654.5,9047.01,6448.18,325852.0,232960.0,
603358.SH,20260820,45.2,1.9482,4.1536,0.64,83.7434,162.317,5.9886,4.2514,4.1588,1.0845,0.9071,46974.3,46177.1,21658.9,2123240.0,2087200.0,
002424.SZ,20260820,4.52,0.6457,0.7509,0.8,,,1.9842,2.0721,2.1544,,,139760.0,115188.0,99053.1,631714.0,520649.0,
600873.SH,20260820,7.85,0.9759,1.4811,0.94,6.7096,10.122,1.4047,0.9093,0.911,5.4513,5.451,280424.0,280424.0,184776.0,2201330.0,2201330.0,
001365.SZ,20260820,35.36,5.5643,5.5643,0.63,28.948,28.3184,3.5204,1.1625,1.1345,,,52500.0,5750.56,5750.56,1856400.0,203340.0,
688617.SH,20260820,266.22,3.4535,6.0709,3.17,45.913,40.3925,12.2041,14.5816,13.0082,0.4517,0.3694,14152.9,14152.9,8051.02,3767790.0,3767790.0,
300813.SZ,20260820,21.71,10.3974,19.6551,2.51,159.61,147.842,3.2627,7.7494,7.6788,0.9212,0.5974,12119.9,7605.11,4023.04,263123.0,165107.0,
688315.SH,20260820,17.1,6.9688,19.3625,2.55,42.6304,43.7911,2.6585,3.2209,3.1435,0.2846,0.2561,41620.0,41620.0,14979.6,711702.0,711702.0,
300620.SZ,20260820,310.96,5.0044,9.8151,0.92,438.58,283.621,34.3246,52.5692,40.5898,0.0322,0.0643,24918.1,24733.6,12610.8,7748520.0,7691160.0,
001239.SZ,20260820,12.08,1.8384,2.1042,1.22,60.9925,91.0227,2.1363,1.4215,1.4259,,,24000.0,11400.0,9959.98,289920.0,137712.0,
688585.SH,20260820,141.9,1.9719,12.0408,1.04,1393.12,,48.6213,31.8542,31.5216,0.0218,,40336.2,40336.2,6605.79,5723700.0,5723700.0,
002127.SZ,20260820,2.86,1.799,2.074,0.83,,,1.8643,2.7008,3.1186,1.3986,2.0979,245487.0,199473.0,173023.0,702093.0,570494.0,
688443.SH,20260820,26.78,4.5943,4.5943,1.52,,,6.8412,42.5598,35.3458,,,36668.0,14339.0,14339.0,981969.0,383998.0,
920132.BJ,20260820,8.6,0.9158,1.0597,0.61,50.4072,54.33,3.415,3.1209,2.8186,0.805,0.8945,10767.1,3656.02,3159.4,92597.2,31441.8,
600916.SH,20260820,7.69,4.0122,8.4679,2.6,46.9049,42.4108,1.7693,0.185,0.1742,4.5514,1.9246,168000.0,168000.0,79600.3,1291920.0,1291920.0,
601689.SH,20260820,46.2,0.972,2.3363,0.7,28.8902,29.033,3.2653,2.7141,2.6374,1.1234,1.0606,173784.0,173784.0,72300.1,8028800.0,8028800.0,
688175.SH,20260820,19.65,1.2701,2.5664,0.86,,,1.9083,14.4018,13.3621,0.3915,0.3915,16811.2,16811.2,8320.05,330340.0,330340.0,
688531.SH,20260820,133.73,4.4697,4.7963,0.82,125.793,100.08,6.4567,20.5439,16.6136,0.3076,0.4454,16559.4,11477.9,10696.4,2214490.0,1534940.0,
688281.SH,20260820,45.45,0.67,1.2972,0.85,56.4521,52.1153,3.5845,13.9445,11.8687,0.925,0.5501,38159.9,38159.9,19711.0,1734370.0,1734370.0,
002202.SZ,20260820,19.84,8.0087,10.8317,1.47,30.2052,26.9167,2.1074,1.1476,1.0603,0.7053,1.0043,422379.0,336350.0,248691.0,8380000.0,6673190.0,
300659.SZ,20260820,10.24,2.2539,2.5704,1.02,,,2.2823,3.6792,3.8184,,,26039.2,18923.9,16594.1,266642.0,193781.0,
002173.SZ,20260820,19.06,9.8304,12.2516,0.73,,,5.0953,10.7659,11.7227,,,44128.4,42086.5,33769.2,841088.0,802169.0,
002570.SZ,20260820,4.5,1.1398,1.2993,0.41,31.5445,32.3511,2.9834,1.7513,1.7968,,,108004.0,108000.0,94736.6,486020.0,485998.0,
920663.BJ,20260820,12.71,0.4732,0.7597,0.36,19.8845,17.6911,4.1895,4.363,4.1821,4.1228,4.7129,13355.3,6407.65,3990.9,169745.0,81441.3,
688193.SH,20260820,48.54,1.645,2.9051,1.49,192.814,140.313,2.1174,12.0104,11.9079,0.4981,2.2928,4006.99,4006.99,2268.94,194499.0,194499.0,
300573.SZ,20260820,40.88,3.5403,3.9082,1.22,20.8506,19.1823,6.64,5.8673,5.5377,2.3916,2.8822,35491.8,27199.8,24639.9,1450900.0,1111930.0,
920729.BJ,20260820,7.4,3.5734,3.5734,,49.0189,52.6329,2.9679,8.4913,9.1857,1.7571,1.7571,27330.0,7750.7,7750.7,202242.0,57355.2,
002728.SZ,20260820,9.45,3.8644,6.4092,0.94,59.3937,63.9374,2.6259,5.2468,5.7798,0.5143,1.5794,51331.0,50130.9,30226.2,485078.0,473737.0,
688435.SH,20260820,30.42,2.4424,2.795,0.74,,,2.345,13.4749,13.2609,,,8350.0,5604.81,4897.73,254007.0,170499.0,
000856.SZ,20260820,8.28,2.7188,3.884,1.65,71.9723,153.671,4.4929,0.6764,0.6984,,0.4831,22700.0,22700.0,15890.0,187956.0,187956.0,
600388.SH,20260820,17.4,0.6741,1.0192,0.6,19.8678,18.0584,2.0251,1.8614,1.7576,1.6092,2.1802,127005.0,127005.0,83999.1,2209880.0,2209880.0,
301010.SZ,20260820,17.48,1.0306,2.608,0.84,226.452,252.327,2.2782,2.1913,2.2703,1.1442,,10800.0,10800.0,4268.02,188784.0,188784.0,
300388.SZ,20260820,6.87,0.8134,2.0992,0.59,13.1405,12.3697,0.9745,1.274,1.2387,1.8923,1.3974,68104.2,68104.2,26387.3,467876.0,467876.0,
300153.SZ,20260820,21.5,6.3061,9.2594,1.59,135.059,83.363,7.2664,3.9021,2.6972,,0.3256,32000.0,31833.0,21680.0,688000.0,684410.0,
002725.SZ,20260820,11.19,1.8189,3.035,0.71,196.649,1294.37,2.9348,4.288,4.421,,0.1602,25600.0,24896.3,14920.4,286464.0,278590.0,
300814.SZ,20260820,137.2,3.6623,9.6472,0.67,901.175,515.205,16.0704,13.9768,11.9271,0.0729,0.0364,19143.0,19143.0,7267.19,2626420.0,2626420.0,
600703.SH,20260820,13.75,2.4227,3.6742,0.63,,,1.9656,3.8218,4.1464,0.1372,,498902.0,498902.0,328968.0,6859900.0,6859900.0,
920866.BJ,20260820,6.41,5.4282,6.7902,1.08,36.0292,32.2434,1.4825,2.3277,2.3816,2.2991,1.5327,18020.6,11411.2,9122.28,115512.0,73146.0,
002075.SZ,20260820,3.65,1.1389,1.5558,0.8,29.943,32.0131,1.2095,0.6103,0.6242,1.3699,1.3699,219383.0,219382.0,160595.0,800746.0,800745.0,
301270.SZ,20260820,31.74,2.5376,3.114,0.57,223.073,409.616,3.2793,16.6491,17.3053,0.3149,0.3149,10000.0,9449.28,7700.14,317400.0,299920.0,
605376.SH,20260820,148.02,6.0676,9.3763,1.07,176.662,159.384,21.9974,33.6198,29.5205,0.1013,0.0676,26160.0,26160.0,16928.5,3872200.0,3872200.0,
603816.SH,20260820,24.77,0.7815,1.3131,0.83,12.81,12.9753,2.0687,1.1433,1.1366,4.9457,4.943,92573.3,81588.0,48557.0,2293040.0,2020940.0,
600075.SH,20260820,4.66,1.4367,2.5231,1.42,,,0.9012,0.7588,0.7597,0.4291,,170780.0,170780.0,97244.2,795834.0,795834.0,
300986.SZ,20260820,12.27,5.9266,10.3482,0.56,43.1823,39.8025,3.1681,2.38,2.2867,0.3641,0.5795,57572.3,57531.7,32949.2,706412.0,705914.0,
920072.BJ,20260820,26.13,12.6909,12.6909,1.17,31.2556,31.2556,3.9542,6.3487,6.3487,,,7660.0,1446.5,1446.5,200156.0,37797.0,
600980.SH,20260820,19.6,1.4406,2.7458,0.86,30.4109,29.8855,2.5059,2.8981,2.8441,0.7245,0.9391,19326.4,18926.4,9929.78,378796.0,370956.0,
688046.SH,20260820,36.7,7.4662,15.0757,1.4,105.54,82.4661,6.6422,18.9741,17.1431,0.3804,0.5977,41018.6,41018.6,20314.2,1505380.0,1505380.0,
688373.SH,20260820,5.66,4.3398,6.0682,1.9,,,20.415,26.1986,24.6605,,,65622.8,65622.8,46931.4,371425.0,371425.0,
600882.SH,20260820,20.85,1.5286,3.3157,0.96,89.4668,94.9465,2.2806,1.882,1.7595,,,50845.4,50845.4,23440.0,1060130.0,1060130.0,
300123.SZ,20260820,4.36,1.6337,1.8669,0.6,,,14.2741,5.6822,7.1097,,,102183.0,99402.0,86983.2,445520.0,433393.0,
301186.SZ,20260820,34.07,1.0203,1.9551,0.8,29.5085,31.6519,2.4183,4.9341,4.6963,1.5359,1.5622,11474.4,10788.3,5629.71,390931.0,367558.0,
920165.BJ,20260820,36.55,11.9568,11.9568,0.54,26.6251,26.6251,3.9915,6.7175,6.7175,,,4827.44,960.504,960.504,176443.0,35106.4,
300872.SZ,20260820,14.75,2.2703,2.5568,0.81,,,1.9389,4.0519,4.1477,0.3164,,48812.1,42204.2,37475.3,719979.0,622512.0,
001369.SZ,20260820,12.33,2.3676,2.3676,0.61,26.376,26.2516,2.0029,3.9451,3.8306,,1.2165,114700.0,20745.3,20745.3,1414250.0,255790.0,
002363.SZ,20260820,6.43,1.0411,1.8036,1.05,39.9495,40.7155,1.2261,1.3117,1.3679,0.937,1.2465,41610.0,41575.8,23998.7,267552.0,267333.0,
002246.SZ,20260820,19.98,2.5323,4.7393,0.85,41.7062,28.7476,3.3615,3.9883,3.7111,0.2002,0.3003,54903.5,54903.5,29336.1,1096970.0,1096970.0,
688570.SH,20260820,15.5,0.7709,1.1612,1.17,68.6,118.969,1.5554,4.1473,4.288,2.129,0.6452,43300.0,18820.0,12494.5,671150.0,291710.0,
688610.SH,20260820,166.84,5.397,8.9366,0.98,177.357,116.849,6.9123,25.7661,18.5734,0.1199,0.1199,6800.0,4093.26,2472.02,1134510.0,682920.0,
603011.SH,20260820,23.38,7.0408,10.0616,0.52,,,6.2011,5.4477,5.4881,,,49441.4,49441.4,34597.6,1155940.0,1155940.0,
600600.SH,20260820,51.44,0.5303,1.2369,0.78,15.2948,15.0024,2.1631,2.161,2.1717,4.2768,4.5684,136420.0,70912.6,30399.4,7017420.0,3647740.0,
003001.SZ,20260820,15.9,6.5561,7.946,0.66,200.689,275.625,2.3209,4.5052,4.8437,1.2601,0.4775,17455.0,11436.7,9436.24,277535.0,181843.0,
600809.SH,20260820,118.5,0.3327,0.9932,0.45,11.8048,13.1647,3.2109,3.7338,3.8947,5.1139,5.5359,121996.0,121996.0,40870.9,14456600.0,14456600.0,
600410.SH,20260820,13.56,3.3433,3.3433,0.55,536.879,,3.4506,3.1914,3.1025,0.0487,0.0559,109649.0,109649.0,109649.0,1486850.0,1486850.0,
603001.SH,20260820,8.13,5.1926,9.9485,1.73,,,1.3811,1.6948,2.023,1.845,,40098.0,40098.0,20929.2,325997.0,325997.0,
300590.SZ,20260820,10.95,2.9752,4.1507,0.56,67.8863,43.3711,2.6802,5.68,4.8354,1.987,1.0959,46223.7,35781.5,25647.5,506149.0,391807.0,
300812.SZ,20260820,19.4,4.6358,7.9047,1.29,203.653,,4.8991,6.051,6.3862,,0.1841,19610.8,17794.0,10435.6,380449.0,345203.0,
601179.SH,20260820,12.81,1.674,3.4783,0.66,51.7158,48.2969,2.8029,2.764,2.6618,0.7416,0.7884,512588.0,512588.0,246697.0,6566260.0,6566260.0,
603758.SH,20260820,10.69,7.0794,20.5837,1.16,30.9873,33.0566,1.7846,3.4239,3.2578,2.7707,,43311.6,43311.6,14896.3,463001.0,463001.0,
300249.SZ,20260820,12.67,3.3646,3.9256,0.51,189.842,176.325,18.24,4.0009,3.7455,,,45842.6,37411.0,32064.5,580825.0,473997.0,
301069.SZ,20260820,16.16,1.1381,1.7798,0.64,57.0486,54.6012,3.135,7.1368,6.3783,0.5744,0.5966,45317.4,42677.4,27291.5,732330.0,689667.0,
002498.SZ,20260820,6.22,1.7155,5.0357,0.51,37.3882,36.2484,2.348,1.9883,1.8595,0.6431,0.6431,332680.0,332680.0,113333.0,2069270.0,2069270.0,
300519.SZ,20260820,14.91,7.3362,10.7315,1.22,44.0055,42.5714,2.7597,8.9901,9.155,2.0121,2.0121,16000.0,11410.0,7800.01,238560.0,170123.0,
605567.SH,20260820,9.15,1.3192,2.009,1.01,46.3083,49.523,1.6471,0.6962,0.6814,1.0929,1.0929,20000.0,20000.0,13133.1,183000.0,183000.0,
300976.SZ,20260820,60.0,7.8108,14.2984,1.88,39.7936,35.9225,3.0531,3.5222,3.1999,0.9243,0.8265,18713.2,12037.6,6575.79,1122790.0,722254.0,
920445.BJ,20260820,7.11,2.5095,2.8985,0.52,42.8324,47.4143,3.4086,2.8119,2.8776,4.1386,2.0766,14815.5,10800.8,9351.21,105338.0,76793.8,
600015.SH,20260820,6.73,0.6302,1.9022,1.62,3.9378,3.9488,0.3333,1.1653,1.0891,6.0178,6.2407,1591490.0,1538720.0,509783.0,10710700.0,10355600.0,
600862.SH,20260820,17.37,0.4943,0.891,0.57,23.4737,26.189,3.0514,4.8319,5.1619,1.4335,1.2802,139305.0,139305.0,77282.6,2419730.0,2419730.0,
301141.SZ,20260820,40.73,3.5559,3.5559,0.45,152.243,194.9,3.9376,6.822,6.4765,0.2455,0.491,12403.3,4451.26,4451.26,505185.0,181300.0,
601825.SH,20260820,8.77,0.2639,0.4425,0.71,6.8694,6.855,0.6423,3.2694,3.2593,4.9487,4.9601,964444.0,943230.0,562532.0,8458180.0,8272130.0,
603629.SH,20260820,130.57,11.9813,21.6335,0.72,163.655,89.6009,21.3313,14.4777,13.2992,0.0702,0.2449,36672.8,36072.3,19978.1,4788370.0,4709970.0,
002393.SZ,20260820,15.1,3.2056,6.7401,3.24,11.1828,11.2747,1.0107,3.3442,3.437,1.9267,4.9664,30829.3,30021.7,14278.4,465522.0,453328.0,
603187.SH,20260820,11.16,1.4433,1.8062,0.4,11.0977,13.2805,1.0157,1.2868,1.2694,4.4335,4.9286,38639.8,38236.2,30555.1,431220.0,426716.0,
920069.BJ,20260820,33.64,3.2375,3.2375,1.11,19.8297,18.2966,2.2491,4.6579,4.3937,,1.5159,5291.98,1475.64,1475.64,178022.0,49640.7,
002145.SZ,20260820,4.31,0.8344,1.2646,0.78,45.9809,31.7126,1.2403,2.1079,1.9142,0.3564,0.8973,380667.0,380647.0,251173.0,1640680.0,1640590.0,
920082.BJ,20260820,8.08,0.8981,0.8981,0.63,28.622,43.9766,3.0407,2.2624,2.2578,2.8289,1.768,20349.7,5722.43,5722.43,164426.0,46237.2,
605580.SH,20260820,17.71,1.033,3.769,0.7,31.7878,30.5691,4.6199,4.8576,4.4676,1.4116,1.694,28000.0,28000.0,7674.59,495880.0,495880.0,
601872.SH,20260820,18.46,1.9044,5.8651,1.74,24.7927,18.8438,3.3079,5.2899,4.7869,1.2243,1.7335,807454.0,807454.0,262185.0,14905600.0,14905600.0,
002405.SZ,20260820,6.33,1.4756,1.6336,0.89,144.906,134.492,1.7024,3.6375,3.5505,,,237014.0,235576.0,212791.0,1500300.0,1491190.0,
603313.SH,20260820,6.12,2.3682,4.0965,0.56,,,1.028,0.3918,0.3829,0.817,,57058.7,57058.7,32985.5,349199.0,349199.0,
002003.SZ,20260820,10.52,1.1701,1.7279,0.9,19.403,19.6239,2.6759,2.6055,2.5728,3.7383,4.7369,118889.0,102210.0,69213.3,1250710.0,1075250.0,
603004.SH,20260820,20.09,3.4715,3.4715,0.78,31.7182,33.3372,2.2769,6.7375,6.437,1.0453,0.9955,23552.0,5888.0,5888.0,473160.0,118290.0,
002858.SZ,20260820,11.68,1.8111,2.1173,0.93,,,4.1809,4.3854,4.4163,,,18667.8,14741.2,12609.7,218040.0,172178.0,
605099.SH,20260820,33.34,0.2797,2.5673,1.18,20.1068,18.844,4.0242,4.0793,3.9348,1.9147,2.4875,40266.3,40212.6,4381.34,1342480.0,1340690.0,
300560.SZ,20260820,17.92,10.7391,13.4613,1.47,,,4.6327,3.6128,3.5575,,,22974.4,18696.5,14915.6,411701.0,335041.0,
002100.SZ,20260820,7.17,1.2131,1.6941,0.84,46.4731,,1.4272,0.5765,0.5855,3.0683,1.0879,136525.0,136525.0,97759.4,978885.0,978885.0,
920100.BJ,20260820,32.16,5.0526,5.0526,0.64,55.0207,55.7241,6.9779,6.0334,5.6967,1.1105,1.7324,10333.3,2739.82,2739.82,332319.0,88112.6,
300128.SZ,20260820,4.4,1.6217,2.2381,0.9,,,13.5528,2.5666,2.4424,,,129912.0,129747.0,94012.5,571611.0,570885.0,
600030.SH,20260820,27.04,0.7608,0.7608,0.89,14.047,12.5424,1.4493,5.644,5.1789,1.0355,2.5888,1562430.0,1217660.0,1217660.0,42248000.0,32925400.0,
002192.SZ,20260820,65.92,5.2624,7.1207,0.72,61.4011,14.321,3.764,20.3651,8.3038,0.2518,0.3337,25965.5,25911.8,19149.6,1711650.0,1708100.0,
300901.SZ,20260820,18.57,2.7127,6.4514,1.01,1148.03,471.319,4.5866,12.1236,10.9843,,,24000.0,24000.0,10091.4,445680.0,445680.0,
600865.SH,20260820,8.68,1.2076,3.097,0.7,328.026,,1.4231,15.773,16.2149,2.0737,,37624.0,37624.0,14670.4,326577.0,326577.0,
300889.SZ,20260820,21.07,1.8415,2.1363,0.71,,,3.2777,3.9378,3.5173,,,22022.7,14636.7,12616.8,464018.0,308395.0,
300276.SZ,20260820,6.28,2.3243,2.8051,0.61,,,5.0258,4.9728,5.1793,,,140104.0,105712.0,87591.1,879855.0,663874.0,
001260.SZ,20260820,17.2,4.4031,5.2814,0.74,48.0415,53.2689,2.3787,3.4357,3.4595,0.7326,1.25,11500.0,11500.0,9587.5,197800.0,197800.0,
603392.SH,20260820,30.81,0.54,2.0403,1.08,,,3.3193,21.4165,19.2482,,,126439.0,126439.0,33463.4,3895590.0,3895590.0,
300941.SZ,20260820,14.4,3.6433,5.0725,0.73,89.9914,98.4163,2.2822,11.9553,11.4899,0.8742,0.5645,20475.0,12377.9,8890.33,294840.0,178241.0,
688561.SH,20260820,25.54,0.6681,1.6937,0.62,,,2.4678,3.9677,3.9404,,,68225.3,68225.3,26911.1,1742470.0,1742470.0,
301235.SZ,20260820,43.73,8.8981,9.8011,0.6,51.6724,47.0798,3.2209,2.6635,2.541,0.085,0.3428,13925.0,10421.8,9461.62,608940.0,455747.0,
600292.SH,20260820,12.23,2.6596,2.6596,1.24,109.479,74.837,3.3392,4.7948,5.0279,,0.4586,476418.0,43928.4,43928.4,5826600.0,537244.0,
002191.SZ,20260820,3.7,0.6489,0.8025,0.75,,,0.8394,1.7511,1.5667,,,141398.0,140272.0,113430.0,523172.0,519005.0,
002609.SZ,20260820,7.69,1.0421,1.4883,0.92,77.8311,77.505,2.0618,2.8377,2.7448,0.9078,1.0991,64343.9,45886.0,32130.3,494804.0,352863.0,
600004.SH,20260820,7.55,0.528,1.2335,1.73,13.2518,14.5192,0.9186,2.446,2.3991,1.9096,3.7748,257724.0,236672.0,101297.0,1945820.0,1786870.0,
003043.SZ,20260820,73.77,6.3652,8.4122,1.0,125.589,141.256,6.0155,10.5974,11.2363,0.2683,0.3149,14401.0,9401.72,7113.94,1062360.0,693565.0,
002008.SZ,20260820,91.56,4.7771,5.8532,0.92,79.2399,68.298,4.5611,5.0254,4.4997,0.3823,0.2184,102960.0,95672.7,78083.2,9427050.0,8759800.0,
600107.SH,20260820,5.81,0.3561,0.4544,0.92,,,5.1591,8.8554,8.6069,,,36000.0,36000.0,28205.9,209160.0,209160.0,
600300.SH,20260820,3.24,1.6037,2.3213,0.79,15.6618,15.0651,1.4134,1.5647,1.5209,3.9506,3.2099,161714.0,161714.0,111721.0,523954.0,523954.0,
300105.SZ,20260820,7.6,3.9408,6.7728,0.53,,,2.1937,4.0853,4.1013,1.3158,1.9737,51581.4,51549.2,29994.1,392019.0,391774.0,
688070.SH,20260820,33.95,1.0604,2.3859,0.44,281.074,148.243,5.1854,4.8345,4.733,,,8842.05,8842.05,3930.05,300188.0,300188.0,
688366.SH,20260820,32.68,0.7996,1.7793,,29.7927,31.9234,1.3739,3.024,3.0827,3.0236,3.0236,22883.2,19405.2,8720.39,747824.0,634162.0,
300701.SZ,20260820,9.77,1.468,2.5543,1.21,36.8027,36.4107,2.754,6.4364,6.4947,1.035,1.7596,27959.3,25215.4,14491.8,273163.0,246354.0,
002835.SZ,20260820,12.56,2.2842,3.0044,0.83,19.7831,23.9627,2.1599,2.4743,2.4525,2.5382,2.2209,21949.4,12728.7,9677.4,275684.0,159873.0,
300691.SZ,20260820,14.1,1.7025,2.1552,0.98,409.56,129.098,2.3059,1.8782,1.8034,0.5674,,26904.9,22073.8,17437.2,379359.0,311241.0,
688098.SH,20260820,8.72,2.7605,4.872,2.13,,,2.581,12.4219,13.1588,,,41064.4,41064.4,23267.7,358082.0,358082.0,
300655.SZ,20260820,12.7,3.4217,3.9537,0.82,95.8005,127.135,5.5588,8.8881,8.6228,0.4075,0.1686,112663.0,112149.0,97059.0,1430820.0,1424300.0,
300583.SZ,20260820,13.14,2.0561,3.8401,1.36,,,1.4116,2.4513,2.2973,0.1522,0.1142,18970.2,18614.9,9967.07,249269.0,244600.0,
605218.SH,20260820,14.7,1.9714,5.4248,1.75,160.801,,2.0123,1.5034,1.4559,0.328,0.1361,24281.5,21283.3,7734.58,356938.0,312865.0,
301155.SZ,20260820,42.49,2.7069,3.5718,0.89,26.6259,31.1606,1.5974,1.9901,2.1557,0.2118,0.3766,21739.1,12325.8,9341.25,923696.0,523725.0,
688568.SH,20260820,33.04,1.1562,2.6943,0.93,908.123,,7.3425,9.9744,11.2412,0.2646,0.0363,80807.9,80807.9,34676.0,2669890.0,2669890.0,
605116.SH,20260820,22.0,2.008,7.1261,1.9,19.8928,22.6964,3.3104,5.2643,5.3041,1.3138,1.5349,40618.3,40618.3,11445.5,893603.0,893603.0,
002275.SZ,20260820,13.62,0.6719,2.4767,1.52,18.4762,17.6787,2.4076,3.9119,3.8031,4.0382,3.6711,58756.9,55710.3,15112.6,800268.0,758774.0,
000417.SZ,20260820,5.62,2.6311,4.2469,0.76,27.3567,29.368,0.9199,0.6546,0.6918,1.9573,1.1566,77988.4,77902.7,48263.7,438295.0,437813.0,
300517.SZ,20260820,10.09,2.3347,2.9042,0.82,1135.56,436.795,1.9337,8.6509,10.9883,0.9785,0.9884,20041.7,12623.3,10147.9,202221.0,127369.0,
001382.SZ,20260820,16.89,2.3582,2.3582,0.64,69.318,72.5964,4.2427,2.3611,2.2547,1.4802,0.444,41200.0,6300.0,6300.0,695868.0,106407.0,
600359.SH,20260820,6.63,6.6793,11.1913,1.41,,,3.7504,5.2287,5.3467,,,38151.3,38151.3,22769.7,252943.0,252943.0,
603787.SH,20260820,10.17,0.9533,2.705,0.78,46.2557,51.0457,1.516,0.5691,0.5853,1.9666,1.9666,23014.4,23014.4,8110.46,234056.0,234056.0,
300328.SZ,20260820,15.19,8.2668,11.345,1.8,,,10.1959,6.0748,5.9704,,,69042.4,68704.2,50062.7,1048750.0,1043620.0,
688312.SH,20260820,49.15,4.4196,7.9012,1.02,52.8493,52.8681,4.6822,11.6559,11.7228,0.9975,1.116,14671.5,14671.5,8206.7,721104.0,721104.0,
600368.SH,20260820,3.96,0.5825,1.2205,0.66,11.4541,11.4268,0.8599,4.7378,4.8484,3.3081,3.5101,160965.0,160965.0,76820.1,637423.0,637423.0,
300224.SZ,20260820,11.02,1.0138,1.6901,0.73,33.3693,35.9972,1.9752,1.4587,1.4785,1.623,1.8044,93070.0,92727.4,55623.6,1025630.0,1021860.0,
600537.SH,20260820,2.11,1.3277,1.3277,0.86,,,,1.2958,1.677,,,118372.0,118372.0,118372.0,249764.0,249764.0,
301216.SZ,20260820,16.57,1.7064,2.7079,0.87,56.8523,19.1525,1.4697,0.6205,0.6049,0.7967,0.9039,58020.4,54461.1,34319.4,961399.0,902420.0,
920779.BJ,20260820,22.29,2.0783,2.0783,0.54,28.4141,29.6491,3.5677,10.6287,10.3076,4.7747,4.7106,8006.15,2002.0,2002.0,178457.0,44624.6,
601058.SH,20260820,14.15,0.8964,1.2132,1.07,13.2084,13.1419,2.0756,1.2646,1.2295,2.6855,2.3322,328810.0,328810.0,242963.0,4652660.0,4652660.0,
300708.SZ,20260820,7.81,1.4816,1.6496,0.44,35.9351,44.626,2.5028,2.3558,3.0335,1.3973,0.3823,94332.7,72143.1,64794.4,736739.0,563438.0,
920122.BJ,20260820,23.02,4.8784,9.6822,1.31,98.5886,90.1213,6.2394,10.9422,10.8111,1.1773,0.8477,9224.21,3737.51,1883.14,212341.0,86037.6,
002693.SZ,20260820,9.98,13.6902,26.8771,3.33,217.327,127.217,9.9509,14.9537,14.344,,,41469.0,41098.2,20933.8,413860.0,410160.0,
002076.SZ,20260820,2.07,2.0524,2.3366,0.69,,,7.5413,6.0422,5.1858,,,110912.0,104227.0,91550.7,229589.0,215750.0,
002657.SZ,20260820,14.8,1.8441,2.0145,0.69,,,3.1477,5.8674,5.5928,,,33931.4,33612.7,30768.7,502185.0,497469.0,
600268.SH,20260820,10.5,1.4718,3.1846,0.85,22.2112,20.7034,2.8524,1.1057,1.1454,1.334,1.9053,101559.0,101550.0,46931.0,1066370.0,1066270.0,
688593.SH,20260820,32.39,3.1206,5.6649,0.76,1637.86,1212.94,9.5755,24.2718,24.2456,,0.1377,45952.9,45952.9,25313.7,1488420.0,1488420.0,
601888.SH,20260820,53.1,0.9326,1.997,0.78,30.7656,27.6061,1.9037,2.0548,2.0487,2.4482,1.3183,207780.0,195248.0,91183.3,11033100.0,10367600.0,
002603.SZ,20260820,17.38,4.0715,7.4425,1.91,22.5708,21.2045,2.5475,3.7081,3.6698,1.7261,4.603,167071.0,137653.0,75305.2,2903690.0,2392420.0,
300078.SZ,20260820,3.19,3.7586,4.6309,1.78,,,7.0702,5.2115,9.7421,,,111787.0,111337.0,90364.5,356601.0,355164.0,
603929.SH,20260820,168.67,2.7607,6.9361,0.83,40.3372,29.4573,15.0722,7.3346,6.2359,1.1857,1.5711,21336.0,21336.0,8492.2,3598740.0,3598740.0,
301125.SZ,20260820,12.04,2.6788,4.6521,1.33,511.049,,4.294,4.0191,4.2229,0.1699,0.1133,20732.4,17578.0,10121.6,249618.0,211639.0,
002102.SZ,20260820,2.19,0.4222,0.5343,0.85,21.8216,112.754,1.7489,0.7456,0.8375,,,247563.0,212995.0,168338.0,542162.0,466459.0,
002488.SZ,20260820,8.19,2.3921,3.1225,0.92,196.147,142.951,2.3501,2.1292,2.0867,0.121,0.1206,99543.9,92008.4,70485.4,815265.0,753549.0,
603527.SH,20260820,9.79,1.3391,2.1674,0.79,49.1802,105.463,1.4628,0.2808,0.2454,1.6343,1.0215,31697.1,31697.1,19584.4,310315.0,310315.0,
603919.SH,20260820,16.71,2.6027,5.6503,1.41,23.9183,31.3743,2.4916,2.9044,2.8495,2.9307,2.9667,50726.0,50726.0,23365.5,847631.0,847631.0,
603615.SH,20260820,17.14,1.2018,2.5691,0.53,647.035,222.021,3.611,3.2661,1.9833,,0.1167,24182.0,24182.0,11312.3,414479.0,414479.0,
920022.BJ,20260820,19.12,0.8679,0.8679,0.77,16.746,17.3662,2.5905,1.7288,1.7677,3.0335,6.1715,6032.1,1661.5,1661.5,115334.0,31767.9,
688796.SH,20260820,138.18,11.7645,11.7645,1.1,356.539,212.587,27.0634,44.7868,39.5209,,,44689.8,3860.75,3860.75,6175240.0,533478.0,
300611.SZ,20260820,22.66,1.2093,1.4079,0.74,32.7822,37.01,3.715,2.3771,2.3423,0.5221,0.662,21107.5,14830.3,12737.9,478295.0,336055.0,
600731.SH,20260820,5.92,1.309,1.7585,1.0,13.4571,14.1529,1.0187,1.8113,1.7649,3.4082,,55385.2,54168.3,40322.0,327881.0,320676.0,
600036.SH,20260820,38.86,0.3625,0.6382,1.07,6.5257,6.5012,0.8655,2.9036,2.8764,5.1467,5.1878,2521980.0,2062890.0,1171840.0,98004300.0,80164100.0,
600721.SH,20260820,13.66,31.7871,40.0745,0.94,129.103,197.406,6.4973,13.5273,14.649,,0.2928,38454.8,38454.8,30502.3,525292.0,525292.0,
600250.SH,20260820,9.24,8.8344,18.606,5.7,326.849,290.672,4.6274,3.8808,4.0041,,,31279.1,31279.1,14851.8,289019.0,289019.0,
600759.SH,20260820,2.51,2.9936,3.4122,0.95,72.1883,49.0014,1.1463,4.9481,4.6333,,,414901.0,414369.0,363534.0,1041400.0,1040070.0,
605060.SH,20260820,42.48,1.6328,4.3177,0.78,44.8861,41.9068,4.0435,8.1484,7.7665,0.8181,0.8237,24059.2,23888.4,9033.9,1022030.0,1014780.0,
301001.SZ,20260820,23.84,2.1368,3.5855,0.97,,,2.4805,6.0319,6.0866,1.573,,8000.0,5030.0,2997.65,190720.0,119915.0,
920438.BJ,20260820,124.0,3.7584,6.1194,0.87,605.486,554.226,18.2085,32.4779,30.9855,0.0789,0.0812,14446.1,13939.4,8561.25,1791320.0,1728490.0,
688538.SH,20260820,2.31,0.68,0.8749,0.67,,,4.2015,5.7992,5.7833,,,1380940.0,575224.0,447079.0,3189980.0,1328770.0,
603709.SH,20260820,11.7,4.4645,14.2458,1.01,,,3.7533,1.1769,1.0897,,0.526,16323.5,16264.2,5097.04,190985.0,190291.0,
300014.SZ,20260820,55.06,1.9516,2.9814,1.12,28.9436,20.5239,2.3853,1.9467,1.5149,1.2694,0.8421,217330.0,211298.0,138319.0,11966200.0,11634100.0,
601001.SH,20260820,17.15,1.1409,2.6816,1.09,15.6726,17.3144,1.4684,2.1896,2.0904,4.4023,3.1895,167370.0,167370.0,71206.8,2870400.0,2870400.0,
920566.BJ,20260820,10.22,4.2805,4.578,,17.644,16.1854,1.7194,3.4794,3.3894,1.9705,1.9569,14446.2,11234.7,10504.4,147640.0,114818.0,
002438.SZ,20260820,13.91,1.191,1.5394,0.63,24.7359,24.7229,1.8728,3.3156,3.4117,1.2581,1.4378,50753.7,46888.1,36277.0,705985.0,652213.0,
600212.SH,20260820,5.56,0.9979,1.0726,0.52,234.995,1822.73,6.7849,2.8123,2.6288,,,70415.0,53118.0,49418.0,391508.0,295336.0,
603551.SH,20260820,9.5,1.1927,4.214,1.56,12.2935,12.7058,2.5189,1.9496,1.9201,8.8521,8.9224,38468.4,38122.7,10789.8,365449.0,362166.0,
688519.SH,20260820,282.0,2.4068,5.8979,0.74,275.96,179.566,22.9935,12.6861,10.8589,0.034,0.1099,23518.0,23518.0,9597.29,6632090.0,6632090.0,
600586.SH,20260820,4.14,0.809,1.1947,0.82,,,1.1644,1.298,1.3915,0.3572,,141734.0,141734.0,95970.2,586778.0,586778.0,
605069.SH,20260820,10.43,1.5988,4.1401,0.88,,,3.2128,6.1329,6.1976,,,21169.8,21169.8,8175.1,220801.0,220801.0,
600361.SH,20260820,3.62,0.8553,1.7149,0.95,17.2016,15.9924,1.185,0.1754,0.173,2.246,2.4309,373266.0,373266.0,186162.0,1351220.0,1351220.0,
002168.SZ,20260820,3.82,0.515,0.6284,0.68,,,267.228,8.1149,7.8324,,,78416.3,78416.3,64258.1,299550.0,299550.0,
300278.SZ,20260820,3.76,0.9433,1.345,0.94,,,3.1829,1.8386,1.6618,,,141389.0,140945.0,98847.2,531621.0,529951.0,
301311.SZ,20260820,13.28,0.6404,1.7616,0.9,,,1.8595,1.5934,1.7186,0.4066,,24000.0,24000.0,8724.24,318720.0,318720.0,
601618.SH,20260820,2.58,0.43,1.193,1.2,40.3886,39.624,0.5174,0.1172,0.1255,2.1705,,2069160.0,1785260.0,643390.0,5338440.0,4605980.0,
603050.SH,20260820,18.49,1.0166,2.16,0.72,28.9072,32.7566,3.886,1.6995,1.7173,0.7309,1.0727,40331.9,40331.9,18981.6,745737.0,745737.0,
301057.SZ,20260820,21.44,3.301,5.03,1.61,71.4204,64.1244,3.1939,2.6365,2.5378,0.9225,0.9225,11696.9,8101.73,5316.78,250783.0,173701.0,
002796.SZ,20260820,29.89,4.6397,6.754,1.26,,,9.0699,7.9851,8.0102,,,25236.7,22770.4,15642.2,754325.0,680606.0,
300920.SZ,20260820,33.7,2.9094,4.1249,1.09,162.457,174.07,3.7166,10.3837,10.5608,0.2283,0.2283,13000.0,8634.89,6090.41,438100.0,290996.0,
000909.SZ,20260820,4.28,0.6416,1.0955,0.94,,,3.0982,6.9471,7.688,,,43771.4,43771.1,25634.2,187342.0,187340.0,
300931.SZ,20260820,15.65,5.1139,6.4738,0.66,,,6.4465,9.1008,9.4471,,,24317.1,19550.1,15443.5,380563.0,305960.0,
301197.SZ,20260820,24.42,1.9609,2.7137,1.02,92.8776,128.734,2.228,6.3575,6.6897,0.3961,0.1953,12054.0,10874.9,7858.25,294359.0,265566.0,
688466.SH,20260820,14.08,1.3877,3.4015,1.86,45.5174,60.2456,1.4908,3.2858,3.6059,2.9119,2.0384,12215.4,12215.4,4983.56,171993.0,171993.0,
002479.SZ,20260820,5.79,4.2278,6.5108,2.5,24.6327,14.8296,1.1357,0.9354,0.8232,2.5907,1.7271,86500.0,86307.3,56043.8,500835.0,499719.0,
600399.SH,20260820,4.25,1.2854,1.863,0.79,,,1.5933,1.0768,1.0276,0.4214,,197210.0,197210.0,136070.0,838142.0,838142.0,
300496.SZ,20260820,57.46,2.3696,2.5834,0.63,58.938,57.6809,2.5488,3.4109,3.2925,0.1004,0.3206,46171.7,36956.7,33897.9,2653030.0,2123530.0,
300381.SZ,20260820,6.46,2.1205,3.0196,0.99,,,1.2087,3.7271,3.6818,1.548,0.774,48017.4,47845.3,33599.5,310192.0,309081.0,
001270.SZ,20260820,100.16,6.2912,11.8531,1.41,176.283,150.941,13.0494,51.0215,49.226,,0.1997,20611.5,20480.3,10870.2,2064450.0,2051310.0,
002556.SZ,20260820,5.18,1.6941,2.7433,0.88,25.0071,24.7922,1.3353,0.3201,0.3144,4.7447,2.8468,93494.1,93404.1,57679.7,484299.0,483833.0,
601599.SH,20260820,3.04,1.4006,1.8208,0.97,26.5836,31.6624,2.3039,1.0924,1.0884,,,116054.0,116054.0,89272.5,352805.0,352805.0,
002931.SZ,20260820,47.23,5.2336,10.1119,1.09,454.857,1925.6,10.1079,20.7184,20.0637,0.1059,0.1059,21850.6,20257.6,10484.7,1032000.0,956766.0,
002376.SZ,20260820,6.75,2.0619,2.8901,0.66,72.6403,68.5729,1.4351,1.9622,1.869,2.9013,2.9013,81056.3,78713.3,56157.1,547130.0,531315.0,
301272.SZ,20260820,34.28,1.5586,8.0809,0.91,55.2726,54.1077,1.9619,3.5282,3.4001,1.9724,1.2182,5850.23,3701.38,713.908,200546.0,126883.0,
300887.SZ,20260820,7.28,5.5918,8.7266,1.45,,,1.4439,2.9106,2.8867,,,54573.3,36219.7,23208.9,397294.0,263680.0,
002224.SZ,20260820,3.67,2.3145,2.8585,2.01,180.259,,1.0293,3.1495,3.0373,0.8174,0.4046,90211.6,80638.0,65291.6,331077.0,295942.0,
000333.SZ,20260820,85.38,0.3834,0.5585,1.12,14.7919,14.7074,2.7982,1.4241,1.414,4.6816,4.9288,761344.0,686950.0,471568.0,65003500.0,58651800.0,
002125.SZ,20260820,12.68,2.573,4.4535,0.9,35.4066,29.8441,2.3456,4.1547,4.1517,1.2617,0.9069,62952.3,62952.3,36370.9,798235.0,798235.0,
600956.SH,20260820,7.04,0.2615,2.1228,0.96,17.3473,19.9577,1.2811,1.5976,1.7089,2.9987,2.8409,450027.0,234809.0,28924.7,3168190.0,1653050.0,
600025.SH,20260820,9.65,0.1794,1.6069,1.48,21.1415,21.0547,2.534,6.7602,6.6655,2.0023,2.1244,1863110.0,1863110.0,207996.0,17979000.0,17979000.0,
300237.SZ,20260820,1.95,0.5107,0.7002,0.58,,,62.976,1.5686,1.5047,,,144192.0,144190.0,105167.0,281173.0,281171.0,
002510.SZ,20260820,5.46,1.3846,1.6502,0.83,84.1622,92.6363,2.1863,2.3259,2.2935,0.5495,,101514.0,100485.0,84306.8,554266.0,548646.0,
603310.SH,20260820,14.77,0.6543,0.9019,0.63,30.142,28.8379,1.2538,5.5906,4.713,2.0311,1.3541,34534.0,19401.0,14076.0,510067.0,286553.0,
002156.SZ,20260820,63.15,8.0976,10.6274,0.95,78.6376,66.2596,6.1204,3.4324,3.2697,0.0713,0.1283,151760.0,151745.0,115623.0,9583620.0,9582710.0,
600363.SH,20260820,18.36,7.314,9.0573,0.69,17.2403,18.5309,1.8251,2.4769,2.6255,0.2958,,45088.8,45088.8,36410.7,827831.0,827831.0,
688226.SH,20260820,28.96,1.9003,3.2824,0.79,186.661,235.625,3.316,1.4744,1.3993,0.5023,,19608.6,18877.6,10928.8,567864.0,546694.0,
002927.SZ,20260820,16.19,2.562,5.266,0.78,,,3.5883,4.2743,4.2783,0.3088,,22319.2,22071.1,10737.8,361348.0,357331.0,
002803.SZ,20260820,18.54,2.4211,2.6907,0.58,30.6676,26.8297,3.0606,1.2631,1.1752,1.7962,1.8951,45791.7,29756.4,26775.3,848978.0,551684.0,
920186.BJ,20260820,70.81,3.1356,3.1356,0.77,18.7827,15.8672,5.991,12.2754,11.6292,,,22383.9,11707.6,11707.6,1585000.0,829013.0,
000969.SZ,20260820,16.46,1.5678,2.4291,0.67,47.3902,45.3198,2.9387,2.1801,2.0219,1.2153,1.2151,105052.0,104135.0,67213.8,1729150.0,1714060.0,
920592.BJ,20260820,20.07,5.5598,8.4849,1.28,,,4.8844,8.7082,8.2298,0.7665,,8079.5,5028.57,3295.04,162156.0,100923.0,
301360.SZ,20260820,55.79,19.8311,19.8311,3.77,91.572,78.8765,3.2575,9.2138,8.1594,0.4795,0.4795,6978.56,3405.45,3405.45,389334.0,189990.0,
688566.SH,20260820,26.96,2.2137,7.4606,1.44,20.7247,21.3394,2.1849,5.6121,5.4727,1.9128,1.9208,20110.2,20110.2,5967.05,542170.0,542170.0,
300295.SZ,20260820,11.79,1.8462,2.1016,0.64,,,2.0624,20.6978,16.5557,,,18961.4,16767.9,14730.2,223555.0,197694.0,
301638.SZ,20260820,22.16,2.2396,2.2396,0.43,111.879,101.127,6.2793,9.7628,9.1951,,0.2708,317965.0,25023.4,25023.4,7046100.0,554519.0,
002793.SZ,20260820,5.31,4.0572,6.5425,0.99,,,5.251,2.5402,2.4332,,,108759.0,108593.0,67342.0,577510.0,576631.0,
603406.SH,20260820,29.02,10.4349,10.4349,1.73,26.2699,24.7403,2.4602,3.3141,3.4191,1.7229,1.7229,40001.0,5871.98,5871.98,1160830.0,170405.0,
300015.SZ,20260820,8.58,0.9052,1.67,1.07,24.6247,23.6691,3.4624,3.5696,3.5114,1.864,2.0934,929956.0,795717.0,431315.0,7979030.0,6827250.0,
002283.SZ,20260820,8.83,1.1949,1.5435,0.52,27.3546,24.257,1.6112,2.4717,2.3208,2.7881,3.0057,113946.0,100283.0,77636.1,1006140.0,885496.0,
600351.SH,20260820,7.15,4.7407,5.4886,0.95,15.4612,15.3082,1.7539,2.2088,2.2033,4.2443,4.8951,69200.0,69200.0,59770.0,494780.0,494780.0,
600318.SH,20260820,6.51,1.7429,2.2812,0.94,93.5559,78.3661,3.0087,9.4705,8.924,0.3072,0.3072,51272.8,51272.8,39172.8,333786.0,333786.0,
301318.SZ,20260820,20.66,1.2323,2.485,1.25,32.7306,59.4561,1.4796,3.8925,4.1013,1.8093,2.0706,13529.9,9318.12,4620.9,279528.0,192512.0,
300608.SZ,20260820,10.02,2.3396,3.4783,0.76,,,2.7597,5.6544,5.3099,,,34802.9,30436.6,20472.7,348725.0,304975.0,
603737.SH,20260820,25.17,2.1382,6.4824,1.52,28.7582,28.7017,7.4278,1.7789,1.7366,2.4122,1.8805,88538.1,88538.1,29203.7,2228500.0,2228500.0,
300503.SZ,20260820,70.19,8.0555,10.775,0.84,181.416,75.064,13.6377,13.5662,10.5131,0.075,0.1425,30822.7,24121.4,18033.3,2163440.0,1693080.0,
002252.SZ,20260820,5.03,1.2886,1.8441,1.81,21.0278,24.994,1.0196,4.5128,4.8398,0.6555,0.9568,659267.0,658826.0,460368.0,3316110.0,3313890.0,
001332.SZ,20260820,30.73,1.6639,2.878,0.78,20.9131,17.4625,1.7878,4.025,3.5426,1.8544,1.8595,15468.6,6720.49,3885.49,475350.0,206521.0,
688121.SH,20260820,1.87,4.8798,6.9853,1.23,,,0.1944,0.2363,0.2412,,,23361.4,20266.7,14157.9,43685.8,37898.7,
300303.SZ,20260820,6.97,2.3498,2.696,0.68,32.3803,34.5993,2.5694,2.8629,2.8919,1.8524,1.7072,141681.0,132865.0,115803.0,987513.0,926067.0,
301119.SZ,20260820,21.44,1.0836,2.8615,0.62,27.6906,31.1182,2.9247,6.7977,6.6474,3.065,0.3998,14560.0,11775.4,4459.0,312166.0,252465.0,
000400.SZ,20260820,21.86,2.5729,4.1535,1.72,19.0772,23.4595,1.8011,1.4853,1.4776,2.1548,2.0997,101862.0,101507.0,62877.9,2226710.0,2218930.0,
300279.SZ,20260820,5.62,2.1598,2.9318,1.25,42.4815,75.0363,2.6281,1.5023,1.5608,,,48909.9,48694.4,35871.8,274874.0,273663.0,
301312.SZ,20260820,69.63,5.9296,8.119,0.74,155.66,180.845,9.4989,19.3464,18.3751,0.2972,0.3098,16852.0,8477.39,6191.38,1173410.0,590281.0,
920634.BJ,20260820,16.32,2.0475,3.5487,0.77,58.8059,61.351,3.5606,1.2677,1.2496,0.6113,0.6127,6390.88,4057.39,2340.95,104299.0,66216.6,
300101.SZ,20260820,14.02,1.029,1.4556,0.73,281.277,507.718,4.5177,8.3364,8.7483,0.5213,,56790.6,56597.9,40011.9,796204.0,793503.0,
300133.SZ,20260820,6.84,2.8988,3.8246,0.86,67.0918,71.1312,1.741,4.5338,4.8658,0.4825,0.1607,187481.0,166294.0,126040.0,1282370.0,1137450.0,
688552.SH,20260820,25.97,0.611,1.9523,0.62,274.115,,3.3915,10.8101,17.2711,,0.1117,33724.8,33724.8,10554.9,875833.0,875833.0,
000553.SZ,20260820,5.5,0.4098,2.5569,1.09,,,0.7266,0.4427,0.4512,,,232981.0,217707.0,34893.4,1281400.0,1197390.0,
600035.SH,20260820,3.38,0.7079,1.5377,1.3,10.0801,10.8314,0.5979,0.8279,0.8482,5.0296,4.7337,161012.0,161012.0,74122.5,544219.0,544219.0,
000905.SZ,20260820,8.51,0.932,1.948,0.72,63.7965,63.965,1.4313,0.5931,0.5697,0.6217,0.9504,154231.0,74180.8,35490.0,1312500.0,631278.0,
601010.SH,20260820,1.42,0.5573,0.7975,0.49,,,0.6219,1.707,1.7833,7.3333,1.3968,180870.0,180870.0,126397.0,256835.0,256835.0,
605186.SH,20260820,26.36,1.0356,2.0818,0.52,116.461,116.511,3.2404,10.3766,10.4084,,,13600.0,13600.0,6765.18,358496.0,358496.0,
002423.SZ,20260820,9.05,0.7327,1.9687,1.45,18.4081,20.6227,0.8742,103.522,114.322,1.7459,1.6354,230411.0,230411.0,85756.2,2085220.0,2085220.0,
603273.SH,20260820,14.35,2.7152,2.7152,0.67,121.518,111.579,3.4844,6.0897,6.5893,0.3813,0.3466,21543.3,5605.84,5605.84,309147.0,80443.8,
920207.BJ,20260820,21.36,2.7995,4.1771,0.57,2507.72,86.3084,6.7647,4.7264,4.1712,,0.7022,9219.5,5631.45,3774.27,196929.0,120288.0,
300366.SZ,20260820,5.19,1.458,1.5283,1.28,,,2.7406,4.2202,4.6955,,,60757.6,53050.2,50609.4,315332.0,275331.0,
601577.SH,20260820,9.54,0.5399,0.9243,1.54,4.7321,4.6599,0.52,1.5063,1.4839,6.499,4.5073,402155.0,402068.0,234876.0,3836560.0,3835730.0,
688286.SH,20260820,51.28,19.5233,24.1651,1.81,111.586,,3.8762,6.472,7.1255,,0.374,7831.35,7831.35,6327.05,401592.0,401592.0,
600376.SH,20260820,3.51,5.7392,12.1223,0.86,,,3.8459,0.3008,0.2908,,,257957.0,257957.0,122127.0,905427.0,905427.0,
002067.SZ,20260820,4.02,5.4175,5.6041,1.09,106.908,59.2352,0.8867,0.9862,0.9483,,0.2488,147485.0,133760.0,129305.0,592891.0,537717.0,
603757.SH,20260820,58.28,2.8832,5.6981,0.42,75.1281,92.9561,5.1232,5.6392,5.687,1.161,1.2011,18654.7,18654.7,9439.2,1087200.0,1087200.0,
600135.SH,20260820,7.25,0.9564,1.7608,0.93,,,1.7032,3.0395,2.9734,,,55330.7,55330.7,30053.1,401148.0,401148.0,
300680.SZ,20260820,20.07,3.0853,3.4185,0.88,24.5647,24.6181,2.844,2.2309,2.252,0.769,0.7665,29411.4,22636.6,20430.2,590287.0,454316.0,
000688.SZ,20260820,30.76,1.2924,3.6826,0.79,33.8628,53.0915,12.1485,7.5849,6.7308,,0.4226,118507.0,118506.0,41589.6,3645270.0,3645260.0,
300222.SZ,20260820,10.1,2.4422,2.6134,0.74,97.8107,80.8001,4.3542,2.5797,2.4114,,0.394,78222.1,65211.4,60939.5,790043.0,658635.0,
300220.SZ,20260820,10.85,1.2975,2.544,0.84,1089.29,,27.0595,6.522,6.6853,,,15120.0,15101.9,7702.1,164052.0,163856.0,
605577.SH,20260820,9.95,2.6046,12.6702,1.27,19.7353,18.5277,1.0978,2.9136,2.8453,1.5075,1.608,44444.4,44444.4,9136.44,442222.0,442222.0,
000722.SZ,20260820,12.93,1.5745,3.2486,0.5,102.41,91.2294,2.3318,21.1579,21.1302,0.3141,0.3141,57135.5,46415.8,22497.0,738762.0,600157.0,
605305.SH,20260820,37.08,1.4795,2.0561,1.0,14.8589,14.0561,2.572,4.195,3.9398,2.2114,2.0227,21252.0,21252.0,15291.6,788024.0,788024.0,
002323.SZ,20260820,1.27,1.4727,1.7768,1.03,,,14.0554,9.1895,9.9636,,,212086.0,212049.0,175752.0,269349.0,269302.0,
605277.SH,20260820,14.77,1.1371,2.2986,0.73,26.0326,26.3664,3.2907,1.4637,1.4214,0.8471,1.1848,38878.5,38619.6,19105.0,574236.0,570412.0,
301198.SZ,20260820,12.33,1.7352,3.3794,1.01,,,2.3024,4.8512,4.7616,,,16900.0,15555.4,7987.14,208377.0,191799.0,
600234.SH,20260820,21.53,0.8174,1.5438,0.66,,,12.5549,14.7182,14.2574,,,26252.1,26252.1,13899.9,565208.0,565208.0,
002717.SZ,20260820,0.98,2.0911,2.2235,0.86,,,,15.9146,21.1879,,,182023.0,171855.0,161626.0,178383.0,168418.0,
000523.SZ,20260820,3.53,15.0114,40.5409,3.48,81.6416,56.3799,3.3061,3.0576,3.0661,,,183547.0,132516.0,49067.6,647920.0,467782.0,
688350.SH,20260820,28.92,0.8924,1.3365,0.74,272.356,143.539,2.2286,2.9817,2.9285,,0.2519,14324.5,14324.5,9564.35,414263.0,414263.0,
002206.SZ,20260820,5.21,0.6133,0.8608,0.95,11.7703,12.1616,1.4679,1.0377,1.0638,3.3517,3.8158,116203.0,105697.0,75299.3,605416.0,550682.0,
600540.SH,20260820,4.07,8.0879,13.4792,1.08,,,6.149,0.7856,0.6571,,,58137.7,58137.7,34884.2,236620.0,236620.0,
300481.SZ,20260820,14.19,3.0046,4.6645,0.58,31.5344,33.6943,1.706,2.9363,2.8531,2.8189,2.8189,29185.5,29005.2,18683.3,414143.0,411584.0,
002948.SZ,20260820,5.98,1.5971,1.8165,1.66,6.7092,6.3818,0.818,2.3884,2.341,2.6756,3.01,582036.0,352219.0,309669.0,3480570.0,2106270.0,
688377.SH,20260820,20.34,0.7007,1.0929,0.84,39.8028,41.1505,2.4847,3.9348,3.906,0.5716,0.8194,23357.1,23357.1,14975.0,475084.0,475084.0,
300689.SZ,20260820,53.35,2.828,5.7584,1.05,401.211,853.475,8.837,14.888,13.4114,,0.0836,11560.0,10174.4,4996.66,616726.0,542804.0,
601799.SH,20260820,88.3,1.0753,2.3527,1.17,15.5321,15.2224,2.1802,1.6534,1.6178,1.6906,2.2426,28567.9,28567.9,13056.8,2522550.0,2522550.0,
000680.SZ,20260820,10.39,1.2707,1.8617,0.84,12.871,11.8092,2.3367,1.0661,0.9806,1.1986,1.2874,150014.0,131457.0,89725.3,1558650.0,1365840.0,
920068.BJ,20260820,15.58,1.2483,3.1703,,72.9876,111.826,7.6098,16.1874,18.811,0.6418,1.2837,65560.0,17368.3,6838.86,1021420.0,270597.0,
688022.SH,20260820,8.38,1.2273,1.6638,1.14,45.6122,73.0911,2.2334,1.9441,2.0581,,,17587.8,17587.8,12973.9,147386.0,147386.0,
000818.SZ,20260820,11.96,2.5384,3.4817,0.74,,,3.6032,1.9144,2.3531,,,66000.0,65821.1,47987.9,789360.0,787221.0,
301380.SZ,20260820,30.6,5.9346,10.487,1.66,72.111,83.2406,4.107,2.8326,2.7684,0.7888,0.6536,10139.2,8073.86,4569.04,310261.0,247060.0,
300030.SZ,20260820,7.01,4.2313,5.4565,1.31,149.163,72.0576,3.3282,4.4573,4.6076,,,30918.7,27222.8,21110.1,216740.0,190832.0,
002430.SZ,20260820,22.87,1.157,2.8674,0.92,23.5812,22.6495,2.222,1.4835,1.4422,1.7564,1.749,97836.0,97793.8,39459.4,2237510.0,2236540.0,
603927.SH,20260820,13.26,1.0719,1.6108,0.82,49.2068,49.1203,3.4703,1.828,1.8539,2.9412,2.2624,83104.0,83104.0,55297.1,1101960.0,1101960.0,
301099.SZ,20260820,49.45,5.147,6.7183,0.79,74.0941,50.4194,6.5093,1.4129,1.25,0.348,0.4523,18892.6,11497.4,8808.32,934237.0,568549.0,
301458.SZ,20260820,38.1,5.1267,5.1267,0.71,77.4452,75.9745,5.9736,13.0426,12.5041,0.5197,0.9186,26666.7,11748.2,11748.2,1016000.0,447606.0,
000099.SZ,20260820,13.8,0.7483,1.2194,0.79,34.6832,34.4683,1.9163,4.7892,4.7745,1.3623,1.1594,77577.0,77577.0,47609.6,1070560.0,1070560.0,
002062.SZ,20260820,7.83,1.5701,2.4819,0.68,34.6371,37.0026,1.9499,1.6859,1.7255,1.2643,1.2446,123727.0,112470.0,71150.3,968783.0,880641.0,
002374.SZ,20260820,3.05,1.2367,1.5225,0.8,,,6.1856,5.9405,5.9844,,,108521.0,108521.0,88148.8,330989.0,330989.0,
688049.SH,20260820,39.67,2.0516,2.6676,0.56,34.1302,32.962,3.3345,7.5702,7.2138,0.7277,0.8994,17601.6,17601.6,13537.4,698256.0,698256.0,
301617.SZ,20260820,49.01,3.4346,3.9297,1.3,49.4189,49.8402,4.7266,5.8133,5.7057,1.0383,0.6278,17373.2,6895.2,6026.55,851461.0,337934.0,
000403.SZ,20260820,11.04,2.0144,3.2566,1.2,25.0256,29.7112,1.2936,3.9855,4.0342,2.4387,,95039.7,94068.4,58185.9,1049240.0,1038520.0,
300706.SZ,20260820,52.28,5.8646,8.3653,0.67,,,11.6363,5.6254,5.1714,,,15353.6,11383.1,7980.2,802688.0,595106.0,
003027.SZ,20260820,16.43,1.5288,2.1828,1.05,29.0322,30.3649,1.2372,2.9679,3.342,1.785,1.8029,13072.3,10486.1,7344.13,214778.0,172287.0,
603083.SH,20260820,179.09,8.8808,10.1894,0.74,250.298,188.224,8.7205,13.6729,12.6428,0.144,0.1809,36825.0,27558.8,24019.5,6595000.0,4935510.0,
300666.SZ,20260820,249.05,6.4349,7.1275,0.87,137.598,124.504,13.2603,14.9281,14.0005,0.1177,0.1484,27597.1,22111.6,19963.0,6873060.0,5506890.0,
000619.SZ,20260820,4.85,1.4234,2.1385,1.1,,,0.8618,0.4713,0.4715,,,44116.9,36000.0,23962.1,213967.0,174600.0,
001896.SZ,20260820,11.82,3.0823,8.0796,0.49,46.2004,48.0479,5.0614,1.606,1.6738,,,152578.0,152578.0,58208.1,1803470.0,1803470.0,
688113.SH,20260820,35.92,1.0961,1.8181,1.36,25.6659,23.8333,2.2882,4.6498,4.4042,1.1942,1.1886,6439.76,6439.76,3882.54,231316.0,231316.0,
603668.SH,20260820,10.16,1.1013,1.5705,0.56,,,2.4243,0.8564,0.8489,,,50579.7,50579.7,35468.0,513889.0,513889.0,
600929.SH,20260820,5.27,1.0147,2.7484,1.1,112.227,147.752,1.1428,1.5944,1.6027,1.6515,0.2846,164011.0,164011.0,60550.7,864340.0,864340.0,
002311.SZ,20260820,46.4,0.448,0.9968,1.03,17.9475,19.7733,3.0208,0.598,0.5826,2.8154,2.789,165563.0,165404.0,74344.8,7682130.0,7674730.0,
301065.SZ,20260820,19.43,2.0,3.484,0.99,26.1311,27.7713,1.4864,3.2261,3.2262,1.0017,1.5025,10602.0,8628.75,4953.38,205997.0,167657.0,
002578.SZ,20260820,3.75,4.9685,8.486,0.78,,,2.3349,1.8557,1.7982,,,93863.0,86116.3,50421.2,351986.0,322936.0,
600337.SH,20260820,3.12,1.4079,2.6212,1.43,,,11.4266,1.7165,1.9025,0.3841,,143700.0,143700.0,77187.1,448343.0,448343.0,
920670.BJ,20260820,12.6,1.9474,2.3646,0.85,163.476,391.934,5.5251,13.4253,13.7232,,0.4762,10618.2,6663.36,5487.71,133790.0,83958.3,
002762.SZ,20260820,10.21,3.632,4.6742,0.35,,,5.407,9.3604,9.0805,0.4897,0.4897,35402.5,21137.8,16424.9,361460.0,215817.0,
300808.SZ,20260820,19.02,1.2905,2.452,0.72,,,3.2758,10.1037,10.4429,,,16000.0,11890.0,6257.68,304320.0,226147.0,
920139.BJ,20260820,14.66,1.0084,1.7946,0.64,,,3.8179,12.4929,12.4278,,,26950.7,26035.9,14629.3,395098.0,381687.0,
002186.SZ,20260820,9.47,1.1467,2.0441,0.83,374.958,281.694,3.4061,2.3164,2.3147,,,30692.2,30680.2,17211.0,290655.0,290541.0,
002375.SZ,20260820,3.65,1.0236,2.1801,0.94,14.8231,14.8711,0.5876,0.5364,0.5454,1.8588,3.3989,134000.0,132539.0,62230.8,489099.0,483769.0,
600325.SH,20260820,2.39,4.046,5.7507,1.47,,,0.767,0.0788,0.0954,5.1686,0.829,275215.0,275215.0,193631.0,657764.0,657764.0,
600826.SH,20260820,7.87,0.5601,1.5497,1.1,17.4966,16.9077,1.3142,3.5052,3.4781,3.5578,3.8119,72418.4,72418.4,26176.3,569932.0,569932.0,
301565.SZ,20260820,19.49,2.1384,2.6703,0.67,99.6534,97.7281,3.1925,3.6663,3.4937,,,40001.0,12801.0,10251.0,779620.0,249491.0,
603171.SH,20260820,43.34,1.5091,5.7463,0.66,129.263,123.35,6.8359,8.575,8.4156,0.4619,0.461,40634.5,40589.0,10659.4,1761100.0,1759130.0,
301008.SZ,20260820,39.66,10.5187,21.0498,0.71,158.178,232.44,3.4415,4.5293,4.5879,0.2171,0.0706,13096.3,11564.1,5778.66,519400.0,458631.0,
600073.SH,20260820,5.43,1.5914,2.4788,0.69,,,1.0851,0.2301,0.2299,1.2891,,93772.9,93772.9,60202.5,509187.0,509187.0,
002536.SZ,20260820,42.7,6.8338,10.4613,0.83,77.4426,97.3484,6.9884,5.4001,5.4448,0.7026,0.7026,57478.6,54440.1,35562.9,2454340.0,2324590.0,
002683.SZ,20260820,29.85,1.2904,1.8447,0.81,23.6972,23.4529,3.228,1.1136,1.0772,2.1596,2.1594,75988.5,66655.9,46627.0,2268260.0,1989680.0,
001259.SZ,20260820,46.02,2.5305,4.9902,1.14,363.566,272.015,4.6605,7.7952,7.1768,0.3434,0.2576,7358.89,4754.45,2410.94,338656.0,218800.0,
300332.SZ,20260820,4.88,2.998,3.6332,1.44,,,1.0673,1.6095,1.7344,,,84768.9,81246.7,67042.4,413672.0,396484.0,
603583.SH,20260820,23.06,0.6458,1.352,0.5,22.3955,26.5419,1.8906,2.204,2.2116,1.2932,1.3444,38576.1,38224.7,18258.6,889565.0,881462.0,
688279.SH,20260820,168.04,1.6646,3.5779,0.63,88.3537,75.3291,3.7191,24.995,22.6774,0.4573,0.4642,11511.4,9355.81,4352.76,1934380.0,1572150.0,
002690.SZ,20260820,15.56,1.165,1.6879,0.74,19.0893,18.8919,4.5365,5.7035,5.6803,4.4989,4.4987,88222.9,43374.7,29938.1,1372750.0,674910.0,
301500.SZ,20260820,22.73,11.86,11.86,1.76,44.3969,16.4206,2.3589,0.8594,0.6977,0.4099,0.2423,56108.3,14405.1,14405.1,1275340.0,327427.0,
600860.SH,20260820,8.29,1.8926,4.2378,0.42,,,5.7171,2.9704,3.0263,,,54748.6,44404.1,19830.6,453866.0,368110.0,
688265.SH,20260820,44.85,6.9256,22.6651,1.12,111.229,105.681,2.0415,8.3051,8.0839,,0.2762,7796.35,7796.35,2382.25,349666.0,349666.0,
300241.SZ,20260820,5.73,3.2567,3.4739,0.78,62.2693,46.259,1.752,2.2295,1.9809,0.3343,0.5236,71665.0,60046.1,56291.2,410641.0,344064.0,
688592.SH,20260820,24.72,2.142,2.142,0.94,182.263,151.88,3.0199,5.4131,5.1996,0.255,0.221,11614.7,5533.55,5533.55,287115.0,136789.0,
688458.SH,20260820,33.67,2.4385,2.6868,1.31,,,2.0625,6.765,6.871,,,11153.7,9373.16,8506.85,375544.0,315594.0,
002298.SZ,20260820,7.98,3.911,4.0198,0.52,,,3.1653,3.2899,3.4105,,,74011.1,66075.7,64287.1,590608.0,527284.0,
300521.SZ,20260820,23.36,2.9905,3.9834,1.25,,,6.5613,18.0319,17.7577,0.1647,,14973.0,14785.5,11100.2,349769.0,345389.0,
300999.SZ,20260820,25.51,2.3088,2.3088,0.85,43.866,37.4641,1.4188,0.5642,0.5482,0.4351,0.9016,542159.0,54264.7,54264.7,13830500.0,1384290.0,
002625.SZ,20260820,28.31,0.591,0.821,0.55,88.7934,85.5997,6.2386,29.8166,27.7799,,0.1233,215459.0,215457.0,155107.0,6099640.0,6099590.0,
300459.SZ,20260820,3.5,2.8627,2.9311,1.04,,,16.7161,13.286,13.4033,,,351581.0,328719.0,321050.0,1230530.0,1150520.0,
300810.SZ,20260820,23.66,1.1954,2.1552,0.89,,,3.6248,8.8482,8.4025,0.0835,0.0835,11805.0,11400.4,6323.33,279306.0,269735.0,
000623.SZ,20260820,18.16,1.3059,1.7999,1.32,9.0669,7.9134,0.6896,9.3001,9.7534,2.6992,2.6992,119590.0,119097.0,86411.3,2171750.0,2162800.0,
688010.SH,20260820,26.18,2.099,4.1222,0.83,332.383,290.507,2.4523,6.2168,6.2575,0.2154,,16056.2,16056.2,8175.65,420350.0,420350.0,
002522.SZ,20260820,5.14,5.5826,7.4456,2.02,79.9105,78.9645,1.9978,2.896,2.8227,0.4864,0.3891,90577.9,90502.0,67857.5,465571.0,465180.0,
002729.SZ,20260820,13.56,1.8323,2.5098,0.81,51.4261,61.246,4.3786,5.8375,5.8956,0.413,0.2065,18297.0,17546.1,12809.5,248107.0,237925.0,
002296.SZ,20260820,8.77,1.8088,1.8807,0.77,18.2603,20.0272,1.3703,3.8891,4.0359,2.2805,1.4823,38958.0,34741.5,33413.1,341662.0,304683.0,
603020.SH,20260820,10.05,0.9302,1.4833,0.53,43.5195,43.131,1.1393,1.5287,1.5168,1.791,0.995,37563.8,37563.8,23555.4,377516.0,377516.0,
300410.SZ,20260820,7.8,3.4787,4.4671,0.72,77.8635,71.4654,10.3827,3.2943,3.0759,,,36711.5,36711.5,28588.4,286350.0,286350.0,
000408.SZ,20260820,77.1,0.9966,2.2412,1.0,31.3999,21.2581,7.0341,33.8193,30.5194,1.297,3.2394,156891.0,156890.0,69763.1,12096300.0,12096200.0,
002207.SZ,20260820,5.65,2.1066,3.0155,0.69,,,172.245,4.991,4.463,,,26205.5,26081.2,18219.6,148061.0,147359.0,
000529.SZ,20260820,5.0,0.7939,1.7917,0.89,23.7549,27.3409,0.9067,1.414,1.4127,2.4,2.4,58379.0,56988.4,25250.7,291895.0,284942.0,
002234.SZ,20260820,7.83,2.8318,3.9079,1.52,,,1.6051,1.2641,1.2631,,,34896.0,30140.9,21841.0,273236.0,236003.0,
603557.SH,20260820,3.66,0.543,0.8075,0.92,,,40.7754,14.4127,6.4294,,,62343.7,62343.7,41926.7,228178.0,228178.0,
300269.SZ,20260820,4.76,2.0025,2.3815,0.77,305.075,,31.3393,5.087,5.4575,,,54697.6,52564.5,44199.6,260360.0,250207.0,
600986.SH,20260820,7.06,2.7974,3.228,0.44,122.783,,2.0352,1.2578,1.3027,,,148737.0,148737.0,128898.0,1050090.0,1050090.0,
301076.SZ,20260820,20.19,1.9335,2.2724,0.85,69.1585,69.6251,3.8255,10.3802,10.4083,0.6716,0.7592,22816.9,15254.6,12979.2,460674.0,307990.0,
920267.BJ,20260820,16.22,4.0262,5.765,0.57,,,3.1935,1.4978,1.5747,1.233,,4748.29,2717.7,1897.98,77017.3,44081.2,
300036.SZ,20260820,11.04,1.7489,1.791,0.79,116.13,112.43,2.062,3.6049,3.7256,,0.2662,49276.7,44505.3,43459.6,544014.0,491338.0,
600602.SH,20260820,18.97,3.2011,5.7124,0.39,133.924,132.266,5.2725,4.0871,4.0621,0.2372,0.2267,136767.0,107430.0,60201.7,2594480.0,2037950.0,
603323.SH,20260820,4.21,1.6903,1.9551,1.52,4.5749,4.5257,0.4827,2.219,2.2118,5.4769,4.5347,222040.0,222040.0,191972.0,934787.0,934787.0,
301276.SZ,20260820,20.9,3.651,4.9732,0.95,25.6655,24.3538,1.2469,2.4221,2.3205,2.8708,2.3923,12960.0,7226.76,5305.39,270864.0,151039.0,
603950.SH,20260820,57.04,2.1329,5.7965,0.76,47.5296,46.9067,5.9717,8.1972,8.1984,0.3775,0.2276,32413.1,32386.9,11916.9,1848840.0,1847350.0,
688071.SH,20260820,32.74,1.9155,2.8191,0.55,,,2.744,5.4428,5.2873,,,8478.97,8478.97,5761.23,277601.0,277601.0,
000035.SZ,20260820,4.57,1.0106,1.4595,0.82,38.4339,37.7012,1.0143,2.0656,2.0908,0.7702,0.7877,238803.0,231303.0,160164.0,1091330.0,1057050.0,
002589.SZ,20260820,3.38,17.9433,21.9225,0.94,316.462,354.303,0.9567,0.6971,0.7018,0.1167,0.0578,150471.0,136559.0,111772.0,508592.0,461570.0,
300111.SZ,20260820,3.12,6.9158,9.8769,2.35,,,5.933,14.7904,15.8198,,,128721.0,128721.0,90130.2,401610.0,401610.0,
603707.SH,20260820,8.53,2.1421,6.8441,3.12,23.6984,23.5246,1.9851,3.4534,3.4162,1.1723,1.1709,161565.0,161565.0,50567.3,1378150.0,1378150.0,
000538.SZ,20260820,50.21,0.4041,0.9227,0.92,17.3839,17.0444,2.1282,2.1751,2.1357,4.3896,5.1822,178426.0,177293.0,77644.2,8958780.0,8901900.0,
000737.SZ,20260820,14.06,4.1111,8.3866,1.0,33.8727,25.8862,3.6017,0.9593,0.8605,0.7824,0.9957,190472.0,190454.0,93359.6,2678030.0,2677780.0,
002673.SZ,20260820,6.49,0.4273,0.807,0.83,16.5412,16.6033,0.9503,4.847,4.6841,1.8465,1.8465,446958.0,446958.0,236671.0,2900760.0,2900760.0,
920066.BJ,20260820,17.45,5.3464,5.3464,3.22,38.771,31.746,2.6418,2.415,2.2554,2.0467,0.5731,6285.33,1987.33,1987.33,109679.0,34679.0,
002827.SZ,20260820,57.78,6.0941,14.3735,0.91,80.8427,99.2658,15.0157,8.7595,8.9545,0.3798,0.3634,27704.6,27599.9,11701.8,1600770.0,1594720.0,
000576.SZ,20260820,7.13,1.5475,2.4172,1.04,41.0738,44.1989,1.8839,6.156,5.3776,,,43641.8,43381.5,27772.8,311166.0,309310.0,
000906.SZ,20260820,5.33,0.6771,1.2643,0.89,16.9835,17.4077,0.764,0.0161,0.0157,3.7465,2.439,70966.3,70124.0,37558.1,378250.0,373761.0,
688157.SH,20260820,19.31,1.2663,2.6843,1.03,179.787,380.826,2.6911,5.0196,5.2231,0.7155,0.1726,18771.7,18771.7,8855.68,362482.0,362482.0,
600395.SH,20260820,5.25,1.831,3.9336,1.25,34.2028,23.5083,1.052,1.1545,1.1524,0.7619,1.1429,214662.0,214662.0,99920.1,1126980.0,1126980.0,
002320.SZ,20260820,6.49,0.5803,2.1347,0.84,83.8059,79.99,3.5215,2.8341,2.7961,0.6144,0.6163,223580.0,223580.0,60779.8,1451030.0,1451030.0,
001296.SZ,20260820,19.48,2.3041,3.208,0.79,23.51,27.667,1.5994,2.5064,2.4498,3.0252,2.0365,14959.1,8098.27,5816.47,291403.0,157754.0,
603233.SH,20260820,18.19,0.4372,1.1066,0.71,16.7706,16.1038,2.6968,0.7532,0.7528,3.5523,4.536,113885.0,113885.0,44992.3,2071580.0,2071580.0,
300569.SZ,20260820,4.69,1.0012,1.295,1.03,43.8503,49.1587,0.9156,1.2121,1.1406,0.2091,0.5854,102273.0,101965.0,78833.1,479659.0,478215.0,
688475.SH,20260820,29.62,0.4974,2.5763,0.9,41.1696,34.6208,3.9636,3.9527,3.836,1.1816,1.3504,78750.0,78750.0,15204.4,2332580.0,2332580.0,
601388.SH,20260820,3.31,1.0073,1.8794,0.71,42.9008,34.9683,1.5536,0.959,0.9489,,0.7553,220122.0,220122.0,117976.0,728605.0,728605.0,
920005.BJ,20260820,23.63,0.5277,0.879,0.37,32.8259,38.7376,3.1335,4.3478,4.005,2.5391,4.3523,8300.0,3831.17,2300.0,196129.0,90530.6,
000155.SZ,20260820,11.76,1.1288,1.8646,0.51,43.2063,40.775,2.0207,6.0315,5.4494,1.4456,1.4456,184617.0,184617.0,111765.0,2171090.0,2171090.0,
920455.BJ,20260820,5.91,0.9331,1.554,1.02,38.5157,37.9285,2.9729,6.5025,6.1073,3.0457,2.3689,17745.0,9731.14,5842.99,104873.0,57511.1,
300056.SZ,20260820,8.49,1.6383,1.8,0.52,,,45.6675,8.507,8.5786,,,38549.0,38519.8,35060.0,327281.0,327033.0,
600366.SH,20260820,11.75,2.8759,4.3524,0.64,39.0349,25.9788,2.0115,2.3633,2.0016,0.4167,0.8418,109904.0,109904.0,72621.2,1291370.0,1291370.0,
600903.SH,20260820,6.16,1.6277,4.6805,0.57,152.143,93.1325,2.3427,1.0797,1.1335,0.8065,0.46,116399.0,116399.0,40479.3,717015.0,717015.0,
600560.SH,20260820,11.1,0.9066,1.5892,1.08,48.1067,49.1274,2.5147,3.1338,3.0529,0.6396,0.6414,22364.6,22364.6,12758.4,248246.0,248246.0,
002528.SZ,20260820,5.12,1.2229,2.6093,0.76,,,,12.4042,13.6707,,,119868.0,105022.0,49219.2,613722.0,537712.0,
001316.SZ,20260820,26.04,0.8525,2.3502,0.59,22.8229,19.942,3.0767,3.4489,3.2866,1.67,2.1507,16116.2,15036.8,5454.66,419665.0,391558.0,
601108.SH,20260820,8.38,1.6212,2.3983,0.63,14.7838,13.1483,1.0204,5.6217,5.1858,2.0108,1.3011,464377.0,464377.0,313899.0,3891480.0,3891480.0,
300140.SZ,20260820,5.38,0.318,1.3925,0.77,19.1386,18.2486,1.1538,2.7847,2.8217,2.2305,2.2305,309907.0,309527.0,70680.2,1667300.0,1665250.0,
600099.SH,20260820,9.0,1.1714,2.0233,0.86,80.3202,78.1922,3.5792,1.7433,1.6624,0.3333,0.5,21912.0,21912.0,12686.3,197208.0,197208.0,
300930.SZ,20260820,25.18,2.588,4.1342,0.95,44.7106,41.3241,2.6618,3.2404,2.8795,0.3971,0.3971,10000.0,4712.5,2950.0,251800.0,118661.0,
002051.SZ,20260820,8.33,1.3634,3.8097,0.74,32.5139,38.1951,0.8901,0.8832,0.8638,1.514,1.323,122648.0,122641.0,43891.3,1021660.0,1021600.0,
002573.SZ,20260820,3.19,0.9572,2.0113,0.42,,,0.8218,0.4955,0.508,,,141527.0,141300.0,67248.3,451470.0,450748.0,
002785.SZ,20260820,32.5,1.5053,1.8228,0.64,,,9.2611,6.6475,6.8242,,,22662.0,19349.5,15978.7,736514.0,628859.0,
300384.SZ,20260820,12.84,3.0128,4.3117,1.58,18.3058,21.6967,1.4426,4.9787,5.6306,1.7134,1.4019,31900.7,22011.3,15380.3,409605.0,282626.0,
002918.SZ,20260820,9.99,4.8498,7.3965,0.7,77.9004,43.641,1.2642,1.041,1.0551,2.0019,0.8008,40882.0,21420.5,14045.3,408411.0,213991.0,
300326.SZ,20260820,6.03,0.8119,1.0317,0.97,32.0536,24.1249,1.4826,4.4894,4.9741,,1.6584,71701.3,71671.8,56401.5,432359.0,432181.0,
003022.SZ,20260820,20.26,0.8228,3.1771,1.07,88.5105,47.3128,3.4682,4.2696,3.0777,0.2962,0.3455,133557.0,133443.0,34559.5,2705860.0,2703560.0,
688188.SH,20260820,102.34,0.5674,1.5928,0.67,37.306,32.9512,6.5467,18.9033,17.5096,1.5353,1.809,40555.7,40555.7,14446.3,4150470.0,4150470.0,
601059.SH,20260820,16.35,0.1464,0.6864,0.87,27.9997,26.9577,2.4664,13.1119,11.9377,0.4526,0.5321,324300.0,324300.0,69160.0,5302300.0,5302300.0,
603722.SH,20260820,29.43,0.8789,1.5113,0.63,,,3.2421,5.9126,5.4377,0.3328,,9772.01,9570.01,5565.38,287590.0,281645.0,
603262.SH,20260820,17.9,2.4688,2.4688,0.64,53.5578,62.7996,4.5597,6.5507,6.7035,,0.4916,40001.0,10434.8,10434.8,716018.0,186783.0,
300320.SZ,20260820,8.6,1.5366,1.8578,0.82,22.252,21.3479,1.9941,1.4369,1.4354,0.4651,0.5814,60123.4,48533.0,40141.4,517061.0,417383.0,
600897.SH,20260820,14.85,0.3606,1.1269,1.43,11.9448,12.1521,1.246,2.9901,2.9829,2.1549,2.5589,41693.4,41693.4,13343.4,619147.0,619147.0,
600618.SH,20260820,10.11,0.8074,2.8688,1.02,13.5528,13.97,1.2274,1.4949,1.4451,2.0772,2.3739,115640.0,74984.0,21103.4,1169120.0,758088.0,
300197.SZ,20260820,2.06,4.3314,5.7596,0.6,,,,6.7843,6.8463,,,296530.0,296522.0,222993.0,610851.0,610836.0,
001213.SZ,20260820,3.52,0.1993,1.1588,1.57,36.8605,41.759,0.8124,1.3076,1.3368,2.3011,1.5511,444444.0,444444.0,76444.4,1564440.0,1564440.0,
301658.SZ,20260820,23.63,2.5779,2.5779,0.56,62.1394,140.325,3.056,3.7855,3.7804,0.5332,0.3089,41237.1,9741.67,9741.67,974433.0,230196.0,
300541.SZ,20260820,9.58,1.4024,1.4024,0.43,34.4991,98.234,2.4424,1.1495,1.1751,0.1879,0.7307,43004.4,38804.5,38804.5,411983.0,371748.0,
002318.SZ,20260820,19.28,0.6426,1.0035,0.83,12.4819,12.4362,2.0663,1.5624,1.6822,4.8842,5.1724,97717.1,95402.5,61085.8,1883990.0,1839360.0,
301187.SZ,20260820,14.79,0.6568,2.2163,0.67,36.078,69.7117,2.5745,1.9035,1.7709,3.213,1.3492,25493.4,25493.4,7554.41,377047.0,377047.0,
600307.SH,20260820,1.42,0.3204,0.7777,0.65,,,1.6724,0.2909,0.289,,,626336.0,626336.0,258084.0,889397.0,889397.0,
300853.SZ,20260820,27.2,7.152,7.152,1.25,,,7.7951,12.7998,11.5671,,,14694.9,9831.41,9831.41,399702.0,267414.0,
300896.SZ,20260820,97.12,2.4719,3.8815,1.14,22.7632,25.6542,3.7339,11.9822,12.1291,5.1284,2.0514,30259.2,20445.1,13020.2,2938770.0,1985630.0,
300398.SZ,20260820,35.37,4.9761,6.2874,0.72,51.6451,50.172,3.9979,6.2505,5.934,0.2953,0.3245,57003.3,56693.7,44870.0,2016210.0,2005260.0,
603136.SH,20260820,9.16,1.645,3.072,1.67,25.9582,26.914,1.791,4.8701,4.9158,2.5655,2.1834,27012.7,27012.7,14464.5,247436.0,247436.0,
920418.BJ,20260820,18.05,1.157,2.0773,0.96,19.4589,23.5423,3.1853,4.0419,3.9773,1.6159,1.9391,16249.0,15691.9,8739.68,293294.0,283238.0,
002244.SZ,20260820,9.46,1.9593,4.5336,1.41,13.9082,15.0851,0.972,0.3551,0.4039,0.8668,0.7188,311144.0,275755.0,119172.0,2943430.0,2608640.0,
002567.SZ,20260820,3.7,1.5813,1.7817,1.03,,,1.2758,0.219,0.2245,,,143305.0,143167.0,127058.0,530229.0,529717.0,
600128.SH,20260820,8.26,1.4384,1.9565,1.15,43.0682,35.8308,0.9633,0.2688,0.2892,1.1869,1.7554,25169.9,24676.8,18141.9,207903.0,203830.0,
002174.SZ,20260820,12.3,2.7365,3.3567,0.46,,,2.6557,8.5978,8.6308,,,97981.1,97925.9,79831.1,1205170.0,1204490.0,
301370.SZ,20260820,9.06,1.0879,1.3718,0.95,62.5623,54.4201,1.6997,0.6102,0.6255,0.92,1.3362,47060.0,47060.0,37321.3,426364.0,426364.0,
603271.SH,20260820,42.92,1.6311,1.905,0.86,20.4781,18.5326,2.7945,0.8821,0.8446,1.1682,1.4765,19813.5,9457.6,8097.6,850395.0,405920.0,
002219.SZ,20260820,2.35,5.2736,7.771,0.58,262.161,265.652,4.1063,2.6573,2.8275,,,345192.0,327212.0,222056.0,811202.0,768948.0,
601789.SH,20260820,4.26,3.2098,4.3891,0.31,27.5245,20.5299,1.0334,0.3025,0.3199,1.6736,1.1737,152439.0,108680.0,79479.9,649391.0,462976.0,
603087.SH,20260820,71.87,3.3658,5.4598,0.99,37.5464,41.9249,3.6307,10.5962,10.8829,1.3916,1.3911,59743.2,56115.7,34593.9,4293740.0,4033040.0,
603486.SH,20260820,61.5,1.0579,3.2091,0.98,20.2375,21.0753,3.835,1.8689,1.7718,0.7275,1.4959,57859.8,57335.3,18901.1,3558380.0,3526120.0,
002695.SZ,20260820,11.22,1.4735,3.5541,0.78,76.9462,75.7953,2.2333,3.7286,3.5801,0.9801,0.8913,55958.6,51145.5,21204.1,627855.0,573853.0,
002212.SZ,20260820,6.19,2.9489,2.9489,0.58,98.3639,174.376,0.7661,2.8386,2.9661,0.3186,,117945.0,116684.0,116684.0,730082.0,722276.0,
301060.SZ,20260820,12.16,14.3297,28.0767,0.92,,341.831,3.0712,3.3634,3.5182,1.6365,1.4729,40051.7,36016.6,18382.0,487029.0,437962.0,
001285.SZ,20260820,40.09,1.3397,1.3397,0.62,21.7321,20.6643,1.8696,3.0247,2.9462,,1.3842,18053.0,4149.68,4149.68,723746.0,166361.0,
300803.SZ,20260820,79.32,1.5176,2.4356,0.62,212.221,241.281,16.8791,31.4191,29.6057,,0.1009,60979.2,60533.9,37719.0,4836870.0,4801550.0,
603043.SH,20260820,13.81,0.9476,2.9681,1.47,16.0538,15.9967,1.9624,1.4556,1.431,4.2029,3.6144,56726.7,56245.2,17956.8,783396.0,776747.0,
300726.SZ,20260820,51.9,3.8751,6.5,0.61,53.2798,48.5668,4.1071,11.3292,11.1037,1.1561,1.9268,41184.0,21443.8,12784.0,2137450.0,1112940.0,
002267.SZ,20260820,6.97,0.5923,1.6652,0.97,13.2742,15.6191,1.1042,0.9018,0.9447,5.0215,2.8694,111208.0,111208.0,39554.5,775117.0,775117.0,
601022.SH,20260820,8.2,0.8876,4.6719,1.23,16.4057,17.347,1.709,1.757,1.702,2.6098,1.8293,130863.0,130863.0,24863.3,1073080.0,1073080.0,
002365.SZ,20260820,15.76,29.8079,33.0055,2.32,206.469,134.236,2.3273,5.93,5.4772,0.6226,0.6226,29468.2,24528.8,22152.5,464420.0,386575.0,
603856.SH,20260820,11.46,1.2207,3.0942,1.18,12.9616,12.8698,1.1565,1.467,1.4655,1.8935,2.3222,28205.6,28205.6,11127.8,323236.0,323236.0,
688308.SH,20260820,95.43,5.6843,7.5047,0.88,146.245,50.5351,5.3491,10.3969,8.419,0.1559,0.2599,15878.2,15878.2,12026.5,1515250.0,1515250.0,
002745.SZ,20260820,11.05,3.8638,4.4551,0.71,,,1.3827,0.9404,0.8975,0.4525,,148417.0,106409.0,92287.0,1640000.0,1175820.0,
603535.SH,20260820,6.37,0.8302,2.4334,0.55,84.8144,295.558,1.3119,2.8848,3.0237,0.9546,0.314,51091.8,51091.8,17431.5,325455.0,325455.0,
300051.SZ,20260820,8.33,5.7815,6.7261,0.59,,,32.4326,7.9802,9.133,,,37201.8,36741.6,31581.4,309891.0,306057.0,
600020.SH,20260820,3.78,0.6652,2.0899,1.12,13.5167,13.0255,0.7135,1.2874,1.3238,4.4974,3.1746,224737.0,224737.0,71537.7,849507.0,849507.0,
600892.SH,20260820,3.75,4.0791,6.2438,0.5,,,239.216,6.2923,5.935,,,55946.4,55932.0,36540.4,209799.0,209745.0,
002763.SZ,20260820,7.61,1.4775,2.7289,0.85,56.9084,44.8857,1.6508,1.0393,1.0454,5.9133,14.4547,40992.4,30361.4,16439.0,311952.0,231050.0,
000967.SZ,20260820,8.2,1.7092,3.0156,0.48,50.1007,47.214,1.6019,1.9897,1.8889,2.173,1.5714,335919.0,335767.0,190303.0,2754540.0,2753290.0,
000625.SZ,20260820,7.15,0.5614,0.9148,1.01,17.3922,23.0642,0.9181,0.4322,0.436,4.8259,2.3202,991291.0,826721.0,507337.0,7087730.0,5911050.0,
688291.SH,20260820,43.01,1.897,5.7849,1.11,119.741,56.6841,4.3567,17.4259,17.5343,0.3807,0.4642,10266.7,10266.7,3366.67,441569.0,441569.0,
300221.SZ,20260820,13.11,3.4607,3.4607,0.86,56.0933,39.731,4.0901,2.8273,2.5904,,0.7628,47375.5,46201.8,46201.8,621092.0,605705.0,
300181.SZ,20260820,14.84,6.4145,6.7796,1.11,16.471,16.004,3.0395,3.423,3.3424,3.9917,2.331,70138.7,60291.1,57043.8,1040860.0,894720.0,
300528.SZ,20260820,12.94,1.987,5.0252,0.41,,,12.5633,5.7975,7.1814,,,37260.8,37260.8,14733.1,482155.0,482155.0,
002497.SZ,20260820,18.6,2.8615,3.0679,0.88,33.9,24.1215,1.9431,2.5093,2.1794,0.2133,0.32,115256.0,105959.0,98830.8,2143770.0,1970830.0,
002270.SZ,20260820,19.3,1.1925,2.1119,0.72,24.3712,24.6601,5.5414,7.1276,7.0672,3.4868,3.1598,89622.5,89621.1,50608.0,1729720.0,1729690.0,
000899.SZ,20260820,10.05,0.7531,2.5603,0.56,9.7412,9.6544,1.4735,1.3254,1.2003,3.2836,5.6418,97567.8,97567.8,28700.0,980556.0,980556.0,
603517.SH,20260820,11.25,0.7722,1.4784,1.47,,,1.1335,1.2471,1.3033,2.9333,,60600.2,60600.2,31652.4,681752.0,681752.0,
002362.SZ,20260820,15.74,1.1373,1.4358,0.83,,,4.2397,2.0369,2.0116,,,24445.5,20759.4,16443.8,384772.0,326753.0,
605336.SH,20260820,10.79,1.2619,3.9489,0.87,,,1.097,8.7272,9.8306,3.012,,18341.2,18341.2,5861.25,197902.0,197902.0,
600114.SH,20260820,29.8,3.5844,4.7025,1.35,35.1181,34.213,5.2791,3.1164,3.0768,0.9828,1.0067,63138.3,61638.3,46983.7,1881520.0,1836820.0,
001318.SZ,20260820,11.25,1.8508,6.1158,0.6,30.4387,31.3326,2.1513,6.6651,6.7694,1.6,2.0444,28266.0,28266.0,8553.98,317992.0,317992.0,
002539.SZ,20260820,12.82,1.8222,2.1319,0.82,18.7201,17.657,1.5938,0.7235,0.7106,1.5601,1.5601,120772.0,88979.4,76050.7,1548300.0,1140720.0,
600302.SH,20260820,6.46,1.2132,2.1199,0.85,,,4.6123,6.628,6.8768,,,34601.0,34601.0,19801.8,223522.0,223522.0,
603202.SH,20260820,51.79,1.7331,1.7331,0.98,8.9881,10.2484,1.2054,2.0729,2.2047,6.7388,4.8272,16000.0,5021.36,5021.36,828640.0,260056.0,
002537.SZ,20260820,5.69,1.5663,2.0921,1.04,22.2355,22.1366,1.5218,0.9702,1.0198,,,117402.0,117072.0,87649.9,668016.0,666138.0,
300365.SZ,20260820,4.58,2.5019,2.6537,1.25,,,1.755,3.0691,4.0585,,,59985.5,51172.5,48244.0,274734.0,234370.0,
300010.SZ,20260820,2.15,1.1882,1.1882,0.73,63.2129,,2.564,4.4155,4.3782,,,206661.0,166333.0,166333.0,444322.0,357616.0,
688578.SH,20260820,120.78,3.1625,6.3314,1.49,24.828,20.2904,6.4229,10.4776,8.8615,0.6624,0.828,45000.0,45000.0,22477.5,5435100.0,5435100.0,
301601.SZ,20260820,16.26,1.5898,1.5898,0.94,30.4293,35.0334,1.7203,4.3905,5.4012,1.107,0.6765,14048.0,8448.0,8448.0,228420.0,137364.0,
688608.SH,20260820,110.77,2.946,5.0889,1.72,44.1749,57.007,3.7299,7.4444,8.9325,0.5475,0.9028,23688.6,23688.6,13713.3,2623990.0,2623990.0,
300458.SZ,20260820,31.36,5.2239,5.9868,0.69,118.873,83.4035,9.386,10.9799,9.9552,0.5081,0.5298,99363.7,81420.8,71045.1,3116050.0,2553360.0,
301037.SZ,20260820,13.1,2.4005,3.4988,0.88,,,3.3389,1.0779,1.1248,,,13903.2,6799.78,4665.37,182132.0,89077.1,
688332.SH,20260820,91.41,2.901,7.7303,0.91,11.5266,9.2493,2.865,8.8594,8.4312,0.7374,1.4783,17848.5,17848.5,6698.07,1631530.0,1631530.0,
600058.SH,20260820,10.6,0.672,1.7948,0.58,594.763,,2.3297,0.2151,0.2226,,0.317,107191.0,107191.0,40130.6,1136230.0,1136230.0,
605389.SH,20260820,69.72,0.3923,1.575,0.72,103.283,97.9522,6.0443,12.1376,11.6562,0.7957,0.9615,18699.7,17714.7,4412.79,1303740.0,1235070.0,
300507.SZ,20260820,6.37,0.9045,1.3991,0.94,42.8339,53.8828,2.3807,2.2321,2.3958,0.9332,0.938,80400.2,77834.7,50322.6,512149.0,495807.0,
603558.SH,20260820,12.07,0.5709,1.1706,0.5,10.2134,9.4453,1.8471,1.5976,1.5733,4.662,4.8866,34263.8,34263.8,16709.0,413564.0,413564.0,
300290.SZ,20260820,6.03,4.0684,5.0864,0.86,,,5.1764,5.1115,5.2077,,0.2488,63973.3,63954.2,51154.2,385759.0,385644.0,
300894.SZ,20260820,11.12,2.6068,4.755,1.01,,,4.6466,5.8448,5.9098,,,40500.4,29407.9,16122.3,450365.0,327016.0,
300212.SZ,20260820,8.69,1.5124,2.3319,0.59,,,,13.4432,16.8258,,,71989.2,69851.2,45304.2,625586.0,607007.0,
603363.SH,20260820,2.93,1.4177,1.8338,0.69,103.09,,2.5832,0.9442,0.8994,,,273106.0,214659.0,165948.0,800201.0,628951.0,
300525.SZ,20260820,8.2,1.5296,1.6122,0.44,35.4782,35.2571,2.4647,3.0751,3.0713,1.4629,0.7317,75163.6,61663.9,58502.7,616341.0,505644.0,
300443.SZ,20260820,19.76,1.0276,1.1538,0.68,20.1149,19.3603,0.9949,2.541,2.4219,0.8589,1.0108,32013.5,24277.4,21621.9,632586.0,479721.0,
002647.SZ,20260820,12.52,4.4727,5.5427,1.53,39.3563,,22.7382,17.1985,16.8868,,,113029.0,101529.0,81928.4,1415130.0,1271150.0,
920116.BJ,20260820,45.43,1.6665,4.9099,1.28,100.782,100.071,16.904,31.6341,31.5846,0.1673,0.2013,22368.5,22368.5,7592.15,1016200.0,1016200.0,
600201.SH,20260820,13.0,1.4424,1.6675,0.95,142.831,99.4455,2.6426,10.2398,9.3258,0.2311,0.2828,109993.0,109993.0,95141.3,1429910.0,1429910.0,
301015.SZ,20260820,26.2,2.4084,9.4037,0.71,29.0116,26.8126,5.5327,1.8346,1.8486,2.9084,2.1794,52562.4,52555.7,13459.9,1377140.0,1376960.0,
000930.SZ,20260820,4.85,2.0014,4.5246,1.01,234.671,,0.8653,0.5142,0.5295,,0.6186,185644.0,185635.0,82111.5,900375.0,900329.0,
600580.SH,20260820,31.0,4.9788,7.384,1.19,43.0009,42.7019,4.3387,3.1336,3.1444,0.4019,0.5804,156212.0,155763.0,105027.0,4842560.0,4828660.0,
688246.SH,20260820,17.8,2.6167,4.4397,1.28,,,1.8985,6.0602,6.3168,,,13758.6,13758.6,8109.18,244902.0,244902.0,
605077.SH,20260820,11.03,1.0309,1.6529,0.79,16.6882,23.6341,1.0894,0.798,0.7332,6.3463,4.5331,30305.0,29943.0,18676.0,334264.0,330271.0,
301106.SZ,20260820,22.54,11.9173,36.4141,2.54,35.3988,43.3995,2.4829,3.5398,3.4443,1.2615,1.1091,14296.1,14296.1,4678.71,322234.0,322234.0,
002205.SZ,20260820,10.64,1.1763,1.6855,1.0,,,7.707,2.9364,2.6287,,,18584.3,18584.3,12970.4,197737.0,197737.0,
601988.SH,20260820,6.05,0.1033,1.7821,0.81,8.0215,7.9473,0.7132,2.9612,2.8999,5.3476,3.7405,32221200.0,21076600.0,1222240.0,194939000.0,127513000.0,
000767.SZ,20260820,3.41,3.097,4.8177,0.45,53.4888,60.7845,1.7336,0.6785,0.6862,,,307694.0,291225.0,187210.0,1049240.0,993076.0,
603938.SH,20260820,43.13,3.5447,10.2881,0.72,205.514,179.089,6.4963,7.8697,7.3352,0.0393,0.0508,38262.4,38262.4,13183.0,1650260.0,1650260.0,
000819.SZ,20260820,11.92,0.9838,1.4807,0.74,,,2.1014,1.1872,0.9546,0.8394,,36950.4,36602.0,24319.7,440449.0,436296.0,
688700.SH,20260820,57.22,3.5787,5.1634,0.72,141.185,96.1645,8.8096,15.5451,12.8508,0.1745,0.3494,29840.1,29840.1,20681.9,1707450.0,1707450.0,
601699.SH,20260820,16.26,0.9833,2.6192,0.9,43.6175,41.3266,1.0493,1.7484,1.73,2.5215,1.1501,299141.0,299141.0,112306.0,4864030.0,4864030.0,
688558.SH,20260820,32.2,0.7054,2.1768,0.62,27.029,25.9693,2.4195,3.3489,3.2615,1.8492,2.3115,13200.0,13200.0,4277.2,425040.0,425040.0,
920833.BJ,20260820,9.62,0.8755,1.5221,0.34,38.0918,50.8354,1.7889,2.5163,2.6315,2.6169,2.5988,11450.4,8655.49,4978.78,110153.0,83265.8,
688825.SH,20260820,57.57,6.5826,6.5826,0.65,2053.66,136.556,47.1136,62.3038,36.1881,,,6688090.0,450304.0,450304.0,385033000.0,25924000.0,
920879.BJ,20260820,12.59,0.4538,0.9406,0.78,30.6124,31.9071,3.8901,6.1999,6.2256,2.3353,1.9704,20086.9,15031.1,7252.12,252894.0,189241.0,
301367.SZ,20260820,44.35,2.2615,3.3823,0.99,24.6232,28.9168,1.8056,4.7924,4.6179,0.6398,1.0597,12528.4,9809.92,6559.1,555636.0,435070.0,
920403.BJ,20260820,21.31,14.0225,18.0986,1.47,30.6729,27.6247,4.1304,6.4401,6.1768,0.6094,0.8532,10929.7,6500.29,5036.33,232912.0,138521.0,
300727.SZ,20260820,26.74,1.0765,2.1736,0.6,40.1503,39.0968,3.4889,3.4159,3.185,0.8617,1.1219,18013.6,16210.9,8028.59,481685.0,433479.0,
002142.SZ,20260820,34.18,0.8547,1.7121,2.34,7.6948,7.2522,0.9297,3.1362,2.9598,3.5108,3.5108,660359.0,659938.0,329442.0,22571100.0,22556700.0,
920156.BJ,20260820,37.82,5.6105,5.6105,1.03,25.598,18.4295,5.2447,3.6994,2.9836,,,10412.0,2170.8,2170.8,393782.0,82099.7,
002290.SZ,20260820,65.59,3.3738,6.0199,1.07,99.6107,80.3312,15.4667,6.37,6.2882,,0.3202,24811.2,24732.7,13861.3,1627370.0,1622220.0,
600208.SH,20260820,2.98,0.9883,2.2889,0.89,97.105,167.225,0.6068,7.0646,7.425,,,850894.0,850798.0,367348.0,2535660.0,2535380.0,
300080.SZ,20260820,3.7,0.5698,1.3431,0.86,,,1.6128,1.9609,2.0655,,,187338.0,187083.0,79369.3,693151.0,692207.0,
002821.SZ,20260820,182.4,7.875,12.5878,1.96,58.0847,59.2507,3.6644,9.8626,9.4917,0.6008,0.7105,36066.3,31704.4,19834.4,6578500.0,5782880.0,
600714.SH,20260820,14.75,4.5534,7.03,0.93,139.059,299.318,5.6453,12.7828,14.1444,0.4746,0.3051,28817.6,28817.6,18665.5,425060.0,425060.0,
603883.SH,20260820,13.27,2.5161,4.6524,0.81,26.3731,25.4906,1.4811,0.4529,0.4519,1.6588,3.0897,75889.0,75889.0,41042.4,1007050.0,1007050.0,
002549.SZ,20260820,13.57,1.8298,3.1966,0.74,137.638,272.469,4.595,15.0575,14.9338,,0.3685,69534.8,69236.0,39632.5,943587.0,939532.0,
300607.SZ,20260820,32.69,8.505,9.5255,0.62,211.07,132.025,5.3431,6.2118,5.8055,,0.0974,47697.2,33749.9,30134.2,1559220.0,1103290.0,
002331.SZ,20260820,6.89,2.536,3.2676,1.34,,,2.045,2.1978,2.1045,0.4324,,42841.0,40207.9,31205.3,295174.0,277032.0,
920047.BJ,20260820,17.51,4.1413,4.5321,1.5,,,18.0812,72.2729,73.2429,,,27427.2,18010.6,16457.4,480250.0,315366.0,
002661.SZ,20260820,8.13,2.7505,4.6554,2.23,28.5318,65.1204,1.1506,0.6083,0.6004,3.4608,3.4608,32384.6,30841.7,18221.7,263287.0,250743.0,
002340.SZ,20260820,6.46,1.0634,1.1626,0.68,20.8572,20.7109,1.5106,0.8879,0.8764,1.021,1.4668,510236.0,507598.0,464314.0,3296120.0,3279080.0,
300352.SZ,20260820,2.26,1.2601,1.3169,0.78,,,3.2444,10.7129,11.2781,,,144982.0,127613.0,122113.0,327660.0,288405.0,
002410.SZ,20260820,9.11,1.6014,1.912,1.06,37.1481,36.7524,2.4764,2.4799,2.5059,1.6334,2.5045,165194.0,157012.0,131503.0,1504920.0,1430380.0,
002367.SZ,20260820,5.37,1.012,1.9204,0.56,12.9744,14.3825,1.1726,0.9632,0.9493,5.5866,2.7933,79774.5,79457.6,41870.4,428389.0,426687.0,
688129.SH,20260820,21.23,0.7359,2.1154,0.82,25.4301,25.0333,2.4751,3.8594,3.848,0.652,1.2028,12047.9,12047.9,4190.88,255776.0,255776.0,
688221.SH,20260820,22.07,7.7184,10.163,1.58,,2387.75,7.4593,67.0004,21.0789,,,37457.9,37457.9,28447.9,826695.0,826695.0,
301225.SZ,20260820,56.9,7.7379,8.2555,1.02,60.1193,63.111,5.1172,7.1947,6.746,0.52,0.3725,14409.2,4398.8,4123.0,819885.0,250292.0,
002614.SZ,20260820,5.0,1.7158,1.9859,1.2,254.078,,0.7227,0.6131,0.598,1.9992,2.0,62373.9,44126.6,38125.6,311870.0,220633.0,
300756.SZ,20260820,28.91,2.0854,2.1552,0.99,79.1278,58.7983,4.3019,9.302,8.8438,0.1235,0.2965,22063.7,19199.6,18578.2,637863.0,555060.0,
002007.SZ,20260820,13.54,2.7183,4.3769,3.62,26.2865,28.824,2.1091,5.3797,5.5061,5.1749,7.3891,182569.0,157354.0,97726.4,2471990.0,2130580.0,
603580.SH,20260820,74.79,10.119,30.6025,1.17,222.926,242.244,21.8408,29.6337,21.8943,0.1096,0.1096,13067.3,13067.3,4320.82,977305.0,977305.0,
600463.SH,20260820,8.15,1.1309,2.7225,1.21,,,2.7545,4.4428,3.7161,,,30000.0,30000.0,12461.9,244500.0,244500.0,
600310.SH,20260820,4.12,1.9661,4.0115,0.46,,,2.2228,1.6264,1.6045,0.7282,0.7282,146571.0,146571.0,71835.2,603873.0,603873.0,
601878.SH,20260820,9.2,0.3172,0.5925,0.68,17.4426,16.1346,1.1162,4.7596,4.4179,1.6166,1.8322,457380.0,457380.0,244897.0,4207890.0,4207890.0,
605300.SH,20260820,9.75,0.6813,2.3312,0.85,143.861,99.0824,1.5356,1.9638,1.9789,0.6092,0.7107,45439.9,45439.9,13279.7,443039.0,443039.0,
000011.SZ,20260820,8.21,1.9296,5.4318,1.0,144.399,2976.0,1.4536,2.053,2.0003,,0.2436,59597.9,52647.6,18702.6,489299.0,432236.0,
002955.SZ,20260820,34.83,1.8929,3.3653,0.64,159.221,875.348,2.5646,2.5451,2.4648,3.6406,,23664.0,19564.7,11004.9,824217.0,681438.0,
603189.SH,20260820,9.2,1.7717,2.9255,1.4,471.262,,1.7299,9.6954,8.1878,1.6151,1.0767,26954.8,26954.8,16324.4,247984.0,247984.0,
300187.SZ,20260820,4.6,1.1785,2.2216,0.54,26.4251,23.2209,2.5132,3.673,3.6461,3.6304,2.3261,64562.2,64237.8,34077.1,296986.0,295494.0,
000800.SZ,20260820,6.18,0.2995,1.3702,1.32,41.976,38.2655,1.1483,0.4852,0.4532,0.8091,0.7282,492128.0,492084.0,107569.0,3041350.0,3041080.0,
301563.SZ,20260820,122.82,7.0144,7.0144,0.66,105.144,49.3044,7.7291,3.2112,2.2884,,0.3132,8465.09,1913.57,1913.57,1039680.0,235025.0,
600802.SH,20260820,4.59,1.1589,1.6544,0.97,,,2.2988,1.3767,1.4497,,,45824.8,45824.8,32099.2,210336.0,210336.0,
301183.SZ,20260820,225.38,14.0243,17.6583,1.35,179.423,131.867,17.4428,20.5784,18.0021,0.0554,0.0799,8007.63,5869.96,4661.95,1804760.0,1322970.0,
002554.SZ,20260820,2.82,0.9196,1.3251,0.64,,,1.9697,1.6155,1.5784,,,133372.0,133347.0,92535.3,376109.0,376039.0,
920266.BJ,20260820,7.84,5.6875,10.2375,1.1,,,1.1093,2.2452,2.2808,,,12400.0,11849.0,6582.8,97216.0,92896.5,
300318.SZ,20260820,5.34,4.7457,10.1419,4.17,,,3.4106,5.2903,5.3671,,,81690.0,79241.9,37079.8,436225.0,423152.0,
688319.SH,20260820,29.4,3.7611,5.5812,1.58,535.443,,13.7107,16.9266,15.6905,,,40540.9,40540.9,27319.8,1191900.0,1191900.0,
003026.SZ,20260820,29.35,4.9886,6.5008,0.89,127.937,110.537,8.0896,12.8486,12.3175,0.3517,0.469,18776.8,14456.1,11093.4,551098.0,424286.0,
601236.SH,20260820,6.81,0.2262,0.9921,1.01,26.3366,28.6932,1.2498,13.1312,13.8273,2.2576,3.087,469323.0,469323.0,106996.0,3196090.0,3196090.0,
301098.SZ,20260820,8.62,4.8517,5.1893,1.3,,,1.9304,2.8796,3.0215,0.461,,23145.2,19298.7,18043.2,199511.0,166355.0,
603418.SH,20260820,43.2,1.577,1.577,0.76,17.0118,16.5158,1.8021,1.6743,1.6463,,1.9213,19306.8,4136.46,4136.46,834056.0,178695.0,
002042.SZ,20260820,3.77,1.0368,1.7846,0.7,111.702,86.9843,1.085,0.7965,0.8118,,0.2963,170068.0,170068.0,98799.4,641157.0,641157.0,
603536.SH,20260820,9.71,1.4639,3.3002,0.53,,,6.6721,1.6569,1.629,,,24053.2,24053.2,10669.6,233557.0,233557.0,
688197.SH,20260820,38.96,9.7148,11.1501,2.74,,,8.7118,668.481,167.133,,,14871.9,6400.49,5576.62,579411.0,249363.0,
002692.SZ,20260820,4.17,1.3669,1.9168,0.8,1688.59,,2.6211,0.6739,0.6503,0.4796,0.4796,71814.6,71773.4,51182.8,299467.0,299295.0,
001380.SZ,20260820,16.51,0.3614,0.9994,0.49,16.2562,17.6793,2.2744,2.2447,2.2755,1.2278,0.6057,27085.4,23273.2,8417.32,447180.0,384241.0,
920167.BJ,20260820,14.79,1.1058,2.0179,0.61,74.9947,26.4661,2.4457,0.5033,0.464,0.2629,0.2028,11002.7,6536.38,3582.05,162729.0,96673.1,
000793.SZ,20260820,2.15,0.349,0.3596,0.8,,,308.584,26.5427,26.0408,,,439394.0,266470.0,258620.0,944697.0,572911.0,
300242.SZ,20260820,4.06,1.9318,2.4549,0.53,,,10.6251,1.4221,1.7067,,,63455.5,63455.5,49932.9,257629.0,257629.0,
600792.SH,20260820,3.6,5.3572,16.428,2.37,,,1.6374,0.7287,0.7023,,,110992.0,110992.0,36194.4,399572.0,399572.0,
301287.SZ,20260820,40.03,5.7811,5.7811,0.42,38.4314,44.9546,2.2635,4.5584,4.584,1.6987,1.0492,6667.0,1703.14,1703.14,266880.0,68176.7,
002662.SZ,20260820,3.16,0.7784,1.3426,1.15,19.0477,20.9016,1.0606,1.6282,1.6367,2.2785,1.5823,150000.0,149998.0,86961.3,474000.0,473994.0,
605499.SH,20260820,123.07,0.8663,2.5751,0.8,20.4649,18.4129,4.6396,4.3285,4.0014,3.1252,3.1252,73419.9,67601.7,22743.1,9035790.0,8319740.0,
603999.SH,20260820,5.6,0.8003,1.8981,0.57,37.7289,37.6669,1.5541,3.5698,3.7877,0.5893,0.8036,57600.0,57600.0,24285.4,322560.0,322560.0,
601669.SH,20260820,4.63,0.5266,0.8511,0.76,7.97,8.5418,0.5419,0.1235,0.1231,2.7419,2.279,1722620.0,1307150.0,808779.0,7975710.0,6052120.0,
300749.SZ,20260820,23.38,3.3106,4.1528,0.58,538.333,,8.711,5.6641,6.31,,,20516.9,15739.6,12547.4,479686.0,367991.0,
920694.BJ,20260820,15.14,0.845,1.5596,0.89,22.1505,21.5768,2.1637,2.8058,2.8276,1.5397,1.9902,13150.9,6246.68,3384.4,199105.0,94574.7,
603879.SH,20260820,5.35,1.7426,2.5762,0.76,,,8.2967,5.8302,5.7136,,,35934.4,35934.4,24307.8,192249.0,192249.0,
300570.SZ,20260820,213.4,20.4518,25.4505,1.62,162.123,160.535,29.055,31.3358,28.1929,0.3749,0.4686,22712.7,19219.3,15444.4,4846890.0,4101390.0,
600016.SH,20260820,3.47,0.6902,0.8708,1.41,4.9709,5.179,0.264,1.0634,1.056,5.7061,5.4467,4378240.0,3546210.0,2810980.0,15192500.0,12305400.0,
300619.SZ,20260820,25.65,1.9191,1.9964,0.63,301.747,81.9083,3.6735,3.0064,2.8736,,0.099,22620.0,19043.2,18305.4,580202.0,488459.0,
000058.SZ,20260820,6.73,0.6688,2.2822,1.0,119.404,118.517,4.0665,4.9098,4.9911,0.1857,0.3566,123120.0,98473.9,28857.6,828598.0,662730.0,
002217.SZ,20260820,1.45,0.9323,1.3156,0.62,477.27,778.99,5.8025,6.436,6.0671,,,747940.0,727934.0,515821.0,1084510.0,1055500.0,
688253.SH,20260820,57.16,1.8986,3.751,0.91,54.197,87.1792,3.7359,18.5532,24.1761,0.9608,0.7751,13698.4,13698.4,6933.68,783002.0,783002.0,
605162.SH,20260820,9.01,4.7015,14.4762,0.76,32.4062,33.3019,3.0898,5.6396,5.892,1.8069,1.7522,44284.6,44284.6,14382.5,399005.0,399005.0,
301150.SZ,20260820,38.1,3.5181,6.7928,0.52,188.919,88.5355,3.3638,2.101,1.9215,,0.5143,32390.4,30383.9,15736.5,1234070.0,1157630.0,
301395.SZ,20260820,12.16,3.7394,3.7394,0.91,88.1334,,2.048,1.3388,1.3853,0.6766,,24285.0,12732.9,12732.9,295306.0,154833.0,
002986.SZ,20260820,13.45,1.8839,2.2518,1.1,,,1.3464,0.6269,0.6006,2.2503,,38012.1,30183.7,25253.1,511263.0,405971.0,
600975.SH,20260820,5.0,1.083,1.6717,0.92,,,3.4974,0.8609,0.8979,,,124966.0,124966.0,80962.0,624831.0,624831.0,
003017.SZ,20260820,22.42,1.8538,2.2009,0.48,22.6323,22.2913,1.9364,2.1617,2.1031,2.217,2.2302,10080.0,8348.11,7031.59,225994.0,187165.0,
001267.SZ,20260820,37.01,4.5097,7.1423,0.62,329.838,374.115,17.8799,18.4851,15.1894,0.135,0.1703,78500.3,60855.7,38424.4,2905300.0,2252270.0,
688525.SH,20260820,234.67,3.5976,4.3734,0.55,129.728,28.0193,13.0006,9.791,6.6771,,0.0912,47156.7,47156.7,38790.9,11066300.0,11066300.0,
300334.SZ,20260820,8.42,1.7708,2.8238,0.87,,,4.6439,10.4966,9.0023,,,30206.5,30203.0,18940.3,254339.0,254309.0,
300289.SZ,20260820,6.04,2.3728,4.4285,1.9,,,2.0095,10.0698,10.3373,,,54401.1,54315.6,29102.3,328583.0,328067.0,
600019.SH,20260820,5.89,0.404,1.1356,0.8,12.401,12.6574,0.6158,0.4041,0.3988,3.6756,5.0504,2178210.0,2141410.0,761853.0,12829600.0,12612900.0,
002106.SZ,20260820,10.21,1.7709,2.4679,0.64,29.4013,35.1577,1.283,1.2036,1.2081,0.9794,0.9794,70581.6,70490.2,50582.9,720638.0,719705.0,
000733.SZ,20260820,39.16,1.5746,2.2825,0.63,21.1634,22.0808,1.3769,3.7709,3.8182,0.4597,0.9704,55416.9,55409.5,38225.7,2170130.0,2169830.0,
920371.BJ,20260820,8.12,3.8667,13.2312,1.6,19.2759,19.2991,2.6277,1.8429,1.8113,1.2315,1.2315,20544.6,19481.0,5693.14,166822.0,158185.0,
603309.SH,20260820,11.96,2.4341,4.8956,1.19,45.7341,60.9737,1.9626,2.14,2.1094,4.1949,4.1806,29187.1,29187.1,14511.7,349078.0,349078.0,
603712.SH,20260820,11.2,1.1134,2.1539,0.87,,,2.2607,4.0254,3.9703,,,77200.0,77200.0,39906.2,864640.0,864640.0,
600216.SH,20260820,14.52,8.7779,14.0813,1.28,15.9873,18.5849,1.2422,1.5723,1.5838,2.5227,1.9214,96163.8,95138.9,59307.0,1396300.0,1381420.0,
000016.SZ,20260820,2.31,0.7495,1.1156,0.74,,,,0.5655,0.6031,,,240795.0,159659.0,107257.0,556235.0,368813.0,
300177.SZ,20260820,6.16,1.4568,1.5761,1.01,,,3.6315,4.5279,4.4957,,,74416.9,60630.3,56039.5,458408.0,373483.0,
300070.SZ,20260820,3.45,0.9629,1.5558,1.23,205.033,203.527,0.4571,1.6063,1.6686,0.1159,0.1159,362421.0,343477.0,212582.0,1250350.0,1184990.0,
301166.SZ,20260820,34.06,9.8801,13.673,2.51,,,1.4725,2.7082,2.605,0.6719,1.7426,8616.85,5642.05,4076.97,293490.0,192168.0,
688368.SH,20260820,129.41,2.9135,7.1425,0.97,740.807,333.684,8.1325,16.8012,14.2426,0.1648,0.549,20380.7,12370.7,5046.24,2637460.0,1600890.0,
301602.SZ,20260820,17.98,7.6085,21.115,0.89,51.7139,64.8726,5.6235,18.9917,20.6247,0.5673,0.8343,42833.0,20849.9,7512.94,770137.0,374882.0,
300468.SZ,20260820,21.1,7.6398,9.3702,2.19,150.693,155.487,6.7758,17.7425,17.0727,0.4739,0.2844,53064.9,52979.0,43195.6,1119670.0,1117860.0,
301596.SZ,20260820,47.8,5.2779,6.2732,0.73,49.2105,50.7894,5.7706,7.9927,7.7521,1.1955,0.8966,10803.1,4384.33,3688.71,516391.0,209571.0,
600339.SH,20260820,3.34,0.9589,3.4493,0.88,52.3463,50.0457,0.693,0.1871,0.1876,1.4371,0.7784,558315.0,558315.0,155218.0,1864770.0,1864770.0,
000672.SZ,20260820,13.69,1.2273,2.9257,0.67,20.8126,22.5079,1.4604,2.8282,2.974,4.526,3.4484,96939.5,96939.5,40664.9,1327100.0,1327100.0,
002676.SZ,20260820,5.06,2.7533,4.4556,1.16,45.6982,43.9836,2.7076,1.2558,1.2747,0.1976,0.1976,72000.0,71997.6,44489.4,364320.0,364308.0,
002169.SZ,20260820,12.75,2.2715,2.91,0.76,73.6395,51.0853,3.5692,2.6108,2.373,0.6275,0.6275,78270.4,75867.4,59221.4,997948.0,967309.0,
300426.SZ,20260820,6.25,4.9589,6.6653,0.6,,,18.2937,24.8419,22.9088,,,45038.3,40000.0,29759.5,281489.0,250000.0,
300164.SZ,20260820,10.42,24.068,26.8922,0.96,167.445,267.343,4.4537,5.3489,5.5356,,,58845.9,58321.1,52196.4,613174.0,607706.0,
301211.SZ,20260820,13.48,13.1149,42.4004,2.18,161.247,166.533,2.4663,12.4182,12.2635,1.279,0.4451,41760.0,41759.5,12916.6,562925.0,562918.0,
001269.SZ,20260820,18.99,0.7587,2.4488,0.77,,,5.4217,7.5447,8.0101,,,19241.2,19241.2,5961.24,365391.0,365391.0,
300807.SZ,20260820,35.57,2.8643,4.3522,1.25,,,5.4962,15.1093,17.2732,,,6803.96,5193.92,3418.25,242017.0,184748.0,
600755.SH,20260820,5.68,0.466,0.769,0.89,23.8513,35.5196,0.6294,0.036,0.0343,5.891,3.8732,213762.0,213216.0,129208.0,1214170.0,1211070.0,
002135.SZ,20260820,5.86,0.743,1.2519,0.72,133.437,376.966,1.0541,0.697,0.7398,1.1945,0.168,111552.0,104387.0,61947.6,653696.0,611709.0,
301169.SZ,20260820,51.59,1.7009,4.3866,0.77,,,8.5745,10.2602,10.349,,,7204.05,7200.9,2792.14,371657.0,371494.0,
601212.SH,20260820,5.54,3.014,8.2955,1.49,,,2.5808,0.48,0.4718,0.0722,,740477.0,740477.0,269034.0,4102240.0,4102240.0,
300107.SZ,20260820,6.39,2.1628,2.7038,0.77,,243.792,2.3669,7.7264,6.1182,0.2503,,56278.2,34774.7,27815.6,359618.0,222210.0,
600487.SH,20260820,62.02,7.9528,11.0583,0.74,57.071,47.3747,4.7199,2.288,2.1431,0.3675,0.4393,246639.0,245365.0,176459.0,15296600.0,15217500.0,
001234.SZ,20260820,22.75,1.8369,5.5857,0.45,52.4443,61.6022,2.6163,2.9417,2.8701,1.3287,1.2844,10859.0,9148.55,3008.55,247041.0,208130.0,
300357.SZ,20260820,25.95,7.0215,12.8736,2.29,35.667,31.907,4.9612,12.7889,12.5021,0.8478,0.9634,52358.4,48391.4,26393.7,1358700.0,1255760.0,
300958.SZ,20260820,12.0,3.8965,4.1586,1.39,,,1.5558,3.1228,4.0708,,,15673.7,9104.94,8530.98,188084.0,109259.0,
000811.SZ,20260820,39.25,4.3615,6.8881,1.02,69.0216,66.2637,5.963,5.5241,5.3339,0.49,0.2548,99247.8,97839.6,61951.6,3895480.0,3840200.0,
688208.SH,20260820,25.2,0.8233,1.32,0.55,18.0459,18.1398,4.3813,3.4946,3.3521,3.5864,4.2407,67018.6,67018.6,41801.6,1688870.0,1688870.0,
000876.SZ,20260820,7.03,0.7461,1.645,0.75,,,1.6804,0.2962,0.2885,0.3432,,450278.0,450001.0,204117.0,3165450.0,3163500.0,
688472.SH,20260820,10.26,0.8091,2.1873,0.93,36.7983,25.1212,1.5814,0.9285,0.9634,0.9,0.9498,364314.0,364314.0,134765.0,3737860.0,3737860.0,
000885.SZ,20260820,13.02,0.7122,2.4391,1.41,6.7629,6.5448,0.8537,1.2737,1.2565,2.7343,2.9647,64207.8,64207.8,18747.4,835986.0,835986.0,
688709.SH,20260820,25.92,1.6393,2.0458,0.73,107.464,255.441,5.6708,21.7202,23.3274,0.0772,0.189,63684.7,22174.6,17768.7,1650710.0,574766.0,
603357.SH,20260820,5.99,0.52,0.987,0.89,9.181,11.1852,0.8413,1.3307,1.4127,5.8434,3.339,56054.3,56054.3,29530.5,335765.0,335765.0,
001319.SZ,20260820,19.37,2.4137,3.8004,1.09,19.4474,19.6508,1.9434,2.2037,2.1118,2.0134,1.8069,14140.0,6346.46,4030.88,273892.0,122931.0,
300382.SZ,20260820,15.86,3.3288,5.0545,0.73,,,4.5168,4.894,4.8132,,,64840.0,64833.8,42698.1,1028360.0,1028260.0,
000831.SZ,20260820,57.95,3.3993,5.486,0.67,356.351,248.154,12.1476,19.3262,20.8219,,0.05,106122.0,106122.0,65757.3,6149770.0,6149770.0,
600725.SH,20260820,3.16,1.9782,2.8356,1.51,,,15.176,7.0967,7.5876,,,123247.0,123247.0,85981.1,389461.0,389461.0,
688488.SH,20260820,17.16,4.5564,8.7462,1.62,,,7.4095,10.0402,10.325,,,42078.3,42078.3,21920.9,722063.0,722063.0,
603759.SH,20260820,7.42,0.5377,1.3717,0.82,19.3806,26.2044,1.1722,1.0646,0.7773,,1.5499,46176.0,46176.0,18099.7,342626.0,342626.0,
301178.SZ,20260820,36.05,2.4303,2.8918,0.77,448.142,428.591,4.2994,7.0366,5.8037,,0.0978,9310.43,6868.76,5772.49,335641.0,247619.0,
300891.SZ,20260820,7.19,1.6906,2.8173,0.98,,,2.3811,1.656,1.6486,0.1382,,40000.8,33347.4,20011.1,287606.0,239768.0,
300227.SZ,20260820,11.67,3.3969,3.7774,0.63,,,5.0921,4.3362,3.95,,,59576.1,45635.5,41038.2,695254.0,532566.0,
300416.SZ,20260820,15.02,2.8843,4.1325,0.91,29.6702,28.3321,2.7063,3.3984,3.2696,0.9987,0.9987,50854.8,50512.5,35256.1,763839.0,758698.0,
688215.SH,20260820,44.17,1.7013,4.0882,1.04,113.482,94.8648,8.0946,9.2133,8.3082,0.1299,0.2799,9035.13,9035.13,3759.9,399082.0,399082.0,
301185.SZ,20260820,16.35,1.1072,1.5499,0.78,43.0823,47.9638,2.3061,13.362,13.894,1.8349,1.2232,15341.8,13866.7,9905.49,250838.0,226721.0,
688168.SH,20260820,35.76,2.8103,4.2961,0.82,,,3.8624,6.9501,8.4751,,,10805.9,10805.9,7068.61,386419.0,386419.0,
688663.SH,20260820,55.34,1.5518,2.5026,0.51,114.405,152.655,7.871,5.4347,5.9606,0.7617,0.281,19724.8,19724.8,12230.7,1091570.0,1091570.0,
301296.SZ,20260820,6.43,0.7114,1.639,1.15,62.9146,75.1189,1.0339,0.9389,0.8261,0.879,,42754.2,42753.2,18557.0,274909.0,274903.0,
600251.SH,20260820,10.51,3.4496,6.2208,1.59,23.4362,17.9638,2.0213,3.2471,3.2826,1.7127,1.5224,77699.4,77699.4,43085.9,816620.0,816620.0,
601368.SH,20260820,4.6,0.4776,1.108,1.11,42.6536,34.3236,0.84,1.6228,1.6197,0.6522,0.7609,88297.3,88297.3,38062.6,406168.0,406168.0,
600219.SH,20260820,4.65,4.611,8.5614,2.53,11.2763,12.2545,1.0712,1.5424,1.4866,8.3821,9.3478,1148370.0,1148370.0,618487.0,5339920.0,5339920.0,
002671.SZ,20260820,3.93,1.4966,2.5246,0.99,46.4937,40.2707,1.3458,1.5117,1.4868,,,56159.1,55139.6,32687.4,220705.0,216699.0,
300065.SZ,20260820,15.11,6.7417,6.9703,0.96,270.618,1521.97,6.2062,15.22,23.6371,,,72153.9,65689.5,63534.7,1090250.0,992568.0,
000531.SZ,20260820,5.61,0.5235,1.0988,0.56,19.3135,14.6582,0.8407,1.4107,1.4682,2.4725,1.9466,104140.0,90974.5,43344.2,584226.0,510367.0,
301320.SZ,20260820,13.07,1.5124,2.5139,0.99,231.182,,2.2569,2.6038,2.4743,0.7539,0.3784,18201.0,11420.9,6870.92,237887.0,149271.0,
002958.SZ,20260820,2.94,1.5494,2.0404,1.42,5.2214,5.1131,0.4315,1.6289,1.6733,4.0816,4.0816,555563.0,543956.0,413064.0,1633350.0,1599230.0,
003002.SZ,20260820,16.1,1.8724,3.5864,1.12,18.717,19.5619,2.0747,2.4535,2.4588,0.9277,1.2422,20000.0,18284.7,9546.24,322000.0,294384.0,
603025.SH,20260820,13.9,1.0051,4.438,0.44,21.8577,18.4015,5.6202,5.1708,4.6357,2.5011,3.2374,111665.0,110917.0,25120.9,1552150.0,1541750.0,
300675.SZ,20260820,12.82,1.2479,2.1838,1.04,,,3.8221,7.3712,7.2274,0.078,,14666.7,14666.7,8380.96,188027.0,188027.0,
000886.SZ,20260820,4.55,1.513,2.0731,1.17,29.0958,31.081,1.4161,6.8461,6.0391,,,98882.8,97782.8,71363.5,449917.0,444912.0,
600315.SH,20260820,18.4,3.713,7.7544,3.94,46.2251,32.312,1.7502,1.9579,1.8656,0.2115,1.2958,67222.6,67222.6,32188.2,1236900.0,1236900.0,
603822.SH,20260820,57.76,1.505,2.4606,1.69,141.554,25.107,9.836,0.9185,0.7626,,0.2119,7682.59,7682.59,4699.04,443746.0,443746.0,
301048.SZ,20260820,9.19,0.8417,3.3667,1.55,24.2725,22.8921,1.7105,1.5317,1.4806,0.6759,1.1722,53333.3,53333.3,13333.3,490133.0,490133.0,
603135.SH,20260820,9.03,0.953,1.1565,0.91,,,1.9386,15.0587,15.7153,0.7197,,63425.7,62953.8,51878.7,572734.0,568473.0,
002354.SZ,20260820,7.29,9.7249,9.7249,0.52,,,8.7709,5.8074,5.6388,,,165459.0,162569.0,162569.0,1206190.0,1185130.0,
603260.SH,20260820,35.06,0.554,1.9834,0.65,,,1.4088,2.022,2.0442,1.2729,,118221.0,118221.0,33022.9,4144820.0,4144820.0,
603909.SH,20260820,9.68,1.1351,1.9843,1.81,23.1085,21.7166,2.1538,0.3305,0.3088,1.2397,1.5496,26067.3,26067.3,14911.7,252332.0,252332.0,
002960.SZ,20260820,8.45,1.1753,2.1049,0.91,27.8584,29.7065,1.4335,1.8956,1.9493,1.6272,1.465,105373.0,96844.9,54073.9,890406.0,818339.0,
300772.SZ,20260820,11.34,1.4278,2.3892,0.81,26.2488,27.1257,1.3246,0.3035,0.2783,0.5292,0.5291,78684.8,69787.6,41707.6,892285.0,791391.0,
002317.SZ,20260820,27.39,6.2761,7.4015,1.07,84.4213,79.4617,5.5958,9.2279,9.2647,0.7316,0.7302,84993.0,76161.7,64581.7,2327960.0,2086070.0,
603601.SH,20260820,8.84,5.2583,8.1377,0.88,179.948,273.925,3.7319,7.9233,8.073,0.3052,0.3171,114234.0,114234.0,73814.2,1009830.0,1009830.0,
688271.SH,20260820,109.99,0.8828,1.7313,1.3,48.4936,51.2641,4.1152,6.5687,6.1101,0.19,0.2799,82415.8,82415.8,42023.5,9064910.0,9064910.0,
300755.SZ,20260820,11.27,0.9057,3.0188,0.83,,,1.6738,0.7968,0.8934,0.8072,,41679.8,41658.1,12498.1,469732.0,469487.0,
920414.BJ,20260820,7.82,1.5117,1.7228,0.68,,,2.324,10.0277,10.9199,,,7974.82,5607.76,4920.58,62363.1,43852.7,
002122.SZ,20260820,2.75,1.4502,2.1958,1.63,119.881,145.636,2.5221,5.1284,4.9685,,,200150.0,198772.0,131278.0,550413.0,546623.0,
002638.SZ,20260820,3.75,2.6279,3.8143,1.11,,,2.8499,13.956,15.3981,,,143659.0,135268.0,93194.2,538723.0,507255.0,
301345.SZ,20260820,250.1,2.1176,2.5528,0.56,33.4098,30.089,7.2176,6.9196,6.2537,1.3964,1.1995,10904.9,3502.97,2905.77,2727320.0,876093.0,
002117.SZ,20260820,7.87,0.7704,1.114,0.66,28.5901,27.3243,2.782,3.4763,3.529,2.6684,3.8119,52372.1,52354.6,36204.2,412168.0,412030.0,
301491.SZ,20260820,39.84,1.5456,1.6127,0.67,22.9923,23.8986,2.3609,2.8024,2.6437,,0.4367,12900.0,3825.08,3665.97,513936.0,152391.0,
301448.SZ,20260820,41.79,1.9538,4.0355,0.53,,,6.3161,5.9192,5.7956,0.4996,,10460.0,7088.3,3431.89,437123.0,296220.0,
000910.SZ,20260820,5.38,0.9493,1.773,1.26,220.814,,0.4492,0.6438,0.6466,3.5316,3.5316,54739.8,54718.1,29298.0,294500.0,294383.0,
301373.SZ,20260820,95.49,6.5635,11.749,0.53,75.4709,74.0391,6.1047,20.7045,18.3675,0.7331,0.5236,10847.2,6965.54,3891.25,1035800.0,665139.0,
600010.SH,20260820,2.18,0.8429,1.3279,0.88,263.883,196.53,1.8817,1.4858,1.5634,0.0919,,4522600.0,3131820.0,1988020.0,9859280.0,6827370.0,
002592.SZ,20260820,6.47,3.3487,4.6268,2.23,15.7184,15.5941,1.8585,2.5823,2.3034,3.0836,3.8545,28402.6,26284.1,19023.6,183765.0,170058.0,
300716.SZ,20260820,16.18,0.95,1.1645,0.97,,,,53.8444,103.539,,,16002.0,16002.0,13054.6,258912.0,258912.0,
301303.SZ,20260820,14.08,4.3033,4.334,1.09,16.7782,17.6461,1.6452,3.2288,3.1948,2.4858,2.6989,40880.0,10211.2,10138.9,575590.0,143898.0,
600754.SH,20260820,19.24,1.1616,2.482,1.11,22.1218,19.9477,1.2704,1.4824,1.4634,1.978,2.6572,106408.0,90604.4,42403.7,2047290.0,1743230.0,
002034.SZ,20260820,13.83,0.9028,1.6512,0.72,9.9086,9.9017,0.9804,2.2031,2.2293,2.9758,1.1881,51670.1,51454.7,28133.4,714598.0,711619.0,
603773.SH,20260820,103.24,11.3909,18.4203,1.06,,,21.9647,9.0918,8.9293,0.0478,,22467.9,22467.9,13893.9,2319580.0,2319580.0,
920180.BJ,20260820,12.38,1.9545,1.9545,1.1,18.8079,19.7399,1.8461,4.8478,4.9479,,2.4233,11812.3,3566.95,3566.95,146236.0,44158.8,
600782.SH,20260820,2.72,1.4214,2.667,1.42,194.837,,0.3409,0.2419,0.2516,0.3675,4.9632,318402.0,314565.0,167653.0,866054.0,855617.0,
300767.SZ,20260820,18.84,3.6455,4.9164,0.75,,,3.4259,9.8022,10.6138,,,27629.1,23989.2,17788.0,520532.0,451956.0,
300437.SZ,20260820,10.98,2.6764,3.1909,0.77,,,1.9472,3.0989,2.848,,,24520.3,17375.1,14573.3,269233.0,190778.0,
002170.SZ,20260820,11.21,2.2433,2.4605,1.02,11.934,10.7239,2.6866,2.1513,2.0632,3.9048,6.5078,97039.6,78887.5,71924.5,1087810.0,884329.0,
601727.SH,20260820,6.52,0.2909,0.5905,0.73,83.9993,78.2795,1.8458,0.8044,0.7912,,0.2186,1554010.0,1261560.0,621520.0,10132200.0,8225400.0,
300455.SZ,20260820,17.68,1.0796,2.4065,0.93,,,7.6017,11.3871,12.8497,0.0848,,71776.8,70671.5,31705.0,1269010.0,1249470.0,
600343.SH,20260820,18.04,5.0091,8.9106,1.21,,,9.0397,13.9784,14.6612,,,63820.6,63820.6,35876.6,1151320.0,1151320.0,
300740.SZ,20260820,20.81,10.059,15.8974,1.3,61.7082,64.8431,4.1282,1.8392,1.7987,,0.4226,43990.2,40897.7,25877.8,915437.0,851081.0,
300869.SZ,20260820,11.79,3.6219,4.7857,2.4,,,2.7957,10.1223,10.3787,2.1204,,40180.4,26373.5,19959.8,473727.0,310943.0,
002636.SZ,20260820,61.71,5.648,16.5799,0.77,149.376,93.7447,11.7789,10.0273,9.3966,0.1377,0.2026,72800.0,72431.5,24674.0,4492490.0,4469750.0,
603007.SH,20260820,4.59,1.7917,1.7917,0.58,,,17.3196,9.8966,7.3784,,,88444.6,69508.9,69508.9,405961.0,319046.0,
300335.SZ,20260820,5.27,2.344,2.5238,0.65,57.1845,61.4802,1.302,2.4066,2.4456,1.8975,1.8975,47701.2,38415.9,35678.1,251385.0,202452.0,
002268.SZ,20260820,13.56,0.6475,1.0195,0.58,198.921,314.063,2.0859,5.0559,5.1768,0.4425,0.1844,84563.6,84525.4,53685.3,1146680.0,1146170.0,
301160.SZ,20260820,44.65,5.364,6.1303,0.9,35.7504,36.547,3.9953,4.9257,4.882,1.0388,1.0678,16671.7,11077.7,9693.05,744391.0,494620.0,
002978.SZ,20260820,25.8,0.6042,1.6017,0.82,16.9139,18.9501,1.3876,6.0622,6.2123,1.9342,1.1623,47199.0,36928.0,13930.0,1217730.0,952741.0,
301070.SZ,20260820,63.82,3.3389,3.8109,0.85,,,11.104,29.1038,29.1748,,,12617.4,8481.39,7430.79,805245.0,541282.0,
688416.SH,20260820,74.45,4.8046,6.8163,0.86,,,6.0362,16.9214,12.9758,,,10788.1,10788.1,7604.22,803172.0,803172.0,
300766.SZ,20260820,21.6,4.1086,4.4297,0.5,,,5.4446,16.536,15.8639,,,39475.0,35793.3,33198.8,852659.0,773135.0,
600719.SH,20260820,7.05,3.9693,5.9159,1.28,,,7.9391,4.7154,4.7102,,,40460.0,40460.0,27146.6,285243.0,285243.0,
002608.SZ,20260820,7.04,0.2907,1.6542,0.66,7.6759,7.8668,0.7421,0.7685,0.7466,1.4205,1.8466,377808.0,377808.0,66391.8,2659770.0,2659770.0,
603559.SH,20260820,8.86,3.8464,5.3744,0.57,,,4.5416,8.5206,8.0212,,,40127.7,40127.7,28718.4,355531.0,355531.0,
920000.BJ,20260820,13.54,1.1731,2.1616,0.58,18.7714,20.23,1.8181,2.9029,2.8508,1.1078,1.1078,9168.0,5759.39,3125.65,124135.0,77982.2,
600741.SH,20260820,15.45,0.3086,0.7405,0.76,6.7584,6.79,0.7152,0.2647,0.2653,5.178,6.4725,315272.0,315272.0,131406.0,4870960.0,4870960.0,
300552.SZ,20260820,20.15,3.2115,3.9739,0.56,,,2.4739,3.9256,3.7604,,,21313.3,13508.8,10917.1,429463.0,272203.0,
603130.SH,20260820,39.8,0.871,2.1144,0.76,52.3351,50.3977,3.8146,2.0463,2.0621,0.2513,0.5779,13751.4,13751.4,5664.6,547306.0,547306.0,
300110.SZ,20260820,2.96,3.8624,4.829,1.16,,,4.0983,2.6481,2.6352,,,118221.0,118118.0,94473.5,349935.0,349629.0,
300343.SZ,20260820,5.83,3.0441,3.466,0.99,159.431,111.779,3.1451,6.2371,5.3208,,,106837.0,106564.0,93592.1,622863.0,621270.0,
300135.SZ,20260820,3.28,1.3167,1.9863,0.81,,,3.4915,2.2107,2.0328,0.3049,,92160.0,92160.0,61092.5,302285.0,302285.0,
603158.SH,20260820,9.79,2.8072,4.3579,0.48,92.5807,80.4591,2.1147,1.1514,1.166,1.6168,0.6063,49077.0,49077.0,31612.8,480464.0,480464.0,
002020.SZ,20260820,13.85,3.2793,4.3618,1.19,15.733,15.6934,1.9569,2.9305,2.9545,2.3887,2.4092,86102.9,72396.8,54430.3,1192530.0,1002700.0,
601177.SH,20260820,12.68,0.9718,1.7587,0.65,20.3917,19.684,1.7752,2.1545,2.0978,0.4735,0.5521,40771.4,40241.6,22236.0,516981.0,510264.0,
002889.SZ,20260820,12.63,1.8244,4.1108,1.25,46.4517,48.6869,1.9011,1.2786,1.4071,0.4242,0.2375,37766.7,25124.6,11150.5,476994.0,317323.0,
301362.SZ,20260820,119.67,8.1546,8.1546,0.74,94.6827,119.381,6.8469,10.4594,10.5378,1.1196,0.8567,14594.5,4094.47,4094.47,1746520.0,489985.0,
605179.SH,20260820,35.05,9.8697,47.3934,1.36,274.548,261.721,12.2107,4.84,4.8617,0.1141,0.1797,40100.0,40100.0,8350.8,1405500.0,1405500.0,
300793.SZ,20260820,10.88,1.5696,2.1831,1.16,,,1.4822,1.9575,1.9644,1.0913,,38054.7,37208.8,26752.6,414035.0,404832.0,
002590.SZ,20260820,9.27,1.3242,2.4707,0.81,22.539,22.4998,1.5607,0.97,0.9698,0.6461,0.9154,51905.2,49495.7,26527.8,481162.0,458825.0,
301205.SZ,20260820,299.5,12.3415,15.1327,1.19,377.938,445.619,23.9307,30.9817,31.5478,0.0666,0.0668,13008.5,8374.52,6829.88,3896030.0,2508170.0,
920706.BJ,20260820,13.59,1.616,2.1366,0.76,26.6835,29.232,2.1308,3.4244,3.4916,1.4374,1.0781,9460.52,4767.19,3605.57,128569.0,64786.1,
600606.SH,20260820,1.28,0.9493,3.4219,1.34,,,0.4666,0.0999,0.1045,,,1405420.0,1405420.0,389885.0,1798940.0,1798940.0,
601933.SH,20260820,3.16,1.168,2.5682,0.69,,,13.178,0.5271,0.571,,,892504.0,892504.0,405902.0,2820310.0,2820310.0,
001209.SZ,20260820,17.52,1.9031,4.4221,0.65,109.442,100.668,1.7574,1.2595,1.235,1.1161,0.6697,13152.3,9609.46,4135.63,230428.0,168358.0,
603878.SH,20260820,4.97,1.5507,2.5535,0.93,35.0283,87.8608,1.0769,1.1943,1.2909,1.7946,0.9972,56115.0,56115.0,34076.4,278892.0,278892.0,
605100.SH,20260820,32.51,1.3484,2.9822,0.72,341.024,323.29,4.3125,9.7937,9.0811,0.6607,0.2202,23902.2,23790.5,10756.5,777060.0,773428.0,
688510.SH,20260820,23.51,2.2308,2.9968,0.93,59.9504,66.4061,5.0276,8.7726,8.7199,0.8457,0.8494,25992.3,25992.3,19348.4,611078.0,611078.0,
300408.SZ,20260820,111.51,2.5251,3.8987,0.67,85.0349,77.401,9.9413,24.7197,22.593,0.3399,0.4025,199672.0,186981.0,121105.0,22265400.0,20850200.0,
603129.SH,20260820,316.38,1.3014,2.0948,0.92,28.984,27.9381,6.0645,2.4592,2.0862,1.2097,1.3275,15348.3,15348.3,9534.79,4855890.0,4855890.0,
300071.SZ,20260820,4.04,5.4384,6.6463,0.65,,,24.1913,3.8233,4.529,,,96388.4,94535.1,77353.7,389409.0,381922.0,
301581.SZ,20260820,36.58,1.1338,2.5527,0.82,53.1786,71.518,2.8757,3.4507,3.3577,1.9136,0.9568,8000.0,4887.8,2171.0,292640.0,178796.0,
301217.SZ,20260820,113.19,4.1164,14.901,0.71,1497.79,571.317,17.0578,14.028,13.1495,0.0176,0.0176,82901.6,82901.6,22901.6,9383630.0,9383630.0,
920508.BJ,20260820,14.27,1.1722,1.8625,0.51,406.093,336.631,4.441,9.5813,9.5458,1.168,0.3504,6000.0,3190.59,2008.08,85620.0,45529.8,
688613.SH,20260820,15.79,2.9795,3.885,1.46,156.321,152.256,1.5069,9.6692,9.4077,,0.1925,13700.9,13700.9,10507.5,216337.0,216337.0,
603322.SH,20260820,26.34,3.0525,3.839,0.57,,,13.2253,1.788,3.2538,,,15758.7,15758.7,12530.2,415084.0,415084.0,
603301.SH,20260820,82.6,0.622,1.5464,0.81,83.5687,82.5539,3.8072,5.0342,5.024,0.7942,0.3632,26387.6,26387.6,10612.8,2179620.0,2179620.0,
600177.SH,20260820,8.0,0.6506,1.4829,1.12,15.1134,14.4164,0.8716,3.1936,3.1699,5.736,5.4601,462344.0,450344.0,197587.0,3698750.0,3602750.0,
002468.SZ,20260820,14.39,1.7891,4.5249,1.99,16.0951,13.8439,1.9332,0.3963,0.3716,0.457,0.6947,153080.0,147629.0,58371.3,2202820.0,2124380.0,
002551.SZ,20260820,3.35,3.5479,4.5467,0.83,,,1.1436,2.6292,2.6849,0.2385,,84549.5,61118.2,47692.8,283241.0,204746.0,
002706.SZ,20260820,10.12,5.1577,5.5753,0.6,42.8562,65.7844,2.6941,2.5345,2.4238,2.0994,1.9335,112312.0,91499.0,84645.0,1136600.0,925970.0,
600713.SH,20260820,5.37,1.6149,3.6733,1.06,11.2427,11.2932,0.9556,0.1278,0.1288,3.1669,3.1657,130816.0,128981.0,56704.9,702484.0,692630.0,
000768.SZ,20260820,20.94,0.4591,1.0149,0.48,50.5767,52.5168,2.5842,1.4197,1.4712,0.5732,0.7163,278061.0,277641.0,125598.0,5822600.0,5813810.0,
688158.SH,20260820,32.36,3.9349,4.4468,0.49,,,6.1563,8.773,8.4593,,,46070.5,40987.4,36268.7,1490840.0,1326350.0,
300835.SZ,20260820,157.26,3.808,4.4272,0.87,111.302,111.889,14.7413,14.5463,13.7158,0.1236,0.1235,11924.8,8357.54,7188.57,1875290.0,1314310.0,
301090.SZ,20260820,6.78,0.9401,5.2633,2.0,,,1.5114,0.7631,0.7623,,,147093.0,147093.0,26274.4,997293.0,997293.0,
688059.SH,20260820,90.8,2.748,4.284,0.56,68.0988,37.4899,5.8459,12.7049,11.5269,0.2939,0.9137,13998.1,13101.0,8403.82,1271030.0,1189570.0,
003013.SZ,20260820,18.56,2.263,9.9569,0.92,18.365,17.7922,2.5391,3.3333,3.3578,2.2919,1.6703,46075.8,40247.6,9147.33,855166.0,746996.0,
920370.BJ,20260820,2.79,0.4362,0.8403,0.26,,,1.4866,2.1248,2.2012,,,30028.3,26238.6,13619.9,83779.1,73205.8,
601921.SH,20260820,7.54,1.0169,5.3524,1.96,13.0323,13.3445,1.1523,1.5892,1.6659,5.305,4.244,222222.0,222222.0,42222.2,1675560.0,1675560.0,
600861.SH,20260820,13.16,0.6486,0.9283,1.35,6.3684,8.8513,0.9841,0.1649,0.1629,5.3116,7.8518,56611.3,56611.3,39557.4,745004.0,745004.0,
300732.SZ,20260820,6.02,2.6323,4.5354,2.18,,,0.8077,1.3213,1.35,,,37056.0,37024.9,21488.3,223077.0,222890.0,
300027.SZ,20260820,1.77,1.3224,1.2922,1.09,,,,15.8583,18.4369,,,277451.0,248506.0,254318.0,491088.0,439856.0,
000020.SZ,20260820,12.37,8.1915,23.9839,2.15,98.8324,118.708,7.8272,4.0829,4.9147,,,28316.1,18116.5,6187.55,350270.0,224102.0,
301121.SZ,20260820,34.45,1.0173,1.7296,0.58,469.749,7383.85,2.0573,2.5691,2.3896,0.4115,,9882.61,7676.07,4514.74,340456.0,264441.0,
300026.SZ,20260820,3.61,5.4583,8.0584,1.12,586.37,454.142,1.264,2.1948,2.318,0.831,0.277,300415.0,300133.0,203292.0,1084500.0,1083480.0,
001206.SZ,20260820,16.95,6.4607,8.7132,1.57,17.1236,20.0109,1.6808,1.8683,1.9649,3.5849,4.4554,18489.4,10686.4,7923.79,313395.0,181135.0,
002538.SZ,20260820,7.23,0.8519,1.2627,0.38,37.3741,31.473,1.1649,1.3236,1.2456,1.6598,1.6598,85355.6,85299.6,57551.6,617121.0,616716.0,
920808.BJ,20260820,59.29,0.5071,1.7448,0.49,321.375,573.546,16.6574,13.4392,12.1788,0.1046,0.0624,20000.0,19476.1,5660.51,1185800.0,1154740.0,
688252.SH,20260820,20.39,1.4225,3.6991,0.75,35.715,38.0542,3.325,3.8089,3.8136,0.3508,0.5603,40902.1,40902.1,15729.5,833994.0,833994.0,
600097.SH,20260820,8.57,1.677,2.933,0.84,27.9431,80.0121,0.9166,0.8837,0.916,0.9335,1.1669,24093.7,24093.7,13776.0,206483.0,206483.0,
603053.SH,20260820,8.72,0.2063,1.0857,0.83,16.1074,17.0107,1.5916,1.4486,1.4838,3.4404,3.4404,88889.0,88889.0,16889.0,775112.0,775112.0,
688311.SH,20260820,22.95,2.4888,3.7005,0.86,,,2.2586,7.6533,7.7899,,,17510.7,17510.7,11777.1,401871.0,401871.0,
000632.SZ,20260820,3.7,2.2709,2.892,1.06,,,27.4578,0.2917,0.3855,,,46552.0,46548.2,36552.1,172242.0,172228.0,
920021.BJ,20260820,6.51,2.7718,3.3503,0.41,199.733,141.921,3.0994,5.0741,5.124,,0.2304,30900.0,24755.5,20481.0,201159.0,161158.0,
600794.SH,20260820,3.19,1.1163,1.7453,1.0,,,1.5309,6.3261,6.8903,0.9404,0.627,120015.0,120015.0,76763.4,382849.0,382849.0,
301012.SZ,20260820,25.2,5.6412,8.8432,1.04,126.319,110.931,4.166,3.8805,3.7034,0.4025,0.1587,19696.0,19696.0,12564.4,496340.0,496340.0,
301020.SZ,20260820,20.41,0.9334,2.9186,0.68,33.7611,32.5876,2.9595,5.3205,5.2163,1.5189,1.6169,14640.0,14640.0,4682.0,298802.0,298802.0,
688048.SH,20260820,301.89,5.371,8.1727,0.83,2445.18,1577.13,17.6585,111.478,103.732,,,17628.0,17628.0,11584.9,5321710.0,5321710.0,
002074.SZ,20260820,26.42,0.7965,1.3179,0.62,20.1173,20.8119,1.6572,1.0638,1.0046,0.3736,0.3781,181473.0,173674.0,104969.0,4794500.0,4588460.0,
603721.SH,20260820,17.25,2.581,5.2016,0.41,84.5937,82.4151,4.5729,6.5662,6.0136,,0.4638,13000.0,13000.0,6450.52,224250.0,224250.0,
301096.SZ,20260820,50.9,4.3109,5.037,1.02,,,2.2223,8.2003,7.8337,,,10922.8,8309.0,7111.25,555972.0,422928.0,
603895.SH,20260820,24.8,1.8039,4.106,1.18,145.711,157.655,13.0602,5.0301,5.1267,,,10808.0,10808.0,4748.44,268038.0,268038.0,
300782.SZ,20260820,76.7,2.173,3.0053,0.79,,,4.5379,11.8359,11.6122,0.1236,,57498.7,44824.8,32410.0,4410150.0,3438060.0,
301316.SZ,20260820,39.15,2.7687,4.461,0.74,161.577,155.992,14.2544,7.038,6.7113,0.2045,0.2557,40360.1,39124.7,24282.7,1580100.0,1531730.0,
920175.BJ,20260820,7.8,1.004,1.205,0.55,,,1.4336,3.9288,4.1941,,,11900.0,7927.59,6605.26,92820.0,61835.2,
605588.SH,20260820,47.4,1.82,4.8793,1.06,,,3.6721,2.5444,2.5816,,,7327.55,7309.96,2726.62,347326.0,346492.0,
301301.SZ,20260820,9.45,5.4392,5.4392,1.66,27.4316,35.6628,2.5745,4.5697,4.7793,2.8506,1.8289,223229.0,61998.2,61998.2,2109520.0,585883.0,
300257.SZ,20260820,17.44,1.432,3.5416,1.3,47.5855,48.7442,2.6103,3.6682,3.6116,0.5734,0.5734,99363.5,95469.0,38601.4,1732900.0,1664980.0,
301246.SZ,20260820,21.22,5.406,5.8981,1.17,71.297,33.3503,1.8419,4.3765,3.8416,0.1402,0.2337,40000.7,17007.7,15588.7,848815.0,360904.0,
601133.SH,20260820,25.18,2.4875,8.7317,0.91,64.5812,68.9918,4.3767,3.2057,3.3493,0.8359,0.4773,52620.3,52438.7,14938.7,1324980.0,1320410.0,
002601.SZ,20260820,15.57,0.7499,0.9867,0.96,29.8279,49.7991,1.625,1.4295,1.424,3.8339,0.6386,238425.0,198760.0,151056.0,3712270.0,3094700.0,
300405.SZ,20260820,5.65,2.728,3.2601,0.95,,,4.1258,2.9555,2.8079,,,28437.3,21882.3,18310.5,160671.0,123635.0,
920982.BJ,20260820,123.75,3.1139,3.9008,1.5,21.8352,22.8175,6.9948,8.9254,8.8758,2.0513,1.2104,11506.5,5546.51,4427.66,1423930.0,686381.0,
301149.SZ,20260820,7.8,1.6394,2.0855,0.78,30.5939,33.0126,2.0639,0.6899,0.6412,1.4793,1.4793,55900.0,34011.1,26736.3,436020.0,265286.0,
001338.SZ,20260820,9.15,6.9964,14.4308,3.29,19.3948,23.0815,1.2278,1.169,1.1927,3.2787,2.623,50173.1,50173.1,24325.3,459084.0,459084.0,
301330.SZ,20260820,24.16,0.9291,2.173,0.95,26.4826,28.7331,1.638,2.666,2.6203,1.7164,1.9835,23535.2,20466.9,8751.38,568609.0,494479.0,
002526.SZ,20260820,2.66,1.1817,1.4944,0.94,38.68,155.877,1.4705,2.228,2.4717,0.3759,0.3759,178279.0,177123.0,140060.0,474223.0,471148.0,
688520.SH,20260820,40.94,2.1952,7.1325,2.79,,,271.88,12.3421,14.121,,,47033.6,44533.6,13706.2,1925550.0,1823200.0,
300277.SZ,20260820,11.92,1.119,1.2907,0.75,8054.88,394.534,1.7887,92.4195,45.6243,0.0371,0.151,151659.0,76544.8,66362.2,1807780.0,912414.0,
688063.SH,20260820,43.98,1.5713,2.2513,0.81,127.358,74.3224,1.168,3.4107,2.8823,0.9982,0.2751,24535.9,24535.9,17124.7,1079090.0,1079090.0,
601211.SH,20260820,17.49,0.7717,0.9552,1.25,11.0572,9.5106,0.9288,4.8725,3.559,2.4469,2.8451,1758110.0,1344910.0,1086590.0,30749300.0,23522500.0,
688067.SH,20260820,23.14,1.7622,3.2814,1.42,54.5094,52.4998,3.0151,7.163,7.1712,0.6584,0.6584,6800.0,6800.0,3651.71,157352.0,157352.0,
301196.SZ,20260820,90.34,8.9178,13.3236,1.2,57.7386,59.1283,4.4377,6.7311,6.522,0.5066,1.1029,16421.3,10779.6,7215.0,1483500.0,973826.0,
000630.SZ,20260820,6.41,2.4291,3.7092,0.99,35.5919,32.6847,2.293,0.4976,0.4252,2.2651,1.5601,1340950.0,1114300.0,729724.0,8595470.0,7142660.0,
600548.SH,20260820,8.28,0.1599,1.0999,1.14,18.2829,17.7985,0.8951,2.2682,2.2712,2.9469,2.9469,253786.0,171443.0,24923.0,2101340.0,1419540.0,
603877.SH,20260820,12.88,0.3641,1.2358,0.75,34.7298,30.5246,1.38,0.9555,0.9586,3.1133,2.3292,46990.5,46932.4,13828.0,605237.0,604489.0,
000938.SZ,20260820,35.66,5.6508,8.4342,0.53,60.5097,47.9981,6.5685,1.0542,0.9812,0.2103,0.1823,286008.0,286007.0,191620.0,10199000.0,10199000.0,
603778.SH,20260820,9.35,4.4238,6.0831,0.75,,,21.8619,7.7496,7.5236,,,66004.2,64285.7,46750.1,617139.0,601071.0,
600603.SH,20260820,4.68,1.1927,2.9219,0.77,14.6713,30.7466,0.7315,1.9939,2.1249,,,115380.0,115380.0,47095.7,539978.0,539978.0,
002645.SZ,20260820,19.2,4.9756,7.9277,0.74,70.7749,37.1132,3.3885,1.8455,1.6227,,0.434,75312.0,68021.4,42691.7,1445990.0,1306010.0,
603660.SH,20260820,11.28,4.6289,6.029,0.93,,,9.0261,6.1622,6.9082,,,57149.3,57149.3,43877.9,644644.0,644644.0,
301322.SZ,20260820,40.1,4.4972,4.9031,0.85,129.893,441.353,2.0201,5.779,5.4721,1.2349,0.1247,14265.6,9621.27,8824.73,572050.0,385813.0,
301696.SZ,20260820,98.53,7.5167,7.5167,0.62,93.5358,74.8932,18.5804,36.674,28.6771,,0.5075,40001.0,3008.34,3008.34,3941300.0,296412.0,
002384.SZ,20260820,197.67,3.7636,4.0757,0.77,261.21,177.469,15.9934,9.0232,8.1068,0.0328,,183161.0,138632.0,128017.0,36205400.0,27403400.0,
600834.SH,20260820,7.56,1.1338,2.7276,2.91,66.5577,73.4168,2.0707,6.052,5.9714,0.2513,0.5291,47738.2,47738.2,19843.8,360901.0,360901.0,
603496.SH,20260820,24.14,2.894,3.9161,0.34,221.245,158.875,5.5433,7.3851,7.0257,0.1036,0.1036,32020.9,32020.9,23663.5,772985.0,772985.0,
920146.BJ,20260820,5.01,0.8511,1.0,0.73,,,3.6888,2.1461,2.8758,,,13499.0,10859.3,9243.25,67630.2,54405.2,
920489.BJ,20260820,13.42,2.2351,2.2351,0.67,,,3.8172,3.3786,3.4206,1.3413,,13645.9,8682.55,8682.55,183128.0,116520.0,
605208.SH,20260820,14.04,2.2618,3.8696,0.66,68.6239,65.3911,2.0843,0.7923,0.7705,0.2774,0.4274,32994.0,32994.0,19285.0,463236.0,463236.0,
002092.SZ,20260820,4.45,2.287,3.251,1.28,,,0.5336,0.4016,0.3828,,,259002.0,257564.0,181193.0,1152560.0,1146160.0,
300892.SZ,20260820,23.0,3.6086,5.6558,0.39,458.028,,2.2173,2.9066,2.8633,0.4305,0.4305,10000.0,6456.25,4119.34,230000.0,148494.0,
688069.SH,20260820,31.32,1.3642,2.6236,0.47,49.7012,50.957,3.7824,8.5444,8.5163,0.8894,1.5565,15663.3,15663.3,8144.74,490575.0,490575.0,
002771.SZ,20260820,12.45,2.1009,2.2243,0.73,,,4.4103,7.0536,7.4013,0.0819,,20976.4,17451.5,16482.8,261156.0,217271.0,
301600.SZ,20260820,83.8,2.5703,2.5703,1.14,55.0223,55.8273,6.8981,9.238,8.7671,2.5989,1.1933,10452.3,3225.85,3225.85,875907.0,270326.0,
920061.BJ,20260820,17.32,1.4324,2.3528,0.46,276.423,264.601,4.3723,12.7155,12.7008,0.8199,0.4099,7079.0,3936.44,2396.62,122608.0,68179.1,
603577.SH,20260820,10.04,0.7552,1.8975,0.56,33.0447,33.4839,1.7247,0.8141,0.8212,0.8645,0.6056,33913.9,33913.9,13497.0,340496.0,340496.0,
301230.SZ,20260820,37.53,21.6279,35.5696,1.5,198.01,147.304,6.5932,9.8652,9.8244,0.8102,0.7503,18094.1,16274.8,9895.77,679072.0,610793.0,
600939.SH,20260820,2.59,0.6978,2.7949,1.47,,,0.703,0.2228,0.2309,,,190248.0,190248.0,47498.4,492741.0,492741.0,
920010.BJ,20260820,8.35,2.6085,4.8318,0.8,71.4732,70.1209,2.8126,4.1812,4.0732,0.5988,0.3593,23450.0,17422.4,9405.65,195808.0,145477.0,
603320.SH,20260820,16.52,0.9101,2.2406,0.84,30.5899,32.904,2.0599,2.5057,2.5267,0.8475,1.0291,14914.6,14914.6,6058.19,246390.0,246390.0,
000920.SZ,20260820,11.09,1.1358,2.4322,0.76,23.7653,23.8027,2.606,2.5937,2.6114,1.8665,2.0198,47262.1,47259.9,22070.1,524137.0,524112.0,
300882.SZ,20260820,14.34,0.6428,1.9822,0.76,33.5383,38.0132,3.1788,2.9275,2.8696,0.3487,1.3947,28620.1,26632.7,8637.1,410413.0,381913.0,
603227.SH,20260820,7.69,0.7573,1.459,0.81,16.3625,15.656,1.5626,1.4812,1.5259,2.6008,1.9506,107169.0,107169.0,55628.6,824132.0,824132.0,
300449.SZ,20260820,7.01,1.9855,2.5824,0.73,,,9.726,16.6456,17.7431,,,38603.6,38603.6,29681.5,270611.0,270611.0,
002786.SZ,20260820,7.6,1.1282,1.7885,0.95,,,18.9049,1.6355,1.6117,,,49561.2,49411.2,31169.8,376665.0,375525.0,
300158.SZ,20260820,5.5,4.1907,6.0283,0.91,,,1.6301,1.961,2.0382,,,99230.3,99149.3,68926.3,545767.0,545321.0,
002997.SZ,20260820,27.19,1.2497,2.1325,0.79,14.5256,14.026,2.1472,1.7287,1.6276,1.655,1.655,20932.1,20932.1,12266.8,569145.0,569145.0,
001288.SZ,20260820,24.01,1.5585,2.3607,0.67,28.6736,26.9468,2.4025,3.1424,3.1883,0.7475,0.837,23376.4,15187.3,10026.4,561267.0,364647.0,
300746.SZ,20260820,13.51,1.5233,3.1919,0.72,42.4695,43.8298,3.7021,2.3263,2.4274,,,22573.8,22354.5,10668.5,304973.0,302010.0,
688320.SH,20260820,32.65,2.2939,3.0687,0.73,,,4.0633,4.8468,4.6505,,,15101.4,15101.4,11288.6,493060.0,493060.0,
300775.SZ,20260820,20.89,1.6912,2.4071,0.77,29.4342,42.2487,1.9422,7.2006,7.7862,0.9574,0.4787,54755.3,53164.3,37353.0,1143840.0,1110600.0,
002501.SZ,20260820,1.26,0.5861,0.7569,0.98,,,27.8836,20.0052,19.2997,,,355000.0,354647.0,274647.0,447300.0,446855.0,
920541.BJ,20260820,9.65,0.4033,0.6101,0.7,18.681,17.873,2.7119,3.8898,3.8086,1.5544,2.0725,13670.0,9005.87,5952.06,131916.0,86906.6,
600889.SH,20260820,13.4,0.5538,0.9542,0.7,,4018.86,4.9765,26.1555,21.8852,,,58658.9,36634.6,21263.6,786030.0,490904.0,
000978.SZ,20260820,6.14,1.7197,3.406,1.21,260.526,234.035,2.6833,6.5283,6.3441,,,46813.0,46812.0,23635.4,287432.0,287426.0,
000530.SZ,20260820,4.89,1.3846,1.936,0.67,66.4634,134.583,1.3051,0.9375,0.9835,1.0225,1.0225,84321.2,60011.7,42920.0,412331.0,293457.0,
600354.SH,20260820,6.84,22.6797,31.4893,1.49,76.4047,117.9,4.8234,3.1102,3.0312,,,52780.2,52780.2,38014.2,361017.0,361017.0,
002163.SZ,20260820,8.11,2.0729,2.8904,0.88,,,11.5273,1.9578,1.9631,,,84495.8,80354.9,57627.0,685261.0,651678.0,
002979.SZ,20260820,54.54,7.4516,9.7162,0.94,76.4811,71.3224,9.201,9.1986,8.5808,0.5656,0.4573,31603.8,22278.5,17086.0,1723670.0,1215070.0,
603061.SH,20260820,353.76,5.5823,7.9396,1.21,174.35,131.882,18.0207,44.0822,36.0603,0.0322,0.0741,8700.0,8700.0,6116.95,3077710.0,3077710.0,
600763.SH,20260820,36.54,4.0547,6.177,1.33,32.5612,26.579,3.9511,5.6105,5.4927,1.2315,,44728.9,44728.9,29360.9,1634390.0,1634390.0,
002811.SZ,20260820,13.32,5.8657,11.4506,1.1,26.6588,24.8436,2.8255,2.9745,2.7601,3.2901,2.5589,30797.0,28258.7,14475.7,410216.0,376406.0,
603421.SH,20260820,5.85,1.1648,2.3459,0.77,,,1.5853,2.5388,2.5915,,,65219.1,65219.1,32383.3,381531.0,381531.0,
600971.SH,20260820,8.67,2.3363,5.1872,1.56,,,0.8762,1.8805,1.7384,5.421,2.8627,120000.0,120000.0,54046.6,1040400.0,1040400.0,
688569.SH,20260820,19.14,2.3524,8.7071,2.05,23.5424,20.8982,1.3524,3.1619,2.876,1.8286,1.4107,21066.7,21066.7,5691.67,403216.0,403216.0,
688256.SH,20260820,1010.88,2.3623,4.8351,1.17,308.706,190.782,46.8961,97.8416,66.1348,,0.0995,62885.4,62885.4,30724.3,63569600.0,63569600.0,
603339.SH,20260820,13.8,1.7506,3.1353,0.85,27.6556,24.9168,1.5312,2.5255,2.3795,1.6728,1.1232,30944.1,30944.1,17277.9,427029.0,427029.0,
002838.SZ,20260820,24.22,2.1374,4.4051,0.72,61.3372,43.9379,3.0832,1.9133,1.7865,0.5208,0.4906,47839.8,42063.2,20409.8,1158680.0,1018770.0,
300543.SZ,20260820,7.72,3.2839,3.6418,0.84,256.858,,1.6724,1.4667,1.4829,1.2953,0.3886,30637.1,25019.9,22560.9,236519.0,193153.0,
301047.SZ,20260820,131.51,17.5821,46.2955,1.45,108.277,101.728,2.9965,22.8663,21.9825,3.802,3.9541,12163.7,11958.1,4541.44,1599640.0,1572600.0,
688347.SH,20260820,232.68,3.8914,4.0535,0.55,1073.61,819.468,8.9359,23.3835,22.4577,,,173773.0,40775.0,39144.0,40433400.0,9487530.0,
000878.SZ,20260820,16.09,1.9357,2.924,1.0,29.9827,28.8812,2.1175,0.2173,0.198,1.2323,1.4295,242518.0,200362.0,132642.0,3902120.0,3223830.0,
300447.SZ,20260820,13.4,1.4996,1.9174,0.91,141.122,153.413,2.0831,4.9907,5.012,0.3693,0.4432,31231.0,20145.3,15755.3,418496.0,269947.0,
600908.SH,20260820,5.4,1.0751,1.4093,1.52,5.1324,5.0951,0.5123,2.4591,2.4413,6.1111,4.4444,219468.0,199931.0,152508.0,1185130.0,1079630.0,
603345.SH,20260820,81.46,1.2742,1.699,0.75,19.9742,17.7696,1.6911,1.6767,1.5691,4.1451,3.5031,33328.9,29329.4,21997.3,2714970.0,2389170.0,
002860.SZ,20260820,17.82,7.652,12.1362,2.03,31.45,35.231,2.6634,2.9124,2.9652,0.567,0.5612,35214.5,34394.4,21685.9,627523.0,612909.0,
605177.SH,20260820,20.77,10.1316,20.4711,2.74,,,1.4341,2.5343,2.3502,,,11472.0,11365.2,5624.87,238274.0,236056.0,
688687.SH,20260820,18.69,4.7222,6.0859,1.68,104.416,288.767,1.8593,2.419,2.4651,1.5722,1.3376,17094.4,17094.4,13263.8,319495.0,319495.0,
002478.SZ,20260820,6.35,2.7232,3.3308,0.91,11.8607,13.0607,0.9422,0.9707,0.9514,3.4393,3.126,90080.4,72272.4,59089.9,572011.0,458930.0,
301332.SZ,20260820,7.89,1.3282,1.702,0.76,28.0909,28.4972,1.2253,1.0612,1.1026,1.8879,1.8916,46156.2,26484.0,20667.1,364173.0,208959.0,
002242.SZ,20260820,8.99,0.5951,1.8335,0.53,58.3066,69.2842,1.9691,0.8355,0.8551,1.6685,1.6685,76301.7,76168.6,24723.8,685952.0,684755.0,
300850.SZ,20260820,25.3,2.2294,2.4577,0.62,12.8048,13.1403,1.4651,2.2638,2.2835,0.3344,1.166,41408.6,30078.5,27284.0,1047640.0,760987.0,
688790.SH,20260820,96.76,2.2074,2.2074,0.49,,,3.5439,5.1162,5.0257,,,9953.17,1267.58,1267.58,963069.0,122651.0,
603719.SH,20260820,9.73,0.8909,1.8108,0.74,,,1.8952,0.7059,0.6684,2.5785,2.5785,39798.3,39798.3,19580.9,387238.0,387238.0,
300307.SZ,20260820,7.23,3.4856,5.3271,0.63,59.4328,51.6778,1.7545,2.971,2.9387,1.3722,0.2766,80055.4,78689.9,51488.2,578800.0,568928.0,
301152.SZ,20260820,19.06,3.8127,3.8127,0.78,,,1.8686,1.0267,0.9832,,,11874.0,7097.92,7097.92,226318.0,135286.0,
000716.SZ,20260820,5.02,11.2435,15.8325,1.13,,,1.4944,1.675,1.536,0.9968,,75288.4,73572.4,52247.8,377948.0,369334.0,
603887.SH,20260820,9.1,7.5214,8.8523,0.58,,,1.5726,1.4199,1.3947,,,60202.9,60202.9,51151.4,547847.0,547847.0,
301603.SZ,20260820,120.76,5.9017,5.9017,1.14,41.5207,38.1229,5.8298,5.8412,5.3147,0.0828,0.2484,12076.0,3773.25,3773.25,1458300.0,455658.0,
300871.SZ,20260820,23.99,4.2869,7.9721,0.93,19.1218,14.1654,2.0924,2.8793,2.8079,0.8596,1.2445,20178.4,20178.4,10850.8,484081.0,484081.0,
601928.SH,20260820,9.38,0.4484,1.6489,1.38,13.2977,13.9484,1.1719,1.9334,1.9884,6.3966,1.0661,254490.0,254490.0,69212.0,2387120.0,2387120.0,
605180.SH,20260820,12.53,4.9133,17.0898,1.19,80.7788,98.0646,1.8438,6.0666,5.5668,1.0375,0.5587,16900.0,16900.0,4858.75,211757.0,211757.0,
603275.SH,20260820,35.41,1.394,1.394,0.79,29.3336,29.0413,1.7445,7.2254,6.8465,0.4765,0.3411,14865.5,4153.6,4153.6,526387.0,147079.0,
000739.SZ,20260820,21.94,4.9493,10.5387,1.81,28.5358,29.9013,3.8697,2.5978,2.774,3.1966,2.6283,115844.0,115798.0,54382.4,2541630.0,2540610.0,
301263.SZ,20260820,19.83,1.6535,1.8947,0.76,353.619,,6.1373,15.0025,15.623,0.8366,0.2101,51059.7,36430.3,31792.5,1012510.0,722413.0,
605289.SH,20260820,107.21,2.8082,5.5629,1.0,300.861,189.16,12.0112,8.6774,7.8281,,0.1666,15261.0,15248.4,7697.7,1636140.0,1634780.0,
002635.SZ,20260820,15.62,6.3954,8.2191,1.21,92.6541,89.6846,1.7649,2.1698,2.1388,1.2804,0.9603,65968.7,39553.3,30777.3,1030430.0,617823.0,
920367.BJ,20260820,29.63,21.989,44.4199,0.88,143.864,169.6,4.3357,14.8872,14.7231,0.3375,0.1012,7086.12,4199.26,2078.74,209962.0,124424.0,
603395.SH,20260820,30.64,43.7177,43.7177,5.51,155.475,156.549,5.5845,2.3221,2.3013,0.3766,0.2089,26000.0,6500.0,6500.0,796640.0,199160.0,
920826.BJ,20260820,8.84,8.6467,9.0967,0.48,26.1057,25.7779,3.1749,1.9703,1.9069,1.1312,1.1312,14051.6,6315.42,6002.96,124216.0,55828.3,
300614.SZ,20260820,10.71,1.3586,2.5205,0.82,,,2.3784,4.3618,4.6802,,,16044.1,16044.1,8648.44,171832.0,171832.0,
600486.SH,20260820,55.5,1.1306,1.9337,0.88,17.4409,17.8277,1.89,1.8894,1.854,1.6629,1.7203,40411.2,40411.2,23628.6,2242820.0,2242820.0,
300654.SZ,20260820,10.0,3.4298,6.4048,0.79,146.555,145.321,4.2655,7.2116,7.2367,0.55,0.5,36612.5,35263.6,18883.8,366125.0,352636.0,
001282.SZ,20260820,15.8,0.9845,2.3678,0.71,31.9823,32.7604,2.1237,2.1382,2.1304,0.8951,0.981,22218.6,15272.7,6350.46,351053.0,241309.0,
688172.SH,20260820,55.55,1.1251,2.4131,0.96,,,4.365,43.2585,39.5352,,,142762.0,119875.0,55893.3,7930420.0,6659080.0,
603889.SH,20260820,5.69,0.6218,1.1319,0.93,11.2493,10.8244,1.4171,1.069,1.0318,4.0576,4.7316,94920.5,94213.7,51750.5,540098.0,536076.0,
000060.SZ,20260820,6.51,2.3496,3.3595,1.05,36.0609,28.0064,1.4474,0.4781,0.4531,1.1247,0.8449,444117.0,444112.0,310606.0,2891200.0,2891170.0,
920002.BJ,20260820,53.46,3.2633,5.1824,0.68,54.3368,53.0623,4.4823,9.6433,9.0789,0.3817,0.4142,6370.42,4459.72,2808.27,340562.0,238416.0,
301175.SZ,20260820,5.43,1.9113,1.9113,0.97,20.9352,20.4886,2.1041,4.2681,4.1032,3.5912,2.9466,147188.0,62188.0,62188.0,799231.0,337681.0,
300033.SZ,20260820,220.22,2.1953,3.481,0.78,51.7136,49.6154,23.7133,27.4916,26.1665,1.0055,1.6866,75264.0,43841.1,27648.9,16574600.0,9654680.0,
001366.SZ,20260820,11.92,12.9777,37.4507,3.88,,,2.38,1.4079,1.3496,,,16068.0,16068.0,5568.0,191531.0,191531.0,
600127.SH,20260820,8.6,43.4074,55.1809,7.71,1462.94,,8.2207,1.6436,1.6225,,,64178.3,64178.3,50485.1,551934.0,551934.0,
300421.SZ,20260820,16.25,2.3506,2.6671,0.81,69.0295,80.7884,3.697,4.3081,4.255,0.7385,0.9231,29403.0,23030.3,20297.1,477800.0,374242.0,
001326.SZ,20260820,61.0,6.4685,7.4464,0.86,176.224,155.932,3.6124,2.9037,2.846,0.459,0.2291,7320.0,2401.73,2086.33,446520.0,146506.0,
601696.SH,20260820,11.64,1.0742,2.0556,0.9,30.935,28.7061,1.6708,9.5385,9.0838,0.3299,0.3239,277800.0,277800.0,145168.0,3233590.0,3233590.0,
688602.SH,20260820,6.82,0.8224,1.6453,0.72,,,1.3051,4.6027,5.2376,,,51937.5,51937.5,25959.6,354214.0,354214.0,
600460.SH,20260820,32.63,9.3671,13.8287,1.39,136.24,118.344,4.4518,4.1603,4.0011,0.1226,0.2452,166407.0,166407.0,112719.0,5429870.0,5429870.0,
003025.SZ,20260820,12.28,1.3726,2.303,0.64,22.5619,22.7373,2.6813,4.7507,4.6857,1.4929,1.62,28395.4,22641.6,13494.9,348695.0,278039.0,
605296.SH,20260820,30.42,0.4532,3.6813,0.78,47.2261,,3.7407,2.9911,3.0774,1.2785,1.2785,52623.1,51798.4,6377.35,1600790.0,1575710.0,
600619.SH,20260820,13.79,2.0957,3.1403,0.76,206.088,114.745,2.3988,0.7221,0.7202,0.0943,0.203,107334.0,78917.5,52667.9,1480140.0,1088270.0,
002304.SZ,20260820,39.41,0.2734,0.7091,0.7,26.9118,58.4622,1.2057,3.0904,3.6354,11.7914,3.73,150644.0,150641.0,58085.1,5936900.0,5936760.0,
603337.SH,20260820,37.5,0.954,2.8524,0.58,20.8713,20.6071,3.3247,2.7121,2.6204,1.2745,1.1435,47638.8,46703.0,15619.8,1786460.0,1751360.0,
603966.SH,20260820,7.77,0.9075,1.4128,0.94,17.2343,15.8891,1.9055,1.6656,1.5179,2.2679,2.7721,52039.5,51969.7,33382.2,404347.0,403805.0,
300363.SZ,20260820,24.48,11.0062,17.275,1.5,138.089,103.538,2.4829,3.8901,3.7959,,0.3668,54344.2,49555.4,31572.7,1330350.0,1213120.0,
920427.BJ,20260820,8.49,1.0481,1.7016,0.52,,,2.785,9.2539,8.3337,1.7079,,10309.5,5090.8,3135.76,87527.7,43220.9,
001277.SZ,20260820,36.27,13.5623,26.4853,5.01,31.841,30.6551,1.7542,2.596,2.4243,1.5266,0.9429,7600.0,4554.95,2332.44,275652.0,165208.0,
600023.SH,20260820,4.88,0.1681,0.6269,0.87,8.6921,8.8415,0.848,0.8225,0.8431,6.9672,6.7623,1340870.0,1340870.0,359557.0,6543460.0,6543460.0,
603790.SH,20260820,24.47,3.9754,10.207,1.03,65.0384,57.7482,3.5885,5.6529,5.3422,0.4904,0.5313,19136.0,19136.0,7453.05,468258.0,468258.0,
603662.SH,20260820,49.05,2.1213,4.5199,0.91,40.4483,45.013,4.9377,8.8388,8.6062,0.5684,0.7421,28083.0,28083.0,13179.9,1377470.0,1377470.0,
688678.SH,20260820,19.7,5.067,7.5999,1.18,143.832,91.6556,3.3968,4.0266,3.6528,0.3265,0.3626,40310.6,40310.6,26876.2,794120.0,794120.0,
002277.SZ,20260820,5.69,0.9814,1.4437,0.86,,,1.2408,8.0289,8.7374,0.0879,,139417.0,139417.0,94772.4,793284.0,793284.0,
002600.SZ,20260820,12.2,1.0307,2.425,0.64,43.304,46.8585,4.0612,1.9263,1.8842,0.3202,0.3262,812029.0,719998.0,306032.0,9906750.0,8783980.0,
603293.SH,20260820,35.2,2.3501,2.3501,0.47,25.3786,25.2821,2.1395,1.7466,1.6303,,,17909.1,3509.65,3509.65,630399.0,123540.0,
603607.SH,20260820,21.59,1.5764,3.0402,0.52,36.4511,36.0058,3.6032,4.5007,4.7426,2.3159,2.3159,17851.7,17851.7,9256.48,385418.0,385418.0,
600195.SH,20260820,6.85,0.9258,1.8894,1.3,40.8302,53.2004,1.2292,1.1274,1.0837,0.3358,0.7445,102115.0,102115.0,50037.1,699487.0,699487.0,
603210.SH,20260820,13.59,0.8313,1.1594,0.62,23.0402,21.7395,2.3869,2.0172,1.9413,,0.8646,34040.0,23267.8,16681.8,462604.0,316209.0,
001965.SZ,20260820,9.17,0.2584,1.225,1.21,13.516,13.458,0.8889,4.6638,4.4147,4.552,4.0676,679510.0,679510.0,143317.0,6231100.0,6231100.0,
688183.SH,20260820,104.4,1.1671,3.9469,0.58,59.3589,42.5864,13.4278,9.2107,7.5982,0.5159,0.8473,83759.1,83759.1,24766.6,8744450.0,8744450.0,
300724.SZ,20260820,58.31,3.6739,3.9439,0.78,7.7602,9.3192,1.4932,1.3127,1.5782,2.0496,2.053,34829.2,28771.4,26801.7,2030890.0,1677660.0,
920027.BJ,20260820,11.63,0.8838,1.1581,0.66,27.0666,23.8005,2.5825,3.2906,3.1366,0.7937,1.7858,10296.5,7204.89,5498.64,119748.0,83792.9,
601311.SH,20260820,7.69,0.6708,1.1111,0.81,10.7676,11.8638,0.8812,0.5534,0.5632,3.7711,4.6814,117315.0,117315.0,70819.9,902149.0,902149.0,
301107.SZ,20260820,20.01,2.3255,4.7338,0.61,37.8314,56.7507,3.0034,4.024,3.8562,1.7848,1.0709,14218.9,8116.07,3987.02,284520.0,162403.0,
000598.SZ,20260820,7.2,0.4551,1.2161,1.05,10.7156,10.6118,1.0609,2.3694,2.3528,2.5976,3.2667,298401.0,298361.0,111649.0,2148490.0,2148200.0,
601121.SH,20260820,7.31,1.4958,3.3533,0.78,51.2683,45.753,1.644,4.4636,4.4922,0.417,0.9808,98424.3,80000.0,35685.7,719481.0,584800.0,
000728.SZ,20260820,7.04,0.3083,0.5254,0.72,12.6624,13.1983,0.7902,4.9163,5.0715,3.4091,2.5568,436378.0,436378.0,256053.0,3072100.0,3072100.0,
600609.SH,20260820,3.24,1.6235,2.2737,1.2,17.9891,20.113,2.4947,0.9278,0.9119,,0.7099,130456.0,130456.0,93150.9,422677.0,422677.0,
601238.SH,20260820,5.41,0.9607,3.2586,3.6,,,0.5292,0.5767,0.5743,0.3689,,1019710.0,738370.0,217677.0,5516610.0,3994580.0,
600716.SH,20260820,3.56,0.5919,1.2363,1.18,,,0.7491,6.3668,6.995,,,93606.1,93606.1,44817.7,333238.0,333238.0,
688660.SH,20260820,7.9,1.0928,2.7325,0.83,,,2.9165,0.7699,0.6318,,,133333.0,133333.0,53323.3,1053330.0,1053330.0,
301503.SZ,20260820,22.33,2.375,4.1129,1.53,21.8341,27.8323,2.1164,1.4868,1.4081,3.2726,2.2391,10400.0,5766.8,3330.08,232232.0,128773.0,
000518.SZ,20260820,3.69,6.4413,9.9343,0.84,,,11.7506,11.0315,9.9527,,,102956.0,102954.0,66754.5,379906.0,379899.0,
600557.SH,20260820,12.82,2.7062,4.6549,1.38,23.8809,24.2105,1.4819,2.2042,2.2356,,,56615.9,56615.9,32914.6,725816.0,725816.0,
600587.SH,20260820,12.79,1.6673,2.3816,1.23,14.7415,15.8367,0.9881,0.7969,0.8013,3.9095,2.7366,60664.5,60664.5,42468.5,775898.0,775898.0,
002054.SZ,20260820,7.23,1.8548,2.0725,0.9,29.4939,26.0903,1.3319,1.1627,1.1022,0.9483,0.9675,48211.5,38401.2,34368.8,348569.0,277641.0,
300648.SZ,20260820,38.35,1.0855,1.2959,0.76,,,5.7598,6.9991,6.9186,,,17428.1,13268.7,11114.3,668369.0,508854.0,
002822.SZ,20260820,3.19,0.6152,0.8159,0.93,,,5.7538,8.1078,8.6217,,,195000.0,106895.0,80595.7,622050.0,340994.0,
600113.SH,20260820,30.85,2.6365,5.7843,1.3,90.1914,92.4476,5.0733,16.798,17.0507,0.3892,0.4214,42117.7,41143.1,18753.2,1299330.0,1269270.0,
603128.SH,20260820,5.36,0.5482,1.0274,1.11,14.3677,15.1583,1.1116,0.3906,0.3833,3.2463,4.1791,130905.0,130905.0,69854.7,701649.0,701649.0,
002344.SZ,20260820,3.9,0.7481,1.5919,0.64,70.844,103.951,0.5914,4.9007,4.9814,0.9744,1.0256,128262.0,128127.0,60215.0,500221.0,499695.0,
301336.SZ,20260820,42.28,2.0973,2.5212,0.49,71.841,75.5732,2.6045,6.4331,7.1024,0.4087,0.4539,5190.45,4016.59,3341.34,219452.0,169821.0,
300003.SZ,20260820,12.8,3.5446,4.8955,1.6,24.5277,28.4191,1.4353,3.6398,3.6762,2.3261,2.5429,184342.0,157891.0,114324.0,2359580.0,2021010.0,
603429.SH,20260820,8.3,0.8023,1.3611,1.68,,,3.4504,25.4399,36.2487,,,52448.5,52448.5,30918.0,435323.0,435323.0,
600221.SH,20260820,1.31,0.3861,0.6672,0.86,28.5981,16.493,8.1408,0.8268,0.8164,,,4321560.0,4284550.0,2479340.0,5661250.0,5612760.0,
300998.SZ,20260820,26.4,3.9702,6.1616,1.28,132.729,154.318,2.8105,2.8149,2.8666,,0.7502,13716.9,10768.1,6938.33,362127.0,284277.0,
000756.SZ,20260820,14.5,5.8367,11.3329,1.75,34.8475,38.6016,1.8883,1.1539,1.1548,1.7004,1.0345,69668.3,49889.9,25694.3,1010190.0,723404.0,
603717.SH,20260820,6.35,3.8364,5.6061,0.9,,,4.8173,2.5392,2.8162,,,29014.6,29014.6,19855.6,184243.0,184243.0,
920092.BJ,20260820,27.43,6.349,9.9612,0.54,,,4.8521,16.1461,20.701,0.1805,,6207.97,3295.67,2100.58,170285.0,90400.1,
601208.SH,20260820,45.72,5.7166,7.4337,0.77,161.805,121.415,7.5865,8.914,8.4122,0.1925,0.3281,101018.0,101018.0,77683.8,4618560.0,4618560.0,
603062.SH,20260820,39.2,0.6479,0.7423,0.82,20.1408,24.8844,2.0125,2.4731,2.5713,4.403,4.2977,10800.0,3707.31,3235.75,423360.0,145327.0,
600022.SH,20260820,1.32,0.5764,1.3955,0.85,133.3,,0.7507,0.21,0.221,,,1069880.0,1069880.0,441891.0,1412250.0,1412250.0,
600057.SH,20260820,6.26,0.8665,1.978,1.19,13.745,13.6154,1.1273,0.0433,0.0431,5.4821,3.5153,283902.0,209251.0,91661.7,1777220.0,1309910.0,
600372.SH,20260820,10.9,0.3031,0.6774,0.66,49.417,46.0045,1.3907,2.1784,2.1859,0.8435,0.6213,483890.0,483890.0,216484.0,5274400.0,5274400.0,
603036.SH,20260820,15.49,9.0648,11.6916,3.09,30.3388,32.0131,2.2649,7.3,7.3732,1.2912,1.4203,20600.6,20600.6,15972.2,319103.0,319103.0,
600429.SH,20260820,4.6,0.7204,2.4664,0.6,,,1.4307,1.0898,1.0773,0.2621,,150209.0,149756.0,43739.6,690961.0,688876.0,
000061.SZ,20260820,5.8,1.7922,4.5372,0.81,30.9093,26.5976,1.332,1.7635,1.846,1.0318,1.0345,198496.0,179431.0,70877.7,1151280.0,1040700.0,
688207.SH,20260820,19.44,2.9809,3.8239,0.56,,,2.7604,32.3827,29.8637,,,25897.3,25897.3,20187.6,503444.0,503444.0,
000565.SZ,20260820,6.02,5.4781,9.2141,2.34,322.236,94.2609,2.0337,6.6179,6.3115,0.2492,0.2492,43359.2,43359.2,25778.3,261022.0,261022.0,
301331.SZ,20260820,22.81,3.0233,8.3791,1.62,45.1818,48.7483,2.1607,2.6055,2.6682,0.7752,4.4704,10289.2,10263.7,3703.27,234696.0,234115.0,
300103.SZ,20260820,7.76,1.6007,2.2028,0.95,,,5.4935,16.0177,17.2825,,,31760.1,31733.7,23059.2,246458.0,246254.0,
920608.BJ,20260820,13.73,0.3815,0.4748,0.58,25.4654,25.1818,1.7425,5.8029,5.8626,2.185,2.185,6224.0,4821.89,3873.79,85455.5,66204.5,
300338.SZ,20260820,2.83,1.0064,1.0778,0.77,,,,8.3797,8.8217,,,40262.5,34993.7,32673.5,113943.0,99032.1,
688385.SH,20260820,53.63,2.4822,3.9475,0.85,190.137,49.7547,6.325,11.0932,10.1115,0.1485,0.1081,82371.9,53938.9,33916.1,4417610.0,2892740.0,
002236.SZ,20260820,16.14,1.5039,1.9712,0.73,13.6773,14.0136,1.3496,1.6115,1.5399,3.986,3.4182,326926.0,239114.0,182425.0,5276590.0,3859300.0,
300641.SZ,20260820,14.15,1.224,2.8084,0.88,10.4132,23.1679,2.3355,3.2466,3.911,4.2403,5.6537,52554.5,52554.1,22904.4,743646.0,743641.0,
603170.SH,20260820,12.59,0.8742,2.5803,1.16,19.1779,18.6574,3.2537,1.7166,1.6562,3.0977,3.4948,40001.0,40001.0,13552.8,503613.0,503613.0,
002466.SZ,20260820,46.03,1.7551,2.6143,0.62,170.461,35.2937,1.7013,7.6219,6.1178,,,171322.0,147572.0,99072.8,7885940.0,6792760.0,
603516.SH,20260820,93.67,2.2396,3.2384,0.83,68.0932,64.3585,11.1764,57.8363,56.8971,0.2655,0.1062,20326.8,20326.8,14057.6,1904010.0,1904010.0,
002043.SZ,20260820,13.6,3.482,6.2453,1.93,16.0685,16.5526,3.43,1.2704,1.186,4.3618,4.2972,82975.4,80610.6,44943.8,1128470.0,1096300.0,
603918.SH,20260820,10.07,2.4609,3.2748,0.35,,,3.7569,5.3082,5.1626,,,36510.8,36510.8,27436.5,367663.0,367663.0,
002779.SZ,20260820,74.15,2.1442,3.8001,0.94,79.4056,86.1772,14.5682,13.4569,11.7438,0.106,0.2333,18480.0,16580.8,9355.5,1370290.0,1229470.0,
000301.SZ,20260820,13.52,0.6184,1.9705,1.57,668.309,72.9659,2.5733,0.7117,0.7021,,,661123.0,660837.0,207398.0,8938390.0,8934520.0,
605068.SH,20260820,17.16,1.9813,5.7137,0.58,187.924,,1.8016,1.8766,1.8506,,0.2331,16219.8,16219.8,5624.36,278333.0,278333.0,
001393.SZ,20260820,42.25,3.1958,3.1958,0.6,34.9773,35.3408,2.8455,3.3697,3.106,,,24933.3,4804.02,4804.02,1053430.0,202970.0,
603060.SH,20260820,5.5,0.4801,1.5198,0.79,37.0289,35.8335,2.1886,1.6982,1.6835,2.0727,1.2182,80396.4,80396.4,25395.2,442180.0,442180.0,
002599.SZ,20260820,5.87,1.542,1.8159,0.77,421.652,326.914,2.5704,1.5573,1.5789,0.3357,0.1679,54061.5,41337.1,35100.9,317341.0,242649.0,
688268.SH,20260820,141.35,4.7655,8.0092,0.83,133.339,144.576,9.6133,12.721,12.3189,0.3976,0.3527,12768.2,12768.2,7597.03,1804790.0,1804790.0,
000725.SZ,20260820,5.9,4.32,4.9953,0.7,37.3165,36.7319,1.6059,1.0683,1.0662,0.8561,0.9484,3704430.0,3536710.0,3058570.0,21856200.0,20866600.0,
002660.SZ,20260820,7.48,1.4852,2.6881,1.04,,,2.6786,2.1772,2.2124,1.3369,,35662.6,34635.2,19135.7,266756.0,259071.0,
300950.SZ,20260820,16.67,1.6775,2.2853,1.11,27.8234,34.7068,3.0902,4.6865,4.6871,1.1751,1.1998,15364.4,9804.85,7197.21,256125.0,163447.0,
301408.SZ,20260820,16.31,7.8758,10.4875,0.76,34.095,31.1455,2.9978,1.1891,1.1566,0.6131,0.6131,40001.0,22895.9,17194.3,652416.0,373433.0,
002211.SZ,20260820,3.74,0.6958,1.105,0.5,,,33.5062,3.42,3.1537,,,43247.6,43247.6,27230.0,161746.0,161746.0,
002360.SZ,20260820,5.41,0.7914,0.8432,0.65,,,2.3649,4.6015,4.863,,,40177.4,32552.0,30550.5,217360.0,176106.0,
600326.SH,20260820,7.04,2.6644,3.4629,0.8,,,2.4928,2.7012,2.8631,,,136246.0,136246.0,104831.0,959175.0,959175.0,
920062.BJ,20260820,7.34,0.9223,1.0601,0.54,87.8823,140.284,1.8431,0.9841,0.9573,0.4041,0.4087,18870.6,13286.4,11559.3,138510.0,97522.2,
600316.SH,20260820,28.31,0.8862,1.7092,0.52,510.603,375.402,3.7651,2.7254,2.5949,0.06,0.06,71711.5,71711.5,37180.2,2030150.0,2030150.0,
600966.SH,20260820,4.82,0.6921,1.3527,0.97,41.4408,40.9143,0.8614,0.3363,0.3382,0.5459,0.4828,133684.0,133684.0,68397.8,644359.0,644359.0,
001390.SZ,20260820,17.55,1.2357,1.8387,1.3,19.6859,20.3029,2.0942,3.3317,3.2478,,0.737,20000.0,11877.9,7982.92,351000.0,208458.0,
688573.SH,20260820,16.17,3.344,3.344,1.09,,,4.5706,6.0511,5.455,,,9775.44,5321.62,5321.62,158069.0,86050.6,
920992.BJ,20260820,11.6,1.7978,2.8022,0.99,58.7258,62.7286,1.7896,3.6367,3.5665,0.6897,0.7759,9673.09,4901.73,3144.73,112208.0,56860.0,
688518.SH,20260820,19.46,2.6309,3.0456,0.83,39.7106,39.9438,2.0093,2.0366,2.0272,0.7708,0.7708,34132.5,34132.5,29484.9,664219.0,664219.0,
002406.SZ,20260820,6.6,1.5503,1.6053,0.75,30.8512,23.8536,1.2188,3.0719,2.7458,2.2727,4.5455,73022.5,56217.1,54294.1,481949.0,371033.0,
300919.SZ,20260820,39.75,0.8226,1.8413,0.79,26.4905,22.8747,1.7493,0.8624,0.7818,1.5592,1.6038,104447.0,91470.8,40866.3,4151750.0,3635960.0,
600256.SH,20260820,6.12,1.7783,2.7639,1.11,29.079,44.031,1.6026,1.2851,1.3776,10.1634,1.0294,639200.0,639200.0,411255.0,3911910.0,3911910.0,
601026.SH,20260820,16.33,9.001,9.001,0.66,53.1362,52.3436,4.2311,3.0805,3.0674,0.9186,2.327,65940.0,11108.6,11108.6,1076800.0,181403.0,
920735.BJ,20260820,24.72,2.706,3.7416,1.04,13.4642,12.9677,2.425,3.0159,2.9084,1.1278,1.471,12904.8,11413.3,8254.36,319006.0,282137.0,
600970.SH,20260820,7.78,0.4096,0.9924,0.77,7.1267,7.6863,0.8718,0.4113,0.4167,5.8241,6.1697,262181.0,262181.0,108206.0,2039770.0,2039770.0,
300412.SZ,20260820,4.58,3.3833,4.4388,1.42,76.909,89.9107,2.1868,1.8515,2.0447,1.31,1.2664,49775.7,46786.2,35661.1,227973.0,214281.0,
002737.SZ,20260820,13.62,1.2482,2.882,1.16,,,2.0144,3.4315,3.1837,3.6711,1.4684,58400.0,58400.0,25293.6,795408.0,795408.0,
002691.SZ,20260820,4.15,0.6187,1.7228,0.86,,,1.733,4.6878,4.9967,,,34000.0,33597.9,12065.1,141100.0,139431.0,
300688.SZ,20260820,30.28,7.9845,9.4053,1.29,,,13.8248,35.929,39.8452,,,16737.9,14837.8,12596.4,506825.0,449290.0,
688141.SH,20260820,121.81,3.3345,5.6157,0.78,,,43.9459,20.6603,18.9698,,,45032.2,45032.2,26738.8,5485370.0,5485370.0,
920152.BJ,20260820,12.82,0.9074,1.1041,0.73,,,7.9392,2.2319,2.2364,,,11010.4,8210.19,6747.01,141153.0,105255.0,
601138.SH,20260820,62.13,0.3937,2.4284,0.57,34.941,26.281,7.015,1.3655,1.1208,1.0304,1.5775,1984410.0,1984410.0,321691.0,123291000.0,123291000.0,
301618.SZ,20260820,34.39,9.4781,11.5758,2.01,106.865,141.664,4.5816,7.6452,7.4916,0.6973,0.4154,12630.2,4815.14,3942.58,434353.0,165593.0,
300042.SZ,20260820,39.51,5.8648,7.8082,0.59,291.658,56.5214,6.997,6.3864,4.5844,,0.1772,20040.0,20038.2,15050.7,791781.0,791708.0,
000883.SZ,20260820,4.45,0.2883,1.1263,0.89,16.4983,15.2986,0.8338,1.8036,1.7823,2.0632,3.3708,707939.0,647959.0,165875.0,3150330.0,2883420.0,
603035.SH,20260820,11.1,1.1253,1.6606,1.24,11.7461,12.3181,0.7554,0.5719,0.5463,3.1396,1.4755,36634.7,36634.7,24825.0,406645.0,406645.0,
300066.SZ,20260820,4.96,1.2406,1.9407,0.83,36.3085,36.6491,1.9624,4.4835,4.2354,0.6048,1.0081,104003.0,99809.9,63807.2,515856.0,495057.0,
300300.SZ,20260820,7.47,5.179,6.3932,0.62,34.9971,35.1734,18.7299,32.7667,32.4268,,,66684.7,66680.5,54016.4,498135.0,498103.0,
688517.SH,20260820,16.1,1.7844,2.9877,0.46,27.206,28.9258,2.7194,3.011,3.0709,3.3914,2.9954,13661.3,13661.3,8159.29,219947.0,219947.0,
600396.SH,20260820,14.67,10.1981,22.2155,0.59,759.533,532.786,14.0758,4.9644,4.8533,,,147271.0,147271.0,67605.3,2160460.0,2160460.0,
300545.SZ,20260820,32.21,19.6524,23.7511,3.0,53.7457,62.5332,2.7421,5.1015,5.4318,0.6028,0.3105,18546.1,11955.9,9892.71,597371.0,385099.0,
002307.SZ,20260820,2.91,1.2165,1.9031,0.94,,,1.1118,0.4239,0.4185,,,164878.0,162912.0,104135.0,479795.0,474075.0,
000652.SZ,20260820,3.45,0.9556,1.392,1.09,,,0.9276,0.2818,0.3419,0.8792,,145933.0,145822.0,100103.0,503470.0,503087.0,
000498.SZ,20260820,4.97,0.5246,1.3199,1.18,3.4643,3.5962,0.4621,0.1125,0.114,4.1004,4.4404,155244.0,144935.0,57603.3,771564.0,720326.0,
001229.SZ,20260820,47.0,8.7359,11.511,1.08,97.0285,114.387,6.6576,29.3845,28.8112,0.89,0.4559,14343.2,7375.12,5597.12,674131.0,346631.0,
001301.SZ,20260820,64.18,8.0546,9.2399,2.87,24.7415,27.0134,3.2525,2.9461,2.5815,0.8879,0.8877,36461.6,26008.9,22672.5,2340110.0,1669250.0,
300898.SZ,20260820,21.25,2.8933,4.4154,0.59,24.3955,23.6768,2.5342,3.2487,3.1164,2.8235,2.8235,12400.0,11474.4,7518.85,263500.0,243830.0,
603920.SH,20260820,38.13,2.796,5.3081,0.53,40.1724,71.5701,4.3465,4.9268,4.5708,2.3602,1.5736,72059.2,72059.2,37956.8,2747620.0,2747620.0,
688101.SH,20260820,15.57,1.4219,4.017,1.96,13.6664,12.9066,1.1418,3.3918,2.9529,,2.2479,33201.2,33201.2,11751.9,516943.0,516943.0,
000837.SZ,20260820,10.07,3.4355,6.2832,0.68,194.788,207.412,2.0918,2.5192,2.4587,0.2979,0.2979,102315.0,100740.0,55081.7,1030310.0,1014460.0,
603444.SH,20260820,393.91,3.3715,5.7093,1.09,15.8211,12.6657,4.6854,4.5736,3.8278,4.0711,4.9561,7204.11,7204.11,4254.23,2837770.0,2837770.0,
301181.SZ,20260820,22.52,1.1871,2.8518,0.54,28.4859,29.8823,2.2753,6.1562,6.2571,2.391,2.391,15020.3,11723.6,4880.33,338258.0,264015.0,
603232.SH,20260820,14.63,2.7106,3.8051,0.41,,,2.6157,9.5151,9.0049,0.3441,,23254.6,23130.0,16477.2,340214.0,338392.0,
601163.SH,20260820,13.03,0.3246,0.9213,1.13,11.295,10.695,0.736,1.0614,1.0376,4.0675,3.0698,80000.0,80000.0,28183.2,1042400.0,1042400.0,
603330.SH,20260820,9.06,24.7593,39.5494,1.53,,,3.0079,4.5548,4.9114,,,43267.4,40671.3,25461.7,392002.0,368482.0,
601096.SH,20260820,4.13,1.8017,4.18,1.48,29.7683,30.9994,2.3085,1.1539,1.1563,0.9685,1.1138,267516.0,164298.0,70819.2,1104840.0,678549.0,
688077.SH,20260820,29.14,3.5646,6.4088,0.76,58.1123,47.996,3.0096,2.0281,1.7533,0.662,0.7282,11447.9,11447.9,6367.31,333590.0,333590.0,
300983.SZ,20260820,40.1,1.0115,2.1399,0.54,,,2.5053,40.8349,47.9719,,,17280.0,10677.3,5046.9,692928.0,428161.0,
603901.SH,20260820,9.36,0.9918,1.7438,0.72,39.3315,32.1577,1.8329,1.3532,1.319,0.1347,0.8548,57669.1,56889.9,32358.1,539782.0,532490.0,
600876.SH,20260820,7.03,0.5977,1.5532,0.79,,,1.6508,1.3994,1.5007,,,64567.5,39567.5,15227.5,453910.0,278160.0,
600935.SH,20260820,2.27,0.3172,0.7178,0.78,,,1.3738,1.7507,1.7833,,,359474.0,350740.0,154979.0,816006.0,796180.0,
603676.SH,20260820,9.62,1.2995,5.4741,2.3,17.9779,19.3224,2.7107,3.6859,3.6024,3.3771,3.3771,43516.1,43516.1,10330.1,418625.0,418625.0,
603139.SH,20260820,35.38,1.2101,2.3918,0.62,,,6.9006,7.9916,8.4964,,,10645.5,9988.0,5053.2,376636.0,353375.0,
002832.SZ,20260820,24.97,2.3456,2.9083,1.01,25.8775,23.535,2.4877,3.3034,3.132,2.0825,2.8835,57070.7,38941.8,31407.9,1425060.0,972378.0,
300322.SZ,20260820,17.39,3.58,4.4063,0.49,123.679,132.042,7.8577,2.8881,2.6673,,,46003.8,44043.1,35784.0,800006.0,765909.0,
002167.SZ,20260820,16.4,7.3552,9.8752,0.72,240.697,234.49,7.1399,10.2055,10.0659,,,77467.3,75871.3,56510.2,1270460.0,1244290.0,
603608.SH,20260820,17.87,3.8042,5.2185,0.88,523.13,266.651,6.939,6.6131,6.6999,,,42503.0,42503.0,30984.5,759528.0,759528.0,
688181.SH,20260820,38.8,3.5618,4.4909,0.72,63.6689,54.9722,2.4779,5.9461,5.5937,,0.4774,13303.0,13303.0,10551.0,516156.0,516156.0,
000036.SZ,20260820,3.99,1.7836,2.5422,0.84,79.8518,61.9268,1.0891,9.0127,7.4974,,,140382.0,140298.0,98431.0,560124.0,559790.0,
301349.SZ,20260820,43.98,3.7109,7.1232,0.93,162.281,100.026,2.267,5.3995,4.9006,,0.4847,14249.8,11251.6,5861.66,626708.0,494846.0,
920806.BJ,20260820,10.08,0.439,1.3515,0.62,39.7042,41.0561,1.9395,1.917,1.8867,0.9921,0.9921,30073.7,30073.7,9768.34,303143.0,303143.0,
301538.SZ,20260820,38.3,7.7056,8.9383,1.11,21.5472,22.8778,2.8579,4.0974,4.1106,0.7993,0.5595,10976.0,4370.75,3767.95,420381.0,167400.0,
301261.SZ,20260820,54.85,1.7042,4.5807,0.83,64.9114,44.1167,3.58,5.255,4.8944,0.9116,0.9116,10546.8,10457.9,3890.72,578494.0,573619.0,
301180.SZ,20260820,11.63,2.3335,5.3426,1.23,,,3.5546,3.3834,3.2194,,,40001.0,16413.8,7169.0,465212.0,190892.0,
601369.SH,20260820,8.72,0.5504,1.4449,0.93,20.093,21.7193,1.6523,1.5951,1.5903,4.9312,3.555,172347.0,170621.0,64992.3,1502870.0,1487820.0,
688329.SH,20260820,20.56,1.6813,2.7637,1.09,85.5098,165.062,2.1018,3.5928,3.7152,,1.2102,7720.0,7720.0,4696.41,158723.0,158723.0,
300263.SZ,20260820,9.88,4.5252,5.2724,0.84,53.8059,48.7974,2.4385,3.327,3.1333,0.4357,0.5995,103501.0,97552.8,83726.9,1022590.0,963822.0,
002452.SZ,20260820,11.16,1.3944,1.48,0.54,20.2051,18.9252,2.4958,4.1578,4.2687,0.9857,1.0753,62033.2,51524.6,48546.2,692291.0,575015.0,
688052.SH,20260820,245.3,3.5323,4.9885,1.4,,,5.2803,11.9091,10.5766,,,16350.5,14341.0,10154.8,4010780.0,3517850.0,
688562.SH,20260820,13.87,0.5874,0.9288,0.69,,,3.3282,4.5614,4.6315,,,40000.0,40000.0,25300.0,554800.0,554800.0,
002586.SZ,20260820,4.4,1.071,1.864,1.12,18.4169,18.9304,1.5705,2.4058,2.3801,,,114422.0,108752.0,62484.1,503458.0,478508.0,
002243.SZ,20260820,7.16,0.7479,1.5073,0.81,49.0141,49.2315,1.1885,3.6723,3.5414,0.9777,0.6983,121060.0,120414.0,59748.5,866793.0,862166.0,
600215.SH,20260820,6.5,1.2425,1.7713,0.58,,,1.2109,3.3653,3.2851,0.2339,,45688.3,45688.3,32049.1,296974.0,296974.0,
600612.SH,20260820,34.96,0.8263,2.7032,1.39,10.4208,10.828,1.3321,0.3462,0.3729,5.8638,4.7197,52311.8,31711.0,9693.78,1828820.0,1108620.0,
688166.SH,20260820,38.85,5.0304,8.0327,1.11,310.57,332.962,6.857,13.8363,13.0274,0.2395,0.0411,43579.5,43579.5,27291.4,1693060.0,1693060.0,
603636.SH,20260820,6.92,1.2235,1.8361,0.51,,,2.1705,4.8045,5.1341,,,58036.1,58036.1,38673.8,401609.0,401609.0,
600236.SH,20260820,9.88,0.1798,1.371,0.76,23.7462,20.2236,4.3047,7.4933,6.5144,1.7206,2.9656,788238.0,788238.0,103397.0,7787790.0,7787790.0,
301042.SZ,20260820,32.37,4.7668,7.2215,0.68,116.251,100.174,2.9117,6.6757,5.7342,,0.8636,9677.72,9225.1,6089.38,313267.0,298616.0,
688523.SH,20260820,41.67,1.8959,7.4582,1.38,356.212,432.741,10.0866,36.9952,36.6909,,,40688.0,40688.0,10342.8,1695470.0,1695470.0,
300738.SZ,20260820,20.96,5.1842,6.9601,0.65,156.036,85.6787,5.6301,8.19,7.2655,0.062,0.0668,98520.4,98489.4,73359.1,2064990.0,2064340.0,
300702.SZ,20260820,22.41,1.7306,2.5273,1.35,55.8157,81.4678,2.1178,2.5475,2.5046,0.2231,0.2231,34797.7,21041.0,14408.1,779817.0,471529.0,
002487.SZ,20260820,39.19,2.5176,4.1725,0.85,26.2884,22.1916,3.3314,4.6981,4.1794,0.4236,0.4414,74008.6,63092.0,38068.3,2900400.0,2472580.0,
920476.BJ,20260820,25.65,3.6247,4.9359,1.46,54.5428,47.8719,5.0968,6.3503,5.9788,0.5295,0.3485,8958.57,8032.99,5899.08,229787.0,206046.0,
002391.SZ,20260820,5.17,1.6346,1.8342,0.8,82.8439,64.3183,0.8037,0.9112,0.891,,3.7212,64959.3,46409.8,41359.2,335839.0,239939.0,
920106.BJ,20260820,35.66,0.9865,1.5403,0.82,14.2931,16.0152,3.3307,4.8025,5.118,1.1856,1.6826,5659.35,4366.19,2796.32,201812.0,155698.0,
688200.SH,20260820,415.6,1.7611,2.7244,0.86,155.666,146.826,19.9217,61.9809,58.7454,0.1216,0.1931,20079.8,20079.8,12979.8,8345180.0,8345180.0,
001323.SZ,20260820,19.32,1.6,5.9235,0.82,15.6962,16.6167,1.8256,1.6082,1.5882,6.9962,7.4642,43508.1,31124.8,8407.05,840576.0,601331.0,
300970.SZ,20260820,21.74,32.6531,40.8205,3.24,31.2862,16.4233,2.1169,2.6704,2.3197,,1.743,15868.8,12248.1,9797.46,344987.0,266273.0,
000926.SZ,20260820,2.28,7.4186,9.412,4.29,,,0.6939,0.9471,0.9332,,,159296.0,157321.0,124001.0,363196.0,358692.0,
600675.SH,20260820,2.3,0.9455,3.3799,1.72,117.215,,0.969,1.3172,1.7221,,0.2565,604614.0,604614.0,169128.0,1390610.0,1390610.0,
002652.SZ,20260820,3.94,2.298,3.2827,0.85,,,8.5919,6.1523,5.8169,,,51206.4,51206.4,35846.4,201753.0,201753.0,
300662.SZ,20260820,20.15,1.3139,1.8638,0.5,12.6486,11.4082,1.6875,0.2727,0.2639,0.794,1.1414,19680.6,19623.5,13833.8,396565.0,395414.0,
002849.SZ,20260820,17.7,2.9865,3.7084,0.63,72.3853,74.6528,2.836,2.3623,2.2737,0.226,0.226,22063.4,21884.7,17624.6,390522.0,387358.0,
300317.SZ,20260820,4.12,6.7458,7.7139,0.53,,,2.4076,5.4224,5.0858,,,83018.8,82891.3,72489.0,342038.0,341512.0,
000981.SZ,20260820,2.62,1.4527,2.1179,0.59,25.5351,21.9091,8.4515,8.0139,8.9527,,,999747.0,951336.0,652516.0,2619340.0,2492500.0,
002016.SZ,20260820,4.61,1.3948,3.5117,1.23,27.1498,24.5552,0.756,2.3597,2.4004,0.2169,0.3905,80909.6,80909.6,32137.3,372993.0,372993.0,
600018.SH,20260820,5.2,0.2016,1.6616,1.28,8.9244,8.8588,0.8333,3.0561,2.9981,2.7886,3.75,2328000.0,2324670.0,282111.0,12105600.0,12088300.0,
000501.SZ,20260820,7.13,0.851,1.4929,0.97,30.3877,34.0064,0.4968,0.9018,0.9047,4.1031,2.7354,76899.3,76829.4,43795.0,548292.0,547794.0,
600692.SH,20260820,6.49,5.651,6.0696,2.76,158.615,85.1889,2.348,1.6479,1.4597,,,35176.4,25501.1,23742.2,228295.0,165502.0,
000524.SZ,20260820,9.69,2.06,6.6922,2.19,92.6952,85.0667,2.8075,1.4419,1.4117,0.8256,0.5263,67020.9,66996.7,20622.8,649432.0,649198.0,
688080.SH,20260820,36.8,1.2638,1.7513,0.91,18.1884,19.9236,2.3055,3.4886,3.5577,0.5439,0.2989,7365.61,7365.61,5315.31,271054.0,271054.0,
002542.SZ,20260820,1.82,2.303,3.941,1.69,,,,3.2668,4.1945,,,180612.0,175924.0,102802.0,328713.0,320182.0,
002373.SZ,20260820,7.6,1.1607,1.5601,1.0,44.7383,154.233,1.0509,1.4615,1.4664,,0.6827,158019.0,137759.0,102497.0,1200940.0,1046970.0,
002712.SZ,20260820,4.71,1.9559,3.1452,0.81,,,1.8531,0.334,0.3182,,,54427.6,54090.0,33635.6,256354.0,254764.0,
688410.SH,20260820,11.41,2.4191,4.2803,0.85,34.9953,31.2526,2.7831,6.327,6.0256,0.6261,1.252,44744.1,44744.1,25288.2,510530.0,510530.0,
603819.SH,20260820,13.69,2.8623,5.7305,0.82,151.182,113.992,3.67,1.9937,1.9747,0.1461,0.2922,21773.0,21773.0,10875.2,298073.0,298073.0,
601328.SH,20260820,7.11,0.4867,0.5525,0.81,6.5703,6.5165,0.5396,2.3702,2.3415,6.1201,4.5668,8836380.0,2607240.0,2296730.0,62826700.0,18537500.0,
300555.SZ,20260820,12.6,0.3612,0.4347,0.46,,,6.1165,21.6763,22.3818,,,20000.0,19798.5,16450.8,252000.0,249461.0,
002295.SZ,20260820,8.9,1.0378,1.483,0.87,,,1.7171,0.4793,0.4551,0.4045,0.4045,25061.6,25042.7,17524.2,223048.0,222880.0,
600594.SH,20260820,3.88,4.9714,6.5108,1.0,,,1.4101,1.6337,1.7692,,,78439.4,78439.4,59893.6,304345.0,304345.0,
600312.SH,20260820,19.29,1.7821,3.0423,1.21,23.374,20.5796,2.2058,2.0912,2.1462,1.7574,1.7159,135692.0,135692.0,79485.2,2617500.0,2617500.0,
300581.SZ,20260820,9.78,1.3239,2.407,0.47,,,5.876,41.3809,38.7616,,,55011.0,55011.0,30256.5,538007.0,538007.0,
688102.SH,20260820,33.1,4.6354,9.5402,1.23,175.162,163.274,13.2401,16.4505,15.4763,0.225,0.2405,78107.5,77880.7,37840.9,2585360.0,2577850.0,
300331.SZ,20260820,49.0,6.8197,7.719,1.19,,,8.2589,6.2379,6.0369,,,25966.2,22213.1,19625.3,1272350.0,1088440.0,
600740.SH,20260820,3.58,3.2228,7.486,1.84,110.332,67.8487,0.6024,1.4846,1.5392,0.5587,0.6983,256212.0,256212.0,110301.0,917239.0,917239.0,
300260.SZ,20260820,58.03,4.2748,6.8351,0.69,135.18,133.759,11.0138,7.8944,7.6514,0.1029,0.0857,40780.7,28763.7,17989.2,2366500.0,1669160.0,
603096.SH,20260820,15.34,0.8224,2.047,0.75,30.7254,31.8481,1.3061,3.6613,3.8168,5.2151,3.9113,15423.5,15423.5,6196.86,236596.0,236596.0,
000669.SZ,20260820,4.25,1.0317,1.3012,0.57,105.67,65.6665,47.5584,2.3171,2.293,,,68040.9,68040.9,53951.0,289174.0,289174.0,
002349.SZ,20260820,7.2,2.7448,4.1835,1.11,27.2893,26.8421,2.1187,4.0988,4.0538,1.0885,1.25,83112.8,81418.1,53418.6,598412.0,586210.0,
301512.SZ,20260820,31.02,2.3687,4.7301,1.17,66.446,76.3117,2.1953,4.2563,4.1871,0.8635,0.8635,7466.68,4872.13,2439.78,231616.0,151133.0,
000088.SZ,20260820,4.47,0.7605,1.4621,1.36,16.0561,15.7548,1.2625,27.0777,26.3816,4.877,4.3624,519948.0,316289.0,164508.0,2324170.0,1413810.0,
000510.SZ,20260820,16.26,8.5889,9.5757,1.17,,,10.2251,6.3542,6.3082,,,64854.4,60661.0,54409.4,1054530.0,986348.0,
300939.SZ,20260820,62.55,2.6692,4.861,0.93,94.1819,119.263,5.1872,5.8106,5.7667,0.6319,0.3197,12000.0,12000.0,6589.2,750600.0,750600.0,
300492.SZ,20260820,23.81,1.1497,2.9544,0.69,27.2422,27.2573,25.6541,2.0498,2.0432,2.0458,1.7992,27530.6,27530.6,10713.2,655504.0,655504.0,
002553.SZ,20260820,15.41,6.6247,7.7556,1.14,15.7579,21.4109,3.4654,6.376,6.2894,0.639,0.6489,35341.0,25621.0,21885.0,544604.0,394819.0,
688013.SH,20260820,26.4,1.8432,3.8118,1.3,25.1511,26.2267,3.7156,6.5573,6.768,5.5953,4.875,8115.56,8115.56,3924.35,214251.0,214251.0,
603099.SH,20260820,39.34,2.1282,5.0924,0.99,82.8347,80.5301,7.1141,13.6008,13.1415,0.2028,0.3686,27235.6,27235.6,11382.3,1071450.0,1071450.0,
300876.SZ,20260820,15.43,2.1641,2.9377,1.34,,,2.3033,4.5331,4.5062,,,15203.8,11340.3,8353.95,234594.0,174981.0,
002913.SZ,20260820,58.79,1.7621,5.2033,0.81,60.5949,87.5609,4.2116,3.3741,3.2854,1.0206,0.5056,31736.1,30543.9,10343.9,1865760.0,1795680.0,
300539.SZ,20260820,17.73,2.0448,3.2947,0.73,90.1034,92.169,3.9831,4.93,4.9456,0.6328,1.0716,26810.1,21788.8,13523.0,475342.0,386316.0,
002408.SZ,20260820,5.23,1.0052,2.2318,0.97,,,1.3567,0.6255,0.6183,0.569,,284288.0,275109.0,123912.0,1486820.0,1438820.0,
002210.SZ,20260820,2.23,1.7514,2.5008,0.85,384.961,213.571,6.3316,22.3309,21.3787,,,266123.0,265527.0,185960.0,593455.0,592125.0,
688079.SH,20260820,15.67,3.7166,8.2178,1.07,,,5.1668,9.7189,9.4368,,,41170.0,40463.0,18300.1,645134.0,634056.0,
300959.SZ,20260820,93.62,3.9614,6.1708,0.53,,,6.8081,13.0077,15.422,0.3499,,8036.78,5232.82,3359.24,752403.0,489897.0,
688327.SH,20260820,10.27,1.7276,1.7276,0.74,,,14.1934,21.3356,21.9495,,,103998.0,83486.8,83486.8,1068050.0,857409.0,
920017.BJ,20260820,17.29,4.027,7.1129,1.07,20.7881,18.5944,1.3122,3.2948,3.2638,0.9064,3.4702,12389.3,12257.0,6939.37,214210.0,211923.0,
300613.SZ,20260820,70.85,4.0952,7.1665,0.63,113.835,76.6086,5.6586,9.7654,8.5484,0.1673,0.1118,23289.5,21969.0,12553.9,1650060.0,1556500.0,
920179.BJ,20260820,51.69,7.2291,9.9215,0.99,159.383,243.546,5.1132,13.7264,14.7586,0.2338,0.2338,7445.69,5971.85,4351.26,384868.0,308685.0,
300905.SZ,20260820,36.0,4.6743,7.5301,0.95,42.5876,41.2806,3.285,4.3391,4.2724,1.383,1.3882,17901.6,13932.8,8648.68,644456.0,501581.0,
688227.SH,20260820,72.3,2.6026,4.4695,0.82,,,6.4589,17.2262,16.645,,,11305.5,11305.5,6583.1,817390.0,817390.0,
300245.SZ,20260820,5.65,1.8048,2.0941,1.07,,,1.4279,3.6877,3.7095,,,30505.0,29365.4,25308.4,172353.0,165914.0,
603183.SH,20260820,4.58,2.0802,2.7202,0.61,311.659,199.185,1.4253,2.8725,2.8895,0.5459,0.1092,49715.3,49715.3,38018.7,227696.0,227696.0,
688156.SH,20260820,19.49,2.2987,3.2537,0.83,,,2.5443,5.1627,4.4283,,,10071.4,10071.4,7115.36,196292.0,196292.0,
603186.SH,20260820,164.0,16.7698,26.4857,1.22,92.9252,88.9026,10.9804,5.8852,5.6223,,0.0793,15679.1,15679.1,9927.45,2571360.0,2571360.0,
300147.SZ,20260820,7.09,1.3665,1.7685,0.98,,,,2.9387,3.0672,,,66127.9,65736.7,50795.7,468847.0,466073.0,
603115.SH,20260820,77.36,3.9264,10.5759,0.72,91.7449,84.7732,8.7396,8.2433,7.8127,0.7585,0.7671,24458.3,24458.3,9080.36,1892090.0,1892090.0,
300537.SZ,20260820,19.58,3.8,4.3223,0.5,296.557,355.426,4.4738,8.4247,8.296,,,20720.9,15176.2,13342.3,405716.0,297150.0,
002080.SZ,20260820,53.59,3.1413,7.9004,0.97,49.4729,44.3706,4.4062,2.9783,2.7152,0.4199,0.8099,167812.0,167812.0,66724.9,8993060.0,8993060.0,
301219.SZ,20260820,47.46,2.6124,4.1496,0.94,16.3569,11.9662,1.8411,2.1786,1.9252,2.4213,3.2308,38283.1,27324.0,17201.7,1816920.0,1296800.0,
000911.SZ,20260820,5.18,4.8486,10.3624,1.69,,,,0.8407,0.7677,,,40032.0,40032.0,18731.2,207366.0,207366.0,
688161.SH,20260820,22.71,0.5274,2.7519,,33.8143,34.7934,2.1653,5.9654,5.9414,1.1808,1.487,40000.0,40000.0,7666.67,908400.0,908400.0,
300650.SZ,20260820,11.61,2.8086,3.3209,0.72,70.1997,68.0679,1.9526,1.0465,0.9099,0.3894,0.328,24140.3,17034.5,14406.9,280268.0,197771.0,
603289.SH,20260820,8.68,1.375,3.756,0.44,28.0055,32.4723,1.7124,2.1115,2.0901,1.7279,1.7281,29339.8,29339.8,10740.4,254669.0,254669.0,
600157.SH,20260820,1.55,1.1974,1.4685,0.81,162.101,154.142,0.7208,1.4199,1.427,,,2181780.0,2181780.0,1779050.0,3381750.0,3381750.0,
600497.SH,20260820,9.75,2.3654,3.9792,0.93,47.467,40.8578,2.8587,2.0426,1.9442,1.6448,1.0256,504038.0,504038.0,299626.0,4914370.0,4914370.0,
300791.SZ,20260820,17.18,1.4506,3.4249,0.84,38.7846,44.9532,1.9001,1.2422,1.228,2.8968,0.7547,30822.6,25741.6,10902.7,529532.0,442241.0,
300652.SZ,20260820,28.56,1.1903,2.2248,0.85,26.9752,28.6301,2.4628,3.6474,3.6039,0.404,0.3501,13339.1,11971.8,6405.25,380963.0,341914.0,
601390.SH,20260820,4.36,0.3694,0.847,1.1,4.6723,5.0391,0.3327,0.0981,0.0993,6.019,3.8666,2453130.0,2032390.0,886519.0,10695700.0,8861230.0,
600886.SH,20260820,13.94,0.3658,1.1727,0.95,15.0922,15.0115,1.6167,2.1048,2.1292,3.2747,3.6449,800449.0,745418.0,232532.0,11158300.0,10391100.0,
300864.SZ,20260820,20.96,2.473,8.3789,2.56,22.0501,21.8697,2.3802,4.1654,4.1156,3.9887,4.0249,15910.4,15910.4,4695.84,333482.0,333482.0,
600223.SH,20260820,5.61,0.8822,1.8234,1.14,30.375,33.7579,1.3372,1.5621,1.5517,1.0695,1.016,101657.0,101657.0,49183.0,570295.0,570295.0,
600640.SH,20260820,10.6,0.7852,2.5953,0.63,390.243,355.894,2.1095,4.614,4.6048,0.0854,0.1698,79155.1,79155.1,23948.8,839044.0,839044.0,
300966.SZ,20260820,25.95,3.0977,3.5825,1.07,,,4.0809,4.9351,4.7568,,0.1718,11528.1,7666.67,6629.09,299154.0,198950.0,
002385.SZ,20260820,3.41,7.9019,8.1465,1.72,,,1.9677,0.5013,0.4957,0.8798,0.8798,428037.0,356561.0,345858.0,1459610.0,1215870.0,
603506.SH,20260820,10.95,12.2423,31.6101,5.65,20.7171,17.5031,1.6602,1.1041,1.0958,,1.9314,18777.8,18777.8,7272.45,205617.0,205617.0,
600729.SH,20260820,19.45,1.8077,1.8968,0.89,8.1944,10.0866,1.0542,0.5828,0.5907,7.0038,4.8838,44045.3,19248.3,18343.9,856681.0,374379.0,
300226.SZ,20260820,15.78,1.2385,1.6824,0.63,28.3682,28.2159,2.6922,0.0854,0.0816,0.264,0.5281,38246.6,36769.7,27067.5,603531.0,580226.0,
300663.SZ,20260820,8.0,5.7859,6.082,0.56,,,11.944,6.4782,7.3687,,,47845.2,46038.8,43796.8,382762.0,368310.0,
920946.BJ,20260820,11.2,6.9164,25.0021,2.85,36.3654,31.9834,3.6389,8.6531,8.1412,1.25,1.4286,42691.8,42678.7,11806.3,478149.0,478002.0,
000554.SZ,20260820,6.39,4.027,4.027,0.88,19.7272,18.0573,2.5631,0.9636,0.9859,2.3008,2.3166,47744.5,35930.5,35930.5,305087.0,229596.0,
300500.SZ,20260820,9.53,1.5931,2.9628,1.11,,,1.6643,1.6567,1.7326,1.574,,17397.5,16759.8,9011.8,165798.0,159721.0,
603006.SH,20260820,11.15,0.87,3.0856,1.06,30.69,27.2901,2.0845,3.2824,3.0606,6.8161,6.278,25425.4,25425.4,7168.55,283494.0,283494.0,
300018.SZ,20260820,11.5,2.7361,2.7361,0.73,40.401,40.6198,3.9224,8.5868,8.3142,0.5989,0.8696,48871.1,36329.0,36329.0,562017.0,417784.0,
002285.SZ,20260820,2.16,3.8682,7.3233,1.6,,,1.9656,2.2067,2.3308,,,199283.0,197524.0,104335.0,430451.0,426652.0,
000069.SZ,20260820,1.79,0.74,1.4906,1.32,,,0.4211,0.4585,0.4786,,,803776.0,689860.0,342478.0,1438760.0,1234850.0,
000890.SZ,20260820,7.11,1.8399,3.0868,0.71,,,152.581,9.6191,9.6579,,,41950.4,41949.1,25004.2,298267.0,298258.0,
600428.SH,20260820,11.48,2.0851,4.4365,1.12,17.697,17.115,1.8419,1.3571,1.2825,2.4303,2.831,274392.0,244529.0,114922.0,3150020.0,2807190.0,
002631.SZ,20260820,8.67,3.1656,6.6965,0.83,,,3.4167,5.9278,6.1778,,,79728.3,79357.2,37513.5,691244.0,688027.0,
002989.SZ,20260820,25.0,4.9613,8.7225,1.08,,,3.6167,14.3026,14.5959,,,20161.7,19783.5,11252.7,504043.0,494587.0,
600682.SH,20260820,5.92,2.197,4.0323,1.33,,,0.4847,1.2519,1.2808,0.2691,,134513.0,116406.0,63425.3,796318.0,689124.0,
601089.SH,20260820,18.14,3.885,14.2,3.55,18.5511,22.459,2.3335,2.4846,2.4318,2.6874,2.6874,48000.0,48000.0,13132.3,870720.0,870720.0,
300824.SZ,20260820,7.75,1.3707,3.3637,0.97,22.2754,24.0092,3.3201,2.6608,2.4945,2.6292,1.4749,32634.2,31896.8,12998.2,252915.0,247200.0,
002038.SZ,20260820,6.44,1.9963,2.6822,0.49,,,1.2985,10.6088,11.1837,0.3106,0.1553,102735.0,85191.1,63407.0,661613.0,548631.0,
600888.SH,20260820,9.81,2.6779,4.5283,0.75,23.0167,21.6059,1.1901,1.93,1.9525,2.4876,1.3252,155309.0,155309.0,91843.8,1523580.0,1523580.0,
688799.SH,20260820,45.24,3.5672,7.5764,1.41,25.3725,26.9968,2.9124,4.0192,4.0506,0.9309,0.3953,13363.7,13363.7,6292.02,604574.0,604574.0,
002951.SZ,20260820,16.07,2.7173,16.0791,0.55,,,4.2664,15.0304,15.2169,3.0878,,40306.4,40112.2,6778.86,647724.0,644603.0,
600259.SH,20260820,84.75,2.9089,4.6846,0.76,223.533,113.51,7.7857,4.8991,4.8752,,0.177,33643.6,33643.6,20890.9,2851290.0,2851290.0,
002099.SZ,20260820,5.48,2.3729,3.9389,2.49,,,1.7953,4.7673,4.7672,,,161872.0,161684.0,97406.1,887056.0,886030.0,
002935.SZ,20260820,15.62,2.1613,3.7917,1.87,101.665,99.6659,4.0787,6.7218,6.664,0.3237,0.3218,42183.7,41509.1,23660.9,658910.0,648372.0,
301031.SZ,20260820,89.71,1.3167,1.5297,0.76,32.3676,28.6154,8.0168,6.0355,5.4316,0.3796,0.3907,14615.4,11489.9,9889.94,1311150.0,1030760.0,
603077.SH,20260820,2.38,1.3741,2.0462,0.8,,,1.1118,2.9244,3.4153,,,883171.0,883171.0,593094.0,2101950.0,2101950.0,
603586.SH,20260820,13.46,0.8951,2.2194,0.66,19.3509,57.4084,1.1739,1.4925,1.6717,3.7147,4.0862,19605.3,19605.3,7906.73,263887.0,263887.0,
600155.SH,20260820,5.77,0.8045,0.8989,0.82,70.1712,50.5429,0.6384,4.0575,3.8784,,,221354.0,221354.0,198107.0,1277210.0,1277210.0,
600168.SH,20260820,4.48,0.9537,2.389,1.33,47.9036,42.2262,0.8201,1.0958,1.1499,0.6027,0.6272,99339.8,99339.8,39657.1,445042.0,445042.0,
300949.SZ,20260820,22.54,1.9879,4.0099,1.02,,,3.4824,4.5139,4.614,,,8700.0,4973.65,2465.69,196098.0,112106.0,
920402.BJ,20260820,8.75,2.2972,4.6266,0.88,,,2.4504,7.7918,9.1223,0.2286,,42206.0,27287.3,13548.6,369303.0,238764.0,
600917.SH,20260820,4.84,0.253,0.561,0.95,35.88,33.5347,1.31,0.7332,0.7421,1.6942,1.1157,156104.0,156104.0,70409.9,755543.0,755543.0,
603208.SH,20260820,11.43,1.7645,4.0982,1.46,,,2.0995,1.2372,1.6853,1.6623,,17587.9,17587.9,7572.36,201030.0,201030.0,
603666.SH,20260820,26.07,3.128,4.912,1.66,,,2.5291,9.7317,10.887,,,20553.0,20553.0,13088.4,535818.0,535818.0,
300686.SZ,20260820,14.02,5.613,5.6025,0.65,,,4.834,2.2965,2.418,,,26062.4,16970.4,17002.1,365395.0,237925.0,
600549.SH,20260820,53.29,2.9586,4.6987,0.74,36.6344,27.8904,4.623,1.8287,1.5787,1.1334,1.0959,158759.0,155393.0,97847.6,8460240.0,8280900.0,
600008.SH,20260820,2.83,0.8286,1.5451,1.29,11.7242,11.5251,0.9813,1.1,1.1028,6.0071,4.2403,734059.0,734059.0,393643.0,2077390.0,2077390.0,
301193.SZ,20260820,18.11,1.0834,1.6684,0.67,,,3.1611,1.6233,1.4865,,,24088.2,18418.1,11959.8,436236.0,333552.0,
300623.SZ,20260820,29.43,6.8574,10.9946,1.89,51.3712,46.4168,3.9444,7.0083,6.1105,0.5097,0.5097,83208.0,76765.8,47879.2,2448810.0,2259220.0,
000925.SZ,20260820,7.85,3.212,3.212,0.68,,,1.6489,2.3241,2.1974,,0.1856,67637.0,67115.2,67115.2,530950.0,526855.0,
688087.SH,20260820,39.89,0.8776,1.5688,0.82,26.964,29.1333,2.6732,2.1726,2.0417,0.3966,0.5508,19314.4,18624.5,10418.5,770453.0,742933.0,
300612.SZ,20260820,11.8,2.8225,3.5488,0.79,,,5.041,6.1779,7.7004,,,18298.6,18201.1,14476.1,215923.0,214773.0,
002668.SZ,20260820,9.37,3.2183,6.461,0.74,9.0424,10.1943,2.6535,0.5482,0.535,,2.1749,108411.0,108411.0,54000.6,1015810.0,1015810.0,
000039.SZ,20260820,9.2,1.4005,1.5906,0.58,224.668,,1.0619,0.3168,0.3237,1.913,1.8738,539252.0,230141.0,202639.0,4961120.0,2117290.0,
601326.SH,20260820,3.38,0.4609,1.9871,1.06,11.7575,11.7058,0.9109,2.7035,2.6792,2.5148,3.4024,558741.0,475756.0,110358.0,1888550.0,1608060.0,
688381.SH,20260820,33.31,4.7859,6.4357,1.23,,,3.2827,14.6684,16.0375,0.6216,0.2819,24750.0,24750.0,18405.6,824422.0,824422.0,
603076.SH,20260820,20.65,1.2475,2.5262,0.38,94.23,96.9126,1.9291,1.581,1.4736,1.937,0.9685,12070.1,12070.1,5960.3,249248.0,249248.0,
002072.SZ,20260820,7.26,1.0915,1.9188,0.7,,,11.5514,5.744,5.6793,,,36768.0,36753.2,20906.3,266936.0,266828.0,
000151.SZ,20260820,10.01,1.417,2.1483,0.83,9.7687,8.8717,4.0116,3.1101,2.8235,,,35090.6,30793.5,20311.9,351257.0,308243.0,
002166.SZ,20260820,6.94,2.3942,4.0101,1.39,35.9601,33.2379,1.6143,2.5182,2.515,1.4112,1.4112,74160.9,73858.5,44097.3,514677.0,512578.0,
300204.SZ,20260820,24.08,10.0177,15.2461,1.19,,,16.0968,59.1902,63.9264,,,54134.4,45366.4,29808.7,1303560.0,1092420.0,
002727.SZ,20260820,11.9,2.5305,3.2408,0.72,26.4534,24.9621,0.9317,0.402,0.4098,4.1193,3.2955,58560.4,39291.5,30679.5,696869.0,467569.0,
688691.SH,20260820,64.02,5.1311,5.1311,0.83,,,6.3681,10.6045,10.1497,0.2655,,12000.0,7296.5,7296.5,768240.0,467122.0,
603312.SH,20260820,30.87,1.4132,1.4602,0.42,18.9357,24.0222,2.7306,1.7756,1.9143,3.7154,2.5469,16000.0,5091.95,4928.01,493918.0,157188.0,
301151.SZ,20260820,16.28,1.6948,5.1339,0.87,45.3806,59.9297,1.3273,3.4175,3.5876,1.9143,1.8428,16900.4,16884.4,5573.69,275139.0,274878.0,
300657.SZ,20260820,35.37,4.5794,5.5826,0.75,115.826,95.6163,12.003,2.3319,2.3226,,,48212.6,46850.4,38431.9,1705280.0,1657100.0,
300664.SZ,20260820,4.63,1.206,1.7341,1.25,20.4603,32.0118,0.798,2.1015,2.0201,2.0913,2.0913,75286.0,72518.0,50434.1,348574.0,335758.0,
600210.SH,20260820,6.0,0.6428,0.8771,0.72,8.7733,8.3767,1.3168,0.9476,0.9523,5.0,5.8333,151674.0,151674.0,111153.0,910042.0,910042.0,
603214.SH,20260820,13.89,1.3424,2.056,1.04,23.6238,23.094,1.6185,0.5088,0.5047,2.7574,2.7574,13854.0,13854.0,9045.92,192432.0,192432.0,
688211.SH,20260820,31.07,0.553,1.4216,1.05,,,1.166,1.6049,1.5608,,,13109.3,13109.3,5099.29,407306.0,407306.0,
002269.SZ,20260820,1.44,1.4928,2.417,0.87,,,16.9017,8.0357,8.1578,,,251250.0,234373.0,144752.0,361800.0,337497.0,
002957.SZ,20260820,40.72,4.8701,10.5783,0.79,62.6242,57.3399,5.1664,6.4964,6.2987,0.4152,0.6137,41998.2,41867.9,19275.4,1710170.0,1704860.0,
301529.SZ,20260820,99.15,10.051,11.488,1.41,88.44,86.6332,8.338,6.8024,6.9495,0.2989,0.1573,11842.4,6356.67,5561.54,1174170.0,630264.0,
605111.SH,20260820,59.45,5.2146,6.7474,0.85,62.7274,64.9939,5.687,13.1543,12.6944,0.1092,0.3205,41533.3,41533.3,32098.0,2469150.0,2469150.0,
300389.SZ,20260820,12.15,1.2381,2.251,0.69,17.805,17.6046,2.6694,1.0785,1.0626,2.8807,1.6461,36910.0,21943.7,12069.9,448457.0,266616.0,
688272.SH,20260820,28.45,1.522,4.1063,0.73,,,5.4251,10.2894,10.3003,,,7600.0,7600.0,2816.93,216220.0,216220.0,
002413.SZ,20260820,7.71,3.3073,3.3073,0.76,,,3.0921,6.983,6.8902,,,131934.0,129543.0,129543.0,1017210.0,998777.0,
601968.SH,20260820,4.42,0.4923,1.1933,1.3,30.0417,28.8088,1.2395,0.6423,0.6117,1.7225,1.6778,127578.0,127578.0,52638.0,563895.0,563895.0,
003036.SZ,20260820,53.1,3.4823,11.2311,0.77,242.919,235.311,8.0994,7.598,7.2068,0.2329,0.1241,21660.6,21660.1,6715.92,1150180.0,1150150.0,
002040.SZ,20260820,9.12,9.7883,30.0237,4.27,23.9905,22.6239,1.2773,4.3265,4.1904,1.0457,1.2719,48607.5,48607.5,15847.1,443301.0,443301.0,
688711.SH,20260820,24.75,4.6639,5.6485,1.06,313.448,316.678,5.1017,3.9806,3.9472,,,21675.3,21675.3,17896.9,536462.0,536462.0,
000901.SZ,20260820,13.6,1.7335,2.663,0.8,154.531,122.076,2.5557,1.9759,2.2038,,0.0735,79820.1,79819.3,51958.0,1085550.0,1085540.0,
000816.SZ,20260820,2.79,1.9905,2.6783,0.7,,,2.0379,3.2278,3.1287,,,144701.0,143951.0,106980.0,403717.0,401623.0,
603010.SH,20260820,11.9,1.7713,3.4881,0.97,,,2.6872,2.0611,1.9434,0.6581,0.0837,58503.0,57077.8,28984.9,696186.0,679226.0,
002470.SZ,20260820,1.92,5.2954,7.5545,1.45,182.37,169.449,2.9592,0.6363,0.5995,,,328603.0,328574.0,230319.0,630917.0,630861.0,
600054.SH,20260820,11.25,1.1064,2.6207,1.34,28.0549,28.2742,1.7079,3.8901,3.8641,1.5289,1.2533,72937.9,51330.0,21670.4,820552.0,577462.0,
002508.SZ,20260820,16.34,1.1675,2.4595,0.94,12.2944,12.6301,1.3078,1.5263,1.5436,6.12,6.12,94493.9,93355.2,44316.2,1544030.0,1525420.0,
600684.SH,20260820,3.5,2.6652,3.8681,1.35,52.3135,62.4203,3.0722,2.4389,2.4273,,,110607.0,85346.1,58805.1,387126.0,298711.0,
301499.SZ,20260820,24.65,1.1186,3.9963,1.02,63.2886,62.1135,2.6087,3.5396,3.5027,0.4949,0.4868,13825.5,13825.5,3869.83,340798.0,340798.0,
601666.SH,20260820,9.46,1.9475,4.0478,1.01,100.99,116.994,1.0687,1.1378,1.088,6.0373,0.6003,246937.0,246937.0,118808.0,2336020.0,2336020.0,
688809.SH,20260820,454.23,6.3752,6.3752,0.91,149.015,119.396,14.0785,58.1459,48.6175,,0.2202,12955.9,2591.19,2591.19,5884970.0,1177000.0,
300551.SZ,20260820,9.96,2.423,3.0288,0.99,,,11.0535,22.0202,23.766,,,34006.3,33907.3,27125.5,338703.0,337717.0,
600711.SH,20260820,11.64,4.0392,4.9229,1.15,18.3412,13.2612,2.0124,1.1991,1.0144,1.2805,0.8428,309061.0,309061.0,253581.0,3597470.0,3597470.0,
600365.SH,20260820,2.77,0.6822,0.8005,1.6,,,5.7093,1.8419,1.8581,,,45393.0,42728.0,36416.8,125739.0,118357.0,
002952.SZ,20260820,19.85,1.4274,3.541,0.82,305.357,215.255,3.7035,3.5255,3.3749,0.2488,0.2513,16434.0,13164.5,5306.68,326215.0,261315.0,
002611.SZ,20260820,14.75,2.2242,2.6509,0.66,24.7566,4.3016,1.8948,3.434,3.7717,0.8814,1.6407,121729.0,100396.0,84236.8,1795500.0,1480840.0,
601901.SH,20260820,6.74,0.4778,0.9711,0.89,13.9757,13.0214,1.0585,5.2824,5.0721,1.7849,2.1513,823210.0,823210.0,405033.0,5548440.0,5548440.0,
603381.SH,20260820,15.14,2.2918,2.7331,1.02,,,1.0741,0.3351,0.3413,3.6988,,23725.6,14213.8,11918.9,359206.0,215196.0,
688813.SH,20260820,113.53,11.7304,11.7304,0.6,88.9946,103.241,10.142,7.5848,8.3106,,0.4404,16000.0,3007.7,3007.7,1816480.0,341464.0,
601636.SH,20260820,5.93,1.4518,2.3089,0.57,28.3416,108.251,1.1743,1.1149,1.1089,0.6817,1.821,295865.0,295865.0,186033.0,1754480.0,1754480.0,
600864.SH,20260820,5.31,1.1065,2.0435,0.54,31.771,29.714,0.834,6.8077,6.9028,0.9416,0.9605,208057.0,208057.0,112655.0,1104780.0,1104780.0,
688670.SH,20260820,17.43,6.0845,16.9844,5.91,,,1.9944,19.023,19.4653,,,12320.0,12320.0,4413.56,214738.0,214738.0,
300489.SZ,20260820,228.63,10.1209,17.9207,0.98,,,44.0858,15.2995,14.6205,,,13915.8,13864.8,7830.3,3181560.0,3169920.0,
300661.SZ,20260820,116.58,3.3571,5.0358,1.11,146.096,130.81,14.6151,20.5034,18.9994,0.1308,0.1708,68556.5,60181.9,40119.5,7992320.0,7016000.0,
001379.SZ,20260820,16.51,2.8664,2.929,0.73,45.9506,45.1513,2.1879,1.6474,1.5823,1.2114,1.2114,20000.0,6729.77,6585.77,330200.0,111108.0,
601112.SH,20260820,15.16,2.2566,2.2566,0.77,35.9479,33.1941,4.022,3.6632,3.4041,,1.1346,174037.0,18273.8,18273.8,2638400.0,277032.0,
603030.SH,20260820,2.07,2.0791,2.7385,1.03,,,3.8991,2.8757,2.6482,,,131693.0,131693.0,99985.5,272605.0,272605.0,
002748.SZ,20260820,11.73,1.3682,2.9452,0.75,48.8697,39.1423,1.9701,1.4044,1.3785,0.4263,0.6394,24000.0,24000.0,11149.2,281520.0,281520.0,
603839.SH,20260820,7.18,0.7944,2.9997,0.89,,,1.6524,1.1848,1.1528,1.386,,38701.6,38701.6,10249.7,277878.0,277878.0,
688056.SH,20260820,42.42,2.2627,5.3215,1.17,70.8313,83.5618,3.5176,7.1341,7.3597,1.4003,0.3501,6745.25,6745.25,2868.1,286134.0,286134.0,
000968.SZ,20260820,6.98,2.2046,4.9472,0.94,20.163,22.6656,1.0561,3.2002,3.3319,0.4298,0.7163,96750.3,96750.3,43115.0,675317.0,675317.0,
000790.SZ,20260820,4.2,3.3038,4.0239,1.14,,,3.6472,4.8023,4.9627,,,62371.9,62261.5,51118.3,261962.0,261498.0,
601857.SH,20260820,10.99,0.0894,1.2769,1.16,12.7869,12.7156,1.2381,0.7022,0.7063,4.2766,4.2766,18302100.0,16192200.0,1133870.0,201140000.0,177952000.0,
603881.SH,20260820,30.2,13.6388,23.8659,1.35,187.65,186.678,7.7366,15.1287,15.2605,0.1651,0.16,86205.2,86205.2,49264.5,2603400.0,2603400.0,
300737.SZ,20260820,4.87,3.3554,5.1968,1.18,,,1.3502,0.8946,0.8857,7.185,2.2581,111026.0,88717.7,57282.0,540695.0,432055.0,
002524.SZ,20260820,4.0,2.2632,3.0322,0.85,,,22.3918,2.3287,2.3856,,,51533.2,50927.9,38011.0,206133.0,203711.0,
300143.SZ,20260820,7.9,2.1705,3.8049,0.65,112.14,103.714,3.2246,4.0763,3.7332,,0.2423,97293.2,83225.2,47476.6,768616.0,657480.0,
001248.SZ,20260820,12.24,3.3452,3.3452,0.51,26.7227,30.3473,1.7602,7.1176,7.1738,,,1332160.0,106240.0,106240.0,16305700.0,1300380.0,
002809.SZ,20260820,8.48,5.2834,6.5565,1.35,,,1.2329,2.6499,2.5083,3.1157,1.1792,24026.0,16997.0,13696.6,203741.0,144135.0,
603876.SH,20260820,22.34,3.9602,6.5081,1.49,40.4775,33.4076,2.7171,0.7892,0.7658,0.4481,0.761,92926.7,92926.7,56546.0,2075980.0,2075980.0,
920111.BJ,20260820,31.9,4.626,7.3509,1.18,41.2577,26.3111,4.8264,4.0092,3.2576,0.627,0.3135,15515.5,7528.81,4738.01,494943.0,240169.0,
600597.SH,20260820,6.77,0.6931,1.4332,0.86,,,1.0153,0.3905,0.3931,2.3634,,137847.0,137846.0,66659.5,933227.0,933214.0,
688787.SH,20260820,105.82,3.9394,5.9393,1.04,452.146,288.201,8.5024,16.9339,15.8033,0.3282,0.0938,6032.52,6032.52,4001.21,638361.0,638361.0,
001979.SZ,20260820,7.64,1.0502,2.8559,1.29,67.2822,111.557,0.706,0.4452,0.4361,2.5405,0.6688,901603.0,886971.0,326161.0,6888250.0,6776460.0,
603229.SH,20260820,8.35,1.7746,3.8102,,53.0978,64.1744,2.9288,8.7454,8.723,1.1947,0.7617,83029.7,83029.7,38671.2,693298.0,693298.0,
603269.SH,20260820,17.49,3.8103,5.0805,0.6,65.3073,63.4113,7.3189,4.096,3.9174,0.8758,0.7338,43194.6,43194.6,32395.9,755473.0,755473.0,
300231.SZ,20260820,8.17,1.8078,2.3354,0.51,59.72,70.5157,2.2076,1.9508,2.0329,1.2227,1.8341,44474.7,44472.4,34425.0,363358.0,363339.0,
301103.SZ,20260820,17.32,3.0893,4.281,1.39,100.123,99.5519,1.4251,2.505,2.474,0.8511,0.8511,15802.6,12163.4,8777.51,273702.0,210669.0,
920014.BJ,20260820,8.75,1.5305,2.1979,0.6,122.638,113.616,1.3556,2.0206,2.1334,2.2997,1.1329,12185.7,6704.73,4668.77,106625.0,58666.4,
300696.SZ,20260820,20.04,2.2484,4.1156,0.81,106.54,109.881,3.0878,11.7906,11.7337,,0.3381,29424.9,26709.4,14591.6,589675.0,535256.0,
688170.SH,20260820,53.01,3.939,5.6468,0.79,211.975,326.392,4.4472,6.9581,7.0642,,,10336.0,10336.0,7209.94,547911.0,547911.0,
000999.SZ,20260820,25.06,0.7334,1.9973,1.32,12.191,12.9247,1.7941,1.3197,1.2685,2.7812,4.1501,166422.0,166269.0,61055.1,4170530.0,4166710.0,
920768.BJ,20260820,7.05,0.5853,0.768,0.63,20.2775,18.6479,1.5184,0.5999,0.5805,,1.5198,15535.8,10739.0,8183.72,109527.0,75709.6,
300563.SZ,20260820,23.09,2.0726,2.4087,0.96,56.8408,55.8011,3.649,4.9792,4.8129,1.0074,1.0203,18213.8,12673.0,10904.7,420557.0,292619.0,
603196.SH,20260820,19.5,0.712,1.2943,0.84,453.86,210.084,4.0235,10.0103,6.7489,,,41868.7,23698.8,13036.6,816441.0,462127.0,
603861.SH,20260820,11.86,1.2524,2.7518,0.67,31.3971,31.802,1.5996,1.3008,1.3013,1.1466,1.0518,54052.8,52858.6,24057.2,641066.0,626904.0,
300008.SZ,20260820,6.04,1.6032,1.8451,0.4,34.9798,30.4753,4.1657,2.3099,2.1798,,0.5298,172803.0,164729.0,143129.0,1043730.0,994963.0,
601778.SH,20260820,3.55,2.2978,2.9811,0.62,40.0691,56.0271,0.8412,3.3888,3.9212,0.738,0.7843,372304.0,372304.0,286964.0,1321680.0,1321680.0,
300591.SZ,20260820,6.66,17.5662,19.2445,1.64,,,15.803,5.2291,4.9385,,,40567.4,35044.5,31988.2,270179.0,233396.0,
600633.SH,20260820,10.21,0.9788,1.9074,0.47,22.6108,26.0703,1.253,4.2019,3.8141,2.3506,2.4486,126807.0,126807.0,65076.0,1294700.0,1294700.0,
300903.SZ,20260820,78.82,9.7196,11.5227,1.16,,,18.7931,9.224,9.0253,,,43538.7,35138.0,29639.3,3431720.0,2769570.0,
688317.SH,20260820,18.15,3.6847,5.8847,1.7,,,1.0433,27.6054,29.175,,,18984.4,18984.4,11887.2,344566.0,344566.0,
603829.SH,20260820,15.03,1.7201,3.5898,0.99,35.1236,50.8926,1.8743,1.2648,1.2767,0.7144,0.998,18626.6,18626.6,8925.41,279958.0,279958.0,
600072.SH,20260820,8.61,0.8596,1.1947,0.64,,,1.6987,1.2482,1.133,0.3498,,150065.0,108334.0,77940.5,1292060.0,932753.0,
600295.SH,20260820,13.15,0.6189,2.6827,1.32,15.5766,14.3809,1.6373,1.4298,1.4157,4.5627,5.3232,279878.0,197558.0,45577.9,3680390.0,2597880.0,
603266.SH,20260820,15.6,0.7564,1.6878,0.99,29.2449,28.1242,1.912,2.3435,2.3143,1.0897,0.7692,19888.7,19888.7,8912.87,310263.0,310263.0,
920083.BJ,20260820,44.2,20.7334,23.4905,0.97,68.6417,68.6417,8.9465,7.3939,7.3939,,,8926.95,3802.32,3356.05,394571.0,168063.0,
301355.SZ,20260820,10.1,1.4944,1.944,0.98,,,1.3353,1.1204,1.0706,0.9811,,19509.8,13971.8,10740.5,197049.0,141115.0,
600227.SH,20260820,3.74,20.3131,24.5897,1.27,,,2.8159,2.9187,2.8762,,,168873.0,127760.0,105540.0,631584.0,477822.0,
601099.SH,20260820,3.34,0.9752,1.0947,0.4,108.135,136.345,2.2917,17.1525,17.9281,,,681632.0,681632.0,607228.0,2276650.0,2276650.0,
605255.SH,20260820,65.78,0.6384,2.5537,0.8,337.32,586.372,10.8509,27.7015,28.5224,0.342,0.152,13408.0,13408.0,3351.98,881978.0,881978.0,
688222.SH,20260820,38.7,8.1345,14.8757,1.31,141.603,126.354,10.0816,29.5037,26.764,0.1546,0.3359,40068.0,40068.0,21910.4,1550630.0,1550630.0,
002677.SZ,20260820,6.86,0.81,1.7023,0.52,383.971,665.617,3.0085,9.759,10.3315,4.3732,0.2332,64605.2,55151.0,26241.3,443191.0,378336.0,
300348.SZ,20260820,9.19,2.8034,2.8986,1.38,362.471,,3.5233,3.8131,3.7215,0.0762,0.0763,81237.4,73045.2,70647.7,746572.0,671286.0,
300483.SZ,20260820,22.63,3.056,3.5371,1.01,51.4708,43.1856,2.3759,3.0964,2.9673,,,38510.8,38483.8,33248.8,871499.0,870888.0,
300429.SZ,20260820,10.45,3.0579,3.42,0.74,,,3.4911,5.8665,5.6768,,,55539.8,41774.2,37350.2,580391.0,436540.0,
002271.SZ,20260820,11.37,5.0106,5.1418,1.87,239.783,167.427,1.3224,0.9848,0.9405,16.2707,8.1353,238870.0,195067.0,190087.0,2715950.0,2217920.0,
300159.SZ,20260820,2.87,1.5065,1.6649,0.66,218.944,66.6241,3.3804,14.7952,14.2284,,,329042.0,184235.0,166701.0,944351.0,528754.0,
603065.SH,20260820,15.75,7.8104,17.556,0.78,,,3.3037,5.0914,5.0208,0.6296,1.3536,41896.8,41896.8,18639.3,659874.0,659874.0,
603045.SH,20260820,52.04,4.3313,5.6484,0.74,65.2287,23.9547,5.6259,1.399,1.1801,0.1172,0.2844,13544.5,13544.5,10386.1,704857.0,704857.0,
302132.SZ,20260820,57.09,0.7538,1.6467,0.47,44.4455,43.981,7.121,2.0243,1.9559,1.1158,0.6761,267209.0,58606.9,26826.8,15255000.0,3345870.0,
000931.SZ,20260820,4.63,1.5459,2.2547,0.85,72.8191,219.659,2.1535,1.4273,1.5167,,0.432,75312.7,75103.0,51491.6,348698.0,347727.0,
601975.SH,20260820,3.77,4.1654,6.0165,1.38,13.4541,12.0962,1.4726,3.032,2.9338,,0.7162,468034.0,468034.0,324033.0,1764490.0,1764490.0,
002116.SZ,20260820,7.12,0.5196,0.9824,0.95,11.6876,11.8399,1.4135,0.572,0.5796,3.623,2.5668,55895.3,55215.3,29203.0,397974.0,393133.0,
002616.SZ,20260820,4.81,1.1148,1.6528,0.66,14.7483,13.8411,1.1105,1.1274,1.1468,2.6932,7.8907,85921.6,58748.0,39624.0,413283.0,282578.0,
600828.SH,20260820,3.93,0.6073,3.9396,0.8,,,1.0119,2.8756,3.046,,,173198.0,173136.0,26690.5,680669.0,680425.0,
301319.SZ,20260820,112.62,9.8077,17.8061,0.82,260.788,231.674,17.0838,13.6644,11.5851,0.331,0.303,18245.7,13751.4,7574.33,2054830.0,1548680.0,
301295.SZ,20260820,38.26,10.432,10.432,0.94,171.006,111.454,3.9496,5.4641,5.1769,0.6273,0.5489,10080.0,2940.0,2940.0,385661.0,112484.0,
300323.SZ,20260820,12.1,4.7796,7.0081,1.04,,,2.9606,3.6313,2.989,,,162300.0,118769.0,81001.7,1963830.0,1437110.0,
300296.SZ,20260820,5.07,2.249,2.4429,1.11,44.7566,67.2095,1.7612,1.9465,2.1417,1.9701,1.9701,271198.0,232100.0,213681.0,1374970.0,1176750.0,
920834.BJ,20260820,9.45,1.993,3.6434,0.85,24.0774,24.3854,3.5991,3.6764,3.6818,2.4339,2.2857,12000.0,6279.64,3434.98,113400.0,59342.6,
603132.SH,20260820,18.6,0.6195,2.8525,0.77,33.5459,26.062,5.365,10.5533,9.0204,2.2581,2.3118,97800.0,97800.0,21240.0,1819080.0,1819080.0,
600727.SH,20260820,7.37,2.2226,3.3798,0.97,101.791,29.5833,1.1638,0.7655,0.703,1.3569,0.6784,52858.3,52858.3,34759.6,389566.0,389566.0,
002141.SZ,20260820,6.27,13.9065,19.933,0.74,412.591,566.536,8.0252,5.6044,6.0903,,,103294.0,103294.0,72064.4,647651.0,647651.0,
300192.SZ,20260820,15.0,5.3754,7.783,1.21,55.8823,62.7192,6.9215,9.1491,9.2262,1.4286,0.4762,46080.1,45544.0,31455.4,691201.0,683160.0,
688257.SH,20260820,57.1,3.4958,4.741,0.76,89.6962,41.2079,7.5826,8.1374,6.5813,0.3138,0.3616,35526.3,35526.3,26195.8,2028550.0,2028550.0,
300566.SZ,20260820,28.1,8.7507,9.6922,0.61,36.1599,36.4979,3.3073,3.4644,3.4219,0.7053,0.7053,26210.5,22668.0,20466.2,736514.0,636972.0,
002397.SZ,20260820,3.55,4.4401,6.1735,1.82,55.6871,47.4845,2.1666,1.5807,1.5563,,,74778.1,64784.8,46594.3,265462.0,229986.0,
300627.SZ,20260820,27.25,1.1497,1.5574,0.62,31.5656,31.2605,4.9549,5.8488,5.7018,1.2903,1.6367,79397.1,65713.2,48512.7,2163570.0,1790680.0,
300016.SZ,20260820,8.7,6.063,7.7597,1.5,54.5718,41.0865,2.1961,4.1988,4.0715,0.486,,58169.0,56216.4,43924.5,506070.0,489082.0,
605122.SH,20260820,11.7,2.7256,8.2105,1.91,,,1.16,1.9495,2.0694,,,17235.4,17235.4,5721.49,201654.0,201654.0,
301215.SZ,20260820,5.12,0.5955,2.0423,1.05,31.8719,31.0173,2.2822,11.7319,11.4493,1.7567,1.9336,132390.0,132240.0,38560.0,677837.0,677069.0,
002792.SZ,20260820,31.73,12.2631,14.9693,0.62,404.149,976.714,5.8925,14.97,14.5888,0.0785,0.0788,52383.6,33782.4,27675.2,1662130.0,1071920.0,
000558.SZ,20260820,3.44,1.639,2.3385,1.09,,,4.2216,8.2823,9.4024,,,128922.0,128868.0,90320.7,443493.0,443308.0,
000048.SZ,20260820,22.43,2.2807,4.9963,0.58,77.8258,,3.1665,2.4411,2.4035,3.1856,1.6583,53020.3,52930.3,24161.7,1189240.0,1187230.0,
003009.SZ,20260820,46.83,3.1198,7.3724,1.32,,,3.8054,9.8513,8.9232,0.1148,0.0383,16471.7,16468.7,6969.07,771372.0,771231.0,
000572.SZ,20260820,3.84,1.952,2.9803,0.98,,,4.0088,3.4151,3.5472,,,164464.0,164225.0,107561.0,631540.0,630625.0,
300918.SZ,20260820,10.21,0.7815,1.5033,0.78,40.3458,42.5076,1.3332,2.8822,2.5841,1.6338,0.7492,50613.4,50613.4,26313.4,516763.0,516763.0,
002134.SZ,20260820,21.13,2.0404,2.8853,0.74,1099.01,330.387,10.2168,3.7981,3.4797,,,24781.8,24765.8,17513.2,523639.0,523301.0,
600051.SH,20260820,6.36,1.2973,1.8293,0.8,23.43,26.0776,0.5782,1.5598,1.8064,1.8868,0.9434,31088.0,31088.0,22046.2,197720.0,197720.0,
300644.SZ,20260820,21.03,1.544,2.1494,0.91,17.5724,18.22,2.1518,0.8137,0.814,1.1642,1.1888,11068.0,8821.31,6336.75,232759.0,185512.0,
601607.SH,20260820,16.66,0.5604,1.5658,1.35,10.7923,10.635,0.7992,0.2179,0.2145,1.7407,2.8211,370836.0,278921.0,99826.3,6178130.0,4646820.0,
688083.SH,20260820,53.63,1.696,2.9359,0.51,438.56,162.761,3.4901,10.1839,9.8913,0.6633,0.6519,16964.6,16964.6,9800.02,909813.0,909813.0,
300559.SZ,20260820,10.34,1.2953,1.6146,0.52,130.493,114.291,3.5225,9.5951,9.8194,1.4507,0.677,39951.5,31113.7,24960.4,413098.0,321715.0,
688371.SH,20260820,27.85,2.4356,6.038,0.98,309.261,3478.76,4.7799,17.6559,18.7098,,0.1744,33547.2,33547.2,13532.3,934291.0,934291.0,
603367.SH,20260820,14.91,3.535,6.7009,1.02,16.0251,16.5273,1.0678,1.9597,2.0002,2.7364,2.334,45275.4,45275.4,23884.7,675056.0,675056.0,
300606.SZ,20260820,35.41,6.3199,9.2435,0.68,246.003,244.589,7.1375,8.991,8.9997,0.3389,0.5648,13834.8,11767.4,8045.57,489890.0,416685.0,
603107.SH,20260820,11.88,0.668,1.0016,0.88,25.6429,25.7841,1.8383,1.7894,1.8039,2.5253,2.5253,33733.5,21817.4,14550.5,400754.0,259191.0,
603866.SH,20260820,4.22,0.6646,1.7339,0.98,23.7827,26.8258,1.2834,1.2391,1.2464,3.0806,4.7393,159972.0,159972.0,61311.8,675082.0,675082.0,
001339.SZ,20260820,78.76,3.5728,5.0904,0.64,150.675,56.2759,9.476,6.3026,4.9633,0.0778,0.0294,32703.3,16190.0,11363.2,2575710.0,1275120.0,
603616.SH,20260820,5.37,2.2516,3.4969,1.11,,,9.77,2.3512,2.6047,,,38721.8,38429.3,24744.6,207936.0,206365.0,
300926.SZ,20260820,17.45,0.7858,1.6881,0.5,8.9782,9.1956,2.0949,1.305,1.326,0.8301,1.2607,43432.6,29799.3,13871.0,757899.0,519998.0,
600308.SH,20260820,3.24,0.536,0.8902,1.04,,,0.5429,0.3945,0.3933,0.2422,,151687.0,151687.0,91341.8,491466.0,491466.0,
300253.SZ,20260820,7.37,4.8298,5.0661,1.39,,,2.9451,7.7028,7.5155,0.2033,,220127.0,185462.0,176811.0,1622340.0,1366860.0,
300729.SZ,20260820,10.21,0.5753,1.0796,1.05,13.4423,16.7276,0.9511,0.5194,0.5232,2.9357,2.9383,34161.3,32808.4,17483.8,348787.0,334974.0,
001236.SZ,20260820,7.47,1.0074,2.766,0.94,1885.47,492.078,4.0191,26.18,24.8345,0.1339,0.0535,100778.0,75807.8,27610.3,752810.0,566284.0,
605188.SH,20260820,12.47,0.743,3.9814,0.62,404.496,309.376,5.1719,2.2479,2.2404,0.0783,0.119,50774.6,50774.6,9475.85,633160.0,633160.0,
300776.SZ,20260820,114.85,3.6661,4.4785,0.73,63.0927,65.7298,6.6394,16.1129,17.3102,0.3244,0.3383,28523.4,17931.2,14678.4,3275920.0,2059400.0,
603217.SH,20260820,26.48,2.0765,5.5097,0.92,28.5321,26.5883,1.5913,2.531,2.4718,1.3035,1.1329,20808.8,20808.8,7842.42,551016.0,551016.0,
688333.SH,20260820,106.68,6.7437,9.5026,1.58,143.598,124.255,5.8516,15.8045,15.0032,0.1031,0.0762,27432.2,27432.2,19467.8,2926470.0,2926470.0,
920770.BJ,20260820,9.98,1.3792,1.6169,0.58,28.7353,30.0047,2.0877,7.1152,7.4078,1.2024,1.8036,13013.2,8189.38,6985.88,129872.0,81730.0,
301513.SZ,20260820,47.81,3.2304,3.2304,0.5,30.5968,34.9258,6.2765,5.9489,5.6079,,0.9831,10000.0,2014.9,2014.9,478100.0,96332.4,
000983.SZ,20260820,6.99,1.3631,3.1911,1.36,33.0478,29.8904,1.0721,1.068,1.0728,3.6624,1.8026,567710.0,567707.0,242497.0,3968290.0,3968270.0,
300778.SZ,20260820,10.35,1.3569,2.9911,0.88,,,1.7542,14.6422,16.8657,,,20366.0,20360.5,9236.54,210788.0,210731.0,
301308.SZ,20260820,379.01,3.619,4.5007,0.53,114.416,13.5872,8.7635,7.1531,4.4423,,0.2574,42966.8,28185.2,22663.4,16284900.0,10682500.0,
600226.SH,20260820,6.03,3.4539,5.5943,0.61,89.2669,88.5097,4.8397,9.6957,8.2876,,,297438.0,297438.0,183637.0,1793550.0,1793550.0,
300943.SZ,20260820,31.0,11.0014,13.2077,0.81,105.158,110.973,6.1846,11.3532,11.391,0.3871,0.4194,20382.0,13342.6,11113.7,631842.0,413619.0,
300568.SZ,20260820,14.57,4.4705,4.6339,0.72,599.035,1150.65,2.2331,5.2809,5.0466,0.3397,0.0676,149523.0,120856.0,116594.0,2178560.0,1760870.0,
300387.SZ,20260820,7.37,4.8068,7.9029,1.28,35.9643,40.0679,1.4717,1.5418,1.5535,0.9498,0.8141,28905.7,28895.7,17575.5,213035.0,212961.0,
300166.SZ,20260820,13.02,4.2392,4.5859,0.58,,,2.5997,5.6879,5.5866,,,113875.0,90575.9,83726.8,1482650.0,1179300.0,
300804.SZ,20260820,43.16,2.3956,2.3956,0.58,78.447,138.692,2.3365,4.2314,4.3873,,0.3475,7400.0,2750.0,2750.0,319384.0,118690.0,
300474.SZ,20260820,50.34,1.0828,1.4419,0.57,,,3.8563,36.5365,37.49,0.1192,,52261.9,40647.4,30526.0,2630870.0,2046190.0,
605377.SH,20260820,8.88,0.8827,1.678,0.64,18.2484,19.3649,1.2447,1.5438,1.605,6.8131,4.955,55667.0,55667.0,29282.8,494323.0,494323.0,
300538.SZ,20260820,15.11,3.7219,4.4561,0.97,,,3.023,0.912,0.9302,,0.1316,18191.9,12098.5,10105.1,274879.0,182809.0,
920665.BJ,20260820,8.57,1.3478,2.0828,0.8,34.3309,34.9117,1.5221,3.4291,3.3093,1.7503,1.1669,12999.0,6418.11,4153.32,111401.0,55003.2,
600222.SH,20260820,8.11,5.2042,6.8187,0.7,75.6121,74.2865,2.8242,2.5808,2.5418,,0.1706,55936.3,55936.3,42692.2,453644.0,453644.0,
000586.SZ,20260820,12.51,2.0417,2.8427,0.67,,,7.5986,4.7213,4.6385,,,19344.0,19119.0,13731.7,241993.0,239179.0,
603402.SH,20260820,63.33,9.2087,9.2087,1.56,16.5699,20.9084,2.2211,6.1831,6.8287,,2.4293,10053.3,2513.33,2513.33,636677.0,159169.0,
301202.SZ,20260820,36.68,3.4649,7.7627,0.88,74.6493,77.7832,4.1165,3.9943,3.7993,1.6358,1.3631,13640.0,7961.75,3553.75,500315.0,292037.0,
603212.SH,20260820,11.43,1.3592,2.1402,0.59,,,2.0916,1.9073,1.9368,,,43749.1,43749.1,27785.1,500052.0,500052.0,
601033.SH,20260820,14.35,1.2396,1.2396,0.98,15.0079,14.3295,1.1681,3.0126,2.8775,4.1812,4.3902,90000.0,24000.0,24000.0,1291500.0,344400.0,
920238.BJ,20260820,62.79,7.9455,7.9455,0.54,47.9505,47.9505,7.7643,4.9177,4.9177,,,9523.83,1940.69,1940.69,598001.0,121856.0,
603095.SH,20260820,13.87,3.829,12.4899,0.71,41.955,54.0775,1.5325,3.3656,3.6927,6.2554,2.1535,25826.9,25826.9,7917.71,358219.0,358219.0,
600987.SH,20260820,6.53,0.654,1.4113,1.12,9.0715,9.2532,0.9886,0.6217,0.7271,6.1256,5.3599,102082.0,102082.0,47302.9,666595.0,666595.0,
002415.SZ,20260820,34.07,0.5325,1.3512,0.62,21.9964,19.0004,3.7019,3.3754,3.2021,3.2334,3.8157,916487.0,904609.0,356515.0,31224700.0,30820000.0,
002046.SZ,20260820,48.0,2.1976,4.352,0.78,98.8587,158.11,5.9006,8.5256,8.7019,0.4376,0.4083,53619.1,53017.8,26772.5,2573720.0,2544850.0,
920249.BJ,20260820,9.53,8.3257,8.3257,1.46,94.9295,50.7701,4.9421,1.6523,1.4138,,,42163.0,12467.0,12467.0,401813.0,118810.0,
300055.SZ,20260820,5.89,1.8217,2.0407,0.89,,,1.0043,1.8845,1.8114,0.2547,0.2547,83675.0,63284.9,56495.1,492846.0,372748.0,
600011.SH,20260820,6.66,0.5443,1.368,0.71,7.2556,8.9104,1.6208,0.456,0.4664,4.0541,6.006,1569810.0,1099770.0,437592.0,10454900.0,7324480.0,
301333.SZ,20260820,61.16,4.3216,10.718,0.99,43.1478,44.1965,2.959,6.9411,6.5906,0.259,0.26,9658.13,9645.85,3889.3,590691.0,589940.0,
603568.SH,20260820,14.9,0.5247,1.5401,1.07,13.7891,17.7627,2.0904,4.8947,5.6514,2.6641,3.3618,204846.0,204846.0,69786.2,3052200.0,3052200.0,
001359.SZ,20260820,93.63,9.1125,9.1125,1.11,93.4449,97.7078,10.9383,18.9837,17.3019,0.2958,0.327,24115.4,6029.08,6029.08,2257930.0,564503.0,
002091.SZ,20260820,7.78,0.7217,1.2277,0.86,9.7871,10.0243,0.7911,0.3215,0.3152,6.0408,6.041,162773.0,160237.0,94190.9,1266370.0,1246650.0,
603123.SH,20260820,9.23,10.0086,20.1223,3.01,,,4.5258,3.1778,3.2091,,,79873.7,65227.6,32443.5,737234.0,602051.0,
600136.SH,20260820,1.41,0.385,0.5783,0.76,,,12.7131,5.7303,5.873,,,204083.0,194309.0,129353.0,287756.0,273976.0,
002782.SZ,20260820,15.11,1.6308,3.8943,0.65,25.0025,29.37,3.3434,1.3542,1.3302,0.9775,1.324,49581.4,48991.6,20515.9,749175.0,740263.0,
300144.SZ,20260820,6.03,1.361,2.172,1.44,19.2394,20.1636,2.0106,6.9683,7.0616,3.3342,4.1488,260887.0,258160.0,161759.0,1573150.0,1556700.0,
002848.SZ,20260820,13.2,5.2102,6.8637,1.79,,,31.4167,6.0528,3.7006,,,16715.0,16542.1,12557.0,220638.0,218356.0,
300174.SZ,20260820,19.34,3.023,3.9146,0.55,30.8675,31.5871,2.017,3.6989,3.631,1.18,1.0247,36421.0,36219.5,27969.9,704383.0,700484.0,
002198.SZ,20260820,3.37,1.1214,1.4433,1.11,56.1172,62.1243,2.3416,4.4568,4.442,,,50751.0,50748.0,39430.1,171031.0,171021.0,
600706.SH,20260820,7.94,2.2156,3.1742,1.05,,,4.5123,2.0943,2.2883,,,25506.0,25403.0,17731.4,202517.0,201700.0,
001210.SZ,20260820,29.76,3.7228,4.9482,0.41,48.6072,47.644,4.4315,5.4483,5.433,0.68,1.0801,21953.8,13342.0,10037.8,653344.0,397058.0,
000532.SZ,20260820,11.04,2.3394,4.4221,1.81,23.2839,31.4298,2.3458,7.6925,7.6292,0.5435,0.9058,34470.8,34355.0,18174.8,380558.0,379279.0,
603002.SH,20260820,16.32,5.9188,12.6256,0.75,523.248,629.86,5.3558,6.0164,5.2789,0.1225,0.0919,113408.0,113408.0,53164.6,1850820.0,1850820.0,
301329.SZ,20260820,19.45,4.4451,4.6834,0.81,53.7042,43.3465,2.0851,3.6892,3.3566,1.928,1.4139,17020.0,6604.0,6268.0,331039.0,128448.0,
002232.SZ,20260820,13.76,0.7658,1.7294,0.85,172.747,117.946,3.9761,7.2634,6.7834,0.0727,0.1744,40854.8,40854.8,18090.9,562163.0,562163.0,
601966.SH,20260820,11.14,0.6489,1.4434,1.28,11.9101,15.5985,0.714,0.6616,0.6521,2.325,1.9479,146350.0,146350.0,65790.0,1630340.0,1630340.0,
605398.SH,20260820,20.24,0.6652,2.1484,0.37,204.153,238.567,3.1698,6.0255,6.0068,0.073,0.146,16271.6,16271.6,5038.26,329338.0,329338.0,
688786.SH,20260820,27.68,3.6177,5.5561,0.91,57.925,56.3171,6.0339,10.965,10.6065,0.6245,0.5995,17332.0,17332.0,11285.2,479751.0,479751.0,
688126.SH,20260820,24.45,4.3653,6.8575,1.17,,,4.1676,21.7457,18.6372,,,330502.0,284210.0,180918.0,8080780.0,6948930.0,
605056.SH,20260820,14.15,1.2438,3.3518,0.78,22.3153,21.9412,3.1527,1.2702,1.207,2.5129,2.7574,40939.3,40339.3,14969.8,579291.0,570801.0,
300240.SZ,20260820,6.15,3.2446,5.6014,1.17,234.893,511.815,1.5818,0.3543,0.3384,,0.3252,37156.3,36333.9,21046.0,228511.0,223453.0,
002753.SZ,20260820,6.64,1.1962,1.4069,0.67,73.1026,268.32,1.0724,0.739,0.7189,1.952,0.6842,42868.0,29578.9,25149.2,284643.0,196404.0,
600356.SH,20260820,8.9,1.1596,1.655,0.75,14.8332,12.9433,0.9515,1.0391,1.0338,1.2223,2.1348,32953.7,29873.1,20930.8,293288.0,265871.0,
000029.SZ,20260820,22.3,0.5442,1.7133,0.69,225.699,955.61,6.2434,15.2137,18.4887,,0.157,101166.0,89166.0,28324.1,2256000.0,1988400.0,
603385.SH,20260820,5.55,1.0417,2.597,1.41,,,0.6005,0.7176,0.7389,1.982,,38066.5,38066.5,15269.3,211269.0,211269.0,
301136.SZ,20260820,11.39,1.5274,3.2897,0.82,,2455.76,2.1663,5.6743,5.507,,,27520.5,27489.7,12763.0,313458.0,313108.0,
000679.SZ,20260820,6.03,1.2894,1.7923,0.7,,,14.86,5.1051,4.8825,,,35640.0,35640.0,25640.0,214909.0,214909.0,
920895.BJ,20260820,12.76,1.7494,2.5404,0.45,,,3.7669,10.9791,10.7493,,,5652.4,2873.69,1978.98,72124.6,36668.3,
920396.BJ,20260820,19.3,1.8968,2.8204,0.58,34.1139,34.1452,3.862,5.3941,5.2469,1.0758,1.0363,7222.11,4971.69,3343.55,139387.0,95953.6,
688611.SH,20260820,64.92,0.8057,1.8477,0.81,,,11.5432,48.1882,45.8103,0.2201,,15339.0,15339.0,6688.77,995805.0,995805.0,
300422.SZ,20260820,4.08,2.2073,3.6765,0.54,,,3.7723,1.084,1.2478,,,53388.0,51674.3,31023.8,217823.0,210831.0,
603117.SH,20260820,3.8,1.5129,2.2358,1.34,146.62,309.777,2.2206,9.2113,9.8529,,,59919.8,59919.8,40544.8,227695.0,227695.0,
688036.SH,20260820,58.89,1.9203,4.7083,1.33,26.27,21.5817,3.2031,1.0336,0.9423,3.8688,2.874,115118.0,115118.0,46950.5,6779330.0,6779330.0,
002607.SZ,20260820,2.03,1.9518,2.0278,0.69,256.074,222.681,15.561,5.5969,5.5355,,,616740.0,554344.0,533571.0,1251980.0,1125320.0,
002334.SZ,20260820,6.45,1.3572,1.3898,0.9,25.3899,36.9376,1.7301,1.1823,1.1686,0.9123,0.9314,82005.9,73501.2,71777.0,528938.0,474083.0,
002941.SZ,20260820,10.37,0.8342,1.5312,0.74,16.0178,16.3107,1.6144,0.8023,0.7952,1.2796,1.9286,72975.1,72975.1,39758.0,756752.0,756752.0,
300831.SZ,20260820,14.32,2.1606,2.1606,0.66,103.609,77.4791,4.7073,24.4428,20.4028,0.3188,0.3453,32000.0,18448.4,18448.4,458240.0,264181.0,
601086.SH,20260820,7.64,1.0178,3.881,0.64,72.3992,52.6217,3.1222,6.3577,6.1282,1.0381,1.2977,66600.0,66600.0,17466.0,508824.0,508824.0,
688382.SH,20260820,21.41,4.8619,6.6778,1.39,,,8.2959,332.775,173.207,,,57959.2,57959.2,42198.6,1240910.0,1240910.0,
920748.BJ,20260820,23.99,3.3344,8.1906,0.99,,,8.8917,20.6915,15.9164,0.4168,,7674.0,3683.6,1499.6,184099.0,88369.6,
300225.SZ,20260820,7.3,2.0001,2.3504,0.64,205.118,135.2,3.9585,4.3242,4.0959,0.274,,47543.0,47204.6,40169.3,347064.0,344594.0,
603352.SH,20260820,25.69,2.3098,2.3098,0.55,25.6006,28.3954,1.9698,1.4368,1.4766,,0.4282,22666.7,4533.33,4533.33,582306.0,116461.0,
600126.SH,20260820,6.97,2.1536,5.6962,0.56,975.144,342.423,1.2109,0.4498,0.5164,,0.0717,337719.0,337719.0,127682.0,2353900.0,2353900.0,
002701.SZ,20260820,4.69,0.6262,0.9423,0.72,11.9254,13.972,1.1715,0.4998,0.468,2.5586,2.5586,255976.0,255736.0,169930.0,1200530.0,1199400.0,
300878.SZ,20260820,33.33,2.1017,6.5717,0.75,,,5.2905,21.4223,21.4332,0.4121,,14479.0,14412.4,4609.15,482586.0,480365.0,
601088.SH,20260820,46.55,0.1655,1.0191,0.95,19.1043,19.5792,2.0995,3.4235,3.4141,6.2681,4.1086,2168940.0,1649100.0,267833.0,100964000.0,76765800.0,
688591.SH,20260820,26.8,2.3802,2.5628,0.76,50.8634,64.8323,2.6366,6.3781,6.3553,0.7489,0.9808,24156.4,16925.8,15719.6,647391.0,453611.0,
688027.SH,20260820,386.2,1.4235,1.817,0.74,7367.51,5942.95,12.3135,127.956,126.54,,0.0041,10286.1,8037.44,6296.64,3972490.0,3104060.0,
300827.SZ,20260820,25.41,1.6975,2.0492,0.46,30.5751,29.9193,3.2885,2.5124,2.4095,0.3027,0.4699,55669.2,43654.0,36162.1,1414550.0,1109250.0,
688249.SH,20260820,39.39,0.7745,1.8786,0.59,124.996,142.112,4.0155,8.0863,7.8384,0.2458,,223465.0,200759.0,82764.8,8802270.0,7907900.0,
002225.SZ,20260820,3.51,2.4253,2.8668,0.75,46.991,123.706,0.9998,0.7415,0.7577,1.2254,1.4082,115924.0,97492.9,82479.4,406893.0,342200.0,
002559.SZ,20260820,9.45,3.045,3.3179,0.6,57.416,59.5323,3.4155,2.6546,2.6676,0.6721,0.6721,64186.4,50400.5,46254.8,606561.0,476285.0,
000591.SZ,20260820,4.24,0.6307,0.967,0.63,20.1259,23.0861,0.6892,3.3397,3.5091,2.6725,1.7995,390485.0,390340.0,254606.0,1655660.0,1655040.0,
600576.SH,20260820,5.44,0.9058,1.3485,0.76,50.5326,55.8368,2.2168,4.8927,4.7966,,,105455.0,66039.0,44355.8,573674.0,359252.0,
300142.SZ,20260820,15.12,4.2992,4.2538,0.97,136.052,84.6203,3.2641,9.9999,10.0766,0.0661,1.0251,159935.0,156050.0,157714.0,2418220.0,2359480.0,
301237.SZ,20260820,53.48,1.7387,2.532,0.78,,,3.6979,7.1857,6.3221,0.1827,,8000.0,5825.0,4000.0,427840.0,311521.0,
688109.SH,20260820,73.6,0.9835,1.9527,0.69,124.425,182.451,7.3155,13.2733,13.9317,0.9121,0.7412,7884.23,7884.23,3971.09,580279.0,580279.0,
300450.SZ,20260820,33.33,1.4788,2.1761,0.81,35.684,34.7909,3.1227,3.8636,3.7114,0.1668,0.855,167422.0,155941.0,105971.0,5580180.0,5197530.0,
301229.SZ,20260820,12.06,2.5286,3.304,0.87,57.7815,114.629,1.7672,2.0425,1.9946,1.3684,0.4466,18178.1,12928.1,9894.0,219227.0,155912.0,
300183.SZ,20260820,10.35,1.0987,1.7631,0.93,457.033,,1.5479,4.553,4.8389,0.9662,0.0483,46260.9,37102.9,23121.0,478800.0,384015.0,
002045.SZ,20260820,8.28,3.2498,4.3338,1.14,,,1.0996,0.589,0.6044,,0.1812,56248.3,56172.5,42122.0,465736.0,465108.0,
300741.SZ,20260820,13.64,0.4555,2.4107,1.39,100.242,105.483,1.2288,6.2793,6.0817,0.7331,0.9531,61588.0,61587.7,11637.7,840060.0,840056.0,
002976.SZ,20260820,22.75,3.911,5.1866,1.01,560.8,,3.0757,2.0986,2.187,,,19461.1,12172.9,9179.04,442740.0,276934.0,
300865.SZ,20260820,29.32,19.0173,35.833,2.52,1056.97,229.041,3.2147,8.5153,8.2212,,0.1023,9568.0,5748.22,3050.69,280534.0,168538.0,
605168.SH,20260820,47.01,3.5655,7.7315,1.17,52.1781,77.7459,3.6242,2.7043,2.5346,1.5316,1.5316,21081.7,21081.7,9722.17,991051.0,991051.0,
001225.SZ,20260820,46.57,18.0583,21.3494,3.15,89.5445,100.915,2.189,12.7852,12.6381,2.5878,0.67,6557.08,2103.88,1779.56,305363.0,97977.7,
002688.SZ,20260820,5.36,1.8911,2.8247,1.46,149.675,106.475,1.805,1.4331,1.3772,1.8235,1.8322,76950.4,74746.4,50040.4,412454.0,400640.0,
000402.SZ,20260820,2.5,1.6846,3.0588,1.13,,,0.3764,0.9342,0.9139,,,298893.0,298865.0,164594.0,747232.0,747164.0,
300783.SZ,20260820,17.13,1.7902,2.1524,0.58,44.2909,36.2798,2.14,0.6753,0.668,1.456,0.6792,40168.6,28028.2,23311.8,688089.0,480124.0,
920906.BJ,20260820,15.85,1.3753,1.9058,0.61,35.1594,32.7209,1.7906,1.3783,1.3754,0.5615,0.5615,6497.0,3335.57,2407.08,102977.0,52868.8,
002923.SZ,20260820,11.76,3.4816,5.7465,1.03,,,3.7366,3.3479,3.1002,1.2755,,33489.3,25808.5,15636.3,393835.0,303508.0,
300198.SZ,20260820,2.36,1.1912,1.4972,0.85,,,5.6037,32.1548,22.7476,,,103155.0,102449.0,81514.4,243445.0,241779.0,
600079.SH,20260820,17.86,0.7209,1.1343,1.38,15.7123,15.3175,1.5013,1.2166,1.2184,1.7917,2.6876,163223.0,154318.0,98072.8,2915160.0,2756120.0,
603118.SH,20260820,17.0,15.0518,25.8311,0.87,172.065,167.435,2.6378,1.4551,1.4351,,0.1765,78727.6,78727.6,45874.7,1338370.0,1338370.0,
603306.SH,20260820,74.28,4.7744,6.5585,1.08,112.392,171.107,7.6149,9.7765,9.8745,0.117,0.1056,32949.6,32949.6,23986.3,2447490.0,2447490.0,
600148.SH,20260820,15.33,0.6,1.1683,0.74,189.783,131.47,4.5071,2.8316,2.6699,,0.2609,14151.6,14151.6,7268.1,216945.0,216945.0,
000055.SZ,20260820,3.55,1.005,1.2234,0.77,,,0.682,1.1288,1.1373,1.4085,,107387.0,67585.4,55524.4,381225.0,239928.0,
002281.SZ,20260820,173.15,5.0315,8.2809,0.95,151.473,123.984,9.9197,12.0166,10.7813,0.1464,,82784.9,78603.0,47759.0,14334200.0,13610100.0,
002037.SZ,20260820,6.78,0.9316,1.6784,0.61,,,3.1941,0.4904,0.509,,,48388.4,48388.4,26857.6,328073.0,328073.0,
600764.SH,20260820,17.4,0.4883,1.3342,0.5,102.567,107.389,1.5075,3.4966,3.4761,0.3391,0.4023,71062.9,71062.9,26006.7,1236500.0,1236500.0,
002791.SZ,20260820,15.15,2.9055,4.0426,1.75,,,1.0029,0.9671,0.9859,1.3037,,35388.5,21770.5,15647.3,536136.0,329822.0,
002095.SZ,20260820,14.23,0.7504,1.3388,0.87,,,4.1035,6.8396,6.9318,0.3514,0.3514,25272.0,25170.8,14108.3,359621.0,358181.0,
300840.SZ,20260820,19.02,3.0035,3.3719,0.88,122.799,133.508,3.5536,6.9557,6.8859,0.5258,0.5258,24000.0,17708.5,15773.7,456480.0,336816.0,
688707.SH,20260820,10.3,1.004,1.4405,0.88,,,1.3464,3.6683,3.911,,,50874.0,50874.0,35457.3,524002.0,524002.0,
300687.SZ,20260820,27.98,12.8013,13.4594,2.29,,,4.2692,5.5118,5.5289,0.2503,,40841.2,33586.4,31944.3,1142740.0,939748.0,
002289.SZ,20260820,41.5,1.9701,3.6445,0.79,,346.945,43.8353,35.521,21.2578,,,28025.4,27443.1,14834.8,1163050.0,1138890.0,
002685.SZ,20260820,5.39,2.558,2.9145,0.51,81.401,62.7968,3.293,6.7528,4.759,,,100769.0,100756.0,88430.6,543145.0,543072.0,
600930.SH,20260820,3.91,0.9388,0.9388,0.56,22.4571,25.4744,1.4768,4.1842,4.0837,,1.5345,4171430.0,1074320.0,1074320.0,16310300.0,4200590.0,
300739.SZ,20260820,22.56,3.0566,4.7303,0.91,101.582,98.4806,3.0387,4.5291,4.3019,0.5307,0.3103,37345.5,30297.6,19577.3,842515.0,683513.0,
001298.SZ,20260820,17.49,1.6784,3.0339,1.0,99.2743,64.3073,4.4903,0.9037,0.7757,0.1624,0.276,43251.4,40741.9,22538.8,756467.0,712576.0,
688455.SH,20260820,15.24,1.2694,2.819,1.35,84.0764,85.2731,2.7821,1.1198,1.0671,,,16803.1,16803.1,7566.51,256079.0,256079.0,
688322.SH,20260820,100.0,3.5341,5.3405,0.84,322.754,306.732,13.7868,43.8839,43.3389,,,41283.5,32026.4,21193.4,4128350.0,3202640.0,
301369.SZ,20260820,134.6,3.5392,4.9405,0.69,410.421,347.721,9.0753,38.8622,35.93,0.2081,0.2196,10230.8,5484.92,3929.24,1377060.0,738270.0,
300039.SZ,20260820,5.89,7.3369,10.5585,0.86,22.1152,23.773,1.3177,5.345,5.951,2.2071,2.2071,104600.0,91692.6,63715.4,616094.0,540070.0,
001258.SZ,20260820,12.31,12.6861,32.5527,0.84,135.044,77.0317,3.7183,10.8397,9.5144,0.1381,0.2437,93333.3,93332.2,36372.3,1148930.0,1148920.0,
300250.SZ,20260820,14.89,3.0793,3.4407,0.59,77.9544,82.8893,5.761,13.2113,13.5717,,,21374.9,15742.4,14089.0,318273.0,234405.0,
920136.BJ,20260820,20.25,5.3676,5.3676,0.55,14.8542,14.8542,2.084,2.9999,2.9999,,,8000.0,2100.0,2100.0,162000.0,42525.0,
603836.SH,20260820,9.02,0.9196,2.0055,0.89,98.802,54.0986,1.4837,0.2963,0.299,1.1733,1.5683,28620.9,27892.9,12789.7,258161.0,251594.0,
301195.SZ,20260820,26.41,1.018,1.9142,0.62,23.0397,25.6423,1.4125,3.6203,3.7797,2.4612,2.2719,13207.0,8768.98,4663.5,348796.0,231589.0,
600109.SH,20260820,8.5,0.4131,0.6522,0.77,13.8327,13.1969,0.8721,3.7243,3.4994,1.4033,0.933,370536.0,370536.0,234723.0,3149560.0,3149560.0,
605178.SH,20260820,65.68,3.0979,4.9578,0.6,,,5.895,18.7368,19.4533,,,9908.0,9908.0,6191.14,650757.0,650757.0,
688393.SH,20260820,20.72,2.979,4.9864,1.44,,,1.6409,5.6285,5.5163,0.4826,0.4826,9356.77,9356.77,5590.0,193872.0,193872.0,
688282.SH,20260820,55.81,0.8189,2.3512,0.5,,,3.9429,16.5054,16.2324,,,8902.93,8902.93,3100.77,496873.0,496873.0,
603808.SH,20260820,8.54,0.663,1.5245,0.9,18.8394,18.8329,1.1849,1.0874,1.0674,0.5855,2.1311,36373.3,36373.3,15819.1,310628.0,310628.0,
000488.SZ,20260820,1.87,0.2604,0.3563,0.49,,,13.2055,0.8891,0.6571,,,294146.0,169422.0,123844.0,550052.0,316819.0,
688361.SH,20260820,355.59,2.9983,3.197,0.89,2134.37,22152.9,24.6796,60.9683,58.0866,,,35205.2,35205.2,33016.7,12518600.0,12518600.0,
601615.SH,20260820,10.75,1.2962,1.6816,0.47,36.842,63.5631,0.9216,0.6382,0.6225,2.6898,1.6438,226150.0,226150.0,174309.0,2431110.0,2431110.0,
300385.SZ,20260820,12.03,1.6489,2.5847,0.61,,,,9.3639,11.1573,,,33314.6,29066.3,18542.8,400775.0,349667.0,
688073.SH,20260820,74.91,8.3503,20.9329,1.02,44.8666,40.554,3.242,5.1428,5.0403,1.1436,1.4679,9088.29,9088.29,3625.41,680804.0,680804.0,
688779.SH,20260820,8.13,1.994,3.4926,1.04,68.78,24.7983,2.1439,1.6793,1.1008,,0.5089,192922.0,192922.0,110146.0,1568460.0,1568460.0,
300837.SZ,20260820,23.25,1.8714,3.9019,0.99,30.4763,32.2774,1.647,3.4182,3.5285,1.2903,1.2903,10000.7,7559.43,3625.68,232516.0,175757.0,
605009.SH,20260820,23.95,0.4821,1.4466,0.94,22.1928,22.8935,1.4777,1.3707,1.3479,2.5248,3.5342,21495.7,21495.7,7164.35,514823.0,514823.0,
000821.SZ,20260820,6.86,0.7816,1.0114,0.65,21.6203,33.9075,1.0241,0.602,0.6818,1.0204,0.4762,62287.5,60465.1,46729.4,427292.0,414790.0,
603297.SH,20260820,107.26,1.4364,4.5993,1.1,54.02,56.4644,5.6447,12.3035,11.7644,0.794,0.8391,11072.9,11072.9,3458.14,1187680.0,1187680.0,
600774.SH,20260820,7.39,1.5507,3.7224,1.12,,,1.4729,2.1133,2.1756,,,29503.2,29488.0,12284.1,218029.0,217916.0,
002355.SZ,20260820,4.83,2.6528,2.8363,0.58,,,3.9451,3.5423,3.4641,,,66848.1,61816.7,57816.7,322876.0,298575.0,
600239.SH,20260820,1.39,0.7552,1.2593,0.91,,,2.2104,1.2721,1.3305,,,160569.0,160569.0,96288.6,223190.0,223190.0,
301388.SZ,20260820,24.04,1.2243,2.9864,1.04,116.41,110.019,2.5006,5.1677,4.9922,0.416,0.8319,10244.8,7268.3,2979.63,246284.0,174730.0,
301283.SZ,20260820,26.31,1.0812,1.8176,0.83,15.993,15.6468,1.783,1.4211,1.367,3.1156,4.4235,11622.3,9136.12,5434.89,305782.0,240371.0,
000822.SZ,20260820,4.35,1.0949,1.8351,0.89,,,1.0406,0.8205,0.807,,,89509.2,89509.2,53404.3,389365.0,389365.0,
301105.SZ,20260820,47.29,4.0808,4.9186,1.66,,,2.8937,13.3447,14.6668,,2.1146,5000.0,1981.25,1643.75,236450.0,93693.3,
300676.SZ,20260820,43.78,11.4674,18.5001,4.67,,,2.1732,4.9425,4.7666,,,41831.7,41603.6,25788.2,1831390.0,1821410.0,
688448.SH,20260820,62.74,2.3054,4.4357,0.69,614.761,916.398,5.9638,16.6166,16.233,0.3506,,9751.89,9751.89,5068.42,611834.0,611834.0,
300586.SZ,20260820,8.91,2.9747,3.3358,0.87,,,3.4353,3.8089,3.8307,,,71121.7,53459.6,47673.7,633694.0,476325.0,
688278.SH,20260820,64.99,2.8012,7.1066,1.61,25.7247,24.5662,8.547,7.1784,6.5966,0.9507,0.946,40818.9,40818.9,16089.7,2652820.0,2652820.0,
002747.SZ,20260820,32.77,10.6592,16.6873,1.1,705.208,243.624,9.7952,6.4883,6.5251,,,96779.8,78243.5,49979.1,3171480.0,2564040.0,
002565.SZ,20260820,8.52,5.3333,7.004,1.32,153.226,137.68,4.9146,7.6046,7.8262,0.4568,,105999.0,105996.0,80712.0,903111.0,903082.0,
301226.SZ,20260820,28.8,1.2106,2.5093,0.64,188.758,299.676,3.4469,6.1686,6.1322,0.3472,0.2083,10880.0,10880.0,5248.96,313344.0,313344.0,
000709.SZ,20260820,2.09,0.8166,2.3186,1.32,21.5616,19.7715,0.4151,0.1829,0.1848,1.4354,1.9139,1033710.0,1033540.0,364018.0,2160460.0,2160100.0,
601890.SH,20260820,8.47,2.2116,3.4395,0.36,25.5998,23.2626,2.0872,3.8711,3.9489,1.6529,1.1806,95940.0,95940.0,61688.9,812612.0,812612.0,
920926.BJ,20260820,10.07,0.4182,1.4221,0.6,31.9951,42.525,3.2187,1.884,1.9362,2.7207,2.4826,8836.17,8018.24,2357.66,88980.3,80743.7,
605080.SH,20260820,22.34,7.2463,21.5165,7.14,16.4451,18.8354,1.3831,3.0756,3.0152,0.8856,0.6353,14090.9,14035.1,4726.69,314791.0,313545.0,
002469.SZ,20260820,6.03,2.3359,3.0252,1.18,20.9824,29.2048,1.476,1.5068,1.5572,6.6335,4.9751,64886.3,62840.3,48521.5,391264.0,378927.0,
688659.SH,20260820,10.65,1.4952,2.7195,0.68,,,3.2935,2.439,2.2512,,,16000.0,16000.0,8796.69,170400.0,170400.0,
603112.SH,20260820,16.08,2.2545,5.3718,1.02,15.5639,15.187,1.9203,2.1037,2.0642,2.0704,2.6249,53996.1,53460.7,22437.4,868258.0,859647.0,
300259.SZ,20260820,4.05,2.3555,4.2819,0.65,18.6645,19.2621,1.5226,4.3873,4.2413,1.2149,2.6727,115510.0,115484.0,63529.0,467818.0,467709.0,
600346.SH,20260820,18.84,0.7365,2.9994,1.31,18.7455,11.8089,1.8434,0.6598,0.679,2.8132,1.9639,703910.0,703910.0,172842.0,13261700.0,13261700.0,
000521.SZ,20260820,4.82,0.7452,1.0406,1.13,12.0958,96.9477,0.8449,0.1633,0.1744,6.8465,4.2453,102992.0,87528.9,62683.1,496423.0,421889.0,
600637.SH,20260820,7.97,0.659,1.2363,0.65,43.3945,47.9943,0.8949,3.5776,3.6539,2.8858,2.2585,336190.0,336190.0,179207.0,2679430.0,2679430.0,
601113.SH,20260820,3.37,0.8789,1.2898,1.22,20.4172,33.133,1.128,0.9656,0.9692,,,135415.0,110415.0,75239.5,456349.0,372099.0,
603167.SH,20260820,8.7,0.5256,0.8785,1.02,15.5038,16.4003,1.1525,2.2124,2.2143,11.7241,10.3448,46914.4,46914.4,28065.9,408156.0,408156.0,
301511.SZ,20260820,88.41,8.7319,8.732,0.95,495.25,230.706,13.4045,4.4809,3.9041,,0.1126,63032.2,39864.7,39864.4,5572680.0,3524440.0,
002378.SZ,20260820,25.2,1.9812,4.6103,0.68,104.246,48.12,11.1305,5.8201,4.5553,0.2857,0.4762,120142.0,119512.0,51358.7,3027570.0,3011710.0,
301285.SZ,20260820,87.68,1.6669,2.1798,1.36,,,19.1989,17.7836,16.3476,0.0569,,20667.0,20667.0,15804.1,1812080.0,1812080.0,
600973.SH,20260820,6.04,0.8344,1.3853,0.51,,,2.4464,0.1727,0.158,,,137137.0,137137.0,82596.0,828305.0,828305.0,
688259.SH,20260820,30.81,1.1259,2.0459,0.99,43.569,44.3602,2.1819,9.5116,9.9863,0.6287,0.806,11170.0,11170.0,6147.07,344148.0,344148.0,
688003.SH,20260820,87.16,5.6911,12.2513,1.36,223.008,89.9203,8.5293,9.4855,8.1619,0.5666,0.5687,19478.2,19478.2,9048.23,1697720.0,1697720.0,
001299.SZ,20260820,9.91,0.9118,3.1027,0.97,30.383,30.0352,2.5075,4.2918,4.4413,5.8645,4.9804,31421.5,28287.5,8312.63,311387.0,280329.0,
300179.SZ,20260820,34.78,9.1437,11.3194,0.78,181.292,165.702,13.2902,29.7998,27.2623,0.572,0.858,48572.4,37398.2,30209.9,1689350.0,1300710.0,
002343.SZ,20260820,5.09,4.7042,6.4336,2.59,,,2.5231,6.06,11.3921,,,47368.0,47368.0,34635.3,241103.0,241103.0,
002058.SZ,20260820,16.16,1.5218,2.8677,0.81,11.4876,10.9282,36.5904,2.8474,2.8383,,,14344.8,14310.8,7594.22,231812.0,231263.0,
601958.SH,20260820,21.8,1.2425,4.4945,1.05,22.2961,20.82,3.5512,5.0845,4.7819,1.8349,1.8349,322660.0,322660.0,89194.8,7034000.0,7034000.0,
000862.SZ,20260820,5.12,1.7368,2.2838,0.44,105.7,171.692,1.0815,3.5891,3.5874,,,91795.5,62796.7,47754.4,469993.0,321519.0,
688192.SH,20260820,62.15,2.4522,6.521,1.28,,,23.4186,36.0864,32.3373,,,46516.6,46121.4,17343.6,2891010.0,2866450.0,
002233.SZ,20260820,7.06,0.5839,0.9676,0.54,13.0741,19.8268,0.7075,2.0184,2.1859,6.3739,6.7825,117415.0,117362.0,70825.7,828950.0,828578.0,
920580.BJ,20260820,10.75,1.3825,1.9565,0.48,52.2425,35.7964,2.6346,6.6301,5.6691,0.6512,0.6512,8600.0,5476.31,3869.62,92450.0,58870.3,
002412.SZ,20260820,9.26,0.8734,1.5212,0.14,23.5192,20.6847,1.9231,4.4858,4.5121,,3.2397,50320.0,49784.5,28583.9,465963.0,461004.0,
688712.SH,20260820,33.95,6.6732,6.6732,1.11,176.93,134.676,8.022,26.116,23.5983,,,41700.0,4560.0,4560.0,1415720.0,154812.0,
605033.SH,20260820,20.13,6.6205,24.2536,1.28,55.9251,42.7956,2.2859,2.9843,2.7727,0.7452,0.7452,13520.0,13520.0,3690.55,272158.0,272158.0,
000750.SZ,20260820,3.7,0.5699,0.8231,0.88,30.7178,28.6119,1.0346,6.8396,6.4189,1.1351,1.1351,638617.0,579620.0,401353.0,2362880.0,2144600.0,
002079.SZ,20260820,9.54,2.4394,3.2137,0.65,118.017,70.9665,2.7091,2.1887,1.9988,0.1776,0.1782,90848.9,81112.6,61571.3,866698.0,773815.0,
600869.SH,20260820,16.6,8.29,14.9888,1.27,625.746,336.236,8.5643,1.3107,1.29,,0.0596,221935.0,221935.0,122748.0,3684130.0,3684130.0,
300234.SZ,20260820,9.42,3.8051,4.4871,0.76,,,4.2155,16.1147,16.9668,0.1486,,50317.1,34398.7,29170.6,473987.0,324036.0,
603677.SH,20260820,13.67,0.42,1.6013,0.52,54.5871,63.5758,2.2606,1.2734,1.2892,1.8288,1.4631,19260.1,19260.1,5051.49,263285.0,263285.0,
002572.SZ,20260820,8.21,1.8486,2.6691,1.05,8.7726,9.2937,1.0737,0.8441,0.8936,12.1803,9.7442,96304.7,65146.4,45120.7,790662.0,534852.0,
000762.SZ,20260820,22.18,1.7975,2.2718,0.76,,255.796,3.8647,32.817,15.2139,0.2256,,52081.9,52080.1,41206.7,1155180.0,1155140.0,
002015.SZ,20260820,14.03,1.939,3.7306,0.34,56.3486,51.9474,1.8841,2.2057,2.3483,0.6944,0.6944,162332.0,162332.0,84370.7,2277520.0,2277520.0,
300182.SZ,20260820,4.84,3.0424,3.2665,0.56,67.7402,74.9138,1.5148,4.8753,5.1496,0.1033,0.1446,266383.0,225937.0,210435.0,1289290.0,1093530.0,
300113.SZ,20260820,16.79,2.678,3.0028,0.41,27.1032,26.6549,4.2982,6.4893,7.8018,0.536,0.7147,67416.4,50902.0,45397.2,1131920.0,854645.0,
300254.SZ,20260820,9.06,7.0077,7.1737,0.9,93.7716,130.896,5.2931,2.6761,2.7007,,,25720.9,22733.8,22207.6,233031.0,205968.0,
920471.BJ,20260820,12.16,6.4496,9.6132,1.93,,,1.9759,2.395,2.3945,0.8097,0.8097,8320.0,5303.06,3557.86,101171.0,64485.2,
300037.SZ,20260820,65.15,2.1302,2.4555,0.74,44.7606,36.4384,4.4784,5.0954,4.4659,0.6069,0.7627,75388.6,54677.9,47434.2,4911570.0,3562270.0,
603655.SH,20260820,33.1,2.2256,6.8778,0.81,77.5448,78.2488,6.2628,12.9934,12.8672,0.5689,1.018,10600.0,10600.0,3430.0,350860.0,350860.0,
920270.BJ,20260820,12.74,2.4509,6.9092,,36.9519,40.7755,3.2113,6.2621,5.9856,3.9246,0.5495,10461.6,8128.21,2883.32,133281.0,103553.0,
002136.SZ,20260820,11.87,1.7833,2.5505,0.74,,,2.3435,1.5096,1.4844,,,21502.0,21445.6,14995.0,255229.0,254559.0,
300735.SZ,20260820,19.7,1.5278,3.0077,0.84,55.1981,58.9539,3.2101,1.7723,1.5907,1.2037,1.269,80911.5,75741.7,38474.9,1593960.0,1492110.0,
300100.SZ,20260820,20.85,1.3761,2.5284,0.98,23.9892,28.1867,3.6384,2.2014,2.2566,0.6596,0.4738,57899.7,55759.3,30346.6,1207210.0,1162580.0,
300890.SZ,20260820,26.15,2.4801,2.5587,0.78,57.7277,36.4641,1.4629,1.8667,1.6409,,0.381,11958.0,10929.9,10594.0,312702.0,285816.0,
600660.SH,20260820,57.82,0.7021,0.9912,1.0,16.2039,17.7987,3.9528,3.2956,3.2583,4.6697,3.632,260974.0,200299.0,141882.0,15089500.0,11581300.0,
603377.SH,20260820,2.9,0.2516,0.4216,0.69,,,,3.3926,3.4917,,,72283.1,72283.1,43138.5,209621.0,209621.0,
603588.SH,20260820,13.66,3.857,4.5055,1.02,24.827,15.3281,1.9959,1.4124,1.1338,0.5124,0.7228,152323.0,152323.0,130397.0,2080740.0,2080740.0,
603257.SH,20260820,62.4,6.84,6.84,1.6,46.414,37.6344,2.917,3.806,3.7585,0.8013,0.8013,12000.0,2490.0,2490.0,748800.0,155376.0,
920504.BJ,20260820,17.9,5.5145,6.8069,1.06,52.0066,51.1291,3.7309,6.4741,6.2931,0.2793,1.1173,4333.31,1709.19,1384.69,77566.2,30594.5,
603350.SH,20260820,28.1,0.9668,1.2501,0.62,28.4561,29.5863,2.3976,1.6332,1.6557,4.4384,2.1345,11649.4,4412.45,3412.45,327348.0,123990.0,
600688.SH,20260820,2.81,0.9135,3.6063,1.2,,,1.2648,0.3921,0.3948,0.7117,,1054260.0,732881.0,185651.0,2962480.0,2059400.0,
002036.SZ,20260820,6.66,4.3202,4.7307,1.16,,,10.4714,0.8529,0.974,,,105760.0,105547.0,96388.3,704360.0,702942.0,
001358.SZ,20260820,25.71,5.3762,5.8438,0.67,65.5588,60.5228,2.1748,6.6746,6.5136,1.9074,0.9724,12320.0,5097.63,4689.7,316747.0,131060.0,
601919.SH,20260820,16.64,0.8176,2.0043,1.06,8.2305,10.142,1.0779,1.1574,1.1909,9.5959,6.0239,1526810.0,1255650.0,512222.0,25406200.0,20894100.0,
600110.SH,20260820,9.76,5.4077,7.7102,0.66,,,2.8193,2.311,1.576,,,173518.0,173518.0,121699.0,1693540.0,1693540.0,
000778.SZ,20260820,3.7,0.8563,1.4342,0.79,15.4818,14.5565,0.5502,0.3961,0.3806,0.5405,2.027,396318.0,389352.0,232472.0,1466380.0,1440600.0,
600894.SH,20260820,7.88,0.4671,1.1038,1.21,9.685,9.3846,0.7504,0.9214,0.9077,8.9785,6.3787,84720.6,84314.4,35678.2,667598.0,664398.0,
301118.SZ,20260820,22.14,1.962,4.0923,0.83,,559.374,1.793,1.62,1.5822,0.5661,,11011.1,10593.3,5078.83,243786.0,234537.0,
600319.SH,20260820,6.25,0.9592,1.6654,1.15,,,7.1771,2.8171,2.9224,,,38770.9,38770.9,22330.0,242318.0,242318.0,
002454.SZ,20260820,4.95,0.8677,1.5483,0.77,17.5855,19.2887,1.0664,0.7732,0.7757,3.5979,5.037,87907.4,87735.4,49169.5,435141.0,434290.0,
920896.BJ,20260820,12.01,0.9479,1.6303,0.78,19.8421,19.771,2.6486,2.7219,2.6462,2.4979,2.4979,10122.4,4440.18,2581.65,121570.0,53326.6,
002309.SZ,20260820,2.99,4.5958,4.5958,0.65,,69.619,4.5396,3.8413,3.0156,,,300767.0,240613.0,240613.0,899292.0,719434.0,
600847.SH,20260820,12.74,1.0255,1.9322,0.9,,,4.0753,3.8573,4.0355,,,15328.7,15328.7,8135.21,195288.0,195288.0,
600375.SH,20260820,3.94,1.0183,1.1702,0.84,132.749,100.312,1.8598,0.9638,0.8721,,,160307.0,146269.0,127278.0,631610.0,576298.0,
600815.SH,20260820,3.91,3.524,6.8171,0.69,,,4.7713,10.3243,9.2956,,,177409.0,177409.0,91709.2,693671.0,693671.0,
920790.BJ,20260820,20.61,3.141,4.8193,0.59,215.827,,5.2479,8.5583,8.3069,1.4556,1.213,7896.7,5435.5,3542.58,162751.0,112026.0,
301571.SZ,20260820,65.86,2.2029,2.4605,0.67,57.8918,54.7512,5.7238,10.7098,9.9827,0.1473,0.1731,17942.6,11916.7,10668.9,1181700.0,784831.0,
600779.SH,20260820,27.18,0.3346,0.911,0.52,32.6453,34.271,2.5074,4.3619,4.5775,3.5478,0.9327,48750.3,48750.3,17903.7,1325030.0,1325030.0,
920576.BJ,20260820,39.63,3.2925,12.62,1.32,212.596,513.672,9.8497,8.2495,9.5509,0.5047,0.2523,10895.0,10787.0,2814.32,431769.0,427489.0,
002789.SZ,20260820,9.97,0.962,2.02,0.94,,,10.4659,0.443,0.4789,,,15962.4,15647.3,7451.95,159145.0,156004.0,
300451.SZ,20260820,3.53,2.2553,2.8381,1.58,,,1.3905,5.1995,5.7041,,,154912.0,152669.0,121321.0,546841.0,538923.0,
601336.SH,20260820,58.08,0.5048,1.4985,0.81,4.9935,4.9097,1.4664,1.1486,1.2369,4.5799,4.7004,311955.0,208544.0,70249.7,18118300.0,12112200.0,
002969.SZ,20260820,12.9,3.0953,5.8824,0.81,163.632,100.524,4.3515,5.0343,4.6163,0.2008,0.1339,109850.0,109274.0,57499.4,1417060.0,1409630.0,
301558.SZ,20260820,6.61,2.5401,2.5401,1.2,107.2,106.673,3.7698,3.082,3.1163,,,78885.1,21948.2,21948.2,521431.0,145078.0,
603991.SH,20260820,133.8,1.8328,2.3641,0.74,,1098.81,5.8126,37.1305,14.6481,,0.0075,15271.0,8953.65,6941.2,2043260.0,1198000.0,
300094.SZ,20260820,2.86,6.079,7.7256,0.96,,,33.9602,1.0116,1.0185,,,112817.0,110552.0,86988.6,322656.0,316178.0,
002956.SZ,20260820,17.43,1.2321,2.6517,0.87,31.7253,22.8474,3.3106,2.4325,2.1854,1.7113,2.2064,31254.6,31251.1,14521.0,544767.0,544706.0,
002130.SZ,20260820,16.28,1.5136,1.6346,0.75,19.9238,20.2621,2.4906,2.6969,2.6125,0.8325,1.0052,139989.0,114695.0,106206.0,2279020.0,1867240.0,
603009.SH,20260820,45.0,3.5964,5.8829,0.98,130.386,126.045,7.5817,6.7106,6.5871,0.1845,0.3089,34639.0,34639.0,21175.7,1558750.0,1558750.0,
600398.SH,20260820,6.01,0.5144,1.2806,0.96,13.3263,13.2401,1.4987,1.3347,1.3061,2.995,6.822,480277.0,480277.0,192919.0,2886460.0,2886460.0,
688360.SH,20260820,15.48,1.3494,2.5189,0.68,42.9035,40.5907,2.742,2.4228,2.3578,0.6921,0.7106,26374.6,26374.6,14128.5,408278.0,408278.0,
600665.SH,20260820,3.44,1.5776,3.7133,0.9,,,2.0973,0.4877,0.4999,,,86412.2,86412.2,36712.2,297258.0,297258.0,
002218.SZ,20260820,3.83,1.8683,3.0094,0.61,,,1.3725,5.2505,5.37,0.2611,,140830.0,138768.0,86150.4,539379.0,531481.0,
300616.SZ,20260820,10.6,3.7906,4.2994,0.94,,,0.8264,0.6699,0.6982,7.8754,1.7501,22451.6,15521.6,13684.8,237987.0,164529.0,
300816.SZ,20260820,50.78,2.9201,3.8013,0.83,42.7425,42.1578,4.2488,3.7575,3.4999,0.2733,0.2345,8000.0,5836.53,4483.47,406240.0,296379.0,
002644.SZ,20260820,8.52,3.604,9.5924,0.83,88.418,73.9416,2.3365,4.7522,4.696,0.1408,0.2347,51065.7,51065.7,19185.9,435080.0,435080.0,
920957.BJ,20260820,9.46,2.0298,4.1057,1.09,207.152,119.107,2.5591,1.6506,1.5951,1.0571,1.0571,10730.1,4270.47,2111.21,101507.0,40398.7,
002403.SZ,20260820,9.44,1.0152,2.1979,0.73,,,2.3249,1.2015,1.1797,0.1907,,34063.9,29716.1,13725.0,321563.0,280520.0,
002431.SZ,20260820,1.35,0.9144,1.5185,0.79,,,8.1903,1.206,1.5875,,,180240.0,180240.0,108529.0,243325.0,243325.0,
000697.SZ,20260820,8.1,0.7674,1.1474,0.69,,,3.3556,6.0347,5.5953,,,139609.0,65310.7,43680.9,1130830.0,529017.0,
002494.SZ,20260820,4.85,2.3914,2.6727,0.88,89.0813,66.2223,1.4542,3.9211,3.5808,,,37731.1,28677.0,25659.0,182996.0,139084.0,
688557.SH,20260820,22.23,1.5685,2.8603,0.72,30.1206,29.6966,2.6854,2.1949,2.1545,1.0229,1.0151,14832.3,14832.3,8133.7,329721.0,329721.0,
601005.SH,20260820,1.18,0.4975,0.7403,0.76,,,0.8263,0.4724,0.509,,,960934.0,831364.0,558709.0,1133900.0,981009.0,
600161.SH,20260820,12.7,1.8801,3.7694,2.8,23.0214,25.8212,2.1169,4.0714,4.191,1.9685,1.5748,197737.0,197737.0,98625.1,2511260.0,2511260.0,
688306.SH,20260820,8.7,0.5596,1.5463,0.64,874.193,1322.29,6.1081,4.1744,3.9555,,0.0909,122828.0,122828.0,44449.4,1068610.0,1068610.0,
600026.SH,20260820,18.31,2.3713,5.6313,1.79,24.813,18.2072,2.0777,4.1929,3.9376,0.9545,2.0754,547121.0,382799.0,161192.0,10017800.0,7009050.0,
301239.SZ,20260820,35.17,2.0948,4.2033,0.87,,,2.4908,1.8812,1.8301,,,14961.9,14204.4,7078.95,526210.0,499569.0,
002985.SZ,20260820,25.23,0.7098,1.3244,0.62,41.856,39.2211,3.0361,9.1206,9.0982,0.0912,0.5153,33185.4,33093.9,17735.6,837267.0,834960.0,
688567.SH,20260820,9.6,0.6036,1.0311,0.78,,,1.2851,1.2869,1.387,,,122210.0,122210.0,71537.8,1173220.0,1173220.0,
688117.SH,20260820,26.6,8.6704,12.6201,1.71,37.113,28.7079,5.1236,7.9048,6.4326,0.3538,0.9446,22034.0,22034.0,15138.1,586105.0,586105.0,
600851.SH,20260820,8.96,4.9728,7.7234,3.07,61.4516,62.9121,2.3793,14.2771,15.3299,0.4464,0.558,120706.0,73820.6,47530.7,1081520.0,661433.0,
002845.SZ,20260820,13.22,2.5387,3.374,0.78,103.688,107.27,1.771,0.4343,0.4304,0.2924,0.3026,32755.2,25023.4,18828.3,433023.0,330810.0,
688556.SH,20260820,8.17,1.5578,1.9351,0.69,,,1.7431,1.8596,1.8071,1.45,,83077.4,83077.4,66879.9,678742.0,678742.0,
000659.SZ,20260820,2.72,1.8288,2.1695,0.82,,,51.2571,3.5422,3.8481,,,128570.0,128570.0,108374.0,349711.0,349711.0,
301291.SZ,20260820,37.36,3.5565,3.5565,0.44,19.9752,23.4726,2.3205,1.7007,1.7896,2.0988,1.3905,31454.0,16364.7,16364.7,1175120.0,611385.0,
600977.SH,20260820,11.93,1.1141,3.4137,0.5,191.116,155.427,2.0272,4.6085,4.7481,0.3856,0.2682,186700.0,186700.0,60931.8,2227330.0,2227330.0,
603915.SH,20260820,13.15,0.6428,1.8,0.72,37.3678,35.5549,2.3158,3.3194,3.2511,1.7977,1.6576,66788.2,65663.2,23448.4,878266.0,863472.0,
920839.BJ,20260820,24.15,0.6413,1.2824,0.55,22.7413,24.2656,4.2049,4.0989,4.0979,2.0704,2.2774,11821.0,6520.26,3260.59,285477.0,157464.0,
601188.SH,20260820,2.85,1.0252,2.0667,0.99,22.1339,24.1585,0.8218,4.83,4.7773,2.4912,1.8246,130547.0,130547.0,64759.1,372059.0,372059.0,
600702.SH,20260820,35.28,1.6405,2.3549,0.5,52.5373,,1.6818,2.6512,2.9254,1.2072,0.8694,33209.1,33195.1,23125.5,1171620.0,1171120.0,
002949.SZ,20260820,10.74,1.7499,3.0371,0.89,23.2473,22.7473,1.4346,1.7504,1.8511,3.2581,1.8618,19608.8,15192.6,8753.66,210598.0,163168.0,
002048.SZ,20260820,19.0,2.5018,3.9851,0.8,36.9026,35.4627,1.2868,0.5893,0.615,2.47,1.3552,81220.1,70817.0,44458.0,1543180.0,1345520.0,
000426.SZ,20260820,38.56,5.356,7.3708,1.54,40.1754,25.6672,6.3248,12.325,10.4759,0.1815,0.1815,177564.0,177521.0,128997.0,6846850.0,6845190.0,
603311.SH,20260820,29.0,1.3827,3.1313,0.76,87.1504,97.4508,5.0733,7.9962,8.0517,0.4138,0.4079,23588.4,23588.4,10415.8,684063.0,684063.0,
003041.SZ,20260820,40.56,0.8972,4.3197,0.75,24.9732,190.233,3.9687,5.9407,5.8227,1.9724,0.9862,14400.0,13682.3,2841.95,584064.0,554956.0,
300031.SZ,20260820,21.26,3.6201,3.8227,0.89,43.0289,33.8499,2.1775,2.5744,2.4382,0.4704,0.4704,41874.7,35190.2,33325.8,890256.0,748143.0,
000685.SZ,20260820,10.92,0.8274,1.6482,0.94,8.5282,7.4268,0.8331,3.4752,3.4537,3.956,3.5256,146773.0,124658.0,62579.5,1602760.0,1361270.0,
920096.BJ,20260820,34.14,7.872,7.872,0.75,33.0708,31.4177,3.3921,5.8756,5.3735,,,6900.0,1620.0,1620.0,235566.0,55306.8,
603912.SH,20260820,8.36,6.986,11.5343,0.88,,,2.6349,6.1387,6.0789,0.956,,54232.6,54232.6,32847.3,453385.0,453385.0,
300907.SZ,20260820,51.08,5.7612,15.7842,0.93,102.502,114.923,6.0817,4.7281,3.8207,,0.4894,9600.0,9600.0,3504.0,490368.0,490368.0,
301321.SZ,20260820,37.32,4.0369,6.3602,1.01,,,7.1308,2.1233,2.0022,,,18643.5,14761.6,9369.28,695775.0,550903.0,
601908.SH,20260820,2.96,1.0702,1.9808,0.47,,,0.9654,2.2962,2.505,,,241460.0,241460.0,130460.0,714722.0,714722.0,
000006.SZ,20260820,7.14,1.7302,2.746,0.78,,,1.7953,3.6818,6.32,,,135000.0,134998.0,85059.7,963896.0,963889.0,
002991.SZ,20260820,42.2,1.2422,1.747,0.84,18.8726,17.7188,2.2108,1.8769,1.7805,5.5054,3.7098,9321.58,4993.37,3550.63,393371.0,210720.0,
002519.SZ,20260820,5.27,1.9422,2.9149,0.77,,,2.6721,10.8369,7.5774,,,112643.0,112344.0,74855.1,593629.0,592055.0,
688633.SH,20260820,24.1,1.051,2.3958,0.69,24.2951,18.2106,2.3214,5.0924,4.4306,1.221,2.4823,17040.1,17040.1,7475.26,410665.0,410665.0,
600965.SH,20260820,2.79,1.3458,3.5001,0.97,40.1141,41.9318,1.0382,1.9648,1.9591,1.362,,81870.1,81870.1,31478.4,228418.0,228418.0,
688260.SH,20260820,107.56,5.7962,9.5834,0.83,,,92.5114,22.9173,18.5626,,,12000.0,12000.0,7257.8,1290720.0,1290720.0,
601838.SH,20260820,18.59,0.5845,1.137,1.45,5.9316,5.8676,0.8566,3.3383,3.2853,4.7929,4.9543,423844.0,423844.0,217872.0,7879250.0,7879250.0,
688173.SH,20260820,13.48,2.2065,3.839,1.04,,,3.9265,5.9585,5.5248,,,41525.1,41135.7,23642.4,559758.0,554509.0,
688057.SH,20260820,19.16,3.7134,7.3202,2.18,56.1675,90.3832,1.664,16.5199,17.413,1.3048,1.0438,27600.0,27600.0,14000.8,528816.0,528816.0,
603068.SH,20260820,41.4,6.0856,9.9532,0.79,282.581,285.917,3.5797,6.8464,5.9115,,0.0242,15178.7,15178.7,9280.62,628399.0,628399.0,
002961.SZ,20260820,18.35,1.1404,3.8679,1.19,16.0009,13.072,2.13,7.1343,6.1031,1.9323,2.1687,47693.3,47693.1,14061.1,875173.0,875169.0,
600096.SH,20260820,29.83,1.964,3.1861,1.05,10.5468,10.2108,2.1405,1.1232,1.1776,5.3637,4.6933,182299.0,182299.0,112374.0,5437980.0,5437980.0,
688231.SH,20260820,29.43,0.8108,1.7706,0.73,127.045,101.061,3.3505,5.0825,4.5365,0.6412,0.6427,31957.9,31957.9,14635.0,940522.0,940522.0,
688261.SH,20260820,73.68,7.4387,14.288,1.26,195.551,72.3321,2.9884,7.2137,6.5802,0.0534,0.1023,12264.5,12209.7,6356.62,903651.0,899608.0,
601228.SH,20260820,3.05,0.3316,1.8519,1.55,28.0059,29.182,1.0685,1.6545,1.708,1.2787,1.082,754453.0,754453.0,135073.0,2301080.0,2301080.0,
002739.SZ,20260820,8.5,2.8432,4.0723,0.31,34.921,,2.3567,1.4194,1.6414,,,211178.0,209991.0,146613.0,1795010.0,1784930.0,
920415.BJ,20260820,8.67,0.9284,1.2829,0.54,49.1013,43.7716,2.1817,7.0217,6.875,0.4007,0.4037,14051.1,10823.1,7832.1,121823.0,93836.6,
300022.SZ,20260820,8.11,0.8734,1.2035,0.6,,,7.8428,1.4493,1.4303,,,49424.0,49422.6,35867.9,400829.0,400817.0,
300535.SZ,20260820,16.45,3.9789,5.3609,0.61,49.1577,79.4624,1.8399,2.4697,2.4702,,0.6383,10702.0,8116.1,6023.78,176048.0,133510.0,
002093.SZ,20260820,6.63,0.9186,1.9145,0.73,37.8071,100.342,1.7387,11.3533,11.2934,1.782,1.499,100750.0,100750.0,48342.7,667972.0,667972.0,
301586.SZ,20260820,31.25,1.0882,1.4894,0.81,45.2356,51.7924,2.0001,3.395,3.9917,1.536,0.32,8297.55,5291.11,3866.11,259298.0,165347.0,
600927.SH,20260820,12.91,0.3225,2.1454,1.1,28.7285,23.0094,1.3976,10.1185,8.8963,0.6995,1.0862,145044.0,145044.0,21801.1,1872520.0,1872520.0,
300639.SZ,20260820,6.29,5.3371,8.5658,1.28,,,1.0679,6.0726,6.2111,,,64650.1,63020.2,39265.9,406649.0,396397.0,
300757.SZ,20260820,503.11,4.5541,6.1054,1.08,,,51.8718,88.781,82.929,0.0089,0.0089,16760.8,16256.7,12126.1,8432530.0,8178900.0,
688093.SH,20260820,25.33,0.6451,1.9901,0.71,17.8036,17.8843,2.4744,6.5353,6.636,2.1577,2.7472,28038.3,28038.3,9089.58,710210.0,710210.0,
688728.SH,20260820,15.99,0.9272,2.5546,0.6,823.285,401.19,5.2831,5.3437,5.1095,0.136,,260059.0,259879.0,94322.2,4158340.0,4155470.0,
601100.SH,20260820,101.4,0.3285,0.9214,0.67,49.7269,49.107,7.6014,12.4266,11.592,0.9862,0.8481,134082.0,134082.0,47806.4,13595900.0,13595900.0,
600976.SH,20260820,28.63,1.9868,2.7393,0.95,12.2048,13.8793,1.6293,1.3032,1.3826,3.1436,3.1436,15339.9,15329.9,11118.6,439180.0,438894.0,
688345.SH,20260820,54.83,1.6714,5.6874,0.63,99.9594,60.487,4.4063,2.0421,1.7759,,0.3611,10187.2,10138.6,2979.56,558566.0,555900.0,
002222.SZ,20260820,63.59,4.8687,5.9862,0.78,107.344,101.746,16.357,25.8281,24.0573,0.3145,0.3145,47025.0,46815.2,38075.7,2990320.0,2976980.0,
002139.SZ,20260820,9.52,1.4736,1.5503,0.82,32.6209,54.2308,1.6958,1.0711,1.0737,0.7247,0.7247,124684.0,107109.0,101809.0,1186990.0,1019680.0,
301026.SZ,20260820,21.13,5.7724,6.3153,0.72,26.8781,21.9209,2.7621,1.0931,0.874,0.9598,1.3522,22158.4,16003.3,14627.4,468206.0,338149.0,
300585.SZ,20260820,15.48,3.9922,6.4653,1.05,,,4.18,5.6754,5.9396,,,17111.1,17111.1,10565.9,264880.0,264880.0,
688620.SH,20260820,15.42,3.3745,4.9265,1.05,,,4.7431,11.2573,10.3344,,,39200.0,39200.0,26850.8,604464.0,604464.0,
688326.SH,20260820,64.34,1.063,2.0511,0.95,76.98,180.583,1.9508,1.1268,1.1533,,0.4374,11993.2,11162.4,5785.32,771644.0,718186.0,
300849.SZ,20260820,20.52,3.4134,5.0048,0.92,,,5.7111,10.0371,10.1218,,,15000.0,11027.0,7520.74,307800.0,226274.0,
920091.BJ,20260820,28.9,4.2502,4.2502,0.72,46.5066,52.0328,3.7677,7.4376,7.5745,,1.1073,6146.52,1450.02,1450.02,177634.0,41905.6,
000007.SZ,20260820,12.09,5.2288,7.8735,1.67,2173.36,,23.3877,10.5842,9.8765,,,34644.8,34644.8,23007.5,418856.0,418856.0,
000017.SZ,20260820,6.46,2.3752,4.3723,1.69,108.248,107.696,11.4056,6.0501,6.2916,,,68918.5,44082.2,23947.6,445213.0,284771.0,
300886.SZ,20260820,24.8,3.6917,5.0464,0.65,61.6511,80.4883,3.1243,5.0053,4.8122,0.601,0.4015,7511.8,4724.94,3456.55,186293.0,117179.0,
920964.BJ,20260820,4.77,4.2612,4.6855,1.05,,,1.4275,1.209,1.2346,0.4193,,26120.8,14769.7,13432.2,124596.0,70451.6,
300844.SZ,20260820,23.47,1.1332,3.9963,1.07,,,2.8593,4.6245,4.912,,,9321.09,8985.09,2547.89,218766.0,210880.0,
688630.SH,20260820,433.0,5.0058,7.8154,1.25,218.798,183.1,26.2257,45.0506,37.7465,0.0851,0.1617,14650.5,13174.1,8438.09,6343670.0,5704370.0,
600433.SH,20260820,3.3,1.4252,2.3806,0.66,,,1.2994,0.8076,0.7818,1.8182,,175028.0,175028.0,104786.0,577592.0,577592.0,
301366.SZ,20260820,56.76,11.0327,14.9831,0.83,407.462,133.368,5.3935,10.5517,8.9057,0.5006,0.1752,20953.6,11699.6,8614.97,1189330.0,664072.0,
301117.SZ,20260820,17.76,6.0033,6.8542,0.64,,,2.5919,10.0401,9.8443,0.0575,,18083.6,11585.5,10147.3,321165.0,205758.0,
688478.SH,20260820,49.7,4.0235,6.4879,0.7,,,4.588,59.5264,144.066,0.4983,,13836.6,13836.6,8580.68,687680.0,687680.0,
600496.SH,20260820,3.38,2.1551,3.0656,1.22,11.1191,10.64,0.7195,0.3228,0.3224,2.3669,6.5089,199013.0,199013.0,139906.0,672662.0,672662.0,
603888.SH,20260820,16.01,0.6459,1.6535,0.61,36.0936,36.0154,3.1228,5.3233,5.2718,0.594,0.8347,74221.2,74221.2,28993.8,1188280.0,1188280.0,
002119.SZ,20260820,23.34,8.2225,10.2424,0.79,75.2047,72.8091,6.0885,3.9825,3.18,0.1285,0.1714,37528.4,37528.4,30127.5,875913.0,875913.0,
920718.BJ,20260820,9.7,0.4503,0.6915,0.28,22.543,39.1382,1.5081,0.7693,0.8036,2.0619,2.0619,9066.67,4651.01,3028.97,87946.7,45114.8,
300971.SZ,20260820,18.94,1.9036,2.1613,0.99,26.7039,23.7022,2.0568,4.3348,3.9565,0.9428,1.32,11760.0,9225.28,8125.37,222734.0,174727.0,
300191.SZ,20260820,33.2,7.6777,9.9203,1.12,244.329,56.2432,8.6383,14.8882,9.0368,,0.1506,32000.0,22119.5,17119.0,1062400.0,734367.0,
688123.SH,20260820,140.93,6.7973,8.6072,0.82,61.5941,32.7515,7.1707,18.3366,17.939,0.2118,0.4947,15890.3,15890.3,12548.8,2239410.0,2239410.0,
002278.SZ,20260820,8.0,1.6196,2.1555,0.48,55.6026,88.1246,2.2,3.5609,3.8379,0.583,0.75,38861.8,35880.1,26959.8,310894.0,287041.0,
301006.SZ,20260820,13.8,1.8437,2.9891,1.32,20.8318,21.9472,1.4578,4.8346,4.819,1.4318,1.4318,13928.0,8382.09,5170.14,192206.0,115673.0,
002159.SZ,20260820,13.48,1.6541,2.4103,0.89,16.6731,17.8551,1.6146,3.7438,3.7185,1.8546,2.0772,17730.1,13847.3,9502.93,239002.0,186661.0,
603188.SH,20260820,4.56,2.9033,4.1264,0.5,,,3.6878,3.4115,3.0699,,,57017.0,57017.0,40117.0,259998.0,259998.0,
600095.SH,20260820,7.73,0.5434,1.762,0.56,47.6197,50.3385,1.7965,73.8343,131.31,,,285919.0,285919.0,88183.9,2210150.0,2210150.0,
002773.SZ,20260820,22.45,2.7137,6.0105,2.39,17.7854,19.3228,2.1531,4.5111,4.666,2.672,3.118,92132.6,68677.3,31007.6,2068380.0,1541810.0,
001289.SZ,20260820,15.63,0.0622,2.3522,0.77,28.8682,30.7835,1.7036,4.3191,4.3618,2.0972,1.0397,835982.0,504193.0,13333.6,13066400.0,7880540.0,
603321.SH,20260820,6.35,1.0108,2.2666,1.04,68.6863,64.1209,1.5307,3.2697,3.3157,2.7476,0.7814,34888.9,34456.4,15366.4,221545.0,218798.0,
688349.SH,20260820,14.13,0.3143,0.9484,0.81,31.6112,20.791,1.5672,0.8223,0.7716,3.2506,2.0101,159334.0,156619.0,51900.1,2251380.0,2213020.0,
920006.BJ,20260820,15.37,3.6096,4.9062,1.18,174.56,583.792,4.4157,12.3421,13.9049,0.7157,0.7157,9028.72,4779.71,3516.52,138771.0,73464.2,
688217.SH,20260820,25.26,2.9933,4.754,1.65,,,1.6799,7.9596,8.666,0.6649,0.6649,5585.59,5585.59,3516.93,141092.0,141092.0,
603706.SH,20260820,19.69,0.7181,2.3043,1.2,17.256,15.698,2.0214,2.8007,2.7625,4.5708,4.5708,18938.3,18938.3,5902.23,372895.0,372895.0,
300162.SZ,20260820,7.49,4.9067,5.7397,0.68,,,3.8035,2.9541,3.0464,,,41951.0,34216.2,29250.2,314213.0,256279.0,
600400.SH,20260820,3.04,1.8915,4.2485,0.68,,,5.0219,3.1248,3.2206,,,229137.0,229137.0,102016.0,696577.0,696577.0,
603225.SH,20260820,18.97,0.7201,1.291,1.05,31.2481,29.4607,1.513,0.4447,0.427,1.0573,1.0392,167749.0,166855.0,93067.8,3182210.0,3165230.0,
002259.SZ,20260820,3.76,3.0596,4.2689,1.77,21.4566,14.3307,6.1738,2.8299,2.8874,,,75232.8,75232.8,53921.3,282875.0,282875.0,
920575.BJ,20260820,5.92,8.5009,8.5041,1.55,,,,1147.49,1078.23,,,28094.0,18783.9,18776.7,166316.0,111200.0,
300952.SZ,20260820,16.3,2.6525,3.7325,1.03,38.6516,48.4419,2.3215,3.2085,3.2393,0.9453,0.8949,24162.2,14857.8,10558.9,393843.0,242182.0,
000972.SZ,20260820,3.6,2.3202,3.605,0.47,,,427.647,5.6422,5.9299,,,77128.4,77128.4,49641.1,277662.0,277662.0,
002760.SZ,20260820,17.5,2.687,3.5025,1.07,93.6887,91.412,2.2542,2.9848,2.8172,,,10798.9,10798.9,8284.58,188980.0,188980.0,
688432.SH,20260820,44.98,5.7082,22.2655,0.92,268.723,237.852,12.3235,55.9451,50.1435,0.1327,0.1219,125030.0,125030.0,32053.9,5623860.0,5623860.0,
603333.SH,20260820,8.95,2.7122,4.8706,1.02,,,2.7248,3.9458,3.5135,0.1087,0.1087,62152.8,62152.8,34610.0,556267.0,556267.0,
300823.SZ,20260820,15.07,2.7293,3.7727,0.95,58.3538,38.329,2.0329,4.8257,4.5402,2.1632,1.6324,13098.3,8478.94,6133.89,197391.0,127778.0,
688357.SH,20260820,27.15,0.3715,0.5369,0.78,27.5733,30.3361,1.5441,3.2317,3.2159,0.7366,1.105,10006.0,10006.0,6923.19,271663.0,271663.0,
600196.SH,20260820,24.84,4.2392,7.3098,3.03,19.6802,19.0798,1.3497,1.5922,1.5676,1.2761,1.5553,267043.0,211849.0,122860.0,6633350.0,5262330.0,
601168.SH,20260820,36.66,2.2701,3.366,0.81,23.9825,14.7006,3.8966,1.4162,1.2568,2.7278,0.2728,238300.0,238300.0,160709.0,8736080.0,8736080.0,
600844.SH,20260820,3.52,6.4721,9.0719,1.48,,,45.1674,4.3314,4.3052,,,101652.0,82273.1,58695.4,357817.0,289601.0,
920242.BJ,20260820,13.92,0.4258,0.5694,0.47,15.3217,15.4978,1.9052,1.6811,1.6448,2.0079,3.5695,9421.37,5273.31,3943.04,131145.0,73404.4,
920130.BJ,20260820,17.07,5.3512,9.8702,0.7,,,3.3741,4.5574,4.5177,,,9224.32,5729.51,3106.29,157459.0,97802.8,
300751.SZ,20260820,196.04,5.8822,7.5348,1.2,75.7688,80.6962,6.7938,6.7071,7.531,0.5601,0.5092,27890.2,19284.9,15055.2,5467590.0,3780620.0,
600476.SH,20260820,9.37,0.312,0.5143,0.32,,,,2.8601,2.8407,,,16107.0,16107.0,9771.23,150923.0,150923.0,
688179.SH,20260820,22.76,9.3116,15.5971,1.42,80.7296,58.226,6.1084,11.8427,10.4091,0.6702,0.5879,36200.6,36200.6,21612.2,823926.0,823926.0,
301286.SZ,20260820,43.14,1.1148,4.107,0.82,74.2707,72.5385,8.5191,16.0201,15.7382,0.1838,1.0485,40010.0,16128.8,4377.83,1726030.0,695795.0,
000620.SZ,20260820,3.25,11.6142,16.1387,1.0,,,5.2075,11.154,11.1966,,,587182.0,467175.0,336202.0,1908340.0,1518320.0,
300265.SZ,20260820,13.48,3.3098,5.1858,0.69,195.943,206.01,2.6777,2.4781,2.3816,0.2908,0.1484,46760.1,46730.0,29825.4,630327.0,629921.0,
688468.SH,20260820,6.5,1.2374,1.6934,,59.3726,68.0188,1.8362,7.837,8.0289,1.8918,,40110.8,40110.8,29310.8,260720.0,260720.0,
600129.SH,20260820,16.63,9.9792,16.389,1.23,76.0559,82.1349,2.5698,0.8733,0.899,,,55141.8,55141.8,33575.8,917008.0,917008.0,
300531.SZ,20260820,15.95,1.8456,2.6874,0.57,61.3918,48.5793,3.5603,3.327,3.1336,0.3104,0.4948,32107.9,31160.8,21400.5,512121.0,497015.0,
688623.SH,20260820,58.68,1.2681,1.9032,0.41,80.2692,71.9935,2.3715,14.6796,13.8425,1.3979,1.1211,8551.21,3551.96,2366.65,501785.0,208429.0,
002897.SZ,20260820,56.52,4.3021,7.1988,0.87,34.4276,37.2802,3.8549,1.7121,1.7318,0.1771,0.8846,19388.1,18442.3,11021.5,1095810.0,1042360.0,
688151.SH,20260820,16.39,0.8042,2.7122,0.77,131.993,119.368,1.3336,8.9864,8.4654,0.2648,0.3417,34450.0,34450.0,10215.3,564636.0,564636.0,
301017.SZ,20260820,13.36,2.8055,5.4539,0.56,47.4374,54.7549,2.6575,0.5247,0.5136,,0.3368,40560.7,25869.5,13307.4,541891.0,345617.0,
002679.SZ,20260820,9.33,1.6717,4.5963,1.06,238.295,254.036,2.9534,14.7908,14.4833,0.3923,0.3108,23575.6,23575.6,8574.81,219960.0,219960.0,
600446.SH,20260820,10.49,1.1346,1.4835,0.66,,,2.7919,4.082,4.184,,,94126.8,94126.8,71990.9,987390.0,987390.0,
601456.SH,20260820,8.81,0.2449,0.3808,0.64,24.9119,23.501,0.9356,6.522,6.2815,0.6356,0.681,568059.0,437698.0,281461.0,5004600.0,3856120.0,
002813.SZ,20260820,20.3,1.1368,3.3321,0.88,,,12.0166,6.5202,7.0881,,,12000.0,11989.2,4090.36,243600.0,243381.0,
920177.BJ,20260820,24.99,2.3013,2.3013,1.06,16.5072,16.316,3.0985,4.3965,4.1331,,,5232.0,1852.85,1852.85,130748.0,46302.7,
301607.SZ,20260820,43.5,5.8863,6.6406,0.8,47.3698,37.4033,7.7613,2.4886,2.1968,0.0196,0.2545,23412.9,15179.1,13454.9,1018460.0,660292.0,
603180.SH,20260820,15.53,1.0337,3.4792,0.59,109.484,,0.8878,0.7258,0.7418,2.4973,0.6371,15425.7,15425.7,4582.92,239561.0,239561.0,
300324.SZ,20260820,3.6,1.6136,1.7679,0.95,,,2.5134,2.9721,3.3052,,,172759.0,170999.0,156073.0,621933.0,615597.0,
002030.SZ,20260820,5.97,2.5611,3.7459,1.31,,,1.1902,11.0585,11.3536,,,140345.0,140345.0,95953.7,837857.0,837857.0,
600588.SH,20260820,10.88,1.1551,1.9775,0.58,,,5.3915,4.049,4.0135,,,341700.0,341700.0,199592.0,3717690.0,3717690.0,
688797.SH,20260820,307.31,9.7803,9.7803,0.7,211.225,192.93,37.7775,55.0061,51.5751,,,15529.0,2919.27,2919.27,4772230.0,897121.0,
000656.SZ,20260820,1.26,1.9333,2.7396,0.88,0.455,0.4318,3.243,1.9381,2.0941,,,1058870.0,758735.0,535427.0,1334180.0,956006.0,
688247.SH,20260820,10.21,3.4405,10.054,0.87,97.4795,106.266,3.5373,10.3648,10.7097,0.6014,0.3395,45334.0,45334.0,15513.1,462860.0,462860.0,
002905.SZ,20260820,7.72,1.6397,6.0902,0.9,98.4023,,44.539,2.5269,3.2661,,,37632.0,34944.0,9408.0,290519.0,269768.0,
002749.SZ,20260820,8.82,1.259,2.9826,1.21,15.7205,18.5064,2.5853,2.3859,2.403,12.3788,4.7509,55647.2,54431.7,22977.4,490808.0,480088.0,
600287.SH,20260820,4.86,0.8963,1.9222,1.43,84.5757,92.9449,0.9292,0.8584,0.8734,,,43679.6,43679.6,20366.0,212283.0,212283.0,
300376.SZ,20260820,4.43,0.6301,1.3044,0.71,429.535,,1.5896,2.81,2.6812,0.469,0.0445,232824.0,232743.0,112425.0,1031410.0,1031050.0,
600511.SH,20260820,26.84,1.1989,2.1955,1.45,10.1427,10.5046,1.0766,0.386,0.3781,2.9806,2.9806,75450.3,55334.6,30215.8,2025090.0,1485180.0,
603696.SH,20260820,13.32,7.4683,17.6557,0.51,113.945,94.5567,5.416,5.3509,5.2423,0.6757,0.5255,23520.0,23520.0,9948.84,313286.0,313286.0,
605333.SH,20260820,17.81,1.8652,6.6039,1.73,17.1744,19.7542,2.3968,0.9734,0.9631,1.2155,1.123,46404.0,46404.0,13106.4,826456.0,826456.0,
600269.SH,20260820,3.79,0.9458,2.0872,1.31,6.9174,12.2358,0.4601,1.4087,1.5099,4.4855,4.4855,233541.0,233541.0,105827.0,885119.0,885119.0,
300904.SZ,20260820,40.95,1.3602,2.1398,0.69,,,5.073,3.3789,2.9764,,,7238.32,3458.32,2198.32,296409.0,141618.0,
600635.SH,20260820,4.49,0.9628,1.3158,0.73,31.93,48.7588,1.4915,2.2009,2.1994,0.8018,1.1136,295243.0,241879.0,176982.0,1325640.0,1086040.0,
000030.SZ,20260820,4.33,0.4559,1.6444,0.8,10.5987,11.2147,0.8725,0.4277,0.4247,3.5094,3.4642,171981.0,167091.0,46318.9,744678.0,723502.0,
300456.SZ,20260820,31.55,2.9179,3.0175,0.72,15.6783,16.2489,3.4876,28.032,35.0745,,1.1727,73221.3,59744.9,57773.3,2310130.0,1884950.0,
688819.SH,20260820,21.7,0.1726,1.2435,0.82,13.2548,16.9274,1.2307,0.4607,0.4657,1.885,2.5287,97210.0,97210.0,13490.0,2109460.0,2109460.0,
002493.SZ,20260820,13.53,0.6783,2.4657,1.14,159.324,43.9507,2.9142,0.4379,0.4593,0.7082,0.7082,998944.0,933807.0,256887.0,13515700.0,12634400.0,
603798.SH,20260820,12.7,1.2704,2.7017,1.02,63.8177,75.4051,2.6227,3.4242,3.6063,0.8529,0.7832,25645.0,25645.0,12058.8,325691.0,325691.0,
301376.SZ,20260820,20.55,0.7531,0.9083,0.45,24.6295,27.5604,2.4069,0.9506,0.9268,1.9384,1.9383,40246.9,19364.3,16056.5,827074.0,397936.0,
688190.SH,20260820,73.54,0.5189,1.4311,0.59,29.9766,31.8126,3.2808,4.6702,4.5564,1.2646,1.9037,12000.0,12000.0,4350.98,882480.0,882480.0,
601633.SH,20260820,15.55,0.2308,1.3059,1.36,13.5217,14.7242,1.5124,0.5987,0.5853,2.8847,2.2418,857847.0,621323.0,109823.0,13339500.0,9661580.0,
300169.SZ,20260820,5.61,2.0199,2.0633,0.6,145.865,58.7251,30.0603,4.2495,4.2213,,,33949.4,30173.6,29538.0,190456.0,169274.0,
600605.SH,20260820,24.49,1.477,2.3762,1.08,209.469,172.526,3.5155,48.9972,39.2637,0.5717,0.1633,20628.2,20628.2,12822.5,505186.0,505186.0,
002208.SZ,20260820,10.84,3.3013,7.9734,0.7,,,1.4702,0.862,0.8051,,,80329.2,80307.2,33250.1,870768.0,870530.0,
600704.SH,20260820,4.89,0.6339,1.1173,1.21,6.9791,7.0039,0.5999,0.0424,0.0423,4.2945,4.4742,517118.0,517118.0,293364.0,2528710.0,2528710.0,
688658.SH,20260820,15.49,2.9482,5.2895,0.93,,,2.1238,2.8497,2.8747,,,45000.0,45000.0,25082.0,697050.0,697050.0,
688088.SH,20260820,31.75,0.9881,1.5457,0.62,49.2911,48.4622,4.5953,13.8002,13.5381,1.4787,1.0068,40117.0,40117.0,25646.0,1273720.0,1273720.0,
600742.SH,20260820,7.57,0.6788,1.1018,1.19,12.0943,12.5533,0.6595,0.2831,0.2958,8.3223,6.8692,74305.8,74305.8,45778.4,562495.0,562495.0,
002253.SZ,20260820,9.5,1.7388,2.1323,0.96,,,2.5273,6.5911,6.5851,,,22562.6,20994.9,17120.1,214345.0,199452.0,
300256.SZ,20260820,2.68,1.0352,1.9113,1.28,,,6.7028,3.9691,4.0766,,,226839.0,224339.0,121505.0,607929.0,601229.0,
603198.SH,20260820,39.95,0.7662,2.7582,0.77,16.0955,16.0466,2.7864,5.3101,5.1539,3.7547,3.7547,80000.0,80000.0,22223.4,3196000.0,3196000.0,
688127.SH,20260820,69.8,2.3331,4.7018,1.28,72.8656,59.9209,12.1324,18.4449,16.3606,0.2846,0.4298,40589.8,40589.8,20141.1,2833170.0,2833170.0,
920015.BJ,20260820,39.33,3.5907,3.5907,0.68,27.4111,36.8342,3.1646,5.165,6.1113,,1.0933,13556.7,4001.24,4001.24,533184.0,157369.0,
600661.SH,20260820,8.79,2.4724,3.9364,0.68,29.095,21.9409,9.499,1.8351,1.7667,,,28654.9,28654.9,17997.3,251876.0,251876.0,
920171.BJ,20260820,16.13,1.0265,1.6776,0.56,329.478,157.217,7.3963,6.6925,6.3097,,,10023.3,6763.2,4138.27,161676.0,109090.0,
002321.SZ,20260820,2.04,1.8643,3.0797,1.05,,,4.7197,0.7988,0.7849,,,213289.0,212387.0,128569.0,435110.0,433269.0,
301611.SZ,20260820,99.8,10.6551,10.8512,1.39,150.518,201.943,23.4509,40.5374,37.9953,0.1002,0.1002,43600.0,14658.1,14393.2,4351280.0,1462880.0,
000715.SZ,20260820,5.17,1.5009,2.8929,0.39,24.4616,24.4135,1.3731,3.7449,3.8336,1.4879,1.2573,54043.5,48603.1,25215.7,279405.0,251278.0,
001360.SZ,20260820,18.11,4.7882,7.4978,0.96,73.9309,83.3144,2.5819,4.452,4.2792,0.819,1.092,20400.0,12548.4,8013.56,369444.0,227252.0,
601698.SH,20260820,24.36,0.9942,4.2291,1.45,233.222,258.796,6.4419,38.9091,38.8531,0.1326,0.1289,422439.0,422439.0,99310.5,10290600.0,10290600.0,
601985.SH,20260820,8.73,0.3217,0.7993,1.06,19.2986,21.8132,1.4966,2.1877,2.2243,1.8321,2.0566,2056800.0,1888330.0,759940.0,17955900.0,16485100.0,
300529.SZ,20260820,16.28,2.9092,3.6325,1.53,24.4009,24.7612,3.8931,6.4625,6.8074,4.7648,3.0971,79860.5,51240.2,41036.3,1300130.0,834191.0,
000419.SZ,20260820,4.98,1.1056,1.986,0.92,22.0161,18.9899,0.7922,1.5137,1.6038,3.012,2.6104,54358.3,54358.3,30261.0,270704.0,270704.0,
002214.SZ,20260820,14.35,3.9494,4.3101,2.36,,,6.8309,24.7282,24.6755,,,59866.3,47841.7,43837.7,859081.0,686528.0,
002585.SZ,20260820,9.76,6.0863,7.9339,0.44,,,1.3382,2.1806,2.2204,0.3074,0.2049,114132.0,88675.7,68026.2,1113930.0,865475.0,
688409.SH,20260820,208.11,2.1689,3.3815,0.79,,891.387,14.1025,17.9841,16.6641,0.0717,,30621.1,30621.1,19640.0,6372550.0,6372550.0,
301539.SZ,20260820,14.73,1.6325,2.5061,1.01,78.9671,801.086,2.8254,2.0326,1.9596,0.6789,0.6789,14800.0,7506.17,4889.71,218004.0,110566.0,
600997.SH,20260820,5.56,1.173,3.8182,1.79,,,0.6521,0.5076,0.5102,4.6763,0.3597,158780.0,158780.0,48778.1,882817.0,882817.0,
688653.SH,20260820,14.73,8.6551,8.6575,2.29,,,4.3444,9.1501,8.56,,,42448.0,31641.2,31632.5,625259.0,466074.0,
920239.BJ,20260820,21.15,0.2833,0.7414,0.64,15.4337,14.9432,3.3463,0.8586,0.8163,1.6886,1.8913,18207.4,17988.0,6872.57,385087.0,380446.0,
688108.SH,20260820,18.58,4.3799,5.2893,1.23,164.224,112.905,7.8287,14.78,13.7615,,,41795.2,41795.2,34609.3,776555.0,776555.0,
300909.SZ,20260820,55.75,5.1143,7.8293,1.22,655.926,482.948,4.8404,6.4823,6.137,0.4126,,17297.3,12221.1,7983.23,964324.0,681327.0,
301608.SZ,20260820,46.38,2.1763,3.0192,0.84,26.2001,24.6461,2.7648,3.5932,3.4507,1.2196,1.3822,13259.5,5950.64,4289.25,614976.0,275991.0,
920682.BJ,20260820,5.71,0.6214,0.8662,0.79,23.0106,25.4825,1.9084,0.5832,0.5581,2.4324,2.9189,38937.6,22580.7,16200.1,222334.0,128936.0,
600961.SH,20260820,27.09,6.7054,9.5985,1.01,25.8295,11.6824,4.9594,1.3065,1.1185,,,107287.0,75181.2,52520.9,2906410.0,2036660.0,
002624.SZ,20260820,11.15,2.3141,3.1446,0.87,29.5962,198.054,3.3217,3.2481,3.7819,2.0222,2.9596,193997.0,182773.0,134502.0,2163060.0,2037920.0,
601198.SH,20260820,13.54,0.4931,0.8965,0.78,20.8241,18.9667,1.4377,9.2909,8.8112,1.226,1.226,323245.0,323245.0,177784.0,4376730.0,4376730.0,
001255.SZ,20260820,25.8,1.1008,2.4187,0.7,146.025,205.946,2.49,5.0197,4.666,0.14,0.155,8700.82,7726.78,3516.74,224481.0,199351.0,
600843.SH,20260820,6.86,1.3248,1.7086,0.92,,,1.8035,1.1244,1.1356,,,71316.6,46922.3,36382.7,489232.0,321887.0,
605005.SH,20260820,15.76,0.3302,2.0927,0.98,30.554,31.69,2.9706,3.3844,3.3454,1.269,1.269,40100.0,40100.0,6327.25,631976.0,631976.0,
300417.SZ,20260820,11.02,2.8966,3.2302,0.98,,,3.27,7.5527,6.4807,,0.6352,13456.3,8359.04,7495.75,148289.0,92116.6,
600062.SH,20260820,16.21,1.1186,2.8159,1.09,10.2222,10.3594,1.3891,1.5304,1.5692,2.9063,2.9551,103858.0,103823.0,41243.0,1683540.0,1682960.0,
300845.SZ,20260820,12.27,5.0964,5.8644,0.98,62.6619,76.1595,3.0695,7.0231,6.9077,2.0022,1.6177,20564.1,14378.2,12495.1,252322.0,176420.0,
689009.SH,20260820,43.86,1.5286,1.5416,0.75,18.3567,21.1657,4.3875,1.5168,1.3508,3.4113,3.7194,73584.9,56223.1,55749.5,3227430.0,2465950.0,
002389.SZ,20260820,17.61,1.0379,1.6482,0.6,643.949,109.146,2.138,5.9186,5.8033,0.3407,0.3407,98491.6,98476.1,62010.5,1734440.0,1734160.0,
600257.SH,20260820,5.57,2.8925,4.0227,0.51,529.186,109.326,3.2842,2.9134,2.887,,,48123.7,48123.7,34603.4,268049.0,268049.0,
002326.SZ,20260820,20.16,5.8074,7.2875,1.07,,388.666,6.7087,3.5773,3.1901,,,92512.8,81176.9,64688.9,1865060.0,1636530.0,
301358.SZ,20260820,64.96,5.651,8.1656,1.83,43.1173,14.1862,2.7027,1.5904,0.9986,0.2159,0.5452,84773.2,76433.0,52894.8,5506860.0,4965080.0,
600516.SH,20260820,5.08,0.7678,1.2357,0.45,219.813,215.374,1.2519,5.7994,5.5743,0.3693,0.1366,402597.0,402597.0,250156.0,2045190.0,2045190.0,
002158.SZ,20260820,26.23,1.3607,3.5315,0.81,29.9224,29.6766,3.1441,4.7923,4.6613,2.2112,1.7156,53472.4,53356.7,20558.9,1402580.0,1399550.0,
603058.SH,20260820,9.0,1.6482,2.9555,0.98,45.3932,34.7075,3.3186,4.2368,4.6097,1.2938,,41469.4,41466.4,23123.8,373224.0,373197.0,
600936.SH,20260820,4.93,5.1834,7.8948,0.88,,,8.0649,2.2917,2.7769,,,167103.0,167103.0,109713.0,823816.0,823816.0,
002681.SZ,20260820,4.38,1.476,1.5792,0.68,,,3.6886,2.8988,3.1279,,,179465.0,156926.0,146675.0,786058.0,687338.0,
300567.SZ,20260820,217.9,2.7057,3.3286,0.83,743.188,699.559,14.5949,18.2089,17.9406,,0.0918,27974.7,22705.0,18456.0,6095680.0,4947410.0,
603366.SH,20260820,7.41,6.6726,16.9385,3.62,34.4865,35.4309,1.3935,1.4742,1.3927,0.7287,0.6073,81304.8,81304.8,32028.7,602469.0,602469.0,
000717.SZ,20260820,2.22,0.6703,1.425,1.21,,,0.8044,0.2059,0.2057,,,242385.0,242356.0,114005.0,538094.0,538031.0,
603538.SH,20260820,31.68,25.252,33.1535,1.07,105.341,92.1498,3.6727,7.1644,6.3925,0.1021,0.3495,33992.8,33692.0,25662.2,1076890.0,1067360.0,
920346.BJ,20260820,14.63,0.4923,0.7784,0.54,24.3441,25.1294,2.4266,4.0937,4.1325,2.3247,2.324,8065.31,4487.83,2838.42,117995.0,65656.9,
300285.SZ,20260820,62.92,11.7466,12.298,0.79,102.789,97.8128,8.5587,13.6898,12.6967,0.316,0.2362,99704.8,85307.3,81482.6,6273430.0,5367540.0,
603987.SH,20260820,7.7,1.3803,2.3601,1.45,13.9934,14.3907,1.1813,1.4633,1.4706,1.9481,2.2078,43679.1,43679.1,25545.5,336329.0,336329.0,
300353.SZ,20260820,18.18,2.0334,2.1194,0.68,135.099,120.117,5.0682,11.4057,11.8875,,,61489.3,54006.1,51812.6,1117880.0,981831.0,
600808.SH,20260820,2.51,1.1094,2.9633,1.25,,,0.8031,0.2493,0.2549,,,770068.0,596775.0,223407.0,1932870.0,1497910.0,
920640.BJ,20260820,25.14,1.4099,2.7362,0.9,60.7198,60.5067,5.0234,5.3561,5.152,0.3978,0.5967,18772.8,18061.8,9306.65,471948.0,454074.0,
600958.SH,20260820,8.92,0.3832,0.5497,0.64,13.4533,13.1011,0.9263,4.9348,4.8697,2.4462,3.5579,849664.0,746948.0,520705.0,7579010.0,6662780.0,
688768.SH,20260820,42.92,1.1051,1.689,1.43,44.8243,55.689,3.4933,5.8496,5.9672,0.9955,0.699,8798.87,8726.35,5709.37,377648.0,374535.0,
603998.SH,20260820,10.43,5.1549,8.2628,0.67,14.9472,14.9406,2.641,2.6223,2.5568,3.931,4.3145,43908.1,43908.1,27393.0,457962.0,457962.0,
603127.SH,20260820,52.57,11.2214,17.5741,1.53,132.263,79.5697,4.6038,23.7649,23.3591,0.0568,0.2271,74934.8,62771.7,40080.9,3939320.0,3299910.0,
688235.SH,20260820,298.88,7.1306,7.1306,1.41,294.862,136.171,13.0393,11.2677,10.577,,,154229.0,11505.5,11505.5,43070900.0,3438770.0,
600006.SH,20260820,5.31,0.6651,1.6672,1.16,,,1.3287,1.1989,1.2239,0.0942,,200000.0,200000.0,79785.5,1062000.0,1062000.0,
300155.SZ,20260820,4.27,14.0415,19.705,3.06,,,2.0055,15.9525,16.4799,,,56122.8,32944.3,23475.6,239644.0,140672.0,
301389.SZ,20260820,53.8,4.1314,13.3434,0.95,146.972,152.489,6.7927,30.2476,25.52,0.9624,0.6799,28350.0,28350.0,8777.71,1525230.0,1525230.0,
601169.SH,20260820,5.06,0.4948,0.7151,1.14,5.3263,5.2157,0.3775,1.5725,1.5173,6.3241,5.4941,2114300.0,2114300.0,1463040.0,10698400.0,10698400.0,
000544.SZ,20260820,7.35,0.3528,1.4243,1.3,6.6632,6.7357,0.7614,1.2932,1.2885,3.5374,3.6735,97468.4,97468.4,24142.8,716393.0,716393.0,
920974.BJ,20260820,6.21,1.1369,1.3019,1.21,39.8962,30.0263,1.5442,0.9486,0.911,,,16380.0,12547.4,10956.5,101720.0,77919.5,
603585.SH,20260820,10.15,1.1684,3.3076,0.81,14.5023,16.749,1.0034,1.0063,0.9948,,2.502,27535.6,27079.6,9565.6,279486.0,274858.0,
000915.SZ,20260820,26.2,1.57,2.299,1.44,11.4739,13.2513,2.0661,2.7551,3.0328,9.542,9.542,23433.1,23418.2,15991.8,613948.0,613558.0,
000550.SZ,20260820,16.37,0.6895,2.1758,1.23,11.9,11.5643,1.1737,0.3608,0.3512,4.3494,3.3388,86321.4,51846.3,16428.7,1413080.0,848724.0,
002634.SZ,20260820,4.28,0.5052,0.6671,0.56,,,,3.4608,3.5153,,,45935.2,44223.5,33490.5,196603.0,189277.0,
300486.SZ,20260820,21.83,4.462,6.2135,2.25,540.374,433.614,6.1287,10.2722,9.6923,,0.0596,47714.9,47700.6,34254.0,1041620.0,1041300.0,
000423.SZ,20260820,51.6,0.7268,1.1008,0.93,18.9879,18.6627,3.059,4.9273,4.8585,4.9525,5.2665,63982.7,63870.0,42170.4,3301510.0,3295690.0,
600748.SH,20260820,3.88,1.0806,2.5309,1.8,,,0.6928,2.1122,2.2015,,,184456.0,184456.0,78758.8,715690.0,715690.0,
600520.SH,20260820,24.55,3.247,4.1702,0.75,509.0,290.289,9.8796,10.2755,9.453,,,15843.0,15843.0,12335.7,388946.0,388946.0,
003016.SZ,20260820,6.99,0.8104,2.637,0.91,163.811,98.6349,1.0908,1.9855,1.9527,,,42052.2,41088.3,12627.6,293945.0,287207.0,
603906.SH,20260820,18.9,3.119,5.3747,0.75,,220.921,4.9126,1.6729,1.379,,,79111.2,56299.6,32671.6,1495200.0,1064060.0,
000401.SZ,20260820,3.53,0.392,1.0855,1.27,42.8716,96.2944,0.3572,0.3827,0.3971,2.8351,2.8351,265615.0,263135.0,95019.8,937620.0,928868.0,
300462.SZ,20260820,11.15,0.3435,0.3802,0.74,,,1.4584,2.9293,2.8167,,,18122.2,13803.4,12468.1,202062.0,153908.0,
002548.SZ,20260820,4.22,5.6989,8.2788,1.29,,,3.3384,0.7364,0.7144,,,82817.4,80447.1,55377.2,349489.0,339487.0,
600332.SH,20260820,21.51,0.9767,2.0386,1.63,11.7229,11.8724,0.884,0.4503,0.4457,3.7192,3.9517,162579.0,140589.0,67358.6,3497080.0,3024070.0,
300059.SZ,20260820,18.8,1.0869,1.166,0.64,24.6146,22.6939,3.1111,84.2114,78.6079,0.3184,0.5313,1582220.0,1335330.0,1244790.0,29745700.0,25104200.0,
688365.SH,20260820,14.57,2.2147,5.2692,0.77,,,6.5034,11.0278,10.5245,,,42629.1,42629.1,17917.4,621106.0,621106.0,
301035.SZ,20260820,52.75,0.3194,0.9852,0.87,18.4081,20.1741,2.5013,1.309,1.2655,1.0999,2.2485,36450.5,36396.2,11799.1,1922770.0,1919900.0,
600422.SH,20260820,8.81,1.8374,2.9136,0.87,19.0574,56.6729,1.2772,1.0143,1.1492,3.4052,2.0431,75697.6,75697.6,47737.8,666896.0,666896.0,
002966.SZ,20260820,8.65,0.98,1.1633,1.25,7.2306,7.0617,0.7464,3.1299,3.0423,4.7399,4.1618,447066.0,439548.0,370307.0,3867120.0,3802090.0,
688216.SH,20260820,30.33,3.5543,7.7407,0.93,,,4.7279,4.5134,4.0319,,,11440.4,10624.2,4878.29,346988.0,322231.0,
300626.SZ,20260820,30.68,2.3607,4.0397,0.7,556.09,373.509,10.3769,6.7165,6.7552,,0.0554,18000.0,17990.2,10513.1,552240.0,551938.0,
301045.SZ,20260820,65.2,5.6394,9.2833,0.82,221.653,196.358,6.9292,12.3754,12.6753,0.0767,0.1534,11031.8,6971.6,4235.13,719275.0,454548.0,
301082.SZ,20260820,9.5,3.0792,6.0002,0.68,75.6176,76.0082,2.7062,1.2043,1.2529,0.8097,0.6478,29420.2,27270.8,13995.2,279492.0,259072.0,
000603.SZ,20260820,33.28,14.2787,24.1019,1.67,43.1251,26.9377,6.1136,9.3287,8.4829,0.3005,0.3606,68996.9,66671.6,39498.4,2296220.0,2218830.0,
301468.SZ,20260820,33.19,3.3054,3.4413,0.71,102.81,115.798,2.4328,11.1667,11.6002,0.6026,0.4635,16914.8,9750.34,9365.22,561403.0,323614.0,
600469.SH,20260820,5.22,0.713,1.4512,0.75,19.7192,17.9875,0.9945,0.6267,0.6134,0.628,1.9157,89003.5,84623.9,41575.7,464598.0,441737.0,
688775.SH,20260820,119.38,1.3648,2.4226,0.67,51.5356,57.1824,8.2524,4.9142,4.405,,,40100.0,25935.8,14611.4,4787140.0,3096220.0,
603231.SH,20260820,16.1,1.6268,2.0457,0.91,16.2479,17.4131,1.5222,1.7633,1.6717,1.8634,2.2981,19145.9,10626.6,8450.33,308249.0,171088.0,
300854.SZ,20260820,18.21,6.0782,9.4744,0.96,,,2.8347,4.9882,5.5214,0.4762,,13981.7,11398.1,7312.3,254606.0,207560.0,
920107.BJ,20260820,21.61,19.7852,19.7852,,16.3124,16.3124,2.6476,2.2259,2.2259,,,8388.0,1887.3,1887.3,181265.0,40784.6,
000628.SZ,20260820,41.23,7.734,8.9935,1.2,132.965,134.192,6.6043,2.9165,3.016,0.1334,0.2425,35228.0,19223.9,16531.6,1452450.0,792600.0,
000729.SZ,20260820,12.26,0.8361,1.8276,0.95,20.5794,19.4285,2.1946,2.2537,2.2146,2.3654,2.447,281854.0,250961.0,114811.0,3455530.0,3076780.0,
601997.SH,20260820,5.75,1.1852,1.4974,1.2,4.005,3.9791,0.3185,1.6173,1.5641,5.0435,5.2174,365620.0,365620.0,289406.0,2102310.0,2102310.0,
002428.SZ,20260820,103.56,12.2262,15.2842,0.82,3357.35,3549.81,46.0369,63.4565,60.6802,0.029,0.0097,65312.0,65303.6,52237.7,6763710.0,6762840.0,
300643.SZ,20260820,17.98,1.6761,2.8648,0.78,26.3641,25.9403,3.1698,3.4053,3.3216,0.8835,1.2175,23158.2,23105.4,13518.4,416384.0,415436.0,
001226.SZ,20260820,46.24,3.0526,5.3963,1.24,168.34,150.682,4.6453,5.1049,4.8864,0.8651,,7466.67,3392.64,1919.14,345259.0,156876.0,
000812.SZ,20260820,3.59,1.3378,1.5978,0.82,,,1.8194,1.946,1.9387,0.7927,,75633.1,75569.0,63269.0,271523.0,271293.0,
301680.SZ,20260820,93.27,4.7204,4.7204,0.55,43.1067,42.8881,4.0579,6.9839,6.3125,,0.4825,8280.0,1680.25,1680.25,772276.0,156717.0,
600857.SH,20260820,20.25,3.2041,5.2497,0.69,139.614,97.3839,5.1362,9.886,12.6956,,0.2222,22432.0,22432.0,13691.0,454248.0,454248.0,
002575.SZ,20260820,4.97,3.5007,3.8216,0.37,,,3.6334,6.5126,6.6316,,,61650.0,58432.6,53525.6,306400.0,290410.0,
300378.SZ,20260820,32.41,2.6051,3.2414,0.61,53.834,53.7361,3.7907,3.6173,3.5984,0.092,0.3834,27155.5,26951.3,21660.7,880109.0,873492.0,
920751.BJ,20260820,15.97,0.7255,1.1537,0.79,29.836,29.7054,3.3581,6.0165,5.6822,1.8785,0.9393,8678.0,8306.71,5223.71,138588.0,132658.0,
600928.SH,20260820,3.56,0.5191,1.8986,1.33,5.9708,5.8735,0.4409,1.5877,1.4633,2.809,2.809,444444.0,442335.0,120949.0,1582220.0,1574710.0,
002180.SZ,20260820,17.82,0.8187,1.1721,0.48,,,2.7768,1.5342,1.9675,,,142188.0,136029.0,95019.4,2533790.0,2424030.0,
600178.SH,20260820,9.25,0.6475,1.3195,0.53,344.629,,1.6992,0.7547,0.7653,0.0541,0.1189,46647.6,46647.6,22888.3,431490.0,431490.0,
002713.SZ,20260820,9.45,2.4242,3.2545,0.68,246.693,234.658,10.3527,13.0047,14.1316,,,95140.5,52650.1,39218.4,899078.0,497543.0,
601860.SH,20260820,2.54,1.8682,2.4371,1.71,7.4725,7.4317,0.4548,2.258,2.2442,3.9369,3.9369,366110.0,355169.0,272266.0,929920.0,902129.0,
300723.SZ,20260820,38.34,4.3666,11.8548,1.13,,86.5927,8.9466,18.576,18.4081,,,45169.3,41918.9,15440.4,1731790.0,1607170.0,
000657.SZ,20260820,64.45,5.8057,9.4302,0.84,114.672,75.3487,13.7453,8.3259,6.9103,0.2483,0.3569,227860.0,145345.0,89481.4,14685600.0,9367500.0,
301580.SZ,20260820,50.19,4.9566,4.9566,0.74,38.1606,36.8491,3.4519,7.2362,6.8896,0.6608,0.6547,14919.0,10080.2,10080.2,748786.0,505923.0,
601918.SH,20260820,9.93,1.1188,2.0986,0.88,12.0426,11.951,1.4728,2.0948,1.9822,1.6113,1.712,259054.0,259054.0,138109.0,2572410.0,2572410.0,
002148.SZ,20260820,6.26,3.577,3.7613,0.95,,1519.28,2.8475,9.161,9.0601,0.2555,,55875.1,45102.7,42892.3,349778.0,282343.0,
603931.SH,20260820,35.43,2.2963,6.007,0.6,57.7104,58.9158,3.543,11.2973,11.563,0.6209,0.5222,19955.8,19955.8,7628.61,707035.0,707035.0,
603682.SH,20260820,11.46,4.0338,9.6043,0.61,,,8.327,5.7202,5.8059,2.8796,2.8796,47250.0,47250.0,19845.0,541485.0,541485.0,
300355.SZ,20260820,2.93,1.5642,1.9494,0.74,231.397,189.923,1.114,1.804,1.7532,0.1365,,160424.0,136629.0,109630.0,470043.0,400323.0,
603111.SH,20260820,5.78,0.3688,0.4968,0.66,14.1758,13.9848,1.2112,1.1899,1.1804,4.2621,5.0782,86203.1,83759.5,62190.5,498254.0,484130.0,
300596.SZ,20260820,45.0,3.4035,4.9995,1.41,20.8088,18.6977,2.0723,1.7156,1.6102,0.8222,1.0,22962.0,22962.0,15631.5,1033290.0,1033290.0,
300851.SZ,20260820,24.26,1.9113,3.0395,1.01,28.2905,25.8439,1.5754,5.2339,5.0678,1.7725,2.803,8693.34,4933.94,3102.45,210900.0,119697.0,
920599.BJ,20260820,16.8,0.4906,0.7371,1.0,9.2576,9.2415,2.0371,1.2162,1.219,4.0768,4.1218,46252.5,35057.4,23335.2,777042.0,588965.0,
601399.SH,20260820,3.1,0.7091,1.8956,0.87,48.2446,46.6368,1.5031,1.6116,1.5994,,,721356.0,721356.0,269850.0,2236200.0,2236200.0,
601009.SH,20260820,11.92,0.6835,1.5999,1.64,6.7581,6.453,0.7629,2.6534,2.5124,4.1594,4.4392,1236360.0,1236360.0,528224.0,14737400.0,14737400.0,
301278.SZ,20260820,27.43,2.0301,2.6398,0.96,120.364,155.901,1.728,2.2694,2.2092,1.8632,0.1458,8970.81,5140.2,3952.95,246070.0,140996.0,
300006.SZ,20260820,5.94,5.3046,8.4203,2.19,,,3.6028,8.0859,8.2582,,,105591.0,105582.0,66513.6,627211.0,627158.0,
000420.SZ,20260820,3.66,1.1989,1.6096,0.65,395.922,215.761,2.0267,1.658,1.6311,,,245887.0,245804.0,183081.0,899946.0,899641.0,
600237.SH,20260820,8.4,3.2497,4.2918,0.64,44.1713,45.1696,2.6452,3.7963,3.962,,0.9524,63049.0,62461.6,47295.2,529611.0,524677.0,
002183.SZ,20260820,4.38,1.7322,2.5598,0.98,,,1.2551,0.1668,0.1745,0.2283,,259701.0,259699.0,175739.0,1137490.0,1137480.0,
000573.SZ,20260820,3.67,1.8965,2.3742,0.8,34.1408,,1.4287,4.2716,3.892,1.3624,1.3624,63828.1,63296.5,50560.5,234249.0,232298.0,
300550.SZ,20260820,11.88,1.4605,2.9106,0.98,65.4415,159.274,2.8043,7.1697,7.1891,0.2104,0.2525,26256.0,26231.6,13162.1,311922.0,311632.0,
002399.SZ,20260820,11.28,0.7043,3.1556,1.08,47.3584,43.502,1.3589,3.0208,3.0562,2.2163,1.2855,146730.0,124720.0,27838.5,1655110.0,1406840.0,
301337.SZ,20260820,26.68,2.4042,6.1814,1.94,,,2.5644,10.9418,10.9869,,,10420.0,10193.4,3964.63,278006.0,271959.0,
603101.SH,20260820,7.37,2.3597,5.9676,1.15,45.085,32.0987,2.3634,1.415,1.3794,0.6711,1.3422,47040.0,47040.0,18600.0,346685.0,346685.0,
603221.SH,20260820,28.6,12.803,47.9283,1.35,403.366,,4.4106,6.1507,6.3106,0.6354,0.1049,24227.0,24227.0,6471.7,692892.0,692892.0,
920016.BJ,20260820,13.01,1.6854,1.8825,0.85,52.3116,46.3502,2.5659,4.1802,3.8153,0.538,0.538,7698.19,3423.72,3065.26,100153.0,44542.6,
000633.SZ,20260820,5.3,1.663,2.0983,0.88,269.565,380.34,10.1908,7.0,7.472,,,38510.6,38510.6,30522.7,204106.0,204106.0,
002429.SZ,20260820,8.32,1.1995,2.5612,0.71,28.899,31.9634,2.2267,2.1151,2.0622,1.2861,1.0457,452694.0,452433.0,211880.0,3766410.0,3764240.0,
002993.SZ,20260820,37.76,2.4382,5.054,0.77,24.677,30.2743,2.1494,1.457,1.4499,3.9297,3.1364,27604.0,23844.7,11503.5,1042330.0,900376.0,
002535.SZ,20260820,2.51,1.5965,2.4588,0.98,,,3.3812,1.7841,2.0199,,,80168.3,74629.9,48457.8,201222.0,187321.0,
920505.BJ,20260820,27.65,3.13,6.3321,0.66,106.846,123.205,5.2644,10.8776,10.3437,0.541,0.3617,6478.55,3601.09,1780.03,179132.0,99570.2,
688456.SH,20260820,81.9,7.665,11.2523,0.82,121.403,94.4511,6.595,2.1749,1.9414,0.2442,0.2894,10366.0,10366.0,7061.2,848975.0,848975.0,
300119.SZ,20260820,18.61,2.743,3.4101,0.99,21.595,22.0467,1.7978,2.545,2.5416,1.5788,2.1,46475.5,33362.3,26836.2,864908.0,620873.0,
920001.BJ,20260820,11.78,1.3453,2.6445,0.75,,,2.5525,8.5039,8.133,1.6978,0.8489,15364.6,9005.25,4581.21,180995.0,106082.0,
301252.SZ,20260820,32.91,1.7752,4.6474,0.83,51.2903,58.7803,4.1134,4.3306,4.174,0.5207,0.3646,16922.5,13570.7,5183.83,556921.0,446612.0,
002869.SZ,20260820,15.87,1.2462,1.6079,0.86,,,1.3926,6.047,5.8143,1.2363,,17691.5,15751.7,12208.0,280764.0,249980.0,
301357.SZ,20260820,89.82,3.5493,14.1973,0.65,296.147,397.896,7.4949,41.3925,38.8808,,0.0668,9520.0,9520.0,2380.0,855086.0,855086.0,
001216.SZ,20260820,14.53,1.4019,0.979,0.62,19.2427,19.8369,2.2508,2.8828,2.9817,2.3749,2.6718,29195.8,13155.3,18837.3,424215.0,191147.0,
301207.SZ,20260820,20.25,4.8465,20.551,5.77,66.5364,64.9081,2.1197,10.1212,10.1003,3.911,6.8442,60102.8,60064.8,14164.8,1217080.0,1216310.0,
603182.SH,20260820,13.2,2.4944,3.1986,1.39,22.9361,24.3839,1.9245,1.5675,1.3919,3.0303,3.7879,16455.0,16455.0,12832.6,217206.0,217206.0,
000889.SZ,20260820,3.82,3.5587,4.8086,0.48,,,51.4981,2.2456,2.2529,,,93629.1,86984.5,64375.3,357663.0,332281.0,
001232.SZ,20260820,149.91,10.7806,10.7806,0.54,63.755,58.0519,11.0037,8.1398,7.4521,,,55556.0,4420.65,4420.65,8328400.0,662700.0,
300600.SZ,20260820,9.92,1.2342,2.0972,0.62,,,2.4326,10.5411,10.2312,,,29423.4,29423.4,17315.4,291881.0,291881.0,
301315.SZ,20260820,40.21,3.22,8.6921,0.52,122.455,109.299,3.4235,19.0923,19.5234,0.9948,0.7461,8800.0,8800.0,3260.01,353848.0,353848.0,
601186.SH,20260820,6.07,0.2985,0.7552,1.2,4.4889,4.6823,0.2966,0.08,0.0821,4.9423,4.9423,1357950.0,1150320.0,454693.0,8242780.0,6982470.0,
300308.SZ,20260820,904.2,2.0457,2.7027,0.79,97.9577,70.7527,29.7207,27.6589,20.7135,0.0992,0.1545,116973.0,110994.0,84012.6,105767000.0,100361000.0,
002027.SZ,20260820,4.97,0.989,1.4676,0.73,24.3617,21.0516,5.1305,5.6258,5.6796,7.6459,6.841,1444220.0,1444220.0,973321.0,7177770.0,7177770.0,
300516.SZ,20260820,31.6,1.968,6.1504,0.75,329.585,532.839,6.1858,11.6462,11.9797,0.156,0.1221,25200.0,25200.0,8063.45,796320.0,796320.0,
300912.SZ,20260820,19.12,4.8255,6.5607,0.73,,,4.8634,3.6759,3.6457,,,11388.5,8597.42,6323.57,217748.0,164383.0,
600807.SH,20260820,2.6,1.7125,2.2056,1.06,,,7.7795,6.5392,7.2595,,,88463.5,78701.8,61104.9,230005.0,204625.0,
601900.SH,20260820,11.76,0.5741,1.5335,0.86,9.9446,10.1384,1.1355,1.2011,1.2215,4.6769,4.7619,88197.0,88197.0,33018.8,1037200.0,1037200.0,
002576.SZ,20260820,14.1,2.0029,2.8209,1.01,28.2585,28.5388,1.7836,1.3222,1.3871,0.5673,0.5616,16510.0,16202.8,11504.0,232791.0,228459.0,
688335.SH,20260820,20.09,1.6555,2.9105,0.97,275.475,,2.6281,8.6733,9.4252,0.9844,0.9844,14803.5,14803.5,8420.16,297402.0,297402.0,
002829.SZ,20260820,19.79,4.2215,4.8534,0.69,,,2.6561,10.8825,11.9773,,,20780.9,14605.3,12703.7,411255.0,289038.0,
300020.SZ,20260820,3.36,0.9952,1.0689,0.89,,,2.0007,15.2979,16.1234,,,79467.8,76658.4,71370.0,267012.0,257572.0,
603088.SH,20260820,8.88,1.0848,1.5377,0.88,37.1409,48.617,3.8823,5.0644,5.1891,2.8464,1.9144,50238.8,43787.2,30890.1,446120.0,388830.0,
600810.SH,20260820,6.2,0.6262,1.7807,0.71,,,0.9478,0.5375,0.5426,0.7207,,109058.0,108075.0,38003.6,676159.0,670067.0,
605008.SH,20260820,12.85,0.9028,5.1612,1.14,,,4.2501,2.1159,2.0739,,,64596.2,64596.2,11298.8,830062.0,830062.0,
301209.SZ,20260820,59.82,2.8653,7.9931,0.61,178.178,231.113,12.1375,18.3154,18.3141,0.1706,0.2508,15680.0,13395.6,4802.0,937978.0,801326.0,
600624.SH,20260820,4.18,0.5538,0.7808,0.82,,,6.6821,4.4361,4.5194,,,67934.7,67934.7,48180.2,283967.0,283967.0,
002818.SZ,20260820,10.95,1.2465,2.5053,1.52,14.7538,10.3088,1.3713,6.8344,7.2694,9.4977,6.1187,74845.9,29833.5,14843.2,819563.0,326677.0,
002663.SZ,20260820,1.66,1.4376,2.2893,0.87,,,1.4812,1.543,1.6133,,,172335.0,170712.0,107204.0,286076.0,283381.0,
600581.SH,20260820,2.26,0.2864,0.5731,0.78,,,,0.1848,0.1792,,,153290.0,153290.0,76610.9,346435.0,346435.0,
601800.SH,20260820,5.93,0.2754,1.375,1.34,6.5179,7.1821,0.3301,0.1315,0.1313,5.115,3.2979,1621380.0,1172290.0,234826.0,9614780.0,6951660.0,
002235.SZ,20260820,8.71,5.5593,6.6716,0.46,,,6.9201,12.4199,12.3093,,,57957.2,55357.8,46128.7,504807.0,482167.0,
920971.BJ,20260820,25.99,2.7926,5.3748,0.52,70.8027,63.6198,5.7198,9.874,9.7565,0.7846,0.7778,10396.8,8570.28,4452.87,270213.0,222742.0,
301030.SZ,20260820,8.47,2.6314,3.7395,0.76,,,,2.7818,-24.9318,,,20238.3,20210.6,14221.8,171419.0,171184.0,
301113.SZ,20260820,16.74,1.6297,3.4931,1.07,261.282,791.833,2.9054,5.5679,5.7225,2.4743,0.919,11830.0,7166.42,3343.46,198034.0,119966.0,
000552.SZ,20260820,2.57,2.3949,4.2187,1.48,,,0.8416,1.7547,1.6407,2.6459,,535182.0,372581.0,211512.0,1375420.0,957534.0,
301093.SZ,20260820,82.96,6.2385,11.1036,2.61,293.829,416.954,8.023,28.5435,29.3013,0.1429,0.0463,21313.1,20348.4,11432.6,1768140.0,1688100.0,
600371.SH,20260820,8.6,18.1377,36.8278,3.08,453.944,,4.8384,12.7211,13.9746,1.7442,1.1628,29257.8,29257.8,14409.5,251617.0,251617.0,
300960.SZ,20260820,16.31,0.7709,2.6945,0.85,44.8709,54.4167,3.7284,4.6435,4.7986,1.9515,,14514.5,13157.9,3764.53,236732.0,214606.0,
600017.SH,20260820,2.68,1.0667,1.9206,1.41,16.6604,18.7958,0.5861,1.0545,1.0725,4.4403,2.7052,307565.0,307565.0,170824.0,824275.0,824275.0,
001279.SZ,20260820,25.31,1.8709,1.8709,1.31,75.6645,102.938,3.9765,2.7318,2.6355,0.7408,0.7408,16000.0,4000.0,4000.0,404960.0,101240.0,
603315.SH,20260820,11.51,1.135,2.2676,0.52,77.3763,89.2863,2.1207,2.8887,2.8561,0.7212,0.391,32036.6,32036.6,16034.7,368742.0,368742.0,
601116.SH,20260820,10.58,4.5555,11.511,1.27,30.9203,32.7778,1.7304,1.4755,1.4787,1.8904,0.9452,54767.8,54767.8,21674.7,579444.0,579444.0,
000505.SZ,20260820,7.49,20.7314,44.3763,3.53,,,1.8965,0.6929,0.7333,0.2403,,72695.0,63238.0,29543.0,544486.0,473653.0,
600756.SH,20260820,14.42,4.3691,5.4002,0.53,,,2.2554,4.3634,4.2651,,,34962.9,32409.9,26221.8,504165.0,467350.0,
002444.SZ,20260820,30.51,0.5903,0.9861,0.91,14.521,14.2114,1.9057,2.4848,2.4653,0.8194,2.1304,119448.0,114673.0,68648.9,3644350.0,3498670.0,
300763.SZ,20260820,60.9,2.2811,3.4347,0.58,32.5055,39.6253,2.6715,3.4752,3.5254,0.33,0.329,39669.2,32159.5,21358.2,2415850.0,1958510.0,
002124.SZ,20260820,2.34,5.1996,5.4279,1.1,,,3.1345,0.5984,0.6407,,,222193.0,197217.0,188919.0,519932.0,461487.0,
002736.SZ,20260820,9.86,0.1283,0.4616,0.61,9.12,9.3085,1.0069,4.1827,4.2236,3.3316,4.5639,1024170.0,961243.0,267090.0,10098400.0,9477860.0,
002606.SZ,20260820,13.39,4.2297,5.9544,0.8,27.7503,23.41,2.985,3.3047,2.9755,0.2293,0.3624,43907.3,42134.2,29929.9,587919.0,564177.0,
002090.SZ,20260820,9.13,1.1308,1.3479,0.58,55.3952,50.3835,2.3344,2.3429,2.3186,0.7119,0.7667,40057.7,39818.9,33405.6,365727.0,363546.0,
300473.SZ,20260820,21.75,1.524,1.9667,0.68,23.9086,21.4521,1.9604,0.6905,0.6936,,,17266.2,15051.6,11664.1,375541.0,327373.0,
600305.SH,20260820,6.72,1.0903,1.8707,1.65,51.6811,48.2572,2.2234,3.2466,3.1119,1.4905,1.7857,110467.0,110296.0,64285.2,742338.0,741189.0,
603238.SH,20260820,12.4,1.1939,2.9916,0.97,18.7622,18.6655,1.4716,0.7659,0.7405,2.4194,2.4194,17750.9,17750.9,7083.8,220111.0,220111.0,
001223.SZ,20260820,40.79,3.6216,7.736,1.08,130.482,171.443,2.7657,5.5771,5.2662,0.1876,0.3765,13069.3,6983.48,3269.28,533096.0,284856.0,
000663.SZ,20260820,5.65,1.9097,2.7175,0.9,,,2.0896,5.8632,5.7959,,,33668.4,30630.1,21525.6,190226.0,173060.0,
002272.SZ,20260820,14.44,6.2377,7.3484,0.69,,,4.7985,4.0005,3.9632,,,48487.7,40813.3,34644.5,700163.0,589344.0,
002096.SZ,20260820,9.28,0.3823,1.0278,0.79,14.523,15.6632,1.4168,1.1708,1.1909,2.4784,2.7586,124044.0,124044.0,46136.8,1151130.0,1151130.0,
688758.SH,20260820,29.3,5.912,9.3239,1.47,96.4335,88.2232,8.8018,30.284,28.1799,0.2287,0.3264,41646.4,29818.4,18907.0,1220240.0,873678.0,
688076.SH,20260820,28.2,3.8849,6.1849,7.02,26.8764,28.8885,2.8674,4.5986,4.6287,2.0136,1.2381,31681.6,31681.6,19900.4,893421.0,893421.0,
603990.SH,20260820,22.26,4.0577,5.1528,0.36,173.52,350.088,8.1007,22.5381,22.6622,,,30524.5,30524.5,24037.1,679476.0,679476.0,
603766.SH,20260820,13.97,0.8247,1.3762,0.9,17.4104,17.7943,2.972,1.4992,1.509,2.8633,5.0107,205354.0,205354.0,123066.0,2868800.0,2868800.0,
605138.SH,20260820,5.89,0.5535,2.238,0.88,107.747,18.6582,1.3043,0.9559,0.9556,0.9135,0.9168,55557.2,55557.2,13740.2,327232.0,327232.0,
300339.SZ,20260820,37.52,4.219,4.4574,0.94,308.143,208.918,8.1968,7.5037,7.3469,0.185,0.3699,79641.1,77768.6,73609.4,2988130.0,2917880.0,
603097.SH,20260820,18.48,0.7719,2.555,0.55,60.3677,85.2361,3.9389,1.8832,1.9159,0.774,0.5798,22993.6,22467.7,6787.68,424922.0,415203.0,
000555.SZ,20260820,10.16,1.8514,3.0182,0.85,175.69,174.242,1.7431,0.7532,0.7765,,0.0979,97577.4,97463.2,59785.6,991387.0,990226.0,
000537.SZ,20260820,7.91,1.2287,3.9602,0.6,20.3079,25.5894,0.817,3.3233,3.2236,3.1137,2.089,205572.0,205572.0,63780.8,1626070.0,1626070.0,
000998.SZ,20260820,8.84,7.3112,8.8505,1.53,78.3364,350.241,1.9173,1.5323,1.6285,0.4525,0.4751,146945.0,131441.0,108581.0,1298990.0,1161940.0,
688136.SH,20260820,21.58,5.7189,11.483,2.51,28.0189,38.8994,2.5228,2.8414,2.9835,0.362,1.1348,20198.5,20198.5,10059.5,435884.0,435884.0,
603023.SH,20260820,4.02,1.5383,2.9719,0.84,551.914,,2.9307,11.6029,11.981,,,55811.7,55811.7,28888.2,224363.0,224363.0,
603319.SH,20260820,24.61,5.601,7.3218,1.61,80.353,116.501,3.3893,3.7176,3.6859,0.6095,0.3941,33915.0,33915.0,25944.0,834647.0,834647.0,
300711.SZ,20260820,16.99,2.0779,6.2082,0.54,49.7275,60.6954,3.1001,6.4125,6.2445,1.0459,1.1772,28043.4,24842.6,8314.81,476457.0,422075.0,
600166.SH,20260820,2.97,1.5756,2.8436,1.08,17.2417,16.4485,1.4612,0.3839,0.3779,,,791740.0,791740.0,438691.0,2351470.0,2351470.0,
001215.SZ,20260820,31.66,1.3407,2.2785,0.62,48.3886,47.5227,1.6549,1.6199,1.5296,,,9716.04,9690.16,5701.96,307610.0,306790.0,
688065.SH,20260820,46.29,1.0516,1.9223,1.26,59.5458,53.4401,1.8799,10.1329,9.4734,0.8613,0.9705,72129.0,58337.8,31915.0,3338850.0,2700460.0,
600362.SH,20260820,44.57,2.5181,6.0082,0.88,21.6451,19.303,1.8349,0.2834,0.2694,2.4556,2.2324,346273.0,207525.0,86976.8,15433400.0,9249380.0,
000157.SZ,20260820,7.02,0.5937,0.818,1.02,12.4962,14.0135,1.041,1.1652,1.1468,4.2735,5.698,864854.0,706967.0,513113.0,6071270.0,4962910.0,
301078.SZ,20260820,7.1,1.5349,2.1334,1.12,30.1649,28.4799,2.0857,0.874,0.869,0.9762,1.0477,126457.0,126195.0,90788.6,897847.0,895981.0,
002639.SZ,20260820,11.31,2.2302,2.3698,0.68,241.148,292.128,3.4359,3.4888,3.2728,,,77895.5,65963.4,62077.1,880998.0,746046.0,
688625.SH,20260820,57.24,1.4966,3.5475,0.64,53.8943,50.4681,9.3589,15.2067,14.748,0.8218,0.287,25966.7,25966.7,10954.7,1486330.0,1486330.0,
688376.SH,20260820,67.48,0.9341,1.8109,0.66,75.3696,82.324,4.6612,4.7312,4.4086,0.2945,0.2223,13525.2,13525.2,6976.44,912680.0,912680.0,
002581.SZ,20260820,5.72,6.9788,8.0662,1.21,,,2.092,13.732,13.3185,,,65973.6,40079.1,34676.0,377369.0,229253.0,
301428.SZ,20260820,28.18,2.7989,3.2176,0.34,,,2.3071,2.6263,2.6667,0.3514,,9866.67,6962.75,6056.75,278043.0,196210.0,
002741.SZ,20260820,25.56,7.112,10.284,0.8,115.272,84.3942,6.0365,4.0406,3.0477,,0.3882,46860.2,43002.7,29738.7,1197750.0,1099150.0,
002921.SZ,20260820,21.5,2.9822,3.6682,0.49,,,2.4423,2.7662,2.6307,,,14897.0,12844.3,10442.3,320286.0,276153.0,
603162.SH,20260820,11.82,7.2669,7.2669,0.91,34.9489,18.0251,3.3351,3.6577,2.6584,0.564,0.571,137489.0,42234.7,42234.7,1625120.0,499214.0,
603638.SH,20260820,18.9,0.6296,1.7037,0.64,42.2813,37.5687,4.5697,5.208,4.6321,0.7489,1.011,88069.4,88069.4,32545.7,1664510.0,1664510.0,
605151.SH,20260820,19.27,0.9757,2.9103,0.97,,128.16,1.8831,1.4166,1.3642,0.4152,,13455.4,13455.4,4511.24,259286.0,259286.0,
603066.SH,20260820,9.11,0.9519,1.8356,0.88,80.9312,21.3841,1.7564,2.1341,1.999,0.5708,0.3732,29418.0,29418.0,15255.3,267998.0,267998.0,
601828.SH,20260820,2.18,0.9702,2.3627,0.92,,,0.4209,1.442,1.4568,,,435369.0,361240.0,148333.0,949104.0,787504.0,
603848.SH,20260820,13.66,3.1015,18.1279,3.04,27.0485,25.0676,2.1256,3.5612,3.3943,1.4641,1.4641,40240.7,40240.7,6884.65,549687.0,549687.0,
300211.SZ,20260820,7.57,1.7758,3.1877,1.44,,,5.2923,12.0723,12.4561,,,30393.0,29848.2,16627.8,230075.0,225951.0,
002541.SZ,20260820,20.65,3.7891,5.4467,2.34,22.5753,22.1876,1.4458,0.6457,0.6334,1.7366,1.3507,69001.9,49618.0,34518.2,1424890.0,1024610.0,
002654.SZ,20260820,13.15,6.8267,8.9702,0.93,346.112,388.903,7.1072,1.999,1.9833,,0.1369,84530.3,84524.3,64326.4,1111570.0,1111490.0,
300647.SZ,20260820,5.65,2.2408,2.7207,0.61,,,5.8813,3.6676,2.9889,,,45732.1,45664.2,37610.2,258386.0,258003.0,
002407.SZ,20260820,36.01,13.3037,14.079,0.73,201.459,63.6662,4.9374,4.5438,3.5306,0.5407,0.5393,119043.0,108092.0,102140.0,4286750.0,3892390.0,
300402.SZ,20260820,14.35,1.0796,2.3784,1.15,65.4443,68.9774,2.3327,2.5568,2.6337,0.6272,0.4878,24679.0,24361.8,11058.3,354144.0,349593.0,
300373.SZ,20260820,96.29,4.7097,9.1682,1.45,41.5697,38.1742,5.2797,7.3377,6.8117,0.8496,0.9554,54334.8,54213.8,27849.8,5231900.0,5220250.0,
000681.SZ,20260820,17.01,2.0167,2.7038,0.47,143.529,39.1944,3.1086,15.308,15.3887,0.1409,0.0881,70057.7,67613.5,50431.1,1191680.0,1150110.0,
002806.SZ,20260820,13.74,2.0536,2.1881,0.6,,,2.6171,2.4587,2.5342,,,21247.9,17410.5,16340.5,291946.0,239220.0,
601678.SH,20260820,6.44,3.645,4.1284,0.6,68.8639,56.2651,1.3272,1.0456,1.0359,0.7602,0.7532,240896.0,204334.0,180409.0,1551370.0,1315910.0,
300589.SZ,20260820,12.92,3.9344,4.9061,0.43,,,7.0226,6.944,6.8708,0.0774,,37766.8,23442.9,18799.7,487947.0,302882.0,
000779.SZ,20260820,9.55,16.0759,29.4428,0.69,29.798,29.1624,1.1133,2.1557,2.1335,0.8377,0.4188,46482.9,46477.3,25376.8,443912.0,443858.0,
603258.SH,20260820,12.72,1.1094,2.0187,0.91,,,1.5844,8.0237,8.2813,,,24276.5,24134.1,13263.3,308797.0,306986.0,
600867.SH,20260820,8.5,2.7844,4.7642,1.41,13.6562,13.4614,2.2995,5.6486,5.4701,2.9185,3.5251,195854.0,195854.0,114465.0,1664760.0,1664760.0,
920274.BJ,20260820,15.5,0.9594,3.0128,0.57,68.3869,54.8711,2.544,2.0327,1.882,0.6378,0.9566,8133.33,8133.33,2589.9,126067.0,126067.0,
000989.SZ,20260820,9.52,5.702,8.2913,1.02,36.6059,24.767,2.2155,3.6553,3.1377,3.1157,3.1157,85594.2,73425.0,50495.5,814857.0,699006.0,
600063.SH,20260820,5.86,1.4665,1.7936,0.69,27.9381,26.7986,1.4326,1.5133,1.5241,2.4067,1.7065,206911.0,206911.0,169178.0,1212500.0,1212500.0,
000566.SZ,20260820,5.18,10.765,13.9629,0.99,,,1511.06,8.0853,8.4771,,,129737.0,129674.0,99974.6,672035.0,671709.0,
600499.SH,20260820,13.83,1.3417,2.3377,0.86,20.2649,17.1279,2.0164,1.5253,1.4455,1.4009,2.1692,191786.0,191786.0,110078.0,2652400.0,2652400.0,
603353.SH,20260820,30.2,1.921,5.969,0.56,,,3.2024,1.9929,2.047,1.0078,0.668,17041.8,17041.8,5484.49,514662.0,514662.0,
002513.SZ,20260820,5.36,2.1772,2.7995,1.03,,,50.2173,0.8596,0.8216,,,37559.4,28904.1,22479.6,201318.0,154926.0,
688609.SH,20260820,8.98,2.9709,3.6008,0.59,,,4.7614,1.9618,1.7171,,,52195.3,50000.0,41252.7,468714.0,449000.0,
002922.SZ,20260820,25.3,3.1583,4.2399,0.5,53.3922,47.1149,2.821,2.0311,1.9597,1.0925,1.1777,42258.3,37700.0,28082.7,1069140.0,953810.0,
601068.SH,20260820,4.44,0.4079,3.5283,0.72,51.4816,50.5983,4.2704,0.5751,0.5918,,,298692.0,255959.0,29590.7,1326190.0,1136460.0,
301265.SZ,20260820,19.7,2.7982,4.4471,0.85,99.2372,73.1814,2.8066,6.9193,6.3812,0.2021,0.4987,30297.3,24393.3,15349.1,596857.0,480548.0,
603733.SH,20260820,21.68,1.2968,4.1779,0.92,17.4973,17.248,2.0223,1.4355,1.4153,1.9923,2.8623,81725.3,81725.3,25366.3,1771800.0,1771800.0,
600278.SH,20260820,6.23,0.3894,1.0473,0.93,26.4741,29.3765,0.7087,0.1622,0.1642,1.6824,1.5953,86051.9,86051.9,31992.8,536103.0,536103.0,
688669.SH,20260820,76.71,2.9029,4.7926,0.66,,,8.5662,2.3678,2.5833,,,12133.3,12133.3,7349.33,930748.0,930748.0,
600905.SH,20260820,3.72,0.1922,0.4171,0.83,28.6308,46.083,1.1853,3.7447,3.8366,1.8011,1.1022,2858760.0,2858760.0,1317440.0,10634600.0,10634600.0,
300579.SZ,20260820,21.16,1.414,2.9658,1.2,,,7.2187,6.8115,6.6881,0.1418,,27000.0,26047.3,12418.2,571320.0,551162.0,
002788.SZ,20260820,11.43,3.5752,5.8208,0.73,15.8099,16.4862,1.3403,0.209,0.2072,3.0621,3.0621,38851.7,38185.2,23453.3,444075.0,436457.0,
002011.SZ,20260820,9.9,0.6306,1.1466,0.7,9.8683,10.0686,1.5586,0.8161,0.8139,,1.0101,107448.0,106152.0,58377.1,1063730.0,1050900.0,
600167.SH,20260820,5.63,0.2295,0.7706,0.75,18.5717,21.2124,1.0639,3.9331,4.0775,3.4923,2.6192,226284.0,226284.0,67406.3,1273980.0,1273980.0,
003005.SZ,20260820,13.53,2.0772,2.7866,0.75,364.738,,1.7384,6.5302,6.4083,1.6894,0.5174,23138.9,12697.8,9465.37,313069.0,171802.0,
000826.SZ,20260820,1.92,1.2852,1.6161,0.42,,,,0.5882,0.6064,,,142535.0,142516.0,113337.0,273668.0,273630.0,
603370.SH,20260820,32.9,1.7042,1.7042,0.92,34.8055,38.4932,2.9237,3.6419,3.7828,,0.8663,17495.0,3499.0,3499.0,575586.0,115117.0,
000516.SZ,20260820,4.31,1.4576,2.1175,1.21,,,2.9511,2.3683,2.3845,,,223890.0,220482.0,151775.0,964964.0,950279.0,
301371.SZ,20260820,23.5,10.8533,10.8533,2.36,28.2487,26.6284,2.2083,6.4561,5.5908,4.91,3.4043,52010.4,7797.53,7797.53,1222240.0,183242.0,
300730.SZ,20260820,11.27,1.1571,1.5934,0.45,,,17.0921,11.0813,11.118,,,24113.9,20675.5,15015.0,271764.0,233013.0,
600489.SH,20260820,26.37,2.8007,5.1708,1.7,25.9089,20.3682,3.8974,1.6165,1.4726,1.4714,1.7368,484731.0,484731.0,262550.0,12782400.0,12782400.0,
002579.SZ,20260820,15.29,5.6999,7.9887,0.47,342.247,357.133,3.8984,2.9825,3.0245,,,61261.9,58341.2,41626.1,936694.0,892037.0,
002925.SZ,20260820,22.19,1.4079,3.9974,0.61,29.6731,28.8426,3.314,4.1455,3.884,1.3366,1.0234,77166.9,73104.8,25747.2,1712330.0,1622200.0,
000987.SZ,20260820,7.41,0.3551,1.3433,0.74,10.5635,8.9364,1.1166,7.7175,8.0956,3.496,2.9581,501713.0,501334.0,132542.0,3717700.0,3714890.0,
605018.SH,20260820,12.21,0.6634,2.7035,0.7,60.2644,55.2547,2.0273,2.6631,2.6314,1.2125,1.2235,47006.6,47006.6,11535.5,573950.0,573950.0,
002797.SZ,20260820,6.32,0.7121,0.8006,0.67,31.5651,28.8489,1.5025,7.2055,6.8586,1.1709,1.2975,420240.0,420240.0,373771.0,2655920.0,2655920.0,
688301.SH,20260820,98.95,2.6689,3.5829,1.05,47.7097,43.0061,4.0182,13.7785,10.8621,0.4608,0.6814,31340.9,31340.9,23345.3,3101190.0,3101190.0,
000802.SZ,20260820,4.13,30.9477,39.9118,1.2,,,4.9956,8.901,10.8751,,,71590.0,71554.4,55483.5,295667.0,295520.0,
688577.SH,20260820,41.35,0.618,1.8259,0.72,128.879,99.9893,6.2217,7.3321,6.8112,0.7403,0.691,15579.2,15579.2,5273.19,644198.0,644198.0,
601098.SH,20260820,10.26,0.3499,0.9909,0.84,11.5595,11.4764,1.1134,1.4623,1.4586,5.3606,5.3606,179600.0,179600.0,63411.7,1842700.0,1842700.0,
600962.SH,20260820,25.22,2.0666,3.7281,0.6,161.601,363.96,6.983,3.3331,3.7288,,,26221.0,26221.0,14535.5,661294.0,661294.0,
688778.SH,20260820,45.94,0.9786,2.8226,1.05,30.7161,25.4502,2.4379,1.1663,0.8656,1.1582,1.0859,50469.1,50469.1,17496.8,2318550.0,2318550.0,
002056.SZ,20260820,21.48,1.4972,2.9975,0.78,18.8754,19.6355,3.2943,1.547,1.5197,3.8138,4.4912,162671.0,162502.0,81166.3,3494180.0,3490540.0,
920522.BJ,20260820,19.45,1.3636,1.7767,0.41,64.7511,91.751,3.9218,4.3632,4.0256,0.7869,0.3672,21945.1,18202.4,13969.9,426832.0,354037.0,
002766.SZ,20260820,4.15,2.477,4.7443,0.4,,,3.3454,4.8513,5.776,,,85984.6,85697.8,44744.0,356836.0,355646.0,
001356.SZ,20260820,9.15,3.4568,4.967,0.82,58.9175,75.6257,2.6479,2.6354,2.5639,0.4153,0.3497,58932.0,21169.7,14733.0,539228.0,193702.0,
000935.SZ,20260820,23.26,0.6959,1.588,1.18,59.5341,73.8291,2.2675,14.7304,15.4686,,,76344.0,76344.0,33455.5,1775760.0,1775760.0,
002085.SZ,20260820,10.23,0.801,1.3122,0.71,22.0026,22.7401,2.8439,1.3587,1.368,1.955,1.4663,212330.0,212330.0,129607.0,2172130.0,2172130.0,
603803.SH,20260820,10.29,3.8547,6.8386,0.54,,,2.8453,3.5499,3.4297,,,42488.4,42488.4,23949.2,437205.0,437205.0,
300964.SZ,20260820,56.64,4.4764,7.2072,0.8,190.635,181.494,5.9308,6.9098,6.4332,0.2522,0.2522,10686.0,7841.38,4870.33,605253.0,444136.0,
688296.SH,20260820,26.25,7.4696,11.632,0.99,,,4.9403,9.1715,8.981,,,10739.3,10739.3,6896.36,281907.0,281907.0,
603959.SH,20260820,4.76,1.0732,1.3035,0.4,,,5969.2,3.1484,4.5649,,,49029.9,49029.9,40366.3,233382.0,233382.0,
600522.SH,20260820,32.84,5.6484,7.3054,0.62,38.6182,35.0952,2.9485,2.1349,2.0055,0.9085,0.7909,341295.0,341295.0,263883.0,11208100.0,11208100.0,
002912.SZ,20260820,19.02,1.9252,2.8902,0.86,46.7897,120.45,1.9871,4.3254,4.223,1.0515,2.103,17075.2,16222.2,10805.6,324770.0,308546.0,
002544.SZ,20260820,16.15,1.5794,2.4489,0.8,437.628,440.657,2.9502,2.2497,2.2621,0.0514,0.1146,68053.4,68046.8,43885.9,1099060.0,1098960.0,
000912.SZ,20260820,3.73,1.6611,3.5772,1.24,183.994,,0.922,1.3011,1.4548,,,156800.0,156800.0,72811.5,584864.0,584864.0,
003030.SZ,20260820,21.97,2.9096,4.3583,0.68,108.374,98.3829,2.7284,1.3537,1.3086,0.6795,0.6795,12478.0,8095.89,5404.86,274142.0,177867.0,
301583.SZ,20260820,130.86,21.4849,21.4849,0.62,247.221,253.676,26.6807,33.717,32.6371,,,18547.4,3083.14,3083.14,2427110.0,403460.0,
001212.SZ,20260820,33.69,1.4161,2.1789,0.73,,,3.5259,16.2161,15.9789,0.1876,,20096.0,17384.9,11298.5,677033.0,585696.0,
920689.BJ,20260820,19.91,1.0314,1.1986,0.61,26.5258,25.8073,2.8919,2.4908,2.397,2.009,2.5113,7340.0,3793.06,3263.86,146139.0,75519.9,
300479.SZ,20260820,14.84,4.5726,6.2493,1.33,174.173,65.7216,5.4955,3.2492,3.1659,,,19704.1,19692.8,14409.0,292409.0,292242.0,
300915.SZ,20260820,20.57,1.7518,2.8916,0.84,,,1.685,2.593,2.5139,1.3846,1.9384,12583.9,5753.93,3485.93,258851.0,118358.0,
300160.SZ,20260820,4.34,0.8545,1.3572,1.1,17.3712,22.9105,1.2528,2.0111,2.1388,2.3041,1.7281,77294.6,76216.0,47987.1,335459.0,330777.0,
603598.SH,20260820,17.15,3.6725,7.3118,0.32,270.411,231.88,20.7225,0.5591,0.5438,,,27001.5,26971.5,13546.8,463075.0,462561.0,
000025.SZ,20260820,15.48,4.393,9.5232,1.9,46.7067,47.0197,3.5877,4.5654,5.0798,0.646,0.7106,43105.8,39277.8,18118.7,667278.0,608021.0,
688114.SH,20260820,69.11,1.6624,3.1238,0.54,,,4.0609,10.3559,9.9398,,,41651.6,41563.8,22119.3,2878540.0,2872470.0,
920158.BJ,20260820,8.07,1.7831,1.7831,0.63,29.5943,28.3327,2.8763,5.4674,4.8495,,3.0979,19961.2,5339.52,5339.52,161087.0,43089.9,
603669.SH,20260820,6.05,4.4334,10.3568,1.58,,,7.4185,13.3638,10.5541,,,71233.1,71233.1,30492.2,430960.0,430960.0,
000605.SZ,20260820,5.94,1.3438,2.2831,1.29,245.688,238.789,0.987,1.1179,1.0628,0.3367,0.202,35265.9,35265.9,20757.0,209479.0,209479.0,
605086.SH,20260820,24.24,1.5977,5.8946,2.67,35.8157,37.8845,2.6662,15.0267,16.0969,0.7756,1.118,17920.0,17920.0,4857.17,434381.0,434381.0,
002441.SZ,20260820,7.81,0.9993,1.4708,0.89,22.5801,23.008,0.9362,0.3939,0.3911,6.402,6.402,54454.4,39855.4,27080.6,425289.0,311271.0,
688505.SH,20260820,8.85,3.6454,7.1861,,,,4.2615,13.3766,13.7343,0.339,,103657.0,71057.2,36045.7,917366.0,628856.0,
300710.SZ,20260820,32.27,8.8531,9.2827,3.17,,,7.4083,11.8744,12.3828,,,9949.03,7458.0,7112.83,321055.0,240670.0,
000962.SZ,20260820,51.8,4.6208,7.8356,0.71,105.781,106.671,6.8229,17.7046,16.2425,0.2347,0.3067,52738.5,50302.1,29664.2,2731860.0,2605650.0,
300266.SZ,20260820,1.85,1.0246,1.736,0.69,,,94.1086,3.1703,3.1458,,,155381.0,155304.0,91663.8,287454.0,287313.0,
603092.SH,20260820,47.34,2.3323,2.3323,0.63,22.8869,21.1063,3.3014,3.4936,3.3281,,1.3118,40000.0,3457.17,3457.17,1893600.0,163662.0,
002500.SZ,20260820,5.22,0.4101,0.7985,0.95,20.2707,20.1511,0.9993,5.5922,5.5431,1.9157,2.4904,358977.0,358977.0,184373.0,1873860.0,1873860.0,
688583.SH,20260820,84.4,5.1235,5.1235,0.54,108.925,137.082,8.7742,28.1303,28.1203,0.485,0.2962,12376.0,4312.48,4312.48,1044530.0,363973.0,
301083.SZ,20260820,14.08,1.5259,2.2509,0.7,82.1109,81.8369,2.9866,7.1737,7.0908,0.8523,0.3693,17786.7,8560.99,5803.68,250436.0,120539.0,
002566.SZ,20260820,7.02,4.8138,5.5943,1.3,80.1151,69.8059,1.0336,3.6291,3.522,1.4245,1.1396,33095.2,23179.0,19945.3,232328.0,162717.0,
600348.SH,20260820,8.88,0.6719,1.5106,0.86,18.8103,20.1513,1.1498,1.4938,1.5587,3.4797,2.6689,360750.0,360750.0,160448.0,3203460.0,3203460.0,
688153.SH,20260820,25.82,0.9159,1.8423,0.88,254.643,815.477,2.7938,4.7871,4.8408,,0.2957,43031.3,41816.5,20789.5,1111070.0,1079700.0,
603880.SH,20260820,8.2,7.3014,13.8404,1.06,,,13.7719,3.9469,4.0537,,,28904.2,28904.2,15248.2,237014.0,237014.0,
603626.SH,20260820,16.95,8.9027,12.6434,1.36,,73.6007,4.13,3.002,3.0663,,,55488.0,55488.0,39071.4,940521.0,940521.0,
002877.SZ,20260820,7.35,1.8065,2.0947,1.17,112.537,109.451,2.1556,2.5094,2.4782,0.2721,0.3401,35584.4,24051.5,20742.9,261545.0,176778.0,
000608.SZ,20260820,7.38,2.5497,2.7575,0.47,,,2.6951,16.2042,16.737,,,74991.3,74542.8,68923.5,553436.0,550126.0,
002128.SZ,20260820,26.92,0.2882,0.6515,0.76,15.5312,14.3598,2.1198,2.7948,2.7158,2.1307,3.4623,312648.0,224157.0,99155.1,8416480.0,6034320.0,
688391.SH,20260820,25.49,1.0927,2.1868,0.93,68.7454,77.9011,1.5809,5.4699,5.5368,2.3446,1.1769,11559.4,11559.4,5776.19,294649.0,294649.0,
600668.SH,20260820,7.48,1.4367,1.7134,0.82,7.4982,,0.5637,1.2029,1.2254,1.1141,1.3299,41290.1,41290.1,34622.4,308850.0,308850.0,
000880.SZ,20260820,23.51,4.2733,4.2733,0.46,45.4283,41.3523,5.0531,1.7824,1.5403,0.8811,0.7668,46384.9,22702.7,22702.7,1090510.0,533740.0,
688191.SH,20260820,21.67,2.0714,3.9442,0.69,114.159,114.267,8.2765,6.017,5.9542,1.4196,0.3259,32800.3,32800.3,17225.9,710782.0,710782.0,
000028.SZ,20260820,19.84,0.8776,2.5229,1.28,10.693,11.0887,0.6428,0.1654,0.1665,1.6771,2.8226,61222.2,52585.8,18291.9,1214650.0,1043300.0,
300684.SZ,20260820,90.67,14.8431,17.172,1.23,80.2088,79.4925,12.1735,14.8016,14.4834,0.7133,0.8131,29950.9,20457.5,17683.0,2715650.0,1854880.0,
688425.SH,20260820,4.1,0.2657,0.9587,1.09,14.7451,17.4626,1.1727,2.1769,2.306,2.0732,2.0488,533350.0,533350.0,147796.0,2186730.0,2186730.0,
002971.SZ,20260820,42.37,8.4614,11.2368,0.57,147.921,167.818,4.9376,5.363,5.2451,0.4734,0.118,21062.5,16100.5,12123.7,892418.0,682176.0,
300981.SZ,20260820,15.4,5.5818,18.3365,1.32,,,1.2561,2.783,2.8153,1.4709,2.2651,42886.5,39299.7,11963.2,660452.0,605216.0,
000415.SZ,20260820,4.61,0.8922,1.2408,1.04,,,0.9549,0.5387,0.637,,,618452.0,539291.0,387787.0,2851060.0,2486130.0,
688008.SH,20260820,199.11,2.3416,2.3416,0.59,108.707,95.0186,11.6581,44.5394,42.6741,0.2939,0.2935,122054.0,114476.0,114476.0,24302100.0,22793400.0,
000409.SZ,20260820,8.52,0.611,0.9713,0.82,70.0647,81.668,3.5168,3.7807,3.9749,,,67766.3,59047.4,37142.6,577369.0,503084.0,
300004.SZ,20260820,8.78,11.7997,15.8842,1.16,135.936,441.34,2.3781,7.4223,8.1297,,,47999.4,47999.4,35656.7,421434.0,421434.0,
601882.SH,20260820,20.48,1.4483,5.4318,0.58,24.9204,24.2183,3.4935,3.1742,3.105,1.7578,1.4648,52200.0,52200.0,13918.7,1069060.0,1069060.0,
300790.SZ,20260820,19.71,5.8239,5.9531,0.63,41.6689,40.3755,3.7769,3.0329,2.8603,0.5429,0.5436,52036.6,45694.3,44703.1,1025640.0,900635.0,
688776.SH,20260820,46.74,1.2485,2.9597,0.78,,,2.967,18.3249,22.7598,0.3958,,10838.3,10838.3,4571.76,506584.0,506584.0,
002801.SZ,20260820,27.01,0.8916,1.5145,0.6,17.0199,15.9326,3.0769,4.2051,4.0059,1.8347,1.8347,22963.2,11580.3,6817.2,620236.0,312783.0,
600547.SH,20260820,35.4,4.8569,10.727,2.02,34.433,31.6334,5.099,1.5648,1.4719,0.9115,1.0019,460993.0,361444.0,163654.0,16319200.0,12795100.0,
688212.SH,20260820,28.82,3.1515,4.389,0.83,338.9,,3.1736,5.0152,4.8938,0.2724,,13466.5,13466.5,9669.53,388105.0,388105.0,
600533.SH,20260820,2.17,1.3388,2.3525,1.2,,,1.7183,0.4621,0.4487,,,105000.0,105000.0,59755.6,227850.0,227850.0,
001205.SZ,20260820,14.41,2.0267,2.5138,0.81,24.9405,21.3304,1.2483,1.8777,1.7683,0.8214,1.0268,18800.4,16648.4,13422.7,270913.0,239904.0,
300506.SZ,20260820,5.23,4.0888,4.0888,0.59,,,5.456,41.4631,45.3207,,,142560.0,73469.6,73469.6,745587.0,384246.0,
002965.SZ,20260820,30.13,7.2505,7.6146,0.91,51.5911,153.717,1.8853,1.0087,0.9742,1.3659,0.6638,26538.0,19041.6,18131.1,799591.0,573722.0,
002557.SZ,20260820,18.82,0.9982,1.7421,0.73,29.8958,23.2507,1.7455,1.4482,1.3177,6.7901,5.2149,50585.5,50426.9,28894.5,952020.0,949034.0,
300046.SZ,20260820,24.62,5.9758,8.1106,1.73,118.617,127.55,5.0664,16.2382,15.5037,0.589,0.6093,23653.1,23653.1,17427.3,582340.0,582340.0,
300841.SZ,20260820,60.31,6.9627,10.2233,1.57,35.6397,31.7901,2.1688,6.7271,6.4268,1.6581,0.829,12994.7,12157.5,8280.09,783710.0,733221.0,
002322.SZ,20260820,11.79,4.4915,6.555,0.56,20.0661,19.127,1.5267,3.9667,3.9215,5.4141,4.9733,36552.8,35138.1,24076.4,430957.0,414278.0,
603859.SH,20260820,38.08,1.7777,2.427,0.63,44.9654,44.9481,3.2071,6.653,6.668,0.0482,0.217,26639.9,24469.8,17923.4,1014450.0,931809.0,
002558.SZ,20260820,26.41,2.5028,4.1015,0.62,28.6084,20.1821,3.0764,9.9445,7.5456,1.0922,1.2817,190056.0,190055.0,115972.0,5019380.0,5019360.0,
688550.SH,20260820,38.97,2.4109,4.0705,0.65,22.185,22.3278,2.0532,4.0933,4.0102,1.4799,2.2803,17606.8,17606.8,10428.5,686137.0,686137.0,
688836.SH,20260820,687.0,41.9755,41.9755,,998.765,475.608,96.4821,163.521,133.861,,,40446.4,3008.77,3008.77,27786700.0,2067020.0,
920976.BJ,20260820,16.8,0.9747,1.3165,0.48,17.7052,18.3523,4.0807,3.944,3.8855,4.1667,3.5463,7095.34,4411.96,3266.48,119202.0,74120.9,
601155.SH,20260820,11.31,1.6702,5.0923,1.34,37.5104,37.116,0.4121,0.4812,0.5043,,,225562.0,225562.0,73982.3,2551110.0,2551110.0,
002977.SZ,20260820,20.24,1.2406,1.6907,0.87,,,2.8585,-14.1827,-11.5613,0.8893,,12012.0,6664.72,4890.22,243123.0,134894.0,
601156.SH,20260820,18.36,0.6569,0.9046,0.55,10.8434,10.7119,1.4418,1.2012,1.1523,1.5686,3.6874,158756.0,94459.6,68592.1,2914750.0,1734280.0,
000921.SZ,20260820,25.63,0.6438,1.5681,0.49,11.1386,12.8229,2.0332,0.4037,0.4158,4.7952,4.9316,138486.0,92376.3,37928.8,3549400.0,2367600.0,
002184.SZ,20260820,10.07,3.0764,3.6014,1.47,,,2.7871,1.3991,1.5467,,,35190.8,24037.0,20532.5,354372.0,242053.0,
600749.SH,20260820,13.75,2.7253,4.961,1.31,134.089,251.715,3.0003,16.6871,16.7879,,,22696.6,22696.6,12468.2,312078.0,312078.0,
300086.SZ,20260820,6.89,5.4293,7.6662,1.09,,,3.5316,6.7274,6.9641,,,45512.4,44067.5,31208.9,313581.0,303625.0,
603716.SH,20260820,17.3,9.1458,10.6164,1.25,,,3.8669,3.6271,4.0215,,,22579.1,22579.1,19451.4,390618.0,390618.0,
688085.SH,20260820,13.57,1.4031,2.0689,1.34,78.884,86.8192,2.3477,9.1703,9.0514,0.0234,0.1286,36680.9,35061.6,23777.8,497760.0,475785.0,
002049.SZ,20260820,62.81,1.9568,2.6515,0.58,36.8538,34.3273,3.7409,8.6178,8.0959,0.3343,0.4917,84323.4,84312.0,62221.9,5296350.0,5295640.0,
600389.SH,20260820,18.46,2.8397,3.9975,0.93,14.9264,14.2022,1.9021,1.3668,1.3217,2.9794,2.9794,43065.0,43065.0,30592.2,794980.0,794980.0,
600654.SH,20260820,2.85,1.5924,1.9118,0.63,153.123,111.471,4.8117,2.6417,2.7254,,,284541.0,231743.0,193024.0,810942.0,660468.0,
600536.SH,20260820,35.95,7.9753,12.5484,1.92,,,9.5493,6.5794,6.4916,,,93378.7,84365.6,53619.8,3356960.0,3032940.0,
601111.SH,20260820,5.85,0.3705,1.1532,0.89,,60.3117,2.7253,0.6991,0.6812,,,2049260.0,1163810.0,373886.0,11988100.0,6808290.0,
001914.SZ,20260820,8.89,0.9775,2.6328,1.35,14.3108,14.015,0.8549,0.486,0.4785,2.7141,2.9246,105372.0,105372.0,39123.8,936757.0,936754.0,
688162.SH,20260820,23.07,0.745,1.4694,0.99,39.0676,42.0478,1.3075,0.7296,0.7228,,0.8621,13710.1,13710.1,6951.08,316292.0,316292.0,
300709.SZ,20260820,40.21,10.6728,12.1231,1.33,146.244,393.056,3.4816,2.5787,2.4907,0.2727,0.124,18664.4,14984.4,13191.7,750495.0,602523.0,
603179.SH,20260820,35.05,3.0713,4.7535,0.89,30.7123,31.017,3.2922,1.6125,1.5568,0.584,0.6114,71419.9,71419.9,46145.5,2503270.0,2503270.0,
300130.SZ,20260820,17.96,2.1462,2.4909,0.76,21.7331,24.3133,2.2554,3.2041,3.0456,2.7839,3.3407,56730.5,43416.8,37409.1,1018880.0,779765.0,
920299.BJ,20260820,14.71,1.8704,2.661,0.46,53.2265,56.4263,4.5305,10.5596,10.3676,0.7478,1.1285,9010.93,4541.48,3192.27,132551.0,66805.1,
002597.SZ,20260820,19.99,0.7196,1.2886,0.75,32.7341,56.5053,1.4369,2.3133,2.2167,3.9969,0.9896,56832.0,56724.7,31676.0,1136070.0,1133930.0,
688082.SH,20260820,295.0,1.4775,5.6645,0.9,101.987,84.2848,9.7467,20.9788,19.6666,0.2025,0.21,48259.7,47741.3,12452.2,14236600.0,14083700.0,
601008.SH,20260820,4.41,3.4022,8.2773,2.68,32.0673,30.6265,1.2939,2.1284,2.1164,1.3605,1.3605,124064.0,124064.0,50993.4,547121.0,547121.0,
605003.SH,20260820,22.19,1.9103,7.1681,1.53,33.6682,35.8051,1.7037,4.5106,4.3538,1.8477,2.2533,11000.0,11000.0,2931.54,244090.0,244090.0,
600722.SH,20260820,13.24,21.6579,49.2692,1.11,187.937,189.372,7.1409,19.1741,19.861,,,68032.0,68032.0,29905.7,900743.0,900743.0,
002082.SZ,20260820,9.97,1.6184,3.0336,0.68,,,2.335,5.4582,5.184,,,61168.9,56784.8,30293.9,609854.0,566144.0,
300206.SZ,20260820,12.21,1.9026,2.4958,1.32,23.1571,20.4796,3.0817,3.5409,3.3787,1.6953,2.5471,57966.3,33838.0,25795.2,707769.0,413162.0,
301314.SZ,20260820,42.71,3.4482,3.8742,0.69,124.089,133.708,2.2401,11.818,11.4239,0.4683,0.5619,5525.0,1825.74,1625.0,235973.0,77977.4,
000948.SZ,20260820,13.74,2.1361,3.3181,0.63,146.292,124.946,1.9775,0.5355,0.5555,0.6613,0.2183,38988.9,38914.9,25051.9,535707.0,534691.0,
002857.SZ,20260820,18.6,4.159,6.0726,0.98,,,5.3865,6.7023,7.591,0.0787,,13063.4,12858.5,8806.55,242979.0,239168.0,
603201.SH,20260820,15.24,1.623,5.1244,0.74,13.4215,14.7246,1.6188,0.9483,0.9461,2.6166,2.2769,18998.0,18835.5,5965.43,289529.0,287053.0,
300622.SZ,20260820,14.73,3.4496,4.0697,1.04,31.6192,29.6767,4.9623,3.454,3.3867,0.4104,1.3093,31899.6,21808.2,18484.8,469881.0,321234.0,
300762.SZ,20260820,28.7,6.7387,7.7243,1.59,,,8.2123,37.1413,44.3758,,,65035.5,62796.6,54784.0,1866520.0,1802260.0,
000010.SZ,20260820,1.48,2.0937,2.4732,1.18,,,5.781,2.6828,2.6326,,,114965.0,91762.2,77682.2,170149.0,135808.0,
002574.SZ,20260820,4.66,1.2287,2.6773,1.16,,,0.9054,0.7501,0.754,,,52800.0,52800.0,24232.1,246048.0,246048.0,
002726.SZ,20260820,2.95,10.3585,13.96,1.27,,,7.6841,0.4008,0.4214,,,136113.0,136032.0,100937.0,401535.0,401293.0,
688313.SH,20260820,164.0,7.0003,10.9552,1.26,199.14,157.592,43.1728,34.8151,28.1634,0.0366,0.1829,45198.6,45198.6,28881.5,7412580.0,7412580.0,
603556.SH,20260820,26.43,4.0873,12.5236,1.13,17.6273,19.3454,1.8876,2.6951,2.4521,2.6281,2.9963,48626.4,48626.4,15870.1,1285200.0,1285200.0,
920857.BJ,20260820,21.49,2.3237,7.7539,0.82,,,4.6658,4.0326,4.1293,0.4653,,7400.72,7400.72,2217.83,159041.0,159041.0,
688576.SH,20260820,42.38,1.4589,1.4655,1.29,55.2269,60.0715,1.651,8.3825,8.2391,1.5764,0.7882,6764.32,3231.85,3217.3,286672.0,136966.0,
603578.SH,20260820,13.75,3.1493,7.2583,1.49,,,2.2708,2.0919,2.0222,,,23406.1,18035.7,7825.5,321833.0,247991.0,
002783.SZ,20260820,7.83,1.8113,2.2827,0.68,27.4521,33.684,1.4687,1.1032,1.1185,1.2772,1.2771,49931.7,46111.7,36588.6,390966.0,361054.0,
300472.SZ,20260820,6.62,0.8318,0.9075,0.8,,,79.242,14.7036,11.7674,,,27525.9,24594.5,22541.5,182221.0,162816.0,
688631.SH,20260820,40.16,0.7117,2.2913,1.04,118.798,114.299,3.4482,5.1549,5.2323,0.996,0.4233,16347.0,16347.0,5077.41,656496.0,656496.0,
601965.SH,20260820,14.2,0.7072,1.8902,1.24,13.4612,13.5593,1.7789,2.8666,2.9128,3.1,2.3947,100265.0,99840.6,37357.3,1423760.0,1417740.0,
300656.SZ,20260820,27.13,4.5394,5.8671,0.86,,,5.9382,15.3141,14.3342,,,17112.5,13495.1,10441.2,464262.0,366121.0,
300354.SZ,20260820,29.05,2.4461,3.1468,0.84,29.3466,29.7004,4.536,7.5677,7.6169,0.608,0.6885,13832.0,8130.9,6320.35,401820.0,236203.0,
300118.SZ,20260820,9.73,2.6165,2.8327,0.76,,,1.3373,0.8814,0.9021,,,114001.0,92682.0,85607.0,1109230.0,901796.0,
688030.SH,20260820,16.5,1.1638,1.8037,0.54,,,4.3703,3.263,3.1833,,,18023.6,18023.6,11629.9,297389.0,297389.0,
600218.SH,20260820,7.57,0.778,1.1845,0.8,51.1546,50.1128,1.0081,0.7498,0.7491,0.7926,0.6605,43560.0,43560.0,28611.6,329749.0,329749.0,
300069.SZ,20260820,30.71,26.9263,47.4188,3.44,,,13.17,16.3098,15.0776,,,11700.0,11700.0,6643.75,359307.0,359307.0,
600078.SH,20260820,10.67,2.949,5.0668,0.75,855.984,67.4337,4.0296,2.0165,1.8322,,,67966.3,66257.3,38563.8,725200.0,706965.0,
001211.SZ,20260820,23.87,5.6282,9.7144,1.01,974.797,,2.7649,1.4955,1.4228,0.6284,,10000.0,9334.01,5407.87,238700.0,222803.0,
002882.SZ,20260820,21.02,2.0062,4.3153,0.52,85.047,117.471,4.2861,1.9566,1.9676,1.4272,0.4757,43290.0,24678.3,11472.9,909956.0,518737.0,
688695.SH,20260820,19.4,2.5081,3.1285,1.19,,,2.167,11.107,11.4133,0.7216,,8505.14,5339.55,4280.73,165000.0,103587.0,
688285.SH,20260820,7.69,0.4937,1.9741,0.88,56.2298,49.1763,1.6998,2.45,2.2701,0.2601,0.2731,37629.0,37629.0,9410.0,289367.0,289367.0,
300083.SZ,20260820,13.41,5.7576,6.088,1.01,155.849,190.58,4.2041,4.1963,4.0979,,,166486.0,149212.0,141114.0,2232580.0,2000940.0,
300075.SZ,20260820,10.76,2.041,2.1721,0.43,,,2.1087,11.1068,10.933,,,62113.0,51543.8,48432.2,668336.0,554612.0,
603869.SH,20260820,8.9,0.1814,0.5077,0.96,117.713,125.161,1.1603,6.3878,6.5124,0.1433,0.2693,48862.2,48862.2,17458.1,434874.0,434874.0,
000639.SZ,20260820,1.87,10.3912,12.9923,1.66,,,1.2224,0.4455,0.4447,,,107943.0,107943.0,86332.3,201853.0,201853.0,
600758.SH,20260820,3.35,7.4271,12.2309,1.46,,,0.83,0.9443,1.0341,0.9552,,132202.0,132074.0,80201.4,442876.0,442449.0,
688075.SH,20260820,30.29,0.9654,3.7211,1.9,55.449,153.779,0.7474,8.5303,9.4542,2.6411,2.6272,12708.3,12708.3,3297.08,384934.0,384934.0,
688545.SH,20260820,82.16,7.1738,8.1282,0.78,143.013,131.154,9.9587,20.0529,16.7206,0.2434,0.3651,36000.0,18225.0,16085.0,2957760.0,1497370.0,
600880.SH,20260820,3.85,1.1517,1.7884,0.74,,,1.4021,10.1446,11.8755,0.2597,,109333.0,109303.0,70389.8,420933.0,420817.0,
600373.SH,20260820,7.05,0.7257,1.6522,0.9,33.9584,44.5813,0.5309,1.2247,1.2723,5.8745,2.8369,134736.0,134736.0,59181.8,949888.0,949888.0,
601595.SH,20260820,16.42,0.9441,3.0668,0.67,65.1873,121.382,4.3495,8.0138,8.6977,0.2923,0.2923,44820.0,44820.0,13797.2,735944.0,735944.0,
688590.SH,20260820,12.58,1.2852,1.7594,0.56,,,2.6375,1.8684,1.8639,0.2315,0.2315,31286.5,28151.7,20564.0,393584.0,354149.0,
000830.SZ,20260820,11.88,1.7147,3.3575,1.01,24.951,24.2803,1.1668,0.7763,0.781,2.9552,1.6835,190432.0,190418.0,97247.0,2262330.0,2262160.0,
000166.SZ,20260820,4.43,0.2142,0.5199,0.93,11.6676,11.2207,0.9677,4.5732,4.4589,1.8284,2.4831,2503990.0,2253550.0,928438.0,11092700.0,9983230.0,
603389.SH,20260820,46.23,1.2892,3.2609,1.12,,,60.5791,21.8587,18.8116,,,26275.2,26275.2,10387.7,1214700.0,1214700.0,
000509.SZ,20260820,3.29,1.4202,2.3492,0.65,,,29.1998,4.6739,4.9389,,,107313.0,107312.0,64874.1,353059.0,353058.0,
300880.SZ,20260820,19.39,0.993,2.2043,0.67,46.9249,49.8387,3.5267,5.9356,5.8274,2.3208,0.7736,19513.7,19511.6,8789.57,378371.0,378331.0,
605318.SH,20260820,75.05,1.1035,3.7784,0.82,,30485.3,14.7565,18.0137,18.2131,0.3997,,12572.9,12572.9,3671.9,943596.0,943596.0,
000796.SZ,20260820,3.85,2.4924,3.1895,1.34,220.511,174.692,6.7978,7.7244,7.2234,,,160379.0,133076.0,103992.0,617459.0,512343.0,
603968.SH,20260820,10.42,0.9474,1.8341,0.97,,,1.217,0.8099,0.8237,,,20448.0,20448.0,10562.3,213068.0,213068.0,
301598.SZ,20260820,47.89,2.5929,2.5929,1.11,23.384,22.7095,2.8024,5.0132,5.0199,4.1762,3.5498,5889.72,1754.77,1754.77,282059.0,84035.9,
600998.SH,20260820,5.04,0.8852,1.9959,1.29,11.2708,12.5926,0.9238,0.1575,0.1548,3.9242,3.9242,504247.0,504247.0,223635.0,2541400.0,2541400.0,
600846.SH,20260820,11.96,0.4177,0.9585,0.52,27.4269,30.8349,1.7201,1.6823,1.6392,1.6604,1.1037,62476.2,62476.2,27225.1,747215.0,747215.0,
002047.SZ,20260820,3.14,3.7683,5.702,0.44,80.4116,71.9026,116.968,7.2287,7.173,,,151625.0,151616.0,100199.0,476102.0,476074.0,
300167.SZ,20260820,4.23,1.7898,1.9444,0.47,,,29.411,3.298,3.3785,,,41632.9,35408.5,32592.8,176107.0,149778.0,
300899.SZ,20260820,29.15,1.5618,2.0177,1.08,68.2681,,2.9736,8.9311,12.699,1.3379,2.024,6378.35,4093.61,3168.6,185929.0,119329.0,
603809.SH,20260820,8.86,0.7804,1.1472,0.62,29.4207,28.9988,2.1919,3.0318,2.7815,1.5728,1.693,92028.9,92028.9,62602.1,815376.0,815376.0,
001230.SZ,20260820,21.62,5.1871,7.5533,0.62,23.9837,23.4874,2.0104,2.4307,2.2979,1.4081,1.6191,18777.6,10997.9,7552.53,405973.0,237774.0,
000888.SZ,20260820,9.86,2.6724,4.4243,2.38,23.6124,23.5791,1.9067,5.5655,5.5986,3.3469,2.3327,52691.3,52691.3,31826.7,519536.0,519536.0,
603508.SH,20260820,21.42,0.8643,1.9743,0.93,14.6848,14.3215,1.9815,5.3743,5.2382,15.3514,12.2526,38127.4,38127.4,16692.4,816690.0,816690.0,
300017.SZ,20260820,15.86,9.7033,10.8437,0.74,49.5062,51.0782,3.8101,8.4925,8.552,1.5437,1.5763,249568.0,236647.0,211760.0,3958160.0,3753220.0,
688800.SH,20260820,61.05,5.3055,8.8551,0.96,58.8697,62.3521,7.3395,5.5873,5.6046,0.3131,0.3489,28838.7,28838.7,17278.4,1760600.0,1760600.0,
688788.SH,20260820,30.46,3.0698,7.0636,2.16,,,4.0321,23.3794,29.2287,,,21890.4,21890.4,9513.61,666782.0,666782.0,
600720.SH,20260820,5.23,1.7942,2.4201,2.55,8.2475,8.377,0.7504,1.0851,1.0839,4.3786,2.4245,229460.0,100905.0,74806.5,1200070.0,527733.0,
300713.SZ,20260820,13.08,1.7925,2.6259,0.8,,,4.6853,5.1641,5.4928,,,15884.1,8940.73,6103.02,207764.0,116945.0,
300358.SZ,20260820,9.25,10.3033,15.1536,3.03,25.9753,19.9828,1.1875,1.1477,1.1426,,0.7568,71509.3,70486.4,47925.2,661461.0,651999.0,
300955.SZ,20260820,30.89,0.9927,2.3387,0.59,,,3.5965,2.7365,2.5507,0.9064,,10080.0,10080.0,4278.58,311371.0,311371.0,
603376.SH,20260820,28.4,13.3443,13.3443,2.03,45.8333,56.6012,6.4807,3.6569,3.7166,,0.5282,40000.1,3200.08,3200.08,1136000.0,90882.3,
002853.SZ,20260820,20.7,0.5946,0.8777,0.46,,,4.2565,6.6818,7.2386,,,18291.6,12870.5,8719.22,378636.0,266419.0,
920970.BJ,20260820,6.31,6.292,8.106,0.8,,,2.841,4.1745,4.0708,,,11080.1,7007.13,5438.98,69915.3,44215.0,
003042.SZ,20260820,14.46,14.2788,27.104,2.97,,,1.6838,1.107,1.0384,,,14248.0,12330.1,6495.7,206026.0,178293.0,
000949.SZ,20260820,6.64,3.5625,5.7194,1.35,55.564,38.4209,1.6158,1.4003,1.3428,,0.3012,165690.0,165650.0,103181.0,1100180.0,1099920.0,
600233.SH,20260820,17.5,1.5022,3.0042,3.03,13.8629,10.574,1.6131,0.796,0.7654,2.0549,1.4281,342402.0,342402.0,171216.0,5992030.0,5992030.0,
920036.BJ,20260820,28.55,2.8108,2.8108,0.56,19.632,20.8516,2.6162,1.9381,1.9145,,0.7005,5442.18,1306.13,1306.13,155374.0,37289.9,
603308.SH,20260820,44.56,2.9664,4.4741,1.18,88.7588,82.1338,6.0867,10.6019,9.8395,0.1536,0.3511,69445.7,69445.7,46043.4,3094500.0,3094500.0,
920124.BJ,20260820,12.63,0.8269,0.9158,0.54,18.9311,21.0742,1.7393,1.7165,1.7246,,1.1876,14873.3,7658.14,6914.47,187850.0,96722.3,
603091.SH,20260820,49.54,2.2127,2.2127,1.0,26.6344,24.633,3.1058,4.7096,4.571,1.3842,1.3842,14313.4,4401.83,4401.83,709087.0,218067.0,
600425.SH,20260820,3.59,0.7901,1.2971,0.92,20.8438,19.806,0.8964,1.4836,1.5623,2.7855,2.7855,160470.0,160470.0,97742.2,576089.0,576089.0,
920407.BJ,20260820,11.1,1.7332,2.7881,0.63,65.802,64.6185,4.4552,4.5423,4.2155,0.5331,0.693,11099.9,4518.92,2809.15,123209.0,50160.0,
920662.BJ,20260820,18.3,5.4171,5.7983,0.58,80.7818,98.1683,3.4611,4.1461,4.069,0.9399,0.6557,8755.0,2700.61,2523.07,160216.0,49421.1,
002622.SZ,20260820,2.56,3.6538,4.7956,0.92,,,8.0406,3.0593,3.0952,,,84000.0,83997.5,63997.5,215040.0,215034.0,
600812.SH,20260820,5.14,1.7134,3.8078,1.0,48.1757,54.7628,1.589,0.9543,0.9998,0.5837,0.6809,171573.0,171573.0,77203.2,881885.0,881885.0,
000758.SZ,20260820,5.95,1.4981,2.3236,1.06,24.896,24.2724,1.8991,1.1698,1.0978,0.7743,0.9247,198975.0,198275.0,127828.0,1183900.0,1179740.0,
001202.SZ,20260820,13.62,1.5996,3.2936,0.87,31.3239,30.9117,2.6445,1.2018,1.0987,,,16669.1,11682.4,5673.97,227033.0,159114.0,
600868.SH,20260820,2.71,1.9859,2.1386,0.33,,,2.6588,13.924,12.7372,,,189815.0,189815.0,176265.0,514398.0,514398.0,
300660.SZ,20260820,24.37,1.305,3.5416,0.75,47.3852,52.2596,3.9565,3.3892,3.2821,1.1949,1.1048,58127.8,58092.8,21405.4,1416570.0,1415720.0,
603928.SH,20260820,12.5,3.9473,11.5981,0.77,41.9428,35.3919,2.6379,2.6697,2.5864,0.9846,1.2308,34070.4,34070.4,11595.4,425880.0,425880.0,
603825.SH,20260820,7.98,0.5273,0.8349,0.64,,,64.9067,1.453,1.2727,,,25333.7,25333.7,16001.1,202163.0,202163.0,
000050.SZ,20260820,6.53,0.8664,1.5443,0.84,95.0293,,0.5877,0.4391,0.4462,,,243578.0,243576.0,136644.0,1590560.0,1590550.0,
002495.SZ,20260820,2.4,2.5237,3.0458,0.88,114.717,114.06,2.028,9.0548,8.8957,0.3269,0.4048,93562.6,69391.8,57496.9,224550.0,166540.0,
688696.SH,20260820,70.51,0.7891,1.0269,0.85,34.4178,37.6658,1.6496,1.4238,1.431,,1.6204,7002.0,7002.0,5380.79,493711.0,493711.0,
301016.SZ,20260820,11.83,0.948,2.9867,0.96,51.186,51.979,3.5137,9.4119,9.4986,2.5822,0.9038,30640.9,29382.4,9326.17,362482.0,347594.0,
300199.SZ,20260820,24.1,8.3729,8.9146,1.16,582.067,225.213,28.7047,22.0273,22.2768,,,88324.1,74516.7,69988.8,2128610.0,1795850.0,
002682.SZ,20260820,4.55,7.4673,10.5328,0.43,,,4.856,1.0702,1.2045,,,56236.9,56236.9,39869.6,255878.0,255878.0,
300397.SZ,20260820,11.08,3.6731,3.9981,0.49,,,4.0022,11.4759,9.2543,,,51763.7,40462.0,37173.3,573541.0,448319.0,
300629.SZ,20260820,16.66,1.9135,2.1464,0.65,51.4041,37.7926,2.3612,10.6857,9.5953,0.597,0.597,25142.3,21678.9,19326.7,418871.0,361170.0,
000506.SZ,20260820,19.45,14.1664,21.1442,1.28,113.746,52.9954,20.0339,34.2935,26.0445,,,92901.8,92870.7,62222.4,1806940.0,1806340.0,
600101.SH,20260820,7.85,0.8478,1.2364,0.44,23.3544,23.3391,1.3615,1.4235,1.398,1.5287,1.4013,54786.2,54786.2,37570.3,430072.0,430072.0,
600642.SH,20260820,8.49,0.3485,1.0033,0.68,10.353,10.9617,1.0903,1.4824,1.5104,5.3004,5.4181,489408.0,489381.0,170007.0,4155070.0,4154850.0,
920108.BJ,20260820,9.12,0.4862,0.5968,0.58,85.3367,65.2547,3.275,3.0623,2.7228,0.838,0.1206,17220.0,7296.77,5944.89,157046.0,66546.5,
920211.BJ,20260820,111.5,5.9137,9.2981,0.74,64.9571,64.9571,14.7717,12.0469,12.0469,,,3440.0,1159.67,737.557,383560.0,129303.0,
300062.SZ,20260820,6.22,3.4069,3.9287,0.48,,,2.5423,3.3862,3.3169,,,62993.7,45835.8,39748.0,391821.0,285099.0,
002351.SZ,20260820,10.08,3.0496,3.8906,2.28,20.7943,20.2731,2.99,3.2041,3.3043,2.4802,1.9727,88910.7,52744.2,41342.4,896220.0,531661.0,
300895.SZ,20260820,54.73,5.8719,11.9685,0.6,,,10.3042,29.6211,28.9293,,,14080.1,13817.2,6778.9,770602.0,756217.0,
003037.SZ,20260820,5.66,0.5406,1.6372,1.15,71.567,97.731,1.2141,0.5537,0.5616,0.8793,0.8793,59907.5,59907.5,19782.5,339076.0,339076.0,
920099.BJ,20260820,17.63,0.7069,0.8475,0.49,15.5312,21.1881,1.8179,2.8547,3.232,0.9454,0.9454,9408.0,5893.34,4915.87,165863.0,103900.0,
601288.SH,20260820,6.81,0.1601,1.7862,1.16,8.1892,8.0986,0.8432,3.286,3.1997,5.3069,3.6638,34998300.0,31924400.0,2862110.0,238338000.0,217405000.0,
601222.SH,20260820,5.46,0.5751,0.9543,0.84,45.6288,61.6244,0.7356,2.2859,2.1197,6.5201,1.6117,204122.0,204122.0,123021.0,1114510.0,1114510.0,
300715.SZ,20260820,14.06,2.1767,3.5171,0.73,260.603,188.023,3.0283,2.2054,2.154,,,37805.5,31295.9,19368.6,531546.0,440020.0,
600773.SH,20260820,10.67,1.7054,2.898,0.87,,,2.3951,11.0522,22.6223,0.0937,,95158.7,95158.7,55996.9,1015340.0,1015340.0,
600397.SH,20260820,16.49,9.3302,15.382,0.73,,,84.5565,6.3392,9.3399,,,98996.0,98996.0,60047.4,1632440.0,1632440.0,
301439.SZ,20260820,14.87,3.0722,5.0553,0.5,28.8121,27.4424,1.9414,1.4583,1.3196,1.345,1.345,38910.2,18324.5,11136.0,578594.0,272486.0,
920304.BJ,20260820,9.28,2.4749,4.308,1.48,26.9366,32.7749,2.9774,2.1671,1.8616,2.063,1.6164,16953.8,13543.0,7780.47,157331.0,125679.0,
600698.SH,20260820,6.64,1.5484,2.9739,0.52,,,9.6033,13.7523,12.5072,,,106864.0,83045.2,43238.4,709575.0,551420.0,
301013.SZ,20260820,41.0,10.8709,11.9647,0.56,,,14.3189,20.3879,17.5708,0.122,,23374.3,18924.2,17194.2,958346.0,775891.0,
301588.SZ,20260820,27.61,9.8881,12.2917,1.24,107.322,130.242,3.4646,3.7067,3.5532,0.5071,0.1883,11886.8,7335.92,5901.39,328194.0,202545.0,
300953.SZ,20260820,99.51,2.8246,3.7702,0.57,47.2467,33.572,5.1207,2.4891,2.2208,0.1057,0.2136,24353.9,17505.0,13114.6,2423450.0,1741920.0,
603098.SH,20260820,10.18,0.7181,1.8436,0.69,53.2807,60.6838,1.9219,1.8274,1.9432,0.4913,0.9826,53952.0,53880.0,20986.2,549231.0,548498.0,
603903.SH,20260820,14.55,5.1077,8.3373,0.89,,,2.5995,3.624,3.6789,,,25531.9,25531.9,15641.7,371490.0,371490.0,
002029.SZ,20260820,8.75,3.8149,6.4574,1.13,18.5447,26.4797,0.9082,2.0539,2.026,1.0925,1.0925,70502.4,66540.6,39311.3,616896.0,582230.0,
002709.SZ,20260820,37.08,3.3444,3.7822,0.88,55.5025,26.3682,3.9614,4.54,3.811,0.2521,0.9397,203856.0,150901.0,133434.0,7558990.0,5595410.0,
300717.SZ,20260820,18.22,1.8578,3.9413,0.87,34.0215,36.3224,2.5275,5.2052,5.1353,1.0977,1.0977,10277.5,10185.3,4800.96,187256.0,185577.0,
601766.SH,20260820,6.19,0.936,2.3388,1.84,13.4774,12.7565,1.0066,0.6506,0.6233,5.1696,3.7157,2869890.0,2432780.0,973549.0,17764600.0,15058900.0,
301203.SZ,20260820,34.08,1.3578,1.5731,0.75,23.941,25.7485,1.9535,9.081,8.2421,4.4014,2.3474,8000.0,4384.25,3784.25,272640.0,149415.0,
603977.SH,20260820,11.56,0.8279,1.6105,0.67,28.4729,28.8334,2.0765,3.0422,3.0218,0.7785,1.1246,62124.2,62124.2,31933.9,718156.0,718156.0,
300043.SZ,20260820,4.49,1.6646,2.4388,0.65,18.523,13.9309,3.1242,2.6698,2.8877,0.2222,1.1135,124420.0,124354.0,84876.6,558645.0,558349.0,
300466.SZ,20260820,7.23,0.9138,1.5688,0.78,,,5.5861,8.195,7.9697,,,53553.0,44887.2,26147.9,387188.0,324535.0,
000798.SZ,20260820,8.48,4.7666,9.8635,0.99,37.0427,42.1209,7.6599,0.7145,0.7156,,,36585.9,36583.6,17679.0,310248.0,310229.0,
300423.SZ,20260820,5.79,2.2672,2.6631,0.56,,,2.5026,3.7892,4.1148,,,49751.1,33319.0,28365.5,288059.0,192917.0,
688759.SH,20260820,27.18,9.3975,9.3975,1.2,,,7.5189,,,,,45003.7,7200.0,7200.0,1223200.0,195696.0,
688370.SH,20260820,23.42,0.2928,0.8878,0.71,138.613,111.329,1.2023,6.1011,6.2229,1.5371,0.89,13710.8,13710.8,4522.73,321107.0,321107.0,
603015.SH,20260820,10.92,2.3312,4.6522,1.53,102.823,110.862,3.1875,5.3246,5.2892,0.4579,0.7326,40421.9,40421.9,20254.7,441407.0,441407.0,
603277.SH,20260820,11.92,1.4125,6.628,0.64,14.9818,22.2046,2.5569,2.6714,2.6592,5.8578,5.8915,61171.4,60974.6,12994.7,729163.0,726817.0,
301126.SZ,20260820,10.33,4.9911,6.5646,1.36,,,1.4143,0.4125,0.4058,1.0048,0.213,20540.3,13786.8,10482.3,212182.0,142418.0,
000752.SZ,20260820,8.97,0.4589,0.5654,0.68,16.4297,16.3584,3.809,5.4601,5.5263,,,26375.8,26375.8,21407.3,236591.0,236591.0,
603387.SH,20260820,9.65,3.8671,6.4201,,22.1789,21.0354,1.7296,4.6534,4.5523,1.8653,2.487,50715.4,50715.4,30548.3,489403.0,489403.0,
920260.BJ,20260820,8.03,0.3322,0.7727,0.48,19.784,25.6533,1.8397,2.7019,2.7524,2.4907,2.4907,10355.0,9896.07,4253.74,83150.6,79465.5,
002716.SZ,20260820,9.47,11.0051,12.7227,1.27,78.5885,57.1585,6.5849,2.1483,1.944,,,282309.0,232248.0,200894.0,2673460.0,2199380.0,
001222.SZ,20260820,14.77,3.3097,4.8885,0.61,24.332,24.905,1.9801,1.6262,1.525,1.0022,,19089.0,11299.9,7650.48,281945.0,166899.0,
000059.SZ,20260820,4.87,6.6208,12.5008,3.56,,,0.7723,0.1865,0.1989,0.3696,,159944.0,159941.0,84709.4,778929.0,778914.0,
920261.BJ,20260820,13.72,0.9227,1.4242,1.43,21.3964,18.7289,2.4513,0.5326,0.4672,2.1232,2.9155,29113.3,16024.6,10382.3,399434.0,219858.0,
300491.SZ,20260820,29.85,7.36,9.2818,0.96,132.078,114.382,4.3918,3.4058,3.2329,0.2241,0.265,17766.7,15760.0,12496.9,530335.0,470436.0,
603976.SH,20260820,27.07,1.5251,3.1445,0.8,245.75,313.531,3.9115,6.9925,6.53,0.8007,0.9439,17161.5,17161.5,8323.14,464560.0,464560.0,
002594.SZ,20260820,90.48,1.027,1.4576,1.62,25.2897,29.9443,3.557,1.0261,1.0524,1.464,0.3957,911720.0,348661.0,245653.0,82492400.0,31546900.0,
300554.SZ,20260820,20.41,3.1595,4.1574,0.86,,,4.7078,10.2143,10.0128,,,11421.2,7909.49,6010.96,233106.0,161433.0,
301517.SZ,20260820,37.96,3.4994,5.7243,1.24,,,4.5125,9.4777,9.5823,0.143,,15123.7,9756.21,5964.24,574097.0,370346.0,
301509.SZ,20260820,32.69,14.5812,14.5812,1.36,37.568,53.1844,1.7716,6.1582,6.4427,1.2236,2.7531,12044.7,5674.09,5674.09,393740.0,185486.0,
002506.SZ,20260820,2.57,2.4811,3.2738,0.71,,,15.9694,0.9799,1.0648,,,585032.0,584444.0,442927.0,1503530.0,1502020.0,
688420.SH,20260820,22.34,0.7685,1.5747,1.35,,,1.3846,3.8607,3.9489,0.65,,8843.0,8843.0,4315.75,197553.0,197553.0,
600858.SH,20260820,4.95,1.0874,1.9041,0.8,43.4478,44.4253,0.9335,0.4874,0.4862,0.7677,0.7071,52006.7,51754.8,29555.3,257433.0,256186.0,
920892.BJ,20260820,10.39,0.4124,1.2032,0.9,16.4416,16.3367,3.962,3.0017,2.9793,5.2498,5.7748,17035.1,15085.3,5171.09,176995.0,156736.0,
300092.SZ,20260820,11.61,1.5925,2.0808,0.58,49.6777,77.0158,1.9166,2.7691,2.8872,2.05,0.8613,27392.3,20986.6,16061.7,318025.0,243655.0,
688428.SH,20260820,31.9,5.1983,5.1983,1.06,87.8403,77.274,7.6842,23.7628,22.3745,,,176911.0,27282.3,27282.3,5643450.0,870305.0,
920018.BJ,20260820,14.95,1.1904,1.1904,0.34,23.2651,22.8157,2.6495,0.9156,0.8694,0.5145,1.0291,16552.8,5749.09,5749.09,247465.0,85949.0,
000761.SZ,20260820,2.35,0.4455,2.943,1.31,,,1.6298,0.2081,0.2173,,,410839.0,370839.0,56139.0,965472.0,871472.0,
000002.SZ,20260820,3.14,1.4652,2.1991,1.18,,,0.3389,0.1605,0.167,,,1193070.0,971694.0,647412.0,3746240.0,3051120.0,
600551.SH,20260820,6.98,0.5726,1.5105,1.07,11.5503,11.8048,0.7921,0.7102,0.7287,5.7307,4.298,67805.5,67805.5,25703.9,473283.0,473283.0,
688512.SH,20260820,14.45,3.8645,3.8645,0.81,,,4.2994,8.4647,7.7203,,,47289.7,32457.0,32457.0,683336.0,469004.0,
300873.SZ,20260820,15.49,4.6246,7.3352,0.85,18.8596,23.9768,1.552,2.6306,2.558,1.8361,1.5148,32224.7,23392.8,14748.4,499161.0,362354.0,
688605.SH,20260820,72.7,4.1076,5.0511,0.94,77.8896,85.6983,8.811,11.8871,12.0467,0.2751,0.1376,20238.0,10835.2,8811.37,1471300.0,787717.0,
600678.SH,20260820,5.36,1.5694,1.9741,0.9,258.565,,7.2539,3.0908,2.9197,,,34899.0,34899.0,27743.7,187059.0,187059.0,
300134.SZ,20260820,8.11,1.9078,4.1925,0.96,,,1.7027,2.5325,2.4671,,,76749.8,76749.8,34924.0,622441.0,622441.0,
300839.SZ,20260820,10.39,1.6706,3.0541,0.82,,83.7893,3.7146,1.0632,0.9325,,,28813.4,28318.1,15489.9,299371.0,294225.0,
603335.SH,20260820,6.53,2.3924,4.4465,1.04,57.668,54.5136,9.9034,2.8409,3.1122,,,42814.5,42814.5,23036.3,279578.0,279578.0,
002262.SZ,20260820,22.79,1.7816,3.0173,1.18,21.8945,21.0928,2.7587,3.9163,3.7831,1.5802,1.7552,101579.0,88377.6,52184.8,2314980.0,2014130.0,
300618.SZ,20260820,34.34,2.1303,2.6802,0.63,41.7843,47.0798,1.9109,1.5885,1.4307,0.4349,0.495,30969.7,27249.7,21659.2,1063500.0,935754.0,
688110.SH,20260820,114.32,3.2751,4.6703,0.79,,18506.4,14.0716,54.8852,40.185,,,44237.7,44237.7,31022.1,5057260.0,5057260.0,
920184.BJ,20260820,11.05,0.6669,0.9139,0.42,66.9158,67.7536,2.3076,6.0014,5.7977,,0.905,13172.7,8936.79,6521.56,145559.0,98751.5,
000721.SZ,20260820,6.57,2.8961,4.4802,1.37,,,36.3197,6.7013,7.3454,,,57391.4,51236.0,33119.8,377062.0,336621.0,
000338.SZ,20260820,28.3,1.0988,1.116,0.69,22.3703,21.6284,2.564,1.0548,1.0321,2.5077,2.5909,864022.0,495639.0,487975.0,24451800.0,14026600.0,
603290.SH,20260820,95.62,8.2048,17.4505,2.1,56.5068,69.7792,3.2881,5.7069,5.7864,0.6651,0.5313,23947.3,23947.3,11259.4,2289850.0,2289850.0,
603005.SH,20260820,32.9,5.9233,7.0324,0.99,58.0504,58.0378,4.6041,14.5577,14.143,0.255,0.3643,65217.2,65217.2,54932.2,2145640.0,2145640.0,
603983.SH,20260820,26.56,0.7373,3.8397,0.77,43.078,49.9524,3.1032,3.0788,3.0483,2.8238,1.8825,40100.0,40100.0,7700.0,1065060.0,1065060.0,
600674.SH,20260820,15.5,0.5904,1.7972,0.96,15.8927,16.3444,1.691,45.307,46.2009,2.5806,3.2258,487461.0,487461.0,160138.0,7555640.0,7555640.0,
688137.SH,20260820,67.49,3.3058,10.366,0.3,,,2.3348,32.2231,31.4076,,,6991.75,6991.75,2229.75,471873.0,471873.0,
000875.SZ,20260820,4.96,0.5778,0.8201,0.56,34.9462,108.468,1.0237,1.3718,1.398,1.1492,1.1492,362727.0,334238.0,235498.0,1799130.0,1657820.0,
300002.SZ,20260820,8.04,1.2587,1.2817,0.55,19.7329,21.55,2.0238,2.7172,2.6815,1.2409,0.7463,196717.0,185105.0,181779.0,1581610.0,1488240.0,
603817.SH,20260820,5.7,1.0849,2.1017,0.98,15.3211,13.8658,0.9939,2.3602,2.336,1.0526,1.3158,57008.4,57008.4,29428.2,324948.0,324948.0,
300377.SZ,20260820,13.68,3.0853,3.7683,0.8,,,4.2534,7.4824,7.2121,,,75100.3,70104.6,57397.7,1027370.0,959031.0,
688016.SH,20260820,93.52,2.1467,3.5969,1.8,20.4632,19.5869,2.7329,8.5349,8.301,1.7318,2.4119,12326.2,12326.2,7356.62,1152750.0,1152750.0,
605266.SH,20260820,16.9,1.1162,2.2759,0.96,17.6293,17.3455,0.9643,0.2928,0.2996,6.24,7.2043,15454.3,15454.3,7579.51,261178.0,261178.0,
000965.SZ,20260820,3.21,1.5702,3.2341,1.25,185.459,,0.6466,1.2705,0.8642,0.3115,0.3115,110983.0,110983.0,53883.5,356256.0,356256.0,
000913.SZ,20260820,11.36,0.9564,1.8146,1.29,6.1199,7.0228,1.1222,1.1045,1.1718,7.9254,9.6846,52641.1,52010.3,27413.1,598003.0,590837.0,
002382.SZ,20260820,6.01,1.9396,2.5365,1.41,,,0.8769,1.055,1.0376,,,100759.0,99779.2,76301.1,605562.0,599673.0,
002474.SZ,20260820,6.14,3.7924,3.9948,0.28,,,2.8966,7.9746,8.2077,,,62220.0,52883.2,50204.7,382031.0,324703.0,
300868.SZ,20260820,87.82,3.2876,4.5082,0.89,,,7.6071,17.7383,17.9976,0.0511,,12717.9,8075.83,5889.23,1116880.0,709219.0,
920101.BJ,20260820,16.55,0.683,0.683,0.56,18.3978,19.4532,1.9241,2.2806,2.3895,,0.8632,12480.7,3894.6,3894.6,206556.0,64455.6,
301421.SZ,20260820,76.55,7.8572,7.8572,0.71,249.588,176.798,7.3041,19.0675,18.2857,0.196,0.196,11571.8,4630.85,4630.85,885821.0,354492.0,
001228.SZ,20260820,27.16,1.4719,1.9818,1.02,26.4003,27.1347,1.6343,0.4876,0.4956,2.1123,2.1123,10386.5,7986.46,5931.46,282096.0,216912.0,
600456.SH,20260820,26.38,0.9491,1.8757,0.76,31.4386,33.2851,1.7404,2.0581,2.0426,1.4784,1.1372,47777.8,47777.8,24175.9,1260380.0,1260380.0,
000690.SZ,20260820,4.75,2.2337,2.7156,1.15,10.0884,9.9882,0.7896,1.1971,1.1809,4.2105,5.2632,217589.0,217447.0,178862.0,1033550.0,1032870.0,
601279.SH,20260820,3.22,0.5823,2.4159,1.02,,,1.2313,1.1821,1.2139,0.3106,,158579.0,158579.0,38222.9,510623.0,510623.0,
301208.SZ,20260820,29.5,1.9636,2.5718,0.72,64.9404,63.8416,2.2609,3.0752,2.4696,0.678,0.4407,12000.0,6742.09,5147.74,354000.0,198892.0,
920145.BJ,20260820,9.89,0.7561,1.2202,0.63,,,2.7063,12.5169,13.0535,,,7055.0,4883.23,3025.93,69774.0,48295.1,
688220.SH,20260820,95.26,1.3771,2.3671,0.65,,,7.3243,10.44,9.8709,,,41830.1,41830.1,24335.0,3984730.0,3984730.0,
603192.SH,20260820,20.13,0.862,2.8676,0.72,41.3823,43.6296,1.5322,1.3606,1.3515,1.5735,1.2425,16711.0,13940.6,4190.65,336393.0,280625.0,
001388.SZ,20260820,21.47,2.9675,4.1794,0.47,36.6256,42.8371,3.4657,4.7702,4.9969,1.8649,3.4385,23376.6,12511.9,8883.62,501896.0,268630.0,
601298.SH,20260820,8.92,0.1906,1.5516,1.35,10.9837,11.0424,1.2295,3.0788,3.023,3.8935,3.8722,649110.0,539208.0,66237.6,5790060.0,4809730.0,
002301.SZ,20260820,7.46,1.159,1.9164,0.52,66.964,77.2274,1.7249,0.4514,0.45,1.8448,1.4586,72400.8,71798.9,43423.4,540110.0,535620.0,
920183.BJ,20260820,28.25,0.9774,0.9774,0.46,18.4828,18.4906,2.8845,5.776,5.5741,,3.5398,4895.2,1124.98,1124.98,138289.0,31780.8,
603052.SH,20260820,55.87,2.5077,7.155,0.57,666.112,,9.8551,11.3606,11.1122,0.3158,,18789.7,18789.7,6585.4,1049780.0,1049780.0,
000027.SZ,20260820,6.14,0.2854,1.1425,0.73,13.8876,14.5972,0.8731,0.6726,0.67,2.443,2.6059,475739.0,475739.0,118860.0,2921040.0,2921040.0,
688293.SH,20260820,63.9,5.5851,8.1081,1.17,217.902,137.131,3.4293,25.6012,20.0406,0.5374,0.6004,14219.4,11716.6,8070.73,908621.0,748689.0,
301392.SZ,20260820,160.09,7.9622,7.9622,0.8,719.401,386.46,21.1408,34.0854,32.9539,0.1874,0.1249,10000.0,4079.59,4079.59,1600900.0,653102.0,
301130.SZ,20260820,33.45,31.9417,39.1937,1.83,116.838,112.272,2.9001,10.8957,10.7264,0.7773,0.4278,7649.47,5901.74,4809.74,255875.0,197413.0,
002527.SZ,20260820,11.13,1.1981,1.5019,0.93,1339.91,1204.5,5.9331,2.0877,2.0418,,,66306.1,52888.9,42189.5,737987.0,588653.0,
600777.SH,20260820,4.1,0.1937,0.7726,0.6,23.0962,36.7113,1.257,3.833,4.2064,,,680050.0,636615.0,159591.0,2788200.0,2610120.0,
920832.BJ,20260820,6.15,0.2515,0.2613,0.55,,,1.1638,2.1269,2.4556,1.3008,1.3008,13876.4,12386.6,11919.5,85339.8,76177.3,
603860.SH,20260820,26.33,1.2338,2.295,1.08,38.5029,37.6297,2.0883,6.3976,6.4077,0.6354,0.7793,6668.0,6668.0,3584.8,175568.0,175568.0,
920078.BJ,20260820,18.01,2.8649,3.2525,0.58,26.4111,26.8311,2.1843,2.7141,2.5584,,0.5552,12000.0,3898.78,3434.14,216120.0,70217.0,
600745.SH,20260820,16.52,1.7463,2.258,0.54,,,0.9162,0.6734,2.834,,,127387.0,127387.0,98517.0,2104430.0,2104430.0,
920204.BJ,20260820,12.87,0.7331,1.1459,0.54,57.8732,49.6262,2.4213,3.768,3.6001,0.4662,0.6216,9428.78,4999.07,3198.01,121348.0,64338.1,
300364.SZ,20260820,23.1,5.2264,6.001,0.67,,,66.661,10.1586,9.7063,,,72850.0,66042.5,57518.1,1682840.0,1525580.0,
002472.SZ,20260820,35.92,2.449,2.8635,0.67,24.2025,24.0484,2.9628,3.3507,3.3394,1.1207,1.2804,84999.8,74859.5,64021.5,3053190.0,2688950.0,
300979.SZ,20260820,34.41,0.183,1.1795,0.57,12.5228,14.1956,2.4495,1.6075,1.6773,9.5902,6.1029,116700.0,116699.0,18108.7,4015650.0,4015620.0,
920781.BJ,20260820,5.52,1.3976,1.5935,1.09,,,2.4154,3.5535,3.7788,0.3294,,15456.7,12036.6,10556.4,85321.0,66442.2,
300480.SZ,20260820,33.09,7.487,8.6948,0.96,304.125,137.23,6.8305,18.2785,14.6715,0.1434,,37022.3,25899.8,22302.0,1225070.0,857025.0,
300484.SZ,20260820,12.94,1.468,1.5326,0.47,52.0389,75.8088,3.8704,5.5094,5.9049,1.2393,1.2365,20716.4,16635.3,15933.7,268070.0,215260.0,
300879.SZ,20260820,16.72,1.2357,2.5586,0.91,,,2.7394,0.902,0.9536,0.1236,,20239.9,20102.8,9708.87,338411.0,336120.0,
300707.SZ,20260820,11.98,2.7312,3.3497,1.08,71.2182,77.5853,1.8609,2.5462,2.3638,0.5027,0.7531,17390.0,14358.1,11706.7,208332.0,172009.0,
920578.BJ,20260820,16.59,2.7717,4.0294,0.54,,,4.799,7.6734,7.6688,,,7647.91,3550.1,2441.98,126879.0,58896.2,
002492.SZ,20260820,5.49,1.4998,2.4839,1.17,,,1.3699,6.5956,6.6941,0.3629,,40500.0,39783.5,24021.0,222345.0,218411.0,
600648.SH,20260820,9.09,0.2371,0.662,1.5,13.2162,13.5931,0.7747,2.108,2.1107,3.8504,3.8504,135991.0,113777.0,40759.2,1236160.0,1034230.0,
600502.SH,20260820,4.47,1.2958,1.9674,0.89,5.0288,4.9572,0.6289,0.0922,0.0906,6.0403,6.0403,171653.0,171653.0,113057.0,767291.0,767291.0,
600708.SH,20260820,3.08,0.8432,1.7591,1.07,,,1.151,1.5327,1.5909,,,222864.0,222528.0,106662.0,686420.0,685386.0,
002757.SZ,20260820,16.25,2.7366,4.3733,0.4,40.0044,39.9276,2.3322,1.4072,1.4116,2.1538,2.1538,29545.6,28205.3,17649.7,480116.0,458336.0,
688595.SH,20260820,27.97,1.8811,3.2304,0.57,,,6.2265,4.7496,4.645,,,14409.4,14409.4,8390.6,403030.0,403030.0,
300505.SZ,20260820,20.02,13.2328,14.4342,1.11,12.1258,13.0107,1.8632,1.3505,1.2667,1.4985,1.998,27486.8,21736.1,19927.0,550285.0,435157.0,
688789.SH,20260820,47.89,0.9704,1.8363,1.05,16.3405,18.7046,2.3878,3.7492,3.9372,1.8709,1.8553,18025.6,18025.6,9525.48,863246.0,863246.0,
688060.SH,20260820,34.65,0.5447,1.7532,0.9,,,2.3518,5.5533,5.5001,,,6019.07,6019.07,1870.05,208561.0,208561.0,
300825.SZ,20260820,10.58,3.9176,4.4262,0.87,,,2.5768,5.3692,5.475,,,49488.0,48448.8,42882.1,523584.0,512588.0,
300067.SZ,20260820,5.2,4.3083,5.3191,0.48,,,2.4128,5.9687,5.3028,0.1923,,115437.0,93726.4,75915.4,600275.0,487377.0,
603776.SH,20260820,20.16,0.874,1.4092,0.89,,,1.6534,13.7516,12.5878,1.0559,,28076.1,28076.1,17412.5,566013.0,566013.0,
002061.SZ,20260820,3.51,0.7174,1.4843,1.35,9.6207,9.6501,0.5786,0.1999,0.1999,3.5982,3.1708,264315.0,259914.0,125625.0,927746.0,912297.0,
600611.SH,20260820,4.46,4.2728,6.1274,0.53,145.634,,1.1011,5.0523,5.2054,1.1211,0.8969,236412.0,156332.0,109013.0,1054400.0,697239.0,
601969.SH,20260820,9.23,0.6732,3.0153,0.85,42.4963,38.8637,2.6209,4.1479,4.1447,1.1948,1.1933,198451.0,197248.0,44036.1,1831700.0,1820600.0,
301049.SZ,20260820,20.14,1.7485,2.9155,0.73,,,3.6003,9.7232,10.6773,,,9425.33,4282.64,2568.4,189826.0,86252.4,
000705.SZ,20260820,7.17,3.358,3.7762,1.09,105.572,,1.2317,1.0528,1.2195,0.8368,,33412.3,28196.5,25074.0,239566.0,202169.0,
002439.SZ,20260820,13.31,1.6962,1.8663,0.54,,,1.4805,6.8976,6.8201,,,121140.0,72859.9,66218.4,1612370.0,969766.0,
920193.BJ,20260820,32.83,16.8333,16.8333,0.77,55.9535,40.0426,4.7109,6.9084,6.1778,,,11133.1,2520.0,2520.0,365499.0,82731.6,
600160.SH,20260820,38.7,0.9983,2.1509,0.75,27.6167,25.1614,4.8341,3.8709,3.84,0.5943,1.447,269975.0,269975.0,125311.0,10448000.0,10448000.0,
603408.SH,20260820,10.39,0.3112,1.1744,0.73,10.5517,11.2967,1.3266,0.9084,0.8797,4.8123,6.1598,44757.3,44757.3,11860.2,465028.0,465028.0,
002177.SZ,20260820,5.51,5.2007,5.4065,1.59,323.934,290.032,2.4416,71.229,74.4778,0.127,0.0726,76119.1,68316.0,65715.0,419416.0,376421.0,
688516.SH,20260820,40.92,1.8182,3.2355,0.79,28.9754,32.3752,3.5034,2.0134,2.1873,5.1446,3.1822,31476.0,31476.0,17688.4,1288000.0,1288000.0,
301559.SZ,20260820,13.09,1.5104,1.5104,0.91,69.6769,69.4418,1.7121,3.287,3.3632,3.3613,1.5202,60000.0,9000.0,9000.0,785400.0,117810.0,
300085.SZ,20260820,28.62,3.3705,4.9904,0.58,,,48.1878,26.6647,26.2172,,,70664.1,65201.3,44036.1,2022410.0,1866060.0,
002823.SZ,20260820,12.76,1.8356,2.0951,0.38,17.8891,17.6449,1.9823,1.427,1.4567,2.6323,3.3502,32749.8,22304.0,19541.7,417888.0,284599.0,
001221.SZ,20260820,43.59,7.5613,7.5613,1.68,24.785,23.873,5.7347,4.8507,4.5611,0.8259,1.2159,40001.0,7686.96,7686.96,1743640.0,335075.0,
301528.SZ,20260820,55.54,4.2463,4.9695,1.23,74.9713,72.4997,3.1403,22.099,21.1099,0.2012,0.1341,8975.5,4625.63,3952.5,498499.0,256907.0,
605303.SH,20260820,20.7,1.0979,2.3698,0.52,,,3.9444,6.906,7.2017,,,16123.7,16123.7,7470.39,333761.0,333761.0,
300599.SZ,20260820,11.95,3.7943,12.7194,0.84,,,2.189,4.7048,4.7114,,0.8327,35813.2,18803.4,5609.16,427967.0,224701.0,
301390.SZ,20260820,31.16,1.3081,2.3188,0.67,354.742,,1.991,3.5443,3.5441,0.3185,0.1588,6000.0,4905.62,2767.34,186960.0,152859.0,
002987.SZ,20260820,10.98,1.8575,4.4026,1.56,34.895,37.3564,3.802,2.3608,2.3659,1.3563,1.5946,104046.0,101393.0,42778.3,1142420.0,1113290.0,
300096.SZ,20260820,9.48,0.8697,1.0377,0.7,82.6476,85.3743,12.2269,8.1754,8.1499,,,43000.0,42999.9,36039.3,407640.0,407640.0,
603399.SH,20260820,14.07,8.9865,11.2205,0.55,,,4.451,1.3296,1.1248,,,51229.1,51229.1,41029.1,720793.0,720793.0,
920112.BJ,20260820,15.7,0.4189,0.4189,0.53,12.7479,12.6632,2.0154,1.6647,1.5992,2.2748,2.7298,11879.0,3484.98,3484.98,186500.0,54714.1,
300122.SZ,20260820,14.48,4.3594,5.646,2.17,,,2.2433,3.8692,3.9591,,,239379.0,141431.0,109201.0,3466210.0,2047920.0,
600568.SH,20260820,2.21,0.4283,0.6848,0.85,,,2.7256,7.6285,8.0852,,,199287.0,166907.0,104383.0,440424.0,368864.0,
600999.SH,20260820,17.83,0.4755,1.1701,0.73,12.5559,11.6477,1.2473,6.2094,5.694,2.7818,3.1856,869653.0,742200.0,301634.0,15505900.0,13233400.0,
600530.SH,20260820,3.7,0.6117,1.3899,0.61,820.966,704.43,9.1219,9.1279,9.263,0.3189,,77492.0,77492.0,34103.8,286720.0,286720.0,
300673.SZ,20260820,13.02,1.2803,1.5586,0.84,27.8375,31.7208,1.8315,2.2224,2.1892,2.6315,1.8598,24730.6,16046.1,13181.3,321992.0,208921.0,
600817.SH,20260820,9.53,0.4458,1.5228,0.82,16.3886,17.2561,2.0654,1.4541,1.5246,3.9924,5.2479,53206.7,52949.2,15501.5,507060.0,504606.0,
600933.SH,20260820,13.65,0.6534,1.3484,0.62,12.0018,12.4075,1.4297,1.8966,1.8331,2.102,2.9131,103002.0,98101.3,47538.8,1405980.0,1339080.0,
600298.SH,20260820,42.31,0.8156,1.3279,0.43,23.7743,22.5814,2.9494,2.1948,2.038,1.3004,1.3,86781.6,85715.0,52644.3,3671730.0,3626600.0,
001219.SZ,20260820,12.7,1.0718,2.0579,0.48,22.3349,21.984,2.2676,4.5425,4.4021,3.1496,2.7559,19498.4,19019.8,9906.26,247629.0,241551.0,
603863.SH,20260820,12.49,2.3356,3.2839,0.89,,,10.5551,5.7678,5.5358,,,20465.0,20465.0,14555.3,255608.0,255608.0,
600736.SH,20260820,6.76,1.6944,3.0146,0.69,52.7316,36.0535,1.0441,1.4231,1.4709,0.2663,0.2663,115129.0,115129.0,64709.8,778274.0,778274.0,
300291.SZ,20260820,5.13,5.71,8.5501,1.95,,,2.3695,15.719,6.5009,,,94189.0,92986.5,62098.8,483189.0,477021.0,
301088.SZ,20260820,12.71,0.8077,2.6272,0.98,37.1658,40.5444,1.1459,4.8846,5.2072,4.4925,5.1849,22790.0,18800.0,5780.0,289661.0,238948.0,
688338.SH,20260820,30.76,1.7153,3.1187,0.99,36.4403,38.0607,1.9103,12.4027,12.8086,1.0509,0.828,10614.2,10614.2,5837.96,326494.0,326494.0,
300698.SZ,20260820,25.0,1.6786,3.1219,0.64,71.2118,69.6542,6.2588,4.6214,4.5108,,,13400.0,11854.6,6374.09,335000.0,296365.0,
300184.SZ,20260820,11.9,3.4233,3.5304,0.58,79.5255,36.6265,2.9294,1.5421,1.2138,,,114906.0,105203.0,102014.0,1367380.0,1251920.0,
000786.SZ,20260820,18.65,1.1759,2.119,1.24,10.9231,11.0693,1.1363,1.2558,1.2599,4.6034,3.6729,170224.0,168951.0,93757.0,3174670.0,3150930.0,
301097.SZ,20260820,35.92,2.9581,4.7633,1.64,,,2.6296,5.0914,4.5724,0.9811,0.9663,8160.94,3916.72,2432.35,293141.0,140689.0,
000807.SZ,20260820,25.26,2.4599,4.2487,1.17,14.4682,10.092,2.4571,1.459,1.4126,1.9794,2.7672,346796.0,346792.0,200781.0,8760060.0,8759970.0,
600130.SH,20260820,4.31,2.4965,3.0004,0.82,615.633,564.129,3.5548,6.8716,6.5052,,,75000.0,75000.0,62405.4,323250.0,323250.0,
688078.SH,20260820,23.69,1.6054,2.8699,1.72,,,2.6109,11.2239,11.1111,0.5741,,7289.3,7289.3,4077.53,172684.0,172684.0,
688133.SH,20260820,24.11,3.4393,3.8162,0.89,,,1.4572,1.5724,1.5856,0.2903,,16443.7,16443.7,14819.8,396458.0,396458.0,
300394.SZ,20260820,276.25,4.7536,8.5722,0.87,149.381,129.759,48.2254,58.3605,54.438,0.2211,0.31,109083.0,108839.0,60355.2,30134000.0,30066700.0,
688629.SH,20260820,135.6,2.3381,4.1843,0.61,177.079,147.023,32.9471,25.1195,23.0437,,,46825.5,46099.3,25759.4,6349540.0,6251060.0,
001333.SZ,20260820,22.19,3.9825,11.5855,2.75,24.5217,24.726,1.6,1.7367,1.7367,1.6224,1.6224,12800.0,12800.0,4400.0,284032.0,284032.0,
300390.SZ,20260820,60.8,3.6056,4.639,0.63,125.587,18.1341,3.6805,6.6911,4.2548,0.9868,,83075.1,71149.1,55298.9,5050960.0,4325870.0,
603368.SH,20260820,16.54,1.6279,2.1831,0.56,9.2603,10.0041,0.8366,0.314,0.3131,4.54,4.0159,39721.1,39721.1,29617.9,656988.0,656988.0,
600490.SH,20260820,7.25,4.3197,5.2201,1.77,71.1523,70.363,2.5207,4.7039,4.1629,,0.4276,221289.0,199262.0,164893.0,1604340.0,1444650.0,
600353.SH,20260820,34.8,12.7749,22.006,1.56,178.515,175.015,14.9154,17.6414,17.3229,0.1727,0.2011,82881.1,82881.1,48113.9,2884260.0,2884260.0,
920176.BJ,20260820,55.88,15.2582,15.2582,0.64,36.1864,36.1864,5.5042,11.941,11.941,,,5883.0,794.7,794.7,328742.0,44407.8,
300678.SZ,20260820,21.81,1.2963,1.9359,0.74,451.669,410.069,7.5107,10.1274,9.1838,0.2293,0.2751,29638.6,29119.7,19499.0,646418.0,635101.0,
002946.SZ,20260820,15.94,0.8914,3.9405,0.87,18.7641,17.4924,3.5885,1.2213,1.198,1.7879,2.8231,86068.3,85071.5,19243.6,1371930.0,1356040.0,
300948.SZ,20260820,20.99,2.3211,3.5158,0.77,,,3.6095,22.3619,22.3186,,,16437.7,15515.3,10242.8,345028.0,325666.0,
300441.SZ,20260820,6.85,1.0131,1.9399,0.6,22.8022,26.4082,1.7509,2.5701,2.5531,4.3796,0.9489,64441.6,62593.4,32689.4,441425.0,428765.0,
688198.SH,20260820,81.5,1.0004,3.7393,1.65,57.997,55.4555,8.2026,18.1028,16.9184,0.9791,0.9816,13774.8,13774.8,3685.13,1122650.0,1122650.0,
600416.SH,20260820,8.42,0.7993,1.2424,0.75,55.2846,55.6887,1.2764,2.5422,2.5349,,,147578.0,147578.0,94946.2,1242610.0,1242610.0,
603230.SH,20260820,9.21,0.5127,1.8124,0.81,18.6269,39.495,1.1501,2.1504,2.54,5.2117,1.6287,35352.3,35352.3,10000.7,325595.0,325595.0,
003031.SZ,20260820,129.13,3.7882,8.3677,0.85,103.514,91.9983,8.8131,20.2373,17.3177,0.3253,0.3407,45105.3,34015.7,15399.7,5824450.0,4392440.0,
688584.SH,20260820,29.63,4.5509,9.8937,0.89,158.184,167.055,4.765,15.1206,15.1218,0.6712,0.3356,66919.5,34330.0,15790.9,1982830.0,1017200.0,
000852.SZ,20260820,5.24,3.1897,6.6482,1.41,461.241,,1.6017,0.6952,0.7164,,,95577.0,95025.9,45592.1,500824.0,497936.0,
002352.SZ,20260820,32.84,0.3488,0.7162,0.92,15.5536,15.1562,1.7227,0.561,0.5533,2.7402,2.6777,526531.0,479912.0,233720.0,17291300.0,15760300.0,
300942.SZ,20260820,6.91,2.9415,6.5602,1.83,203.669,409.832,3.3636,10.6337,10.3086,0.25,0.3572,40507.8,40507.8,18163.2,279909.0,279909.0,
600267.SH,20260820,14.02,5.8118,9.4368,1.04,30.6032,23.5661,1.8493,1.5685,1.6053,1.4831,1.4701,118027.0,118027.0,72688.3,1654740.0,1654740.0,
300836.SZ,20260820,49.3,5.8558,6.3202,1.29,45.7748,46.8632,7.1323,4.5908,4.4985,0.418,0.4046,9268.56,6345.01,5878.74,456940.0,312809.0,
920033.BJ,20260820,14.36,0.5295,0.8658,0.62,77.4297,44.7131,2.2181,6.9589,5.3029,,0.3482,11913.5,8283.23,5066.07,171078.0,118947.0,
920003.BJ,20260820,16.89,2.2993,2.2993,1.38,15.0772,14.1849,2.3367,4.1414,4.1902,,5.9207,9060.0,1946.64,1946.64,153023.0,32878.8,
002114.SZ,20260820,7.19,1.9643,2.7055,1.0,,,3.2175,1.6085,1.4994,,,32339.5,32339.1,23479.3,232521.0,232518.0,
605399.SH,20260820,10.67,0.7971,2.2526,0.75,,,1.6135,3.009,2.7545,0.9398,,31137.1,31104.4,11006.6,332233.0,331884.0,
920168.BJ,20260820,15.39,0.8493,0.8515,0.71,14.4522,16.4488,1.4144,1.6141,1.7281,,3.2489,7517.34,2817.45,2810.2,115692.0,43360.6,
688378.SH,20260820,47.25,6.4699,8.9672,1.45,170.858,55.8678,5.8821,21.4118,16.3152,0.4162,0.4192,26142.5,24096.1,17385.6,1235230.0,1138540.0,
002188.SZ,20260820,5.49,6.9538,9.0684,1.75,55.9813,62.2317,4.9796,4.4693,4.3698,,,32710.4,25736.3,19735.0,179580.0,141292.0,
300609.SZ,20260820,24.91,2.3242,2.9064,0.79,,,3.2606,9.7412,9.2819,,,12011.4,11992.9,9590.64,299205.0,298744.0,
300232.SZ,20260820,5.09,1.6664,1.7564,1.05,87.8637,,1.2275,0.6857,0.7009,4.6969,0.3914,109030.0,88850.0,84297.9,554965.0,452246.0,
301000.SZ,20260820,23.52,1.542,3.8043,0.92,38.3453,41.0105,4.3478,6.7638,6.8289,0.8475,0.9354,24322.1,22961.3,9307.04,572055.0,540049.0,
002121.SZ,20260820,4.89,1.1704,1.5442,0.79,,,23.0548,1.2961,1.2767,,,167255.0,141166.0,106997.0,817877.0,690299.0,
920885.BJ,20260820,12.22,3.9781,5.8774,1.28,61.5974,74.4455,5.0703,10.5649,10.2516,0.3663,0.491,17082.0,8850.32,5990.39,208742.0,108151.0,
003012.SZ,20260820,4.77,0.5879,1.4231,0.94,15.681,16.6024,0.7297,0.9104,0.9391,5.0945,5.0801,115698.0,113459.0,46872.5,551880.0,541198.0,
000955.SZ,20260820,4.22,2.0669,2.7365,1.1,3163.97,,3.5186,4.4872,4.5995,,,53839.5,53831.3,40659.7,227203.0,227168.0,
300136.SZ,20260820,59.62,6.7382,7.0589,0.98,81.3991,78.3695,7.19,6.4745,6.2983,0.0826,0.0835,96756.9,82520.0,78771.2,5768640.0,4919840.0,
000504.SZ,20260820,8.66,2.2881,3.8545,0.98,99.1374,67.8087,10.3232,6.8712,5.5735,,,33002.3,32912.2,19537.2,285800.0,285020.0,
600780.SH,20260820,5.82,0.5672,1.3776,0.86,10.2947,10.2363,0.7787,0.5924,0.5944,,3.0928,114650.0,114650.0,47208.4,667264.0,667264.0,
600689.SH,20260820,10.72,1.3492,2.0526,0.92,188.776,185.329,4.5456,1.4032,1.5601,0.1399,0.1679,20099.1,15220.4,10004.5,215463.0,163163.0,
603207.SH,20260820,24.88,15.8647,15.8647,2.17,19.2663,19.6291,3.4745,7.6103,7.3769,8.8362,4.2987,16067.3,5460.29,5460.29,399755.0,135852.0,
688202.SH,20260820,110.0,10.1757,18.0531,1.41,,,7.5466,12.7067,11.7234,,,13435.2,13435.2,7572.82,1477870.0,1477870.0,
600197.SH,20260820,10.56,1.7549,3.1364,1.37,23.093,28.2204,1.2551,2.9012,3.2594,4.2614,,47317.5,47317.5,26474.7,499672.0,499672.0,
600592.SH,20260820,13.81,1.2447,2.0027,0.64,32.7345,39.841,2.1342,4.0985,4.4633,1.05,0.9413,39955.4,39955.4,24832.0,551784.0,551784.0,
600380.SH,20260820,10.37,1.6536,3.2397,1.8,14.205,14.4299,1.2153,1.2468,1.2777,1.9286,2.1215,182945.0,182945.0,93380.0,1897140.0,1897140.0,
000929.SZ,20260820,8.94,0.9924,1.3502,0.77,,,4.7616,4.5006,4.2634,,,18576.6,18575.4,13653.5,166075.0,166064.0,
301279.SZ,20260820,20.07,1.4579,3.6647,0.91,52.4454,51.9587,2.4574,4.8673,4.7243,0.762,0.9556,16852.5,13050.0,5191.47,338229.0,261913.0,
688667.SH,20260820,92.13,1.8146,3.9386,1.34,35.7941,32.4551,2.6651,4.0669,4.4124,0.1067,0.8683,5269.55,5269.55,2427.85,485484.0,485484.0,
601066.SH,20260820,24.81,0.2522,1.5712,0.61,20.3872,15.3097,2.1975,8.2517,6.6796,0.6651,1.3704,775670.0,649567.0,104246.0,19244400.0,16115800.0,
601991.SH,20260820,6.05,2.0543,7.5822,0.42,15.1586,13.9238,3.0404,0.9234,0.9229,1.9355,1.9355,1850670.0,1239610.0,335854.0,11196600.0,7499630.0,
600172.SH,20260820,13.44,16.6968,22.6114,1.11,,,41.8069,14.2899,13.5355,,,144218.0,128320.0,94754.2,1938300.0,1724620.0,
603980.SH,20260820,6.73,2.2407,3.4038,0.52,83.8933,48.8101,1.1558,2.9891,2.8559,1.0401,2.1842,67683.3,67683.3,44556.4,455509.0,455509.0,
600328.SH,20260820,6.28,0.7818,1.4393,0.92,124.523,,0.7773,0.8118,0.8371,1.9601,0.402,146631.0,146631.0,79652.9,920842.0,920842.0,
002529.SZ,20260820,7.05,1.2682,1.4798,0.77,,,23.0028,4.7144,4.5816,,,26000.0,26000.0,22282.5,183300.0,183300.0,
920765.BJ,20260820,14.59,5.2148,10.4497,1.09,,,4.0862,2.4243,2.2644,1.4762,0.8225,8692.01,5280.71,2635.29,126816.0,77045.6,
688429.SH,20260820,10.49,0.3846,1.7606,1.04,,,3.2542,4.1221,3.8455,,,40000.1,40000.1,8738.72,419601.0,419601.0,
300843.SZ,20260820,145.38,7.717,16.2873,1.29,212.702,202.018,14.6092,13.6677,12.5493,0.1582,0.1376,16370.8,16050.0,7604.54,2379980.0,2333340.0,
603378.SH,20260820,5.63,2.2985,4.084,1.22,,,,5.2193,6.1204,,,42859.7,42859.7,24121.8,241300.0,241300.0,
000902.SZ,20260820,13.69,1.5601,3.2005,1.14,10.6539,10.5906,1.3717,0.9517,0.8618,2.1914,1.4609,125473.0,114278.0,55704.0,1717730.0,1564470.0,
002732.SZ,20260820,13.99,0.9982,2.3759,1.04,38.2009,44.9469,1.459,1.3884,1.3896,1.0722,0.4289,15735.0,15656.6,6578.26,220133.0,219036.0,
000820.SZ,20260820,3.4,5.8935,6.0549,0.51,,,25.5596,6.6469,6.3354,,,64655.5,29696.7,28905.0,219829.0,100969.0,
688152.SH,20260820,35.54,9.0006,16.9345,1.94,,,2.9914,11.6697,11.4733,,,10189.8,10189.8,5415.82,362146.0,362146.0,
002005.SZ,20260820,2.4,0.5893,0.841,0.3,123.35,98.8273,12.6474,6.3393,6.4854,,,175242.0,175197.0,122764.0,420582.0,420474.0,
600352.SH,20260820,12.91,1.285,1.7148,0.81,22.9634,21.3176,1.2673,3.1548,3.0667,3.4857,5.0349,325333.0,325333.0,243795.0,4200050.0,4200050.0,
688135.SH,20260820,25.7,4.4983,6.0265,0.89,,3317.19,3.7789,9.6876,9.1511,,,23310.4,23310.4,17399.6,599077.0,599077.0,
600653.SH,20260820,1.66,0.5867,0.7983,0.65,,,5.1655,0.8831,0.921,,,194638.0,194638.0,143049.0,323099.0,323099.0,
001317.SZ,20260820,53.78,10.42,25.2104,1.6,,,4.5316,3.7602,3.9833,0.1739,,8556.58,8548.14,3533.14,460173.0,459719.0,
603612.SH,20260820,16.44,1.3199,1.779,0.75,10.9672,11.5564,1.386,0.4628,0.4385,1.2704,1.9964,49810.4,49810.4,36957.8,818884.0,818884.0,
002667.SZ,20260820,17.46,0.274,0.3477,0.04,,,,14.2086,8.9729,,,26059.2,23661.1,18642.9,454993.0,413123.0,
600787.SH,20260820,4.57,0.6221,1.209,1.01,18.1785,18.3312,0.7092,0.1465,0.1375,1.5352,2.4726,217008.0,217008.0,111658.0,991726.0,991726.0,
301095.SZ,20260820,73.85,2.6906,4.0407,0.77,166.773,161.319,4.7082,20.1241,19.1132,0.3331,0.2665,20028.1,17302.0,11520.9,1479080.0,1277750.0,
301223.SZ,20260820,16.78,0.4499,1.6505,1.07,21.1257,20.6692,1.0709,1.0233,0.9897,2.0727,2.0673,19312.8,19312.8,5264.48,324068.0,324068.0,
603155.SH,20260820,13.59,1.5016,5.2979,0.72,75.9856,65.4188,2.7719,10.5134,9.1561,2.7911,2.5374,45789.1,45789.1,12978.0,622274.0,622274.0,
002077.SZ,20260820,12.27,2.8319,5.5755,0.65,134.003,93.8095,2.1041,20.0516,18.0491,,,58034.9,58034.9,29476.9,712088.0,712088.0,
002915.SZ,20260820,16.86,2.2405,3.212,0.55,300.314,527.523,3.8018,3.5979,3.7039,,,33527.3,28807.4,20094.6,565271.0,485693.0,
002842.SZ,20260820,37.38,11.6984,14.1089,0.75,85.1034,31.6903,8.3775,5.0776,3.9764,,0.3692,32717.2,26846.2,22259.6,1222970.0,1003510.0,
688116.SH,20260820,31.54,1.0162,1.0984,0.67,50.7473,51.1406,3.0694,8.9106,9.0465,0.4628,0.2623,36653.2,36653.2,33910.1,1156040.0,1156040.0,
603329.SH,20260820,10.59,1.6861,3.0645,1.23,69.5779,38.6514,1.7964,0.9098,0.8423,0.1799,0.4344,25005.1,20638.3,11355.2,264804.0,218560.0,
600969.SH,20260820,8.59,1.2338,1.762,0.44,41.6399,41.3856,0.8732,0.7665,0.7572,,1.4668,37005.0,37005.0,25911.3,317873.0,317873.0,
920726.BJ,20260820,16.22,4.3979,8.93,0.62,83.1966,53.4376,3.5747,7.6152,7.095,1.052,1.1756,10131.0,5591.35,2753.68,164325.0,90691.6,
300913.SZ,20260820,35.34,3.0873,7.7316,1.01,52.3587,48.9807,4.5732,5.7035,5.5459,0.2571,0.4527,34278.1,28585.4,11414.4,1211390.0,1010210.0,
920223.BJ,20260820,10.74,1.3536,2.0965,0.97,,,7.0794,3.8857,3.5421,,,15728.5,8167.52,5273.48,168924.0,87719.2,
688396.SH,20260820,59.39,2.1254,6.2841,1.21,119.421,86.9391,3.4078,7.1362,6.8259,0.1414,0.1296,132821.0,132821.0,44922.9,7888240.0,7888240.0,
300074.SZ,20260820,3.8,2.191,2.5809,0.84,,,2.453,7.0809,7.2218,,,55030.8,54983.9,46677.7,209117.0,208939.0,
603016.SH,20260820,30.68,3.5283,7.8122,2.13,71.3792,82.7442,5.3713,7.4559,7.5346,1.5417,1.1082,14816.0,14816.0,6691.48,454555.0,454555.0,
002817.SZ,20260820,6.72,1.7658,2.9494,1.11,30.9289,31.6471,2.0565,4.3654,4.5976,1.4583,1.2798,29909.8,29003.9,17364.8,200994.0,194906.0,
920378.BJ,20260820,6.99,0.3476,0.5425,0.38,42.6074,47.8344,2.7273,2.671,2.6496,1.4306,1.4306,15552.6,11138.2,7137.0,108713.0,77856.2,
301077.SZ,20260820,21.23,2.8864,4.7922,0.35,27.8612,28.237,3.0127,4.6974,4.4753,3.9842,2.8234,17024.8,9557.14,5756.4,361436.0,202898.0,
603507.SH,20260820,23.15,1.9923,2.6679,0.53,49.6498,27.4814,2.1272,1.3928,1.2229,0.9859,0.9968,23893.4,23630.4,17646.3,553132.0,547043.0,
002550.SZ,20260820,7.1,4.412,5.0919,0.72,22.7851,30.9519,3.3184,5.7829,6.1903,1.6505,2.083,127980.0,95356.7,82624.2,908658.0,677032.0,
002239.SZ,20260820,2.46,1.375,1.375,0.89,44.3364,45.564,1.4969,1.0543,1.0878,0.1187,0.2475,351350.0,326615.0,326615.0,864320.0,803473.0,
600506.SH,20260820,14.61,1.5013,2.547,0.94,278.88,104.836,7.1978,1.5126,1.434,,0.1843,24962.5,24962.5,14713.3,364702.0,364702.0,
601128.SH,20260820,6.26,1.5377,1.69,1.5,5.4126,5.2625,0.7128,1.9655,1.9322,5.4788,3.921,364818.0,364818.0,331956.0,2283760.0,2283760.0,
920055.BJ,20260820,26.46,1.576,1.576,0.66,12.5781,12.0337,1.4695,1.7542,1.6943,,2.0786,6800.0,1530.0,1530.0,179928.0,40483.8,
000536.SZ,20260820,3.16,1.1815,1.9805,0.79,,,16.195,6.3384,6.9467,,,276603.0,276308.0,164838.0,874066.0,873134.0,
300217.SZ,20260820,4.3,1.0329,1.297,0.51,40.7846,45.5499,1.4964,1.9384,1.9918,0.7442,0.3721,147798.0,122695.0,97710.0,635530.0,527589.0,
002300.SZ,20260820,6.7,1.7755,3.1812,0.43,58.2069,61.8046,2.5424,0.4023,0.384,1.6418,1.0448,72233.4,72229.5,40313.0,483964.0,483938.0,
300995.SZ,20260820,25.99,2.0305,3.5379,1.16,121.945,106.681,3.7511,6.3843,6.3138,0.7895,0.685,9211.09,6072.97,3485.48,239396.0,157836.0,
000922.SZ,20260820,11.83,0.9755,1.5334,0.85,38.8314,35.3076,2.1033,2.0052,1.9794,0.7822,0.7749,83398.2,70492.9,44846.8,986601.0,833931.0,
300305.SZ,20260820,6.05,2.5272,3.4164,0.5,,,1.1735,2.5509,2.6667,,,37540.0,32147.6,23780.0,227117.0,194493.0,
688163.SH,20260820,34.98,1.9447,4.4427,1.62,73.0976,77.8961,3.4005,19.2937,19.15,0.9148,1.0863,10822.0,10822.0,4737.2,378554.0,378554.0,
002396.SZ,20260820,30.15,9.4803,12.903,0.65,56.0843,40.2548,3.1698,1.197,1.092,0.6386,0.6355,76055.4,75741.5,55649.8,2293070.0,2283610.0,
000429.SZ,20260820,13.08,0.6711,1.7568,1.27,15.1819,17.138,2.3732,6.1184,6.0802,3.9985,4.6177,209081.0,130333.0,49784.0,2734770.0,1704760.0,
301267.SZ,20260820,16.6,1.2384,4.7749,1.7,31.6438,30.1399,2.5623,3.3688,3.323,1.8507,1.5522,84000.0,64844.4,16817.9,1394400.0,1076420.0,
688029.SH,20260820,75.62,2.0229,3.5503,1.43,24.9068,25.5553,3.3486,4.4617,4.2551,1.9735,1.9713,18784.7,18784.7,10702.9,1420500.0,1420500.0,
688055.SH,20260820,3.8,0.3177,3.0598,0.71,,,3.1599,5.0692,5.3913,,,333333.0,333333.0,34611.3,1266670.0,1266670.0,
600379.SH,20260820,14.45,5.64,10.1057,0.77,93.0118,90.401,5.9057,3.7837,3.6089,0.7008,0.4305,33020.2,33020.2,18428.4,477141.0,477141.0,
688627.SH,20260820,483.66,6.0588,7.8697,0.9,695.891,543.633,25.47,40.3578,30.5925,0.0656,0.0462,9412.82,9412.82,7246.81,4552600.0,4552600.0,
000801.SZ,20260820,11.0,0.7668,1.5007,0.78,62.4031,64.9546,3.5888,2.719,2.5964,0.9149,0.1818,101632.0,101597.0,51914.3,1117960.0,1117560.0,
600644.SH,20260820,8.87,2.7416,4.9106,0.47,219.993,225.455,2.4807,1.5109,1.5423,,0.1691,57832.1,57832.1,32287.6,512971.0,512971.0,
002916.SZ,20260820,345.0,1.2236,3.4132,0.87,71.7403,64.6584,12.9904,9.938,9.2304,0.3274,0.6957,68116.7,66480.9,23832.0,23500200.0,22935900.0,
000953.SZ,20260820,6.24,1.7751,2.6897,0.84,350.127,373.505,14.8004,12.7149,12.9752,,,36612.2,36612.2,24162.9,228460.0,228460.0,
688176.SH,20260820,12.86,3.0638,4.2734,1.1,,,5.0168,26.5529,25.6295,,,57219.2,57219.2,41023.0,735839.0,735839.0,
603955.SH,20260820,18.92,1.5111,2.4596,0.87,,,1.797,7.0591,5.8619,0.2643,,13572.0,13572.0,8337.81,256782.0,256782.0,
000056.SZ,20260820,1.94,1.4246,1.7816,0.7,,,,0.6827,0.685,,,118253.0,90373.3,72260.6,229410.0,175324.0,
002039.SZ,20260820,19.02,0.9877,1.638,0.76,13.5507,12.7562,1.7928,2.4752,2.4257,0.8412,2.5762,42755.8,42755.7,25779.7,813216.0,813213.0,
601162.SH,20260820,3.6,1.0425,1.3877,0.5,232.728,274.961,1.3236,12.7084,13.6503,,,1007400.0,859797.0,645886.0,3626630.0,3095270.0,
920138.BJ,20260820,39.07,11.6961,11.6961,0.4,28.4008,28.4008,3.9142,6.0318,6.0318,,,43295.5,3461.38,3461.38,1691560.0,135236.0,
000526.SZ,20260820,37.55,15.3501,22.6259,3.2,23.4543,17.2055,3.6985,1.418,1.3173,,,12186.1,12147.4,8241.12,457588.0,456133.0,
002805.SZ,20260820,18.62,3.6654,5.2625,0.69,,,5.5765,2.2414,1.5603,,,28006.2,27881.5,19419.9,521476.0,519154.0,
603811.SH,20260820,7.63,1.5257,2.1422,0.76,17.9188,18.058,2.4099,4.3039,4.2238,2.2716,2.8085,45822.6,45822.6,32636.5,349626.0,349626.0,
002386.SZ,20260820,5.76,0.8933,1.3324,0.97,85.4098,49.0089,0.9797,0.6636,0.6347,,,130165.0,130140.0,87250.9,749749.0,749609.0,
688236.SH,20260820,15.09,1.2604,6.8565,,21.2372,20.9574,1.8995,5.5347,5.6037,0.3232,2.3743,38356.9,28842.8,5302.11,578805.0,435238.0,
002563.SZ,20260820,5.88,0.8312,2.5867,0.87,17.751,15.1352,1.382,1.0498,1.0114,8.5034,5.102,269409.0,221349.0,71126.6,1584120.0,1301530.0,
002765.SZ,20260820,7.02,0.8393,1.1101,0.6,24.7721,30.1796,1.7202,1.1882,1.2124,0.7123,0.7123,65212.8,59586.0,45048.2,457794.0,418294.0,
600561.SH,20260820,5.72,1.6501,2.7388,1.34,101.502,112.617,1.786,1.121,1.1763,,,28447.7,28447.7,17138.7,162721.0,162721.0,
002866.SZ,20260820,14.69,2.7785,3.5094,0.52,49.5462,65.1891,2.0276,1.9821,1.9517,,0.4084,28952.2,18376.9,14549.9,425308.0,269956.0,
603237.SH,20260820,14.28,0.5447,1.3566,0.71,23.015,25.5469,1.728,1.2483,1.2721,3.4568,3.4872,19601.2,18980.7,7621.04,279905.0,271044.0,
300553.SZ,20260820,40.71,5.598,6.5455,0.92,238.566,263.957,5.3224,14.6339,14.8905,,0.1228,11102.5,8508.92,7277.19,451983.0,346398.0,
688328.SH,20260820,75.97,6.8127,10.4144,0.82,293.87,109.955,8.1759,10.6716,9.5928,,0.2106,9445.63,9445.63,6178.96,717584.0,717584.0,
000008.SZ,20260820,2.42,1.1543,1.8957,1.03,,,3.0458,3.1002,3.0741,,,271638.0,271630.0,165388.0,657363.0,657344.0,
603439.SH,20260820,12.92,2.5954,5.7318,0.5,112.803,107.096,3.4942,3.0641,3.1132,2.638,0.4596,40384.0,40384.0,18285.9,521762.0,521762.0,
600185.SH,20260820,4.56,1.1355,2.0628,1.17,,,99.5619,2.5358,2.7076,,,188501.0,188501.0,103767.0,859563.0,859563.0,
001335.SZ,20260820,31.68,2.401,2.401,1.0,38.1602,37.8122,2.9939,2.2621,2.2095,0.4735,0.4735,9373.96,2554.4,2554.4,296967.0,80923.4,
688502.SH,20260820,455.0,3.0296,8.4833,0.64,518.545,1292.93,20.1397,34.7672,32.8325,0.0744,0.0897,5280.07,5280.07,1885.67,2402430.0,2402430.0,
300753.SZ,20260820,23.18,11.4513,13.3167,0.86,,,4.4066,8.5428,8.4566,0.2804,,12604.8,8789.4,7558.17,292179.0,203738.0,
301159.SZ,20260820,32.57,5.5188,8.3322,1.04,300.23,111.078,3.8806,6.5701,6.5337,,,7735.0,5301.5,3511.4,251929.0,172670.0,
301516.SZ,20260820,23.5,29.7612,29.7612,1.15,,,5.2067,7.0422,6.6371,,,28070.2,7017.54,7017.54,659649.0,164912.0,
300671.SZ,20260820,60.08,7.5184,10.9297,1.25,,,7.9388,15.6038,11.5929,,,22138.6,22078.5,15187.5,1330090.0,1326480.0,
688362.SH,20260820,64.61,4.875,6.3487,0.67,358.293,349.713,11.2278,6.6577,6.3314,,,45322.4,45322.4,34801.4,2928280.0,2928280.0,
603679.SH,20260820,21.6,2.1167,3.0246,0.39,,,4.3591,8.179,7.3008,,,17768.6,17768.6,12434.8,383802.0,383802.0,
002514.SZ,20260820,1.73,5.4187,6.787,0.91,,,,5.5792,5.4599,,,72003.4,55403.3,44233.1,124566.0,95847.6,
301628.SZ,20260820,91.06,9.6869,9.6869,0.8,56.7778,58.6411,5.7442,7.1981,6.8327,0.4393,0.5491,7537.58,2787.58,2787.58,686372.0,253837.0,
002738.SZ,20260820,51.63,1.9932,2.317,0.77,82.2877,45.3413,2.9519,5.7536,5.8981,0.9579,0.9579,72938.5,71101.5,61162.7,3765810.0,3670970.0,
920275.BJ,20260820,6.55,0.6877,1.8459,0.63,236.297,276.229,4.4667,13.5983,13.1053,0.916,0.3817,15937.8,13191.5,4914.91,104392.0,86404.0,
600744.SH,20260820,6.39,3.2793,7.1505,0.36,159.111,89.9254,10.0687,1.6094,1.6098,,,203112.0,203112.0,93148.5,1297890.0,1297890.0,
688314.SH,20260820,32.65,1.1901,2.8702,1.29,27.0017,30.35,3.6252,7.5914,7.7868,1.1583,1.5851,8162.83,8162.83,3384.65,266516.0,266516.0,
601949.SH,20260820,5.13,0.4,1.7447,0.51,15.0918,16.9736,0.9817,1.8311,1.8757,1.9883,1.9883,190397.0,190397.0,43654.3,976736.0,976736.0,
300815.SZ,20260820,16.06,1.1994,2.2817,0.79,11.4712,11.4108,1.3613,0.829,0.8201,2.335,2.1544,39859.2,39038.0,20521.7,640139.0,626951.0,
688091.SH,20260820,42.48,4.1425,5.9569,2.08,136.018,128.117,6.0621,27.7805,27.0842,,,20670.4,20607.3,14330.6,878077.0,875398.0,
605298.SH,20260820,46.37,0.3581,1.2802,0.84,153.41,152.063,8.1386,15.5141,15.6291,0.3235,0.4313,18785.0,18625.1,5209.97,871060.0,863646.0,
605358.SH,20260820,43.85,6.2459,8.0099,0.84,,493.934,3.1584,9.4296,8.4244,,0.3409,77219.9,77219.9,60214.2,3386090.0,3386090.0,
300978.SZ,20260820,8.56,1.1087,1.9663,0.94,25.4018,29.0089,2.167,1.7785,1.8413,4.0888,4.6729,42270.3,28708.9,16187.3,361834.0,245748.0,
300165.SZ,20260820,5.16,4.5571,4.7844,1.32,,,2.422,4.1296,4.0864,,,49551.2,42053.5,40055.6,255684.0,216996.0,
001256.SZ,20260820,23.35,5.2587,11.4147,1.33,25.0351,23.0514,2.5389,6.2196,5.9752,0.852,1.278,14261.3,10691.3,4925.41,333000.0,249641.0,
002856.SZ,20260820,14.04,2.7742,4.3226,0.69,,,,5.3885,5.4902,,,13531.3,12390.4,7952.14,189979.0,173962.0,
600710.SH,20260820,10.21,0.3727,0.9711,0.63,9.8419,9.724,1.5577,0.1132,0.1083,3.6141,4.0646,130675.0,130675.0,50158.0,1334190.0,1334190.0,
300157.SZ,20260820,3.84,2.8231,3.3726,0.48,72.2395,,,4.0879,4.0066,,,76534.5,73344.1,61394.1,293893.0,281641.0,
300076.SZ,20260820,4.5,0.8432,1.1996,0.56,,,2.2729,23.128,21.0369,,,42400.0,42400.0,29800.4,190800.0,190800.0,
688353.SH,20260820,90.0,6.5685,14.193,1.32,1082.86,47.9256,3.932,16.5097,10.9405,,,15950.0,15950.0,7381.62,1435500.0,1435500.0,
688733.SH,20260820,30.0,2.2688,3.115,0.54,,,2.864,9.5121,8.6153,0.3303,0.329,19977.5,19977.5,14550.2,599326.0,599326.0,
002807.SZ,20260820,3.97,1.8169,1.9282,1.4,5.2447,5.222,0.5386,2.6059,2.5489,6.8697,5.0378,270753.0,270353.0,254753.0,1074890.0,1073300.0,
600118.SH,20260820,61.44,5.6219,11.415,1.52,2043.28,722.088,11.3437,11.9044,10.8968,0.0163,0.0195,118249.0,118249.0,58237.7,7265210.0,7265210.0,
002458.SZ,20260820,9.24,4.165,4.8282,0.63,79.9433,28.3264,2.851,4.4793,3.9737,2.8795,1.5964,143119.0,96638.6,83363.4,1322420.0,892940.0,
601702.SH,20260820,16.2,1.3781,4.5426,1.04,13.4593,13.6073,2.416,1.2955,1.25,1.8519,1.8519,99853.1,99853.1,30293.0,1617620.0,1617620.0,
002664.SZ,20260820,15.23,1.0678,2.1703,0.73,46.5071,46.3755,1.7449,1.0188,0.9775,,0.394,40820.0,40294.7,19824.3,621689.0,613689.0,
002446.SZ,20260820,8.52,2.4595,2.5262,0.63,112.012,112.123,3.0642,6.465,6.5157,,,91541.6,84777.7,82540.6,779934.0,722306.0,
600409.SH,20260820,6.65,1.0618,1.9488,0.84,153.336,806.367,0.9965,0.729,0.7391,1.0977,0.4511,206435.0,206435.0,112473.0,1372790.0,1372790.0,
000960.SZ,20260820,36.95,2.7783,4.8379,0.95,30.9223,25.2493,2.8321,1.3966,1.1256,0.785,0.9743,164543.0,164543.0,94493.8,6079870.0,6079870.0,
600626.SH,20260820,3.55,0.5846,1.3144,0.94,1162.99,105.543,1.4617,0.4364,0.4396,,0.2817,132074.0,132074.0,58746.4,468864.0,468864.0,
603569.SH,20260820,5.91,0.6148,2.1246,1.28,,,1.3444,0.9657,1.0091,6.0914,10.9983,60350.7,60350.7,17464.8,356673.0,356673.0,
600360.SH,20260820,10.89,7.7398,9.9635,1.23,60.4994,59.4718,2.9758,4.637,4.5898,0.6795,0.5051,96029.5,96029.5,74596.9,1045760.0,1045760.0,
920119.BJ,20260820,49.09,0.6828,0.6828,0.72,18.2679,17.782,2.5254,3.6212,3.4424,,0.7275,10097.3,2757.03,2757.03,495674.0,135343.0,
600272.SH,20260820,18.33,31.0841,52.0289,0.93,372.127,209.258,6.0586,4.2514,4.2519,0.2142,0.0818,26265.2,16000.0,9559.02,481441.0,293280.0,
000014.SZ,20260820,10.13,2.2001,3.3343,0.95,,,1.7755,7.9058,7.3151,,,24204.6,24204.6,15971.0,245193.0,245193.0,
002053.SZ,20260820,9.17,1.322,4.9679,1.03,35.7307,38.158,1.1072,3.3842,3.8593,3.5987,1.4177,92072.9,92072.3,24501.7,844309.0,844303.0,
002101.SZ,20260820,8.61,0.5615,1.1427,0.89,15.7528,18.4027,0.7167,0.6204,0.6299,3.6438,2.9268,66282.3,66221.2,32539.8,570691.0,570165.0,
688012.SH,20260820,365.5,2.1891,2.8032,0.95,165.804,82.7492,11.655,28.2682,24.8022,0.0535,0.0629,95784.2,94219.7,73578.9,35009100.0,34437300.0,
002700.SZ,20260820,6.31,3.6777,3.6991,1.02,32.1086,33.8524,1.8666,3.7749,3.9008,1.046,0.3962,41362.8,21478.6,21354.3,260999.0,135530.0,
301335.SZ,20260820,24.17,7.1666,12.2958,1.79,52.4964,55.6399,1.5939,1.029,0.9918,0.7933,0.7933,12779.8,8839.19,5151.89,308888.0,213643.0,
301377.SZ,20260820,412.0,3.934,5.2509,1.02,402.889,183.32,55.9383,81.5038,54.9025,0.1645,0.2177,42404.5,9886.09,7406.81,17470700.0,4073070.0,
601077.SH,20260820,6.82,0.5374,0.9046,0.83,6.3862,6.2878,0.5697,2.7036,2.6476,4.4663,4.7054,1135700.0,883824.0,525036.0,7745470.0,6027680.0,
688521.SH,20260820,178.37,4.2055,5.5849,1.0,,,32.0656,29.7571,23.2071,,,52591.5,52591.5,39602.1,9380750.0,9380750.0,
688390.SH,20260820,65.15,1.9965,2.9793,0.62,117.405,59.9036,5.5676,1.7819,1.6909,,,24312.3,24312.3,16292.3,1583950.0,1583950.0,
002648.SZ,20260820,27.1,1.8538,3.7395,1.14,17.1899,10.3814,2.3994,1.9816,1.7121,1.8384,1.8417,336865.0,336648.0,166886.0,9129030.0,9123170.0,
600778.SH,20260820,5.56,1.7485,2.8419,1.01,130.994,125.767,6.8515,1.2147,1.2572,,,31149.1,31121.5,19147.8,173189.0,173035.0,
301275.SZ,20260820,41.37,1.1081,1.5188,0.71,38.683,36.2014,4.2038,4.1492,3.7129,0.3674,0.2396,42240.0,30085.9,21950.9,1747470.0,1244650.0,
920039.BJ,20260820,8.59,0.9933,3.0314,0.42,42.3582,45.2295,2.4306,4.7669,4.8504,2.3283,1.1641,15382.0,15382.0,5040.19,132131.0,132131.0,
002899.SZ,20260820,19.39,1.4276,2.0219,0.78,45.4969,44.9157,1.6202,2.4371,2.4266,0.3835,0.4244,14779.7,14779.7,10435.8,286578.0,286578.0,
300467.SZ,20260820,33.17,1.8814,1.8814,0.4,263.465,267.889,10.3748,23.4923,23.5306,,,20320.5,17022.2,17022.2,674031.0,564626.0,
300380.SZ,20260820,27.83,1.4053,2.3003,0.7,129.305,103.882,9.3411,3.7615,3.6944,0.1797,0.3593,13843.9,12736.6,7781.27,385276.0,354458.0,
603826.SH,20260820,16.73,0.5599,2.0442,0.67,,,7.6175,11.3125,10.0768,,0.6897,85176.0,85176.0,23328.2,1424990.0,1424990.0,
600255.SH,20260820,3.19,2.0787,2.322,0.65,186.518,107.149,3.836,1.2128,1.0861,,,180615.0,180615.0,161694.0,576161.0,576161.0,
300049.SZ,20260820,42.98,4.4778,4.8186,1.03,73.6349,72.1563,5.7253,7.112,6.9818,,0.349,26399.1,23359.0,21706.6,1134630.0,1003970.0,
000975.SZ,20260820,27.9,3.4731,5.3504,1.78,26.0304,20.397,4.8588,4.524,4.4172,1.3102,1.7219,277253.0,252321.0,163790.0,7735350.0,7039770.0,
688051.SH,20260820,25.0,2.2797,5.3806,1.59,,,3.3403,9.3621,10.0159,,,7733.4,7733.4,3276.55,193335.0,193335.0,
300575.SZ,20260820,6.03,7.0807,8.0226,1.03,,,1.4375,1.0773,0.9973,0.8052,,47858.5,34632.2,30566.0,288587.0,208832.0,
000957.SZ,20260820,10.35,0.9069,1.3544,0.59,17.0625,16.0377,1.9012,0.8373,0.8273,1.2454,0.9533,59290.4,59290.4,39698.1,613656.0,613656.0,
300041.SZ,20260820,10.83,2.8573,3.316,0.69,27.4657,27.184,2.0006,1.3659,1.3381,1.385,1.385,55943.6,54442.4,46911.4,605869.0,589612.0,
688597.SH,20260820,6.79,1.313,1.7958,0.35,30.4516,48.4347,2.8665,2.2805,2.2604,1.4912,,33606.0,33606.0,24570.9,228185.0,228185.0,
688100.SH,20260820,25.91,0.9543,3.6755,0.71,19.1208,22.6072,3.5386,4.2785,4.76,2.9548,2.1045,49168.5,49168.5,12766.0,1273960.0,1273960.0,
920344.BJ,20260820,24.76,4.7108,10.2018,2.62,587.063,163.411,4.81,10.5456,10.0177,,,12181.0,11372.8,5251.56,301602.0,281591.0,
002151.SZ,20260820,27.95,2.6176,2.8291,0.86,,,3.1379,6.8581,6.0469,,,54291.1,44281.5,40970.7,1517440.0,1237670.0,
600739.SH,20260820,10.96,2.4936,4.4398,2.87,22.6522,17.7471,0.566,1.685,1.769,0.1825,1.3686,152232.0,152232.0,85499.6,1668460.0,1668460.0,
301163.SZ,20260820,23.54,1.8032,2.5626,0.91,47.1138,46.5671,1.676,2.2415,2.2907,0.531,0.531,8160.0,5472.56,3850.73,192086.0,128824.0,
002401.SZ,20260820,12.13,0.9284,1.8206,1.12,138.542,127.581,2.7139,2.4968,2.6098,1.0717,0.2308,37166.8,37135.0,18936.5,450834.0,450447.0,
000789.SZ,20260820,4.1,0.4904,0.968,1.36,112.673,,0.5067,0.7177,0.7602,3.482,3.482,79742.0,79742.0,40403.5,326942.0,326942.0,
300634.SZ,20260820,19.65,2.1988,3.7465,0.38,30.5049,36.5662,2.909,4.845,5.2993,0.8097,0.9147,45121.1,43427.4,25487.8,886629.0,853347.0,
001203.SZ,20260820,26.45,1.0444,2.7463,0.89,55.0925,62.1442,5.6333,9.9151,10.4099,0.7285,0.7501,153308.0,130596.0,49665.1,4055000.0,3454260.0,
001337.SZ,20260820,48.57,6.2494,15.2303,1.58,43.7921,32.1021,9.7027,19.8796,15.7087,0.5147,1.0294,42000.0,42000.0,17233.8,2039940.0,2039940.0,
000410.SZ,20260820,5.03,1.0514,1.4136,0.39,,,3.1902,3.5644,3.7071,,,264907.0,197102.0,146598.0,1332480.0,991422.0,
300040.SZ,20260820,5.81,3.8277,4.0851,0.37,91.2985,85.2019,1.4304,2.5722,2.5132,0.9676,0.3442,64341.0,51737.6,48477.7,373821.0,300595.0,
301368.SZ,20260820,39.63,1.4216,2.2556,0.68,,,5.0494,9.4815,9.2838,0.1691,,12010.0,12010.0,7569.58,475956.0,475956.0,
600681.SH,20260820,3.43,1.12,2.219,0.81,19.3923,18.7671,1.2497,0.8835,0.912,6.8513,4.3732,134085.0,133981.0,67624.7,459913.0,459554.0,
300938.SZ,20260820,27.75,3.481,5.0579,0.82,48.1733,46.3612,4.9301,11.7685,11.3568,0.6826,0.7722,34086.2,29585.0,20361.7,945892.0,820984.0,
920037.BJ,20260820,40.0,0.6376,0.8728,0.51,25.8894,24.2372,5.6449,6.4384,6.044,1.1714,2.3429,12804.8,7828.79,5719.49,512192.0,313152.0,
600515.SH,20260820,2.86,0.8745,1.4503,1.24,149.505,141.682,1.3475,7.3927,6.4415,0.1748,0.1748,1142530.0,917601.0,553282.0,3267640.0,2624340.0,
002395.SZ,20260820,12.28,0.9891,2.788,0.89,16.2995,20.0539,2.1214,1.279,1.2643,1.2215,1.6287,26820.9,26818.6,9514.05,329361.0,329332.0,
002297.SZ,20260820,17.29,7.4812,8.9991,0.83,160.201,51.2946,4.3852,10.8837,8.8288,,,57310.5,57310.5,47643.9,990898.0,990898.0,
002547.SZ,20260820,2.53,2.0614,2.815,0.72,,,,1.2798,1.2812,,,112806.0,110481.0,80903.2,285398.0,279516.0,
600982.SH,20260820,4.81,1.0175,2.0723,0.48,15.4521,14.2158,1.1782,1.4194,1.3845,3.1185,3.5343,111763.0,111763.0,54876.7,537579.0,537579.0,
688606.SH,20260820,49.3,0.9137,2.0432,1.43,16.9387,20.9103,0.9606,4.1197,4.1802,5.2312,4.1644,7565.44,7565.44,3383.08,372976.0,372976.0,
300736.SZ,20260820,28.96,5.5475,7.4825,0.88,,,56.3008,8.763,9.17,,,12793.4,12470.7,9245.68,370498.0,361153.0,
605369.SH,20260820,17.71,0.9344,2.9325,1.37,75.5761,69.4051,2.2663,3.4276,3.3563,1.6162,0.8485,21980.3,21980.3,7003.46,389271.0,389271.0,
920166.BJ,20260820,21.9,3.0544,3.0544,0.92,19.2149,19.1554,2.645,4.7756,4.6428,,,7529.41,2376.47,2376.47,164894.0,52044.7,
603119.SH,20260820,49.5,2.442,4.252,1.32,84.0813,76.7125,11.1532,17.0136,13.7553,0.3022,0.3574,47286.0,47286.0,27156.9,2340660.0,2340660.0,
300802.SZ,20260820,22.35,2.3559,3.035,0.59,70.6006,70.3438,4.1796,8.2071,7.982,0.6895,0.7706,28407.8,20236.0,15708.4,634915.0,452274.0,
603373.SH,20260820,38.71,2.029,2.9818,0.44,46.0302,45.281,3.1143,2.1461,2.1343,1.2917,1.0149,15053.8,6360.22,4327.96,582731.0,246204.0,
603897.SH,20260820,29.87,8.0827,19.4035,0.66,19.5461,19.2736,2.5944,0.4899,0.4441,6.0261,5.0218,20643.6,20643.6,8599.24,616623.0,616623.0,
920579.BJ,20260820,14.84,1.044,1.044,0.5,,,4.1139,4.0665,4.4163,0.2156,,12948.0,4457.44,4457.44,192148.0,66148.4,
300834.SZ,20260820,38.6,0.5222,1.2752,0.54,148.851,141.634,2.5974,5.729,6.1243,0.7808,0.3723,19371.2,19199.8,7862.23,747730.0,741113.0,
300677.SZ,20260820,48.98,1.3911,1.5888,0.93,31.7303,48.0081,1.7573,3.2309,3.1079,0.3009,0.3047,65475.3,46561.3,40768.7,3206980.0,2280570.0,
000692.SZ,20260820,4.13,4.9418,7.0587,0.43,,67.0946,11.8661,1.0461,1.0413,,,53283.3,53283.3,37303.6,220060.0,220060.0,
600730.SH,20260820,10.21,1.9065,2.3839,0.79,,,3.5711,76.7526,85.5677,0.0979,,58665.6,58665.6,46917.3,598976.0,598976.0,
301590.SZ,20260820,73.95,2.2783,2.2783,0.75,40.6052,105.722,2.2467,3.2877,3.6721,1.1576,0.7727,5887.44,2437.26,2437.26,435376.0,180235.0,
002175.SZ,20260820,2.62,1.2929,1.5168,0.77,,,4.3223,10.5401,10.2849,,,127678.0,127678.0,108828.0,334517.0,334517.0,
300988.SZ,20260820,14.51,1.7928,2.5909,0.86,31.3002,30.6387,2.1858,1.4771,1.4076,0.8198,0.9622,19695.8,16210.2,11216.6,285786.0,235209.0,
920363.BJ,20260820,10.15,0.9637,1.339,0.54,265.699,246.692,3.6093,6.4804,6.2788,,1.1349,12402.2,7051.24,5074.65,125882.0,71570.1,
300694.SZ,20260820,10.64,1.2027,1.6893,0.84,18.823,17.6832,1.525,1.639,1.6678,0.7458,0.7989,21707.0,21678.4,15434.2,230963.0,230658.0,
002094.SZ,20260820,4.65,2.1627,2.7522,1.14,151.621,158.735,2.1764,1.9116,1.8942,,,69089.8,69045.4,54255.5,321267.0,321061.0,
000893.SZ,20260820,47.82,1.8811,2.7922,1.05,26.4192,24.2704,3.1803,8.2982,7.8903,,0.2274,92405.1,81180.6,54692.7,4418810.0,3882060.0,
603499.SH,20260820,11.72,1.2027,2.9608,1.28,42.7021,41.1896,5.208,4.7989,4.6943,0.8707,0.4876,42363.2,42363.2,17208.5,496497.0,496497.0,
920212.BJ,20260820,9.75,1.5942,2.7668,1.38,98.0159,84.8666,2.4359,2.0734,1.937,0.6154,0.3692,10610.0,5160.23,2973.37,103448.0,50312.2,
002261.SZ,20260820,25.67,3.1562,3.5173,0.52,507.403,597.192,12.3819,10.1997,10.1833,,,125997.0,114611.0,102844.0,3234340.0,2942050.0,
920252.BJ,20260820,15.25,1.4711,2.4197,0.71,172.339,186.661,5.8956,3.9226,3.965,0.3869,0.4525,10265.1,6823.12,4148.2,156542.0,104053.0,
603800.SH,20260820,67.89,2.3581,4.4488,0.74,972.194,594.502,17.8525,13.09,13.3029,0.1428,,20800.0,20800.0,11025.0,1412110.0,1412110.0,
300209.SZ,20260820,32.92,10.6203,11.3934,0.53,,,32.5344,211.167,85.7748,,,92863.6,74290.9,69249.6,3057070.0,2445660.0,
002520.SZ,20260820,5.99,6.004,7.9914,0.48,,,15.181,3.824,4.7792,,,75024.5,71744.0,53902.6,449397.0,429747.0,
002612.SZ,20260820,15.48,2.1025,2.888,0.54,6.854,7.2011,2.0491,1.141,1.1092,2.584,7.7519,44244.5,25445.9,18524.8,684905.0,393903.0,
603332.SH,20260820,11.49,3.3992,8.5071,1.76,32.4374,25.3665,1.9034,1.499,1.3317,1.9086,2.4291,21634.7,21634.7,8644.62,248583.0,248583.0,
002790.SZ,20260820,5.95,1.8955,3.4695,1.11,135.816,,1.2032,1.3832,1.4324,3.3613,0.2521,41787.2,26069.8,14242.5,248634.0,155115.0,
300548.SZ,20260820,204.0,6.4141,8.4838,1.03,179.603,160.281,28.7645,23.746,22.5689,0.0387,0.1422,29480.5,29420.9,22243.6,6014020.0,6001860.0,
600350.SH,20260820,10.51,0.184,1.3917,0.65,15.851,15.713,1.6562,2.1237,2.1095,3.9962,3.9962,483457.0,483457.0,63933.0,5081130.0,5081130.0,
601330.SH,20260820,7.02,0.5953,1.8949,0.77,16.2635,15.7147,1.2138,2.8421,2.7893,4.1189,4.5069,143058.0,98909.5,31074.3,1004270.0,694345.0,
301359.SZ,20260820,16.8,2.4503,3.8186,1.17,49.9213,58.4764,2.3486,5.8874,5.8786,2.1259,1.7857,12017.6,7114.7,4565.27,201896.0,119527.0,
601611.SH,20260820,10.72,0.7233,2.1753,0.59,24.4937,27.6009,1.4347,0.317,0.3388,0.9701,0.5597,301383.0,301383.0,100211.0,3230830.0,3230830.0,
000682.SZ,20260820,11.63,0.9149,1.5624,0.82,17.0974,15.4008,2.4942,1.8613,1.7554,0.7051,0.7481,134073.0,134060.0,78497.5,1559270.0,1559120.0,
301056.SZ,20260820,10.88,1.2956,2.8361,0.63,38.7303,42.3454,3.6509,5.2203,5.4443,5.5147,3.6765,26678.7,17599.6,8039.67,290264.0,191483.0,
688225.SH,20260820,12.07,0.8749,1.6737,0.62,,,3.1104,0.6237,0.6302,,,40001.0,40001.0,20910.8,482812.0,482812.0,
300195.SZ,20260820,5.48,2.2731,2.4403,0.92,96.4937,,0.8692,1.4299,1.4787,,0.365,42370.8,31386.5,29236.1,232192.0,171998.0,
002306.SZ,20260820,1.95,1.0567,1.2848,1.22,,,24.4552,5.0975,5.1158,,,86976.2,81268.9,66841.0,169604.0,158474.0,
002721.SZ,20260820,2.59,4.6216,6.6109,0.8,239.306,82.4391,3.2005,7.8504,7.2042,,,265938.0,265938.0,185915.0,688779.0,688779.0,
600331.SH,20260820,12.69,2.1426,3.1195,0.88,,,10.7622,8.8381,9.0452,,,264160.0,203200.0,139569.0,3352190.0,2578610.0,
600796.SH,20260820,5.14,1.2987,1.9306,0.71,26.774,25.832,1.2813,2.63,2.7253,0.6031,0.6031,86658.6,31147.8,20953.2,445425.0,160100.0,
688530.SH,20260820,64.73,12.8956,12.8956,0.7,,5489.67,12.2296,18.9694,14.1022,0.1004,,16004.5,6977.88,6977.88,1035970.0,451678.0,
605365.SH,20260820,13.79,0.6646,3.9628,0.98,33.1946,43.3615,1.8205,1.008,1.0171,3.0436,1.5218,50201.3,50201.3,8419.61,692276.0,692276.0,
000520.SZ,20260820,4.41,3.0933,4.5157,1.12,,,9.9816,5.9156,4.1197,,,101208.0,101208.0,69328.8,446329.0,446329.0,
300536.SZ,20260820,8.8,2.3659,2.5312,0.61,,,9.1626,13.4902,13.6283,,,29328.8,29326.7,27411.4,258094.0,258075.0,
600735.SH,20260820,5.95,1.0534,1.868,0.87,,,2.3916,1.9078,1.9318,,,42877.8,42545.2,23991.9,255123.0,253144.0,
600027.SH,20260820,4.51,0.5165,1.2052,0.87,8.6271,8.9167,1.0475,0.4156,0.4263,4.6726,5.0998,1161180.0,921568.0,394970.0,5236910.0,4156270.0,
002768.SZ,20260820,65.5,4.7228,7.1908,1.26,33.9923,28.9781,4.1467,1.3457,1.2872,0.2888,0.5158,43660.0,25225.8,16567.8,2859730.0,1652290.0,
600333.SH,20260820,6.25,1.4892,3.6103,0.92,,328.648,1.9653,1.5462,1.5322,,,60903.1,60903.1,25122.0,380644.0,380644.0,
300267.SZ,20260820,3.33,4.4124,5.7747,1.84,,,1.7077,5.8918,6.4821,,,206260.0,142237.0,108681.0,686847.0,473650.0,
688389.SH,20260820,11.42,0.8435,1.1987,1.68,26.5622,30.0165,2.2762,4.7149,4.519,2.4694,2.4694,42848.6,42848.6,30152.8,489331.0,489331.0,
002561.SZ,20260820,6.78,0.7801,1.2281,0.72,,,1.3,7.7186,7.9648,0.885,,41576.3,41444.0,26325.0,281887.0,280990.0,
002936.SZ,20260820,1.78,1.5237,1.9089,1.38,8.5403,8.3015,0.3503,1.2525,1.2481,1.1236,,909209.0,702930.0,561054.0,1618390.0,1251210.0,
300858.SZ,20260820,15.85,5.6466,6.7981,1.15,44.1856,46.8516,2.2481,11.4133,11.1876,0.9464,0.6229,26349.5,19574.0,16258.5,417640.0,310248.0,
600449.SH,20260820,11.96,2.8223,5.5376,0.64,31.404,30.7486,0.7761,1.1055,1.2023,1.7559,1.3378,47818.1,47818.1,24370.6,571904.0,571904.0,
301379.SZ,20260820,21.77,6.0666,7.4516,0.65,42.5481,48.0018,4.1274,3.3815,3.3257,0.922,0.6476,27748.2,21868.0,17803.4,604078.0,476066.0,
600105.SH,20260820,38.85,8.6756,11.3963,0.73,243.102,135.698,15.6083,10.7434,8.9222,0.2188,0.1287,146199.0,146199.0,111296.0,5679850.0,5679850.0,
688551.SH,20260820,38.98,2.6258,5.2296,0.69,66.4368,83.5473,3.2271,8.2883,8.5893,0.7839,0.5866,10899.5,10899.5,5472.61,424861.0,424861.0,
600098.SH,20260820,6.25,0.4764,1.8181,1.02,9.447,9.1202,0.7886,0.431,0.4239,5.9205,5.6,350586.0,350586.0,91860.5,2191170.0,2191170.0,
300482.SZ,20260820,17.77,3.0188,4.8178,2.07,,,1.5376,3.9859,4.4521,2.3151,1.2343,46808.9,43006.6,26947.2,831794.0,764228.0,
301309.SZ,20260820,29.88,1.5946,3.7911,0.58,26.4132,26.7169,1.793,3.4915,3.433,0.9987,1.004,10053.4,6058.09,2548.09,300397.0,181016.0,
002303.SZ,20260820,4.61,4.3599,5.1898,0.9,27.0539,29.178,1.5716,1.778,1.8071,4.2733,3.167,153132.0,96688.1,81228.4,705940.0,445732.0,
600838.SH,20260820,7.51,2.1245,3.1519,1.07,66.4147,70.2462,1.9504,31.4769,31.3695,0.4261,0.4527,40088.2,40088.2,27021.3,301062.0,301062.0,
603276.SH,20260820,16.38,3.3615,3.3615,0.93,56.6611,46.5494,1.8925,3.917,3.6693,0.7551,0.915,20764.9,7547.74,7547.74,340130.0,123632.0,
300773.SZ,20260820,14.79,3.7411,5.1337,1.29,13.7375,9.9871,3.4702,2.8992,2.6137,1.9602,2.9119,108733.0,102861.0,74958.3,1608160.0,1521320.0,
300725.SZ,20260820,54.38,22.6269,23.8444,1.37,69.1997,60.3489,2.7848,6.4394,6.0138,0.438,0.5131,23380.7,20272.0,19237.0,1271440.0,1102390.0,
600691.SH,20260820,2.51,1.5899,3.2437,1.29,,,1.9175,0.6057,0.6084,,,237598.0,237559.0,116439.0,596372.0,596272.0,
920519.BJ,20260820,9.84,0.631,0.6557,0.8,43.8794,34.168,1.6527,2.1106,2.0125,1.0037,1.5055,8925.81,7936.73,7637.41,87830.0,78097.4,
603755.SH,20260820,23.63,0.8737,2.1105,1.16,27.6717,27.4973,3.0693,4.976,4.7328,1.8769,2.0855,9861.37,9861.37,4082.37,233024.0,233024.0,
002437.SZ,20260820,4.73,22.9569,24.6608,0.67,27.9839,25.6264,4.4168,4.9391,4.9674,,,222987.0,210015.0,195505.0,1054730.0,993373.0,
300946.SZ,20260820,36.6,1.1495,1.8304,0.69,154.947,248.873,4.7702,8.6424,8.1682,0.6431,0.6557,15600.8,7579.9,4760.2,570989.0,277424.0,
600338.SH,20260820,13.1,3.6613,3.9622,1.0,23.3894,21.1487,2.5213,4.9285,4.083,0.4198,0.1527,91421.0,91421.0,84478.1,1197620.0,1197620.0,
300190.SZ,20260820,3.65,0.7986,1.1152,0.52,,,1.129,2.1096,2.1355,,,94808.9,94424.2,67616.9,346052.0,344648.0,
688146.SH,20260820,260.88,13.2721,13.2721,0.97,399.725,267.878,22.988,61.1126,44.2049,0.0663,0.0751,52941.2,14497.1,14497.1,13811300.0,3782000.0,
601899.SH,20260820,34.25,1.9978,2.8349,,17.5894,14.7631,4.6166,2.609,2.4705,1.4564,1.7472,2659070.0,2060180.0,1451830.0,91073200.0,70561100.0,
603195.SH,20260820,40.07,0.2118,1.2568,0.87,17.7525,17.3964,4.0561,4.5091,4.4706,4.2915,4.7534,180345.0,180016.0,30339.4,7226410.0,7213250.0,
603028.SH,20260820,7.0,1.1202,1.5822,0.98,,,4.3266,1.17,1.2322,,,28704.0,28419.0,20120.9,200928.0,198933.0,
601579.SH,20260820,18.65,4.1789,10.1038,0.59,36.5514,33.0145,2.3008,4.9077,4.8572,2.1045,1.5784,47946.3,47946.3,19830.5,894199.0,894199.0,
600033.SH,20260820,3.55,0.8408,1.9069,1.05,10.2739,10.1727,0.7739,3.1953,3.205,2.8169,3.4085,274440.0,274440.0,121003.0,974262.0,974262.0,
600313.SH,20260820,6.92,19.0361,31.6126,2.44,96.1508,157.778,3.3265,1.2079,1.1929,,0.1299,116137.0,108220.0,65166.6,803671.0,748882.0,
002815.SZ,20260820,12.93,4.1944,5.1458,0.75,49.2558,66.1721,1.7942,2.1154,2.0283,0.8131,1.0054,123415.0,77714.2,63346.4,1595760.0,1004840.0,
300910.SZ,20260820,26.46,1.4944,2.1089,0.81,13.7634,14.8746,2.5603,2.8889,2.8664,3.4378,4.2972,38304.2,26827.6,19011.4,1013530.0,709859.0,
300255.SZ,20260820,25.55,5.0967,7.3423,0.94,,,19.4043,26.8325,26.9124,,,91906.1,91762.3,63697.9,2348200.0,2344530.0,
300577.SZ,20260820,17.92,1.6307,2.2892,0.58,12.9813,12.4755,1.9628,0.8786,0.8744,1.9253,2.3152,23983.6,14216.5,10127.1,429787.0,254759.0,
301018.SZ,20260820,86.5,4.4875,7.5024,0.7,149.348,169.551,11.7315,7.6916,7.7123,0.1315,0.2064,37428.1,28282.3,16916.7,3237530.0,2446420.0,
301079.SZ,20260820,27.63,3.8774,4.6828,0.93,513.912,369.827,6.252,10.7844,10.8383,0.073,0.0727,10845.8,7693.34,6370.13,299669.0,212567.0,
002377.SZ,20260820,2.69,1.5725,2.0016,0.63,124.796,108.982,6.2008,1.115,0.9637,,,91632.5,87242.3,68539.8,246491.0,234682.0,
300745.SZ,20260820,28.54,3.7114,4.1804,0.84,,,2.1724,1.8017,1.7042,,,16856.7,14231.2,12634.5,481089.0,406157.0,
603209.SH,20260820,14.07,3.2216,5.7245,2.51,16.9368,13.1615,1.3332,2.8081,2.459,1.2235,1.4083,32500.0,32149.2,18092.7,457275.0,452339.0,
688009.SH,20260820,4.95,0.2421,1.04,0.9,14.2197,14.3766,1.0947,1.5171,1.5275,3.4343,3.4343,1058980.0,862102.0,200680.0,5241960.0,4267400.0,
688513.SH,20260820,48.1,2.9529,5.611,1.79,29.8924,30.9559,2.8424,6.3777,6.2804,0.8808,1.0061,17653.2,17653.2,9290.48,849120.0,849120.0,
300935.SZ,20260820,30.96,4.7129,6.7373,0.55,,,3.3456,19.3252,19.9017,,,7943.07,6025.95,4215.29,245917.0,186563.0,
601398.SH,20260820,7.78,0.1446,1.2496,1.12,7.5234,7.467,0.7033,3.3078,3.2398,5.7763,3.9884,35640600.0,26961200.0,3119270.0,277284000.0,209758000.0,
920855.BJ,20260820,12.44,0.6711,2.2112,0.6,27.0491,34.2176,1.5965,3.4713,3.5628,1.6881,1.2058,7473.33,6703.69,2034.52,92968.3,83393.9,
300822.SZ,20260820,11.58,1.2816,4.0497,0.96,296.337,152.506,2.8749,4.3029,4.5117,0.8592,0.2578,31153.6,28898.2,9145.42,360759.0,334641.0,
688727.SH,20260820,48.0,5.1105,5.1105,0.59,220.542,226.702,8.5282,32.7333,32.7254,,,44932.0,5402.82,5402.82,2156730.0,259335.0,
002831.SZ,20260820,25.55,0.7949,1.1406,0.51,20.6718,20.6111,2.6687,1.9095,1.8992,2.841,3.4157,128833.0,71422.2,49776.6,3291690.0,1824840.0,
688380.SH,20260820,42.51,3.3644,8.0413,0.76,59.8896,46.0816,5.2721,15.1669,12.6637,0.5859,0.7031,40036.5,40036.5,16751.1,1701950.0,1701950.0,
603267.SH,20260820,48.61,2.3671,3.7636,0.58,44.9497,39.2733,2.4863,6.2604,6.4615,0.5543,0.7185,23108.1,23108.1,14533.7,1123280.0,1123280.0,
002533.SZ,20260820,11.22,0.7199,0.9571,0.61,13.7267,13.2703,1.8457,0.4052,0.3604,2.2086,3.9755,73394.1,64614.4,48601.4,823482.0,724974.0,
688379.SH,20260820,52.51,4.324,7.3738,0.8,26.5177,38.4541,3.5528,1.9513,1.6359,0.7495,1.1376,9497.86,9008.55,5282.64,498732.0,473039.0,
002598.SZ,20260820,6.5,0.6598,1.0172,1.04,32.1373,34.1012,1.6194,1.0462,1.0781,1.5384,1.5385,31205.3,28653.0,18584.6,202834.0,186244.0,
300246.SZ,20260820,15.71,16.7225,19.111,1.68,,,3.8621,3.795,3.8115,0.3147,0.3147,26460.7,21149.0,18505.8,415697.0,332251.0,
000723.SZ,20260820,3.61,5.4238,8.6715,3.09,,,1.2871,0.8847,0.8782,,,440350.0,439518.0,274905.0,1589660.0,1586660.0,
301213.SZ,20260820,43.25,1.4465,2.7548,0.71,363.898,252.791,6.0237,24.1111,22.7423,,0.1652,11200.0,7239.55,3801.45,484400.0,313111.0,
600009.SH,20260820,23.27,0.4314,1.0414,1.25,27.3544,25.3004,1.3426,4.3385,4.2905,2.1917,2.0197,248831.0,248022.0,102741.0,5790300.0,5771470.0,
301260.SZ,20260820,13.48,0.9241,1.6566,0.95,,,1.5102,1.2888,1.2062,,,48335.5,20533.4,11454.3,651563.0,276790.0,
000078.SZ,20260820,1.64,3.0997,5.7763,1.15,,,3.4753,0.1618,0.171,,,263112.0,262522.0,140877.0,431504.0,430535.0,
603125.SH,20260820,22.8,1.4741,5.4096,1.22,58.3701,45.2349,3.649,8.908,7.8297,0.4537,0.1754,40483.6,40483.6,11031.8,923027.0,923027.0,
300631.SZ,20260820,21.48,1.0777,1.4625,0.71,36.4531,37.3846,1.9798,4.2401,3.9882,0.8381,1.1639,12503.1,12160.5,8960.51,268567.0,261208.0,
000021.SZ,20260820,37.53,4.8999,7.4481,0.58,52.0271,49.2824,4.4225,3.7521,3.6685,0.5018,0.5862,157437.0,157416.0,103560.0,5908610.0,5907810.0,
688118.SH,20260820,20.19,2.7519,3.4379,0.66,265.373,,2.3523,5.5475,5.9501,0.731,1.4859,9331.67,9331.67,7469.57,188406.0,188406.0,
002982.SZ,20260820,12.62,3.4566,4.532,1.03,77.8319,182.373,1.5789,0.5736,0.566,1.698,0.7924,20319.4,13009.1,9922.12,256431.0,164175.0,
300565.SZ,20260820,9.57,3.354,3.4627,1.08,,,4.5829,4.042,4.0567,,,24970.5,22820.5,22103.9,238967.0,218392.0,
301179.SZ,20260820,19.95,0.8692,1.2381,0.49,53.9811,49.555,3.1781,6.7237,6.6204,1.3547,0.9483,40440.8,23747.5,16672.1,806793.0,473763.0,
002571.SZ,20260820,10.65,1.5446,2.1307,0.79,,,5.246,2.6354,2.6221,,,39195.1,29830.6,21625.7,417428.0,317696.0,
605228.SH,20260820,10.48,0.6471,1.7683,0.66,37.7991,31.1775,2.1976,2.6676,2.6613,0.2275,1.3271,47965.5,47713.5,17460.8,502679.0,500038.0,
300779.SZ,20260820,67.4,6.1524,7.4471,0.97,342.732,296.242,8.9313,17.6429,17.8829,0.0972,0.1583,29730.8,22717.2,18767.7,2003860.0,1531140.0,
600283.SH,20260820,7.83,0.3135,0.7715,0.89,20.3231,21.9521,1.3814,1.7191,1.7007,3.1928,3.1928,56082.5,56082.5,22788.5,439126.0,439126.0,
002256.SZ,20260820,3.34,1.9212,2.5321,0.53,160.04,133.807,5.6433,13.7255,13.3106,,,204064.0,201435.0,152834.0,681572.0,672792.0,
002933.SZ,20260820,26.59,0.9884,1.5689,0.65,79.0461,77.7138,1.9996,7.5454,7.6476,0.0752,0.0752,11735.0,11689.4,7364.53,312034.0,310822.0,
603488.SH,20260820,8.21,2.838,4.0537,0.73,,,3.095,4.5692,4.4903,0.3654,,29199.0,29199.0,20442.2,239724.0,239724.0,
688717.SH,20260820,57.65,6.3675,6.3869,0.58,76.2815,65.1333,2.0809,2.2597,1.9474,1.6262,1.6262,16000.0,9904.78,9874.71,922400.0,571011.0,
300425.SZ,20260820,4.01,1.0837,1.6106,0.9,220.328,183.417,1.1567,1.7227,1.7236,0.6484,0.0998,68222.5,68073.8,45805.1,273572.0,272976.0,
000676.SZ,20260820,6.49,4.0539,5.4026,0.36,57.7419,57.0645,1.9097,2.0303,2.0565,,,125979.0,125903.0,94472.8,817603.0,817110.0,
600621.SH,20260820,12.78,0.6463,1.4444,0.81,21.3284,20.7447,1.4495,5.2264,5.2388,0.9155,1.4085,106090.0,106090.0,47468.3,1355830.0,1355830.0,
002484.SZ,20260820,59.97,6.0133,9.3939,0.85,75.6098,74.5067,7.9379,9.3003,8.9322,0.4303,0.4292,85052.4,82047.2,52520.5,5100590.0,4920370.0,
603992.SH,20260820,20.66,0.6823,3.0522,0.76,44.5604,35.8442,2.4971,3.4935,3.1816,1.7499,1.8029,44304.2,44304.2,9903.47,915324.0,915324.0,
301043.SZ,20260820,43.88,2.0694,5.95,1.11,43.5266,42.5727,3.4527,5.3553,5.2888,3.3273,2.0055,6800.0,5674.77,1973.64,298384.0,249009.0,
600238.SH,20260820,4.88,1.7725,2.1788,1.8,,,28.0506,5.8922,5.1275,,,44820.0,44527.2,36223.6,218722.0,217293.0,
600737.SH,20260820,15.85,6.8057,13.813,1.71,35.639,34.2355,2.9145,1.2787,1.3153,2.5868,2.1451,213885.0,213885.0,105382.0,3390070.0,3390070.0,
301678.SZ,20260820,44.68,2.2433,2.8148,1.09,84.8635,150.768,5.9465,11.5948,10.2303,1.1191,2.2381,23955.5,13897.1,11075.5,1070330.0,620922.0,
688105.SH,20260820,25.52,2.467,5.767,0.68,,,3.4722,9.5752,9.3336,0.4522,1.5064,51698.5,51698.5,22115.8,1319350.0,1319350.0,
301199.SZ,20260820,17.8,0.7864,2.3933,0.73,30.6459,38.4863,1.7107,2.8613,3.0902,0.7945,0.9551,18667.6,17967.6,5904.25,332283.0,319823.0,
603296.SH,20260820,78.32,2.2238,2.2238,0.54,29.2897,27.7913,4.4355,0.6927,0.6702,0.8186,1.0942,151620.0,79859.6,79859.6,11874900.0,6254600.0,
605167.SH,20260820,15.4,3.4904,6.6906,2.05,35.9312,36.3246,3.8127,2.9958,3.2264,0.6388,0.2898,50990.8,50990.8,26601.3,785258.0,785258.0,
002540.SZ,20260820,5.12,0.8105,1.1594,0.91,15.0067,17.1943,1.1432,0.765,0.7389,5.8019,3.4995,124757.0,85820.1,59995.2,638758.0,439399.0,
300798.SZ,20260820,7.16,2.761,3.4747,0.59,,,2.1463,2.9812,2.8226,0.1328,,49315.2,40570.4,32237.6,353097.0,290484.0,
603667.SH,20260820,49.18,4.8097,7.5565,1.1,206.187,223.415,6.2805,5.6362,5.9333,0.2333,0.244,38315.2,36620.3,23308.9,1884340.0,1800990.0,
002044.SZ,20260820,4.81,2.9955,3.4181,0.9,65.9859,61.6033,2.3855,1.8174,1.8478,0.2807,0.1871,391425.0,387423.0,339527.0,1882760.0,1863500.0,
300171.SZ,20260820,14.9,9.5759,14.5666,2.44,56.9467,54.9234,1.4343,2.1806,2.1927,0.7068,0.7335,76582.8,56265.7,36988.5,1141080.0,838360.0,
000985.SZ,20260820,15.97,1.4845,4.0671,1.07,278.801,347.656,3.3837,1.1216,1.1601,0.407,0.1628,12964.0,12964.0,4731.89,207034.0,207034.0,
300371.SZ,20260820,10.41,1.1409,1.6355,0.82,31.6368,31.4825,1.7771,4.6497,4.4887,0.8518,0.955,20121.7,13999.6,9765.76,209467.0,145736.0,
688058.SH,20260820,22.88,1.0972,1.9674,0.91,,,2.8157,7.5246,7.5961,,,7583.65,7583.65,4229.54,173514.0,173514.0,
000823.SZ,20260820,14.69,6.0763,8.3835,0.68,39.2894,40.9033,1.824,1.3805,1.3589,1.2288,1.2289,59495.5,59493.2,43120.5,873989.0,873955.0,
001207.SZ,20260820,16.95,2.3284,4.4742,0.92,17.5551,17.4061,2.1275,2.1798,2.1251,2.4172,3.357,30313.8,29262.2,15228.6,513819.0,495994.0,
301299.SZ,20260820,43.97,2.5639,3.3984,1.05,40.6345,39.833,4.5759,7.4932,7.2068,4.7481,3.404,6066.26,4585.97,3459.83,266734.0,201645.0,
600288.SH,20260820,11.26,6.3765,6.8043,0.47,47.2211,30.0732,2.4716,2.822,2.8087,,,43680.0,43680.0,40934.0,491837.0,491837.0,
002911.SZ,20260820,10.76,0.2737,1.8278,0.7,13.558,13.5353,3.3048,0.4158,0.4259,4.4586,4.8331,129818.0,126704.0,18975.8,1396840.0,1363330.0,
002294.SZ,20260820,34.53,3.5379,8.493,1.44,59.0857,56.907,4.2079,8.8439,8.5186,1.448,1.5928,111482.0,111457.0,46429.5,3849460.0,3848600.0,
600279.SH,20260820,4.27,0.6438,1.7688,1.18,103.861,86.7174,0.7518,1.132,1.1682,0.9368,0.3981,118687.0,118687.0,43196.6,506792.0,506792.0,
002962.SZ,20260820,12.74,4.1994,4.8699,0.75,100.071,152.702,2.1157,3.1543,3.1365,1.5537,0.7769,29166.5,20921.6,18041.1,371582.0,266541.0,
688318.SH,20260820,75.63,1.1947,3.8561,0.59,85.9802,89.3678,7.0039,73.6717,73.9096,0.3373,0.3589,35856.7,35856.7,11109.2,2711840.0,2711840.0,
300884.SZ,20260820,12.38,2.2623,2.8035,0.46,267.888,251.602,2.4541,4.7584,4.7196,,0.792,25386.3,19141.0,15446.0,314282.0,236965.0,
600436.SH,20260820,129.65,0.8531,1.7589,1.22,36.2359,41.118,5.1418,8.6898,9.0941,2.4836,2.2908,60331.7,60331.7,29262.3,7822010.0,7822010.0,
002010.SZ,20260820,4.67,0.4512,1.0977,0.78,21.8909,19.5881,0.7108,0.5146,0.561,3.212,3.212,276403.0,275732.0,113345.0,1290800.0,1287670.0,
301613.SZ,20260820,37.43,0.7905,1.0642,0.51,23.403,22.8948,3.184,1.7591,1.6281,1.7811,1.8702,14384.1,8390.12,6232.51,538398.0,314042.0,
920123.BJ,20260820,10.6,1.5781,2.2667,1.16,30.5836,29.5355,2.7687,1.4045,1.3034,2.1771,1.8868,11154.0,6498.49,4524.11,118232.0,68884.0,
601500.SH,20260820,4.05,0.8109,0.9685,1.15,31.8348,28.4623,1.0446,0.7546,0.7532,,,158300.0,158300.0,132531.0,641115.0,641115.0,
300832.SZ,20260820,54.57,1.5615,3.0897,0.86,26.463,24.9735,4.7805,9.3683,8.91,2.3823,2.1937,78571.9,68312.2,34525.1,4287670.0,3727800.0,
603386.SH,20260820,13.68,2.1247,4.9942,1.0,,,3.4103,1.7604,1.75,,,32632.3,32632.3,13882.8,446409.0,446409.0,
920571.BJ,20260820,9.15,8.801,11.2053,1.38,183.376,28.8272,3.735,5.0952,4.2247,1.0929,1.0929,55540.7,29608.4,23255.6,508198.0,270917.0,
600481.SH,20260820,4.16,1.5509,2.6599,0.73,,,1.9781,1.1351,1.2616,,,206420.0,206420.0,120355.0,858708.0,858708.0,
601555.SH,20260820,7.91,0.3796,0.5296,0.59,11.0644,11.6497,0.8984,4.3523,4.4578,4.7408,4.5259,496870.0,496870.0,356109.0,3930240.0,3930240.0,
605589.SH,20260820,38.16,4.3605,5.8433,0.82,32.0882,33.8896,2.9908,2.9534,2.7675,1.3849,1.7013,84638.9,84591.9,63125.6,3229820.0,3228030.0,
002064.SZ,20260820,11.81,1.3056,3.8617,1.54,31.551,20.5134,2.0366,2.422,2.2345,1.6935,1.2701,496254.0,495199.0,167419.0,5860760.0,5848300.0,
600610.SH,20260820,8.02,13.5321,21.3729,4.62,169.427,154.956,61.7867,8.2253,8.2239,,,107127.0,70872.7,44872.7,859162.0,568399.0,
300546.SZ,20260820,16.69,6.7931,7.7284,1.98,83.9159,121.144,2.7907,5.2977,5.2489,0.2682,0.2696,18765.0,13493.1,11860.1,313187.0,225200.0,
600151.SH,20260820,9.6,1.8496,2.9701,0.81,,,3.1254,3.8193,4.0364,,,143425.0,143425.0,89318.9,1376880.0,1376880.0,
301668.SZ,20260820,35.67,7.8614,7.8614,0.84,37.365,49.151,3.8768,4.3821,4.635,,1.4017,11000.0,2432.86,2432.86,392370.0,86780.1,
301630.SZ,20260820,167.25,5.4967,4.2901,0.67,73.5708,67.2844,5.3511,7.7868,7.437,,0.9396,5600.0,1637.42,2097.97,936600.0,273858.0,
301535.SZ,20260820,14.25,1.2701,3.3436,0.71,60.5244,68.1504,5.2051,7.9476,7.9708,0.8281,0.7018,42529.4,16979.6,6449.61,606044.0,241959.0,
000582.SZ,20260820,10.87,1.8916,4.3019,0.71,26.3584,25.6902,1.3313,3.5935,3.5795,1.1011,1.4375,251708.0,215685.0,94839.5,2736070.0,2344490.0,
301682.SZ,20260820,124.46,4.5207,4.5207,0.6,47.4646,47.2897,3.0237,5.7814,5.7085,,0.683,12154.9,2568.68,2568.68,1512800.0,319698.0,
001395.SZ,20260820,29.21,2.3473,2.5187,0.89,17.7126,18.7737,2.659,4.1375,4.2319,1.6327,2.6335,11341.2,5200.65,4846.71,331276.0,151911.0,
300170.SZ,20260820,15.6,3.0179,3.0595,0.44,71.6268,70.4552,2.844,4.7522,4.6871,0.2911,0.0945,104042.0,99377.8,98026.9,1623050.0,1550290.0,
600330.SH,20260820,27.89,11.2778,13.9054,0.89,,,4.4352,10.748,10.4518,0.0778,,123343.0,123343.0,100036.0,3440050.0,3440050.0,
600717.SH,20260820,4.27,0.6696,1.5651,1.09,12.6006,11.6741,0.6045,0.966,0.9958,2.4356,2.3888,289400.0,289400.0,123803.0,1235740.0,1235740.0,
920076.BJ,20260820,12.78,0.9307,0.9307,0.56,18.8631,18.4085,1.4995,1.409,1.3403,,1.6767,11708.8,3683.19,3683.19,149639.0,47071.2,
301135.SZ,20260820,16.83,2.0705,2.84,1.34,80.166,128.242,1.7786,1.5231,1.4997,1.3511,1.3434,12978.9,10098.4,7362.13,218435.0,169956.0,
002812.SZ,20260820,55.84,1.8118,2.5716,0.67,384.409,145.4,2.1421,4.0195,3.6995,,,98131.9,82261.1,57956.4,5479680.0,4593460.0,
603063.SH,20260820,31.42,3.2521,3.9624,0.61,27.4628,32.7923,2.6711,3.499,3.6376,0.3721,0.4082,46414.3,46223.3,37937.6,1458340.0,1452340.0,
301052.SZ,20260820,23.0,3.4322,3.9746,0.55,,,3.4891,3.5508,4.1817,0.2304,0.0783,9895.93,8023.98,6928.99,227606.0,184552.0,
002230.SZ,20260820,39.91,1.2507,1.422,0.7,114.21,111.096,5.085,3.5368,3.4582,0.2403,0.2506,240208.0,218997.0,192609.0,9586700.0,8740160.0,
300682.SZ,20260820,9.47,1.91,2.9564,0.69,97.2826,,1.6026,2.2607,2.2911,2.6399,2.0063,107824.0,103393.0,66798.9,1021090.0,979135.0,
002319.SZ,20260820,11.2,7.7121,10.9153,1.86,,,13.1277,5.7783,5.5316,,,20947.3,20947.3,14800.0,234609.0,234609.0,
688045.SH,20260820,61.26,4.2685,7.5527,0.87,358.045,73.9215,2.9642,6.3257,5.0693,,0.0887,7057.7,7057.7,3988.77,432355.0,432355.0,
300562.SZ,20260820,15.18,5.1213,5.7096,0.52,40.4632,36.4086,3.1238,3.3643,3.3291,1.8304,1.7079,21857.4,16692.8,14972.8,331795.0,253397.0,
000977.SZ,20260820,75.08,4.5599,6.7603,0.65,45.6939,43.1507,4.9435,0.6691,0.7188,0.2136,0.0533,146848.0,146683.0,98938.9,11025300.0,11013000.0,
688716.SH,20260820,27.41,1.6829,1.6829,0.69,281.059,2394.45,2.8284,10.786,10.749,0.7297,0.7297,12168.0,6992.72,6992.72,333525.0,191670.0,
920533.BJ,20260820,17.62,1.3652,1.9421,0.5,63.3642,66.8029,6.0409,3.3023,3.2398,0.8731,0.5675,13075.7,7313.71,5141.27,230394.0,128868.0,
603303.SH,20260820,23.56,0.6225,2.5874,1.47,42.5185,45.5397,3.4888,2.5987,2.6016,5.7475,3.9579,47694.5,47694.5,11474.5,1123680.0,1123680.0,
002305.SZ,20260820,2.11,1.0207,1.7153,1.1,,,14.6178,3.2713,3.4247,,,173422.0,173410.0,103190.0,365920.0,365896.0,
300598.SZ,20260820,36.5,14.2883,19.4588,2.0,,,5.6074,3.5665,3.5502,,,21698.2,21692.1,15928.2,791984.0,791762.0,
300424.SZ,20260820,14.05,2.4914,2.9075,0.71,,,5.1124,2.0524,1.8656,,,25662.5,25648.0,21977.4,360558.0,360354.0,
600207.SH,20260820,4.29,1.0034,2.205,0.68,,,2.4885,1.6008,1.8804,,,108931.0,108931.0,49570.5,467315.0,467315.0,
301297.SZ,20260820,34.66,1.9708,2.9061,0.63,59.7506,55.5251,4.4367,8.3951,8.3375,0.1687,0.5095,69430.9,52822.7,35822.7,2406480.0,1830840.0,
603110.SH,20260820,25.28,8.4434,10.4038,0.9,,4576.42,7.2997,13.3712,12.451,0.1978,,20122.7,20122.7,16330.9,508701.0,508701.0,
601231.SH,20260820,27.27,0.8478,2.9478,0.63,35.1489,31.9738,2.908,1.1005,1.0983,0.773,1.5678,238894.0,238894.0,68708.8,6514630.0,6514630.0,
600392.SH,20260820,22.28,2.9491,3.9456,0.68,46.5463,39.1306,3.0346,2.6051,2.5389,0.6732,1.5709,175283.0,175283.0,131016.0,3905300.0,3905300.0,
000513.SZ,20260820,30.6,2.3053,3.9697,2.08,13.4289,13.8379,1.8726,2.2603,2.3201,3.6246,4.6732,88790.7,56814.0,32993.2,2717000.0,1738510.0,
688239.SH,20260820,44.88,3.9052,5.1212,1.51,46.0726,42.942,4.1401,4.2132,3.9985,0.3775,0.3331,19091.3,19091.3,14558.3,856817.0,856817.0,
301591.SZ,20260820,31.48,10.1776,10.1776,0.43,52.1722,56.2454,3.7429,7.9945,7.8739,1.0996,0.4643,10935.6,4469.47,4469.47,344253.0,140699.0,
688698.SH,20260820,45.0,1.2502,2.5396,0.75,36.8244,38.0331,4.0421,4.972,4.7728,0.9175,1.1011,21503.3,21503.3,10585.8,967649.0,967649.0,
600712.SH,20260820,5.37,1.8365,2.5833,0.7,,,3.858,6.2074,6.1882,,,54465.5,53864.8,38293.7,292480.0,289254.0,
603801.SH,20260820,7.23,4.7561,8.8464,3.11,15.3405,45.9854,0.9968,0.7208,0.7632,8.3399,5.4002,43435.1,43435.1,23352.1,314036.0,314036.0,
300916.SZ,20260820,25.3,5.7101,9.8853,0.87,35.6602,49.7531,2.6748,2.2816,2.3418,1.581,1.1858,14464.4,9341.58,5395.99,365949.0,236342.0,
300989.SZ,20260820,13.43,2.8548,3.7925,0.76,144.78,,2.9254,8.9246,9.9649,,0.0742,21055.8,16289.4,12261.6,282780.0,218767.0,
002178.SZ,20260820,4.48,1.6173,2.212,0.42,356.521,383.597,7.3831,7.4898,8.1363,,,71215.3,71178.3,52041.0,319045.0,318879.0,
600664.SH,20260820,9.08,19.3711,36.2651,1.34,63.2419,73.8154,3.9024,1.4325,1.4324,,,251851.0,251851.0,134527.0,2286810.0,2286810.0,
002196.SZ,20260820,10.32,3.5418,4.0379,0.77,243.572,107.34,3.5888,1.7558,1.5998,,,49587.2,48841.0,42841.0,511740.0,504040.0,
920190.BJ,20260820,24.9,4.6345,8.5272,0.59,108.76,86.427,2.9114,0.8264,0.8111,0.4819,0.502,10000.0,9944.3,5404.62,249000.0,247613.0,
301281.SZ,20260820,44.16,3.601,3.7098,0.96,288.896,203.134,3.4347,12.0084,10.6665,0.4529,0.1132,10829.0,7095.2,6887.12,478209.0,313324.0,
920454.BJ,20260820,10.92,0.6489,0.7793,0.47,42.1204,42.2271,3.5197,7.6235,8.135,1.4652,1.4652,10510.0,4923.05,4099.1,114769.0,53759.7,
601880.SH,20260820,1.47,0.3627,1.1187,1.08,26.5157,23.7049,0.851,3.0505,3.0296,1.6259,1.9456,2357180.0,1841310.0,597007.0,3465050.0,2706720.0,
600336.SH,20260820,6.17,0.619,1.0089,0.93,,,2.1754,0.7231,0.7611,0.1621,0.1621,79801.5,79801.5,48959.8,492375.0,492375.0,
301234.SZ,20260820,92.48,6.2416,9.2267,0.69,332.855,295.109,8.1769,13.7222,13.8267,0.3244,0.2163,6800.0,4017.06,2717.42,628864.0,371498.0,
300248.SZ,20260820,8.6,2.0158,2.1107,0.52,52.4324,69.2424,1.9041,4.1868,4.2365,0.9302,0.9302,47634.8,40904.2,39063.8,409660.0,351777.0,
002023.SZ,20260820,10.18,1.8613,2.384,0.37,,,2.0263,4.8388,4.68,,,74086.0,73416.0,57319.4,754196.0,747375.0,
002746.SZ,20260820,6.32,3.1378,4.8379,1.32,22.3793,20.8153,1.1641,0.9422,0.9101,5.538,4.7468,86053.9,70967.6,46028.9,543860.0,448515.0,
002282.SZ,20260820,5.96,0.7242,1.0662,0.95,20.3004,23.7469,0.863,1.8542,1.9012,3.3557,2.5168,52683.8,50500.5,34301.9,313996.0,300983.0,
000753.SZ,20260820,4.69,1.3232,2.1262,0.8,71.5418,68.8833,1.6904,1.6908,1.7285,0.4264,0.4264,99148.1,99148.1,61705.4,465005.0,465005.0,
688826.SH,20260820,946.92,27.4257,27.4257,,237.557,227.551,74.1876,90.6325,83.4495,,,4000.0,761.776,761.776,3787680.0,721345.0,
601619.SH,20260820,4.1,1.863,2.7835,0.56,16.894,24.5393,1.5166,4.8275,5.0289,3.4659,1.9298,294297.0,246489.0,164973.0,1206620.0,1010600.0,
301665.SZ,20260820,23.9,2.9157,2.9157,0.85,23.0917,20.6332,2.8789,2.0033,1.8823,2.5105,2.5105,45000.0,10417.0,10417.0,1075500.0,248966.0,
603833.SH,20260820,32.57,0.783,3.1009,0.95,9.8803,10.701,1.0664,1.1449,1.2002,7.6144,7.6052,60572.7,60572.7,15294.9,1972850.0,1972850.0,
688097.SH,20260820,46.95,1.5275,3.237,0.82,35.3471,32.1273,4.3688,3.1939,2.869,0.4978,0.5121,44664.8,44664.8,21076.9,2097010.0,2097010.0,
000782.SZ,20260820,7.78,4.2911,4.8971,1.31,,,3.3905,2.1738,2.1179,,,68658.1,52814.0,46279.0,534160.0,410893.0,
600845.SH,20260820,17.69,0.5796,1.7087,0.53,38.7402,38.9115,4.5599,4.6079,4.2525,3.4329,1.308,285790.0,213405.0,72392.0,5055630.0,3775140.0,
000563.SZ,20260820,2.95,0.6989,1.2383,1.01,10.5309,11.2951,0.8115,5.1097,5.6386,2.7119,3.0508,511397.0,511397.0,288625.0,1508620.0,1508620.0,
603278.SH,20260820,8.92,2.6993,5.4333,0.65,,,1.5745,0.6066,0.6156,,,34175.9,34175.9,16978.8,304849.0,304849.0,
300313.SZ,20260820,14.14,26.9572,55.9328,2.06,,,92.2827,16.9281,11.524,,,23977.9,19735.3,9511.55,339048.0,279057.0,
600789.SH,20260820,7.69,4.9323,6.2579,1.4,71.5687,92.4271,1.5554,1.3939,1.4079,1.2523,0.6502,104519.0,101030.0,79629.3,803751.0,776919.0,
000850.SZ,20260820,4.19,1.5624,2.9158,1.82,19.2046,80.0501,0.8832,1.16,1.1531,2.3105,2.3105,94366.5,94337.5,50551.5,395396.0,395274.0,
603393.SH,20260820,23.8,2.6835,4.7434,1.01,12.5041,17.6711,1.0414,2.5714,2.6624,,,42392.1,42392.1,23982.5,1008930.0,1008930.0,
301236.SZ,20260820,37.36,1.9306,2.2269,0.5,187.638,717.381,2.8973,1.1022,1.0685,0.2464,0.1338,103519.0,78570.9,68116.8,3867470.0,2935410.0,
920651.BJ,20260820,25.73,2.0696,5.5121,0.82,20.4331,20.5439,2.846,4.4568,4.4558,2.7206,2.7206,6100.0,4146.74,1556.94,156953.0,106696.0,
688348.SH,20260820,32.1,0.6682,1.6434,0.86,,,1.5016,4.2242,4.382,1.2322,,15627.7,15627.7,6354.11,501650.0,501650.0,
600733.SH,20260820,5.21,1.5826,2.5899,1.2,,,5.5084,1.1873,1.1736,,,636715.0,604495.0,369398.0,3317290.0,3149420.0,
002462.SZ,20260820,12.34,1.3666,1.9112,0.95,32.3192,34.8426,0.82,0.1844,0.1913,1.3776,,29170.7,29147.0,20841.3,359967.0,359674.0,
002388.SZ,20260820,5.93,6.2053,6.9775,0.66,,,3.1316,1.556,1.5028,,,50653.4,50622.3,45020.0,300375.0,300191.0,
001389.SZ,20260820,152.87,3.9327,3.9327,0.77,71.1398,48.8332,9.114,13.1738,9.7012,0.3129,0.4223,47270.9,15235.7,15235.7,7226310.0,2329080.0,
300359.SZ,20260820,4.08,2.2428,3.5544,0.64,,,5.0406,8.5904,8.9949,,,63333.3,63330.2,39960.4,258400.0,258387.0,
300428.SZ,20260820,18.23,0.6838,1.5938,0.82,14.1082,13.5467,1.3759,0.3891,0.3743,1.7171,2.1393,68558.2,59676.1,25601.8,1249820.0,1087900.0,
300897.SZ,20260820,15.65,1.7894,2.7099,0.59,173.001,203.286,3.1321,5.2619,5.467,0.9723,0.2269,19584.6,12225.6,8072.89,306499.0,191331.0,
300502.SZ,20260820,414.02,2.2657,2.3529,0.61,60.5597,53.7496,28.3262,23.237,19.818,0.0553,0.1725,139426.0,125424.0,120776.0,57725000.0,51928200.0,
300805.SZ,20260820,7.95,2.565,3.5982,0.75,97.2392,102.398,2.1611,1.3557,1.2919,0.2515,0.3774,42444.2,28835.1,20555.4,337432.0,229239.0,
600176.SH,20260820,41.42,4.7187,9.0581,0.72,50.4678,43.3808,5.1355,8.7819,8.4236,0.9899,0.8652,400314.0,397159.0,206893.0,16581000.0,16450300.0,
600573.SH,20260820,9.92,2.5125,5.0329,1.05,31.0037,27.8039,1.7953,3.8732,3.7675,0.8065,1.0081,25000.0,25000.0,12480.5,248000.0,248000.0,
688275.SH,20260820,79.08,3.7231,6.1442,1.3,,101.288,1.8089,0.8679,0.6834,,,12611.8,12611.8,7642.22,997345.0,997345.0,
603355.SH,20260820,27.56,0.475,2.4785,1.46,19.7699,26.841,2.796,1.6016,1.6137,,,57339.7,57339.7,10989.9,1580280.0,1580280.0,
002963.SZ,20260820,17.18,2.5949,5.6168,0.45,,,2.2226,7.4557,8.3518,1.1641,,15036.0,14934.0,6899.45,258318.0,256567.0,
002734.SZ,20260820,14.7,3.95,4.7486,1.25,14.5798,14.4258,1.7376,1.5452,1.5413,1.4905,3.0341,47584.0,43582.2,36253.2,699484.0,640658.0,
301361.SZ,20260820,26.62,1.6767,3.1514,0.69,32.1002,32.4961,2.4709,10.6811,9.7915,0.6311,0.7137,11633.6,5633.6,2997.31,309686.0,149966.0,
688005.SH,20260820,26.18,1.2303,1.8904,0.76,,,2.4068,1.5251,1.2692,1.3935,,71461.9,71461.9,46508.0,1870870.0,1870870.0,
300547.SZ,20260820,24.46,2.8002,3.2213,0.66,26.0025,26.9192,3.8321,3.4833,3.5764,1.1289,1.1289,21690.6,17822.4,15492.4,530553.0,435935.0,
920149.BJ,20260820,7.78,0.5308,0.7628,0.58,,,4.8688,1.2775,1.3775,,,7648.32,6326.7,4402.58,59503.9,49221.7,
301170.SZ,20260820,23.15,1.7825,2.0175,0.94,22.8303,23.3963,1.2831,2.0615,2.0076,1.2959,1.0799,10000.0,3800.37,3357.54,231500.0,87978.6,
600106.SH,20260820,4.32,0.7934,1.0881,1.07,50.3599,67.4314,1.0796,50.8565,52.5647,0.8333,0.6019,132902.0,132902.0,96903.1,574139.0,574139.0,
300196.SZ,20260820,17.49,4.696,5.9916,0.69,21.9039,21.9795,1.4859,2.278,2.2992,1.693,2.5396,40882.2,24703.0,19361.1,715030.0,432055.0,
603093.SH,20260820,11.27,1.0313,3.8445,0.65,24.0608,18.1868,2.0042,8.4323,6.9919,0.4621,0.4195,103814.0,88203.9,23661.4,1169990.0,994058.0,
603703.SH,20260820,9.66,4.9749,6.9996,0.95,,,4.8505,4.3869,4.1397,,,41498.2,41498.2,29494.6,400873.0,400873.0,
688433.SH,20260820,103.25,2.6376,8.6586,1.7,621.812,588.336,20.0208,59.9726,52.543,0.0472,0.0494,41557.8,41557.8,12659.5,4290840.0,4290840.0,
600822.SH,20260820,8.36,0.6234,1.5674,0.92,142.238,146.58,3.3414,2.4658,2.6458,,,49597.3,39614.8,15757.2,414633.0,331180.0,
002816.SZ,20260820,25.0,1.4212,1.6919,0.92,141.227,104.492,10.4937,9.3509,8.0092,,,10000.0,10000.0,8400.0,250000.0,250000.0,
600761.SH,20260820,16.55,0.9698,1.513,0.92,12.0369,12.125,1.3217,0.7438,0.7229,4.2296,3.6254,89069.3,89069.3,57090.0,1474100.0,1474100.0,
300830.SZ,20260820,8.05,1.8223,2.2058,0.72,,,2.7649,11.6782,11.3684,0.2839,,45164.1,33708.5,27847.7,363571.0,271353.0,
600855.SH,20260820,11.92,1.1289,2.0557,0.78,,,3.9945,4.4701,4.5504,,,46854.3,46764.0,25680.3,558503.0,557426.0,
920478.BJ,20260820,11.89,9.9228,23.6358,0.88,26.1175,38.3598,2.5231,4.5542,5.1682,1.7164,0.9011,11019.2,6700.42,2812.98,131018.0,79668.0,
000507.SZ,20260820,5.01,1.1959,1.7222,1.23,19.1042,19.9346,0.7709,1.0504,1.0827,1.2775,1.0613,91973.5,90235.4,62660.7,460787.0,452080.0,
301387.SZ,20260820,56.2,5.3769,7.0206,0.94,332.857,,3.6952,3.7856,3.5923,0.2649,0.177,10730.2,4268.26,3268.95,603037.0,239876.0,
301138.SZ,20260820,26.91,1.1158,2.2325,0.97,32.9321,34.202,2.807,4.7668,4.7954,0.3716,1.858,12000.0,6856.01,3426.69,322920.0,184495.0,
301190.SZ,20260820,20.85,12.3217,20.3659,2.38,62.2535,48.0836,2.259,5.8086,5.2724,0.6883,0.6883,21463.7,14310.4,8658.0,447517.0,298372.0,
300624.SZ,20260820,52.04,4.0317,5.044,0.8,,,10.3025,6.5641,6.611,,,19333.6,17123.3,13686.6,1006120.0,891098.0,
600243.SH,20260820,3.7,1.4237,1.5793,0.74,,,2.982,5.0243,4.0581,,,43885.0,43885.0,39561.6,162374.0,162374.0,
301419.SZ,20260820,40.2,11.4584,15.2212,0.93,94.8174,91.8532,6.2009,13.8007,13.2083,0.8292,0.796,15000.0,9915.83,7464.58,603000.0,398616.0,
603051.SH,20260820,20.96,2.2904,3.45,1.12,,,2.005,2.2468,2.2667,1.222,,16283.3,16163.3,10730.6,341298.0,338783.0,
000707.SZ,20260820,4.62,1.012,1.2837,0.89,,,0.9769,1.2997,1.3359,3.1185,,58471.7,55070.4,43414.0,270139.0,254425.0,
600123.SH,20260820,7.27,1.8036,3.3078,1.16,,,0.7086,1.3155,1.2812,2.0633,,147324.0,147324.0,80329.8,1071050.0,1071050.0,
000610.SZ,20260820,6.2,1.978,2.6989,2.32,,,,2.6422,2.695,,,23674.8,23550.2,17259.9,146784.0,146011.0,
300777.SZ,20260820,23.15,1.5445,1.8343,0.71,32.3517,46.1863,2.2186,12.0309,14.2254,0.9478,0.9836,43970.8,42238.6,35565.6,1017920.0,977824.0,
603661.SH,20260820,32.47,1.2731,4.4698,0.62,27.5599,26.4127,1.222,0.3867,0.3689,3.9113,1.6939,13906.7,13906.7,3960.92,451551.0,451551.0,
603338.SH,20260820,54.23,1.0146,2.3226,1.31,14.4583,14.2759,2.3184,3.2021,3.006,1.844,2.1206,50634.8,50634.8,22119.4,2745920.0,2745920.0,
300595.SZ,20260820,11.37,2.5976,3.5201,1.59,21.2061,21.848,2.0095,5.4637,5.5194,2.4671,1.6552,89435.7,66849.5,49330.8,1016880.0,760079.0,
688601.SH,20260820,46.35,2.3335,3.7197,0.7,167.107,240.97,4.9682,8.0636,7.6437,0.857,0.2142,13369.3,13369.3,8386.95,619666.0,619666.0,
600901.SH,20260820,6.46,0.7292,1.8438,1.2,11.546,11.0514,1.4521,6.1244,5.654,6.1923,4.644,579187.0,579045.0,228992.0,3741550.0,3740630.0,
300487.SZ,20260820,69.96,4.8269,5.9086,2.68,39.7048,40.7965,7.7828,12.7859,12.2134,1.1105,0.5033,50914.1,30802.5,25163.2,3561950.0,2154940.0,
605488.SH,20260820,29.25,3.1038,6.9479,1.18,113.543,143.297,3.8773,3.0727,2.857,0.5597,0.5157,29998.8,27597.8,12328.5,877466.0,807236.0,
603219.SH,20260820,13.62,0.5081,2.1903,1.02,71.4013,139.156,4.7306,2.3914,2.4128,1.4653,0.3663,56140.0,56140.0,13022.1,764627.0,764627.0,
300975.SZ,20260820,25.45,7.606,9.6727,0.67,57.7294,33.4404,6.5851,2.0454,1.665,0.0469,0.258,68700.6,49207.3,38693.2,1748430.0,1252330.0,
920570.BJ,20260820,23.85,1.6088,2.2917,0.55,106.45,84.939,3.3568,9.9581,9.7983,0.3812,0.4193,5016.98,2549.07,1789.41,119655.0,60795.4,
603031.SH,20260820,39.29,5.008,6.9279,1.04,64.9943,46.4974,5.1005,3.0763,3.1086,0.345,0.4213,37384.6,31439.0,22726.5,1468840.0,1235240.0,
002583.SZ,20260820,8.02,1.2487,1.4736,0.91,,,7.1626,2.4272,2.4277,,,181862.0,128272.0,108690.0,1458530.0,1028740.0,
603226.SH,20260820,44.7,0.6237,2.1603,0.48,,,18.6598,43.5454,44.5706,,,35549.2,35549.2,10263.0,1589050.0,1589050.0,
920160.BJ,20260820,20.07,1.4358,1.4358,0.82,29.4411,27.0271,4.0628,12.1326,11.5287,,1.2456,11328.0,2548.8,2548.8,227353.0,51154.4,
605337.SH,20260820,9.64,0.954,2.4549,0.68,19.1585,20.4788,2.2512,2.9025,2.9491,7.5973,4.7887,39010.3,39010.3,15159.6,376059.0,376059.0,
603079.SH,20260820,12.75,14.0575,25.359,2.06,38.7756,44.9475,1.5081,2.8538,2.9019,,0.7777,18903.0,18903.0,10478.7,241013.0,241013.0,
688479.SH,20260820,33.52,1.727,2.2002,0.5,158.155,141.26,3.5825,13.2005,13.1548,1.0562,0.5491,20132.4,8652.44,6791.56,674839.0,290030.0,
002975.SZ,20260820,95.7,6.4183,7.7926,0.75,136.124,85.5303,8.4635,10.8493,9.4953,0.1007,0.0753,20813.1,13826.3,11387.9,1991810.0,1323180.0,
688337.SH,20260820,45.03,2.6707,7.3543,1.02,114.389,93.3796,3.0969,10.9383,10.2148,0.8877,0.8859,21867.7,18591.7,6751.7,984701.0,837184.0,
001238.SZ,20260820,25.3,0.3028,0.9733,0.77,108.377,102.734,3.3651,2.34,2.1774,,0.2823,15514.8,14513.4,4515.34,392524.0,367189.0,
600478.SH,20260820,4.8,0.9483,1.3225,0.71,57.9217,57.1873,2.7731,1.4151,1.4097,,,169392.0,169392.0,121472.0,813081.0,813081.0,
002530.SZ,20260820,7.04,1.2198,1.5339,0.48,84.5795,81.4749,4.0686,5.2453,4.9965,,0.3693,77919.8,69512.3,55276.5,548555.0,489367.0,
002893.SZ,20260820,9.89,3.644,4.607,1.19,41.8665,40.1225,1.853,1.9563,1.8896,1.0313,0.9201,26364.0,20277.9,16039.2,260740.0,200548.0,
301325.SZ,20260820,29.76,0.9986,2.482,1.0,,,1.6184,4.0086,6.1326,,,14389.3,14389.3,5789.47,428225.0,428225.0,
603606.SH,20260820,35.86,2.9812,4.8405,1.64,23.2637,21.6967,3.4976,2.7277,2.4223,1.0429,1.2978,82480.9,82480.9,50798.4,2957760.0,2957760.0,
600757.SH,20260820,7.71,0.5863,1.3421,1.05,9.2285,9.8658,0.9045,1.3213,1.3846,5.3178,5.3178,121365.0,121350.0,53012.3,935724.0,935606.0,
603069.SH,20260820,13.06,0.7581,1.8057,0.88,,,5.3415,6.649,7.0309,,,31600.0,31600.0,13266.7,412696.0,412696.0,
605507.SH,20260820,16.0,0.8535,1.9064,1.06,15.2502,17.7153,1.4903,2.0823,2.0428,2.6764,2.6786,78235.3,78235.3,35025.8,1251760.0,1251760.0,
002841.SZ,20260820,49.51,0.91,1.3086,0.71,34.1575,31.5157,2.5484,1.4214,1.3547,1.3622,1.4423,69918.7,52134.5,36252.3,3461670.0,2581180.0,
301592.SZ,20260820,105.71,3.4138,3.4138,0.73,138.976,129.92,7.8806,16.366,15.809,0.6622,0.0728,7000.0,2335.84,2335.84,739970.0,246922.0,
688571.SH,20260820,8.69,1.0082,2.5288,0.5,33.973,34.0825,2.1643,2.9503,2.9139,2.2385,1.7126,42417.1,42417.1,16910.5,368604.0,368604.0,
000795.SZ,20260820,8.39,0.7293,1.4577,0.67,37.4671,37.3902,3.4443,2.4111,2.3263,3.07,3.0817,111625.0,111625.0,55846.6,936534.0,936533.0,
300992.SZ,20260820,24.04,0.9098,1.303,0.51,123.261,,2.6516,2.4491,2.4378,0.3054,0.3069,9530.05,7798.8,5445.05,229102.0,187483.0,
301518.SZ,20260820,25.71,2.8907,2.9439,0.32,38.4704,41.036,2.2488,1.3575,1.3135,0.6213,1.0388,14547.0,5873.95,5767.9,374002.0,151019.0,
603407.SH,20260820,60.28,28.27,28.27,1.06,98.6215,97.1488,15.655,13.8035,13.8448,,,40787.5,3591.2,3591.2,2458670.0,216478.0,
300759.SZ,20260820,50.9,7.2832,9.9276,1.27,56.204,55.2156,5.682,6.6348,6.4164,0.3928,0.3929,183728.0,142003.0,104178.0,9351770.0,7227960.0,
300866.SZ,20260820,115.58,0.4978,0.7136,0.53,26.7048,26.9608,6.0868,2.2274,2.1155,1.8859,2.0698,58805.4,30928.5,21575.6,6796730.0,3574720.0,
002132.SZ,20260820,4.46,3.3757,4.4057,0.74,332.95,89.6139,1.7684,1.2167,1.1899,1.0622,1.0706,140154.0,139919.0,107207.0,625089.0,624037.0,
300286.SZ,20260820,19.89,1.4947,2.1127,0.67,24.3119,24.5395,2.1649,4.5585,4.4922,2.0038,2.2552,25078.5,20777.5,14699.6,498811.0,413265.0,
688267.SH,20260820,18.94,0.9869,1.7511,1.15,21.0932,27.2595,1.5038,5.1088,5.1213,2.6043,2.0033,22813.6,22813.6,12857.5,432090.0,432090.0,
300438.SZ,20260820,59.66,5.1183,6.0009,1.07,145.758,52.2729,5.2713,2.5142,1.999,,0.1006,50334.3,40416.4,34472.1,3002950.0,2411240.0,
300045.SZ,20260820,12.6,2.1764,2.3904,0.7,,,5.504,10.683,10.5543,,,66267.5,51631.3,47008.8,834971.0,650555.0,
688805.SH,20260820,39.75,4.0386,4.0386,1.07,88.7707,80.4624,5.3486,11.5067,10.9595,,0.7547,16768.0,3353.6,3353.6,666528.0,133306.0,
300610.SZ,20260820,10.41,2.4168,2.6195,1.22,33.4604,31.8208,1.8657,2.5234,2.2857,1.94,1.4409,21208.7,16557.8,15276.9,220783.0,172366.0,
920394.BJ,20260820,44.7,0.938,2.8186,0.91,51.3273,51.3156,7.7536,14.6808,14.7971,0.4474,0.4474,14625.0,14517.3,4831.28,653738.0,648922.0,
300637.SZ,20260820,9.01,1.6453,2.6497,0.8,139.217,1070.57,3.018,2.2995,2.3746,,0.333,23475.0,23453.5,14563.0,211510.0,211316.0,
002552.SZ,20260820,57.04,10.4504,28.7596,0.9,178.132,128.428,14.1324,7.0328,6.4456,0.3506,0.3506,38798.5,36850.3,13390.3,2213070.0,2101940.0,
300780.SZ,20260820,19.72,5.8872,6.679,0.82,,,2.8879,4.7898,4.8442,,,14667.0,10753.3,9478.55,289233.0,212055.0,
000528.SZ,20260820,8.07,0.9986,1.349,0.89,10.2194,10.5548,0.8643,0.4962,0.4829,3.2603,3.9162,203783.0,203500.0,150635.0,1644530.0,1642250.0,
603103.SH,20260820,14.64,0.538,4.2366,0.58,58.3162,,7.2637,4.0409,5.4383,0.9563,0.9563,63420.0,63420.0,8054.0,928469.0,928469.0,
600734.SH,20260820,1.63,0.845,1.1436,0.64,,,15.4922,40.2841,36.6644,,,217830.0,217785.0,160920.0,355063.0,354990.0,
688661.SH,20260820,96.66,2.1131,4.0764,0.77,492.802,,12.0848,16.9227,17.8547,0.0637,0.0828,15188.8,15188.8,7873.6,1468150.0,1468150.0,
688351.SH,20260820,20.55,1.2836,4.3137,1.81,189.319,155.239,5.3509,20.8184,19.8841,,0.1022,47060.0,47060.0,14003.2,967083.0,967083.0,
603988.SH,20260820,21.2,2.7406,5.4562,0.53,162.708,161.116,7.4816,7.5721,7.5804,0.1887,0.2123,23520.0,23520.0,11813.7,498624.0,498624.0,
002223.SZ,20260820,26.27,1.2929,2.1243,1.36,17.7724,20.4884,1.9293,3.3105,3.338,3.0453,3.8066,100248.0,94229.3,57352.4,2633510.0,2475400.0,
301210.SZ,20260820,24.29,5.2995,5.3812,0.87,76.7441,58.3083,2.0778,2.2172,1.9742,0.9015,1.0248,16115.9,6154.85,6061.31,391455.0,149501.0,
688367.SH,20260820,29.69,0.9903,1.4386,0.71,258.214,320.387,4.372,13.1678,14.2559,0.3705,0.3705,8762.46,8762.46,6031.59,260157.0,260157.0,
600276.SH,20260820,49.5,3.7426,6.1404,3.18,42.6065,42.522,5.0963,10.3872,10.4886,0.4035,0.4036,663720.0,637900.0,388807.0,32854100.0,31576100.0,
002171.SZ,20260820,9.52,1.8993,2.5174,0.67,40.3193,39.4529,1.7347,0.2551,0.2365,,0.8403,162294.0,161374.0,121753.0,1545040.0,1536280.0,
688150.SH,20260820,38.35,1.6802,3.7834,0.67,70.4219,75.5571,7.9142,27.9498,28.5647,0.8038,0.7764,40243.8,40243.8,17871.7,1543350.0,1543350.0,
920019.BJ,20260820,14.64,0.7928,2.2796,0.73,76.3082,85.6997,3.2918,2.037,1.9397,1.3661,0.6831,21026.7,16753.6,5826.67,307830.0,245272.0,
600115.SH,20260820,3.48,0.7189,1.6363,1.02,,77.2516,5.4511,0.5493,0.5353,,,2208770.0,1702500.0,747941.0,7686530.0,5924690.0,
601083.SH,20260820,11.62,4.6766,4.6766,1.73,10.023,10.1686,1.5531,2.145,2.125,4.1997,6.988,129412.0,19412.0,19412.0,1503770.0,225567.0,
000156.SZ,20260820,6.68,0.4436,0.8446,0.9,26.536,27.5986,0.8154,1.3486,1.3641,2.6946,2.6946,185293.0,169988.0,89286.3,1237760.0,1135520.0,
300770.SZ,20260820,34.38,1.0021,1.8547,1.38,11.8605,12.1863,2.1096,4.8169,4.9067,8.323,8.1443,22783.9,22783.9,12310.0,783309.0,783309.0,
920009.BJ,20260820,39.73,16.5896,16.5896,3.87,31.5204,34.4583,4.4256,12.7161,12.7102,,0.8989,7754.6,1008.0,1008.0,308090.0,40047.8,
002718.SZ,20260820,86.4,0.7354,2.0604,0.62,904.112,8502.38,12.176,22.4576,25.0625,,,12944.8,9621.53,3434.03,1118430.0,831300.0,
920089.BJ,20260820,10.0,0.4285,0.4901,0.54,11.779,12.6494,1.4895,0.9949,0.995,0.7692,0.9231,19586.8,11156.2,9753.1,195868.0,111562.0,
603218.SH,20260820,9.7,0.4243,1.0417,0.7,18.0529,19.3051,0.9577,1.5969,1.6383,3.5705,3.8744,102985.0,102894.0,41916.7,998951.0,998068.0,
300633.SZ,20260820,20.7,2.4828,3.0427,1.6,44.5769,49.5176,2.6948,3.8088,3.7269,0.4888,0.8647,42483.8,26011.6,21225.4,879414.0,538441.0,
300669.SZ,20260820,23.49,0.9156,1.5507,0.75,235.942,256.301,5.141,13.8577,14.0407,0.4235,0.3388,19270.6,18250.0,10775.2,452665.0,428692.0,
688033.SH,20260820,5.94,0.3883,0.5194,0.51,,,2.518,4.889,5.89,,,56219.9,56219.9,42029.9,333946.0,333946.0,
920023.BJ,20260820,1.93,1.2469,1.3926,0.38,50.834,,0.5234,1.1762,1.2169,,,32730.4,26880.9,24068.3,63169.7,51880.0,
920245.BJ,20260820,13.29,2.3386,4.5344,1.65,71.1727,58.0394,2.5841,2.6999,2.6368,0.812,1.0749,6907.32,5319.43,2743.48,91798.3,70695.3,
002176.SZ,20260820,8.84,2.3503,2.8307,0.62,,,5.0903,7.6955,7.9717,,,170225.0,169976.0,141126.0,1504790.0,1502590.0,
003010.SZ,20260820,29.16,6.868,8.9777,1.51,46.6586,37.9022,11.46,2.6431,2.3544,1.6094,1.7478,31105.9,22614.2,17300.0,907050.0,659431.0,
301560.SZ,20260820,22.61,2.3841,2.6933,0.99,43.6484,71.5783,2.8513,2.5846,2.5534,0.3538,0.7077,12160.0,6106.0,5405.2,274938.0,138057.0,
600853.SH,20260820,3.3,0.8195,1.465,0.97,8.6026,8.6114,0.9372,0.1899,0.1899,1.2125,1.1818,101370.0,101370.0,56700.9,334521.0,334521.0,
688006.SH,20260820,22.88,2.3539,6.7559,0.91,37.4948,36.2832,2.4971,4.609,4.368,0.7955,1.014,60367.2,60367.2,21033.1,1381200.0,1381200.0,
920753.BJ,20260820,15.33,3.4986,4.9832,1.09,38.1199,35.2813,3.0442,5.191,5.1321,2.0091,2.0091,8140.44,3270.97,2296.5,124793.0,50143.9,
688298.SH,20260820,20.06,2.2742,4.421,3.08,,,0.6861,4.2687,3.9974,,,20160.0,20160.0,10370.2,404410.0,404410.0,
002227.SZ,20260820,6.79,0.6443,1.3788,0.73,,,1.8265,6.0574,5.7697,,,24780.6,24593.7,11492.0,168260.0,166991.0,
000593.SZ,20260820,24.56,6.8836,11.663,0.7,433.112,278.278,9.9606,5.7966,6.1015,,,35863.1,35848.3,21158.0,880798.0,880435.0,
688290.SH,20260820,66.86,1.3251,2.9111,1.34,,,5.4003,34.2119,35.0637,0.1711,0.0747,10219.0,10219.0,4651.53,683240.0,683240.0,
688355.SH,20260820,17.45,0.6667,2.1147,0.74,27.0766,30.9463,1.9536,4.0777,4.0571,2.5677,2.853,12395.6,12395.6,3907.68,216303.0,216303.0,
300471.SZ,20260820,9.71,1.5277,1.9759,0.43,581.944,41.2251,2.7647,4.2316,4.1067,,,47015.9,37476.4,28976.4,456524.0,363896.0,
920720.BJ,20260820,9.4,1.0172,1.0525,0.64,39.5085,43.3054,4.5567,3.4614,3.4569,1.2223,1.0638,26489.1,7401.72,7153.19,248998.0,69576.1,
002316.SZ,20260820,4.44,2.7217,2.9274,0.93,283.058,417.63,22.2914,2.9763,3.0995,,,39312.0,34073.5,31679.4,174545.0,151286.0,
002368.SZ,20260820,14.02,1.6138,2.4556,0.88,,,2.196,1.1218,1.1724,0.6598,,62323.1,62021.8,40760.3,873770.0,869546.0,
600467.SH,20260820,2.37,2.2305,3.5381,0.86,115.912,98.2943,1.0065,3.2936,3.0276,0.3764,0.2591,146099.0,146099.0,92104.3,346256.0,346256.0,
301489.SZ,20260820,102.05,7.9005,8.3142,0.59,196.943,171.842,10.8452,12.7872,11.8133,0.1215,0.1021,11629.4,6958.08,6611.84,1186780.0,710072.0,
688233.SH,20260820,113.0,6.9973,11.3049,0.92,188.603,194.563,10.0452,43.9374,43.2873,0.066,0.1631,17030.6,17030.6,10541.3,1924450.0,1924450.0,
300287.SZ,20260820,3.51,1.4055,1.4367,0.47,,,5.0857,14.4778,16.4996,,,143527.0,131830.0,128968.0,503781.0,462722.0,
600479.SH,20260820,10.07,2.1382,2.9915,1.4,17.3129,16.0853,1.5972,1.3659,1.3791,3.0397,3.7736,49221.0,41850.7,29912.6,495655.0,421437.0,
603075.SH,20260820,19.01,5.4281,5.4281,1.0,23.6745,23.4697,3.7388,3.5982,3.4067,3.6837,3.683,40240.1,4240.09,4240.09,764964.0,80604.1,
600203.SH,20260820,9.8,2.4512,3.3893,0.76,,455.443,3.3797,0.4184,0.3527,0.2041,,59298.8,59298.8,42884.9,581128.0,581128.0,
603172.SH,20260820,17.56,1.0165,3.1254,0.9,48.5331,45.1727,2.1059,4.2419,3.9155,0.5125,0.3986,13338.0,13338.0,4337.99,234215.0,234215.0,
002929.SZ,20260820,55.21,6.4425,9.7215,0.65,416.997,,2.494,1.5278,1.615,0.2336,0.1087,28637.8,21657.0,14352.2,1581090.0,1195680.0,
600382.SH,20260820,6.25,1.6455,2.3755,0.97,23.5692,22.9664,1.3833,4.4735,4.3508,1.4938,6.1694,69440.8,69440.8,48099.2,434005.0,434005.0,
300453.SZ,20260820,10.22,7.1974,8.3267,1.23,20.1395,19.0855,3.4906,3.2531,3.16,2.9363,2.9351,52208.4,35986.0,31105.7,533570.0,367777.0,
688041.SH,20260820,246.33,1.3287,3.4385,1.33,224.982,182.231,22.5652,39.8246,31.7879,0.0689,0.0972,232434.0,232434.0,89817.7,57255400.0,57255400.0,
600783.SH,20260820,18.62,10.8102,32.1476,2.82,96.0741,83.0097,3.1491,159.897,165.294,0.3759,0.3491,74435.9,74435.9,25030.3,1386000.0,1386000.0,
000561.SZ,20260820,7.39,0.9761,1.7345,1.01,,,2.1973,3.8159,3.7677,,,86401.8,77624.7,43682.0,638510.0,573647.0,
002907.SZ,20260820,15.15,9.1403,25.849,1.26,97.2023,109.985,3.6689,7.6487,7.9078,0.5611,0.495,41759.6,33581.7,11874.6,632658.0,508762.0,
300210.SZ,20260820,8.3,1.0859,1.4103,0.61,,,10.7195,12.2778,16.4703,,,48422.0,48422.0,37283.5,401903.0,401903.0,
301687.SZ,20260820,49.65,6.3872,6.3872,0.57,59.1443,58.3203,4.7546,10.3836,10.2753,,0.6042,14686.4,3115.28,3115.28,729180.0,154674.0,
301498.SZ,20260820,39.3,1.8462,2.8438,0.62,23.3807,26.5633,3.3168,2.3251,2.2701,1.2709,1.2716,40047.3,18954.7,12305.6,1573860.0,744920.0,
600538.SH,20260820,5.28,2.7524,2.7524,1.2,,,4.0689,8.4322,8.3298,,,52419.8,52419.8,52419.8,276777.0,276777.0,
688697.SH,20260820,14.44,1.7675,4.498,1.18,30.3879,29.8684,4.8299,3.1953,3.0453,2.12,2.226,64026.7,64026.7,25159.9,924545.0,924545.0,
002888.SZ,20260820,17.59,2.5995,3.7448,0.96,122.778,140.715,6.8225,9.4651,9.7532,1.1597,0.7675,14764.3,7492.3,5200.86,259705.0,131790.0,
605555.SH,20260820,11.94,0.5939,1.6,0.76,35.5277,61.2942,1.93,1.2853,1.2777,2.2549,2.3451,48406.9,48406.9,17967.5,577978.0,577978.0,
300497.SZ,20260820,17.36,5.895,6.4333,0.78,,72.5842,3.9557,7.8912,5.9997,,,53864.9,45626.3,41808.4,935095.0,792072.0,
603307.SH,20260820,25.44,0.6715,2.6464,0.96,22.9936,22.4721,1.7372,2.9576,2.8587,2.7029,3.7921,9871.17,9715.0,2465.0,251123.0,247150.0,
301133.SZ,20260820,27.55,2.0541,4.509,0.77,,,2.436,2.9693,2.893,0.4779,,12146.7,11113.6,5062.95,334641.0,306180.0,
920188.BJ,20260820,21.41,1.4041,1.4041,0.46,19.6825,19.2173,2.23,6.1567,5.8111,,2.3354,8299.32,1979.39,1979.39,177688.0,42378.7,
300653.SZ,20260820,15.77,3.681,6.4172,2.19,34.4448,40.2452,3.1392,7.7954,8.1627,2.8787,1.7522,18000.0,18000.0,10325.2,283860.0,283860.0,
301009.SZ,20260820,9.15,2.2902,3.2299,1.36,68.8707,128.164,1.8515,2.1626,2.1419,0.7497,1.2853,27186.0,15103.5,10709.3,248752.0,138197.0,
000877.SZ,20260820,3.69,0.1809,0.9591,1.28,,,0.355,0.3522,0.365,,,711049.0,711049.0,134114.0,2623770.0,2623770.0,
600750.SH,20260820,24.2,1.0434,1.8487,1.47,16.9642,16.9059,3.5637,3.6453,3.7777,4.9541,5.7007,63558.8,62882.5,35490.9,1538120.0,1521760.0,
688195.SH,20260820,176.28,8.4677,12.9732,1.05,452.056,443.269,31.3617,54.5178,49.6089,0.0282,0.0665,18109.0,18109.0,11819.8,3192250.0,3192250.0,
600507.SH,20260820,4.2,0.7416,1.2394,0.82,10.3106,12.1465,0.9465,0.5328,0.5431,0.7687,4.6589,231319.0,231319.0,138416.0,971539.0,971539.0,
301189.SZ,20260820,51.34,2.2218,5.9893,0.68,,,4.0524,8.8829,7.2071,,,16364.0,15794.1,5858.86,840128.0,810871.0,
600488.SH,20260820,5.91,8.1965,18.8281,1.03,91.4491,244.382,2.1163,2.219,2.3634,1.6582,0.8799,109189.0,109189.0,47533.7,645305.0,645305.0,
603272.SH,20260820,13.74,2.644,5.8762,0.53,,,2.6425,10.0546,11.7235,0.6963,,10362.7,10362.7,4662.7,142384.0,142384.0,
301469.SZ,20260820,28.57,2.4579,4.9154,1.29,31.8303,25.5829,1.824,2.2208,2.1702,1.2106,1.3704,8948.0,4605.87,2303.18,255644.0,131590.0,
002651.SZ,20260820,7.82,4.1899,7.9761,0.74,144.199,196.353,2.883,11.0919,10.7995,0.7673,0.7673,103346.0,56546.4,29704.5,808166.0,442193.0,
002872.SZ,20260820,5.3,1.4335,1.4444,1.27,,,0.8682,3.2784,3.1769,,,31800.0,21491.8,21328.9,168540.0,113907.0,
002338.SZ,20260820,42.8,1.9753,3.3707,0.75,127.562,105.022,7.1067,12.8458,11.9425,0.1402,0.1636,24000.0,24000.0,14064.5,1027200.0,1027200.0,
001287.SZ,20260820,23.15,2.5039,5.5977,0.86,61.8975,49.1258,3.1768,0.2685,0.2115,0.4838,0.5097,75990.0,75990.0,33990.1,1759170.0,1759170.0,
600579.SH,20260820,7.02,0.7489,1.7847,0.61,,,2.2829,2.1881,2.2398,,,49360.1,49360.1,20712.7,346508.0,346508.0,
000607.SZ,20260820,3.64,1.1627,2.1763,0.86,,,3.1164,2.9713,2.9736,,,101770.0,88503.3,47284.0,370442.0,322152.0,
601898.SH,20260820,14.26,0.3778,2.2504,0.87,10.5722,10.6475,1.1528,1.277,1.3143,2.9734,2.9734,1325870.0,915200.0,153648.0,18906900.0,13050800.0,
002481.SZ,20260820,4.22,1.3862,2.2891,1.06,159.394,454.777,2.1266,2.455,2.3697,0.7039,0.23,123370.0,111815.0,67711.2,520620.0,471860.0,
688648.SH,20260820,32.08,4.4782,5.2331,0.77,6.9616,7.0535,2.0247,3.1492,2.8379,,,13600.0,6952.89,5949.89,436288.0,223049.0,
300311.SZ,20260820,6.11,10.9422,11.8477,0.78,178.665,117.578,6.2901,8.4146,8.3967,,,67363.0,53740.9,49633.5,411588.0,328357.0,
603222.SH,20260820,8.55,3.2383,5.1689,0.89,,,4.0341,6.5449,6.7205,,,52509.1,52509.1,32897.3,448952.0,448952.0,
688387.SH,20260820,12.8,3.3352,5.7631,1.04,,,7.4548,7.1212,7.1837,,,341875.0,201678.0,116712.0,4376000.0,2581470.0,
600785.SH,20260820,8.85,2.0721,3.5801,0.66,37.5298,46.9634,1.2105,0.4681,0.4662,2.8249,1.6142,31588.4,31588.4,18282.9,279557.0,279557.0,
300464.SZ,20260820,6.67,1.5854,2.3125,0.36,640.952,285.294,21.9004,2.0846,2.0609,,,46730.0,35514.3,24346.8,311689.0,236880.0,
300058.SZ,20260820,13.64,6.1202,6.1202,0.49,217.971,191.841,6.1483,0.7129,0.6686,,0.0733,359022.0,347793.0,347793.0,4897060.0,4743900.0,
300342.SZ,20260820,32.17,5.8072,7.6474,1.12,1068.96,690.131,8.6936,16.6513,16.2456,0.2021,0.0622,42503.5,42035.7,31920.8,1367340.0,1352290.0,
605058.SH,20260820,26.64,1.1333,3.7735,0.8,24.9762,25.5668,2.0952,2.8245,2.7817,2.2522,1.8769,14292.5,14292.5,4292.51,380752.0,380752.0,
002133.SZ,20260820,2.73,2.4599,3.634,1.52,55.2305,29.2459,0.7294,0.5185,0.6001,1.8077,1.8077,77414.4,76987.0,52112.8,211341.0,210175.0,
301131.SZ,20260820,34.13,2.2044,2.6146,1.07,57.0043,71.2487,1.6834,1.1489,1.1461,1.5624,1.0398,5466.24,3915.49,3301.17,186563.0,133636.0,
300403.SZ,20260820,9.22,1.5492,1.8236,0.5,23.5469,26.7345,2.4792,4.7371,4.7287,1.0846,1.41,60300.0,43816.1,37225.1,555966.0,403984.0,
000951.SZ,20260820,21.93,1.0427,2.1666,1.72,15.3896,14.1627,1.5417,0.444,0.3975,3.2832,3.7711,116899.0,116899.0,56259.5,2563610.0,2563610.0,
002181.SZ,20260820,8.34,1.5679,4.8071,0.5,105.163,132.605,2.2772,16.3053,16.1936,0.8153,0.7554,116106.0,113454.0,37005.4,968323.0,946204.0,
300349.SZ,20260820,10.35,2.2025,3.1123,1.14,16.2394,20.3134,0.9645,1.3381,1.3964,4.8122,2.4155,41721.3,36973.8,26165.7,431816.0,382679.0,
301707.SZ,20260820,79.72,26.7479,26.7479,0.89,143.699,131.691,22.4422,51.2846,50.1113,,,41119.0,2705.26,2705.26,3278010.0,215663.0,
000810.SZ,20260820,9.41,0.963,2.1132,0.66,60.1754,42.0456,1.6429,1.2287,1.1388,1.3712,0.8502,115020.0,111061.0,50611.0,1082330.0,1045080.0,
300188.SZ,20260820,10.23,0.7559,1.26,0.54,,,3.5221,6.2301,6.4626,,,85947.7,85550.9,51323.2,879245.0,875185.0,
603216.SH,20260820,21.14,2.224,8.7363,1.33,72.6379,73.6328,2.6031,4.3401,4.4955,0.9461,0.9461,22269.0,22269.0,5669.0,470767.0,470767.0,
605158.SH,20260820,7.3,0.786,2.7976,1.42,57.1793,,1.5404,0.5336,0.5297,2.0341,0.6704,51142.0,51142.0,14369.4,373337.0,373337.0,
001311.SZ,20260820,17.86,2.7783,4.7644,0.58,30.7557,29.3602,1.5049,1.7194,1.4632,2.2198,,40366.2,18187.2,10605.5,720940.0,324823.0,
600235.SH,20260820,5.72,1.1748,1.8441,0.99,123.402,201.773,1.3311,1.6683,1.6228,0.2972,0.2622,35130.0,35130.0,22380.0,200944.0,200944.0,
300947.SZ,20260820,14.23,3.8227,6.2055,1.85,,,1.8141,1.7599,1.7673,,,15113.8,15108.1,9306.9,215069.0,214988.0,
920195.BJ,20260820,12.21,0.6201,1.1213,0.51,10.7046,11.7053,1.4241,1.0541,1.0802,1.638,1.638,9803.0,7075.9,3912.91,119695.0,86396.7,
920491.BJ,20260820,21.42,1.4357,1.536,0.76,32.1527,35.9009,2.7867,4.4244,4.5139,1.4006,1.4006,14114.3,11582.3,10826.0,302329.0,248093.0,
000570.SZ,20260820,5.06,1.7581,2.9782,0.99,70.2624,43.8161,1.011,1.442,1.4168,0.1976,0.4348,70569.2,55569.2,32802.9,357080.0,281180.0,
300400.SZ,20260820,28.56,4.0197,5.9886,0.76,82.7497,81.9295,9.8339,8.8509,8.6938,1.3966,1.4315,24331.9,24250.7,16277.8,694919.0,692601.0,
002154.SZ,20260820,4.2,1.5938,2.0838,0.57,17.9349,14.0624,1.3089,1.1857,1.1335,1.1905,4.0476,145933.0,118013.0,90261.8,612920.0,495653.0,
603567.SH,20260820,6.21,8.7992,17.4392,1.18,,,0.957,7.323,11.4498,2.4171,,94023.5,93940.3,47398.8,583886.0,583369.0,
002855.SZ,20260820,10.04,0.9855,2.7074,0.93,,,11.9444,1.4789,1.5391,,,24642.0,24622.7,8962.72,247405.0,247212.0,
002449.SZ,20260820,6.43,1.1497,1.4641,0.83,,,1.0585,1.2119,1.2703,0.7776,,61847.7,61847.7,48565.7,397681.0,397681.0,
603926.SH,20260820,15.34,2.1647,3.6544,1.04,46.1312,44.3722,2.0426,1.5006,1.4906,1.7103,0.8475,23298.7,23083.9,13674.3,357401.0,354106.0,
920429.BJ,20260820,10.33,2.9333,5.5294,0.82,32.6075,26.7527,1.5402,1.1098,1.2332,2.394,0.9407,12447.6,11350.0,6021.07,128584.0,117246.0,
603022.SH,20260820,8.75,1.3284,2.224,1.19,29.4053,29.4665,2.0495,1.7866,1.7726,0.8914,1.1429,20000.0,20000.0,11946.0,175000.0,175000.0,
002182.SZ,20260820,11.76,1.2463,1.8864,0.66,,,2.2084,1.1767,1.1651,0.4252,,99179.2,86550.5,57182.0,1166350.0,1017830.0,
601939.SH,20260820,10.58,1.1954,1.7271,0.9,8.1667,8.0964,0.7802,3.6367,3.5382,5.5652,1.9178,26160000.0,959366.0,664036.0,276773000.0,10150100.0,
603693.SH,20260820,11.29,0.3846,2.4147,0.44,19.8337,22.2052,1.4011,4.823,4.9818,1.3286,1.3286,89147.6,89147.6,14200.7,1006480.0,1006480.0,
688484.SH,20260820,36.43,2.6947,3.7902,1.07,65.5939,220.224,3.8902,4.8,4.6904,0.5418,0.6803,42961.1,42961.1,30544.0,1565070.0,1565070.0,
600893.SH,20260820,35.78,0.7664,1.5622,0.67,150.356,151.539,2.3719,2.0585,2.0188,0.2711,0.2012,266559.0,266512.0,130745.0,9537500.0,9535820.0,
600420.SH,20260820,8.8,1.6007,3.6489,2.02,12.5343,16.4244,0.848,1.2605,1.338,3.4091,3.4091,134117.0,134117.0,58835.2,1180230.0,1180230.0,
605088.SH,20260820,20.9,1.5706,2.6854,0.96,14.3531,14.6619,1.4329,0.9524,0.9086,2.6252,2.8332,20272.6,20119.4,11767.0,423698.0,420495.0,
688019.SH,20260820,248.41,2.8415,3.9572,0.83,72.3871,68.9686,12.3623,22.6522,21.1438,0.1024,0.1542,22835.7,22835.7,16397.6,5672600.0,5672600.0,
601002.SH,20260820,5.21,0.9527,1.7321,0.79,20.6849,19.5203,1.1408,2.1444,2.1705,1.905,1.524,96165.1,95444.1,52497.1,501020.0,497264.0,
000702.SZ,20260820,5.53,1.744,3.0283,0.92,,,5.7807,1.8819,1.764,,,34662.5,34662.5,19961.7,191684.0,191684.0,
603191.SH,20260820,14.71,2.5465,4.191,0.35,70.0975,72.4075,1.9391,1.2392,1.2076,0.3423,0.3399,32996.5,32996.5,20048.9,485378.0,485378.0,
688580.SH,20260820,50.44,2.8382,7.3682,2.0,34.9867,29.0262,2.7518,10.4397,10.2161,1.5851,2.1438,9577.13,9577.13,3689.1,483070.0,483070.0,
603102.SH,20260820,44.13,15.9622,28.4844,1.49,21.9903,23.8079,1.6481,3.1005,2.8408,1.6537,,6400.0,6400.0,3586.45,282432.0,282432.0,
688283.SH,20260820,28.55,0.7761,1.5458,0.83,74.3349,66.9974,3.511,14.3283,14.055,0.9043,0.9043,12180.0,12180.0,6115.25,347739.0,347739.0,
600623.SH,20260820,8.21,0.5602,1.617,0.88,31.3694,30.7891,0.7718,0.3777,0.3762,2.2064,1.3398,211949.0,187603.0,64998.7,1740100.0,1540220.0,
920117.BJ,20260820,29.39,23.0176,23.0176,0.66,22.3479,22.3479,3.9236,4.1625,4.1625,,,8984.0,2021.4,2021.4,264040.0,59409.0,
002144.SZ,20260820,10.9,2.2315,2.4185,1.09,44.5499,51.0481,0.8984,3.9025,4.1428,0.4587,0.4587,17676.3,13764.2,12700.2,192671.0,150029.0,
002730.SZ,20260820,21.04,2.1581,4.3235,0.8,113.579,111.543,4.6177,6.5159,6.661,0.6179,0.4753,36208.0,34603.0,17271.9,761816.0,728047.0,
688325.SH,20260820,108.55,1.1518,2.219,0.74,96.4194,100.985,5.2883,19.2075,18.6092,0.8965,1.1655,8646.64,8218.14,4265.92,938593.0,892079.0,
300961.SZ,20260820,11.53,2.4544,2.8921,0.88,,,3.696,5.4697,5.596,,,17728.0,15192.7,12893.6,204404.0,175172.0,
000863.SZ,20260820,4.09,1.4402,2.6695,0.93,,,1.1095,6.5625,6.6516,,,118070.0,116322.0,62754.7,482906.0,475755.0,
002802.SZ,20260820,11.65,1.617,2.8936,1.1,51.2506,49.5669,3.2324,5.3677,5.3708,0.8452,0.8402,18124.6,14968.3,8364.71,211151.0,174381.0,
603356.SH,20260820,16.75,1.5639,2.2053,0.76,,,7.3944,2.3349,2.3945,,,13334.0,13334.0,9455.48,223344.0,223344.0,
920273.BJ,20260820,18.14,3.336,5.692,0.58,28.0123,33.5899,2.7451,2.5283,2.3784,1.9685,2.7563,10303.8,6859.02,4019.95,186911.0,124423.0,
301032.SZ,20260820,10.06,1.7555,3.1642,0.96,22.61,21.6078,1.9035,1.0407,1.0406,0.994,1.2922,24113.3,15987.3,8869.97,242580.0,160832.0,
301505.SZ,20260820,16.51,1.7337,2.0092,0.87,85.337,88.778,1.9366,6.9758,7.1456,1.205,1.0199,11440.0,9116.94,7866.7,188874.0,150521.0,
301238.SZ,20260820,15.97,0.892,3.1699,0.79,52.6657,36.3254,1.5855,5.7099,5.1759,1.2523,1.8785,73333.3,73333.3,20636.7,1171130.0,1171130.0,
000421.SZ,20260820,5.88,7.3666,16.0428,6.12,70.2484,38.5772,1.1985,0.4838,0.4516,1.0233,1.0204,57441.6,57429.6,26370.6,337756.0,337686.0,
000719.SZ,20260820,12.3,0.6815,1.4982,1.26,9.1487,9.1409,1.0169,1.3458,1.3515,4.878,5.3659,102320.0,66714.8,30345.2,1258540.0,820591.0,
300063.SZ,20260820,8.95,4.9646,5.5104,0.43,59.733,58.2494,3.8409,0.8966,0.837,,,75852.7,62651.7,56446.1,678882.0,560733.0,
002968.SZ,20260820,9.34,2.2314,4.5517,1.65,22.2767,22.2144,1.6962,0.7013,0.6919,4.6233,1.5915,22627.8,21301.1,10442.5,211343.0,198953.0,
301626.SZ,20260820,259.59,3.9618,3.9618,0.63,194.117,266.318,18.5881,26.8765,26.5736,0.2157,0.077,11568.0,5261.9,5261.9,3002940.0,1365940.0,
002930.SZ,20260820,8.7,1.4823,3.0434,0.7,,,2.0358,3.3478,3.2766,2.2963,,45800.5,43341.8,21109.7,398465.0,377074.0,
603565.SH,20260820,12.06,2.1576,5.265,2.17,12.6567,12.7836,2.3103,2.3855,2.3833,10.1161,5.5556,210006.0,210006.0,86058.6,2532680.0,2532680.0,
300395.SZ,20260820,89.02,3.1967,3.961,0.67,105.601,97.1327,9.7882,23.2104,20.9695,0.1446,,52572.7,51254.3,41363.7,4680020.0,4562660.0,
688050.SH,20260820,42.2,2.9926,4.1093,1.17,30.4399,30.817,2.8504,5.5055,5.3572,0.8286,0.7577,19343.8,19343.8,14087.1,816307.0,816307.0,
002515.SZ,20260820,8.08,8.8352,9.9072,0.86,386.586,,3.7713,30.8628,32.4725,0.3713,0.1238,121061.0,110185.0,98262.7,978176.0,890296.0,
002521.SZ,20260820,6.78,1.1472,1.3443,0.97,24.5321,22.1737,0.9659,1.1316,1.1362,5.8997,3.9823,56006.1,41917.4,35772.0,379721.0,284200.0,
688615.SH,20260820,96.79,8.4922,8.4922,1.62,41.7729,40.7568,6.3897,10.4832,9.4973,1.0542,1.2177,19600.0,13533.8,13533.8,1897080.0,1309940.0,
688486.SH,20260820,44.21,1.682,3.2762,0.59,48.056,45.5218,5.1713,14.5398,14.0656,0.8593,1.6725,18687.1,18686.2,9593.67,826158.0,826118.0,
600327.SH,20260820,4.24,5.8729,10.6213,1.55,,,1.3284,1.1546,1.235,0.6987,,88478.0,88478.0,48922.7,375146.0,375146.0,
601139.SH,20260820,6.33,0.5397,2.2069,0.91,12.9333,12.629,1.1035,0.611,0.6258,2.5276,2.5276,287674.0,287674.0,70347.3,1820980.0,1820980.0,
300667.SZ,20260820,14.93,7.0534,8.1773,2.62,,,2.9354,4.0241,3.8921,,,20463.6,17731.1,15294.3,305522.0,264725.0,
603113.SH,20260820,5.55,9.3304,17.8273,5.38,213.673,,0.6461,0.2784,0.2985,6.3923,5.0964,84849.1,84849.1,44408.1,470912.0,470912.0,
603979.SH,20260820,74.9,1.1778,2.044,0.81,19.9778,18.5534,4.0813,3.3628,3.2229,0.6008,0.8812,62379.3,62379.3,35944.4,4672210.0,4672210.0,
000571.SZ,20260820,6.02,4.6177,6.512,1.06,,,335.02,9.9447,9.3849,,,83912.9,81399.2,57721.0,505156.0,490023.0,
688522.SH,20260820,18.48,1.6682,1.6682,0.6,71.5788,68.6024,3.3506,17.0024,15.622,0.4689,0.4248,42404.3,17218.4,17218.4,783631.0,318197.0,
605189.SH,20260820,14.31,3.8542,8.7705,0.58,44.4339,23.4812,1.787,1.0,0.9438,0.7798,0.7205,23823.5,23823.5,10469.2,340914.0,340914.0,
002190.SZ,20260820,23.02,1.2083,2.4758,0.31,,,1.8993,3.5778,3.5083,,,35872.9,35872.9,17508.0,825795.0,825795.0,
301176.SZ,20260820,45.91,2.9611,8.6199,0.71,,,5.2189,4.5127,3.9932,,,16906.7,16405.4,5635.56,776185.0,753170.0,
002427.SZ,20260820,4.61,5.2303,12.7233,3.85,119.439,357.517,4.7991,2.0289,2.1271,,,98543.3,98451.8,40471.1,454285.0,453863.0,
000923.SZ,20260820,15.25,2.4964,3.9661,0.87,17.5489,21.4522,0.9911,1.7047,1.8064,3.2787,3.9344,65272.9,62790.1,39522.8,995412.0,957550.0,
002891.SZ,20260820,29.53,1.7869,3.414,0.53,26.034,27.3877,2.8176,1.8205,1.6814,1.1171,0.5418,32189.8,32189.8,16848.0,950564.0,950564.0,
688143.SH,20260820,149.5,22.8891,29.6335,1.34,804.585,893.336,14.2052,48.3766,46.1351,0.031,0.0329,12878.1,12237.4,9452.26,1925270.0,1829500.0,
301218.SZ,20260820,40.7,12.3625,15.1553,0.78,,,5.1136,7.8698,9.432,0.0614,,11404.0,7006.88,5715.68,464143.0,285180.0,
300203.SZ,20260820,13.23,2.7567,3.6327,1.19,,,2.2892,1.981,2.0758,1.8896,,44873.8,44835.1,34023.8,593680.0,593168.0,
300213.SZ,20260820,6.26,2.1043,2.157,0.75,,,1.813,4.2955,4.2363,0.7987,,59436.5,55259.1,53909.1,372072.0,345922.0,
603124.SH,20260820,129.9,5.5522,5.5522,0.97,86.4033,72.6107,9.8185,1.8329,1.6861,0.2848,0.3541,14574.5,7760.88,7760.88,1893230.0,1008140.0,
301022.SZ,20260820,22.95,1.4277,1.6364,0.87,43.2935,68.2595,1.6287,2.7655,2.7242,1.1137,1.3072,9948.41,6676.61,5825.12,228316.0,153228.0,
688589.SH,20260820,18.32,1.6034,2.0342,0.52,129.451,621.741,2.8024,7.4394,8.065,1.3607,0.5443,14532.9,14532.9,11455.6,266242.0,266242.0,
002028.SZ,20260820,173.63,1.2497,1.3782,0.63,43.134,40.9129,8.2582,6.3085,5.7002,0.2863,0.4031,78257.3,61077.5,55381.8,13587800.0,10604900.0,
000966.SZ,20260820,3.96,1.1368,2.9,0.87,,1152.97,1.0179,1.019,1.0009,1.8182,,348104.0,348104.0,136455.0,1378490.0,1378490.0,
000597.SZ,20260820,5.17,3.826,8.8374,1.09,28.3662,29.4641,1.3279,1.0427,1.0341,1.9345,1.0638,142693.0,140920.0,61008.5,737722.0,728558.0,
002902.SZ,20260820,24.89,6.53,7.9714,0.82,,,9.6391,3.6761,3.4074,,,23500.9,17763.2,14551.2,584937.0,442126.0,
603331.SH,20260820,12.44,2.2487,2.9401,0.93,,,2.4141,1.7854,1.861,0.6431,,20217.6,20217.6,15463.2,251506.0,251506.0,
688616.SH,20260820,10.99,0.9809,2.119,1.01,18.9638,19.396,2.1642,3.4803,3.3965,2.6824,2.6824,17937.8,17937.8,8303.33,197137.0,197137.0,
605599.SH,20260820,15.79,1.3502,3.6241,1.56,10.8388,10.1349,2.4277,0.4261,0.3522,4.5598,4.9398,77777.8,77777.8,28977.6,1228110.0,1228110.0,
300877.SZ,20260820,29.37,2.7319,5.5118,1.0,40.6535,40.913,2.0922,3.2419,3.1125,0.3301,0.8628,12000.0,11999.9,5947.59,352440.0,352437.0,
688305.SH,20260820,64.31,3.5919,6.0001,0.63,96.2118,94.6667,4.441,15.4491,16.1139,0.2938,0.3274,13255.9,13221.4,7914.78,852484.0,850267.0,
601200.SH,20260820,6.98,0.4893,1.1248,1.03,15.5796,15.5766,0.795,1.5015,1.5194,1.4327,1.9341,134623.0,134623.0,58565.0,939669.0,939669.0,
300800.SZ,20260820,10.08,1.0995,2.1836,1.02,56.0512,52.0533,1.1591,2.8367,2.7738,1.5496,0.9685,23675.9,23430.7,11797.4,238653.0,236181.0,
603698.SH,20260820,21.85,3.1973,10.3749,0.96,54.0928,52.3745,3.3273,2.7772,2.707,0.746,0.595,53599.0,53599.0,16518.2,1171140.0,1171140.0,
600423.SH,20260820,2.81,0.3101,0.4312,0.45,,,4.149,16.3332,15.3602,,,79869.5,79869.5,57441.6,224433.0,224433.0,
600590.SH,20260820,8.18,1.9116,2.8153,0.52,115.243,92.8523,2.1485,1.543,1.5412,,0.2812,85287.0,84357.0,57277.1,697647.0,690040.0,
300413.SZ,20260820,15.25,1.3761,2.3568,0.88,23.2478,27.2296,1.2105,2.0653,2.0381,1.4426,1.7049,187072.0,102170.0,59658.3,2852850.0,1558090.0,
920641.BJ,20260820,14.13,7.5995,11.9412,1.69,121.453,195.932,3.0442,2.0485,2.0762,0.7077,0.7077,7507.5,4531.93,2884.18,106081.0,64036.2,
301629.SZ,20260820,251.81,4.1519,4.1519,0.81,198.898,339.773,8.8849,25.0863,29.3616,0.3804,0.1009,4172.73,1919.61,1919.61,1050740.0,483377.0,
688777.SH,20260820,91.7,1.9296,2.4313,0.96,164.339,183.18,7.231,8.9875,9.1014,0.7689,0.301,79119.0,78719.9,62474.1,7255210.0,7218620.0,
002041.SZ,20260820,10.18,8.8751,22.5021,1.88,97.7422,88.879,2.4248,8.1306,7.4418,0.2849,,88000.0,88000.0,34708.1,895840.0,895840.0,
603867.SH,20260820,28.86,3.7111,4.8471,1.47,24.1002,23.2349,2.0,2.1326,2.0921,1.3649,1.3822,21748.7,21568.7,16513.4,627667.0,622472.0,
001286.SZ,20260820,10.56,2.0087,3.9704,1.59,13.1583,12.3968,1.4405,1.7249,1.6826,3.8826,3.8826,375000.0,135000.0,68298.6,3960000.0,1425600.0,
600415.SH,20260820,12.58,1.8736,4.6262,1.13,16.4107,15.7113,2.8901,3.4618,3.2297,2.6233,3.9746,548356.0,548356.0,222086.0,6898320.0,6898320.0,
600658.SH,20260820,4.01,1.292,2.4662,1.28,,,1.107,3.8458,4.1413,,,111859.0,111859.0,58603.2,448553.0,448553.0,
301061.SZ,20260820,35.0,1.9944,5.2006,1.55,11.6083,11.9955,2.2827,2.9457,2.97,1.9337,2.1918,28439.8,18893.9,7245.58,995392.0,661285.0,
300712.SZ,20260820,20.47,0.8704,1.5195,1.1,162.922,551.477,2.9984,2.2591,2.3911,0.2397,0.2397,18754.6,18674.0,10697.1,383907.0,382256.0,
001312.SZ,20260820,17.52,2.214,2.214,0.32,17.7473,18.1421,1.7402,2.3763,2.3643,,1.1416,23333.3,5716.03,5716.03,408800.0,100145.0,
601877.SH,20260820,26.28,1.8441,3.9257,2.35,12.5461,11.1376,1.2275,0.9549,0.8357,2.2779,2.261,214897.0,214897.0,100948.0,5647490.0,5647490.0,
300053.SZ,20260820,11.9,2.1349,2.5516,0.76,,,5.8639,29.9241,33.3715,,,69687.4,65081.9,54453.5,829280.0,774474.0,
600085.SH,20260820,24.44,0.5121,1.0768,1.06,28.1818,31.0835,2.3797,1.9424,2.0138,2.0458,2.0458,137147.0,137147.0,65216.2,3351870.0,3351870.0,
688408.SH,20260820,25.66,1.7548,2.6838,1.23,,,1.3862,0.8165,0.833,3.8605,,21906.6,21906.6,14323.4,562123.0,562123.0,
688622.SH,20260820,104.02,0.2324,0.4996,0.63,,,24.7656,73.7461,84.3754,,,7046.55,7046.55,3278.23,732982.0,732982.0,
301137.SZ,20260820,31.53,1.373,3.4993,0.49,152.712,150.149,4.1268,3.2136,3.1571,0.2854,0.2696,18181.3,18181.3,7133.6,573258.0,573258.0,
301157.SZ,20260820,61.69,2.8595,2.8595,0.69,127.737,119.393,3.3289,14.1628,13.4838,0.3242,0.2432,6000.0,2065.78,2065.78,370140.0,127438.0,
001330.SZ,20260820,4.8,4.8782,5.7733,0.94,,,1.7359,5.2666,6.5667,,,137452.0,116285.0,98256.9,659769.0,558167.0,
603697.SH,20260820,9.46,0.8912,2.7007,0.46,21.8045,20.1089,2.2297,2.5463,2.185,4.6512,4.4397,42769.2,42769.2,14112.4,404597.0,404597.0,
000062.SZ,20260820,22.24,1.282,3.8474,0.64,50.2464,41.6675,3.3874,0.9338,0.8495,2.6079,2.2482,104591.0,104490.0,34817.1,2326100.0,2323860.0,
920876.BJ,20260820,16.12,2.2091,3.4557,0.6,158.303,576.602,4.0735,1.8748,1.9412,,0.3102,6418.07,3924.82,2509.03,103459.0,63268.2,
603868.SH,20260820,30.25,0.1749,1.747,0.73,25.7319,25.3539,3.7485,3.4127,3.5575,1.6529,1.6529,43560.0,43560.0,4360.0,1317690.0,1317690.0,
301003.SZ,20260820,56.4,3.6664,6.5256,1.14,53.6869,53.6003,4.7399,10.0319,9.3639,3.1915,1.0638,9713.33,7514.01,4221.73,547832.0,423790.0,
301233.SZ,20260820,32.83,1.3985,1.9088,0.72,27.0395,28.9427,2.346,5.3448,5.452,1.1113,1.3051,7176.68,3937.61,2885.08,235610.0,129272.0,
002653.SZ,20260820,69.28,1.4897,2.3244,1.2,304.496,102.975,16.3159,18.0139,15.6215,0.3826,0.3783,114089.0,53678.6,34403.8,7904100.0,3718850.0,
603283.SH,20260820,46.82,5.8405,9.1685,0.66,34.0292,32.5076,4.6332,4.875,4.8115,0.6674,0.8872,35252.6,35252.6,22456.3,1650530.0,1650530.0,
000720.SZ,20260820,3.68,2.6706,4.5804,0.46,,,2.4581,3.2256,3.2003,,,125653.0,125653.0,73261.3,462404.0,462404.0,
600266.SH,20260820,4.31,3.3702,6.185,1.14,,,0.4895,0.2954,0.2843,1.1601,1.1601,207574.0,207574.0,113108.0,894645.0,894645.0,
920699.BJ,20260820,83.08,3.9092,6.4637,0.59,83.6885,97.7609,15.0938,14.3249,15.351,0.5588,0.3267,6387.54,2922.54,1767.54,530677.0,242805.0,
300091.SZ,20260820,2.55,0.1775,0.2431,0.52,,,5.5828,9.6886,9.6712,,,284204.0,163542.0,119390.0,724722.0,417033.0,
601006.SH,20260820,4.8,0.4356,0.962,0.95,16.1592,16.6874,0.5736,1.2279,1.2159,4.6489,4.6425,1986290.0,1986290.0,899397.0,9534190.0,9534190.0,
603685.SH,20260820,24.9,0.8603,1.4429,0.63,285.746,170.781,3.1564,5.5773,5.6601,0.0215,0.1205,25295.1,20146.6,12011.6,629847.0,501650.0,
603511.SH,20260820,12.84,0.2583,1.8435,0.63,34.2737,32.5181,1.1643,1.6846,1.6872,3.1205,2.8687,40587.4,40188.7,5631.51,521143.0,516023.0,
001325.SZ,20260820,37.8,4.4432,4.4432,0.82,18.7807,18.7425,1.6236,2.0701,2.0282,,1.6138,7840.0,1960.0,1960.0,296352.0,74088.0,
301396.SZ,20260820,190.0,11.8133,15.6327,0.64,1544.01,1164.94,32.9803,34.5624,33.8549,0.0322,0.094,21492.5,14150.7,10693.3,4083570.0,2688630.0,
301172.SZ,20260820,17.56,2.4973,4.0675,0.81,113.438,112.108,2.6494,8.8823,8.1451,0.3121,0.4381,22479.9,16628.8,10209.3,394746.0,292002.0,
920020.BJ,20260820,15.32,0.4663,0.4663,0.77,19.8111,18.9973,2.8821,1.3353,1.267,,1.5666,22494.5,5560.09,5560.09,344616.0,85180.6,
688739.SH,20260820,21.54,2.4506,5.5474,4.98,68.0652,155.561,0.9592,6.4521,6.8726,3.6711,0.4585,41645.0,41645.0,18397.2,897033.0,897033.0,
600289.SH,20260820,4.32,0.2555,0.342,0.75,,,3.0317,8.7732,3.7461,,,63105.2,56592.3,42280.9,272614.0,244479.0,
600831.SH,20260820,3.32,1.5353,2.1685,1.03,,,6.6603,2.1398,2.3228,,,71094.7,71094.7,50335.6,236034.0,236034.0,
000670.SZ,20260820,7.17,6.173,7.2567,0.68,,,197.169,1.2775,1.2302,,,84594.4,83045.0,70642.7,606542.0,595433.0,
603100.SH,20260820,17.43,0.568,1.2382,0.68,13.9206,13.9463,1.8671,1.3144,1.3132,3.2996,2.926,51317.3,51153.9,23467.2,894461.0,891613.0,
002364.SZ,20260820,39.73,6.8185,11.5241,0.64,177.175,170.895,8.9532,10.4764,10.3302,0.2509,0.2509,56356.5,55810.4,33021.5,2239040.0,2217350.0,
000525.SZ,20260820,4.6,6.9456,8.7653,1.82,,,2.4139,1.9461,2.0629,,,130294.0,111176.0,88096.4,599352.0,511410.0,
000919.SZ,20260820,7.05,6.7328,11.5522,1.58,81.3243,74.3957,1.1521,1.3713,1.3893,1.4225,1.4184,62192.5,62176.7,36237.6,438457.0,438346.0,
600801.SH,20260820,22.77,0.9065,2.2709,1.43,16.5907,14.5678,1.4404,1.3392,1.2761,3.5105,2.4126,207900.0,134170.0,53556.3,4733870.0,3055050.0,
000547.SZ,20260820,13.86,4.9218,6.1835,1.21,,,6.0549,8.8587,7.6519,,,159847.0,158912.0,126487.0,2215480.0,2202520.0,
301456.SZ,20260820,22.96,1.3267,1.6882,0.89,41.8889,39.6774,1.5693,5.43,5.0283,0.8617,0.8711,15208.9,6855.18,5387.29,349197.0,157395.0,
300172.SZ,20260820,4.61,1.8613,2.0481,0.91,38.1883,33.9552,1.6183,4.3549,3.8845,1.0846,2.1692,67671.0,52351.2,47576.6,311963.0,241339.0,
600094.SH,20260820,3.94,0.6818,1.0603,0.56,63.8442,63.4902,0.8913,4.0775,4.7351,,,232495.0,212623.0,136727.0,916030.0,837735.0,
920368.BJ,20260820,23.39,1.4315,2.2758,0.86,64.8074,316.549,1.297,2.5118,2.9056,0.6413,0.171,23478.0,22336.9,14049.6,549151.0,522460.0,
300149.SZ,20260820,11.35,16.2043,20.8296,1.66,427.343,,4.4703,5.0511,5.0271,,,50498.6,48158.5,37464.7,573159.0,546599.0,
688418.SH,20260820,32.61,2.333,3.4148,0.88,,,7.6875,7.1612,7.6125,,,19255.5,19255.5,13155.2,627921.0,627921.0,
600967.SH,20260820,10.81,0.6974,1.5583,0.51,54.944,64.1333,1.5398,1.8351,1.8592,0.6475,0.9158,170179.0,170179.0,76162.3,1839640.0,1839640.0,
300509.SZ,20260820,8.58,1.4946,2.8448,0.94,20.5898,19.9289,3.7111,2.0876,1.9817,1.7483,1.8648,29640.0,24710.4,12982.4,254311.0,212015.0,
002264.SZ,20260820,6.65,2.9901,4.5985,0.86,28.2451,29.8949,2.2973,1.5019,1.3173,1.4794,2.9668,71981.1,65090.8,42324.0,478674.0,432854.0,
001378.SZ,20260820,20.08,6.0942,6.0942,0.94,42.1473,32.7381,1.856,2.3551,2.14,2.485,2.485,17333.4,8434.09,8434.09,348054.0,169357.0,
603858.SH,20260820,16.19,1.3877,3.1781,1.82,47.3231,45.6589,1.6705,1.4378,1.4631,2.4089,3.5031,105457.0,105457.0,46046.0,1707350.0,1707350.0,
000153.SZ,20260820,6.25,17.7856,24.3523,2.68,29.2135,29.5145,1.3307,0.7528,0.7738,1.6003,1.6,46468.6,45886.9,33513.3,290428.0,286793.0,
001386.SZ,20260820,15.55,3.0877,3.0877,0.47,15.355,15.8513,1.5198,2.8772,2.9851,1.9293,3.8585,119492.0,10754.3,10754.3,1858100.0,167229.0,
600056.SH,20260820,9.6,1.6518,3.4966,1.25,30.3457,29.7406,1.1949,0.4061,0.41,1.097,0.9886,149588.0,149535.0,70639.8,1436040.0,1435540.0,
300809.SZ,20260820,23.67,2.9676,3.8234,0.5,29.6874,31.3615,3.2797,11.0461,11.5027,0.507,0.507,25353.9,15057.0,11686.7,600127.0,356398.0,
600458.SH,20260820,11.66,3.1935,5.8271,1.59,21.6147,19.9563,1.3677,0.5171,0.4894,2.1912,1.9768,95211.3,86916.9,47634.8,1110160.0,1013450.0,
301310.SZ,20260820,51.37,6.2575,9.8034,0.76,73.9328,73.4436,4.1682,2.5945,2.1121,0.8316,0.6933,19095.9,9753.99,6225.99,980955.0,501062.0,
300465.SZ,20260820,12.25,9.3873,12.6676,1.29,189.432,225.945,7.8471,5.2756,5.5433,,,44374.9,44374.9,32883.8,543593.0,543593.0,
603609.SH,20260820,6.36,0.3252,0.7023,0.9,109.48,,0.9006,0.1608,0.1555,0.8734,,90401.7,90401.7,41865.7,574955.0,574955.0,
000049.SZ,20260820,23.53,1.859,3.4112,0.6,30.9664,22.6262,1.3249,0.4041,0.3875,1.4025,0.9775,38463.9,38453.5,20955.6,905055.0,904811.0,
688316.SH,20260820,48.38,4.3799,5.5371,0.45,,,43.6068,10.159,10.1315,,,4789.81,4789.81,3788.83,231731.0,231731.0,
688765.SH,20260820,38.81,8.5093,8.5093,1.46,,,4.8367,289.891,260.085,,,35750.0,7197.08,7197.08,1387460.0,279319.0,
300743.SZ,20260820,14.87,1.2796,1.8485,0.86,20.775,19.4464,3.3191,2.5409,2.4831,3.3248,4.3098,15120.4,12741.1,8819.86,224841.0,189460.0,
301063.SZ,20260820,18.03,1.0422,1.6118,0.88,36.7493,50.5599,1.1906,1.0026,1.0305,0.8319,0.8319,10436.1,9664.73,6249.37,188162.0,174255.0,
601106.SH,20260820,3.04,0.6117,1.5245,0.87,,,4.0362,2.1236,2.089,,,685778.0,685778.0,275153.0,2084770.0,2084770.0,
000785.SZ,20260820,2.25,1.0684,3.3972,1.23,,,0.733,1.2573,1.353,,,622705.0,580448.0,182555.0,1401090.0,1306010.0,
002582.SZ,20260820,10.59,10.2035,11.476,0.59,5.4744,2.4472,0.9272,3.5708,3.3319,9.202,5.5832,44770.8,34424.0,30607.1,474123.0,364550.0,
002138.SZ,20260820,48.41,3.5061,3.9748,0.67,38.2304,39.7395,5.9458,5.7868,5.2894,1.2128,1.6367,80631.8,76634.5,67596.3,3903390.0,3709880.0,
601117.SH,20260820,7.51,0.7227,1.2752,0.93,7.1243,6.9915,0.666,0.242,0.2402,2.4772,2.8098,610556.0,608807.0,345054.0,4585280.0,4572140.0,
002063.SZ,20260820,5.33,0.9386,1.2292,0.68,34.0246,33.8629,2.5581,3.9387,3.9362,0.5598,0.6004,191547.0,176916.0,135100.0,1020950.0,942963.0,
002876.SZ,20260820,30.15,4.5317,4.7965,1.35,111.339,103.26,2.1674,1.4216,1.3711,0.4964,0.3607,17388.5,14894.2,14071.7,524263.0,449059.0,
600765.SH,20260820,13.09,0.5354,0.8267,0.61,33.3795,35.7162,1.4165,2.0092,1.98,0.9443,0.0644,155249.0,155249.0,100539.0,2032210.0,2032210.0,
002153.SZ,20260820,7.72,1.6055,3.3195,0.39,,,3.1477,7.5525,7.5139,0.1295,0.1295,272919.0,159976.0,77373.1,2106940.0,1235020.0,
688668.SH,20260820,245.75,3.7873,6.9968,0.84,142.296,110.802,16.3057,21.5571,18.6797,0.284,0.2441,13927.1,13927.1,7538.53,3422580.0,3422580.0,
603165.SH,20260820,13.8,1.3278,2.4173,1.26,19.2879,18.8464,1.6052,1.9153,1.8919,6.6219,13.8507,31272.8,31272.8,17177.5,431565.0,431565.0,
301566.SZ,20260820,25.35,8.3131,8.3131,0.6,63.7189,62.7546,6.6585,27.984,26.9436,0.355,0.2367,40001.0,21108.7,21108.7,1014030.0,535105.0,
300340.SZ,20260820,8.46,1.2677,1.7521,0.88,,,36.1948,1.1251,1.1504,,,27551.5,27346.3,19786.8,233086.0,231350.0,
000548.SZ,20260820,4.49,1.1784,1.741,1.28,53.2831,59.4235,1.0833,4.3153,4.5489,1.1136,0.6682,49921.6,49921.6,33790.9,224148.0,224148.0,
600491.SH,20260820,1.71,9.9976,14.7259,1.01,,,0.3764,0.5903,0.6083,,,152976.0,152976.0,103857.0,261589.0,261589.0,
301248.SZ,20260820,61.89,5.0928,5.7891,0.78,695.713,,6.307,11.1609,11.4619,0.0322,0.0322,15370.5,11232.9,9881.78,951280.0,695202.0,
600125.SH,20260820,5.46,0.6495,0.9279,1.15,13.5761,13.2236,0.9094,0.6202,0.6269,2.5641,2.2161,130552.0,130552.0,91377.4,712815.0,712815.0,
002356.SZ,20260820,2.71,1.096,1.3801,0.69,92.5709,97.3071,5.9286,6.0963,6.8337,,,131125.0,131125.0,104133.0,355350.0,355348.0,
300274.SZ,20260820,110.89,1.5757,1.7496,0.5,17.0785,19.2764,4.7245,2.5778,2.6823,1.8125,1.4662,207321.0,158753.0,142967.0,22989800.0,17604100.0,
002302.SZ,20260820,4.7,0.5502,1.4371,0.78,,,0.7654,0.3277,0.3381,2.6596,,126235.0,126235.0,48325.1,593306.0,593306.0,
688798.SH,20260820,53.99,2.2719,2.7154,1.01,39.7042,49.2896,2.9993,4.4109,4.4407,0.61,0.7964,23312.9,13574.4,11357.1,1258660.0,732879.0,
600715.SH,20260820,1.57,1.039,1.3867,0.55,,,5.896,19.9702,24.9826,,,405985.0,286237.0,214472.0,637397.0,449392.0,
603628.SH,20260820,9.52,0.8751,1.7734,0.7,45.1913,86.6738,1.9803,1.2432,1.2383,0.6958,0.4522,27263.9,27217.4,13430.6,259553.0,259109.0,
003015.SZ,20260820,12.41,2.215,2.5559,0.72,33.3639,37.2249,3.0707,5.2266,5.0904,1.5839,1.5839,28106.7,24704.3,21409.7,348804.0,306580.0,
002345.SZ,20260820,10.17,4.7811,7.6967,1.66,18.181,15.8065,2.2462,0.9698,0.9448,3.4415,4.4248,88851.3,86722.9,53871.6,903617.0,881972.0,
301391.SZ,20260820,47.1,1.2066,3.2066,1.02,228.934,186.448,2.139,7.7561,7.2059,0.247,,9501.48,9283.58,3493.09,447520.0,437257.0,
003020.SZ,20260820,18.98,8.3199,13.4817,1.03,26.2211,26.6994,2.3485,2.7877,2.7934,3.0859,2.1953,22821.9,16854.8,10401.6,433159.0,319905.0,
603284.SH,20260820,42.77,14.0947,14.0947,0.71,17.4075,15.339,1.4416,1.21,1.0178,,1.4496,7541.48,1885.37,1885.37,322549.0,80637.3,
601225.SH,20260820,25.55,0.3025,0.8706,0.78,14.7755,15.319,2.4261,1.566,1.5781,5.0025,3.7104,969500.0,969500.0,336904.0,24770700.0,24770700.0,
600158.SH,20260820,6.91,1.997,2.7674,0.78,,,2.7629,3.0912,3.0268,0.2851,,95951.3,95951.3,69239.5,663024.0,663024.0,
600386.SH,20260820,3.38,0.7473,1.6607,0.79,,,1.6226,0.6973,0.7548,0.2959,0.2959,80640.0,80640.0,36288.0,272563.0,272563.0,
688270.SH,20260820,61.46,3.6065,5.062,1.4,138.422,122.639,8.0217,42.6408,38.3209,,,29951.5,29951.5,21339.4,1840820.0,1840820.0,
601166.SH,20260820,18.17,0.4556,0.6375,1.07,4.9637,4.9613,0.4633,1.8075,1.8126,5.8338,5.8668,2116290.0,2116290.0,1512500.0,38452900.0,38452900.0,
300132.SZ,20260820,6.4,3.7641,4.1513,1.35,21.5765,19.0838,2.2442,1.4897,1.4497,,,51658.1,50808.1,46068.9,330612.0,325172.0,
603683.SH,20260820,15.43,6.6897,9.5188,0.83,50.3073,46.7632,2.6573,2.0704,1.9859,0.5764,0.6438,29123.1,28824.6,20257.4,449370.0,444763.0,
601816.SH,20260820,4.96,0.2491,0.4963,0.97,18.4234,18.1768,1.1534,5.6354,5.5918,3.1593,2.6996,4892570.0,4892570.0,2455700.0,24267100.0,24267100.0,
000407.SZ,20260820,4.14,3.9441,5.2787,1.48,23.3898,21.6985,1.1684,0.8748,0.9087,1.0145,1.4493,88008.5,87578.2,65436.9,364355.0,362574.0,
600503.SH,20260820,2.18,2.771,2.9833,1.86,,,1.0122,9.1929,8.891,,,160229.0,160229.0,148827.0,349299.0,349299.0,
920807.BJ,20260820,9.34,1.6023,2.173,0.62,77.3624,123.11,1.8145,2.8496,2.8123,1.0707,1.0707,18188.0,12355.1,9110.4,169876.0,115397.0,
002984.SZ,20260820,14.21,1.4864,1.9183,1.07,13.0916,15.1297,1.0883,1.7099,1.7047,4.1496,2.4622,103629.0,71392.0,55318.6,1472560.0,1014480.0,
000589.SZ,20260820,4.25,1.037,1.3305,0.78,10.6548,8.9988,0.7187,0.6035,0.5949,3.9851,3.0471,155439.0,154411.0,120341.0,660616.0,656247.0,
000411.SZ,20260820,9.95,0.7776,2.4089,0.78,11.2127,11.6945,1.0399,0.1669,0.1661,3.5586,3.5578,56484.9,56373.6,18196.7,562025.0,560917.0,
300513.SZ,20260820,7.28,1.5547,1.4645,0.88,,,4.233,2.6883,2.5194,,,31369.1,28722.4,30490.4,228367.0,209099.0,
301266.SZ,20260820,23.3,5.9205,13.4406,2.42,114.158,121.233,1.8397,1.1224,1.0391,0.3298,0.6603,14297.4,13563.2,5974.5,333131.0,316024.0,
600820.SH,20260820,5.41,0.616,1.0247,1.42,7.6829,7.7998,0.5293,0.2936,0.3075,5.5453,3.6969,314410.0,314410.0,189019.0,1700960.0,1700960.0,
002383.SZ,20260820,6.82,0.7484,1.298,0.57,,,3.3634,3.6872,3.7456,,,74036.0,74036.0,42688.0,504926.0,504926.0,
920593.BJ,20260820,23.84,1.7892,3.4145,1.04,151.562,186.335,6.1861,16.933,15.2324,0.5929,0.3356,19024.6,16215.5,8496.73,453546.0,386577.0,
688469.SH,20260820,8.85,2.4873,3.2757,0.92,,,5.5562,9.0696,8.023,,,838269.0,586980.0,445707.0,7418680.0,5194770.0,
002972.SZ,20260820,13.63,5.9319,7.8739,1.17,38.3498,36.1698,2.6525,8.8434,8.5782,2.1906,2.1906,24600.9,13464.6,10143.7,335310.0,183523.0,
920942.BJ,20260820,16.73,1.0078,1.283,0.63,51.3693,83.5307,2.0288,5.9123,6.0337,0.899,0.8966,6116.46,4141.5,3253.32,102328.0,69287.3,
002973.SZ,20260820,10.62,3.2658,5.7373,1.61,23.5941,42.2369,1.7052,1.2019,1.2869,0.9416,0.9416,40866.6,31765.3,18081.5,434003.0,337348.0,
600159.SH,20260820,2.54,1.7399,3.3268,0.97,,,1.4463,3.1686,3.7904,,,83000.3,83000.3,43408.7,210821.0,210821.0,
300826.SZ,20260820,15.02,5.2784,9.2079,1.9,281.625,239.363,2.2831,4.1201,4.0748,0.1428,0.1514,22822.0,21954.4,12585.3,342786.0,329756.0,
300785.SZ,20260820,36.41,3.926,5.2556,0.52,83.6871,73.3662,3.6854,5.6224,5.6074,0.412,0.5163,19885.5,12233.4,9138.55,724032.0,445419.0,
002828.SZ,20260820,12.05,6.8782,7.785,0.7,109.561,,4.0148,2.4762,2.9267,0.4149,,20098.8,20098.8,17757.7,242190.0,242190.0,
920300.BJ,20260820,9.47,1.6651,2.0679,0.98,,,5.0695,9.0391,9.0791,,,8584.71,6653.17,5357.12,81297.2,63005.5,
002369.SZ,20260820,5.68,3.1676,3.1676,0.71,,,17.2181,1.8927,1.9563,,,56695.6,56620.4,56620.4,322031.0,321604.0,
300435.SZ,20260820,16.79,3.8547,5.8227,0.97,14.3799,14.5156,1.8741,2.3542,2.4555,1.1912,1.489,38571.3,36887.5,24420.0,647612.0,619340.0,
300494.SZ,20260820,8.28,1.8863,2.0397,0.81,180.301,2625.83,2.8038,3.3923,3.4953,,0.0604,49051.0,39834.8,36839.6,406142.0,329832.0,
600791.SH,20260820,7.4,2.5488,4.6611,0.59,,,,1.4938,1.4738,,,45288.0,45231.4,24733.0,335131.0,334712.0,
603382.SH,20260820,22.6,9.5319,15.2025,1.33,35.666,40.6908,2.2816,0.958,0.9895,0.885,1.3274,18125.1,11548.6,7240.9,409628.0,260998.0,
000019.SZ,20260820,6.86,11.3502,17.4507,1.52,32.5077,36.4623,1.5645,1.4361,1.4539,2.1866,1.7493,115254.0,41620.6,27070.6,790639.0,285518.0,
603713.SH,20260820,67.4,1.6648,2.9071,0.67,18.7229,17.8828,2.4198,0.8797,0.8221,0.9573,1.348,17404.9,17404.9,9967.34,1173090.0,1173090.0,
603533.SH,20260820,21.33,3.8126,7.1894,0.95,,,4.0784,2.887,2.7583,0.4688,,43889.7,43889.7,23274.9,936167.0,936167.0,
300235.SZ,20260820,10.78,3.2308,3.7809,0.96,145.977,192.167,3.8248,29.8717,31.5526,0.4158,0.231,25174.7,20313.3,17357.7,271383.0,218977.0,
003028.SZ,20260820,22.39,1.2408,2.2838,1.12,43.956,65.4852,1.8436,2.3602,2.3112,2.2249,1.5659,14412.0,7069.36,3840.73,322685.0,158283.0,
000776.SZ,20260820,20.3,0.7287,1.4736,0.71,11.5932,10.1486,1.153,4.4754,3.9646,2.4631,2.9557,782485.0,590405.0,291937.0,15884400.0,11985200.0,
300649.SZ,20260820,25.87,8.0706,9.4718,1.54,,,7.7553,24.1782,23.9973,0.1933,0.1933,13241.7,10611.4,9041.57,342562.0,274517.0,
603730.SH,20260820,9.69,0.3275,1.4327,0.6,31.5578,32.6751,4.1857,3.2421,3.2694,2.7784,2.58,214859.0,214859.0,49111.2,2081990.0,2081990.0,
300337.SZ,20260820,9.56,1.9887,2.7679,0.9,169.864,91.0411,4.4435,1.2287,1.1355,0.1046,0.1046,82194.9,71141.2,51115.5,785783.0,680110.0,
688450.SH,20260820,33.2,2.8754,4.1945,0.71,,,2.3422,10.161,9.8741,,,6600.0,4893.07,3354.19,219120.0,162450.0,
300054.SZ,20260820,74.46,3.3319,3.6741,0.76,98.6825,85.6112,13.0127,19.419,18.4308,0.1329,0.1341,95449.4,74429.5,67497.5,7107160.0,5542020.0,
603042.SH,20260820,13.74,4.4867,5.8254,1.18,,,3.4395,3.5139,3.4622,,0.084,20876.7,20876.7,16079.0,286846.0,286846.0,
002112.SZ,20260820,15.85,5.4789,6.4282,0.43,334.553,287.074,5.3878,2.4886,2.2005,0.3935,0.0631,29413.1,26208.0,22337.7,466198.0,415396.0,
000881.SZ,20260820,6.48,0.7351,1.2078,0.78,,,1.231,1.1032,1.0993,,,94542.6,90373.2,55004.8,612636.0,585619.0,
603665.SH,20260820,20.91,1.2726,2.1365,1.06,42.106,,5.0464,2.3816,2.4267,,0.7652,16016.8,16016.8,9540.2,334911.0,334911.0,
920110.BJ,20260820,26.38,0.6396,0.9651,0.93,22.7511,26.074,2.8298,5.1108,5.0174,3.7908,1.8954,3900.0,1623.9,1076.2,102882.0,42838.5,
001400.SZ,20260820,82.25,15.1514,29.4273,3.0,85.1327,81.0608,5.3845,7.3272,7.2557,0.6947,1.0421,8400.0,4623.15,2380.35,690900.0,380254.0,
600963.SH,20260820,3.32,1.3834,2.4531,0.83,,,0.7673,0.6734,0.6852,0.9078,,175757.0,175757.0,99114.4,583513.0,583513.0,
300115.SZ,20260820,24.94,2.5005,3.7169,0.83,56.8077,61.9535,3.9962,1.8042,1.7363,0.5192,0.4812,136135.0,135733.0,91314.7,3395210.0,3385190.0,
920509.BJ,20260820,20.07,1.9634,2.865,0.72,46.6107,44.6301,9.0762,13.8738,13.1292,1.2467,1.4816,16030.6,8398.55,5755.69,321734.0,168559.0,
688210.SH,20260820,31.4,4.0189,5.7419,1.4,,,4.0075,5.9615,6.0336,0.4604,,16266.1,16266.1,11385.1,510754.0,510754.0,
920375.BJ,20260820,6.92,1.7104,1.9937,0.61,107.688,186.105,1.3684,1.4869,1.4376,,0.5161,15211.5,9088.27,7796.83,105264.0,62890.8,
002945.SZ,20260820,14.11,0.4421,4.4209,1.03,75.2561,76.66,5.1815,22.4387,21.8056,0.2835,0.404,270000.0,270000.0,27000.0,3809700.0,3809700.0,
300786.SZ,20260820,15.56,4.3513,4.7011,0.85,,,2.5604,5.1275,4.9562,,,18401.6,14639.4,13550.2,286329.0,227789.0,
688096.SH,20260820,9.07,3.4264,4.1978,1.36,,,2.5647,4.4788,4.5733,1.1575,,23375.6,23375.6,19079.8,212017.0,212017.0,
002518.SZ,20260820,32.75,1.6369,3.9322,0.72,31.2134,29.8646,3.8322,3.618,3.4251,0.7023,1.374,58222.5,56513.6,23526.1,1906790.0,1850820.0,
603280.SH,20260820,26.96,2.6668,10.3465,0.6,30.8705,30.7215,2.1071,2.8181,2.6747,0.9644,1.0386,10840.7,10840.7,2794.17,292264.0,292264.0,
002434.SZ,20260820,5.78,0.9045,1.8334,0.6,31.5994,37.149,1.281,1.3916,1.505,1.7301,0.8651,131260.0,131132.0,64693.3,758683.0,757943.0,
301568.SZ,20260820,69.65,6.3108,6.3108,0.85,64.3507,60.0022,6.7284,14.9377,13.9204,0.7987,0.8558,10325.8,4759.94,4759.94,719195.0,331530.0,
600280.SH,20260820,2.99,1.7123,3.9823,0.76,,,12.6908,1.5784,1.6823,,,112833.0,112833.0,48514.7,337372.0,337372.0,
301636.SZ,20260820,39.14,1.5818,2.1347,0.7,76.2467,4352.11,2.387,3.0508,3.2002,1.2611,1.2611,6469.41,3774.84,2797.13,253213.0,147747.0,
688147.SH,20260820,117.0,1.5353,4.2591,0.54,247.714,347.703,18.5158,20.6365,20.8605,0.037,0.1221,46446.3,46446.3,16742.5,5434220.0,5434220.0,
688506.SH,20260820,295.86,0.5132,2.3459,1.16,,,21.644,48.4712,47.9546,,,41287.4,41287.4,9031.6,12215300.0,12215300.0,
603105.SH,20260820,6.99,1.0354,1.7289,0.9,17.4094,19.9186,1.6263,4.7341,4.8637,2.8612,2.8612,50001.1,50001.1,29945.1,349508.0,349508.0,
920185.BJ,20260820,20.17,0.2706,1.0159,0.84,26.2346,26.7122,1.7812,1.3518,1.2824,1.9481,1.4752,113819.0,111946.0,29821.0,2295730.0,2257950.0,
300523.SZ,20260820,19.95,0.9763,2.0467,1.27,,,4.7951,3.1612,3.1136,,,23263.8,23263.0,11096.7,464112.0,464098.0,
300795.SZ,20260820,14.02,17.2177,22.5709,0.64,30.6515,28.1584,6.6824,5.3395,5.1934,2.3701,1.8821,29889.4,17398.5,13272.1,419049.0,243927.0,
000601.SZ,20260820,6.13,2.2122,2.8462,0.42,60.8692,65.5193,1.578,1.3602,1.3345,3.2562,,106408.0,104962.0,81580.6,652284.0,643416.0,
600859.SH,20260820,9.9,1.0998,1.6457,0.87,,,0.5725,1.0963,1.1155,0.8081,,112393.0,112383.0,75105.2,1112690.0,1112590.0,
601512.SH,20260820,7.84,0.1804,0.9497,1.06,11.128,12.8285,0.7618,3.6558,4.0924,1.6327,2.7041,149889.0,149889.0,28479.0,1175130.0,1175130.0,
600667.SH,20260820,21.21,10.6078,15.9556,0.59,98.9967,96.5864,5.0741,1.4459,1.4488,0.451,0.3065,209154.0,209154.0,139052.0,4436160.0,4436160.0,
600448.SH,20260820,2.93,1.5092,1.8549,0.9,,,2.0238,0.6276,0.6188,,,62982.0,62982.0,51245.5,184537.0,184537.0,
605319.SH,20260820,24.06,1.141,3.0649,1.63,18.1073,17.8672,2.9468,2.8441,2.7795,1.989,1.8703,35009.8,34815.2,12961.2,842335.0,837653.0,
600558.SH,20260820,4.72,1.4486,2.1743,0.44,23.2537,21.5107,1.7079,1.1406,1.1204,3.178,3.6017,89760.5,89760.5,59805.0,423669.0,423669.0,
002409.SZ,20260820,138.38,7.8483,9.396,0.9,65.838,65.4183,8.1295,7.6478,7.7789,0.4191,0.4553,47592.8,31852.3,26605.4,6585890.0,4407720.0,
001367.SZ,20260820,19.97,2.073,2.394,1.51,22.3908,22.777,1.9939,5.7161,5.8399,0.5736,0.5809,15235.1,12163.7,10532.9,304245.0,242909.0,
300838.SZ,20260820,13.75,1.6736,2.203,0.48,,,1.9947,1.985,1.9398,1.0909,,13797.8,10174.3,7729.16,189720.0,139896.0,
603151.SH,20260820,15.73,3.5236,7.5498,0.85,24.3058,31.0075,1.9473,0.4727,0.444,1.2613,1.2708,17128.2,17128.2,7994.06,269426.0,269426.0,
600651.SH,20260820,5.69,0.4453,1.25,0.62,259.218,237.151,5.6544,7.8628,8.2656,,,250703.0,250703.0,89307.7,1426500.0,1426500.0,
301393.SZ,20260820,68.9,12.8398,12.8398,2.23,64.9032,65.679,3.1149,12.3554,11.6454,0.5754,0.5834,10800.0,4396.78,4396.77,744120.0,302937.0,
920026.BJ,20260820,20.44,5.717,11.2897,2.84,45.4229,55.5621,3.7102,6.2039,5.6181,0.7688,1.8172,11490.8,8662.21,4386.49,234872.0,177056.0,
002073.SZ,20260820,5.7,2.1394,2.5129,1.88,14.4853,16.3336,0.9164,0.7015,0.7128,2.6193,1.2239,102438.0,101401.0,86328.5,583899.0,577986.0,
002398.SZ,20260820,4.12,1.6093,1.6913,0.84,52.3878,62.6439,0.7818,1.1951,1.2369,1.9417,1.9417,68827.9,59974.1,57064.4,283571.0,247093.0,
920510.BJ,20260820,22.61,9.1344,13.3658,0.85,,,10.5048,19.8457,17.2663,,,18400.5,9399.27,6423.57,416036.0,212517.0,
300530.SZ,20260820,18.13,1.6178,5.3868,0.44,,,42.8775,23.9138,22.8172,,,17195.1,17195.1,5164.28,311748.0,311748.0,
000757.SZ,20260820,4.29,1.4177,2.044,0.79,47.8641,47.7688,1.4228,0.8183,0.8738,,,53271.6,53271.6,36949.7,228535.0,228535.0,
600468.SH,20260820,5.87,1.2565,2.8507,0.55,71.6961,77.2891,3.1316,2.8805,2.7902,,0.4259,108774.0,108774.0,47945.1,638501.0,638501.0,
300200.SZ,20260820,8.64,1.4714,2.0689,0.57,35.8108,41.3737,2.2493,2.8221,2.7284,1.6775,1.6775,43097.3,42388.0,30145.3,372361.0,366232.0,
002276.SZ,20260820,10.16,2.171,2.9223,1.57,29.5941,33.569,1.6462,0.5339,0.5016,0.4937,0.5413,101108.0,100732.0,74834.2,1027250.0,1023440.0,
600184.SH,20260820,17.39,1.6746,3.4053,0.65,198.387,197.755,2.9648,4.1514,4.1359,,0.1898,58272.7,58272.7,28657.0,1013360.0,1013360.0,
002569.SZ,20260820,12.13,0.9207,1.1341,1.19,201.418,300.285,57.1445,12.4723,10.3392,,,14401.0,14001.0,11366.6,174684.0,169832.0,
000995.SZ,20260820,10.58,3.5168,5.4518,0.51,132.919,320.203,11.3551,11.057,11.5135,,,17740.8,17740.8,11444.2,187698.0,187698.0,
300658.SZ,20260820,10.59,2.7102,3.8004,0.84,86.9717,57.9313,2.6086,2.0222,1.9773,0.5585,0.8377,33276.4,22084.4,15749.3,352397.0,233874.0,
002164.SZ,20260820,11.13,2.7218,4.3018,0.59,30.2343,27.0974,3.8439,4.0343,3.9127,,,53217.4,47977.5,30355.9,592309.0,533990.0,
600192.SH,20260820,6.81,1.3666,2.2598,0.53,,,3.9604,1.9523,1.9206,,,44174.8,44174.8,26714.1,300830.0,300830.0,
300333.SZ,20260820,10.94,10.5692,12.3235,0.63,,,6.5194,28.7702,29.2713,,,33600.0,33478.0,28712.1,367584.0,366249.0,
000950.SZ,20260820,5.77,4.3503,9.7326,0.95,25.5556,22.8656,0.8442,0.1199,0.1201,0.5246,1.0399,171278.0,171278.0,76558.3,988273.0,988273.0,
300445.SZ,20260820,18.11,0.9888,1.294,0.74,36.8423,33.1612,2.9289,6.5238,6.2352,0.497,0.5522,21243.0,14055.2,10740.3,384711.0,254540.0,
002543.SZ,20260820,7.6,6.871,19.6531,2.25,26.2045,48.7271,1.1697,0.7818,0.7954,3.4115,3.4115,74360.0,66161.8,23131.1,565136.0,502830.0,
300243.SZ,20260820,17.0,22.4888,24.3212,1.06,156.682,62.4305,3.0668,2.4137,2.3072,0.2635,0.5282,27956.2,22364.9,20679.9,475256.0,380203.0,
300718.SZ,20260820,57.05,6.055,9.1997,0.92,67.2811,65.2202,9.4534,13.4451,12.7795,0.7025,0.7461,29877.9,19665.7,12943.5,1704530.0,1121930.0,
300842.SZ,20260820,61.47,2.7961,3.1702,0.62,,,5.566,0.4949,0.4344,0.4727,,14528.0,12912.1,11388.4,893034.0,793709.0,
601187.SH,20260820,7.3,0.7197,1.603,0.88,7.3121,7.1815,0.7065,3.2878,3.1255,4.1096,3.4247,263913.0,263338.0,118226.0,1926560.0,1922370.0,
600028.SH,20260820,5.14,0.1999,1.3567,0.97,19.5403,17.4835,0.746,0.2233,0.2256,4.4396,3.8923,12092600.0,9475250.0,1395900.0,62155700.0,48702800.0,
600685.SH,20260820,25.29,0.7178,1.7338,0.57,35.4546,29.3024,1.9604,1.7398,1.5824,0.5931,0.8501,141351.0,82143.5,34009.8,3574760.0,2077410.0,
003018.SZ,20260820,39.11,2.9932,9.1583,0.67,121.711,127.966,7.573,16.1526,15.6781,0.6353,0.4235,31395.0,28451.2,9298.55,1227860.0,1112720.0,
002596.SZ,20260820,3.2,1.623,2.2552,0.95,,,6.9092,3.15,3.3381,,,114758.0,114653.0,82510.3,367226.0,366888.0,
300733.SZ,20260820,14.11,1.2728,1.737,0.62,62.1181,69.9157,3.2199,2.9025,2.8211,0.2708,,39660.2,29242.0,21426.9,559606.0,412604.0,
001308.SZ,20260820,17.96,0.3333,1.7439,0.82,25.0177,28.3455,1.5674,0.8737,0.8531,2.9999,5.3434,70409.1,48723.7,9313.75,1264550.0,875077.0,
002892.SZ,20260820,9.06,1.0197,1.2895,0.69,203.107,349.473,5.2913,3.6809,3.6139,0.4611,0.2431,74303.0,50112.4,39626.3,673185.0,454018.0,
301231.SZ,20260820,27.52,6.9942,8.4905,0.99,,,2.8596,6.7331,6.6791,,,8440.0,6543.1,5390.0,232269.0,180066.0,
000848.SZ,20260820,8.43,1.6855,2.9854,0.76,13.7116,12.8993,2.6663,2.7095,2.5823,3.6618,5.9312,102000.0,101061.0,57058.3,859860.0,851948.0,
000928.SZ,20260820,4.97,0.683,1.3302,0.86,14.694,16.2704,0.8295,0.5124,0.5371,6.0161,4.2254,143464.0,143463.0,73662.5,713018.0,713010.0,
688062.SH,20260820,34.1,6.8708,6.8708,1.47,,,142.616,22.9934,20.4388,,,44673.0,23024.0,23024.0,1523350.0,785118.0,
000803.SZ,20260820,7.31,2.6763,3.4953,1.31,112.501,74.4687,2.2884,2.3564,2.3734,,,46629.6,45978.8,35205.7,340863.0,336105.0,
002059.SZ,20260820,4.49,0.9726,2.2142,1.49,,,4.2972,12.9464,12.5332,,,101243.0,98304.6,43180.4,454583.0,441388.0,
603131.SH,20260820,14.45,2.1426,3.7039,0.95,,,2.9484,5.2749,5.3256,0.0784,,33690.7,33690.7,19489.2,486831.0,486831.0,
000425.SZ,20260820,8.11,0.8813,0.97,0.72,14.4514,14.4129,1.5157,0.942,0.919,2.1653,2.4525,1171120.0,900056.0,817824.0,9497790.0,7299450.0,
002593.SZ,20260820,4.46,1.8289,2.5818,0.93,32.5791,28.002,1.45,0.9788,0.9716,1.1211,1.1211,80385.8,56050.4,39705.0,358521.0,249985.0,
300968.SZ,20260820,10.27,1.8265,3.8257,0.6,,,2.3794,3.2015,2.9858,0.4869,,41338.0,41338.0,19736.2,424541.0,424541.0,
000637.SZ,20260820,3.98,2.2587,2.8601,1.14,,,4.3234,0.6657,0.6561,,,51987.5,36458.9,28793.1,206910.0,145107.0,
002402.SZ,20260820,19.01,3.87,3.9485,1.09,26.4588,31.9475,2.4245,1.6371,1.6021,0.5249,1.0492,92338.9,81847.9,80220.6,1755360.0,1555930.0,
301053.SZ,20260820,41.9,6.2495,15.035,1.02,332.478,262.524,6.1702,8.3537,8.2501,0.4438,0.1705,13188.5,12247.3,5090.75,552600.0,513162.0,
688500.SH,20260820,36.4,2.3285,3.4812,1.04,,,3.8062,5.4763,5.1879,,,7598.23,7491.74,5011.16,276575.0,272699.0,
920030.BJ,20260820,4.44,1.0831,1.66,0.99,,,1.8207,0.3349,0.3485,0.3778,,17884.0,11247.4,7338.94,79404.8,49938.5,
000990.SZ,20260820,6.57,3.0619,5.7341,0.95,,58.0,0.6203,1.0136,0.9986,0.5436,,170133.0,170133.0,90847.3,1117780.0,1117780.0,
000788.SZ,20260820,5.89,8.7301,12.6102,1.27,42.3533,54.6457,2.3579,2.3681,2.9371,1.0187,3.3616,59598.7,59598.7,41260.4,351037.0,351037.0,
300900.SZ,20260820,21.86,10.5719,11.0252,1.32,,,3.7003,7.0704,7.257,,,32772.0,25678.5,24622.5,716397.0,561332.0,
603916.SH,20260820,11.76,2.8421,5.4452,0.68,40.8539,37.5138,1.1626,1.3901,1.4046,0.8752,1.0349,42032.8,42032.8,21938.7,494306.0,494306.0,
300722.SZ,20260820,20.68,0.7144,2.0921,0.72,69.388,69.8479,8.4778,12.7996,12.7813,0.8704,0.8704,27675.6,27675.6,9450.38,572332.0,572332.0,
300520.SZ,20260820,23.92,1.8132,2.2939,0.63,,,4.082,4.745,5.1353,,,29203.1,28221.9,22308.3,698538.0,675068.0,
600475.SH,20260820,14.9,1.1711,3.7072,0.61,36.756,38.0192,1.6448,1.5586,1.5803,2.9886,2.3244,95596.6,94288.6,29785.7,1424390.0,1404900.0,
301156.SZ,20260820,11.91,10.6791,17.9075,1.36,40.0053,36.9272,2.9313,3.9067,3.5341,2.0546,1.9262,18410.7,11829.3,7054.32,219271.0,140886.0,
002032.SZ,20260820,41.37,0.2118,1.2752,1.18,15.7817,15.7191,4.8752,1.4531,1.447,6.7656,6.3334,79984.8,79948.4,13280.2,3308970.0,3307470.0,
002605.SZ,20260820,17.67,1.7047,2.7268,0.99,15.7952,15.8259,1.8948,2.744,2.7336,2.8213,2.8281,41756.7,33823.2,21145.4,737841.0,597657.0,
002531.SZ,20260820,6.11,1.5936,3.1083,0.85,,,1.2664,2.0378,2.1447,0.3273,,179688.0,178679.0,91605.3,1097890.0,1091730.0,
301171.SZ,20260820,36.51,11.4703,13.2423,0.69,142.829,584.635,6.1759,5.896,5.7275,0.242,0.073,61852.1,50188.5,43472.6,2258220.0,1832380.0,
688543.SH,20260820,37.94,1.4408,1.4408,0.59,38.558,40.0094,3.8864,6.742,6.5997,1.6473,1.9768,25061.0,25061.0,25061.0,950816.0,950816.0,
603656.SH,20260820,17.37,0.6504,1.1446,0.62,109.097,97.3274,2.3941,5.1582,4.9181,0.2834,0.2827,18294.5,18294.5,10394.7,317776.0,317776.0,
002705.SZ,20260820,11.3,0.5117,1.5346,0.69,9.18,11.0361,1.0572,0.5666,0.5808,5.2682,3.9472,81187.6,80763.1,26929.5,917420.0,912623.0,
920237.BJ,20260820,12.08,0.4501,1.191,0.55,27.3125,28.8214,2.1692,3.2892,3.3992,1.7367,0.7526,9503.21,9323.35,3523.19,114799.0,112626.0,
600029.SH,20260820,5.03,0.2859,0.9462,0.84,106.358,29.5457,2.4594,0.5001,0.4884,,,1812100.0,1347700.0,407250.0,9114850.0,6778920.0,
603396.SH,20260820,25.55,1.7414,2.9613,0.43,63.3279,65.2971,1.3514,1.2504,1.2969,0.5871,0.5871,13852.7,13852.7,8146.15,353938.0,353938.0,
002185.SZ,20260820,17.35,6.1137,7.8286,0.64,81.1551,70.6788,3.2182,3.3497,3.1262,0.3223,0.1268,332342.0,332265.0,259481.0,5766140.0,5764800.0,
601628.SH,20260820,36.89,0.0976,1.3543,0.76,6.7673,7.2018,1.7429,1.6936,1.7413,1.865,2.3204,2826470.0,2082350.0,150000.0,104268000.0,76818000.0,
603070.SH,20260820,11.61,0.4369,1.681,0.78,52.2171,76.6141,2.1526,2.4673,2.5404,0.6891,0.6891,40100.0,40100.0,10421.5,465561.0,465561.0,
688721.SH,20260820,42.5,6.7018,6.7018,0.72,101.157,115.863,4.6374,23.0025,22.3141,0.9412,,13350.0,5515.33,5515.33,567375.0,234402.0,
002545.SZ,20260820,17.33,1.7836,3.956,1.01,17.8733,15.375,2.1104,4.4188,4.0352,1.7311,1.7311,124406.0,113016.0,50955.3,2155960.0,1958570.0,
300911.SZ,20260820,24.66,16.5375,31.4745,1.46,,,4.1718,13.387,14.9731,3.0384,,18334.3,17134.4,9002.85,452125.0,422535.0,
300628.SZ,20260820,42.4,3.9161,5.6905,2.31,20.6557,18.6207,5.8334,8.9037,7.9787,4.2343,4.245,126692.0,72587.1,49953.3,5371730.0,3077690.0,
002883.SZ,20260820,9.18,0.5331,0.8358,0.53,,,3.0607,3.8784,3.7661,0.2179,,15615.7,15331.6,9778.84,143352.0,140744.0,
301038.SZ,20260820,15.95,0.7401,2.2604,0.74,67.5017,74.5921,3.9706,4.5395,4.6184,0.4437,0.5204,22308.0,22308.0,7303.8,355813.0,355813.0,
301011.SZ,20260820,15.07,1.5483,2.855,1.18,33.7119,49.3842,2.448,2.3341,2.4113,1.2604,0.9954,15445.7,14669.7,7955.41,232767.0,221072.0,
002111.SZ,20260820,9.42,0.8696,1.333,0.54,38.8402,30.4911,1.6226,1.508,1.4199,1.8438,3.3604,53201.1,48875.2,31885.2,501154.0,460404.0,
601616.SH,20260820,3.76,1.9896,2.655,1.02,,,1.3468,4.1881,3.9608,1.8617,,85367.5,85367.5,63972.9,320982.0,320982.0,
920086.BJ,20260820,20.25,2.0759,2.0759,0.97,18.8877,18.7451,1.9281,6.1338,6.1287,,2.4691,8368.0,2737.21,2737.21,169452.0,55428.5,
002348.SZ,20260820,11.31,1.9924,2.7603,0.7,,,29.4131,34.8569,31.599,,,99313.9,90353.3,65219.2,1123240.0,1021900.0,
920627.BJ,20260820,13.55,1.4904,2.396,0.88,47.818,42.5673,2.7031,1.6729,1.5834,0.8856,0.369,9445.0,4681.75,2912.32,127980.0,63437.7,
300720.SZ,20260820,78.61,6.9996,14.4929,0.72,662.779,668.885,26.0232,67.1868,64.155,0.1908,0.07,19487.7,18414.5,8893.62,1531930.0,1447570.0,
300765.SZ,20260820,51.78,4.5937,18.1269,2.28,,71.1081,18.4754,33.7074,16.7258,0.0383,,140459.0,140459.0,35594.7,7272980.0,7272980.0,
002310.SZ,20260820,2.32,1.6531,2.5221,0.62,,,5.8096,40.6381,37.9396,,,599932.0,439901.0,288326.0,1391840.0,1020570.0,
688806.SH,20260820,27.95,24.1356,24.1356,1.71,,,815.109,251.289,169.406,,,46054.6,5102.57,5102.57,1287230.0,142617.0,
688182.SH,20260820,28.15,1.7831,5.5631,0.73,93.5505,90.3121,4.9173,15.5586,10.8719,0.2664,0.3552,40000.0,40000.0,12821.2,1126000.0,1126000.0,
000533.SZ,20260820,10.83,6.5255,10.5303,0.43,73.3848,66.0565,7.3294,3.3414,2.8875,,,69081.6,68490.2,42442.8,748154.0,741749.0,
688169.SH,20260820,119.6,1.8007,2.278,0.64,22.7696,21.8757,2.1718,1.6605,1.5924,0.6367,0.4344,25955.1,25955.1,20517.4,3104230.0,3104230.0,
603305.SH,20260820,11.23,1.1608,2.261,0.77,35.5457,32.8864,1.3872,2.9168,2.8082,2.7897,1.4192,115571.0,115571.0,59332.1,1297860.0,1297860.0,
600149.SH,20260820,5.05,5.0735,7.8419,3.15,124.84,119.323,7.5206,9.5965,9.585,,,38016.0,38016.0,24595.4,191981.0,191981.0,
603619.SH,20260820,22.46,8.4114,10.4766,1.41,20.3804,33.3441,2.3789,2.6451,2.7662,2.2069,1.5007,46233.8,46233.8,37119.9,1038410.0,1038410.0,
600076.SH,20260820,3.11,1.2969,2.1316,0.99,,,1.1746,11.0993,11.8055,,,134454.0,134454.0,81805.5,418153.0,418153.0,
002819.SZ,20260820,21.85,3.1802,6.2845,1.66,,,1.6699,2.0282,2.0232,0.1092,0.1092,29961.0,23774.1,12030.8,654648.0,519465.0,
920118.BJ,20260820,20.8,1.8569,2.1186,0.87,41.8126,31.6706,1.8593,0.6755,0.6496,4.7319,1.4423,5171.1,3133.91,2746.91,107559.0,65185.3,
002287.SZ,20260820,20.67,0.7014,3.7081,1.39,18.2375,17.7051,2.3456,4.8947,4.8902,3.7488,3.0258,57211.8,57094.5,10800.4,1182570.0,1180140.0,
301522.SZ,20260820,22.61,1.3439,1.898,0.84,83.6482,82.285,4.3105,3.4925,3.3823,0.5175,0.3229,37186.7,27678.2,19598.2,840791.0,625803.0,
300292.SZ,20260820,4.19,3.7204,3.9791,0.71,47.9043,45.4922,3.8268,1.2916,1.3121,,,134176.0,111594.0,104340.0,562200.0,467581.0,
301068.SZ,20260820,28.32,1.621,2.4677,1.23,,,4.9705,2.912,3.1554,0.8095,,14131.6,10032.2,6590.13,400206.0,284110.0,
600726.SH,20260820,5.65,1.316,9.3983,0.51,223.416,133.949,8.4835,2.6819,2.7229,,,790734.0,747534.0,104676.0,4467640.0,4223560.0,
002237.SZ,20260820,15.0,4.2727,6.3311,2.01,33.6383,32.4583,1.5919,0.1908,0.1698,0.7547,0.8933,142997.0,119236.0,80468.8,2144960.0,1788530.0,
300315.SZ,20260820,4.06,2.0585,2.0585,0.84,,,2.3486,15.5694,15.0824,,,270761.0,254148.0,254148.0,1099290.0,1031840.0,
002140.SZ,20260820,9.07,0.681,2.1256,0.82,12.0514,11.5803,1.3162,0.6406,0.649,1.6538,2.2051,70801.4,70696.1,22647.9,642169.0,641214.0,
301201.SZ,20260820,38.77,19.2946,24.0191,1.66,,,2.8543,14.7605,13.0879,0.505,0.505,15471.4,10854.4,8719.38,599825.0,420826.0,
688130.SH,20260820,24.27,3.0533,4.8124,0.59,,,2.3657,16.9026,14.5156,,,12089.1,6028.51,3824.85,293403.0,146312.0,
001231.SZ,20260820,21.37,3.9664,6.0572,1.5,31.9683,31.5223,2.0817,2.7669,2.7581,0.7025,,9967.96,5096.29,3337.19,213015.0,108908.0,
300527.SZ,20260820,7.83,0.4289,0.9705,0.93,447.112,564.607,2.7523,7.9325,8.0689,0.0326,0.0672,101677.0,101677.0,44931.8,796131.0,796131.0,
601658.SH,20260820,4.97,0.203,1.4269,1.33,6.8289,6.7916,0.5781,1.6779,1.6464,4.1643,4.3924,12009500.0,7252780.0,1031700.0,59687200.0,36046300.0,
601137.SH,20260820,18.91,1.5637,2.3987,0.76,139.011,,1.8503,0.8366,0.8094,2.3405,0.2169,91812.7,91812.7,59851.8,1736180.0,1736180.0,
688177.SH,20260820,21.75,1.9531,6.7003,1.09,,,40.1844,9.6301,9.1877,,,41408.0,41408.0,12070.3,900624.0,900624.0,
300602.SZ,20260820,40.52,4.6659,6.1899,0.68,65.1818,61.8573,5.7261,3.6409,3.4,0.0928,0.1469,58644.4,40117.9,30240.8,2376270.0,1625580.0,
688718.SH,20260820,14.11,1.0555,2.8855,0.96,53.912,48.7374,3.039,5.8488,5.8064,0.8178,0.8178,17375.4,17375.4,6355.79,245167.0,245167.0,
002052.SZ,20260820,8.35,1.2386,1.6831,0.65,34.8622,102.991,22.5556,9.0923,14.5758,,,75244.0,68938.7,50732.4,628287.0,575638.0,
688122.SH,20260820,48.77,0.9209,1.365,0.63,37.752,44.4308,4.4161,6.0632,6.0554,1.5378,0.8202,64966.4,64966.4,43826.3,3168410.0,3168410.0,
600784.SH,20260820,7.86,1.3064,2.0663,0.76,31.3226,36.4157,1.5992,1.5834,1.5899,0.8397,0.6361,67565.2,67565.2,42717.3,531063.0,531063.0,
002416.SZ,20260820,9.41,0.9806,1.9211,0.54,31.1487,30.9962,1.9489,0.2114,0.2013,5.3135,5.3135,123928.0,122390.0,62472.1,1166160.0,1151690.0,
600800.SH,20260820,3.3,2.5894,4.1712,0.41,,,3.7432,1.1001,1.184,,,111005.0,110973.0,68890.6,366315.0,366211.0,
301655.SZ,20260820,32.49,78.9802,78.9802,,96.6476,81.9828,15.2535,4.4139,3.8337,,,45560.8,4496.82,4496.82,1480270.0,146102.0,
603223.SH,20260820,10.5,0.8986,2.0954,0.72,27.8402,23.3925,1.813,5.4473,5.3514,0.9048,1.0952,70582.2,70582.2,30269.2,741113.0,741113.0,
600746.SH,20260820,6.57,0.7888,3.1634,0.71,86.8114,117.325,1.408,1.3102,1.3331,0.7505,0.6004,116784.0,116784.0,29119.0,767273.0,767273.0,
002097.SZ,20260820,7.1,1.1176,1.7526,0.59,90.656,109.21,1.629,1.0437,1.0391,0.2817,0.3239,107462.0,107263.0,68398.3,762978.0,761567.0,
601218.SH,20260820,4.39,1.6286,2.0926,0.59,31.4769,26.8656,1.4031,3.0255,2.7602,0.2278,1.0251,96903.4,96903.4,75418.4,425406.0,425406.0,
300319.SZ,20260820,18.45,18.3598,23.5957,0.93,51.7688,51.4967,3.3142,4.3164,4.1114,0.6157,0.5799,88758.8,85127.0,66237.2,1637600.0,1570590.0,
300987.SZ,20260820,13.3,1.5543,2.8255,0.78,111.777,114.265,2.8583,7.4682,7.6082,0.9398,0.8647,17336.8,17336.8,9536.8,230579.0,230579.0,
600981.SH,20260820,2.41,0.6883,2.112,0.87,341.36,,1.085,0.0977,0.0946,0.4149,0.4149,224243.0,224243.0,73084.2,540426.0,540426.0,
600697.SH,20260820,10.76,1.5156,2.0243,0.88,,,0.7655,0.2535,0.2582,0.9294,0.9294,15908.8,15537.6,11633.0,171179.0,167185.0,
601518.SH,20260820,2.77,0.6791,2.2943,1.29,10.6692,10.6518,0.8983,3.8283,3.7936,3.1047,4.6931,189055.0,189055.0,55961.6,523683.0,523683.0,
301167.SZ,20260820,14.07,1.6763,2.4573,1.03,72.6391,74.2311,1.6407,4.4344,4.4314,0.4264,0.6397,11200.0,10571.5,7211.45,157584.0,148740.0,
688115.SH,20260820,69.68,2.5696,6.1295,0.67,,832.971,5.1005,25.2027,21.7167,0.451,0.2942,9333.8,9333.8,3912.92,650379.0,650379.0,
603725.SH,20260820,12.15,5.2288,8.8113,0.6,33.1987,31.9955,4.3031,1.2004,1.2223,0.8132,0.9758,30485.8,30485.8,18091.1,370402.0,370402.0,
300440.SZ,20260820,18.21,2.0547,3.1293,0.51,92.4444,96.678,4.8118,6.7291,6.9588,0.3124,0.2531,44191.7,44022.2,28904.4,804730.0,801644.0,
300515.SZ,20260820,15.66,2.5654,4.5966,0.74,17.5468,17.0762,3.3409,4.8831,4.7419,1.8692,2.4923,20575.4,20175.8,11260.2,322212.0,315953.0,
600483.SH,20260820,10.25,0.3101,0.8976,0.62,9.6364,9.9807,1.0229,2.0724,2.0969,3.7366,4.1561,278015.0,278015.0,96041.2,2849650.0,2849650.0,
300972.SZ,20260820,201.68,0.7351,1.4718,0.87,29.5986,22.6188,19.7376,0.7734,0.6949,0.3425,0.4798,19733.4,18130.1,9054.84,3979820.0,3656480.0,
688277.SH,20260820,16.06,1.6646,2.1735,0.91,,,6.4757,26.8673,27.4443,,,46644.5,46644.5,35722.6,749110.0,749110.0,
001268.SZ,20260820,20.12,2.1499,2.94,0.53,57.2943,94.8341,2.9776,3.9638,4.1081,1.5869,1.0579,15070.3,9433.76,6898.54,303214.0,189807.0,
600841.SH,20260820,5.66,0.9422,2.997,0.69,2.735,2.519,1.2236,1.3686,1.332,,,138782.0,104302.0,32790.9,785507.0,590352.0,
920058.BJ,20260820,29.7,4.3547,8.5561,0.72,32.2221,34.8137,4.6704,2.1336,2.1024,2.9054,2.0996,5605.61,2759.44,1404.44,166487.0,81955.3,
600570.SH,20260820,21.25,0.8927,1.127,0.69,32.684,30.0608,4.0349,6.9584,7.1066,0.4694,0.9404,189365.0,189365.0,149990.0,4024000.0,4024000.0,
920007.BJ,20260820,33.36,8.3111,8.3111,5.99,16.252,27.2811,2.2857,1.4408,1.387,2.9403,3.5997,4453.25,1170.62,1170.62,148560.0,39052.1,
300141.SZ,20260820,9.84,2.3591,4.5057,0.71,,,4.0957,6.9442,5.9945,,,25784.5,25461.9,13331.5,253719.0,250545.0,
603658.SH,20260820,34.9,1.6283,5.6274,1.53,18.6727,19.2761,2.1766,4.7186,4.7228,3.6103,3.7536,57142.5,57142.5,16534.7,1994270.0,1994270.0,
600518.SH,20260820,1.39,1.3088,1.7542,0.83,1861.17,,2.6428,3.6598,3.8195,,,1382890.0,1382240.0,1031290.0,1922220.0,1921310.0,
600760.SH,20260820,43.5,0.3017,0.9168,0.52,35.0562,37.9193,5.1857,2.7616,2.9763,0.8938,0.9311,283493.0,282955.0,93107.5,12331900.0,12308600.0,
300251.SZ,20260820,10.94,0.7865,1.4289,0.49,19.1929,,3.1987,7.9441,25.5522,1.822,1.3711,293359.0,277537.0,152765.0,3209350.0,3036250.0,
600523.SH,20260820,11.6,0.6762,1.2597,0.36,24.3485,22.5066,1.4402,1.8587,1.8078,1.1379,1.2414,40431.1,40404.5,21689.7,469001.0,468692.0,
600883.SH,20260820,7.84,2.8556,5.156,1.08,77.1792,65.7841,1.8842,33.1747,30.9556,0.7653,0.4464,23608.8,23608.8,13075.7,185093.0,185093.0,
301548.SZ,20260820,60.9,3.9122,4.073,0.69,39.3802,36.334,3.3494,8.5644,8.0257,1.1642,0.9804,8700.0,2623.5,2519.89,529830.0,159771.0,
920433.BJ,20260820,5.07,2.7959,4.9589,0.81,,,3.4174,9.7262,9.9078,1.1834,,25592.0,16931.6,9546.17,129751.0,85843.4,
300917.SZ,20260820,26.9,10.76,24.1797,2.01,36.6996,36.57,3.7011,1.5295,1.5093,0.9294,1.1152,16900.0,16900.0,7520.5,454610.0,454610.0,
920932.BJ,20260820,11.82,1.6319,2.1919,0.62,,,2.0656,4.3122,3.8673,0.1842,,10535.0,8719.36,6491.85,124524.0,103063.0,
300888.SZ,20260820,29.93,0.9816,3.2787,1.91,22.7201,22.6339,1.4851,1.5935,1.5828,2.3362,2.5031,58297.1,58036.1,17374.7,1744830.0,1737020.0,
002999.SZ,20260820,6.04,2.5197,3.9311,1.04,35.0971,38.8886,1.7047,0.1545,0.1542,2.053,1.1589,34759.2,34354.4,22020.4,209946.0,207501.0,
301327.SZ,20260820,43.43,0.4233,0.907,0.81,441.497,,1.243,1.8287,1.7329,1.8822,,17438.1,17438.1,8138.78,757338.0,757338.0,
600103.SH,20260820,2.87,2.7583,3.6259,0.68,117.606,164.227,1.6171,2.6586,2.7245,0.4204,0.2997,224083.0,221233.0,168299.0,643117.0,634938.0,
600228.SH,20260820,8.2,5.5771,7.9637,0.83,,,8.9469,6.1791,5.3273,,,41667.2,41603.7,29135.5,341671.0,341150.0,
688356.SH,20260820,89.45,0.9565,1.646,0.31,87.9291,75.1054,4.0519,17.0486,16.5272,0.1673,0.3457,6065.07,6065.07,3524.71,542520.0,542520.0,
000783.SZ,20260820,8.54,1.3342,1.9705,0.56,12.7764,11.2362,1.2822,4.4774,4.1376,1.7564,3.5129,553007.0,553007.0,374421.0,4722680.0,4722680.0,
600500.SH,20260820,5.09,3.4695,7.5923,0.84,,,1.7947,0.3858,0.3926,,,358831.0,358831.0,163975.0,1826450.0,1826450.0,
002033.SZ,20260820,8.96,2.6712,4.8769,0.81,23.0631,19.5598,1.9697,5.7225,5.4601,3.9063,3.9063,54949.1,54948.0,30096.2,492344.0,492334.0,
300034.SZ,20260820,15.41,1.196,2.0202,0.8,140.441,123.073,3.1859,3.322,3.2578,0.6489,0.2336,79696.2,76705.7,45409.4,1228120.0,1182030.0,
300750.SZ,20260820,385.0,0.4204,0.6351,0.91,24.6708,20.956,4.6955,4.204,3.4141,1.7549,2.158,462666.0,426008.0,281999.0,178126000.0,164013000.0,
300088.SZ,20260820,7.3,4.0446,4.812,0.73,89.5573,106.124,2.1,1.5755,1.6216,0.8014,0.6792,249773.0,248550.0,208912.0,1823350.0,1814420.0,
300962.SZ,20260820,12.86,1.2158,2.6549,1.2,28.635,29.1691,3.2269,9.3264,9.3082,1.1353,0.6998,26400.2,26400.2,12090.2,339506.0,339506.0,
688196.SH,20260820,35.38,2.2977,7.1268,1.27,29.1162,36.4749,1.4003,1.5647,1.5817,1.3333,1.4132,12719.1,12719.1,4100.65,450001.0,450001.0,
000655.SZ,20260820,6.89,0.791,1.902,0.92,15.3007,16.142,1.1612,2.4657,2.4186,3.0479,3.2801,59534.0,59534.0,24760.0,410189.0,410189.0,
600871.SH,20260820,2.22,0.9222,3.4912,0.78,63.8768,62.244,4.2051,0.5214,0.5175,,,1895700.0,1354700.0,357829.0,4208460.0,3007440.0,
002350.SZ,20260820,14.55,1.8391,2.9924,0.91,144.729,393.147,4.4048,3.6675,3.5302,0.1946,0.2182,54233.1,53055.1,32607.1,789092.0,771952.0,
603610.SH,20260820,15.36,1.4088,3.2471,0.89,51.6668,57.5703,1.7424,1.7896,1.7426,0.651,0.9115,35299.2,35299.2,15314.9,542195.0,542195.0,
920159.BJ,20260820,30.26,10.034,10.034,1.02,16.1526,16.1374,2.0695,0.9787,0.9574,,2.6438,7600.0,1532.0,1532.0,229976.0,46358.3,
300152.SZ,20260820,1.61,1.5699,1.6676,0.49,,,5.4305,4.66,4.5567,,,71280.0,71277.3,67097.5,114761.0,114756.0,
002273.SZ,20260820,27.13,2.5921,3.0193,0.73,32.1795,31.4861,3.7001,5.4453,5.2643,1.0938,1.1016,139063.0,136608.0,117280.0,3772790.0,3706180.0,
603779.SH,20260820,7.7,3.0578,4.2603,0.81,,,5.2193,7.036,7.5893,0.1169,,33208.3,33208.3,23834.9,255704.0,255704.0,
301036.SZ,20260820,22.29,1.1095,1.6798,1.07,44.9578,99.8645,1.3507,1.5092,1.5023,0.8973,1.3459,10000.0,7043.41,4652.3,222900.0,156998.0,
688269.SH,20260820,31.29,0.892,1.2006,0.95,37.5009,30.1823,3.715,2.0135,1.8935,1.598,0.9588,13070.4,13070.4,9710.4,408973.0,408973.0,
600081.SH,20260820,10.1,0.3373,1.3368,0.5,296.498,244.404,1.2081,0.8902,0.915,0.495,0.1089,55302.6,55302.6,13955.4,558556.0,558556.0,
603168.SH,20260820,5.75,2.6053,4.6151,1.64,,,1.6235,4.6485,4.6809,,,37412.7,37251.4,21028.9,215123.0,214196.0,
600738.SH,20260820,4.09,3.5147,7.0561,1.87,18.9888,16.5906,1.4597,4.9131,4.9032,0.3542,2.385,76133.5,76066.6,37889.9,311386.0,311112.0,
300420.SZ,20260820,7.43,6.5155,7.6652,0.73,176.014,188.886,3.4875,9.7663,10.2164,,0.1346,111638.0,111627.0,94883.9,829473.0,829392.0,
688596.SH,20260820,66.2,6.9768,8.2217,0.87,154.29,275.689,5.8018,4.2774,4.0366,0.3889,0.1399,31767.0,31767.0,26957.1,2102980.0,2102980.0,
600601.SH,20260820,12.32,3.2198,4.5343,0.69,111.505,60.298,10.032,10.66,8.1014,,,427374.0,417029.0,296133.0,5265250.0,5137800.0,
300665.SZ,20260820,9.49,2.288,2.5878,0.69,,,5.5214,4.2003,4.1472,,,22954.1,21801.1,19275.7,217834.0,206892.0,
600231.SH,20260820,1.68,0.3828,1.2703,0.83,,,1.3563,0.3081,0.3108,,,287206.0,283638.0,85473.0,482507.0,476512.0,
300477.SZ,20260820,2.52,1.4508,1.4792,0.55,,,32.5783,1.6243,1.6763,,,107202.0,99101.3,97195.2,270149.0,249735.0,
002432.SZ,20260820,69.66,4.0639,5.422,0.76,14.3175,14.1474,1.5013,23.7657,27.976,0.2645,2.1323,46589.4,46527.2,34872.8,3245420.0,3241090.0,
603359.SH,20260820,2.11,1.0609,1.9668,0.8,,,0.6708,3.3155,4.4156,,,44609.6,44609.6,24062.6,94126.3,94126.3,
603019.SH,20260820,84.34,1.8557,2.2219,0.5,56.7015,55.6438,5.4709,8.2466,7.922,0.32,0.5333,146312.0,146305.0,122193.0,12339900.0,12339400.0,
688511.SH,20260820,21.53,1.2115,2.6876,0.98,84.3186,121.628,3.5061,19.162,22.7052,,1.0718,13367.8,13367.8,6025.87,287809.0,287809.0,
002630.SZ,20260820,1.64,1.1474,1.185,1.29,,,,1.1551,1.6197,,,118080.0,107654.0,104240.0,193651.0,176552.0,
300215.SZ,20260820,6.01,0.9267,2.2367,0.64,666.242,157.344,2.261,8.2026,7.9886,0.0832,0.0333,74909.4,74909.4,31036.9,450206.0,450206.0,
300921.SZ,20260820,15.33,3.4052,4.0711,0.63,186.156,132.485,4.7368,7.118,7.0334,0.331,0.4633,25674.5,16188.5,13540.5,393591.0,248170.0,
600189.SH,20260820,7.47,1.1103,1.9376,0.97,354.308,266.966,4.3212,4.2469,4.1455,,,71519.8,71519.8,40982.6,534253.0,534253.0,
300522.SZ,20260820,13.76,6.8446,11.2855,1.1,217.379,259.395,5.6048,6.1754,6.2362,0.2907,0.2907,32245.2,26310.6,15957.4,443693.0,362033.0,
688372.SH,20260820,125.73,3.0516,4.1822,0.71,70.0792,61.033,5.0873,13.4938,11.9411,0.1827,0.4351,16899.7,16899.7,12331.1,2124790.0,2124790.0,
600031.SH,20260820,19.05,0.6333,0.8364,0.93,20.833,20.8049,1.9339,1.963,1.8993,3.4959,2.5591,919500.0,847439.0,641693.0,17516500.0,16143700.0,
600461.SH,20260820,8.9,0.564,1.0287,0.95,9.5783,9.7051,1.1173,1.5267,1.5746,5.2135,5.2472,128416.0,128416.0,70411.9,1142900.0,1142900.0,
688665.SH,20260820,43.88,0.615,1.9502,1.03,33.5173,34.4607,3.6532,4.3276,4.1883,0.789,0.9116,10119.2,10119.2,3190.88,444032.0,444032.0,
301486.SZ,20260820,175.0,8.0089,10.3803,0.78,239.554,349.829,8.8221,22.576,22.5797,0.2261,,12878.9,7290.41,5624.95,2253800.0,1275820.0,
002035.SZ,20260820,4.89,2.906,3.6256,1.41,13.7715,14.0128,1.0769,0.7339,0.7436,6.0149,4.0099,84765.4,78203.8,62682.9,414503.0,382416.0,
603153.SH,20260820,13.15,0.3288,1.4088,0.66,14.6411,14.4163,1.4196,1.0779,1.076,1.9102,2.053,40986.1,40378.0,9423.91,538967.0,530971.0,
300685.SZ,20260820,19.71,6.3343,8.1746,2.04,21.284,21.6019,3.7369,6.4196,6.4832,1.5277,2.2576,39010.5,38957.2,30187.0,768897.0,767846.0,
920981.BJ,20260820,29.06,4.1156,5.993,0.6,229.473,145.812,4.3054,3.8521,3.046,0.5162,,7646.8,3846.27,2641.37,222216.0,111773.0,
002254.SZ,20260820,12.18,1.6739,2.6263,0.69,250.13,221.686,1.4659,2.8849,2.89,0.4118,0.1636,85152.8,85057.3,54212.7,1037160.0,1036000.0,
002774.SZ,20260820,16.15,4.9395,11.6546,0.65,75.8494,92.9768,4.4784,3.7269,3.7458,2.2291,1.8576,33668.8,28176.8,11942.1,543751.0,455056.0,
600282.SH,20260820,4.77,0.6029,1.619,0.93,10.2557,10.1893,1.0418,0.5071,0.5065,4.2683,5.3627,616509.0,616509.0,229601.0,2940750.0,2940750.0,
301206.SZ,20260820,24.78,1.8649,2.5573,1.4,54.8473,54.1498,1.1755,7.7191,6.9241,6.9981,3.9891,20232.6,13027.6,9499.89,501363.0,322823.0,
300485.SZ,20260820,10.3,8.1807,10.6204,2.15,340.482,,1.4699,12.2583,12.3222,,0.2913,48166.6,27381.7,21091.5,496116.0,282032.0,
600604.SH,20260820,4.56,1.9729,4.9321,0.58,,,1.4206,7.7682,8.8125,0.2193,,187330.0,140745.0,56298.9,854227.0,641799.0,
301029.SZ,20260820,24.84,1.4479,1.9144,0.8,30.8466,30.411,3.5135,5.3571,5.1369,1.8071,2.5942,63578.7,45286.3,34251.2,1579290.0,1124910.0,
300407.SZ,20260820,11.58,3.0356,3.8063,0.86,56.991,52.4086,2.1315,1.4935,1.465,0.7861,0.6803,34643.9,25907.3,20661.5,401177.0,300007.0,
002471.SZ,20260820,5.21,4.6933,5.6445,0.95,,,3.9501,1.3767,1.3572,,,136876.0,134405.0,111757.0,713124.0,700251.0,
603206.SH,20260820,13.7,1.0011,3.1718,0.64,78.5457,106.323,1.8343,0.8924,0.9171,,0.438,30520.0,30520.0,9633.0,418124.0,418124.0,
002637.SZ,20260820,12.1,9.3734,14.1748,2.07,31.2093,28.339,1.5081,0.4334,0.4421,0.9706,0.9517,47040.1,46497.5,30747.7,569185.0,562619.0,
600879.SH,20260820,14.38,3.4561,4.642,1.22,209.027,207.599,2.2722,3.4108,3.3762,0.3477,0.146,329930.0,329930.0,245644.0,4744390.0,4744390.0,
002617.SZ,20260820,6.19,3.5933,3.9288,0.8,55.7358,63.9203,1.8348,3.2183,3.1352,,,190917.0,187762.0,171730.0,1181780.0,1162250.0,
002250.SZ,20260820,16.11,2.5604,3.4696,1.42,40.053,35.0057,2.1211,2.2546,2.1062,0.1241,1.2415,89987.3,89497.6,66044.0,1449700.0,1441810.0,
601528.SH,20260820,4.91,0.9579,1.0476,1.22,4.9008,4.9061,0.4771,2.1856,2.206,4.0733,4.277,196216.0,185577.0,169684.0,963421.0,911184.0,
000609.SZ,20260820,10.26,1.7496,2.3165,1.09,,,,14.7901,12.159,,,29926.6,29071.3,21956.8,307046.0,298272.0,
300928.SZ,20260820,25.31,1.7082,1.8466,0.77,,,2.0001,2.2367,2.4318,,,8000.0,5358.82,4957.22,202480.0,135632.0,
300819.SZ,20260820,46.02,3.4142,8.4786,1.12,122.213,132.376,7.7907,11.8908,12.0347,0.8692,0.5106,14920.5,13476.2,5426.62,686642.0,620176.0,
000037.SZ,20260820,9.36,4.0958,6.9358,0.56,35.0343,30.4358,3.3385,14.0456,13.0197,,0.3419,60276.3,33890.8,20013.5,564186.0,317218.0,
688017.SH,20260820,310.0,4.948,7.565,0.78,456.973,415.585,15.9247,99.5811,92.7387,0.0322,0.0677,18333.0,18333.0,11991.1,5683230.0,5683230.0,
000503.SZ,20260820,7.2,4.7023,6.4865,2.93,,,7.3508,20.1191,20.1161,,,97925.2,97923.5,70988.5,705062.0,705050.0,
002632.SZ,20260820,8.69,4.1734,9.0208,1.74,24.4887,25.701,2.4375,3.6392,3.744,2.9919,3.4522,62459.9,57442.6,26575.0,542777.0,499176.0,
300760.SZ,20260820,158.07,1.3483,2.7825,2.31,23.5441,24.4421,4.7756,5.7553,5.7355,2.9306,2.6711,121180.0,121066.0,58663.9,19154900.0,19136900.0,
603767.SH,20260820,14.3,2.3279,6.8606,0.99,,,3.2294,4.8356,4.8115,1.3986,,30863.2,30863.2,10472.2,441343.0,441343.0,
601728.SH,20260820,6.56,0.1684,0.9102,0.98,18.0892,18.9541,1.2818,1.1458,1.1526,4.1753,4.1463,9150710.0,7762970.0,1435910.0,60028700.0,50925100.0,
002149.SZ,20260820,36.71,6.5817,9.5714,0.55,173.383,222.895,4.8133,5.5478,5.8201,0.8172,0.5448,48821.4,48813.9,33566.4,1792230.0,1791960.0,
000559.SZ,20260820,10.88,0.8966,2.4744,0.77,34.8319,36.4674,4.1089,2.6937,2.8409,1.6486,1.8382,331536.0,331435.0,120091.0,3607110.0,3606010.0,
002065.SZ,20260820,6.9,1.0146,1.4389,0.38,46.3403,45.6969,1.7862,1.7108,1.7419,0.7246,0.7246,320548.0,290792.0,205047.0,2211780.0,2006470.0,
301662.SZ,20260820,66.9,3.0929,3.5449,0.6,129.608,65.4426,5.0096,3.82,3.4579,1.0309,0.6185,11600.0,4459.2,3890.66,776040.0,298320.0,
688321.SH,20260820,29.95,6.8993,9.0887,2.0,260.328,143.035,5.4677,14.5771,12.6743,,0.1934,44294.1,40780.8,30956.8,1326610.0,1221390.0,
688119.SH,20260820,3.89,0.8446,1.9121,1.02,,,1.5533,2.1915,2.2793,,,112500.0,112500.0,49692.4,437625.0,437625.0,
600403.SH,20260820,7.11,7.7376,49.9099,1.76,,,5.0853,4.1336,4.2227,,,239081.0,239081.0,37065.2,1699870.0,1699870.0,
300125.SZ,20260820,8.29,1.8151,2.2525,0.72,271.612,141.027,5.285,44.2005,42.0905,,,66585.0,36081.0,29074.0,551990.0,299112.0,
000636.SZ,20260820,53.09,16.1294,21.108,1.17,216.81,199.888,4.9208,10.6709,10.2425,0.2802,0.1868,115701.0,115701.0,88411.8,6142580.0,6142580.0,
603969.SH,20260820,7.23,3.5104,5.8562,1.92,17.2328,14.488,2.086,1.9652,1.8959,1.0885,0.9682,87153.4,85155.4,51044.2,630119.0,615673.0,
600527.SH,20260820,2.13,1.6591,2.3661,0.72,174.891,168.479,1.7787,7.0983,6.8643,2.3268,1.3886,173176.0,173176.0,121429.0,368865.0,368865.0,
300404.SZ,20260820,15.74,31.7559,35.904,1.11,199.109,141.023,5.6851,6.9898,6.3917,0.0755,0.0826,38574.9,28551.6,25253.0,607169.0,449402.0,
600248.SH,20260820,2.9,0.5409,1.6919,1.0,47.9089,,0.3874,0.0842,0.0859,3.125,0.6897,371393.0,370574.0,118466.0,1077040.0,1074660.0,
002337.SZ,20260820,4.62,1.0868,1.7302,0.9,55.3527,54.1386,2.0383,3.9336,3.7088,0.4545,0.5628,58861.6,58799.7,36933.6,271940.0,271654.0,
001283.SZ,20260820,43.45,2.5412,2.5412,0.83,27.7464,26.6628,1.5824,0.9605,0.9399,0.6339,0.6685,12968.0,10339.9,10339.9,563460.0,449268.0,
300493.SZ,20260820,11.98,1.4947,1.8879,0.66,111.177,103.404,5.2993,2.1261,2.1201,0.2922,0.2922,51252.1,50661.1,40109.8,614000.0,606920.0,
002694.SZ,20260820,2.07,0.2241,0.3735,0.64,,,,1.7736,1.7165,,,76308.5,71879.8,43116.5,157959.0,148791.0,
002516.SZ,20260820,5.17,0.6426,1.2114,0.74,41.2876,39.0149,1.9843,3.3414,3.2237,1.5474,1.5474,147084.0,146050.0,77467.7,760424.0,755078.0,
920873.BJ,20260820,6.94,1.3635,1.5751,1.15,,,4.2882,11.7266,11.1454,,,15338.7,11980.6,10370.9,106451.0,83145.6,
301073.SZ,20260820,18.34,3.271,8.0766,1.33,154.484,132.339,4.0264,5.2982,5.2698,1.2268,0.4089,19445.1,17779.1,7200.54,356623.0,326068.0,
002448.SZ,20260820,12.36,3.5669,4.267,0.57,17.7668,14.6438,1.8485,1.8543,1.7468,1.0518,1.6181,58841.0,58050.9,48526.9,727274.0,717510.0,
301212.SZ,20260820,24.03,5.6287,18.8556,3.0,187.347,295.972,1.9232,3.7428,3.6915,0.4994,0.4245,10800.0,9375.0,2798.58,259524.0,225281.0,
920950.BJ,20260820,12.79,0.4214,0.7456,0.57,22.1441,23.4753,2.8493,4.948,4.9405,2.932,2.8147,7332.0,3572.01,2018.64,93776.3,45686.0,
600116.SH,20260820,6.31,0.7289,1.5687,1.09,27.6785,25.5318,1.0644,1.1861,1.1501,1.4122,1.9613,191214.0,191214.0,88844.6,1206560.0,1206560.0,
688244.SH,20260820,15.07,1.2951,2.7682,1.1,,,2.3998,8.2326,8.1897,0.2231,,15096.2,15096.2,7062.82,227499.0,227499.0,
000626.SZ,20260820,8.34,5.0338,12.3024,2.03,,80.5834,1.7992,0.0563,0.0533,,,50662.7,50431.3,20635.0,422527.0,420597.0,
688536.SH,20260820,309.94,7.0213,10.9208,2.59,247.382,103.105,6.4633,19.9782,15.2907,,0.0497,13807.5,13564.9,8721.33,4279510.0,4204300.0,
300139.SZ,20260820,49.45,26.362,27.9383,1.42,89.4785,82.2742,11.4893,21.4956,18.6388,,0.2022,27400.0,23365.9,22047.5,1354930.0,1155440.0,
603786.SH,20260820,40.18,0.3948,1.8876,0.87,19.5649,20.6521,2.813,2.3401,2.3238,1.6177,1.5431,40385.7,40385.7,8447.69,1622700.0,1622700.0,
300811.SZ,20260820,76.93,3.9175,5.9269,0.87,75.0333,72.4758,10.0286,17.4086,16.4391,0.1842,0.1848,40783.0,33474.1,22125.4,3137430.0,2575170.0,
688729.SH,20260820,24.21,1.6298,2.4527,0.85,106.673,116.812,7.9309,14.0957,14.4449,,0.1128,295556.0,174824.0,116169.0,7155410.0,4232480.0,
688677.SH,20260820,87.5,10.2437,15.3551,0.83,61.4325,61.2493,7.5767,17.4063,16.6447,0.6794,0.6766,11987.7,11987.7,7997.29,1048920.0,1048920.0,
688334.SH,20260820,18.09,0.5708,1.7821,1.23,23.0255,22.4419,1.9196,6.5981,6.4402,2.6036,2.4102,31657.9,31217.1,9998.66,572692.0,564718.0,
600567.SH,20260820,1.33,0.5954,0.7996,0.73,,,0.5584,0.2868,0.2924,,,620546.0,620546.0,462097.0,825326.0,825326.0,
600179.SH,20260820,4.3,0.7865,1.4281,0.39,16.7548,16.5661,1.5027,2.0039,1.9868,,,423153.0,386228.0,212722.0,1819560.0,1660780.0,
002655.SZ,20260820,34.34,10.2996,12.4194,1.05,168.71,278.816,14.3077,8.6938,8.3214,0.0863,0.0873,36458.4,36325.7,30125.6,1251980.0,1247420.0,
603291.SH,20260820,9.2,1.2457,4.4175,1.67,38.4192,37.547,2.1322,3.5302,3.656,1.6304,2.1739,42322.1,42322.1,11934.7,389363.0,389363.0,
300448.SZ,20260820,5.7,1.7646,2.4619,0.8,,,3.1669,15.0308,16.0902,0.5715,0.5715,67651.7,64256.7,46056.8,385615.0,366263.0,
603255.SH,20260820,27.84,2.0453,3.2342,1.08,328.077,144.283,2.3645,4.458,3.9595,,0.1257,13459.2,6067.52,3837.17,374703.0,168920.0,
603282.SH,20260820,15.42,0.8656,1.8048,1.0,21.5128,31.1972,1.5669,2.3649,2.6461,1.5083,1.4762,13382.0,13382.0,6418.45,206350.0,206350.0,
000651.SZ,20260820,41.42,0.6985,0.9194,0.98,7.9995,7.9508,1.5261,1.3612,1.3496,7.2218,7.2218,560141.0,552201.0,419550.0,23201000.0,22872200.0,
300990.SZ,20260820,68.85,5.2321,8.9825,0.66,46.6118,47.0081,5.5026,4.111,3.9393,0.7185,0.7235,17121.7,7776.39,4529.54,1178830.0,535404.0,
688155.SH,20260820,58.98,1.3096,2.7518,0.84,21.4188,16.8434,3.0595,2.4707,2.1143,1.0006,1.6794,12736.0,12736.0,6060.84,751168.0,751168.0,
002179.SZ,20260820,34.19,0.7325,1.3943,0.6,33.2208,37.4008,2.9103,3.3577,3.3524,2.3599,1.6187,210025.0,209643.0,110139.0,7180740.0,7167700.0,
688692.SH,20260820,248.5,2.4563,3.7739,1.06,54.4697,49.3797,7.2413,21.5493,19.2955,0.3765,0.6439,11324.0,7416.47,4827.17,2814010.0,1842990.0,
688535.SH,20260820,100.63,4.5172,6.3005,0.77,594.491,471.62,6.695,31.4758,24.1527,0.1114,0.0664,14327.4,13353.4,9573.7,1441770.0,1343750.0,
300796.SZ,20260820,6.73,1.0607,1.4808,1.08,100.981,2311.81,1.4163,1.5954,1.6715,,0.2926,36114.3,36114.3,25869.9,243049.0,243049.0,
002715.SZ,20260820,14.27,2.8086,4.2852,0.78,,,4.2317,3.7566,3.6707,0.2242,,13800.0,13800.0,9044.96,196926.0,196926.0,
600188.SH,20260820,21.36,0.7129,2.7135,0.76,25.5803,22.4406,2.8029,1.4792,1.4729,3.3711,2.3404,1003690.0,596135.0,156621.0,21438700.0,12733400.0,
600199.SH,20260820,7.14,2.1539,2.9545,0.57,,,2.4146,6.5048,7.6216,,,65779.7,65779.7,47954.0,469667.0,469667.0,
301307.SZ,20260820,51.96,6.3785,6.5256,0.83,,,4.4816,2.818,2.7182,,,21060.0,10878.1,10632.9,1094280.0,565228.0,
603037.SH,20260820,10.08,0.7803,1.1716,0.54,36.512,38.0625,2.7044,3.2624,3.2431,2.4945,1.9841,26653.8,26615.0,17724.8,268670.0,268279.0,
002060.SZ,20260820,3.25,0.9036,1.2674,1.09,11.0036,11.3287,0.8422,0.177,0.1782,4.3077,4.3077,375439.0,156281.0,111412.0,1220180.0,507915.0,
688618.SH,20260820,31.26,4.4692,11.9622,1.46,95.6351,126.734,4.1666,9.6175,9.9522,0.5133,0.5063,11004.8,11004.8,4111.51,344009.0,344009.0,
603458.SH,20260820,9.86,5.8966,6.5128,1.02,,,1.1708,2.2506,2.359,,,30612.5,30612.5,27716.3,301839.0,301839.0,
000797.SZ,20260820,2.43,1.9175,4.2509,1.35,,,0.8244,0.5352,0.5404,,,157075.0,157052.0,70844.7,381693.0,381635.0,
300112.SZ,20260820,9.91,17.5448,18.8813,2.25,,,3.0749,2.7677,2.8553,,,28795.4,23759.3,22077.7,285362.0,235455.0,
601588.SH,20260820,1.73,1.1318,2.075,1.01,,,0.8891,0.9611,0.9476,,,336702.0,266000.0,145082.0,582494.0,460180.0,
603579.SH,20260820,17.97,1.3852,2.7659,1.38,23.9738,20.3467,1.3094,2.297,2.0604,1.6962,2.758,20105.2,20105.2,10069.2,361291.0,361291.0,
002595.SZ,20260820,49.65,0.2897,0.5889,0.8,24.0644,24.1081,4.5952,5.1987,5.0224,0.5546,1.389,116000.0,115198.0,56667.1,5759400.0,5719570.0,
002209.SZ,20260820,11.96,5.2195,6.1272,1.73,20.0951,22.1569,2.8468,1.3222,1.4007,0.4231,0.6689,20453.0,15784.9,13446.4,244618.0,188787.0,
000691.SZ,20260820,10.28,2.0844,2.4097,0.6,,,10.9607,9.5678,8.6717,,,48490.5,32327.0,27962.8,498482.0,332322.0,
301256.SZ,20260820,10.04,0.6418,2.4778,0.56,67.1296,68.9703,2.8207,2.8572,2.8819,1.5936,1.3944,48000.0,48000.0,12433.6,481920.0,481920.0,
300106.SZ,20260820,9.94,7.0263,12.0767,0.76,,,5.5753,2.2719,2.1462,,,21133.2,21133.2,12295.4,210064.0,210064.0,
603659.SH,20260820,23.73,1.4901,3.1762,1.05,21.5686,18.4647,2.3772,3.2385,2.7154,0.7031,0.951,214418.0,214418.0,100591.0,5088150.0,5088150.0,
002703.SZ,20260820,13.44,5.0315,9.275,0.64,61.2473,63.6694,5.2248,3.1153,3.0849,0.4464,,82263.2,58604.8,31792.0,1105620.0,787649.0,
688025.SH,20260820,408.9,4.7289,7.2759,1.01,139.409,114.17,16.1649,18.7393,16.248,0.1024,0.2171,9504.94,9504.94,6177.63,3886570.0,3886570.0,
603459.SH,20260820,87.0,12.5065,12.5065,0.68,121.472,118.073,26.8661,17.8342,17.0134,,,75375.4,7905.19,7905.19,6557660.0,687752.0,
300173.SZ,20260820,3.25,0.7535,0.9511,1.23,,,2.9414,2.0154,2.1117,,,73472.6,73472.6,58208.2,238786.0,238786.0,
300642.SZ,20260820,13.94,4.6266,5.4801,1.86,630.472,,1.5922,6.2174,6.0883,1.0681,0.7067,16227.2,13770.6,11625.7,226208.0,191962.0,
000892.SZ,20260820,3.76,5.0953,6.9847,0.83,,,6.1049,7.0033,7.0754,,,98098.0,71083.6,51855.0,368849.0,267275.0,
603718.SH,20260820,2.98,1.7037,2.6152,1.27,,,2.182,10.2941,11.1489,2.658,,64898.0,64898.0,42278.2,193396.0,193396.0,
603400.SH,20260820,50.78,24.2987,24.2987,1.8,53.0142,77.1449,5.5433,4.7028,4.7888,0.6067,1.8176,12983.0,3623.01,3623.01,659277.0,183976.0,
601126.SH,20260820,43.49,2.1934,3.6699,0.57,43.7069,42.2212,7.0076,4.4221,4.2509,1.6559,1.6556,83310.5,82508.5,49312.1,3623180.0,3588300.0,
688336.SH,20260820,48.61,2.0709,12.808,1.51,15.0262,14.6465,5.054,10.3749,10.0864,0.1741,0.6852,89622.5,89622.5,14490.9,4356550.0,4356550.0,
688693.SH,20260820,77.26,6.0433,7.6935,0.52,,,7.3299,22.3628,20.7362,,,7368.42,3890.44,3055.96,569284.0,300575.0,
688111.SH,20260820,241.64,1.8055,3.7131,0.78,61.0542,31.0864,7.4369,18.912,17.0275,0.371,0.5173,46401.3,46401.3,22562.6,11212400.0,11212400.0,
688125.SH,20260820,122.62,1.5852,5.1155,1.01,,,5.6335,14.4724,14.4325,,,8242.55,8220.35,2547.39,1010700.0,1007980.0,
688021.SH,20260820,21.17,1.9281,3.2261,1.36,109.975,55.9599,1.8312,4.6309,4.6025,,0.4724,7641.37,7641.37,4566.98,161768.0,161768.0,
301177.SZ,20260820,22.94,0.8806,8.8036,4.61,66.0099,58.8724,1.4584,6.0405,6.2306,2.1782,2.1796,40027.5,40000.9,4001.0,918230.0,917621.0,
600299.SH,20260820,8.61,1.1904,4.7028,0.85,22.9677,26.6434,1.3506,1.5389,1.5297,1.8205,1.7538,307978.0,307978.0,77960.0,2651690.0,2651690.0,
600088.SH,20260820,11.45,0.7495,1.7384,0.51,,,3.6291,4.3892,4.3007,0.2969,0.1921,39770.6,39770.6,17146.9,455374.0,455374.0,
688248.SH,20260820,42.24,1.012,3.2441,0.94,56.6794,57.7242,7.2072,6.4734,6.5888,0.6274,0.7386,56470.0,56470.0,17616.4,2385290.0,2385290.0,
603501.SH,20260820,85.99,1.1483,1.8281,0.78,26.734,29.3695,3.2924,3.7481,3.7556,0.7194,0.5807,125770.0,120696.0,75815.8,10815000.0,10378700.0,
688128.SH,20260820,21.86,0.3449,1.6211,0.75,16.5446,16.3137,2.4524,1.8553,1.8367,2.2873,2.516,40450.0,40450.0,8606.9,884237.0,884237.0,
002126.SZ,20260820,39.96,1.5163,1.6092,0.76,35.3504,35.2884,4.5235,2.1584,2.05,0.2937,0.2967,84682.1,79514.8,74924.4,3383900.0,3177410.0,
600707.SH,20260820,9.79,5.5529,15.0486,1.0,93.8716,611.363,1.6116,3.1107,3.1723,,0.715,358839.0,358767.0,132384.0,3513030.0,3512330.0,
002486.SZ,20260820,2.56,2.6496,3.3712,0.56,45.5285,55.0357,1.9611,1.6681,1.668,,0.4688,82428.3,82043.8,64482.4,211016.0,210032.0,
603194.SH,20260820,33.46,0.5293,0.5293,0.8,15.627,15.8005,2.4311,1.8498,1.8006,2.63,1.9426,40100.0,15802.7,15802.7,1341750.0,528758.0,
603500.SH,20260820,9.37,1.4146,2.9878,0.55,23.1952,22.5456,2.8909,3.7357,3.7749,1.3875,2.3479,33278.3,33260.9,15747.8,311818.0,311655.0,
301092.SZ,20260820,44.84,4.6713,7.7148,0.87,60.1621,64.3705,3.0514,9.2584,9.3568,0.5759,0.578,13453.5,6093.94,3689.85,603256.0,273252.0,
601003.SH,20260820,3.6,0.5545,3.264,0.79,14.1326,21.8441,1.0097,0.1377,0.1399,,2.7778,263422.0,256279.0,43538.2,948320.0,922606.0,
000792.SZ,20260820,27.93,0.7662,1.1704,0.59,17.4377,14.329,3.3067,9.5343,7.9318,,,529157.0,529153.0,346421.0,14779400.0,14779200.0,
600273.SH,20260820,6.83,1.0417,1.7611,1.02,9.0673,10.9827,0.8802,0.8798,0.8565,5.9512,6.5619,131131.0,131131.0,77565.7,895624.0,895624.0,
002826.SZ,20260820,17.78,3.2097,4.209,1.13,36.6194,36.2845,4.0455,5.3283,5.0577,0.5524,0.841,19067.8,18472.9,14087.3,339025.0,328449.0,
601318.SH,20260820,52.14,0.4646,0.5108,0.82,7.0051,7.1103,0.9272,0.8987,0.9112,4.929,5.1784,1810760.0,1066010.0,969735.0,94413200.0,55581600.0,
300797.SZ,20260820,14.63,2.4415,6.6912,0.7,35.9583,32.1109,4.1366,4.7543,4.3459,0.8204,0.8817,38272.8,38169.4,13927.2,559931.0,558419.0,
605055.SH,20260820,9.57,0.5819,1.9918,0.78,,,4.2867,2.6408,2.5914,0.6206,0.6097,44000.0,44000.0,12854.0,421080.0,421080.0,
300189.SZ,20260820,6.34,41.0459,43.2886,1.39,60.5851,57.2998,9.4323,26.0589,27.2488,,,102400.0,88625.0,84033.4,649216.0,561883.0,
688449.SH,20260820,68.2,3.4265,6.3337,0.6,220.683,178.439,16.2768,23.639,21.7658,,0.0733,46000.0,29320.4,15862.4,3137200.0,1999650.0,
301080.SZ,20260820,96.66,26.1146,33.1526,1.52,97.8927,94.6466,5.9986,19.3384,18.2683,0.517,0.6189,16767.9,12683.7,9991.12,1620790.0,1226010.0,
603739.SH,20260820,12.68,5.2232,12.5785,1.48,45.9593,41.0804,1.7827,2.3485,2.2901,0.7886,0.7886,25302.9,25302.9,10507.0,320841.0,320841.0,
688708.SH,20260820,42.47,0.9969,1.1937,1.09,38.6223,38.5229,4.8136,15.3605,15.1464,0.9407,1.1759,40047.8,14274.4,11920.8,1700830.0,606234.0,
600686.SH,20260820,11.11,1.5364,2.7275,0.73,17.01,13.9378,2.1921,0.3245,0.3138,0.9901,2.0702,71704.7,71704.7,40393.0,796640.0,796640.0,
001328.SZ,20260820,29.3,1.1173,3.9252,1.13,27.8592,26.5909,3.2063,2.9401,2.8328,2.5597,2.901,17217.4,16171.7,4603.12,504469.0,473831.0,
002623.SZ,20260820,15.31,1.3193,2.6463,0.7,,,1.08,1.4516,1.6022,3.2658,2.6127,19306.3,19263.6,9603.51,295579.0,294926.0,
000829.SZ,20260820,8.21,1.7847,2.7441,0.84,,,2.9043,0.0929,0.0864,0.1218,,102510.0,102413.0,66606.2,841608.0,840810.0,
002172.SZ,20260820,4.44,26.3591,39.3434,1.53,82.3381,100.29,16.9911,1.8817,1.9691,,,76573.2,76514.1,51262.5,339985.0,339722.0,
301609.SZ,20260820,32.69,1.6803,3.0245,0.33,38.6832,39.4857,4.1075,7.5298,7.4485,,1.2236,16288.0,9816.57,5453.78,532455.0,320904.0,
300636.SZ,20260820,7.16,2.7625,3.4358,1.45,41.1382,42.2967,1.2613,3.6286,3.6396,0.5587,0.5587,41995.1,36735.8,29537.4,300685.0,263028.0,
603890.SH,20260820,17.74,6.1105,8.553,0.49,29.5914,27.6116,2.5542,1.9194,1.8199,0.765,1.06,47522.3,47522.3,33950.9,843046.0,843046.0,
300419.SZ,20260820,8.71,1.5478,1.821,0.79,,,9.6148,13.3528,14.6198,,,36775.4,36775.4,31257.4,320314.0,320314.0,
600639.SH,20260820,9.56,0.6556,1.8823,1.73,9.9955,10.2895,0.7124,1.7989,1.775,3.3755,4.0728,112241.0,85023.7,29615.5,1073030.0,812826.0,
688508.SH,20260820,83.35,5.3272,7.0047,0.79,59.2443,43.5599,3.8135,9.6587,9.419,0.4677,0.5339,13242.0,13242.0,10070.9,1103720.0,1103720.0,
300194.SZ,20260820,4.09,3.8689,4.1767,1.2,63.1962,77.4035,1.0999,2.7993,2.8997,1.7115,1.7115,118971.0,96834.4,89696.9,486592.0,396053.0,
002335.SZ,20260820,29.92,2.4548,3.2576,0.57,54.0014,52.8552,3.4787,2.7661,2.6955,0.2283,1.1417,75441.0,65973.5,49715.1,2257200.0,1973930.0,
301633.SZ,20260820,54.96,2.9713,3.3362,0.82,42.3999,46.7862,3.2892,5.7305,5.5506,1.8195,0.9098,5568.0,2551.06,2272.06,306017.0,140206.0,
300603.SZ,20260820,7.72,4.9629,5.3212,0.37,,,2.8449,4.9163,5.1708,,,46479.8,37393.1,34875.5,358824.0,288675.0,
002392.SZ,20260820,7.41,0.841,1.1185,0.64,22.0003,21.7866,1.4812,1.2656,1.2293,0.4359,0.4723,119049.0,115755.0,87036.3,882154.0,857742.0,
600819.SH,20260820,5.45,0.6414,1.5037,0.76,39.2521,45.4415,1.3741,0.9436,0.9441,0.6082,0.7618,97675.7,78925.7,33665.8,532333.0,430145.0,
688702.SH,20260820,372.95,3.7267,6.577,0.74,,,68.5127,132.903,130.03,,,41000.0,20299.2,11502.1,15291000.0,7570580.0,
300601.SZ,20260820,14.47,11.3582,17.0391,5.85,229.801,198.952,1.7656,6.0462,6.0782,0.622,0.2419,111693.0,90039.7,60020.5,1616200.0,1302870.0,
001266.SZ,20260820,33.75,3.0593,4.9542,0.78,228.802,71.3573,3.5467,6.523,3.9305,0.8815,0.8718,10365.2,5814.76,3590.65,349824.0,196248.0,
002088.SZ,20260820,8.21,0.6392,1.8001,0.45,97.4871,,1.6519,1.6856,1.7669,9.8146,3.6555,50944.0,50596.5,17967.6,418250.0,415397.0,
000026.SZ,20260820,21.16,2.8003,5.0643,0.6,98.33,80.176,2.5268,2.4472,2.4026,1.8904,0.5671,40576.4,36456.1,20158.3,858597.0,771410.0,
600839.SH,20260820,6.96,1.5869,2.0669,0.58,32.4901,43.3078,2.0871,0.2953,0.2941,0.7184,0.8567,461624.0,461496.0,354314.0,3212910.0,3212010.0,
600641.SH,20260820,32.84,5.8816,7.7666,0.6,,727.749,3.6971,16.7916,13.5222,0.1267,,94686.6,93063.0,70476.1,3109510.0,3056190.0,
002758.SZ,20260820,8.17,1.8228,3.2762,1.0,7.7738,7.8361,0.8157,0.0899,0.085,3.6062,3.8507,51880.2,51824.8,28833.7,423862.0,423408.0,
600770.SH,20260820,5.03,1.2522,2.2182,0.65,59.9267,47.9547,1.9216,13.8547,11.0907,,,130000.0,130000.0,73385.2,653900.0,653900.0,
688386.SH,20260820,51.93,2.125,2.95,0.85,47.6434,50.3914,3.4086,7.1568,6.8466,0.1353,0.674,9960.9,9100.0,6554.96,517270.0,472563.0,
301459.SZ,20260820,31.23,5.5582,5.5582,0.32,35.5236,38.4791,2.5528,3.5694,3.3955,1.2301,0.6404,10412.2,2609.9,2609.9,325172.0,81507.2,
301109.SZ,20260820,13.49,0.4317,1.149,0.91,14.8553,13.9441,1.3791,3.874,3.912,4.7654,4.7247,78910.1,62428.9,23453.7,1064500.0,842166.0,
600111.SH,20260820,39.78,1.7255,2.7844,0.95,63.8782,42.6333,5.4774,3.3787,2.9054,0.088,0.3268,361507.0,361507.0,224027.0,14380700.0,14380700.0,
000595.SZ,20260820,5.47,1.7353,3.3002,0.41,74.7526,,12.1521,9.3598,8.4757,,,113866.0,113866.0,59872.0,622845.0,622845.0,
000034.SZ,20260820,23.82,2.3484,2.5084,0.37,46.3123,44.7119,2.1572,0.1685,0.1588,0.7773,0.2189,101674.0,84914.8,79497.6,2421870.0,2022670.0,
003029.SZ,20260820,16.33,1.4587,2.2863,0.67,,,3.0867,7.7751,7.7583,,,19362.0,17609.9,11235.8,316182.0,287570.0,
920220.BJ,20260820,40.08,3.7028,3.7028,0.6,20.1607,20.1607,3.4153,1.88,1.88,,,6620.63,2073.58,2073.58,265355.0,83109.2,
603933.SH,20260820,19.22,1.9462,5.2998,0.88,114.14,61.2967,2.9498,1.7847,1.4964,0.3122,0.3122,20754.5,20754.5,7621.46,398901.0,398901.0,
002263.SZ,20260820,2.96,1.4089,1.9542,0.63,301.147,306.767,2.0015,4.5213,4.5351,,,187836.0,187835.0,135419.0,555995.0,555990.0,
600089.SH,20260820,20.05,1.1037,1.3466,0.76,17.0144,16.4231,1.4079,1.042,1.0252,1.2389,1.7839,505279.0,505279.0,414130.0,10130800.0,10130800.0,
301575.SZ,20260820,26.08,4.9816,4.9816,1.36,27.4734,27.656,2.2347,2.8514,2.5735,,1.0955,12133.8,2437.2,2437.2,316450.0,63562.2,
301669.SZ,20260820,27.94,6.142,6.142,0.62,97.9416,95.4647,14.051,10.6846,10.2888,,,48000.0,8188.75,8188.75,1341120.0,228794.0,
605388.SH,20260820,6.05,2.5057,7.6522,0.64,,,2.3645,2.7281,2.6692,1.29,,60048.4,60048.4,19663.1,363293.0,363293.0,
603995.SH,20260820,25.49,2.6442,5.1409,0.95,16.8918,15.3609,1.5606,0.2173,0.2047,3.1385,3.1385,36361.0,36361.0,18702.2,926841.0,926841.0,
688652.SH,20260820,145.04,4.7249,5.6705,0.99,164.723,153.741,10.8418,17.0846,16.456,0.0862,0.0862,16800.0,12075.0,10061.4,2436670.0,1751360.0,
600529.SH,20260820,19.19,1.7576,2.1833,1.18,18.4662,19.0868,1.5203,2.8464,2.8162,3.1266,2.3971,66361.4,66361.4,53423.3,1273480.0,1273480.0,
600084.SH,20260820,4.06,0.2137,0.4896,1.02,,,3.5835,37.0007,32.8824,,,112373.0,112373.0,49061.2,456233.0,456233.0,
688106.SH,20260820,27.36,3.4753,5.3545,0.75,111.229,158.14,4.3419,5.2849,5.2087,0.3252,0.9039,53632.6,53055.5,34435.0,1467390.0,1451600.0,
688656.SH,20260820,95.41,1.3676,3.7949,1.24,261.211,218.712,7.2906,15.2116,14.982,0.3082,0.2068,6351.86,6351.86,2289.02,606031.0,606031.0,
601011.SH,20260820,3.2,15.6704,22.8058,6.33,,,1.1318,8.9455,8.5331,,,191566.0,191566.0,131630.0,613013.0,613013.0,
601609.SH,20260820,12.87,8.6352,17.8006,1.45,29.5668,27.0876,2.1813,0.1779,0.1534,0.7185,1.0545,172864.0,172864.0,83857.9,2224760.0,2224760.0,
300578.SZ,20260820,15.53,2.3101,3.1771,0.79,,,2.6706,6.6979,7.0699,,,19827.0,19821.6,14412.6,307913.0,307830.0,
002742.SZ,20260820,4.34,12.7698,17.0006,2.09,,,20.0281,3.2994,4.5383,,,68410.2,52392.1,39353.9,296900.0,227382.0,
300321.SZ,20260820,32.61,2.2303,4.4548,0.66,258.069,329.022,4.5644,7.2769,7.5062,0.1319,0.1165,8880.0,8869.59,4440.6,289577.0,289237.0,
002394.SZ,20260820,9.59,0.9699,1.6306,0.77,10.222,12.8282,0.7155,0.7724,0.8137,1.0428,5.2138,32370.0,32312.1,19218.7,310428.0,309873.0,
000727.SZ,20260820,2.18,1.3531,2.4661,0.76,,,5.478,0.182,0.1809,,,452957.0,452957.0,248536.0,987446.0,987446.0,
600983.SH,20260820,7.84,0.3377,1.6667,1.14,11.5618,12.0417,1.9554,1.3362,1.4143,3.699,8.5459,76643.9,76643.9,15529.7,600888.0,600888.0,
600512.SH,20260820,2.04,1.1294,1.3801,0.89,105.362,275.066,0.5233,0.6683,0.6548,0.9843,0.4902,158741.0,158741.0,129908.0,323831.0,323831.0,
002953.SZ,20260820,11.16,19.2634,26.1362,5.6,34.6585,35.0066,2.4581,1.2143,1.1623,0.8264,0.8896,49158.0,27131.1,19996.7,548603.0,302784.0,
300695.SZ,20260820,49.18,0.8581,2.9488,0.95,14.3496,16.6274,1.7462,7.1288,7.1336,0.2907,0.3011,10225.7,10225.7,2975.69,502899.0,502899.0,
002347.SZ,20260820,5.92,1.878,2.6825,0.45,,,2.7062,2.7403,2.8675,0.3378,,50470.2,49338.3,34541.4,298784.0,292083.0,
300281.SZ,20260820,6.28,1.1271,2.1843,0.71,,,2.1092,6.0074,5.7486,0.6369,0.6369,41892.4,39732.6,20502.5,263084.0,249521.0,
300230.SZ,20260820,4.28,1.1803,1.3313,0.97,20.36,19.5243,1.0618,1.4618,1.4157,1.5187,4.3224,81321.3,62982.2,55836.8,348055.0,269564.0,
603922.SH,20260820,13.33,1.0663,1.9383,0.9,,,2.5674,3.7393,3.7369,,,17920.0,17920.0,9857.78,238874.0,238874.0,
301616.SZ,20260820,34.53,1.5548,2.208,0.74,14.0347,14.1893,1.8926,2.8475,2.8663,1.1584,2.3168,8000.0,2840.18,2000.0,276240.0,98071.4,
600821.SH,20260820,5.96,2.4186,3.3188,0.34,115.795,,1.3005,3.397,3.5043,3.3557,1.6779,196732.0,196732.0,143370.0,1172530.0,1172530.0,
600150.SH,20260820,32.99,0.7654,1.488,0.93,31.6333,21.9583,1.6601,1.6336,1.4837,0.4504,1.1064,752562.0,752562.0,387102.0,24827000.0,24827000.0,
002123.SZ,20260820,7.84,2.7003,2.8107,0.9,,,4.1496,2.4202,2.5774,,,80542.3,72053.2,69223.5,631451.0,564897.0,
002330.SZ,20260820,4.11,2.3255,3.9404,0.4,,,1.1357,0.8296,0.8206,,,63531.5,63514.9,37484.5,261115.0,261046.0,
301555.SZ,20260820,30.62,2.8509,3.3372,0.72,38.7705,36.4033,2.5001,1.2667,1.2356,,0.7185,9226.67,4834.48,4130.06,282521.0,148032.0,
600381.SH,20260820,4.91,2.3834,4.095,2.57,,,2.9444,8.3933,9.4923,,,58706.1,58706.1,34168.3,288247.0,288247.0,
000710.SZ,20260820,9.37,4.649,6.0376,0.79,,,2.2797,3.5625,3.5917,,,35352.1,32953.0,25374.0,331250.0,308770.0,
301111.SZ,20260820,21.77,5.8765,9.3278,0.99,,,4.6605,11.0705,11.2358,0.2297,0.2297,16000.0,16000.0,10080.0,348320.0,348320.0,
301587.SZ,20260820,20.92,2.56,2.7857,0.81,60.189,52.4571,1.5444,4.457,4.1633,2.3175,0.6444,14732.8,7345.3,6750.21,308210.0,153664.0,
688223.SH,20260820,4.39,0.524,1.4047,0.73,,,1.809,0.6884,0.7056,,,1026940.0,1026940.0,383116.0,4508270.0,4508270.0,
600683.SH,20260820,10.65,10.3961,23.5113,1.25,,,,1.3803,0.8619,,,74077.8,74077.8,32755.5,788928.0,788928.0,
920181.BJ,20260820,73.09,6.7972,6.7972,0.75,35.8488,34.4923,6.3465,5.2623,5.1721,,,4320.0,1002.0,1002.0,315749.0,73236.2,
300549.SZ,20260820,14.29,1.4209,2.1335,0.96,240.654,355.355,3.4545,6.0425,6.2055,0.3499,0.3499,13334.0,10105.4,6730.18,190543.0,144406.0,
002588.SZ,20260820,7.96,4.5348,7.1309,2.92,8.8747,9.4454,1.1759,0.7465,0.7149,3.8317,3.9573,115189.0,85863.7,54604.0,916906.0,683475.0,
300168.SZ,20260820,5.04,1.3168,1.6537,0.99,,,7.0611,3.5838,3.5004,,,144063.0,143918.0,114591.0,726077.0,725348.0,
688178.SH,20260820,28.74,1.9857,3.7058,1.18,,,2.6304,4.8782,4.4925,,,8499.78,8499.78,4554.4,244284.0,244284.0,
002221.SZ,20260820,5.64,2.8226,4.567,2.16,,,0.8908,0.3229,0.3459,,,157613.0,146089.0,90287.6,888936.0,823942.0,
603048.SH,20260820,21.79,1.0349,3.6286,0.72,102.725,95.2746,2.5029,4.4026,4.3076,1.2779,1.5974,14688.0,14688.0,4189.25,320052.0,320052.0,
002847.SZ,20260820,45.19,3.6233,8.9616,2.07,16.3142,15.2435,5.8133,2.1189,2.0723,3.1275,3.1063,27018.7,24387.1,9860.08,1220980.0,1102050.0,
688726.SH,20260820,44.8,2.671,2.671,0.73,29.1534,36.9698,4.3135,3.3245,3.6472,0.8259,0.692,40532.6,21992.4,21992.4,1815860.0,985262.0,
300228.SZ,20260820,7.26,1.7041,1.7304,0.68,17.9897,17.4998,1.7078,1.3771,1.3428,1.0806,1.6529,59742.6,55890.4,55041.6,433731.0,405764.0,
301306.SZ,20260820,87.0,9.5079,14.1648,1.52,,,8.7332,22.6744,23.8182,,,8440.0,5826.25,3910.79,734280.0,506884.0,
603711.SH,20260820,11.5,1.2397,6.664,0.63,49.8527,23.3329,1.3687,1.6228,1.4992,2.1739,0.6087,41287.4,41287.4,7680.63,474805.0,474805.0,
300604.SZ,20260820,275.74,3.0581,3.2965,0.72,133.705,113.173,34.9514,33.641,30.4048,0.0354,0.0356,64558.2,48947.8,45408.1,17801300.0,13496900.0,
000711.SZ,20260820,6.11,4.4894,4.4894,0.73,,,24.717,37.9762,25.9543,,,295350.0,235701.0,235701.0,1804590.0,1440140.0,
300093.SZ,20260820,23.82,5.6244,5.6244,0.91,63.3428,48.4186,6.6111,42.7291,43.4383,,,54000.0,23097.8,23097.8,1286280.0,550189.0,
600996.SH,20260820,6.57,1.1865,2.2398,0.86,,,5.2207,6.4754,6.6602,,,124680.0,124680.0,66047.0,819148.0,819148.0,
601998.SH,20260820,8.32,0.2121,1.1528,1.6,6.5559,6.5017,0.6233,2.1789,2.1514,4.3293,4.5793,5564520.0,4076300.0,749817.0,46296800.0,33914800.0,
600138.SH,20260820,7.05,1.2195,1.5877,1.37,61.1057,63.5402,0.8102,0.4501,0.4383,0.9929,0.5106,72384.0,72384.0,55598.0,510307.0,510307.0,
300294.SZ,20260820,15.8,4.1605,7.1477,2.62,70.6943,2319.34,1.0677,3.8693,4.3198,1.962,1.4114,50424.9,50424.9,29350.8,796713.0,796713.0,
603688.SH,20260820,47.83,1.7427,3.6596,0.69,168.97,188.625,4.426,25.7017,25.6353,0.3952,0.1789,54167.8,54167.8,25793.7,2590850.0,2590850.0,
601127.SH,20260820,51.49,1.3341,2.8329,0.94,15.0576,69.0476,2.3935,0.5434,0.5601,2.4859,2.1542,174199.0,155720.0,73330.7,8969480.0,8018040.0,
002714.SZ,20260820,39.82,1.5529,2.7235,1.07,14.8436,23.5029,2.6649,1.5948,1.6661,3.7168,3.3583,577300.0,328050.0,187048.0,22988100.0,13062900.0,
920914.BJ,20260820,17.29,0.7821,1.2986,0.68,32.2259,31.1447,1.7391,1.6527,1.5584,0.5744,0.8676,9968.3,9960.42,5998.73,172352.0,172216.0,
605117.SH,20260820,93.73,0.7684,1.9337,0.61,37.6375,32.6679,10.3207,9.763,8.4537,2.2485,2.2126,127323.0,127323.0,50593.0,11934000.0,11934000.0,
600877.SH,20260820,12.19,1.0634,1.8118,0.68,331.755,483.38,5.7656,14.1225,14.7075,,,118406.0,118406.0,69495.3,1443370.0,1443370.0,
688392.SH,20260820,191.32,5.738,9.2352,0.81,188.368,153.533,11.9266,28.606,26.8507,0.2803,0.2038,11573.3,11573.3,7190.74,2214210.0,2214210.0,
688020.SH,20260820,127.7,6.4063,13.4701,1.05,,,7.998,29.4233,30.1658,0.1425,,8240.3,8240.3,3919.02,1052290.0,1052290.0,
300881.SZ,20260820,33.1,2.4771,4.7027,0.88,14.6791,15.0132,2.9412,1.1561,1.126,3.0023,,11000.0,5740.62,3023.78,364100.0,190015.0,
301123.SZ,20260820,72.37,3.6678,7.0231,0.49,,,6.0575,7.4912,6.9727,0.1364,0.1364,23464.0,16504.2,8619.41,1698090.0,1194410.0,
603000.SH,20260820,16.04,0.6686,1.552,0.44,83.3744,93.0648,4.6093,8.5475,8.5783,0.8229,0.8292,110569.0,110569.0,47633.3,1773530.0,1773530.0,
002767.SZ,20260820,18.21,1.927,4.1578,0.82,98.2984,97.3326,3.137,3.8397,3.5415,0.2416,0.1702,15000.0,13028.4,6038.24,273150.0,237247.0,
603120.SH,20260820,47.65,4.8225,5.7748,0.82,52.2548,51.1328,3.6157,7.0483,6.8201,0.8395,0.8395,9040.0,3790.0,3165.0,430756.0,180594.0,
601811.SH,20260820,12.04,0.2003,0.9412,0.94,9.4714,9.4876,0.9549,1.2663,1.2667,4.9834,5.0664,123384.0,79190.4,16852.1,1485540.0,953452.0,
002523.SZ,20260820,3.34,1.1707,1.7223,0.79,39.6303,41.2456,1.9143,2.2836,2.2836,0.4491,0.5988,141664.0,141154.0,95946.7,473158.0,471455.0,
300185.SZ,20260820,2.66,1.168,1.4125,0.8,163.939,158.089,1.5189,1.6297,1.5986,0.3961,0.2899,403620.0,384646.0,318065.0,1073630.0,1023160.0,
603122.SH,20260820,12.53,7.8957,17.1655,1.11,,,4.7783,7.3586,7.5987,1.0375,,39805.3,39805.3,18309.5,498760.0,498760.0,
603727.SH,20260820,18.42,0.9123,1.7499,0.94,84.45,,1.6803,2.7307,3.1998,1.3363,1.069,28171.9,28171.9,14687.3,518927.0,518927.0,
002799.SZ,20260820,6.77,1.4535,2.7197,0.83,,,1.6939,2.682,3.068,,,32004.0,32003.6,17104.0,216667.0,216664.0,
601101.SH,20260820,12.75,4.75,12.9451,1.26,35.8302,22.6994,1.4765,2.2873,2.1747,3.5922,1.9608,144000.0,144000.0,52838.4,1836000.0,1836000.0,
601229.SH,20260820,9.84,0.5388,0.8362,1.0,5.7791,5.7692,0.5534,2.5532,2.5266,5.2842,5.2845,1420900.0,1420900.0,915543.0,13981700.0,13981700.0,
603599.SH,20260820,10.14,0.9676,1.6577,0.9,14.0509,14.1296,0.903,2.613,2.6659,2.6627,2.1696,91026.9,91026.9,53130.4,923013.0,923013.0,
688526.SH,20260820,13.55,0.7761,2.8536,2.07,15.084,16.2065,1.4646,6.6503,6.7762,3.1584,4.7232,46612.8,46612.8,12677.3,631604.0,631604.0,
300640.SZ,20260820,6.71,4.7935,5.5965,1.05,161.544,202.902,2.5684,1.9798,1.9581,0.2981,0.3726,31099.3,22074.9,18907.5,208677.0,148123.0,
603956.SH,20260820,6.58,3.587,6.3867,0.49,,,2.1107,3.2317,3.8656,,,56990.6,56990.6,32007.4,374998.0,374998.0,
600850.SH,20260820,14.3,0.8298,1.4223,0.6,35.4984,38.4435,2.3775,1.0868,1.0827,2.407,1.2821,81623.9,81623.9,47621.0,1167220.0,1167220.0,
600666.SH,20260820,3.51,3.0592,3.5729,0.57,68.3,68.9642,8.8081,20.7625,19.8118,,,275132.0,257185.0,220206.0,965712.0,902718.0,
000404.SZ,20260820,7.08,1.035,1.4943,0.38,9.9595,10.096,1.1483,0.4183,0.4495,4.2373,4.5244,69599.6,69298.5,47999.0,492765.0,490633.0,
001278.SZ,20260820,15.99,2.1124,3.5097,0.96,,,1.675,0.9068,0.9016,0.6254,,12373.3,8531.09,5134.66,197850.0,136412.0,
000997.SZ,20260820,18.13,2.2284,3.2138,1.5,18.1689,18.7235,2.4367,2.1873,2.0295,1.2044,1.3597,101310.0,100744.0,69856.0,1836750.0,1826490.0,
600320.SH,20260820,4.04,0.8233,1.5213,0.87,29.0179,24.9008,1.3277,0.5857,0.5844,1.3662,1.8572,525656.0,331021.0,179144.0,2123650.0,1337320.0,
002707.SZ,20260820,5.3,3.7596,4.8276,2.4,737.868,,5.7854,0.7634,0.7524,,,98271.5,86498.8,67363.5,520839.0,458444.0,
300817.SZ,20260820,15.3,2.4639,3.1526,1.31,51.3403,48.6019,3.1679,3.5349,3.3783,1.8301,1.3595,21829.8,12526.1,9789.95,333996.0,191650.0,
002216.SZ,20260820,12.68,1.0623,2.1648,0.57,20.4616,18.4107,2.2862,1.7044,1.6453,2.3659,4.5131,87918.4,63050.2,30940.6,1114810.0,799477.0,
688549.SH,20260820,26.2,11.7746,13.6496,0.61,,,12.8274,31.9469,26.809,0.0191,,147728.0,58931.9,50836.8,3870460.0,1544020.0,
002879.SZ,20260820,15.96,5.7178,6.5336,0.53,23.0405,25.4894,1.6645,2.1397,2.1311,1.2005,3.0639,19310.8,13713.9,12001.4,308200.0,218874.0,
600377.SH,20260820,12.02,0.2173,1.7557,1.24,13.1814,12.751,1.3972,2.9845,3.0224,4.0765,4.0765,503775.0,380218.0,47054.5,6055370.0,4570220.0,
300582.SZ,20260820,11.21,1.7823,1.9727,0.83,,,3.8064,1.4484,1.4099,0.3344,,29853.6,22156.5,20018.7,334659.0,248374.0,
300244.SZ,20260820,20.87,10.7613,11.9995,1.89,296.085,100.773,1.9984,1.2919,1.3072,1.1713,1.6398,62497.9,50145.9,44971.3,1304330.0,1046550.0,
300409.SZ,20260820,18.27,1.953,2.0347,0.51,28.1972,25.2247,1.7691,1.7522,1.5373,0.9708,1.3484,78224.9,69620.6,66826.1,1429170.0,1271970.0,
920786.BJ,20260820,7.2,6.8139,8.4557,0.71,30.7088,29.6168,1.95,1.1408,1.1719,,1.3889,20905.3,13805.1,11124.8,150518.0,99397.0,
300205.SZ,20260820,4.81,0.2976,0.4896,0.48,,,5.352,12.0343,18.9232,,,43005.6,43005.6,26144.0,206857.0,206857.0,
605288.SH,20260820,54.92,1.6675,6.1554,0.65,89.4398,155.863,2.427,4.0585,3.9815,0.4835,0.9605,9894.22,9827.85,2662.4,543391.0,539746.0,
688808.SH,20260820,2314.01,5.8903,5.8903,1.25,1368.09,869.505,231.532,198.96,160.447,,,10266.7,1929.61,1929.61,23757200.0,4465140.0,
002248.SZ,20260820,10.08,20.7235,25.1208,0.82,91.8359,91.3894,27.0187,9.1418,9.2488,,,30749.6,30749.6,25367.0,309956.0,309956.0,
603334.SH,20260820,34.29,14.0572,14.0572,1.96,35.0086,33.9914,2.8291,1.5519,1.3616,,1.0207,14350.0,3181.67,3181.67,492062.0,109099.0,
603200.SH,20260820,35.23,1.6408,3.3509,0.82,68.7189,75.3975,5.6216,12.2943,12.0801,0.2555,0.0852,17548.0,17548.0,8592.35,618216.0,618216.0,
600918.SH,20260820,5.6,0.9905,1.3481,1.41,30.9068,28.9094,0.9922,3.8923,3.6901,0.3929,0.8929,791834.0,456282.0,335271.0,4434270.0,2555180.0,
920057.BJ,20260820,4.88,0.571,0.7033,0.64,97.1828,72.3152,1.2314,0.5733,0.5388,,0.3065,18126.3,11653.2,9460.92,88456.5,56867.8,
601377.SH,20260820,5.78,0.5125,0.724,0.86,17.3902,13.603,0.8877,4.2154,3.7909,2.5952,2.5952,863599.0,863599.0,611291.0,4991600.0,4991600.0,
688588.SH,20260820,9.44,0.6017,1.0474,0.76,34.7714,95.9493,2.9983,3.4928,3.5071,2.0983,2.0983,39001.0,39001.0,22405.4,368169.0,368169.0,
600309.SH,20260820,75.16,1.2048,2.0718,1.32,18.782,17.875,2.1121,1.1577,1.0983,0.9741,1.6631,313047.0,313047.0,182052.0,23528600.0,23528600.0,
600419.SH,20260820,8.89,1.4621,2.1364,0.54,67.6166,19.4067,1.1415,1.0192,1.0038,0.2361,0.225,31551.5,31551.5,21593.8,280493.0,280493.0,
000839.SZ,20260820,2.7,1.3781,2.1683,0.63,112.348,120.92,6.8147,3.1851,3.161,,,391983.0,391983.0,249134.0,1058350.0,1058350.0,
603298.SH,20260820,26.32,0.2796,0.7264,0.89,15.7322,15.4527,2.8641,1.9435,1.8942,2.6596,2.2796,130981.0,130981.0,50413.8,3447430.0,3447430.0,
300073.SZ,20260820,40.71,1.3878,1.8072,0.67,35.0421,27.7483,1.4807,2.1359,1.7055,0.4572,0.6952,54429.4,50597.1,38853.4,2215820.0,2059810.0,
300929.SZ,20260820,15.33,7.0305,8.2984,0.68,,,2.6389,5.7022,5.5892,,,13213.3,12536.0,10620.8,202560.0,192178.0,
002022.SZ,20260820,5.8,4.1473,5.0974,2.7,,,1.1771,1.8165,1.8085,,,51439.7,51432.4,41846.1,298350.0,298308.0,
600108.SH,20260820,3.41,12.6138,17.5395,1.88,116.609,124.518,1.5314,1.5652,1.5731,0.1613,0.088,194692.0,194692.0,140015.0,663898.0,663898.0,
920419.BJ,20260820,11.2,1.9037,3.4869,1.32,19.1373,21.3041,1.8491,1.347,1.2923,0.8929,1.3393,10330.6,9669.13,5278.77,115703.0,108294.0,
688690.SH,20260820,45.37,4.8563,8.2957,1.9,134.705,104.735,8.9614,19.8132,18.5273,0.1378,0.2248,40381.5,40381.5,23639.5,1832110.0,1832110.0,
300013.SZ,20260820,4.01,2.3832,3.2674,0.87,,,12.4607,3.0946,2.2284,,,55835.9,55772.3,40679.9,223902.0,223647.0,
688548.SH,20260820,38.0,1.8539,3.2871,0.7,175.506,156.181,8.2273,20.6794,20.1958,0.2184,0.2552,131940.0,131940.0,74412.7,5013710.0,5013710.0,
603678.SH,20260820,46.0,4.9365,8.2715,0.74,68.4125,86.5472,3.5549,5.3088,4.6459,0.4762,0.5195,47556.7,47556.7,28382.2,2187610.0,2187610.0,
002864.SZ,20260820,22.56,3.5919,4.1051,0.83,32.0315,35.5333,1.805,2.7032,2.7704,1.3737,1.1958,13670.1,9859.67,8627.11,308397.0,222434.0,
002425.SZ,20260820,3.08,4.2474,5.2767,0.59,,,1.1883,5.3627,5.2241,,,95666.5,92018.6,74067.9,294653.0,283417.0,
920045.BJ,20260820,382.05,6.4421,7.0974,1.2,119.487,110.578,31.4818,16.432,15.1104,,0.101,9530.02,2817.85,2557.66,3640940.0,1076560.0,
688710.SH,20260820,100.1,5.673,6.8884,1.54,,,6.0372,17.3938,17.3745,0.3197,,14098.0,9069.4,7469.14,1411210.0,907847.0,
605339.SH,20260820,14.04,1.2164,7.5979,1.2,146.479,815.87,1.7476,1.9437,2.0014,1.201,0.2119,42429.1,42429.1,6792.93,595704.0,595704.0,
688811.SH,20260820,21.58,5.3719,5.3719,0.65,157.127,151.027,13.4033,18.8401,17.5856,,0.1946,50167.4,9212.61,9212.61,1082610.0,198808.0,
600926.SH,20260820,16.81,0.6625,0.9773,1.22,6.4036,6.2054,0.8702,3.1407,3.1065,3.9262,3.9262,724900.0,724900.0,491383.0,12185600.0,12185600.0,
688038.SH,20260820,18.12,1.9366,3.0743,1.07,,,3.5597,8.1463,8.7553,,,11637.3,11637.3,7330.74,210869.0,210869.0,
300679.SZ,20260820,50.45,8.9765,11.0995,1.0,79.4923,91.7979,4.2834,3.9639,3.9673,0.9324,0.4665,42482.0,35944.1,29069.1,2143220.0,1813380.0,
002798.SZ,20260820,5.74,1.4712,1.6807,0.96,,,1.9481,1.4695,1.5579,,,58751.5,51674.9,45233.2,337233.0,296614.0,
688187.SH,20260820,46.95,1.0759,3.6161,1.5,15.251,15.1007,1.4733,2.1767,2.1136,3.0671,2.3855,133070.0,86890.8,25852.6,6247650.0,4079520.0,
920208.BJ,20260820,12.28,0.4321,0.4907,0.54,12.1186,11.5688,2.1845,2.3659,2.3674,4.1789,4.6533,18624.2,16125.7,14197.9,228706.0,198024.0,
002240.SZ,20260820,31.67,2.4197,3.2624,0.55,,,2.7007,5.7238,3.7832,,,91529.4,91290.9,67709.9,2898740.0,2891180.0,
301221.SZ,20260820,26.83,2.8761,3.8265,1.73,47.1164,1426.0,1.7302,5.0772,4.7774,0.5254,0.7882,13140.0,8934.08,6715.09,352547.0,239701.0,
600050.SH,20260820,4.25,0.6099,1.429,1.25,14.5589,19.2101,0.775,0.3388,0.3378,4.0776,3.8471,3126440.0,3099040.0,1322650.0,13287400.0,13170900.0,
002129.SZ,20260820,9.53,3.198,4.5644,0.97,,,1.9259,1.3263,1.3062,,,404310.0,403960.0,283032.0,3853080.0,3849740.0,
600531.SH,20260820,13.09,4.9664,7.3257,1.28,18.4041,17.4683,2.2286,0.3194,0.2851,1.5497,1.6425,120926.0,120926.0,81981.6,1582920.0,1582920.0,
002675.SZ,20260820,13.39,1.7435,2.1869,1.3,56.4402,54.0361,2.5759,4.0281,4.1191,0.224,0.5975,82459.6,74338.4,59267.0,1104130.0,995391.0,
600575.SH,20260820,3.32,0.9203,2.5059,1.01,14.0165,15.2965,1.0664,0.6129,0.5951,,5.7229,716679.0,388626.0,142729.0,2379380.0,1290240.0,
603596.SH,20260820,25.3,0.9765,1.453,0.65,17.3436,17.3664,2.8173,1.8903,1.8846,0.9319,1.0148,89764.2,89764.2,60327.5,2271030.0,2271030.0,
300005.SZ,20260820,10.79,6.9209,8.5688,0.96,120.716,110.731,4.4049,6.906,6.2697,0.1063,0.0893,88370.2,87654.9,70797.3,953515.0,945797.0,
603072.SH,20260820,31.52,1.1068,1.3232,0.66,51.6882,48.1091,3.736,3.553,3.4515,0.4759,0.7931,26428.0,12623.0,10558.4,833011.0,397877.0,
301165.SZ,20260820,123.3,1.7036,14.197,0.59,197.187,146.322,25.7312,9.5913,8.3224,0.2508,0.3041,111364.0,111364.0,13363.6,13731100.0,13731100.0,
600556.SH,20260820,4.61,1.8254,2.9872,0.58,269.994,401.478,2.1743,2.1347,2.1121,0.1866,0.1128,180775.0,180775.0,110471.0,833372.0,833372.0,
000927.SZ,20260820,2.43,0.6876,2.1659,1.2,25.5283,29.3757,1.4927,0.4284,0.4384,1.1111,1.7695,605035.0,605035.0,192085.0,1470240.0,1470240.0,
688103.SH,20260820,74.04,3.4414,5.3107,1.16,100.189,107.959,6.2632,5.3336,5.0417,0.2836,0.3089,9531.56,9531.56,6176.57,705717.0,705717.0,
002463.SZ,20260820,114.32,1.6279,2.3813,0.7,57.5551,51.1384,13.1027,11.6121,10.4155,0.4371,0.4374,192436.0,192281.0,131449.0,21999300.0,21981600.0,
002824.SZ,20260820,23.96,8.2986,11.3272,1.12,48.142,37.3499,3.1759,1.8588,1.571,0.6364,0.7095,31117.3,22617.6,16570.3,745570.0,541918.0,
605098.SH,20260820,55.52,0.6484,1.5788,0.46,20.695,18.3795,6.3447,8.1616,7.3953,4.0526,4.496,11925.1,11925.1,4897.54,662082.0,662082.0,
002658.SZ,20260820,7.85,3.493,4.6971,0.64,33.0651,32.1735,1.856,3.5711,3.6516,3.1284,2.5478,63576.1,35856.1,26664.7,499072.0,281471.0,
002687.SZ,20260820,6.13,5.1771,7.267,0.54,36.2262,38.2015,1.9778,2.4554,2.4755,,1.3311,50477.9,41339.4,29450.6,309430.0,253410.0,
600246.SH,20260820,11.7,6.0502,7.4176,1.01,,,4.9766,49.0713,50.1034,,,194299.0,189041.0,154193.0,2273300.0,2211780.0,
688053.SH,20260820,33.7,0.623,1.4397,1.35,,,2.1279,17.5682,16.9781,,,10000.0,10000.0,4327.38,337000.0,337000.0,
600232.SH,20260820,6.32,1.0396,2.0896,0.91,110.626,62.9225,2.3972,1.6446,1.5761,1.5823,,36471.9,36471.9,18144.5,230502.0,230502.0,
301552.SZ,20260820,25.05,4.1875,4.1875,0.56,19.9714,21.6408,2.5645,4.5782,4.6435,3.7288,4.6062,12376.0,3094.0,3094.0,310019.0,77504.7,
000564.SZ,20260820,1.47,2.9571,3.9987,0.87,,,1.8325,14.0771,14.7187,,,1805810.0,1509490.0,1116290.0,2654540.0,2218950.0,
300933.SZ,20260820,6.3,1.2692,2.054,0.65,,,1.6227,1.2107,1.0696,0.4088,,54709.0,54709.0,33805.6,344667.0,344667.0,
300969.SZ,20260820,72.18,2.5814,4.0877,0.89,71.082,71.7901,8.1547,12.5037,12.0485,0.2701,0.3464,16412.0,7827.53,4943.14,1184620.0,564991.0,
002245.SZ,20260820,18.0,3.9508,4.572,0.78,43.3193,34.6476,3.8677,3.7941,3.3299,0.2433,0.3748,171017.0,160910.0,139046.0,3078310.0,2896380.0,
002755.SZ,20260820,14.0,3.5981,11.8864,3.37,54.9205,48.7884,3.9366,7.3041,7.4157,0.8571,0.8571,92816.0,92815.0,28095.7,1299420.0,1299410.0,
002887.SZ,20260820,9.29,5.3244,10.4508,1.96,23.4112,26.6818,1.2395,5.9952,6.601,2.6911,3.2293,30598.8,21723.1,11067.3,284263.0,201808.0,
000815.SZ,20260820,16.11,8.5785,12.8366,0.44,168.106,143.836,7.9611,32.674,32.7411,,,69526.3,69526.3,46463.2,1120070.0,1120070.0,
920792.BJ,20260820,9.62,0.1814,0.2733,0.33,21.0287,19.772,1.4922,1.9487,1.8128,1.0395,1.0395,16554.0,10162.6,6744.79,159249.0,97764.5,
300087.SZ,20260820,5.71,3.0366,5.2839,1.13,,,3.1872,1.2035,1.2418,0.8757,,94733.2,90229.6,51853.6,540926.0,515211.0,
603086.SH,20260820,5.64,1.4065,1.931,0.93,17.9356,17.8996,1.155,1.039,1.0001,,1.773,43481.3,43481.3,31670.0,245235.0,245235.0,
688600.SH,20260820,27.06,1.7127,3.1555,0.71,66.227,42.875,4.5697,5.1507,4.6133,0.3438,0.6876,13470.8,13470.8,7311.65,364521.0,364521.0,
002910.SZ,20260820,9.52,3.0975,5.4027,0.69,,,1.8786,2.0221,1.9476,,,19553.9,17106.2,9807.35,186154.0,162851.0,
000159.SZ,20260820,5.73,1.7752,2.3002,0.82,72.4496,75.0541,1.3361,1.3865,1.3255,,0.349,48068.6,48066.8,37096.0,275433.0,275423.0,
002332.SZ,20260820,8.61,1.5377,1.9628,1.19,18.9419,21.317,1.4011,2.2658,2.3213,4.6458,3.4843,98920.5,98457.4,77135.2,851705.0,847718.0,
601061.SH,20260820,11.96,0.611,5.9735,1.76,21.7904,16.7675,2.4187,0.4132,0.3738,1.4047,1.8395,490000.0,490000.0,50115.4,5860400.0,5860400.0,
688358.SH,20260820,29.89,1.2962,4.3894,1.37,28.7677,27.7181,2.3608,7.6901,7.6978,3.3381,2.9441,11212.6,11197.6,3306.77,335143.0,334695.0,
002640.SZ,20260820,3.2,5.8539,6.3636,1.09,,,7.742,0.9169,0.9108,,,155804.0,154826.0,142425.0,498573.0,495444.0,
920077.BJ,20260820,14.06,0.8589,1.0779,0.71,46.155,39.8954,3.0762,3.2495,2.8763,,0.7112,58624.0,30191.2,24056.7,824253.0,424488.0,
688352.SH,20260820,18.36,6.6854,6.6854,0.78,82.1719,,3.787,9.9717,10.1309,0.5424,0.5404,118957.0,36641.6,36641.6,2184050.0,672739.0,
301418.SZ,20260820,37.47,5.1311,5.1311,1.02,555.958,334.458,1.7012,7.2781,6.5348,,0.2655,7333.33,2943.63,2943.63,274780.0,110298.0,
301269.SZ,20260820,94.64,1.1491,2.6454,0.76,850.244,,9.9665,39.1334,38.4768,0.1571,0.1578,54787.5,54787.5,23798.6,5185080.0,5185080.0,
603197.SH,20260820,30.45,1.0355,1.4804,0.84,30.6435,34.4824,2.0298,0.745,0.7176,2.7152,1.6608,21402.6,21115.2,14768.7,651708.0,642958.0,
002195.SZ,20260820,6.35,1.6283,1.8065,0.59,390.043,440.091,3.632,55.087,55.2152,,0.0315,566654.0,561583.0,506191.0,3598250.0,3566050.0,
300533.SZ,20260820,14.43,1.5735,1.8282,0.61,9.7969,16.6251,3.1133,1.8546,1.8787,4.95,9.9,32824.7,23096.3,19878.3,473660.0,333280.0,
002387.SZ,20260820,7.24,2.9095,4.8555,3.47,,,3.8786,1.2417,1.233,,,139680.0,139496.0,83588.3,1011280.0,1009950.0,
603908.SH,20260820,19.11,1.0387,2.6358,1.01,,,3.6635,1.7585,1.8816,3.4101,,9312.7,9312.7,3669.77,177966.0,177966.0,
002666.SZ,20260820,4.22,1.8415,2.3991,1.02,72.8779,67.8939,0.9417,0.5847,0.5757,2.142,2.142,78799.9,50066.8,38431.6,332536.0,211282.0,
002577.SZ,20260820,18.41,2.0139,4.8344,0.93,,,4.4048,11.3035,10.807,,,28068.8,28067.3,11692.0,516747.0,516719.0,
603106.SH,20260820,7.21,5.0312,11.3393,0.52,120.425,130.934,2.8342,10.3313,11.5166,0.4161,0.2774,52052.0,52052.0,23095.5,375295.0,375295.0,
000560.SZ,20260820,2.33,20.202,26.9589,2.9,,,0.5913,0.5237,0.559,0.1845,,235550.0,233844.0,175233.0,548832.0,544856.0,
000897.SZ,20260820,1.79,2.2297,2.8195,1.28,,,0.9619,7.0179,9.0234,5.3073,,161727.0,161724.0,127893.0,289492.0,289486.0,
601990.SH,20260820,6.6,0.2703,0.4246,0.82,26.9452,26.5414,1.2297,10.3494,10.4751,1.6504,1.8469,439963.0,423172.0,269317.0,2903750.0,2792940.0,
600303.SH,20260820,2.86,2.4576,2.9224,0.67,,,2.075,1.2545,1.3818,,,68360.4,67751.2,56975.2,195511.0,193768.0,
601519.SH,20260820,7.68,0.9684,1.935,0.69,,,11.7765,18.4824,18.1246,,,198916.0,198916.0,99553.5,1527670.0,1527670.0,
600517.SH,20260820,4.92,0.2273,0.8424,0.8,11.1182,12.145,1.1741,3.424,3.3291,1.8902,2.7236,571844.0,571844.0,154284.0,2813470.0,2813470.0,
002258.SZ,20260820,14.81,3.9096,6.6062,0.91,24.7604,26.8941,1.4806,1.316,1.2838,2.7009,2.7009,80043.7,79914.9,47293.7,1185450.0,1183540.0,
301317.SZ,20260820,42.56,3.3332,3.8835,0.77,23.7933,,5.454,7.5319,6.991,1.3686,1.3686,15719.0,5219.67,4480.0,669001.0,222149.0,
300454.SZ,20260820,118.58,4.5462,5.4494,0.84,130.283,88.55,4.7083,6.3626,6.0865,0.0513,0.0918,43155.9,28800.3,24026.7,5117430.0,3415140.0,
600252.SH,20260820,2.36,3.442,4.7143,1.4,,,1.4279,4.2975,4.7505,,,318416.0,318416.0,232482.0,751462.0,751462.0,
688560.SH,20260820,11.93,1.1848,1.9038,0.78,,,0.936,3.3373,3.234,,,20130.2,20130.2,12527.7,240153.0,240153.0,
600143.SH,20260820,14.14,2.4047,3.1878,1.08,32.8735,31.282,1.916,0.578,0.5787,0.6811,1.4107,267330.0,263483.0,198757.0,3780040.0,3725640.0,
000428.SZ,20260820,4.03,3.5073,7.8282,0.64,,,3.2166,7.7737,7.7643,,,101893.0,101893.0,45651.7,410627.0,410627.0,
600230.SH,20260820,14.69,2.7925,5.1723,0.67,197.095,56.2,1.4799,1.3326,1.3601,0.143,0.1566,41396.1,41396.1,22349.4,608109.0,608109.0,
002404.SZ,20260820,6.1,1.2784,1.9504,0.86,18.9705,18.4162,1.649,0.7197,0.7057,4.918,4.918,56005.2,45554.3,29859.2,341631.0,277881.0,
002998.SZ,20260820,7.78,2.643,3.6878,0.78,53.0285,29.3253,1.5779,1.0157,0.9807,7.8893,4.7556,35481.9,27049.5,19386.3,276049.0,210445.0,
920121.BJ,20260820,28.04,1.0071,1.0071,0.56,16.9147,16.2948,2.2841,3.0499,2.9571,,1.7832,6606.82,1192.53,1192.53,185255.0,33438.5,
301067.SZ,20260820,29.15,3.5843,5.0238,0.7,,,3.6842,3.9051,4.1338,0.17,,9723.6,6382.89,4553.94,283443.0,186061.0,
001376.SZ,20260820,10.34,3.9627,3.9627,0.51,23.8011,24.7984,3.7265,4.4591,4.3936,1.4469,1.4507,46090.0,21404.2,21404.2,476571.0,221319.0,
300996.SZ,20260820,14.5,9.2431,11.965,0.41,77.5757,61.1739,4.3383,6.9568,6.9163,0.5244,0.4923,39579.1,33314.2,25735.5,573897.0,483056.0,
301288.SZ,20260820,17.18,1.8789,3.5211,0.88,,,2.3677,10.4099,9.7589,,,10801.0,7810.96,4168.03,185561.0,134192.0,
688292.SH,20260820,17.21,1.3565,2.1993,0.77,,,2.797,7.0297,6.8013,0.6897,0.3486,15835.1,15835.1,9766.63,272522.0,272522.0,
002467.SZ,20260820,4.53,1.9212,2.1794,0.31,,,3.9855,7.8151,7.6219,0.2208,,137537.0,136681.0,120484.0,623044.0,619164.0,
002886.SZ,20260820,19.31,2.8589,3.8451,0.44,78.9237,69.2294,2.7427,2.4771,2.2943,0.2175,0.3884,26320.4,20907.8,15545.5,508246.0,403730.0,
301293.SZ,20260820,53.05,4.3612,6.8713,0.75,129.808,179.425,4.6352,6.3344,6.15,0.2749,,20598.7,20598.7,13074.0,1092760.0,1092760.0,
300414.SZ,20260820,10.77,1.8536,3.2533,0.57,201.977,187.23,3.5172,7.3171,6.6348,0.0929,0.1486,32601.9,31567.1,17985.3,351123.0,339978.0,
603039.SH,20260820,42.95,6.5629,13.8531,0.57,45.7689,40.6924,4.9902,5.7779,5.7672,0.293,0.292,30763.9,30763.9,14574.4,1321310.0,1321310.0,
300771.SZ,20260820,11.38,1.8415,2.0192,0.95,33.0074,29.7804,1.3703,4.5533,4.4086,1.2906,1.7209,24000.0,17857.3,16285.4,273120.0,203216.0,
002903.SZ,20260820,30.67,20.0804,23.4987,1.46,,,6.131,11.6306,12.309,0.2611,,15566.2,10756.6,9191.88,477414.0,329905.0,
300068.SZ,20260820,3.98,2.9531,3.2697,0.64,,,3.2471,0.4786,0.4896,,,89836.7,85368.2,77103.0,357550.0,339765.0,
920125.BJ,20260820,120.49,8.3603,8.3603,0.89,97.012,76.7538,9.5883,10.1862,9.1412,,,5616.0,2289.85,2289.85,676672.0,275904.0,
301531.SZ,20260820,50.35,4.9205,4.9205,0.66,89.0631,82.8627,13.7321,9.5835,8.9092,,,21973.3,4688.37,4688.37,1106360.0,236059.0,
002761.SZ,20260820,7.26,0.9342,1.6426,1.01,44.8344,34.3596,1.1091,0.1186,0.1204,0.5623,0.6887,132487.0,108179.0,61522.7,961857.0,785379.0,
300411.SZ,20260820,7.6,3.3191,3.5497,0.64,290.196,969.263,3.2033,8.9667,9.6495,,,40652.0,30911.6,28903.7,308955.0,234928.0,
000629.SZ,20260820,3.01,0.8032,1.6033,0.85,,365.294,2.2617,3.1457,3.0251,,,929095.0,929044.0,465429.0,2796580.0,2796420.0,
603390.SH,20260820,10.08,1.2442,3.3267,0.76,41.5948,27.196,2.0717,3.4977,3.4149,0.8929,1.0913,35165.2,35107.4,13130.2,354465.0,353883.0,
000859.SZ,20260820,8.83,3.6539,5.1547,0.48,,,2.9442,3.643,3.4178,,,89597.6,89592.1,63507.9,791147.0,791098.0,
688369.SH,20260820,19.85,3.0231,3.8296,0.7,,,2.9943,2.5322,2.4684,,,11521.8,11521.8,9095.34,228708.0,228708.0,
603049.SH,20260820,50.45,0.6371,2.9205,1.14,10.6373,10.3426,1.7536,0.9814,0.9472,2.5768,2.8345,87448.6,50498.0,11016.5,4411780.0,2547630.0,
688363.SH,20260820,37.02,1.1492,2.789,1.67,61.0553,69.9778,2.501,4.2466,4.5137,0.2951,0.5097,48167.8,48167.8,19847.6,1783170.0,1783170.0,
601677.SH,20260820,16.65,2.3934,2.8251,0.99,10.5618,8.5313,1.018,0.5892,0.5273,1.616,1.892,124329.0,124329.0,105328.0,2070080.0,2070080.0,
002483.SZ,20260820,5.47,1.5392,2.298,0.41,13.4507,13.516,1.0527,0.7082,0.7597,5.4845,2.7422,88646.8,88525.1,59294.7,484898.0,484232.0,
920161.BJ,20260820,27.03,16.1252,16.1252,0.84,42.9694,42.9694,5.1513,5.7223,5.7223,,,13599.4,3689.88,3689.88,367592.0,99737.6,
301508.SZ,20260820,23.84,1.8673,1.8673,1.05,35.55,35.4158,2.6002,6.1256,5.9965,0.8851,1.0151,22608.5,5883.64,5883.64,538987.0,140266.0,
600528.SH,20260820,7.01,0.3753,0.8692,1.03,11.3939,11.3847,0.6105,0.5624,0.5596,1.4779,1.2882,222155.0,222155.0,95913.9,1557310.0,1557310.0,
003006.SZ,20260820,13.5,1.1573,2.831,0.62,27.8891,26.2371,3.681,1.6608,1.6328,4.0706,2.963,42964.8,42857.3,17519.6,580024.0,578574.0,
002896.SZ,20260820,68.76,8.2187,14.881,1.1,215.496,239.719,11.2157,12.982,12.8366,0.2909,0.1745,19652.3,19652.3,10853.9,1351290.0,1351290.0,
603989.SH,20260820,28.21,6.4677,18.9254,0.59,42.4478,42.5451,2.8465,2.8326,2.8009,0.5317,0.709,39878.0,39878.0,13628.1,1124960.0,1124960.0,
603530.SH,20260820,48.88,0.9632,4.5706,0.62,48.8491,43.3722,11.6168,12.2549,11.0361,0.9364,0.6964,43140.4,42746.5,9007.95,2108700.0,2089450.0,
000546.SZ,20260820,4.65,1.7427,2.6352,0.89,,,0.9876,0.3835,0.2988,,,77764.8,69670.5,46072.4,361606.0,323968.0,
600080.SH,20260820,4.79,0.5998,0.804,0.99,114.785,97.8671,1.1222,3.2864,3.1721,0.5918,,37327.0,37327.0,27847.8,178796.0,178796.0,
301378.SZ,20260820,24.72,4.5616,5.8713,0.78,,,2.0097,6.4643,6.3155,,,9660.0,4591.45,3567.21,238795.0,113501.0,
688689.SH,20260820,39.69,3.9599,9.3909,0.69,71.9782,56.9772,4.1981,5.4798,4.8563,0.5086,0.5593,14490.8,14490.8,6110.45,575140.0,575140.0,
300690.SZ,20260820,20.58,1.6958,1.9625,0.72,21.3081,22.5842,2.1005,3.3766,3.2615,1.0204,1.8805,16534.9,11158.0,9641.91,340288.0,229632.0,
000791.SZ,20260820,7.21,0.7007,1.7644,0.51,11.4007,11.3188,1.5421,2.5799,2.5137,2.4965,3.19,324384.0,193563.0,76869.9,2338810.0,1395590.0,
688072.SH,20260820,671.26,2.2493,3.5241,0.99,210.554,118.668,26.9236,29.9307,28.1852,0.0385,0.0476,29067.9,28269.3,18043.5,19512100.0,18976000.0,
600655.SH,20260820,4.61,0.3575,0.7188,1.37,,,0.5985,0.4932,0.4817,4.1001,,389121.0,388985.0,193481.0,1793850.0,1793220.0,
600345.SH,20260820,46.0,2.8046,4.3049,0.79,69.1794,60.4317,3.9813,14.8429,14.836,0.1196,0.2391,32961.2,21155.9,13783.0,1516220.0,973173.0,
301328.SZ,20260820,59.43,2.4857,5.1707,1.06,95.821,102.982,4.7504,13.2833,12.801,0.5802,0.5802,15934.6,11516.4,5536.28,946992.0,684420.0,
000833.SZ,20260820,21.04,6.8045,8.3268,1.18,35.1612,29.1578,4.061,5.5177,5.0328,0.5798,0.8555,80208.2,45370.2,37075.8,1687580.0,954589.0,
600663.SH,20260820,9.55,0.54,2.6467,0.99,39.2286,31.6648,1.885,2.6469,2.4449,1.5734,1.2911,503515.0,393442.0,80278.1,4808570.0,3757370.0,
603228.SH,20260820,89.22,3.2655,7.5988,0.59,72.5661,78.4371,6.7142,5.8353,5.6334,0.8373,0.6064,100120.0,98191.4,42196.4,8932670.0,8760630.0,
300847.SZ,20260820,13.82,0.8671,2.2869,0.5,35.7549,35.8658,2.6933,3.4331,3.4502,0.9841,0.8394,29601.0,29601.0,11223.4,409086.0,409086.0,
002656.SZ,20260820,2.93,1.3,1.6206,0.82,,,5.0602,3.4595,3.2677,,,71252.0,68663.8,55080.5,208768.0,201185.0,
300406.SZ,20260820,12.14,2.4571,4.4717,1.73,37.4761,33.5294,1.9012,5.2495,5.192,7.3822,9.8277,58614.0,42428.3,23313.3,711575.0,515080.0,
002152.SZ,20260820,9.46,0.7659,1.5331,0.61,27.2901,27.7528,1.8478,1.9488,1.9388,2.1142,3.9112,248338.0,248213.0,124009.0,2349280.0,2348100.0,
603986.SH,20260820,403.5,5.4116,5.4116,0.63,171.814,35.7097,7.5946,30.766,17.0381,0.0836,0.1855,70174.5,66849.2,66849.2,28315400.0,26973600.0,
300818.SZ,20260820,18.96,1.8066,2.2015,0.66,53.4872,84.8472,2.3299,4.1222,3.8046,0.284,0.3651,21940.4,14212.9,11663.3,415991.0,269476.0,
688388.SH,20260820,28.09,4.2736,5.3314,0.89,325.066,121.09,2.29,1.9222,1.6688,,0.1102,65990.7,65990.7,52897.2,1853680.0,1853680.0,
300587.SZ,20260820,5.1,2.2508,2.6946,0.55,,,2.955,4.1895,4.1974,0.5285,,129827.0,105261.0,87924.6,662117.0,536832.0,
601686.SH,20260820,5.17,0.3206,0.5601,1.2,11.2511,11.309,1.1451,0.1509,0.1532,5.4672,5.6015,147935.0,147935.0,84684.2,764823.0,764823.0,
601688.SH,20260820,18.74,0.7857,1.1199,0.88,10.3252,9.6436,0.9498,4.7239,4.3525,2.7749,0.8004,902686.0,730676.0,512607.0,16916300.0,13692900.0,
301323.SZ,20260820,70.09,1.891,3.8248,0.89,54.0216,50.2851,3.3195,7.6432,7.1466,0.8315,0.7018,10658.4,6856.27,3389.72,747050.0,480556.0,
300439.SZ,20260820,9.59,2.4011,3.1619,1.59,58.2433,55.296,1.2321,2.3916,2.3885,1.4081,0.3445,38384.4,29233.2,22199.2,368106.0,280346.0,
600673.SH,20260820,33.68,1.2627,2.6855,0.69,367.96,1945.6,9.6735,6.787,5.8978,,,300956.0,300156.0,141132.0,10136200.0,10109200.0,
603365.SH,20260820,17.66,0.7931,2.0833,1.52,11.3946,10.9806,1.4309,1.0237,1.0118,5.0284,5.5833,26249.6,26113.4,9941.55,463568.0,461162.0,
002511.SZ,20260820,7.19,0.8012,1.6382,1.01,28.9115,25.984,1.657,1.0492,1.0338,0.8798,1.4489,128114.0,126500.0,61868.6,921139.0,909538.0,
605016.SH,20260820,19.74,0.9177,2.1132,0.5,22.4964,20.3353,3.9822,6.0121,5.6852,1.0521,1.3425,42001.2,42001.2,18238.8,829104.0,829104.0,
000668.SZ,20260820,22.24,1.8983,3.2124,0.32,124.901,116.366,4.3705,8.0392,8.6095,,0.7194,14684.2,14684.2,8677.21,326576.0,326576.0,
600718.SH,20260820,8.13,0.7753,0.9831,0.98,,,1.0994,0.808,0.805,1.8335,,119644.0,119644.0,94355.3,972705.0,972705.0,
603018.SH,20260820,5.24,0.7654,0.7654,0.93,15.65,15.0885,0.7914,1.0444,1.0498,1.5767,1.9708,81914.8,81914.8,81914.8,429233.0,429233.0,
600060.SH,20260820,25.93,0.3867,0.7413,0.64,13.7888,13.5832,1.5505,0.5867,0.5832,3.3938,3.6263,130497.0,130017.0,67831.6,3383790.0,3371340.0,
920059.BJ,20260820,17.33,56.6217,56.6217,,20.1928,20.1928,3.4265,0.7041,0.7041,,,15208.6,3231.83,3231.83,263565.0,56007.7,
002939.SZ,20260820,7.94,0.4848,1.363,0.69,13.6219,13.5327,0.9819,6.1653,6.165,2.1159,2.4685,403443.0,360266.0,128128.0,3203340.0,2860510.0,
688383.SH,20260820,128.0,2.768,8.8447,1.32,,,10.3944,17.9002,17.2997,0.1554,,10164.7,10164.7,3181.12,1301080.0,1301080.0,
688419.SH,20260820,47.7,2.9208,6.8173,0.6,68.0181,76.0447,5.1927,18.5282,18.5065,0.5957,0.8338,11455.2,11455.2,4907.88,546412.0,546412.0,
300534.SZ,20260820,18.57,28.4001,45.5469,0.92,128.169,114.095,7.6838,6.351,6.6753,0.2154,0.2154,30334.5,30205.1,18833.9,563312.0,560910.0,
600992.SH,20260820,9.67,2.1638,2.8269,0.75,79.1571,,1.6581,1.1353,1.1477,,,24509.0,24509.0,18760.0,237002.0,237002.0,
300050.SZ,20260820,6.95,5.7388,6.9631,1.23,244.317,226.46,9.1754,13.0053,12.9646,,,54484.7,54451.4,44877.0,378668.0,378437.0,
301300.SZ,20260820,32.23,1.5727,2.6735,0.71,23.4546,24.6483,2.5071,4.1055,4.0485,3.2779,3.2851,6542.9,3907.48,2298.5,210878.0,125938.0,
688068.SH,20260820,111.18,6.7065,9.2758,1.3,,,4.2403,25.4706,24.1135,,,9275.41,9275.41,6706.2,1031240.0,1031240.0,
002004.SZ,20260820,4.56,1.8442,2.4305,1.06,12.6593,14.0176,0.8943,0.7842,0.7866,4.3703,9.8332,197992.0,188535.0,143056.0,902843.0,859718.0,
000869.SZ,20260820,17.35,0.3135,1.3012,1.6,159.951,188.415,1.0873,3.8155,3.7315,2.3163,1.4409,65724.0,45511.2,10963.8,1140310.0,789620.0,
300327.SZ,20260820,22.65,2.1715,2.8413,0.78,128.517,118.79,4.2716,6.0209,5.985,0.8781,0.4415,34137.0,33885.4,25897.7,773203.0,767505.0,
300668.SZ,20260820,34.39,7.226,11.6734,0.82,278.531,414.775,5.3091,7.5145,8.0634,,,12038.1,9969.39,6171.2,413991.0,342847.0,
603797.SH,20260820,4.81,2.4948,5.8805,0.46,21.5503,21.9664,0.8195,2.7174,2.7058,1.8711,,57660.5,57660.5,24461.8,277347.0,277347.0,
301292.SZ,20260820,65.49,11.3074,11.3074,0.72,,456.678,5.1022,2.8907,2.6874,,,22279.6,8518.92,8518.92,1459090.0,557904.0,
301132.SZ,20260820,36.5,5.5349,10.9425,0.95,45.2396,49.4017,2.9438,3.2815,3.155,1.1479,1.1507,14808.6,9473.44,4791.82,540515.0,345781.0,
300922.SZ,20260820,17.09,2.5161,2.9919,0.61,64.9205,82.4409,2.76,11.8389,13.8275,1.0167,1.1703,16085.2,12621.1,10614.1,274897.0,215695.0,
002852.SZ,20260820,8.49,8.3011,12.0057,2.17,12.5031,42.0485,1.3251,0.4714,0.466,3.5807,3.4865,34396.8,28581.9,19762.3,292029.0,242660.0,
301002.SZ,20260820,27.45,9.7714,11.1584,1.36,,107.012,3.3091,3.8728,3.3852,,,13493.7,8779.54,7688.19,370401.0,240998.0,
300508.SZ,20260820,43.7,4.6924,7.6581,0.84,54.1687,73.6463,5.4963,8.7135,8.315,0.4266,0.3684,10884.6,8192.21,5019.64,475658.0,358000.0,
688981.SH,20260820,125.5,2.0068,2.0823,0.6,213.146,212.942,7.172,15.959,15.653,,,856106.0,199956.0,192709.0,107441000.0,25094500.0,
920717.BJ,20260820,8.14,1.9341,2.3605,0.41,,,1.6982,6.2928,6.9391,0.5076,,11468.0,4428.0,3628.0,93349.5,36043.9,
002146.SZ,20260820,1.16,3.2991,4.4865,0.71,,,0.9947,0.1888,0.221,,,434816.0,391152.0,287627.0,504387.0,453736.0,
300731.SZ,20260820,36.56,3.6571,4.5783,0.74,182.016,287.625,10.4823,5.6025,5.7413,0.1561,0.0781,17728.5,16825.1,13439.7,648152.0,615125.0,
603726.SH,20260820,22.95,1.7582,3.9227,0.71,24.0131,18.7304,2.8468,2.3355,2.4396,1.7418,2.3965,18555.9,18461.4,8274.69,425859.0,423690.0,
605108.SH,20260820,12.61,0.8081,2.5733,0.96,32.1026,48.8828,1.4052,1.2231,1.2117,0.948,0.948,26000.0,26000.0,8165.49,327860.0,327860.0,
688636.SH,20260820,19.91,5.5158,9.1371,1.5,33.8826,29.4538,2.4136,4.8845,4.8705,0.4616,0.5023,17390.6,17390.6,10498.2,346248.0,346248.0,
002873.SZ,20260820,8.65,5.4195,7.2892,1.38,231.74,250.796,1.6761,2.8164,2.8721,1.1144,0.3378,24410.4,23969.1,17821.0,211150.0,207332.0,
603993.SH,20260820,18.27,1.2683,3.1188,1.0,19.2182,14.0503,4.359,1.8912,1.581,1.3957,1.5654,2139430.0,1746080.0,710084.0,39087400.0,31901000.0,
605155.SH,20260820,14.04,1.1134,2.903,0.83,23.9528,24.6094,1.952,3.0317,3.0036,1.7612,1.4303,19051.9,18742.8,7188.64,267489.0,263149.0,
603690.SH,20260820,25.36,6.1944,8.4904,0.53,,,2.7955,3.4023,3.5348,0.1958,,38296.4,38296.4,27939.9,971197.0,971197.0,
688288.SH,20260820,18.47,1.4803,2.7153,1.37,60.9881,783.109,2.4557,2.6419,2.5954,,0.5414,9981.37,9981.37,5441.47,184356.0,184356.0,
300829.SZ,20260820,15.08,2.801,3.0923,0.53,29.8823,32.3942,1.405,2.1233,2.0644,0.274,0.6522,22727.5,15674.3,14198.1,342731.0,236369.0,
002830.SZ,20260820,13.65,3.0882,4.6887,0.87,59.2423,58.6267,3.712,3.5974,3.597,1.2945,1.0356,18589.6,9283.45,6114.62,253748.0,126719.0,
603328.SH,20260820,11.1,1.9626,4.9041,0.67,23.7993,28.6307,2.5606,2.7533,2.7606,1.7838,1.5135,99844.3,99844.3,39957.1,1108270.0,1108270.0,
920087.BJ,20260820,16.83,18.9607,37.7264,1.58,222.04,307.072,5.1421,8.3946,8.3803,0.8913,0.4159,16520.0,16404.6,8244.67,278032.0,276090.0,
600583.SH,20260820,6.1,1.6864,3.7802,1.03,12.9389,12.9824,0.9346,0.9929,0.9554,3.2951,3.2131,442135.0,442135.0,197245.0,2697030.0,2697030.0,
300236.SZ,20260820,95.77,3.6098,4.8209,0.98,99.8181,84.9777,6.2375,15.4969,14.4285,0.2699,0.4991,31338.2,27855.0,20857.1,3001260.0,2667670.0,
000718.SZ,20260820,1.9,0.9702,1.4697,0.94,310.069,,0.63,4.1559,4.3459,3.6842,1.5789,303464.0,228183.0,150628.0,576581.0,433548.0,
002249.SZ,20260820,7.03,1.3827,1.5381,0.66,16.018,15.8059,1.7092,1.4191,1.4335,3.2244,4.1806,246699.0,186378.0,167546.0,1734290.0,1310240.0,
301162.SZ,20260820,36.9,1.6562,1.8904,0.64,52.8842,44.6135,4.2526,9.6022,9.2047,1.1263,1.3088,18667.5,12116.7,10615.3,688832.0,447107.0,
600979.SH,20260820,3.84,1.0423,1.6052,0.32,,,1.1661,1.5978,1.6133,1.4854,,126083.0,124169.0,80625.4,484157.0,476808.0,
600439.SH,20260820,1.85,1.0879,1.6411,0.75,,,0.8317,1.6192,1.6062,,,113199.0,113199.0,75044.7,209417.0,209417.0,
603898.SH,20260820,11.25,1.2719,4.1771,0.85,230.199,,1.1013,2.0284,2.1766,0.7189,0.3822,30022.9,30022.9,9141.56,337758.0,337758.0,
920227.BJ,20260820,48.25,0.9825,1.6094,0.27,43.3703,42.8386,4.3867,12.1065,11.9633,2.0725,2.0725,3894.15,1771.82,1081.6,187893.0,85490.4,
301120.SZ,20260820,14.58,2.5128,3.2058,0.4,126.455,169.976,3.4843,12.9179,11.8479,0.2032,0.3683,37312.6,22576.0,17696.0,544018.0,329159.0,
002959.SZ,20260820,33.68,0.4352,1.2453,0.54,13.3705,17.0453,1.8116,1.0035,1.0405,2.9514,3.8414,15583.4,13979.4,4885.46,524848.0,470828.0,
002555.SZ,20260820,18.54,1.7329,1.9725,0.65,14.142,12.7203,2.8293,2.5689,2.6559,5.3632,5.5241,221224.0,158736.0,139453.0,4101490.0,2942960.0,
300261.SZ,20260820,5.15,2.0237,3.0769,1.07,,,2.7239,3.7952,3.8306,,,96330.9,94283.0,62010.0,496104.0,485558.0,
000858.SZ,20260820,72.09,0.4131,0.9209,0.55,31.2505,22.2071,2.1862,6.9044,6.0463,11.5453,7.1522,388161.0,388151.0,174105.0,27982500.0,27981800.0,
300175.SZ,20260820,5.97,1.7198,2.2614,0.67,,,5.6408,9.6355,8.6051,,,47080.0,47080.0,35804.7,281068.0,281068.0,
000970.SZ,20260820,12.41,2.0597,2.7303,0.65,165.214,160.119,2.3087,2.2719,2.2004,0.1595,0.1994,121573.0,121573.0,91714.5,1508720.0,1508720.0,
600038.SH,20260820,26.51,1.0303,1.8285,1.23,33.3434,44.563,1.2338,0.7473,0.7473,0.7695,0.9015,81989.3,66893.5,37692.5,2173540.0,1773350.0,
300351.SZ,20260820,13.6,2.3097,2.9524,0.72,84.629,302.357,2.1735,2.3591,2.3299,0.44,0.3015,38891.2,26341.8,20607.7,528920.0,358248.0,
002870.SZ,20260820,47.54,2.7156,4.7374,0.45,76.4987,117.469,4.4382,1.2042,1.2569,0.1819,0.2283,15275.8,12973.3,7436.6,726213.0,616749.0,
301290.SZ,20260820,29.5,2.6202,2.8441,0.85,,,1.3647,7.6263,7.3919,2.0036,1.0018,10017.3,7957.85,7331.26,295511.0,234757.0,
002081.SZ,20260820,5.55,19.8053,39.1385,1.24,33.2164,36.3244,1.0577,0.8516,0.8861,1.8018,2.3423,265532.0,264424.0,133807.0,1473700.0,1467560.0,
600383.SH,20260820,2.27,3.2034,5.136,1.85,,,0.229,0.2863,0.2717,,,451458.0,451458.0,281582.0,1024810.0,1024810.0,
688331.SH,20260820,133.38,3.7257,6.2049,1.72,106.095,58.283,19.1653,23.1587,22.2666,,,56447.8,35589.6,21369.6,7529000.0,4746940.0,
001322.SZ,20260820,6.22,0.7423,3.3619,1.78,131.183,109.89,1.2853,0.9277,0.9381,2.0946,0.6313,96561.3,78561.2,17345.1,600611.0,488651.0,
002649.SZ,20260820,9.46,3.2399,3.2399,0.49,53.7255,126.956,1.3447,0.8378,0.8524,1.789,1.3742,59143.5,53636.5,53636.5,559497.0,507401.0,
002108.SZ,20260820,4.28,0.966,1.204,0.77,45.9436,47.1975,1.4001,2.4752,2.3758,2.3592,1.1682,164860.0,164800.0,132224.0,705600.0,705343.0,
301398.SZ,20260820,31.26,1.5884,5.6599,0.92,76.0976,260.942,3.1766,8.1641,7.7308,0.8569,0.4798,11200.1,10918.2,3064.2,350116.0,341303.0,
300510.SZ,20260820,3.41,1.9091,2.5942,0.87,,,1.4667,2.628,2.9791,,,82469.1,82469.1,60689.5,281220.0,281220.0,
600032.SH,20260820,6.78,0.4797,2.0718,0.42,32.2252,36.1983,1.2686,3.3436,3.4273,0.767,0.944,240468.0,240468.0,55672.2,1630370.0,1630370.0,
688289.SH,20260820,17.45,5.111,8.7831,2.96,50.8216,64.4211,1.4113,6.1591,6.3056,3.0497,2.9721,57938.8,57938.8,33715.2,1011030.0,1011030.0,
601818.SH,20260820,3.02,0.3401,1.0023,1.11,4.5958,4.718,0.3537,1.4127,1.4271,6.2583,5.7947,5908560.0,4640680.0,1574700.0,17843800.0,14014900.0,
000933.SZ,20260820,25.25,2.1641,3.1558,1.15,14.1778,8.2512,2.0516,1.377,1.2453,1.9669,3.1466,224900.0,224757.0,154126.0,5678740.0,5675110.0,
603886.SH,20260820,12.36,8.024,15.888,2.22,21.2502,31.432,2.001,1.4258,1.4291,8.0906,4.8544,24000.0,24000.0,12120.9,296640.0,296640.0,
688582.SH,20260820,42.61,1.4876,3.1893,0.81,56.4189,92.2483,6.7565,32.6843,40.0697,0.8894,0.7125,40173.9,40173.9,18738.0,1711810.0,1711810.0,
603057.SH,20260820,21.82,0.3547,1.4222,0.48,38.3572,29.7745,4.2474,2.7971,2.6821,2.3782,0.8249,41511.5,41200.0,10274.3,905781.0,898984.0,
300470.SZ,20260820,28.17,0.5965,0.7777,0.51,15.1986,16.3809,1.9709,3.3115,3.3351,3.5503,3.5503,20793.5,19733.5,15136.4,585752.0,555892.0,
603351.SH,20260820,27.4,1.2973,2.9614,0.88,24.5814,24.4122,2.0231,2.7797,2.7661,1.4599,2.1898,13543.9,13543.9,5933.33,371103.0,371103.0,
600505.SH,20260820,10.44,1.5735,3.5637,0.68,319.494,249.72,3.0967,2.5181,2.5844,0.1916,0.2395,36456.8,36456.8,16096.9,380608.0,380608.0,
000936.SZ,20260820,5.52,5.8616,9.5496,0.5,65.2218,275.31,0.958,1.4056,1.3627,0.7246,0.7246,88601.3,88588.7,54375.8,489079.0,489010.0,
603917.SH,20260820,12.25,0.796,1.1954,0.63,86.944,121.355,1.4874,3.311,3.3081,1.2245,1.2245,20384.0,20384.0,13574.3,249704.0,249704.0,
002546.SZ,20260820,7.93,1.8484,2.9935,0.54,11.4369,7.8431,1.5946,9.6116,9.1959,1.5132,1.5132,83404.9,80122.7,49473.1,661401.0,635373.0,
300597.SZ,20260820,7.76,1.9027,2.3116,1.37,,,2.258,4.4825,4.4048,0.0504,,27257.0,27137.2,22337.2,211514.0,210585.0,
002346.SZ,20260820,23.67,5.4154,10.9434,1.37,24.5704,17.4434,3.2492,12.3311,11.7345,1.9792,2.0071,44157.5,39211.3,19404.0,1045210.0,1045210.0,
688120.SH,20260820,280.5,1.9072,2.8485,0.85,128.452,126.827,18.03,29.9484,28.1958,0.0933,0.1013,49628.1,49628.1,33228.1,13920700.0,13920700.0,
300383.SZ,20260820,12.29,2.4592,3.1012,0.52,,,1.8617,3.0779,3.1654,0.4882,0.1627,179759.0,179431.0,142284.0,2209240.0,2205210.0,
300540.SZ,20260820,29.23,7.8542,12.0165,0.98,110.726,79.2461,5.7582,9.3633,8.2593,0.1232,0.1725,22759.2,20672.7,13512.0,665251.0,604264.0,
000695.SZ,20260820,13.87,5.7675,8.315,0.89,,,9.2504,5.5928,4.234,,,23175.2,22181.1,15385.3,321440.0,307652.0,
300024.SZ,20260820,14.94,2.2933,3.0655,0.69,,,5.7809,5.6748,5.7557,,,156562.0,156519.0,117092.0,2339040.0,2338390.0,
300329.SZ,20260820,12.09,0.8692,1.5666,0.88,,,5.0347,24.8931,26.0885,0.2647,,25288.9,25214.0,13989.2,305742.0,304838.0,
600173.SH,20260820,6.16,0.8465,2.1135,0.99,,,1.2067,1.4243,1.8,,,70050.6,70041.6,28053.2,431512.0,431456.0,
300007.SZ,20260820,31.26,3.4122,3.7926,0.89,64.4519,61.4329,3.4644,4.2408,4.4128,0.128,0.1599,32744.6,28294.6,25457.2,1023590.0,884490.0,
605118.SH,20260820,29.0,0.501,3.0572,0.75,45.8653,43.5904,7.373,14.3605,13.1892,2.1005,2.0675,41126.5,40886.9,6700.26,1192670.0,1185720.0,
001309.SZ,20260820,398.1,6.1574,6.9994,0.54,131.196,22.0066,13.6345,8.3701,5.2887,0.0537,0.1005,22684.3,16502.9,14517.7,9030620.0,6569810.0,
603687.SH,20260820,13.14,2.5981,5.1504,0.94,93.7207,104.159,2.2086,3.2789,3.2407,0.4411,0.3201,55003.2,55003.2,27746.0,722742.0,722742.0,
300442.SZ,20260820,64.58,1.3005,3.1804,0.46,20.9861,20.3727,7.4181,18.679,16.7814,0.8133,0.9927,164104.0,163623.0,66909.3,10597800.0,10566800.0,
301255.SZ,20260820,20.23,0.6342,2.2263,0.71,70.5812,77.5225,2.8848,6.917,6.6702,0.7062,0.5932,15232.0,13367.7,3808.0,308143.0,270428.0,
603116.SH,20260820,6.37,1.0328,2.3168,1.01,,,1.4514,1.8127,1.8203,3.854,3.3915,57620.1,57620.1,25686.9,367040.0,367040.0,
688026.SH,20260820,16.67,3.7538,6.7425,0.74,48.5086,84.9295,2.16,4.1489,4.2698,0.4294,0.4295,14036.4,14032.0,7812.12,233987.0,233913.0,
603173.SH,20260820,31.39,0.4053,1.1773,0.64,11.9198,12.6172,2.4175,1.6725,1.6642,1.5771,2.5864,16000.0,16000.0,5508.5,502240.0,502240.0,
002480.SZ,20260820,5.4,1.1312,1.606,1.41,,,5.576,2.7859,2.7806,,,76916.9,76748.8,54058.2,415351.0,414443.0,
600874.SH,20260820,5.64,0.4497,1.0748,1.01,10.2709,10.0197,0.8407,1.8607,1.8427,3.0142,3.7057,157042.0,123042.0,51485.3,885716.0,693956.0,
301153.SZ,20260820,16.85,0.9192,2.1503,0.81,59.4127,49.3093,3.225,7.2426,7.1324,1.051,0.942,35566.5,33175.2,14181.4,599295.0,559003.0,
600693.SH,20260820,8.95,4.7754,10.6004,0.48,170.118,159.074,2.1604,4.2154,4.1801,0.8939,1.0056,86984.6,86895.3,39145.6,778512.0,777713.0,
603090.SH,20260820,36.98,1.7412,3.5047,0.8,44.8866,48.5602,5.6738,4.8413,4.5804,0.8112,0.8112,10000.0,10000.0,4968.13,369800.0,369800.0,
000882.SZ,20260820,1.45,1.6576,2.309,0.69,,,0.6065,3.3137,3.4706,,,273735.0,273534.0,196373.0,396916.0,396624.0,
300806.SZ,20260820,46.9,5.454,6.2479,0.73,492.49,450.757,12.7306,9.8561,9.5815,0.0152,0.0228,63373.2,45666.9,39864.2,2972200.0,2141780.0,
603286.SH,20260820,41.1,2.3867,3.6546,0.62,,,5.9878,4.6568,4.6949,0.0721,,11799.4,11688.4,7633.31,484954.0,480394.0,
601881.SH,20260820,11.95,0.1983,0.6997,0.6,10.4368,10.1891,1.078,4.6168,4.4599,2.6862,2.9289,1093440.0,724342.0,205232.0,13066600.0,8655880.0,
688084.SH,20260820,44.12,1.5244,3.1298,0.79,,,2.1769,11.4188,10.3494,,,7565.91,7565.91,3684.93,333808.0,333808.0,
603949.SH,20260820,13.99,0.7209,2.4171,0.64,32.7633,30.8182,2.6679,6.789,6.5623,0.7162,1.5726,21073.7,21020.5,6269.43,294821.0,294077.0,
002908.SZ,20260820,6.94,1.4092,1.8048,0.78,334.964,,2.7283,5.346,5.745,0.7123,0.7152,43143.2,32183.5,25130.3,299414.0,223353.0,
300369.SZ,20260820,6.93,4.8726,6.4843,0.54,,,2.1927,2.2104,2.2096,,,81062.2,80770.3,60693.8,561761.0,559738.0,
000100.SZ,20260820,5.03,2.0531,2.115,0.72,23.1644,20.6748,1.6691,0.5684,0.5582,0.9446,1.7893,2080090.0,2011500.0,1952650.0,10462800.0,10117800.0,
300219.SZ,20260820,6.82,1.5473,2.4061,0.8,49.5096,47.5975,1.8514,1.1093,1.0939,1.6862,2.9326,70794.4,70664.1,45441.6,482817.0,481929.0,
301533.SZ,20260820,26.98,3.5343,3.5808,0.74,88.3169,93.1461,2.3551,3.3425,3.2683,1.4648,1.0986,9830.67,2843.67,2806.73,265231.0,76722.2,
301399.SZ,20260820,17.06,3.4294,4.0544,0.56,97.4077,271.345,2.432,6.7413,6.1948,1.2128,0.6448,18502.0,5468.36,4625.5,315644.0,93290.2,
002086.SZ,20260820,2.01,4.7912,4.7912,0.51,,,3.105,11.0576,10.9623,,,195895.0,158129.0,158129.0,393748.0,317838.0,
603268.SH,20260820,176.21,1.4756,1.4756,0.7,67.6213,51.3769,17.0225,8.2955,6.5144,,,101872.0,23325.0,23325.0,17950800.0,4110090.0,
603159.SH,20260820,21.19,2.1765,4.9225,1.19,,,5.9828,7.1008,7.6124,0.3067,,14000.0,14000.0,6190.1,296660.0,296660.0,
003035.SZ,20260820,5.18,0.4396,1.5821,0.59,56.6286,57.5864,2.7881,5.3346,5.2074,0.251,0.5405,378788.0,378788.0,105264.0,1962120.0,1962120.0,
920247.BJ,20260820,14.08,1.0237,2.4489,0.66,61.2459,56.9603,5.5219,6.0681,5.642,0.6556,0.6629,18905.3,13714.3,5733.01,266187.0,193098.0,
300615.SZ,20260820,16.53,18.5158,28.382,0.91,,,6.7695,6.7351,5.9431,0.3032,0.3029,19298.9,15308.7,9987.08,319011.0,253053.0,
603137.SH,20260820,23.88,11.3628,24.9675,0.73,,,3.6499,2.9426,3.3688,0.335,,18293.3,18293.3,8325.33,436845.0,436845.0,
603256.SH,20260820,137.4,2.0904,12.9666,0.86,615.562,251.587,42.1419,106.137,74.4919,,0.0495,90458.6,87972.8,14182.2,12429000.0,12087500.0,
002884.SZ,20260820,16.18,1.3899,2.0415,2.42,12.7218,12.9031,2.3023,3.3604,3.2369,6.1805,6.1805,35768.2,27307.2,18591.7,578730.0,441831.0,
605007.SH,20260820,15.06,0.696,2.6303,0.57,29.2728,20.2975,1.9638,0.8064,0.7419,1.6641,1.0624,47573.0,47457.7,12558.0,716449.0,714713.0,
600435.SH,20260820,10.6,1.2202,1.9796,0.46,132.915,131.785,5.5193,3.8243,3.7529,0.1883,0.2358,151236.0,151236.0,93221.8,1603100.0,1603100.0,
000908.SZ,20260820,7.0,3.6439,4.1846,1.03,,,5.901,32.5746,31.9466,,,175955.0,87977.4,76609.4,1231680.0,615842.0,
600508.SH,20260820,8.8,1.2128,3.2584,1.68,40.3932,46.9105,0.698,1.1599,1.1286,2.3539,2.4351,101181.0,101181.0,37661.5,890389.0,890389.0,
301557.SZ,20260820,86.96,9.4969,9.4969,,60.6806,74.0961,5.2013,4.5781,4.567,0.9035,0.7393,6203.1,2487.1,2487.1,539422.0,216278.0,
300011.SZ,20260820,5.95,2.9147,3.9249,2.02,,,2.3837,2.0881,2.1068,,,60555.5,50725.6,37669.5,360305.0,301817.0,
001201.SZ,20260820,12.0,1.7434,2.352,1.16,,,1.0187,1.4492,1.3669,,,25778.4,20144.0,14931.2,309341.0,241728.0,
002938.SZ,20260820,87.57,0.8496,2.9135,0.66,54.2951,53.569,5.9024,5.1842,5.0751,1.1422,1.1419,231754.0,231083.0,67386.3,20294700.0,20235900.0,
000980.SZ,20260820,1.62,1.6597,2.4041,0.95,,,249.816,15.6811,16.4381,,,504255.0,504250.0,348125.0,816893.0,816885.0,
603982.SH,20260820,6.07,1.0699,1.7906,0.92,,,1.0447,0.8418,0.8676,,,36512.9,33955.4,20288.2,221633.0,206109.0,
600650.SH,20260820,10.36,0.6955,1.5738,0.56,40.2529,40.0761,1.3455,3.7979,3.9102,1.0618,1.0618,55161.0,39056.0,17261.2,571468.0,404620.0,
688138.SH,20260820,34.4,2.4043,6.012,0.73,57.8153,56.6208,3.8207,8.7355,8.5167,0.7517,0.5204,31480.0,31480.0,12589.3,1082910.0,1082910.0,
002197.SZ,20260820,6.57,3.7023,4.3113,0.62,,,2.2912,4.0721,3.8972,,,61436.3,53400.0,45857.1,403636.0,350838.0,
603650.SH,20260820,65.36,3.8796,9.9407,1.06,71.5782,67.0352,9.589,11.7435,10.2975,0.74,0.7613,61607.0,61458.7,23985.4,4026630.0,4016940.0,
920395.BJ,20260820,6.95,0.3896,0.6466,0.73,25.8442,29.3962,4.2391,6.2642,6.6513,2.5965,2.8551,15258.6,10508.8,6332.72,106047.0,73036.2,
688251.SH,20260820,21.34,0.9252,1.619,0.69,67.9468,144.565,2.5458,2.0742,2.0272,0.8333,0.2343,10060.2,9990.33,5709.09,214686.0,213194.0,
301051.SZ,20260820,20.34,5.2384,6.9075,0.6,,,2.9639,3.5235,3.8071,0.1463,,28426.1,22583.7,17126.6,578186.0,459353.0,
688375.SH,20260820,79.26,0.9142,3.0593,1.27,93.0792,116.843,7.4847,19.7989,21.4574,0.5047,0.5375,59601.5,59601.5,17811.3,4724010.0,4724010.0,
688646.SH,20260820,71.12,2.8592,2.995,0.49,,,4.7078,8.3397,6.4043,,,9416.26,6073.22,5797.98,669684.0,431927.0,
688662.SH,20260820,94.66,10.7719,16.7208,0.78,275.542,263.934,15.1078,20.3111,19.474,0.2844,0.325,11470.6,11470.6,7389.55,1085800.0,1085800.0,
301075.SZ,20260820,54.42,1.8027,5.1596,1.53,,,7.0557,28.2378,31.74,,,8000.0,8000.0,2795.01,435360.0,435360.0,
600798.SH,20260820,3.29,3.0474,5.6216,1.71,144.984,60.5553,1.0051,1.4693,1.3564,0.6079,0.6079,120653.0,120653.0,65405.0,396950.0,396950.0,
600875.SH,20260820,25.68,1.4576,2.5902,0.69,23.1803,20.8332,1.8943,1.1447,1.1312,1.5693,2.0639,345836.0,226337.0,127368.0,8881070.0,5812330.0,
600797.SH,20260820,6.81,1.466,1.5596,0.42,,,2.1137,2.1348,2.0558,,0.4405,102753.0,102753.0,96587.6,699746.0,699746.0,
603529.SH,20260820,21.35,0.6817,2.2488,1.43,9.0694,11.3485,1.8663,0.7353,0.7706,5.7201,5.5165,86424.8,85076.6,25790.0,1845170.0,1816390.0,
688066.SH,20260820,8.41,2.3989,3.3656,0.86,,,,4.9454,6.4887,,,26332.9,26332.9,18769.0,221460.0,221460.0,
002274.SZ,20260820,5.92,2.7863,4.6456,1.49,,,1.0683,0.8666,0.859,5.0676,1.6892,95236.5,93784.9,56249.6,563800.0,555207.0,
603701.SH,20260820,19.08,0.6977,1.3724,0.6,432.247,360.254,6.1948,5.4106,4.6471,0.2096,0.2096,26136.2,26136.2,13287.0,498678.0,498678.0,
300284.SZ,20260820,5.24,0.8931,1.6237,0.5,281.408,856.189,0.7974,1.5875,1.5916,1.7176,1.4313,126283.0,119828.0,65911.4,661722.0,627900.0,
600584.SH,20260820,79.48,6.8999,8.9063,0.81,90.8633,86.0835,4.9441,3.6588,3.6743,0.1887,0.1636,178941.0,178941.0,138629.0,14222300.0,14222300.0,
601858.SH,20260820,22.17,1.1025,6.0119,0.55,36.2156,36.0112,3.071,5.8174,5.9936,1.2359,1.3816,79050.0,79050.0,14497.1,1752540.0,1752540.0,
688607.SH,20260820,43.13,2.0913,3.1043,0.81,,,4.5278,11.8463,11.4848,0.1402,,8812.9,7932.9,5344.38,380100.0,342146.0,
600724.SH,20260820,5.07,0.5374,2.3331,1.07,39.9621,39.5113,2.5925,4.9597,5.0963,2.7613,2.3669,144524.0,144494.0,33279.4,732737.0,732586.0,
300721.SZ,20260820,22.56,6.0245,8.8182,0.81,,,3.3338,2.3305,2.053,0.133,,16484.7,13835.2,9452.0,371894.0,312121.0,
000590.SZ,20260820,9.69,1.4549,2.5796,1.21,,,4.2908,6.872,6.7432,,,23947.1,23935.9,13499.4,232048.0,231938.0,
003019.SZ,20260820,23.67,2.2219,3.2241,0.75,21.5697,24.3227,2.431,1.6618,1.6869,2.1057,2.1124,17695.2,17292.8,11917.6,418846.0,409321.0,
301101.SZ,20260820,29.64,1.0274,2.5516,1.23,30.9597,29.5803,3.2843,7.2179,6.9161,1.6804,1.6804,20151.2,19410.3,7815.98,597282.0,575322.0,
300247.SZ,20260820,3.72,1.5839,1.851,0.53,39.9853,44.276,2.5856,3.2053,3.2461,,,80404.0,80302.0,68712.8,299103.0,298724.0,
002012.SZ,20260820,6.61,1.9235,2.4632,0.78,97.5134,100.452,1.9803,4.9304,4.8246,0.0605,0.3177,46762.5,46762.5,36515.8,309100.0,309100.0,
002098.SZ,20260820,7.1,1.4523,3.431,0.89,12.3483,13.8078,1.6709,0.9162,0.9248,1.4085,1.4085,35800.0,35800.0,15153.7,254180.0,254180.0,
600818.SH,20260820,6.9,1.5665,1.7248,1.08,,,4.4404,2.0586,2.1993,0.1449,,32144.8,23795.8,21612.0,221799.0,164191.0,
920496.BJ,20260820,6.24,0.8367,1.2046,0.76,93.9793,104.699,1.8349,1.7608,1.7648,2.4038,1.6026,16557.5,14499.8,10070.9,103319.0,90479.0,
301578.SZ,20260820,22.92,3.3462,3.3462,0.78,95.279,186.834,2.6083,2.9795,2.9545,1.285,0.839,10593.1,3012.09,3012.09,242794.0,69037.1,
603810.SH,20260820,12.22,0.952,1.7307,0.98,51.819,56.098,1.3075,1.659,1.5435,,0.9574,16534.2,16534.2,9095.34,202048.0,202048.0,
920943.BJ,20260820,16.06,9.9528,14.5945,1.11,22.4136,33.0627,2.5007,1.6522,1.6948,1.5567,1.2453,10152.1,5180.78,3533.09,163043.0,83203.4,
002722.SZ,20260820,13.01,1.1379,1.871,0.73,19.018,16.3513,0.9689,1.2003,1.1386,1.6368,1.6089,22237.2,22235.7,13523.2,289306.0,289286.0,
600535.SH,20260820,15.47,1.3642,2.7401,1.38,20.916,19.9083,1.8101,2.806,2.769,2.6503,2.0039,149395.0,149395.0,74378.2,2311140.0,2311140.0,
002602.SZ,20260820,13.84,1.1374,1.3957,0.66,18.1993,16.2371,3.1586,2.6917,2.5025,,0.4319,737068.0,679683.0,553909.0,10201000.0,9406810.0,
000713.SZ,20260820,6.08,4.9514,6.9975,1.4,73.5095,81.0777,1.5516,1.6718,1.7082,0.253,0.4934,79821.9,61401.5,43447.2,485317.0,373321.0,
300223.SZ,20260820,138.3,6.175,6.3264,0.63,177.794,107.663,5.2606,14.109,12.7641,0.072,0.1082,48366.4,42293.3,41281.5,6689080.0,5849170.0,
000963.SZ,20260820,29.92,3.7822,9.0321,2.3,15.3681,14.9842,2.0391,1.2032,1.1909,3.1089,3.1085,175374.0,175301.0,73407.5,5247180.0,5245020.0,
002507.SZ,20260820,11.39,0.9329,1.4388,1.05,17.1127,17.1083,1.4567,5.4044,5.3156,3.6874,3.6874,115392.0,114731.0,74388.1,1314310.0,1306790.0,
002017.SZ,20260820,13.21,1.979,3.5491,1.2,47.0008,46.2971,4.1027,5.8112,5.7731,1.2415,1.0977,58043.2,58008.6,32346.5,766751.0,766294.0,
688028.SH,20260820,89.0,3.6195,5.5231,0.68,142.15,132.02,6.6458,17.8246,16.8609,0.3823,0.2809,15094.9,15094.9,9892.08,1343450.0,1343450.0,
301413.SZ,20260820,62.43,5.1296,5.1296,0.54,88.007,108.704,6.2873,6.7481,6.7452,0.3696,0.3696,12792.3,7637.48,7637.48,798621.0,476808.0,
920008.BJ,20260820,18.98,1.4024,1.5472,0.65,74.6227,60.4064,3.7162,7.0616,6.7932,,0.4215,6375.0,3406.87,3088.13,120998.0,64662.4,
002069.SZ,20260820,3.47,1.745,2.9703,0.9,,,89.8804,1.931,2.082,,,71111.2,71021.6,41725.5,246756.0,246445.0,
920199.BJ,20260820,26.0,3.2776,6.3078,0.56,445.823,288.083,3.3627,6.4842,6.4889,,,6810.93,3792.68,1970.69,177084.0,98609.6,
603080.SH,20260820,19.35,1.2859,2.4236,0.88,12.9862,13.0094,1.6853,1.6805,1.6676,2.8941,2.6873,14150.0,14150.0,7507.88,273802.0,273802.0,
002050.SZ,20260820,36.14,1.286,2.2841,0.74,37.4309,37.2092,4.661,4.9039,4.8875,0.6914,1.1043,420801.0,369104.0,207818.0,15207800.0,13339400.0,
003023.SZ,20260820,27.63,6.1584,12.5364,0.71,45.7135,56.4026,1.834,2.5433,2.5006,1.4477,1.2667,10534.2,10512.0,5163.99,291059.0,290447.0,
600153.SH,20260820,9.15,1.09,2.0485,2.18,,,0.616,0.0395,0.0397,7.7757,7.6503,289954.0,289954.0,154285.0,2653080.0,2653080.0,
000089.SZ,20260820,6.47,0.9096,2.1139,1.69,25.2634,13.9705,1.1022,2.5873,2.5115,1.8547,2.473,205077.0,205073.0,88247.4,1326850.0,1326850.0,
301033.SZ,20260820,60.32,4.4285,7.0489,1.42,35.7684,36.8925,4.9349,10.971,10.8341,0.9811,1.1557,6708.27,5638.67,3542.52,404643.0,340125.0,
300788.SZ,20260820,23.98,5.8106,21.9268,1.33,35.0502,38.8288,2.0313,2.6789,2.7052,1.9933,1.4595,19015.2,19015.2,5039.02,455983.0,455983.0,
002266.SZ,20260820,4.82,1.1917,1.9456,0.93,22.5065,17.3586,1.9891,1.0837,1.0285,1.0265,1.2318,521927.0,484259.0,296613.0,2515690.0,2334130.0,
300097.SZ,20260820,10.05,8.8849,9.9822,1.16,,,15.0327,17.1166,18.4989,,,29618.7,26383.0,23483.0,297668.0,265150.0,
300752.SZ,20260820,10.96,6.3518,7.6397,1.07,58.1251,77.1679,2.8154,2.2579,2.2196,,0.6457,32286.9,22317.2,18554.9,353865.0,244597.0,
000430.SZ,20260820,6.63,1.8889,2.3289,0.82,,,2.9495,11.7043,11.2601,,,80963.5,37055.6,30054.4,536788.0,245679.0,
920931.BJ,20260820,10.89,9.3618,9.3618,1.13,97.0929,205.618,2.5882,3.2833,3.3026,0.9183,0.4591,9393.0,2877.58,2877.58,102290.0,31336.8,
603806.SH,20260820,15.59,1.5485,4.0677,1.86,52.8408,36.4383,2.4977,2.6255,2.801,1.666,0.9611,260875.0,260875.0,99312.9,4067030.0,4067030.0,
301085.SZ,20260820,59.95,12.8908,17.9437,1.25,,,5.4454,3.8772,3.6687,0.1987,,8677.57,5891.17,4232.21,520220.0,353176.0,
300699.SZ,20260820,24.38,1.0782,1.7018,0.76,33.5901,35.5593,3.4918,7.088,6.9098,2.0352,2.0352,83135.2,82141.1,52038.8,2026840.0,2002600.0,
301348.SZ,20260820,20.79,4.4344,5.5074,0.49,,,3.3959,7.0081,6.6619,0.2405,,24000.0,19347.9,15578.6,498960.0,402242.0,
688185.SH,20260820,64.43,2.8849,6.3338,1.31,571.061,,3.2313,14.9049,14.1986,,,24704.4,11437.3,5209.35,1591700.0,736905.0,
600066.SH,20260820,30.05,0.5764,0.9879,0.61,11.9775,12.1262,5.127,1.606,1.5834,4.9917,8.3195,221394.0,221394.0,129176.0,6652890.0,6652890.0,
001306.SZ,20260820,53.3,4.4374,4.4374,1.06,,,2.6119,4.3493,4.3269,0.3013,,6292.75,1550.0,1550.0,335404.0,82615.0,
002669.SZ,20260820,12.09,2.4936,3.5062,0.52,29.242,29.1276,1.3221,0.7004,0.665,,0.7927,30340.0,30271.8,21529.6,366811.0,365986.0,
600824.SH,20260820,3.63,1.7345,2.8749,0.72,31.4641,30.1691,1.5104,5.6505,5.9596,0.4959,0.9642,105403.0,105403.0,63593.1,382612.0,382612.0,
603788.SH,20260820,13.86,0.4522,0.9268,0.94,14.3006,14.2548,1.4225,1.9547,1.9816,5.0505,5.772,22306.5,22306.5,10884.0,309168.0,309168.0,
603590.SH,20260820,34.33,1.6314,2.9886,1.0,32.8911,32.3615,1.6946,5.9651,5.9465,1.75,1.0067,15901.0,15822.3,8637.17,545883.0,543181.0,
301313.SZ,20260820,33.82,5.8519,6.4185,0.78,,,5.4216,5.5464,5.4739,,,10345.3,7855.35,7161.89,349879.0,265668.0,
688307.SH,20260820,51.26,5.6295,7.7828,1.14,101.049,94.173,6.939,9.6802,8.6779,0.6228,0.6967,12428.4,12428.4,8989.81,637078.0,637078.0,
920953.BJ,20260820,22.38,4.7859,7.826,1.0,42.7646,47.161,4.7564,8.8303,8.7825,0.5683,0.5658,12811.6,5988.58,3662.28,286724.0,134024.0,
301502.SZ,20260820,51.3,3.6779,4.9279,1.39,137.403,129.296,3.4974,7.2847,7.1649,0.6823,0.5068,5708.35,2358.7,1760.38,292838.0,121001.0,
600048.SH,20260820,5.25,1.7228,2.9065,1.82,60.7374,,0.3239,0.2039,0.2098,3.2097,0.6608,1197040.0,1197040.0,709550.0,6284480.0,6284480.0,
002313.SZ,20260820,8.78,5.5988,9.8941,2.45,,,38.1918,1.1935,1.1344,,,37440.0,37437.9,21185.1,328723.0,328705.0,
688686.SH,20260820,123.67,2.5325,9.0974,2.25,81.1952,71.7521,4.7402,11.912,10.1413,0.2016,0.4323,12223.5,12223.5,3402.79,1511690.0,1511690.0,
920685.BJ,20260820,12.55,4.9475,5.8769,1.08,32.6242,32.2068,2.0314,6.767,6.6792,1.3929,1.006,9151.59,5831.4,4909.14,114853.0,73184.0,
002678.SZ,20260820,4.89,2.5473,15.3825,2.63,,,2.1816,11.6598,11.2924,,,135832.0,135757.0,22480.9,664219.0,663854.0,
002641.SZ,20260820,3.93,0.6804,1.7318,1.07,77.2964,70.0817,0.8882,0.7821,0.7559,1.2601,0.504,122909.0,113399.0,44553.0,483034.0,445660.0,
920278.BJ,20260820,6.45,2.4055,2.9989,0.84,57.8546,81.5568,2.9233,3.7506,3.7431,3.1008,1.5504,17450.0,9864.53,7912.68,112552.0,63626.2,
688004.SH,20260820,21.7,2.5935,4.1889,0.66,,,3.0278,10.1629,10.3779,,,8008.8,8008.8,4958.52,173791.0,173791.0,
603161.SH,20260820,15.55,1.969,3.1066,0.57,35.7493,39.7948,2.2802,1.5564,1.575,0.9129,0.9293,22416.1,19074.9,12090.3,348571.0,296614.0,
300617.SZ,20260820,40.5,2.2516,3.4323,0.45,91.1891,85.169,2.2183,8.1126,7.6514,0.5866,,16570.8,13892.4,9113.43,671116.0,562641.0,
688533.SH,20260820,21.05,0.6149,2.2253,1.24,19.019,19.337,1.9575,1.149,1.1298,2.11,1.6627,16498.7,16498.7,4558.71,347298.0,347298.0,
600198.SH,20260820,7.58,2.3332,4.9257,0.64,,,51.3453,9.83,9.5462,,,130360.0,130195.0,61670.1,988131.0,986878.0,
002228.SZ,20260820,3.11,1.3595,2.3598,0.86,36.4655,39.9676,1.2538,0.3702,0.3639,5.4177,4.9226,121339.0,120932.0,69670.1,377363.0,376099.0,
600805.SH,20260820,4.42,0.6009,0.9122,1.06,102.002,105.08,0.8811,1.4714,1.4446,1.81,1.1312,85089.5,85027.5,56010.3,376095.0,375822.0,
688496.SH,20260820,0.9,4.4617,9.5129,0.62,,,0.4542,0.6051,0.6354,,,45000.0,23794.6,11160.0,40500.0,21415.1,
002312.SZ,20260820,8.27,1.1283,2.0454,0.93,37.7082,38.9182,1.6145,1.568,1.4655,1.7064,1.0883,188771.0,188464.0,103961.0,1561140.0,1558590.0,
600919.SH,20260820,12.1,0.7288,0.9339,1.6,6.4361,6.1445,0.8183,2.525,2.4128,4.3026,4.6618,1835130.0,1835130.0,1432170.0,22205100.0,22205100.0,
688266.SH,20260820,138.34,5.393,8.1056,2.08,,66.5973,21.2845,45.1825,22.3262,,,26470.8,26470.8,17612.2,3661970.0,3661970.0,
600510.SH,20260820,6.51,0.5009,1.2521,0.78,100.576,79.5313,0.6364,1.4839,1.5394,0.6298,0.3533,103203.0,103203.0,41290.5,671849.0,671849.0,
300264.SZ,20260820,6.41,2.1735,2.298,0.66,,,316.775,23.6508,34.9383,,,43085.8,37038.6,35032.4,276180.0,237418.0,
300201.SZ,20260820,14.48,2.281,2.8454,0.64,47.2786,45.1792,7.7596,8.4951,7.7128,0.2043,0.2054,100904.0,100365.0,80458.0,1461100.0,1453290.0,
688061.SH,20260820,37.48,1.7189,4.3865,1.08,,,1.8753,6.9061,6.8405,,0.5147,11488.9,11488.9,4502.11,430605.0,430605.0,
600211.SH,20260820,41.86,4.5012,10.1204,2.55,14.3851,13.7877,3.4477,4.5253,4.6763,4.4697,4.1714,32231.9,32231.9,14335.8,1349230.0,1349230.0,
002353.SZ,20260820,153.25,2.4804,2.9833,0.71,58.5366,59.542,6.7387,9.6718,9.2468,0.5478,0.5527,102386.0,69107.0,57456.9,15690600.0,10590700.0,
003021.SZ,20260820,68.04,3.4357,8.3869,1.66,71.5911,84.413,3.5908,10.6119,10.4302,0.4178,0.5658,26756.4,20733.1,8493.22,1820510.0,1410680.0,
300855.SZ,20260820,32.31,5.0445,6.5324,1.47,82.2973,41.0399,5.8131,11.3523,8.2443,0.7738,0.7738,39553.1,29295.6,22623.1,1277960.0,946541.0,
002204.SZ,20260820,5.21,0.6759,1.5164,0.76,17.2574,16.4394,1.2511,0.6485,0.6266,0.9501,1.8052,193137.0,193137.0,86084.3,1006240.0,1006240.0,
600482.SH,20260820,31.31,0.5267,1.0124,0.61,54.5926,47.5581,1.7363,1.2287,1.2172,0.849,0.9067,226825.0,226825.0,118018.0,7101880.0,7101880.0,
300047.SZ,20260820,9.1,2.186,2.2362,0.64,189.025,202.053,1.7519,0.6186,0.5857,0.1648,0.1648,63774.5,58057.6,56754.1,580348.0,528324.0,
600459.SH,20260820,21.3,5.5384,9.0203,1.04,27.3766,26.605,2.2376,0.315,0.3156,1.0412,1.1699,82327.8,75970.6,46645.0,1753580.0,1618170.0,
300697.SZ,20260820,15.16,6.3006,13.3261,2.01,39.5308,35.4026,5.0012,2.051,1.8319,0.9133,1.0554,43264.0,33124.0,15661.0,655882.0,502160.0,
688219.SH,20260820,10.26,0.6007,1.0246,0.59,28.9496,28.1537,1.8513,0.8689,0.8464,1.2573,1.4507,54960.0,54960.0,32217.9,563890.0,563890.0,
001220.SZ,20260820,31.14,2.1156,2.1156,0.44,20.6359,23.2844,1.8404,3.3481,3.6192,,1.4547,9229.0,2307.25,2307.25,287391.0,71847.8,
605286.SH,20260820,25.28,3.9897,14.5078,0.61,21.3755,31.4167,1.9671,1.9799,2.1331,0.712,0.4747,16800.0,16800.0,4620.07,424704.0,424704.0,
002115.SZ,20260820,10.43,5.9031,6.4819,0.56,,242.734,4.05,0.7026,0.4281,,,80503.7,74626.6,67962.4,839654.0,778356.0,
601718.SH,20260820,1.84,0.5946,1.1165,0.81,,,0.6633,1.1586,1.2081,,,436107.0,436107.0,232247.0,802437.0,802437.0,
605378.SH,20260820,14.11,0.5856,2.1054,0.88,63.3175,94.7366,2.9629,2.9746,2.9209,2.5311,1.0631,26134.6,26134.6,7269.73,368760.0,368760.0,
301139.SZ,20260820,3.63,13.3613,14.995,0.58,49.9418,,0.2269,0.3182,0.3063,0.9642,,12158.1,7616.71,6786.85,44133.8,27648.7,
002357.SZ,20260820,10.86,4.1046,5.8554,0.66,19.8692,19.9406,1.9236,4.1708,4.1921,0.9208,0.4604,31348.9,31347.8,21974.5,340449.0,340437.0,
601366.SH,20260820,3.63,2.6094,4.3064,0.87,,,0.7972,0.5146,0.5533,0.4888,2.7548,95974.1,95974.1,58154.2,348386.0,348386.0,
300476.SZ,20260820,253.45,3.4125,4.9297,0.75,57.7661,53.2263,14.3119,12.9112,12.1509,0.1165,0.7869,98278.5,86519.5,59892.6,24908700.0,21928400.0,
603248.SH,20260820,18.31,4.7403,4.7403,0.78,41.8351,43.0314,3.6055,6.6688,6.4335,,0.8738,46000.0,7150.5,7150.5,842260.0,130926.0,
600521.SH,20260820,17.37,3.7571,6.2231,1.34,97.6251,69.6926,2.7072,3.0286,3.0404,1.4325,0.573,149725.0,149725.0,90395.5,2600730.0,2600730.0,
000012.SZ,20260820,3.75,0.9853,1.474,0.79,90.7887,1022.76,0.8753,0.8316,0.8364,1.8352,0.519,304247.0,195932.0,130974.0,1140930.0,734744.0,
300593.SZ,20260820,29.3,5.7804,6.1114,0.88,,,6.9292,13.3776,12.4315,,,54249.8,44830.4,42402.4,1589520.0,1313530.0,
688783.SH,20260820,31.5,18.7938,18.7938,1.22,,,10.3679,48.0105,46.7897,,,403780.0,26890.0,26890.0,12719100.0,847035.0,
600638.SH,20260820,4.97,2.0788,3.3209,1.46,49.5015,26.0792,0.7157,1.4793,1.527,0.7445,0.6237,67339.7,67339.7,42152.2,334678.0,334678.0,
600180.SH,20260820,1.55,1.3285,3.5068,0.69,,,0.3923,0.0782,0.0998,2.2402,0.6401,108663.0,108663.0,41164.8,168427.0,168427.0,
000759.SZ,20260820,6.14,10.6959,16.8016,0.84,,,5.5652,0.4863,0.5198,,,65602.9,65570.6,41742.3,402802.0,402603.0,
002875.SZ,20260820,13.34,1.5161,1.9554,0.8,,,4.587,5.2184,5.0509,,,21241.1,21241.1,16468.4,283356.0,283356.0,
300283.SZ,20260820,13.11,8.4485,9.7146,0.64,258.813,53.6982,5.43,1.7821,1.2804,,0.1144,49697.8,37986.8,33035.9,651538.0,498008.0,
600960.SH,20260820,3.96,0.8615,1.5595,0.85,22.4891,23.5165,1.0688,1.2083,1.3466,,,95051.6,95051.6,52508.7,376404.0,376404.0,
688132.SH,20260820,13.38,0.6139,1.124,0.95,,,1.7241,14.8842,16.1873,,,15222.5,15222.5,8315.15,203677.0,203677.0,
688539.SH,20260820,25.93,1.8324,4.0199,0.85,80.468,91.8558,2.747,11.8843,12.3022,0.7626,0.7626,18592.0,18592.0,8475.0,482091.0,482091.0,
601601.SH,20260820,30.17,0.4982,0.9739,0.94,5.4246,5.383,0.9081,0.667,0.6688,3.5797,3.8117,962034.0,684504.0,350158.0,29024600.0,20651500.0,
300963.SZ,20260820,11.13,1.5973,2.1249,0.58,94.4989,84.6268,4.5463,5.6026,5.2767,0.353,0.2336,45864.0,27833.9,20922.2,510466.0,309792.0,
688090.SH,20260820,72.8,5.4412,7.9618,1.13,1000.65,384.823,12.487,12.2289,11.8822,0.0813,0.1057,15872.2,15872.2,10847.3,1155500.0,1155500.0,
688586.SH,20260820,10.36,0.4461,1.167,0.68,149.021,160.999,3.2904,8.6521,8.9284,0.8687,0.251,79133.9,79133.9,30248.0,819827.0,819827.0,
300860.SZ,20260820,27.05,1.2021,1.9858,0.62,,,1.6298,21.3458,21.8368,0.7763,0.7763,18845.1,10941.7,6623.45,509759.0,295973.0,
688559.SH,20260820,53.41,5.2269,7.0024,0.93,,,5.4642,3.138,2.6492,,,24775.9,24775.9,18493.9,1323280.0,1323280.0,
002361.SZ,20260820,10.25,20.2196,23.3781,1.3,733.04,,4.4487,4.0304,4.0786,0.4878,,95103.5,80901.9,69971.5,974811.0,829244.0,
002131.SZ,20260820,4.6,5.2251,5.4928,0.35,923.123,,2.4145,1.5536,1.5276,0.7245,0.7374,677178.0,585480.0,556948.0,3115020.0,2693210.0,
920405.BJ,20260820,18.57,0.4022,0.7704,0.33,32.1821,50.2726,3.0358,4.2367,5.2708,1.1901,0.5977,13647.0,10629.1,5549.45,253425.0,197382.0,
301128.SZ,20260820,108.0,2.8663,5.0375,0.61,110.415,90.4829,16.2963,8.5986,6.6454,0.2834,0.5291,14481.8,12738.9,7248.34,1564030.0,1375810.0,
300102.SZ,20260820,17.79,3.4347,5.3503,0.64,142.806,140.559,3.764,4.8143,5.3962,0.2526,0.2766,92033.4,91592.4,58800.0,1637270.0,1629430.0,
603040.SH,20260820,53.45,0.5405,1.1678,0.75,39.5301,39.6322,6.783,13.118,12.7724,1.608,1.668,19735.7,19735.0,9133.66,1054880.0,1054840.0,
300769.SZ,20260820,45.35,3.9356,4.4716,0.78,,,2.4355,1.4578,1.15,,,28018.8,25175.7,22158.0,1270650.0,1141720.0,
002371.SZ,20260820,712.55,1.0946,1.839,0.95,93.6419,92.7345,13.1594,13.1397,12.469,0.1096,0.1069,72568.9,72511.0,43161.8,51709000.0,51667700.0,
603630.SH,20260820,14.97,4.3053,10.444,1.51,,,1.7855,4.1199,4.0551,0.5948,,22520.5,22520.5,9283.54,337131.0,337131.0,
688297.SH,20260820,38.89,0.6185,1.5383,0.69,296.368,234.954,4.7315,8.7043,6.2336,,0.5127,67500.0,67500.0,27138.5,2625080.0,2625080.0,
601992.SH,20260820,1.39,0.2878,0.6942,0.78,,,0.3821,0.1629,0.1657,3.5971,3.5971,1067780.0,833416.0,345581.0,1484210.0,1158450.0,
600202.SH,20260820,5.01,1.3807,2.093,1.06,262.832,,2.3693,1.261,1.2801,0.1996,,38334.1,38334.1,25289.1,192054.0,192054.0,
605198.SH,20260820,60.03,1.8406,10.6505,1.65,60.7283,63.2876,7.0331,11.9614,12.7192,0.4165,0.4998,33418.8,27053.6,4675.38,2006130.0,1624030.0,
300693.SZ,20260820,41.3,3.381,3.5629,0.51,27.1332,23.6673,5.7517,3.7306,3.3468,1.2077,1.2077,31279.6,26962.4,25585.7,1291850.0,1113550.0,
688206.SH,20260820,39.08,1.7685,2.7527,0.8,575.23,963.323,9.8921,40.7255,39.9632,0.0661,0.0663,50403.6,43657.9,28048.8,1969770.0,1706150.0,
300867.SZ,20260820,17.8,7.256,8.9817,2.08,19.4863,16.2988,1.2013,3.1096,3.0488,0.382,0.5169,27174.1,19162.8,15481.0,483699.0,341097.0,
600052.SH,20260820,3.88,1.318,2.158,0.95,,,1.517,5.5597,6.3323,0.5092,0.5092,84419.5,84419.5,51558.1,327548.0,327548.0,
603288.SH,20260820,35.75,0.195,0.6062,0.98,29.7188,28.7328,4.9777,7.2446,7.0701,3.1275,3.8005,585104.0,555982.0,178820.0,20917500.0,19876400.0,
301510.SZ,20260820,26.45,1.8154,2.7101,0.73,169.913,138.519,7.3715,19.4635,17.7826,0.1458,0.187,40441.9,38003.3,25457.2,1069690.0,1005190.0,
300427.SZ,20260820,6.44,4.3946,5.3349,0.88,,,2.7249,4.5025,4.4927,,,50852.0,50300.5,41435.5,327487.0,323935.0,
603318.SH,20260820,8.67,7.5213,13.1488,0.86,,,2.5586,1.8856,1.9712,0.6491,,55467.3,45907.1,26259.4,480902.0,398014.0,
603391.SH,20260820,70.5,13.9909,13.9909,1.26,28.3988,32.7268,2.8275,5.6378,6.1749,1.773,2.1277,9100.0,2275.0,2275.0,641550.0,160388.0,
000615.SZ,20260820,3.37,0.7295,0.896,1.06,,,3.6848,6.174,6.7982,,,178749.0,92526.8,75327.0,602385.0,311816.0,
301192.SZ,20260820,20.07,2.1031,3.3646,0.95,37.8596,36.9246,3.1128,4.3546,4.2884,1.2291,0.7375,10124.2,4921.08,3076.02,203193.0,98766.1,
605020.SH,20260820,32.52,2.1074,3.5843,0.72,29.5778,20.6831,2.7509,3.1908,2.8181,0.7068,1.3833,51081.9,50292.4,29569.6,1661180.0,1635510.0,
601339.SH,20260820,7.97,0.5337,2.0762,0.82,18.2152,14.4763,1.2977,1.5204,1.3989,5.1443,5.0188,149957.0,149957.0,38548.2,1195160.0,1195160.0,
002626.SZ,20260820,16.48,1.6735,3.5909,0.96,29.572,35.4213,2.2829,2.9868,2.9992,2.4272,2.4201,60993.6,60986.1,28422.1,1005170.0,1005050.0,
600909.SH,20260820,8.04,1.771,2.746,0.81,19.1595,20.0267,1.5313,7.9699,8.4148,1.6214,1.9558,502421.0,502421.0,324026.0,4039460.0,4039460.0,
920206.BJ,20260820,43.56,16.7884,20.9808,2.5,21.295,21.3658,3.5304,6.1509,5.9231,,,7154.62,2752.51,2202.51,311655.0,119899.0,
600217.SH,20260820,3.14,0.7954,1.347,1.3,,,1.8273,1.6597,1.8173,,,165765.0,165765.0,97879.6,520503.0,520503.0,
603900.SH,20260820,6.19,2.6038,4.4916,1.43,35.5276,24.9963,1.064,1.388,1.3954,1.6161,1.6161,34290.4,34272.4,19868.4,212257.0,212146.0,
600132.SH,20260820,41.15,1.5508,3.8771,2.81,16.1796,17.1413,12.5731,1.3528,1.3774,5.3463,6.0753,48397.1,48397.1,19358.8,1991540.0,1991540.0,
002996.SZ,20260820,6.21,1.223,1.5922,0.75,18.7562,17.9957,1.2563,0.2601,0.2547,0.7948,1.7486,66943.7,45837.8,35209.1,415720.0,284652.0,
002137.SZ,20260820,7.6,4.6686,5.5068,0.85,101.812,73.5474,2.8744,6.4658,5.9979,,0.6579,57750.5,39645.9,33611.1,438904.0,301309.0,
920230.BJ,20260820,11.22,9.9868,16.1116,1.63,98.0852,93.7454,2.6728,3.3982,3.4277,0.6854,1.3369,10047.5,4724.77,2928.66,112733.0,53012.0,
300856.SZ,20260820,11.03,1.6979,4.2823,0.69,48.5665,52.0502,1.9214,3.5376,3.3176,1.9428,0.633,47568.7,45973.6,18228.4,524683.0,507088.0,
603970.SH,20260820,10.73,2.1546,5.3464,1.63,16.7169,16.6217,1.7729,0.2566,0.2538,4.1938,2.9823,26880.0,26880.0,10832.7,288422.0,288422.0,
002881.SZ,20260820,38.02,2.7439,3.8287,0.61,80.4702,80.2731,4.2128,3.0649,3.1228,0.3408,0.263,30207.1,18302.1,13116.8,1148470.0,695846.0,
688619.SH,20260820,15.41,4.0367,8.5732,2.51,,,4.3454,18.7318,18.2825,,,18543.8,18543.8,8731.45,285760.0,285760.0,
000868.SZ,20260820,3.48,1.79,3.4257,1.33,,,4.0706,0.9536,0.9193,,,93951.5,93951.4,49091.2,326951.0,326951.0,
300592.SZ,20260820,14.81,3.3687,4.912,0.74,39.4936,24.8305,2.419,0.6344,0.661,0.3456,1.6622,39122.9,34388.6,23583.8,579411.0,509295.0,
301039.SZ,20260820,8.06,1.1373,2.2815,1.13,16.7185,17.1293,1.0279,0.7486,0.7466,3.4739,4.3424,187412.0,145243.0,72398.4,1510540.0,1170660.0,
600543.SH,20260820,4.01,0.3277,0.5178,0.62,,,1.857,6.327,5.2783,,,32112.0,32112.0,20323.8,128769.0,128769.0,
002024.SZ,20260820,1.18,0.2155,0.5462,0.76,188.036,158.246,0.8868,0.2233,0.2416,,,926477.0,919290.0,362645.0,1093240.0,1084760.0,
600793.SH,20260820,14.33,2.6409,5.5501,0.68,92.722,,11.1887,1.0895,1.1681,,,17690.4,17690.4,8417.63,253503.0,253503.0,
920656.BJ,20260820,14.66,3.4271,4.4383,1.67,21.1066,19.2165,2.0255,6.6456,6.0019,1.3643,2.7285,10000.0,3237.63,2500.01,146600.0,47463.6,
300131.SZ,20260820,16.47,6.5143,6.6677,0.89,707.714,1429.67,10.8323,3.3466,3.3017,,,113502.0,104227.0,101828.0,1869380.0,1716610.0,
688037.SH,20260820,367.59,4.0347,5.6343,1.43,1034.34,1051.21,26.4796,38.064,37.0141,0.0298,0.0098,20176.7,20176.7,14448.6,7416740.0,7416740.0,
002920.SZ,20260820,84.69,0.9071,1.6646,0.53,20.6,20.4162,3.145,1.5525,1.5403,1.3175,1.4689,59680.9,59662.2,32512.2,5054380.0,5052790.0,
300781.SZ,20260820,27.16,2.3012,3.3605,0.48,,,8.1005,7.1095,6.9168,,,16417.5,12113.7,8295.25,445900.0,329009.0,
600249.SH,20260820,5.27,1.1812,1.8421,0.85,294.379,,1.3547,2.7278,2.7835,0.5693,,55000.0,55000.0,35266.6,289850.0,289850.0,
301232.SZ,20260820,102.16,18.4749,19.8396,1.82,284.629,239.206,7.6001,4.1891,3.9673,,,10528.6,6259.33,5828.76,1075610.0,639453.0,
603768.SH,20260820,11.19,0.7315,1.6724,0.77,,,1.216,0.7551,0.7328,0.5182,,23795.6,23795.6,10408.1,266273.0,266273.0,
600408.SH,20260820,2.81,14.6499,21.4074,2.46,,,2.4454,0.5677,0.5464,,,100680.0,100680.0,68899.3,282911.0,282911.0,
603109.SH,20260820,17.4,0.7483,1.8711,1.05,27.1641,41.5666,1.8434,1.241,1.2328,1.6984,1.4153,20884.8,20884.8,8352.64,363396.0,363396.0,
300306.SZ,20260820,10.11,1.877,2.4815,1.09,38.0352,38.5442,1.815,6.7145,6.8425,4.273,3.6795,26895.9,15760.2,11920.9,271917.0,159336.0,
603299.SH,20260820,9.09,0.5477,1.4636,0.78,16.6222,18.4692,1.0587,1.926,1.9756,3.9899,2.7723,95476.0,78050.6,29206.3,867877.0,709480.0,
600120.SH,20260820,4.8,0.8678,1.7311,0.71,17.5398,11.6707,0.9784,20.0386,19.4032,1.715,1.715,341538.0,341538.0,171212.0,1639380.0,1639380.0,
002193.SZ,20260820,4.63,1.2744,1.7372,0.59,,,5.8915,3.3673,3.3193,,,26171.6,26171.4,19198.4,121174.0,121174.0,
688232.SH,20260820,18.37,0.5724,1.5841,0.86,163.669,112.587,1.1017,3.2198,3.2341,1.9597,0.5405,32198.2,32198.2,11634.5,591481.0,591481.0,
002315.SZ,20260820,25.37,3.1308,3.7559,1.06,20.7769,21.3726,3.6365,5.4675,5.2753,3.4869,3.9417,41240.7,26291.3,21915.9,1046280.0,667011.0,
000001.SZ,20260820,11.4,0.6099,1.4504,1.25,5.1891,5.0905,0.4725,1.6831,1.6675,5.2457,5.2282,1940590.0,1940570.0,816057.0,22122700.0,22122500.0,
600884.SH,20260820,11.65,1.6214,1.6509,0.63,57.1321,34.6136,1.1621,1.2119,1.1804,,,224564.0,183511.0,180231.0,2616170.0,2137900.0,
920837.BJ,20260820,9.54,0.4062,1.1732,0.92,19.4043,18.154,2.4582,2.4137,2.3518,2.2908,2.7073,15272.7,13678.8,4735.78,145701.0,130496.0,
002078.SZ,20260820,14.04,0.4785,0.8703,1.15,12.3277,12.2512,1.2831,1.0225,1.0177,2.7895,2.0921,285418.0,277658.0,152644.0,4007280.0,3898320.0,
300672.SZ,20260820,163.55,4.9898,7.0089,0.7,,,9.2074,19.8242,16.7556,0.1825,,21710.2,21033.8,14974.3,3550710.0,3440070.0,
605001.SH,20260820,5.82,4.9107,8.9445,4.28,26.6069,28.0095,0.8356,1.2817,1.2446,3.4364,3.4364,39288.6,39288.6,21570.3,228660.0,228660.0,
600993.SH,20260820,23.49,1.1622,1.7993,1.02,17.4129,17.1471,2.2049,2.6187,2.5897,2.6394,2.98,43105.4,43031.8,27795.0,1012550.0,1010820.0,
600582.SH,20260820,4.85,0.4432,1.1321,1.03,8.2031,13.9063,0.7705,0.6864,0.7054,6.5361,6.1856,413859.0,413859.0,162018.0,2007220.0,2007220.0,
301356.SZ,20260820,19.7,1.4638,2.4305,1.03,50.5095,44.5876,1.4234,2.7517,2.8618,,0.9391,21600.0,12669.8,7630.39,425520.0,249594.0,
688237.SH,20260820,55.8,1.4364,3.2006,0.46,395.169,350.986,4.1235,12.8704,12.114,0.6002,0.6007,8968.2,8968.2,4024.71,500426.0,500426.0,
300997.SZ,20260820,16.8,2.3293,8.0922,0.49,165.424,155.209,6.7737,4.8704,4.9257,1.7169,1.1446,43497.3,39459.1,11358.0,730755.0,662913.0,
300965.SZ,20260820,43.16,1.1791,4.0114,0.6,71.8008,94.0001,2.0917,12.9149,14.052,1.3438,1.5987,6000.0,5409.38,1590.0,258960.0,233469.0,
688676.SH,20260820,67.31,1.7967,3.4645,0.5,46.924,46.558,5.9878,4.2424,4.1402,0.7451,1.0087,45978.6,45978.6,23844.9,3094820.0,3094820.0,
601868.SH,20260820,2.52,0.5389,1.2429,0.79,19.089,19.6169,0.9339,0.2461,0.2453,1.4238,,4424020.0,3242870.0,1406190.0,11148500.0,8172040.0,
920870.BJ,20260820,11.58,1.5287,2.703,0.41,94.2882,84.5474,3.3849,16.0341,15.4775,0.9499,0.8636,13400.0,6600.29,3732.76,155172.0,76431.4,
603121.SH,20260820,12.18,1.007,2.0916,0.8,,,3.758,3.5491,3.492,1.642,,33853.4,33853.4,16297.7,412334.0,412334.0,
688515.SH,20260820,149.83,5.9945,6.7497,0.8,,,8.1715,19.4396,17.6989,,,8000.0,4981.94,4424.56,1198640.0,746444.0,
688229.SH,20260820,65.73,0.6931,1.1714,0.25,,,7.9826,23.0394,23.7919,,,4440.0,4440.0,2627.01,291841.0,291841.0,
300293.SZ,20260820,15.59,0.855,1.693,0.58,,,7.0941,4.3892,4.2253,,,33843.8,33843.8,17092.5,527625.0,527625.0,
002451.SZ,20260820,7.24,1.1687,1.8921,0.69,301.497,239.122,4.134,2.025,2.0734,0.1377,0.1381,44067.0,43914.9,27125.3,319045.0,317944.0,
600121.SH,20260820,3.97,10.1511,21.1072,1.75,,,6.5733,1.3617,1.4577,,,121841.0,121841.0,58597.3,483710.0,483710.0,
603828.SH,20260820,4.98,0.9175,1.8441,1.83,,,5.796,1.9221,2.2941,,,59596.0,59594.0,29649.3,296788.0,296778.0,
920475.BJ,20260820,11.88,1.4417,2.8224,0.4,,,3.3853,6.7602,4.2683,0.4209,,10106.0,5619.66,2870.49,120059.0,66761.6,
300594.SZ,20260820,14.39,0.9763,1.4817,0.64,,,1.7311,1.6918,1.6482,,,9187.34,9099.29,5995.79,132206.0,130939.0,
002422.SZ,20260820,47.15,3.2744,3.9356,1.28,44.0706,47.7317,3.0443,4.0515,4.0803,1.334,1.2596,159078.0,129861.0,108045.0,7500530.0,6122960.0,
301007.SZ,20260820,26.83,1.7417,2.1309,0.67,79.6005,95.8662,6.2922,6.3904,6.3247,0.5591,0.2586,15334.0,15132.5,12368.6,411411.0,406005.0,
688682.SH,20260820,31.3,1.0926,2.7064,0.84,,,5.1583,10.5108,10.2772,0.4564,0.639,10183.9,10183.9,4111.49,318756.0,318756.0,
601019.SH,20260820,7.02,0.427,2.085,1.08,12.4794,12.4254,0.9324,1.3104,1.3068,5.2707,4.1311,208690.0,208690.0,42738.6,1465000.0,1465000.0,
600566.SH,20260820,25.11,0.9136,2.3635,1.3,13.0145,13.3156,1.5437,3.7207,3.9212,8.3043,6.9149,92146.3,91869.1,35509.6,2313790.0,2306830.0,
002562.SZ,20260820,5.01,5.4482,6.26,0.83,60.202,52.3253,1.5556,1.5852,1.5559,,1.996,114282.0,81351.9,70801.9,572554.0,407573.0,
002476.SZ,20260820,4.9,1.9285,2.453,0.74,95.752,99.8031,3.112,4.9707,4.2664,0.2041,,61200.0,61200.0,48115.7,299880.0,299880.0,
002967.SZ,20260820,17.51,0.5922,1.0404,0.77,26.3811,25.6496,2.276,3.1081,3.0282,2.752,1.8477,63962.1,60387.0,34371.9,1119980.0,1057380.0,
002696.SZ,20260820,6.06,6.4313,11.616,0.82,51.5681,124.259,1.5405,0.5167,0.4958,,0.8251,34575.4,33425.9,18506.6,209527.0,202561.0,
920178.BJ,20260820,92.22,4.7567,5.7399,0.67,46.5329,46.5329,10.5648,10.1741,10.1741,,,6593.81,1925.52,1595.68,608081.0,177572.0,
000568.SZ,20260820,86.11,0.5411,1.1029,0.73,11.7024,12.7429,2.4564,4.9258,5.1936,6.9109,1.5771,147190.0,147106.0,72165.5,12674500.0,12667300.0,
301536.SZ,20260820,117.4,5.7435,6.1527,0.71,160.553,103.705,15.357,16.6582,15.0009,0.1701,0.2545,42171.5,18719.3,17474.5,4950940.0,2197650.0,
301487.SZ,20260820,15.97,1.6563,2.6151,0.83,269.914,104.718,3.8018,3.1626,2.7276,,0.0376,45961.6,45961.6,29109.2,734007.0,734007.0,
600649.SH,20260820,4.16,5.2198,11.1537,5.88,35.8312,37.9737,0.4924,0.717,0.7992,0.9664,0.9615,249180.0,249180.0,116613.0,1036590.0,1036590.0,
600281.SH,20260820,4.68,8.0239,14.1962,1.36,,,42.7897,5.3337,4.9842,,,51440.2,51440.2,29074.9,240740.0,240740.0,
603027.SH,20260820,7.35,0.7791,1.5851,0.86,28.1404,29.1852,2.7836,3.803,3.8224,6.2907,3.4974,133074.0,133074.0,65407.4,978093.0,978093.0,
603948.SH,20260820,20.49,0.5004,1.8338,0.74,14.4783,14.2727,1.506,1.6182,1.6245,4.8804,4.8804,16248.9,16248.9,4433.92,332940.0,332940.0,
002157.SZ,20260820,2.96,1.6697,1.7965,0.89,,,2.6212,1.8507,1.7602,,,925016.0,778767.0,723767.0,2738050.0,2305150.0,
002104.SZ,20260820,10.01,9.8097,10.2628,1.64,120.705,508.715,3.3224,8.1831,9.5156,0.804,0.3317,70835.0,59970.2,57322.3,709059.0,600301.0,
301055.SZ,20260820,29.34,1.8342,4.4303,0.91,83.124,64.2492,6.5323,4.4794,4.2698,0.397,1.0225,15600.0,15266.8,6320.53,457704.0,447927.0,
603686.SH,20260820,12.7,1.8798,2.2645,0.81,34.0008,33.6108,1.5071,1.071,1.0391,1.2441,0.8898,41543.0,41543.0,34486.0,527597.0,527597.0,
002265.SZ,20260820,18.67,1.0112,4.6072,0.49,82.8821,82.8552,4.9459,4.2765,3.9651,,0.4071,103304.0,103304.0,22673.5,1928690.0,1928690.0,
920029.BJ,20260820,35.1,0.2333,0.7906,0.4,10.2793,13.0383,1.92,2.4048,2.6514,2.8681,3.0593,20694.1,20136.5,5943.11,726363.0,706790.0,
003032.SZ,20260820,11.95,26.9044,31.2196,0.89,,,4.1098,12.6769,11.7002,,,40244.8,28448.2,24516.0,480925.0,339956.0,
603728.SH,20260820,47.0,1.9921,4.6712,1.24,322.07,290.565,6.6209,7.128,6.8668,0.0511,0.0532,41888.2,41888.2,17864.2,1968750.0,1968750.0,
603958.SH,20260820,18.68,7.6948,21.0829,1.98,,,6.2933,2.8048,2.7524,,,21936.0,21936.0,8006.12,409764.0,409764.0,
601600.SH,20260820,9.17,1.5135,2.5699,1.11,12.4122,10.7263,1.9507,0.6524,0.6452,2.8137,2.9445,1715500.0,1320330.0,777563.0,15731100.0,12107500.0,
300150.SZ,20260820,4.25,0.9174,1.0795,0.88,48.2794,65.3269,1.581,2.8686,2.8976,,,58510.6,46366.3,39403.7,248670.0,197057.0,
688180.SH,20260820,40.45,5.6761,6.4334,1.71,,,7.0436,16.6223,15.2452,,,102669.0,76639.4,67617.5,4152960.0,3100060.0,
603067.SH,20260820,34.2,3.2208,4.9589,0.67,39.2072,38.9568,6.7078,5.6969,5.4857,0.3709,0.4678,75552.5,75552.5,49071.0,2583900.0,2583900.0,
002756.SZ,20260820,46.2,2.0725,2.3669,0.74,37.6536,25.9689,1.8878,3.3553,3.0887,1.6976,1.4892,53910.2,38707.8,33894.0,2490650.0,1788300.0,
603150.SH,20260820,52.31,1.5026,2.4794,0.92,40.1653,44.4457,2.5691,1.0844,0.8538,0.6117,0.6308,8548.3,8548.3,5180.65,447162.0,447162.0,
920090.BJ,20260820,3.88,2.1113,2.2757,0.83,,,20.146,23.2082,50.9061,,,19933.4,14893.3,13817.5,77341.4,57785.9,
601216.SH,20260820,4.43,0.4728,1.2587,1.06,11.2678,12.3468,1.252,1.4811,1.4879,3.386,8.5779,843802.0,843802.0,316969.0,3738040.0,3738040.0,
300561.SZ,20260820,15.0,5.979,10.134,0.61,,,8.4818,43.9098,43.995,0.2333,0.2,32810.8,24105.8,14222.3,492162.0,361586.0,
000541.SZ,20260820,4.87,0.3884,0.7725,0.75,34.8121,42.4398,1.0881,0.8502,0.8549,2.4641,1.0267,153578.0,123049.0,61863.7,747924.0,599251.0,
600170.SH,20260820,2.27,1.4365,2.5966,1.29,16.3046,14.2297,0.6443,0.0979,0.0939,2.6432,1.5419,888594.0,888594.0,491582.0,2017110.0,2017110.0,
600571.SH,20260820,10.22,1.708,2.133,0.99,71.3522,135.496,4.1225,2.3179,2.2967,0.4599,0.4207,46631.8,45775.2,36656.2,476577.0,467822.0,
002534.SZ,20260820,15.48,1.02,3.0956,0.86,29.6403,29.2042,2.2833,2.0733,2.113,1.1362,0.646,83593.5,82536.3,27195.7,1294030.0,1277660.0,
688499.SH,20260820,34.67,1.8894,2.9172,0.71,113.575,102.546,2.4717,1.9009,1.6675,,,16872.9,16872.9,10928.2,584982.0,584982.0,
301116.SZ,20260820,9.51,2.6166,10.2398,0.77,,,2.7258,0.2252,0.2206,0.7361,,44898.0,44897.7,11472.7,426980.0,426977.0,
688262.SH,20260820,26.77,2.4279,3.2474,0.74,,,4.6672,16.9111,14.9596,,,33600.0,33600.0,25121.1,899472.0,899472.0,
920725.BJ,20260820,74.5,10.1095,15.2361,0.79,,,11.3121,40.1062,37.8723,0.1333,,9127.5,4418.07,2931.5,679999.0,329146.0,
600100.SH,20260820,6.66,0.5547,0.8118,0.74,45.0762,67.3098,1.4071,1.4811,1.5037,,0.6757,335030.0,335030.0,228956.0,2231300.0,2231300.0,
688459.SH,20260820,7.96,0.2004,0.5479,0.6,34.3939,51.4065,1.1238,3.3822,3.5809,1.6332,1.8844,48000.0,48000.0,17558.5,382080.0,382080.0,
603663.SH,20260820,40.76,5.021,11.682,0.8,205.817,171.672,17.4071,20.7577,20.1875,0.1312,0.1752,59357.0,59316.7,25494.7,2419390.0,2417750.0,
603468.SH,20260820,24.19,8.5186,8.5186,0.45,26.0994,26.5725,3.3641,1.9704,1.7946,,,41222.2,3998.86,3998.86,997164.0,96732.4,
600827.SH,20260820,7.59,0.7928,1.8084,0.97,21.4582,11.0087,0.658,0.5464,0.5617,3.4914,1.9763,178417.0,160445.0,70338.0,1354180.0,1217780.0,
601801.SH,20260820,5.5,0.4079,1.8559,0.9,13.442,14.3612,0.886,1.3458,1.3841,1.8182,5.4545,195793.0,195793.0,43032.2,1076860.0,1076860.0,
002587.SZ,20260820,5.37,2.2553,2.4921,0.8,321.996,216.16,2.688,4.6528,4.0958,0.3697,0.9311,65450.4,53271.3,48208.2,351469.0,286067.0,
002943.SZ,20260820,35.33,7.0827,8.1264,1.16,716.739,283.763,10.8927,11.2955,12.0342,,,26683.6,18885.2,16459.6,942732.0,667215.0,
002733.SZ,20260820,18.29,2.0464,3.2659,0.61,88.1637,87.9884,2.5856,2.0205,1.9518,0.5376,0.5376,38421.5,36886.3,23112.3,702729.0,674650.0,
920553.BJ,20260820,7.3,3.2989,5.2411,0.6,45.8025,38.4022,2.9326,2.2834,2.2237,1.0959,0.6849,14369.0,9380.34,5904.14,104894.0,68476.5,
300347.SZ,20260820,55.52,8.7163,9.6941,2.15,53.8402,61.9655,2.2855,6.9963,6.7614,0.536,0.2187,86102.6,56647.5,50933.6,4780420.0,3145070.0,
