ts_code,trade_date,vol,price,amount,pre_close,turnover_rate,volume_ratio,float_share
600000.SH,20260820,590922.0,9.03,5336026.0,9.08,0.00177423,1.01901,3330580.0
159212.SZ,20260820,23900.0,1.465,35013.5,1.462,,0.241689,
159210.SZ,20260820,116700.0,0.845,98611.5,0.838,,0.610619,
159209.SZ,20260820,81600.0,1.137,92779.2,1.137,,0.111791,
159208.SZ,20260820,246500.0,1.02,251430.0,1.027,,1.74201,
159207.SZ,20260820,545700.0,1.146,625372.2,1.147,,0.549877,
159206.SZ,20260820,5660600.0,1.368,7743700.8,1.37,,1.01017,
159205.SZ,20260820,504400.0,1.72,867568.0,1.713,,0.713228,
159203.SZ,20260820,0.0,,0.0,1.365,,0.0,
159202.SZ,20260820,715400.0,0.829,593066.6,0.818,,0.419576,
159201.SZ,20260820,272400.0,1.177,320614.8,1.175,,0.11816,
159200.SZ,20260820,0.0,,0.0,102.091,,0.0,
159199.SZ,20260820,0.0,,0.0,0.903,,0.0,
159198.SZ,20260820,1053400.0,1.241,1307269.4,1.217,,0.836697,
159197.SZ,20260820,900.0,0.907,816.3,0.907,,0.0105037,
159196.SZ,20260820,1473900.0,1.229,1811423.1,1.213,,0.600225,
159195.SZ,20260820,0.0,,0.0,0.908,,0.0,
159193.SZ,20260820,2800.0,0.798,2234.4,0.798,,0.0274631,
159192.SZ,20260820,0.0,,0.0,0.95,,0.0,
159191.SZ,20260820,7200.0,0.95,6840.0,0.938,,0.255373,
159190.SZ,20260820,0.0,,0.0,0.855,,0.0,
159189.SZ,20260820,12700.0,0.89,11303.0,0.891,,0.0783348,
159188.SZ,20260820,0.0,,0.0,0.933,,0.0,
159187.SZ,20260820,30400.0,0.862,26204.8,0.863,,0.669912,
159186.SZ,20260820,600.0,0.753,451.8,0.752,,0.016951,
159185.SZ,20260820,149800.0,1.099,164630.2,1.08,,0.0966145,
159183.SZ,20260820,0.0,,0.0,0.868,,0.0,
159182.SZ,20260820,0.0,,0.0,0.922,,0.0,
159181.SZ,20260820,200.0,0.889,177.8,0.889,,0.00280314,
159211.SZ,20260820,0.0,,0.0,1.44,,0.0,
159213.SZ,20260820,32500.0,1.161,37732.5,1.152,,0.0914077,
159179.SZ,20260820,0.0,,0.0,0.851,,0.0,
159215.SZ,20260820,2100.0,1.304,2738.4,1.3,,0.012586,
159245.SZ,20260820,2200.0,0.795,1749.0,0.794,,0.090985,
159243.SZ,20260820,13300.0,1.266,16837.8,1.247,,0.03755,
159242.SZ,20260820,98400.0,2.091,205754.4,2.07,,0.166743,
159241.SZ,20260820,217300.0,1.005,218386.5,1.01,,0.23019,
159240.SZ,20260820,200.0,1.309,261.8,1.284,,0.00981017,
159239.SZ,20260820,21500.0,0.792,17028.0,0.785,,0.25472,
159238.SZ,20260820,26100.0,1.311,34217.1,1.311,,0.589655,
159237.SZ,20260820,65700.0,0.903,59327.1,0.871,,0.587094,
159236.SZ,20260820,400.0,1.218,487.2,1.192,,0.012597,
159235.SZ,20260820,0.0,,0.0,1.217,,0.0,
159233.SZ,20260820,0.0,,0.0,1.193,,0.0,
159232.SZ,20260820,4100.0,1.197,4907.7,1.193,,0.00286244,
159231.SZ,20260820,6500.0,0.484,3146.0,0.483,,0.0434765,
159230.SZ,20260820,100.0,0.937,93.7,0.935,,0.000704298,
159229.SZ,20260820,0.0,,0.0,1.201,,0.0,
159228.SZ,20260820,0.0,,0.0,1.02,,0.0,
159227.SZ,20260820,3676200.0,0.983,3613704.6,0.981,,1.65293,
159226.SZ,20260820,11200.0,1.273,14257.6,1.27,,0.0779713,
159225.SZ,20260820,0.0,,0.0,1.235,,0.0,
159223.SZ,20260820,0.0,,0.0,1.133,,0.0,
159222.SZ,20260820,29500.0,1.257,37081.5,1.257,,0.0397833,
159221.SZ,20260820,0.0,,0.0,1.166,,0.0,
159220.SZ,20260820,15000.0,0.579,8685.0,0.579,,0.0691335,
159219.SZ,20260820,200.0,1.396,279.2,1.367,,0.0162203,
159218.SZ,20260820,938300.0,1.345,1262013.5,1.351,,0.906544,
159217.SZ,20260820,4461800.0,1.203,5367545.4,1.167,,0.629321,
159216.SZ,20260820,200.0,1.511,302.2,1.475,,0.00458217,
159180.SZ,20260820,234100.0,1.018,238313.8,1.018,,3.48939,
159178.SZ,20260820,225900.0,1.062,239905.8,1.035,,1.46443,
159247.SZ,20260820,513800.0,1.051,540003.8,1.045,,0.792733,
159143.SZ,20260820,5900.0,0.943,5563.7,0.943,,0.460786,
159141.SZ,20260820,460900.0,1.167,537870.3,1.156,,0.458282,
159140.SZ,20260820,115900.0,1.253,145222.7,1.246,,0.20708,
159139.SZ,20260820,300.0,1.245,373.5,1.24,,0.000918463,
159138.SZ,20260820,0.0,,0.0,0.904,,0.0,
159137.SZ,20260820,623600.0,1.003,625470.8,0.97,,0.749187,
159136.SZ,20260820,0.0,,0.0,1.02,,0.0,
159135.SZ,20260820,2100.0,0.81,1701.0,0.806,,0.0240851,
159133.SZ,20260820,0.0,,0.0,1.093,,0.0,
159132.SZ,20260820,74900.0,1.006,75349.4,0.968,,0.189346,
159131.SZ,20260820,18208800.0,0.967,17607909.6,0.952,,0.998901,
159130.SZ,20260820,17600.0,0.968,17036.8,0.933,,0.170753,
159129.SZ,20260820,36500.0,1.07,39055.0,1.067,,0.196772,
159128.SZ,20260820,210200.0,0.75,157650.0,0.742,,0.332381,
159127.SZ,20260820,100.0,0.965,96.5,0.965,,0.00180832,
159126.SZ,20260820,0.0,,0.0,0.946,,0.0,
159125.SZ,20260820,11500.0,0.749,8613.5,0.733,,0.0255143,
159123.SZ,20260820,0.0,,0.0,0.905,,0.0,
159122.SZ,20260820,0.0,,0.0,0.904,,0.0,
159121.SZ,20260820,81700.0,0.755,61683.5,0.747,,0.233544,
159120.SZ,20260820,53300.0,0.766,40827.8,0.757,,0.375718,
159119.SZ,20260820,0.0,,0.0,0.973,,0.0,
159118.SZ,20260820,0.0,,0.0,0.957,,0.0,
159117.SZ,20260820,0.0,,0.0,1.004,,0.0,
159116.SZ,20260820,0.0,,0.0,102.35,,0.0,
159115.SZ,20260820,0.0,,0.0,102.162,,0.0,
159113.SZ,20260820,0.0,,0.0,102.17,,0.0,
159112.SZ,20260820,0.0,,0.0,102.167,,0.0,
159142.SZ,20260820,247100.0,1.201,296767.1,1.186,,0.321082,
159145.SZ,20260820,0.0,,0.0,0.831,,0.0,
159177.SZ,20260820,0.0,,0.0,0.939,,0.0,
159146.SZ,20260820,31200.0,0.994,31012.8,0.997,,0.126346,
159176.SZ,20260820,0.0,,0.0,0.986,,0.0,
159175.SZ,20260820,0.0,,0.0,0.924,,0.0,
159173.SZ,20260820,100.0,0.868,86.8,0.871,,0.00163735,
159172.SZ,20260820,1500.0,0.819,1228.5,0.819,,0.0104115,
159171.SZ,20260820,0.0,,0.0,0.797,,0.0,
159170.SZ,20260820,36300.0,0.9,32670.0,0.875,,0.110348,
159169.SZ,20260820,244500.0,1.03,251835.0,0.992,,1.376,
159168.SZ,20260820,130500.0,0.881,114970.5,0.865,,0.346475,
159167.SZ,20260820,421800.0,1.0,421800.0,0.956,,0.675967,
159166.SZ,20260820,0.0,,0.0,0.855,,0.0,
159165.SZ,20260820,400.0,0.851,340.4,0.85,,0.00427025,
159163.SZ,20260820,124700.0,0.775,96642.5,0.756,,1.69249,
159162.SZ,20260820,96400.0,0.845,81458.0,0.829,,0.924884,
159161.SZ,20260820,0.0,,0.0,0.935,,0.0,
159160.SZ,20260820,67700.0,0.854,57815.8,0.854,,0.37806,
159159.SZ,20260820,0.0,,0.0,1.004,,0.0,
159158.SZ,20260820,112800.0,0.985,111108.0,0.985,,0.337272,
159157.SZ,20260820,414300.0,0.847,350912.1,0.833,,0.342791,
159156.SZ,20260820,0.0,,0.0,0.892,,0.0,
159155.SZ,20260820,800.0,0.874,699.2,0.871,,0.00299394,
159153.SZ,20260820,23700.0,1.182,28013.4,1.178,,0.185289,
159152.SZ,20260820,0.0,,0.0,0.785,,0.0,
159151.SZ,20260820,1100.0,0.927,1019.7,0.925,,0.00670704,
159150.SZ,20260820,1200.0,1.612,1934.4,1.61,,0.0211691,
159149.SZ,20260820,100.0,0.867,86.7,0.864,,0.00160775,
159148.SZ,20260820,13200.0,0.991,13081.2,0.991,,0.0838658,
159147.SZ,20260820,300.0,0.872,261.6,0.871,,0.000781615,
159246.SZ,20260820,170700.0,1.169,199548.3,1.152,,0.102419,
159248.SZ,20260820,93500.0,1.77,165495.0,1.737,,0.73806,
123076.SZ,20260820,70.0,124.443,8711.01,124.25,,,
159368.SZ,20260820,7600.0,0.672,5107.2,0.67,,0.00321085,
159366.SZ,20260820,1417500.0,1.548,2194290.0,1.454,,0.79995,
159365.SZ,20260820,0.0,,0.0,1.003,,0.0,
159363.SZ,20260820,3348800.0,1.243,4162558.4,1.223,,0.286318,
159362.SZ,20260820,300.0,1.311,393.3,1.301,,0.00133745,
159361.SZ,20260820,416100.0,1.248,519292.8,1.239,,0.0365309,
159360.SZ,20260820,200.0,1.315,263.0,1.313,,0.000459114,
159359.SZ,20260820,200.0,1.289,257.8,1.278,,0.000648131,
159358.SZ,20260820,200.0,1.317,263.4,1.317,,0.000199482,
159357.SZ,20260820,200.0,1.297,259.4,1.281,,0.000691926,
159356.SZ,20260820,200.0,1.307,261.4,1.292,,0.000580338,
159355.SZ,20260820,0.0,,0.0,1.038,,0.0,
159353.SZ,20260820,200.0,1.241,248.2,1.234,,0.000115962,
159352.SZ,20260820,737800.0,1.27,937006.0,1.26,,0.0267377,
159351.SZ,20260820,340700.0,1.217,414631.9,1.215,,0.081138,
159350.SZ,20260820,9900.0,1.576,15602.4,1.574,,0.0284955,
159339.SZ,20260820,1200.0,1.231,1477.2,1.224,,0.00155573,
159338.SZ,20260820,3025300.0,1.224,3702967.2,1.216,,0.104519,
159337.SZ,20260820,35400.0,1.811,64109.4,1.784,,0.275743,
159336.SZ,20260820,900.0,1.217,1095.3,1.214,,0.0161462,
159335.SZ,20260820,19400.0,1.51,29294.0,1.494,,1.38208,
159333.SZ,20260820,400.0,1.344,537.6,1.342,,0.0081279,
159332.SZ,20260820,0.0,,0.0,1.213,,0.0,
159331.SZ,20260820,0.0,,0.0,1.302,,0.0,
159330.SZ,20260820,188300.0,1.446,272281.8,1.438,,0.873883,
159329.SZ,20260820,240900.0,0.905,218014.5,0.903,,0.916948,
159328.SZ,20260820,0.0,,0.0,1.036,,0.0,
159327.SZ,20260820,1249800.0,1.195,1493511.0,1.18,,0.550418,
159367.SZ,20260820,37600.0,1.732,65123.2,1.725,,0.284461,
159369.SZ,20260820,34300.0,1.408,48294.4,1.404,,0.12202,
159325.SZ,20260820,208800.0,2.176,454348.8,2.153,,0.276576,
159370.SZ,20260820,200.0,1.829,365.8,1.824,,0.00575232,
159400.SZ,20260820,0.0,,0.0,101.185,,0.0,
159399.SZ,20260820,386800.0,1.004,388347.2,1.004,,0.248838,
159398.SZ,20260820,0.0,,0.0,102.512,,0.0,
159397.SZ,20260820,0.0,,0.0,103.155,,0.0,
159396.SZ,20260820,0.0,,0.0,103.361,,0.0,
159395.SZ,20260820,0.0,,0.0,103.53,,0.0,
159393.SZ,20260820,5200.0,4.966,25823.2,4.932,,0.0890523,
159392.SZ,20260820,4400.0,0.92,4048.0,0.92,,0.0855948,
159391.SZ,20260820,0.0,,0.0,1.096,,0.0,
159390.SZ,20260820,0.0,,0.0,1.246,,0.0,
159389.SZ,20260820,100.0,1.844,184.4,1.825,,0.00153311,
159388.SZ,20260820,260100.0,1.013,263481.3,1.001,,0.159817,
159387.SZ,20260820,5000.0,0.744,3720.0,0.741,,0.00139971,
159386.SZ,20260820,200.0,1.301,260.2,1.278,,0.0016802,
159385.SZ,20260820,100.0,1.823,182.3,1.801,,0.00236611,
159383.SZ,20260820,34200.0,1.717,58721.4,1.713,,0.541084,
159382.SZ,20260820,108800.0,2.627,285817.6,2.607,,0.106522,
159381.SZ,20260820,353900.0,1.173,415124.7,1.16,,0.0779103,
159380.SZ,20260820,43200.0,1.358,58665.6,1.356,,0.475997,
159379.SZ,20260820,200.0,1.376,275.2,1.353,,0.0069753,
159378.SZ,20260820,4000.0,0.994,3976.0,0.993,,0.0130813,
159377.SZ,20260820,311800.0,1.038,323648.4,1.0,,1.1886,
159376.SZ,20260820,0.0,,0.0,1.32,,0.0,
159375.SZ,20260820,2500.0,0.749,1872.5,0.735,,0.0114583,
159373.SZ,20260820,100.0,1.765,176.5,1.758,,0.000407295,
159372.SZ,20260820,0.0,,0.0,1.843,,0.0,
159371.SZ,20260820,1300.0,1.743,2265.9,1.727,,0.0227842,
159326.SZ,20260820,1402500.0,1.669,2340772.5,1.66,,0.278616,
159323.SZ,20260820,177800.0,1.064,189179.2,1.053,,0.115377,
159249.SZ,20260820,500.0,1.391,695.5,1.375,,0.0047402,
159285.SZ,20260820,24500.0,0.794,19453.0,0.785,,0.311318,
159281.SZ,20260820,3000.0,0.948,2844.0,0.947,,0.0136307,
159280.SZ,20260820,14100.0,0.728,10264.8,0.721,,0.199378,
159279.SZ,20260820,1400.0,1.401,1961.4,1.39,,0.0022459,
159278.SZ,20260820,931700.0,0.953,887910.1,0.949,,0.506845,
159277.SZ,20260820,3200.0,0.993,3177.6,0.993,,0.0748976,
159276.SZ,20260820,0.0,,0.0,1.095,,0.0,
159275.SZ,20260820,22000.0,0.837,18414.0,0.847,,0.191575,
159273.SZ,20260820,14800.0,1.41,20868.0,1.405,,0.0815176,
159272.SZ,20260820,568500.0,0.81,460485.0,0.808,,0.242134,
159271.SZ,20260820,20800.0,0.968,20134.4,0.962,,0.297116,
159270.SZ,20260820,100.0,1.106,110.6,1.102,,0.00107128,
159269.SZ,20260820,93500.0,0.879,82186.5,0.864,,0.0832719,
159268.SZ,20260820,100.0,0.787,78.7,0.786,,0.000554244,
159267.SZ,20260820,501100.0,0.838,419921.8,0.834,,0.391003,
159266.SZ,20260820,100.0,0.965,96.5,0.961,,0.0010063,
159265.SZ,20260820,2400.0,0.82,1968.0,0.816,,0.0231692,
159263.SZ,20260820,974100.0,1.149,1119240.9,1.15,,0.458052,
159262.SZ,20260820,845800.0,0.875,740075.0,0.862,,0.246941,
159261.SZ,20260820,7100.0,1.398,9925.8,1.398,,0.191009,
159260.SZ,20260820,34600.0,0.84,29064.0,0.839,,0.147628,
159259.SZ,20260820,1932400.0,1.34,2589416.0,1.322,,0.532253,
159258.SZ,20260820,37200.0,1.081,40213.2,1.081,,0.104011,
159257.SZ,20260820,100.0,0.836,83.6,0.833,,0.00120098,
159256.SZ,20260820,94000.0,0.817,76798.0,0.81,,0.0729905,
159255.SZ,20260820,0.0,,0.0,0.839,,0.0,
159253.SZ,20260820,167700.0,0.978,164010.6,0.99,,2.73267,
159251.SZ,20260820,24700.0,0.799,19735.3,0.786,,0.0899693,
159283.SZ,20260820,2800.0,0.846,2368.8,0.849,,0.0258682,
159286.SZ,20260820,1935800.0,0.767,1484758.6,0.742,,1.79339,
159322.SZ,20260820,103600.0,1.728,179020.8,1.661,,1.31149,
159287.SZ,20260820,500.0,1.117,558.5,1.112,,0.00679036,
159321.SZ,20260820,570000.0,1.655,943350.0,1.582,,1.72998,
159320.SZ,20260820,90100.0,0.628,56582.8,0.622,,0.091402,
159318.SZ,20260820,0.0,,0.0,1.319,,0.0,
159316.SZ,20260820,7392400.0,1.176,8693462.4,1.143,,0.921738,
159315.SZ,20260820,417500.0,1.762,735635.0,1.689,,3.01347,
159312.SZ,20260820,0.0,,0.0,1.187,,0.0,
159311.SZ,20260820,200.0,1.475,295.0,1.46,,0.023303,
159310.SZ,20260820,33900.0,2.91,98649.0,2.875,,0.404843,
159309.SZ,20260820,3700.0,1.403,5191.1,1.406,,0.0097088,
159307.SZ,20260820,533000.0,1.021,544193.0,1.024,,0.688955,
159306.SZ,20260820,0.0,,0.0,1.129,,0.0,
159305.SZ,20260820,41900.0,0.833,34902.7,0.821,,0.0972219,
159303.SZ,20260820,504300.0,1.646,830077.8,1.594,,0.753898,
159302.SZ,20260820,0.0,,0.0,1.327,,0.0,
159301.SZ,20260820,9800.0,0.958,9388.4,0.96,,0.0404792,
159300.SZ,20260820,39500.0,5.002,197579.0,4.984,,0.235248,
159299.SZ,20260820,14000.0,0.677,9478.0,0.673,,0.0533465,
159298.SZ,20260820,0.0,,0.0,1.22,,0.0,
159297.SZ,20260820,2013700.0,0.757,1524370.9,0.729,,0.581335,
159296.SZ,20260820,0.0,,0.0,1.004,,0.0,
159295.SZ,20260820,75700.0,1.058,80090.6,1.073,,1.04433,
159293.SZ,20260820,0.0,,0.0,1.067,,0.0,
159292.SZ,20260820,0.0,,0.0,1.18,,0.0,
159291.SZ,20260820,0.0,,0.0,1.176,,0.0,
159290.SZ,20260820,2400.0,1.146,2750.4,1.144,,0.0609236,
159289.SZ,20260820,0.0,,0.0,1.083,,0.0,
159288.SZ,20260820,0.0,,0.0,0.988,,0.0,
159111.SZ,20260820,0.0,,0.0,102.309,,0.0,
159110.SZ,20260820,0.0,,0.0,102.35,,0.0,
159109.SZ,20260820,22800.0,0.832,18969.6,0.827,,0.18101,
123277.SZ,20260820,5067.0,140.201,710398.467,140.3,,,
123275.SZ,20260820,710.0,141.799,100677.29,141.072,,,
123274.SZ,20260820,120.0,143.223,17186.76,143.24,,,
123273.SZ,20260820,12670.0,362.001,4586552.67,359.88,,,
123272.SZ,20260820,60.0,152.962,9177.72,152.555,,,
123271.SZ,20260820,490.0,159.8,78302.0,159.153,,,
123270.SZ,20260820,3750.0,256.512,961920.0,257.0,,,
123269.SZ,20260820,230.0,146.76,33754.8,146.689,,,
123268.SZ,20260820,3460.0,192.5,666050.0,189.5,,,
123267.SZ,20260820,1370.0,318.237,435984.69,318.819,,,
123266.SZ,20260820,120.0,138.303,16596.36,138.155,,,
123265.SZ,20260820,680.0,135.0,91800.0,134.266,,,
123264.SZ,20260820,210.0,123.341,25901.61,123.205,,,
123263.SZ,20260820,100.0,148.691,14869.1,148.39,,,
123262.SZ,20260820,70.0,132.247,9257.29,132.247,,,
123261.SZ,20260820,25860.0,169.1,4372926.0,167.001,,,
123260.SZ,20260820,260.0,140.599,36555.74,140.397,,,
123259.SZ,20260820,260.0,153.98,40034.8,154.0,,,
123258.SZ,20260820,4980.0,336.047,1673514.06,333.245,,,
123257.SZ,20260820,660.0,154.728,102120.48,153.897,,,
123255.SZ,20260820,2640.0,428.168,1130363.52,424.02,,,
123253.SZ,20260820,70.0,134.058,9384.06,134.005,,,
123252.SZ,20260820,250.0,135.84,33960.0,135.7,,,
123250.SZ,20260820,10.0,124.67,1246.7,124.612,,,
123247.SZ,20260820,450.0,186.023,83710.35,186.007,,,
123245.SZ,20260820,1640.0,312.0,511680.0,306.3,,,
123243.SZ,20260820,590.0,193.443,114131.37,193.346,,,
123241.SZ,20260820,2730.0,867.554,2368422.42,863.5,,,
123276.SZ,20260820,3837.0,168.0,644616.0,167.3,,,
123278.SZ,20260820,12836.0,159.001,2040936.836,159.2,,,
123235.SZ,20260820,33560.0,164.0,5503840.0,170.98,,,
123279.SZ,20260820,15094.0,170.23,2569451.62,170.1,,,
127068.SZ,20260820,160.0,123.58,19772.8,123.7,,,
127067.SZ,20260820,14562.0,185.0,2693970.0,184.3,,,
127064.SZ,20260820,420.0,137.019,57547.98,136.951,,,
127062.SZ,20260820,380.0,123.361,46877.18,123.58,,,
127061.SZ,20260820,48780.0,111.301,5429262.78,113.36,,,
127060.SZ,20260820,70.0,129.02,9031.4,129.147,,,
127059.SZ,20260820,90.0,130.3,11727.0,130.4,,,
127056.SZ,20260820,40.0,129.449,5177.96,129.325,,,
127055.SZ,20260820,630.0,187.894,118373.22,187.8,,,
127054.SZ,20260820,60.0,124.67,7480.2,124.798,,,
127053.SZ,20260820,760.0,181.0,137560.0,180.719,,,
127050.SZ,20260820,150.0,130.024,19503.6,130.024,,,
127049.SZ,20260820,100.0,114.005,11400.5,114.187,,,
127047.SZ,20260820,220.0,136.999,30139.78,136.851,,,
127046.SZ,20260820,60.0,129.81,7788.6,129.938,,,
127045.SZ,20260820,140.0,117.2,16408.0,117.119,,,
127044.SZ,20260820,70.0,116.476,8153.32,116.455,,,
127040.SZ,20260820,260.0,122.099,31745.74,122.099,,,
127038.SZ,20260820,1060.0,122.999,130378.94,122.8,,,
127037.SZ,20260820,340.0,539.0,183260.0,537.0,,,
127034.SZ,20260820,200.0,124.0,24800.0,123.768,,,
127033.SZ,20260820,0.0,,0.0,89.726,,,
127031.SZ,20260820,0.0,,0.0,120.064,,,
127030.SZ,20260820,330.0,118.7,39171.0,118.505,,,
127027.SZ,20260820,10.0,111.496,1114.96,111.411,,,
127025.SZ,20260820,40.0,105.611,4224.44,105.62,,,
123280.SZ,20260820,191914.0,174.99,33583030.86,157.3,,,
123237.SZ,20260820,160.0,135.52,21683.2,135.66,,,
123229.SZ,20260820,170.0,130.094,22115.98,129.875,,,
159108.SZ,20260820,0.0,,0.0,0.96,,0.0,
123165.SZ,20260820,290.0,131.74,38204.6,131.25,,,
123158.SZ,20260820,830.0,237.0,196710.0,235.98,,,
123157.SZ,20260820,1850.0,136.982,253416.7,136.914,,,
123155.SZ,20260820,60.0,130.87,7852.2,131.006,,,
123154.SZ,20260820,20.0,126.465,2529.3,126.229,,,
123151.SZ,20260820,490.0,119.299,58456.51,119.385,,,
123150.SZ,20260820,0.0,,0.0,133.696,,,
123149.SZ,20260820,40.0,131.899,5275.96,131.6,,,
123144.SZ,20260820,0.0,,0.0,130.068,,,
123142.SZ,20260820,210.0,123.35,25903.5,123.1,,,
123138.SZ,20260820,400.0,128.341,51336.4,128.117,,,
123133.SZ,20260820,110.0,129.362,14229.82,129.186,,,
123131.SZ,20260820,3480.0,291.8,1015464.0,290.058,,,
123124.SZ,20260820,780.0,141.5,110370.0,140.7,,,
123122.SZ,20260820,1370.0,129.2,177004.0,128.498,,,
123119.SZ,20260820,41520.0,126.96,5271379.2,124.62,,,
123118.SZ,20260820,2290.0,928.0,2125120.0,930.0,,,
123117.SZ,20260820,20.0,113.538,2270.76,113.535,,,
123114.SZ,20260820,400.0,126.852,50740.8,126.789,,,
123113.SZ,20260820,0.0,,0.0,114.67,,,
123112.SZ,20260820,830.0,135.9,112797.0,135.766,,,
123109.SZ,20260820,130.0,123.8,16094.0,123.847,,,
123107.SZ,20260820,170.0,112.69,19157.3,112.799,,,
123104.SZ,20260820,790.0,128.9,101831.0,128.5,,,
123092.SZ,20260820,40.0,119.376,4775.04,119.15,,,
123091.SZ,20260820,2030.0,136.0,276080.0,135.815,,,
123090.SZ,20260820,1040.0,111.55,116012.0,111.52,,,
123088.SZ,20260820,70.0,116.288,8140.16,116.35,,,
123160.SZ,20260820,540.0,157.858,85243.32,157.323,,,
123168.SZ,20260820,90.0,127.064,11435.76,127.189,,,
123225.SZ,20260820,290.0,139.499,40454.71,139.499,,,
123171.SZ,20260820,570.0,133.0,75810.0,132.37,,,
123224.SZ,20260820,100.0,132.75,13275.0,132.883,,,
123223.SZ,20260820,1880.0,139.2,261696.0,138.15,,,
123222.SZ,20260820,100.0,150.138,15013.8,150.098,,,
123220.SZ,20260820,170.0,131.279,22317.43,131.113,,,
123216.SZ,20260820,60.0,123.588,7415.28,123.354,,,
123215.SZ,20260820,10.0,123.512,1235.12,123.371,,,
123214.SZ,20260820,230.0,128.796,29623.08,128.815,,,
123213.SZ,20260820,4140.0,307.309,1272259.26,301.499,,,
123211.SZ,20260820,610.0,154.4,94184.0,153.68,,,
123209.SZ,20260820,110.0,162.03,17823.3,162.19,,,
123207.SZ,20260820,840.0,229.131,192470.04,227.9,,,
123199.SZ,20260820,1660.0,145.0,240700.0,144.5,,,
123196.SZ,20260820,80.0,125.37,10029.6,125.5,,,
123195.SZ,20260820,980.0,178.16,174596.8,174.67,,,
123194.SZ,20260820,3030.0,142.523,431844.69,140.407,,,
123193.SZ,20260820,30.0,127.8,3834.0,127.8,,,
123192.SZ,20260820,0.0,,0.0,124.555,,,
123189.SZ,20260820,710.0,142.0,100820.0,142.519,,,
123187.SZ,20260820,70.0,182.061,12744.27,182.19,,,
123183.SZ,20260820,20.0,129.909,2598.18,129.867,,,
123180.SZ,20260820,110.0,127.37,14010.7,127.499,,,
123179.SZ,20260820,80.0,121.4,9712.0,121.455,,,
123178.SZ,20260820,540.0,143.704,77600.16,142.0,,,
123176.SZ,20260820,3110.0,462.0,1436820.0,455.104,,,
123175.SZ,20260820,50.0,116.951,5847.55,116.922,,,
123173.SZ,20260820,220.0,137.0,30140.0,136.974,,,
123172.SZ,20260820,510.0,130.545,66577.95,130.402,,,
127069.SZ,20260820,100.0,128.787,12878.7,128.787,,,
127070.SZ,20260820,1070.0,335.999,359518.93,333.17,,,
127072.SZ,20260820,70.0,134.557,9418.99,134.557,,,
159065.SZ,20260820,0.0,,0.0,0.922,,0.0,
159062.SZ,20260820,67400.0,0.859,57896.6,0.832,,0.565019,
159061.SZ,20260820,0.0,,0.0,0.914,,0.0,
159060.SZ,20260820,50800.0,1.004,51003.2,1.024,,0.441467,
159059.SZ,20260820,41902.0,1.01,42321.02,1.009,,0.501031,
159058.SZ,20260820,0.0,,0.0,0.967,,0.0,
159057.SZ,20260820,0.0,,0.0,0.996,,0.0,
159056.SZ,20260820,0.0,,0.0,1.01,,0.0,
159055.SZ,20260820,500.0,0.934,467.0,0.919,,0.00496821,
159053.SZ,20260820,23200.0,0.92,21344.0,0.908,,0.129655,
159052.SZ,20260820,100.0,0.849,84.9,0.848,,0.00196616,
159051.SZ,20260820,0.0,,0.0,1.013,,0.0,
159050.SZ,20260820,169900.0,0.86,146114.0,0.855,,0.342775,
159049.SZ,20260820,60700.0,1.03,62521.0,1.007,,0.775534,
159048.SZ,20260820,248500.0,0.862,214207.0,0.861,,1.00012,
159046.SZ,20260820,0.0,,0.0,0.902,,0.0,
159045.SZ,20260820,10000.0,0.821,8210.0,0.811,,0.103454,
159042.SZ,20260820,0.0,,0.0,0.998,,0.0,
159041.SZ,20260820,0.0,,0.0,1.008,,0.0,
159040.SZ,20260820,0.0,,0.0,1.115,,0.0,
159039.SZ,20260820,343500.0,0.838,287853.0,0.839,,0.526547,
159038.SZ,20260820,985700.0,0.901,888115.7,0.94,,2.48206,
159037.SZ,20260820,0.0,,0.0,0.997,,0.0,
159036.SZ,20260820,0.0,,0.0,0.92,,0.0,
159035.SZ,20260820,0.0,,0.0,0.824,,0.0,
159033.SZ,20260820,73200.0,0.976,71443.2,0.995,,0.191664,
159032.SZ,20260820,49600.0,0.904,44838.4,0.885,,0.264375,
159031.SZ,20260820,130800.0,0.936,122428.8,0.975,,1.21949,
159063.SZ,20260820,739100.0,1.005,742795.5,1.043,,4.22853,
159066.SZ,20260820,200.0,0.914,182.8,0.907,,0.00264411,
127078.SZ,20260820,510.0,150.501,76755.51,150.501,,,
159067.SZ,20260820,0.0,,0.0,1.004,,0.0,
159107.SZ,20260820,318100.0,0.742,236030.2,0.736,,0.267387,
159106.SZ,20260820,0.0,,0.0,1.053,,0.0,
159105.SZ,20260820,810300.0,0.969,785180.7,0.934,,0.551408,
159103.SZ,20260820,5000.0,0.637,3185.0,0.637,,0.0463542,
159102.SZ,20260820,1289700.0,0.849,1094955.3,0.822,,2.11564,
159101.SZ,20260820,756600.0,0.769,581825.4,0.757,,0.40393,
159100.SZ,20260820,1406600.0,1.047,1472710.2,1.037,,4.57471,
159099.SZ,20260820,51100.0,0.977,49924.7,0.975,,0.271764,
159098.SZ,20260820,0.0,,0.0,1.001,,0.0,
159095.SZ,20260820,100.0,0.942,94.2,0.939,,0.000207585,
159093.SZ,20260820,0.0,,0.0,1.03,,0.0,
159091.SZ,20260820,4500.0,1.05,4725.0,1.044,,0.129393,
159087.SZ,20260820,0.0,,0.0,1.033,,0.0,
159086.SZ,20260820,0.0,,0.0,1.013,,0.0,
159085.SZ,20260820,0.0,,0.0,1.034,,0.0,
159083.SZ,20260820,0.0,,0.0,0.993,,0.0,
159079.SZ,20260820,0.0,,0.0,0.999,,0.0,
159078.SZ,20260820,200.0,0.939,187.8,0.935,,0.00247621,
159077.SZ,20260820,200.0,0.992,198.4,0.979,,0.00125934,
159076.SZ,20260820,20300.0,0.861,17478.3,0.86,,0.128336,
159075.SZ,20260820,0.0,,0.0,0.904,,0.0,
159073.SZ,20260820,454012.0,1.002,454920.024,1.037,,,
159072.SZ,20260820,143400.0,1.101,157883.4,1.126,,0.87032,
159071.SZ,20260820,120000.0,0.836,100320.0,0.833,,0.994461,
159070.SZ,20260820,0.0,,0.0,0.938,,0.0,
159069.SZ,20260820,91500.0,1.028,94062.0,1.028,,0.731506,
159068.SZ,20260820,9500.0,0.994,9443.0,0.994,,0.10087,
159030.SZ,20260820,353100.0,0.844,298016.4,0.875,,0.961542,
159029.SZ,20260820,244900.0,0.93,227757.0,0.909,,1.152,
159028.SZ,20260820,0.0,,0.0,0.774,,0.0,
159027.SZ,20260820,0.0,,0.0,0.893,,0.0,
128127.SZ,20260820,0.0,,0.0,114.721,,,
128044.SZ,20260820,0.0,,0.0,71.372,,,
127115.SZ,20260820,5370.0,171.0,918270.0,171.2,,,
127114.SZ,20260820,240.0,139.69,33525.6,139.653,,,
127113.SZ,20260820,410.0,163.96,67223.6,163.75,,,
127112.SZ,20260820,4270.0,159.718,681995.86,160.022,,,
127111.SZ,20260820,200.0,140.0,28000.0,140.099,,,
127110.SZ,20260820,220.0,136.5,30030.0,136.606,,,
127109.SZ,20260820,470.0,166.896,78441.12,166.0,,,
127108.SZ,20260820,0.0,,0.0,124.7,,,
127105.SZ,20260820,10.0,131.028,1310.28,131.078,,,
127104.SZ,20260820,110.0,143.906,15829.66,144.009,,,
127103.SZ,20260820,390.0,138.087,53853.93,137.647,,,
127102.SZ,20260820,30.0,121.862,3655.86,121.862,,,
127099.SZ,20260820,170.0,135.6,23052.0,135.299,,,
127098.SZ,20260820,180.0,122.856,22114.08,123.09,,,
127096.SZ,20260820,4840.0,571.0,2763640.0,558.0,,,
127095.SZ,20260820,70.0,143.956,10076.92,143.982,,,
127093.SZ,20260820,70.0,130.0,9100.0,130.086,,,
127092.SZ,20260820,400.0,278.556,111422.4,278.278,,,
127089.SZ,20260820,180.0,123.3,22194.0,123.08,,,
127088.SZ,20260820,250.0,173.914,43478.5,173.827,,,
127085.SZ,20260820,640.0,121.275,77616.0,121.099,,,
127084.SZ,20260820,80.0,142.036,11362.88,142.047,,,
127083.SZ,20260820,20.0,118.894,2377.88,118.6,,,
127082.SZ,20260820,70.0,134.797,9435.79,134.788,,,
127080.SZ,20260820,690.0,265.785,183391.65,264.2,,,
128129.SZ,20260820,0.0,,0.0,107.938,,,
128134.SZ,20260820,1890.0,117.9,222831.0,117.081,,,
128135.SZ,20260820,100.0,114.68,11468.0,114.7,,,
159011.SZ,20260820,0.0,,0.0,1.043,,0.0,
159026.SZ,20260820,0.0,,0.0,0.93,,0.0,
159023.SZ,20260820,0.0,,0.0,1.046,,0.0,
159022.SZ,20260820,8000.0,0.999,7992.0,0.996,,0.041032,
159021.SZ,20260820,0.0,,0.0,0.993,,0.0,
159020.SZ,20260820,31100.0,0.898,27927.8,0.896,,0.335244,
159019.SZ,20260820,21300.0,0.942,20064.6,0.935,,0.116151,
159018.SZ,20260820,0.0,,0.0,0.911,,0.0,
159017.SZ,20260820,0.0,,0.0,0.928,,0.0,
159016.SZ,20260820,21200.0,0.992,21030.4,0.992,,0.07062,
159015.SZ,20260820,2600.0,0.915,2379.0,0.911,,0.0526369,
159013.SZ,20260820,0.0,,0.0,0.997,,0.0,
159012.SZ,20260820,13900.0,0.92,12788.0,0.912,,0.147092,
159010.SZ,20260820,9800.0,0.935,9163.0,0.934,,0.142296,
128136.SZ,20260820,940.0,114.9,108006.0,114.691,,,
159009.SZ,20260820,100.0,0.888,88.8,0.884,,0.00443463,
159008.SZ,20260820,2700.0,0.991,2675.7,0.993,,0.0429485,
159007.SZ,20260820,200.0,0.868,173.6,0.868,,0.00116833,
159005.SZ,20260820,100.0,100.0,10000.0,100.0,,0.11417,
159003.SZ,20260820,1000.0,99.999,99999.0,100.0,,0.2702,
159001.SZ,20260820,195508.0,99.999,19550604.492,100.001,,2.72812,
158012.SZ,20260820,300000.0,0.942,282600.0,0.936,,,
158009.SZ,20260820,1000.0,0.998,998.0,0.998,,0.0109842,
158006.SZ,20260820,0.0,,0.0,1.021,,0.0,
158003.SZ,20260820,3449635.0,1.035,3570372.225,0.999,,2.11915,
128142.SZ,20260820,30.0,114.467,3434.01,114.467,,,
128138.SZ,20260820,1070.0,130.636,139780.52,130.497,,,
159500.SZ,20260820,70200.0,1.181,82906.2,1.17,,0.356155,
159501.SZ,20260820,0.0,,0.0,2.069,,0.0,
159502.SZ,20260820,5432900.0,1.696,9214198.4,1.592,,3.97507,
159939.SZ,20260820,16800.0,1.107,18597.6,1.097,,0.0607541,
159937.SZ,20260820,441300.0,9.224,4070551.2,8.951,,0.478398,
159936.SZ,20260820,0.0,,0.0,1.899,,0.0,
159935.SZ,20260820,200.0,2.523,504.6,2.463,,0.0211846,
159934.SZ,20260820,736076.0,9.652,7104605.552,9.375,,0.691736,
159933.SZ,20260820,0.0,,0.0,2.848,,0.0,
159931.SZ,20260820,7200.0,1.885,13572.0,1.83,,5.48279,
159930.SZ,20260820,173500.0,1.732,300502.0,1.745,,0.337286,
159929.SZ,20260820,481300.0,1.392,669969.6,1.367,,0.680817,
159928.SZ,20260820,1838100.0,0.664,1220498.4,0.664,,0.357601,
159925.SZ,20260820,9800.0,4.737,46422.6,4.73,,0.0446297,
159923.SZ,20260820,200.0,2.172,434.4,2.171,,0.00675165,
159922.SZ,20260820,47900.0,3.188,152705.2,3.164,,0.0458303,
159920.SZ,20260820,1402900.0,1.511,2119781.9,1.498,,0.88346,
159919.SZ,20260820,92700.0,4.871,451541.7,4.85,,0.0608274,
159918.SZ,20260820,800.0,2.496,1996.8,2.45,,0.069946,
159916.SZ,20260820,0.0,,0.0,5.08,,0.0,
159915.SZ,20260820,10611900.0,3.527,37428171.3,3.498,,0.628312,
159913.SZ,20260820,0.0,,0.0,2.441,,0.0,
159912.SZ,20260820,200.0,1.93,386.0,1.92,,0.0229822,
159910.SZ,20260820,0.0,,0.0,2.36,,0.0,
159909.SZ,20260820,1900.0,1.323,2513.7,1.31,,0.0382835,
159908.SZ,20260820,17600.0,3.288,57868.8,3.267,,0.0584151,
159907.SZ,20260820,8800.0,1.06,9328.0,1.052,,0.105851,
159906.SZ,20260820,7900.0,1.716,13556.4,1.715,,0.0450051,
159905.SZ,20260820,40000.0,1.677,67080.0,1.685,,0.161492,
159903.SZ,20260820,298500.0,1.71,510435.0,1.701,,0.735732,
159902.SZ,20260820,9500.0,4.6,43700.0,4.569,,0.489156,
159938.SZ,20260820,1528700.0,0.68,1039516.0,0.669,,2.28544,
159940.SZ,20260820,38100.0,1.191,45377.1,1.194,,4.17534,
159899.SZ,20260820,114300.0,0.706,80695.8,0.704,,0.259963,
159941.SZ,20260820,8913775.0,1.651,14716642.525,1.639,,1.34854,
159980.SZ,20260820,427500.0,2.134,912285.0,2.124,,0.252263,
159977.SZ,20260820,329000.0,1.833,603057.0,1.822,,0.236369,
159976.SZ,20260820,0.0,,0.0,1.277,,0.0,
159975.SZ,20260820,100.0,0.764,76.4,0.759,,0.00258252,
159974.SZ,20260820,0.0,,0.0,1.77,,0.0,
159973.SZ,20260820,0.0,,0.0,1.958,,0.0,
159972.SZ,20260820,0.0,,0.0,119.795,,0.0,
159971.SZ,20260820,463400.0,1.228,569055.2,1.218,,0.457497,
159970.SZ,20260820,0.0,,0.0,1.034,,0.0,
159968.SZ,20260820,500.0,10.435,5217.5,10.23,,0.0388265,
159967.SZ,20260820,4051400.0,0.8,3241120.0,0.794,,0.411661,
159966.SZ,20260820,200.0,0.547,109.4,0.545,,0.00125261,
159965.SZ,20260820,0.0,,0.0,1.619,,0.0,
159964.SZ,20260820,0.0,,0.0,2.285,,0.0,
159961.SZ,20260820,0.0,,0.0,2.213,,0.0,
159960.SZ,20260820,0.0,,0.0,0.864,,0.0,
159959.SZ,20260820,200.0,1.622,324.4,1.621,,0.0992753,
159958.SZ,20260820,2000.0,2.13,4260.0,2.117,,0.0419393,
159957.SZ,20260820,266900.0,2.304,614937.6,2.292,,0.264016,
159956.SZ,20260820,11500.0,2.263,26024.5,2.213,,0.423588,
159954.SZ,20260820,101600.0,0.931,94589.6,0.928,,6.20534,
159952.SZ,20260820,1338500.0,2.139,2863051.5,2.122,,0.346987,
159949.SZ,20260820,5090100.0,1.651,8403755.1,1.64,,0.4694,
159948.SZ,20260820,43900.0,3.9,171210.0,3.863,,0.167135,
159945.SZ,20260820,4800.0,1.383,6638.4,1.391,,0.108963,
159944.SZ,20260820,1200.0,1.518,1821.6,1.489,,0.0346713,
159943.SZ,20260820,106400.0,1.545,164388.0,1.538,,0.436254,
159901.SZ,20260820,59200.0,3.63,214896.0,3.613,,0.0615676,
159898.SZ,20260820,7400.0,0.493,3648.2,0.488,,0.0243571,
159816.SZ,20260820,0.0,,0.0,114.001,,0.0,
159857.SZ,20260820,371600.0,0.73,271268.0,0.724,,0.395922,
159855.SZ,20260820,30000.0,0.718,21540.0,0.711,,0.190963,
159852.SZ,20260820,4118500.0,0.681,2804698.5,0.678,,0.378261,
159851.SZ,20260820,1202900.0,0.6,721740.0,0.596,,0.292374,
159850.SZ,20260820,63400.0,0.824,52241.6,0.82,,0.384765,
159849.SZ,20260820,159100.0,0.537,85436.7,0.517,,3.79918,
159848.SZ,20260820,0.0,,0.0,0.846,,0.0,
159847.SZ,20260820,1058200.0,0.419,443385.8,0.413,,1.25443,
159845.SZ,20260820,1219700.0,3.157,3850592.9,3.132,,0.188225,
159843.SZ,20260820,3300.0,0.545,1798.5,0.543,,0.0249217,
159842.SZ,20260820,94100.0,1.013,95323.3,1.009,,0.0306992,
159841.SZ,20260820,328600.0,0.966,317427.6,0.963,,0.108962,
159840.SZ,20260820,76000.0,0.77,58520.0,0.77,,0.103023,
159839.SZ,20260820,9170200.0,0.397,3640569.4,0.38,,5.73749,
159838.SZ,20260820,0.0,,0.0,0.604,,0.0,
159837.SZ,20260820,1891900.0,0.535,1012166.5,0.515,,2.15561,
159836.SZ,20260820,0.0,,0.0,1.273,,0.0,
159835.SZ,20260820,108500.0,0.719,78011.5,0.696,,0.298013,
159834.SZ,20260820,36100.0,9.651,348401.1,9.366,,0.207883,
159831.SZ,20260820,78900.0,9.422,743395.8,9.06,,0.44746,
159830.SZ,20260820,15700.0,9.641,151363.7,9.37,,0.21407,
159828.SZ,20260820,5308700.0,0.436,2314593.2,0.428,,3.69447,
159827.SZ,20260820,43100.0,0.783,33747.3,0.783,,0.99792,
159825.SZ,20260820,1514200.0,0.72,1090224.0,0.724,,0.852713,
159824.SZ,20260820,0.0,,0.0,1.091,,0.0,
159822.SZ,20260820,24600.0,0.598,14710.8,0.596,,0.255299,
159821.SZ,20260820,0.0,,0.0,1.322,,0.0,
159820.SZ,20260820,14000.0,1.369,19166.0,1.356,,0.150829,
159856.SZ,20260820,50000.0,0.591,29550.0,0.591,,1.54804,
159858.SZ,20260820,745900.0,0.746,556441.4,0.723,,1.22252,
159896.SZ,20260820,0.0,,0.0,1.259,,0.0,
159859.SZ,20260820,29135800.0,0.43,12528394.0,0.41,,4.83765,
159895.SZ,20260820,0.0,,0.0,1.361,,0.0,
159892.SZ,20260820,15756200.0,0.818,12888571.6,0.79,,1.67998,
159891.SZ,20260820,15400.0,0.383,5898.2,0.383,,0.0511429,
159890.SZ,20260820,3600.0,1.708,6148.8,1.703,,0.0203271,
159889.SZ,20260820,0.0,,0.0,0.871,,0.0,
159888.SZ,20260820,0.0,,0.0,1.008,,0.0,
159887.SZ,20260820,2916200.0,1.323,3858132.6,1.335,,3.55083,
159886.SZ,20260820,0.0,,0.0,0.922,,0.0,
159885.SZ,20260820,0.0,,0.0,0.724,,0.0,
159883.SZ,20260820,3950800.0,0.441,1742302.8,0.436,,2.02522,
159881.SZ,20260820,183500.0,0.937,171939.5,0.912,,1.1805,
159880.SZ,20260820,1238900.0,0.982,1216599.8,0.956,,3.15513,
159877.SZ,20260820,700.0,0.509,356.3,0.508,,0.00717104,
159876.SZ,20260820,275700.0,0.992,273494.4,0.972,,0.272502,
159875.SZ,20260820,20300.0,0.597,12119.1,0.596,,0.0203425,
159873.SZ,20260820,23100.0,0.527,12173.7,0.52,,0.122211,
159872.SZ,20260820,3700.0,0.821,3037.7,0.82,,0.308915,
159871.SZ,20260820,238800.0,0.978,233546.4,0.953,,0.575483,
159870.SZ,20260820,859200.0,0.805,691656.0,0.802,,0.185115,
159869.SZ,20260820,2192700.0,1.081,2370308.7,1.07,,0.387261,
159867.SZ,20260820,45500.0,0.542,24661.0,0.543,,0.0583771,
159866.SZ,20260820,2589000.0,1.684,4359876.0,1.67,,1.46337,
159865.SZ,20260820,1518600.0,0.532,807895.2,0.531,,0.358909,
159864.SZ,20260820,300.0,0.555,166.5,0.553,,0.0014986,
159863.SZ,20260820,30200.0,0.571,17244.2,0.567,,0.455351,
159862.SZ,20260820,300.0,0.548,164.4,0.546,,0.005714,
159861.SZ,20260820,0.0,,0.0,1.046,,0.0,
159981.SZ,20260820,730600.0,1.565,1143389.0,1.567,,0.383923,
159982.SZ,20260820,14200.0,2.105,29891.0,2.1,,0.145361,
159985.SZ,20260820,1515700.0,2.232,3383042.4,2.214,,1.00812,
160921.SZ,20260820,0.0,,0.0,1.394,,0.0,
160918.SZ,20260820,0.0,,0.0,2.589,,0.0,
160916.SZ,20260820,0.0,,0.0,4.685,,0.0,
160910.SZ,20260820,0.0,,0.0,0.93,,0.0,
160813.SZ,20260820,0.0,,0.0,1.889,,0.0,
160812.SZ,20260820,0.0,,0.0,2.46,,0.0,
160807.SZ,20260820,0.0,,0.0,1.891,,0.0,
160806.SZ,20260820,0.0,,0.0,2.074,,0.0,
160805.SZ,20260820,0.0,,0.0,0.742,,0.0,
160726.SZ,20260820,0.0,,0.0,1.195,,0.0,
160723.SZ,20260820,1380784.0,2.108,2910692.672,2.103,,0.470182,
160722.SZ,20260820,0.0,,0.0,2.253,,0.0,
160719.SZ,20260820,408919.0,1.978,808841.782,1.919,,8.63378,
160717.SZ,20260820,4600.0,0.727,3344.2,0.724,,1.48086,
160716.SZ,20260820,0.0,,0.0,2.061,,0.0,
160706.SZ,20260820,0.0,,0.0,1.189,,0.0,
160644.SZ,20260820,1218000.0,1.754,2136372.0,1.721,,1.09989,
160643.SZ,20260820,1500.0,1.162,1743.0,1.13,,0.48742,
160642.SZ,20260820,0.0,,0.0,2.648,,0.0,
160641.SZ,20260820,0.0,,0.0,106.24,,0.0,
160639.SZ,20260820,0.0,,0.0,0.835,,0.0,
160638.SZ,20260820,0.0,,0.0,3.042,,0.0,
160637.SZ,20260820,0.0,,0.0,1.626,,0.0,
160635.SZ,20260820,0.0,,0.0,0.918,,0.0,
160633.SZ,20260820,0.0,,0.0,1.051,,0.0,
160632.SZ,20260820,18800.0,0.266,5000.8,0.266,,0.192658,
160631.SZ,20260820,0.0,,0.0,1.368,,0.0,
160630.SZ,20260820,0.0,,0.0,0.955,,0.0,
160919.SZ,20260820,0.0,,0.0,3.626,,0.0,
160924.SZ,20260820,0.0,,0.0,1.005,,0.0,
159991.SZ,20260820,2600.0,0.826,2147.6,0.826,,0.0487768,
160925.SZ,20260820,0.0,,0.0,1.319,,0.0,
161118.SZ,20260820,0.0,,0.0,1.541,,0.0,
161117.SZ,20260820,0.0,,0.0,1.041,,0.0,
161116.SZ,20260820,824057.0,1.656,1364638.392,1.603,,6.82391,
161115.SZ,20260820,0.0,,0.0,1.757,,0.0,
161040.SZ,20260820,0.0,,0.0,2.222,,0.0,
161039.SZ,20260820,6200.0,2.7,16740.0,2.664,,14.06,
161038.SZ,20260820,0.0,,0.0,1.65,,0.0,
161037.SZ,20260820,0.0,,0.0,2.83,,0.0,
161036.SZ,20260820,0.0,,0.0,0.638,,0.0,
161035.SZ,20260820,0.0,,0.0,1.334,,0.0,
161033.SZ,20260820,0.0,,0.0,1.71,,0.0,
161032.SZ,20260820,0.0,,0.0,2.304,,0.0,
161031.SZ,20260820,0.0,,0.0,1.51,,0.0,
161030.SZ,20260820,0.0,,0.0,1.012,,0.0,
161029.SZ,20260820,800.0,1.768,1414.4,1.775,,1.02609,
161028.SZ,20260820,0.0,,0.0,1.028,,0.0,
161027.SZ,20260820,0.0,,0.0,1.012,,0.0,
161026.SZ,20260820,0.0,,0.0,1.196,,0.0,
161025.SZ,20260820,0.0,,0.0,1.421,,0.0,
161024.SZ,20260820,2800.0,1.081,3026.8,1.083,,0.282506,
161019.SZ,20260820,0.0,,0.0,1.223,,0.0,
161017.SZ,20260820,0.0,,0.0,2.554,,0.0,
161015.SZ,20260820,0.0,,0.0,1.309,,0.0,
161014.SZ,20260820,0.0,,0.0,1.466,,0.0,
161010.SZ,20260820,0.0,,0.0,1.199,,0.0,
161005.SZ,20260820,5700.0,3.162,18023.4,3.151,,0.250416,
160926.SZ,20260820,0.0,,0.0,1.082,,0.0,
160629.SZ,20260820,0.0,,0.0,1.024,,0.0,
160628.SZ,20260820,0.0,,0.0,0.482,,0.0,
160626.SZ,20260820,0.0,,0.0,1.615,,0.0,
160625.SZ,20260820,0.0,,0.0,0.822,,0.0,
160222.SZ,20260820,0.0,,0.0,0.665,,0.0,
160221.SZ,20260820,400.0,2.297,918.8,2.255,,0.0775038,
160220.SZ,20260820,0.0,,0.0,4.598,,0.0,
160219.SZ,20260820,0.0,,0.0,0.587,,0.0,
160218.SZ,20260820,0.0,,0.0,0.576,,0.0,
160216.SZ,20260820,210126.0,0.651,136792.026,0.64,,7.89442,
160215.SZ,20260820,1000.0,3.675,3675.0,3.598,,1.39294,
160212.SZ,20260820,400.0,3.441,1376.4,3.695,,0.621357,
160211.SZ,20260820,0.0,,0.0,2.628,,0.0,
160143.SZ,20260820,0.0,,0.0,1.656,,0.0,
160142.SZ,20260820,800.0,1.086,868.8,1.066,,9.88386,
160140.SZ,20260820,19000.0,1.452,27588.0,1.443,,0.500706,
160135.SZ,20260820,0.0,,0.0,0.99,,0.0,
160133.SZ,20260820,0.0,,0.0,4.365,,0.0,
160128.SZ,20260820,200.0,1.026,205.2,1.026,,0.137969,
160127.SZ,20260820,0.0,,0.0,0.853,,0.0,
160125.SZ,20260820,100.0,1.558,155.8,1.55,,0.0182262,
160119.SZ,20260820,0.0,,0.0,2.222,,0.0,
160106.SZ,20260820,0.0,,0.0,1.59,,0.0,
160105.SZ,20260820,0.0,,0.0,1.308,,0.0,
159998.SZ,20260820,53000.0,0.967,51251.0,0.964,,0.0401848,
159997.SZ,20260820,88600.0,2.105,186503.0,2.081,,0.184051,
159996.SZ,20260820,63000.0,1.416,89208.0,1.415,,0.0981303,
159995.SZ,20260820,5695400.0,1.174,6686399.6,1.163,,0.719427,
159994.SZ,20260820,599100.0,1.252,750073.2,1.241,,0.301135,
159993.SZ,20260820,171000.0,1.15,196650.0,1.149,,0.187154,
159992.SZ,20260820,40099300.0,0.927,37172051.1,0.897,,3.01077,
160223.SZ,20260820,0.0,,0.0,1.957,,0.0,
160225.SZ,20260820,0.0,,0.0,1.776,,0.0,
160311.SZ,20260820,0.0,,0.0,1.439,,0.0,
160527.SZ,20260820,0.0,,0.0,0.832,,0.0,
160622.SZ,20260820,0.0,,0.0,1.144,,0.0,
160621.SZ,20260820,0.0,,0.0,1.392,,0.0,
160620.SZ,20260820,0.0,,0.0,2.842,,0.0,
160618.SZ,20260820,0.0,,0.0,1.631,,0.0,
160617.SZ,20260820,0.0,,0.0,1.115,,0.0,
160616.SZ,20260820,0.0,,0.0,2.314,,0.0,
160615.SZ,20260820,0.0,,0.0,1.396,,0.0,
160613.SZ,20260820,0.0,,0.0,1.201,,0.0,
160611.SZ,20260820,0.0,,0.0,1.293,,0.0,
160610.SZ,20260820,0.0,,0.0,1.304,,0.0,
160607.SZ,20260820,0.0,,0.0,0.869,,0.0,
160529.SZ,20260820,100.0,1.484,148.4,1.48,,0.102481,
160526.SZ,20260820,0.0,,0.0,1.316,,0.0,
160314.SZ,20260820,0.0,,0.0,1.356,,0.0,
160518.SZ,20260820,0.0,,0.0,2.707,,0.0,
160515.SZ,20260820,0.0,,0.0,1.035,,0.0,
160513.SZ,20260820,0.0,,0.0,2.224,,0.0,
160512.SZ,20260820,0.0,,0.0,2.829,,0.0,
160505.SZ,20260820,0.0,,0.0,1.096,,0.0,
160421.SZ,20260820,0.0,,0.0,1.601,,0.0,
160416.SZ,20260820,13605.0,2.192,29822.16,2.195,,0.230769,
160326.SZ,20260820,0.0,,0.0,0.917,,0.0,
160325.SZ,20260820,0.0,,0.0,1.698,,0.0,
160324.SZ,20260820,6800.0,3.178,21610.4,3.061,,0.637762,
160323.SZ,20260820,11400.0,1.755,20007.0,1.755,,1.33998,
160322.SZ,20260820,0.0,,0.0,1.063,,0.0,
159819.SZ,20260820,602400.0,1.756,1057814.4,1.739,,0.184324,
159814.SZ,20260820,23500.0,0.726,17061.0,0.722,,0.032143,
159505.SZ,20260820,2100.0,1.616,3393.6,1.58,,0.0838838,
159612.SZ,20260820,58100.0,2.065,119976.5,2.051,,0.267924,
159610.SZ,20260820,4500.0,1.27,5715.0,1.259,,0.090163,
159609.SZ,20260820,20000.0,0.498,9960.0,0.494,,0.147675,
159608.SZ,20260820,403300.0,1.104,445243.2,1.087,,0.390847,
159607.SZ,20260820,552100.0,0.825,455482.5,0.815,,0.480256,
159606.SZ,20260820,2000.0,1.355,2710.0,1.349,,0.0107245,
159605.SZ,20260820,2908100.0,0.83,2413723.0,0.818,,1.12111,
159603.SZ,20260820,16600.0,1.718,28518.8,1.701,,0.173641,
159602.SZ,20260820,0.0,,0.0,1.09,,0.0,
159601.SZ,20260820,14900.0,1.129,16822.1,1.125,,0.0192067,
159600.SZ,20260820,0.0,,0.0,101.63,,0.0,
159599.SZ,20260820,502800.0,2.848,1431974.4,2.822,,0.641049,
159597.SZ,20260820,379700.0,0.822,312113.4,0.806,,0.791311,
159596.SZ,20260820,6200.0,0.654,4054.8,0.653,,0.0177266,
159595.SZ,20260820,7100.0,1.372,9741.2,1.374,,0.0092194,
159593.SZ,20260820,8300.0,1.368,11354.4,1.368,,0.0176261,
159592.SZ,20260820,0.0,,0.0,1.351,,0.0,
159591.SZ,20260820,0.0,,0.0,1.384,,0.0,
159590.SZ,20260820,489200.0,0.88,430496.0,0.879,,0.659398,
159589.SZ,20260820,16400.0,1.09,17876.0,1.096,,0.167656,
159588.SZ,20260820,1200.0,1.26,1512.0,1.26,,0.00634333,
159587.SZ,20260820,1260500.0,1.155,1455877.5,1.203,,2.12707,
159586.SZ,20260820,42200.0,1.038,43803.6,1.038,,0.360644,
159583.SZ,20260820,1688000.0,1.642,2771696.0,1.627,,0.458907,
159582.SZ,20260820,529700.0,0.785,415814.5,0.777,,0.333224,
159581.SZ,20260820,52300.0,1.057,55281.1,1.062,,0.23656,
159578.SZ,20260820,0.0,,0.0,1.184,,0.0,
159577.SZ,20260820,263600.0,1.634,430722.4,1.62,,0.636378,
159611.SZ,20260820,2646900.0,1.028,2721013.2,1.028,,0.58294,
159613.SZ,20260820,20500.0,0.857,17568.5,0.854,,0.136054,
159575.SZ,20260820,0.0,,0.0,1.379,,0.0,
159615.SZ,20260820,462500.0,1.176,543900.0,1.135,,0.493513,
159647.SZ,20260820,69500.0,0.907,63036.5,0.903,,0.233387,
159645.SZ,20260820,604500.0,0.688,415896.0,0.626,,104.835,
159643.SZ,20260820,2147900.0,0.608,1305923.2,0.565,,16.0354,
159642.SZ,20260820,0.0,,0.0,0.943,,0.0,
159641.SZ,20260820,0.0,,0.0,0.995,,0.0,
159640.SZ,20260820,0.0,,0.0,0.937,,0.0,
159639.SZ,20260820,0.0,,0.0,0.958,,0.0,
159638.SZ,20260820,111500.0,0.822,91653.0,0.821,,0.2211,
159637.SZ,20260820,5300.0,0.823,4361.9,0.823,,0.0278722,
159636.SZ,20260820,4972700.0,0.542,2695203.4,0.534,,0.950334,
159635.SZ,20260820,0.0,,0.0,0.983,,0.0,
159633.SZ,20260820,118900.0,3.24,385236.0,3.214,,0.0363805,
159632.SZ,20260820,588100.0,2.455,1443785.5,2.436,,0.538604,
159631.SZ,20260820,0.0,,0.0,1.249,,0.0,
159630.SZ,20260820,0.0,,0.0,1.369,,0.0,
159629.SZ,20260820,120700.0,3.173,382981.1,3.14,,0.0692921,
159628.SZ,20260820,179600.0,1.377,247309.2,1.37,,0.295665,
159627.SZ,20260820,0.0,,0.0,1.306,,0.0,
159625.SZ,20260820,5300.0,1.188,6296.4,1.189,,0.0173488,
159623.SZ,20260820,0.0,,0.0,0.971,,0.0,
159622.SZ,20260820,3511700.0,1.248,4382601.6,1.205,,2.85904,
159621.SZ,20260820,0.0,,0.0,1.156,,0.0,
159620.SZ,20260820,200.0,1.274,254.8,1.274,,0.00410393,
159619.SZ,20260820,100.0,0.927,92.7,0.928,,0.00331464,
159618.SZ,20260820,0.0,,0.0,0.666,,0.0,
159617.SZ,20260820,0.0,,0.0,1.36,,0.0,
159616.SZ,20260820,0.0,,0.0,0.793,,0.0,
159576.SZ,20260820,100.0,1.55,155.0,1.548,,0.00302137,
159573.SZ,20260820,1300.0,1.429,1857.7,1.422,,0.0112462,
159813.SZ,20260820,2021400.0,0.755,1526157.0,0.746,,0.368702,
159538.SZ,20260820,31600.0,0.907,28661.2,0.9,,0.250522,
159536.SZ,20260820,168600.0,1.392,234691.2,1.421,,1.65475,
159535.SZ,20260820,200.0,1.499,299.8,1.451,,0.00386007,
159533.SZ,20260820,800.0,1.921,1536.8,1.881,,0.0301814,
159532.SZ,20260820,46900.0,1.607,75368.3,1.599,,0.150728,
159531.SZ,20260820,1908095.0,1.43,2728575.85,1.418,,1.33875,
159530.SZ,20260820,5239500.0,1.345,7047127.5,1.337,,0.69017,
159529.SZ,20260820,474600.0,1.305,619353.0,1.288,,1.47885,
159528.SZ,20260820,0.0,,0.0,1.234,,0.0,
159527.SZ,20260820,26400.0,0.71,18744.0,0.703,,0.0848477,
159526.SZ,20260820,10700.0,1.417,15161.9,1.418,,0.0442162,
159525.SZ,20260820,107200.0,1.086,116419.2,1.095,,0.603134,
159523.SZ,20260820,0.0,,0.0,1.266,,0.0,
159521.SZ,20260820,200.0,1.258,251.6,1.246,,0.00702731,
159520.SZ,20260820,600.0,0.918,550.8,0.918,,0.00743225,
159519.SZ,20260820,3000.0,1.76,5280.0,1.756,,0.0150349,
159518.SZ,20260820,2228900.0,1.251,2788353.9,1.254,,0.696842,
159517.SZ,20260820,200.0,1.349,269.8,1.349,,0.00495297,
159516.SZ,20260820,56095900.0,0.745,41791445.5,0.736,,0.919304,
159515.SZ,20260820,0.0,,0.0,1.195,,0.0,
159513.SZ,20260820,829500.0,1.801,1493929.5,1.789,,0.76099,
159512.SZ,20260820,95300.0,1.029,98063.7,1.029,,0.550796,
159511.SZ,20260820,10400.0,2.366,24606.4,2.346,,0.116424,
159510.SZ,20260820,0.0,,0.0,1.254,,0.0,
159509.SZ,20260820,0.0,,0.0,2.772,,0.0,
159508.SZ,20260820,222000.0,0.878,194916.0,0.836,,1.15035,
159507.SZ,20260820,753100.0,0.852,641641.2,0.851,,0.997786,
159506.SZ,20260820,4171300.0,1.325,5526972.5,1.271,,1.06361,
159537.SZ,20260820,63200.0,0.895,56564.0,0.893,,0.900264,
159539.SZ,20260820,300.0,1.784,535.2,1.772,,0.0141264,
159572.SZ,20260820,19800.0,1.43,28314.0,1.417,,0.195519,
159540.SZ,20260820,2700.0,1.944,5248.8,1.908,,0.0234603,
159571.SZ,20260820,0.0,,0.0,1.411,,0.0,
159570.SZ,20260820,22714400.0,1.497,34003456.8,1.436,,1.50394,
159569.SZ,20260820,71100.0,1.404,99824.4,1.404,,0.11615,
159568.SZ,20260820,137800.0,1.183,163017.4,1.172,,0.201555,
159567.SZ,20260820,28004000.0,0.718,20106872.0,0.694,,2.18424,
159566.SZ,20260820,174500.0,1.852,323174.0,1.836,,0.0941513,
159565.SZ,20260820,2100.0,1.292,2713.2,1.28,,0.00959674,
159563.SZ,20260820,0.0,,0.0,1.808,,0.0,
159562.SZ,20260820,4304900.0,2.34,10073466.0,2.246,,2.9421,
159561.SZ,20260820,304500.0,1.37,417165.0,1.369,,0.384452,
159560.SZ,20260820,29800.0,2.325,69285.0,2.297,,0.254737,
159559.SZ,20260820,356500.0,1.21,431365.0,1.208,,0.312703,
159558.SZ,20260820,13756700.0,1.169,16081582.3,1.155,,0.757254,
159557.SZ,20260820,78000.0,1.509,117702.0,1.458,,0.13664,
159556.SZ,20260820,200.0,1.19,238.0,1.188,,0.027677,
159555.SZ,20260820,13600.0,1.711,23269.6,1.703,,0.35227,
159553.SZ,20260820,300.0,1.819,545.7,1.775,,0.0372402,
159552.SZ,20260820,1220100.0,2.227,2717162.7,2.207,,1.41265,
159551.SZ,20260820,3100.0,1.248,3868.8,1.244,,0.0152857,
159550.SZ,20260820,156300.0,0.813,127071.9,0.812,,2.29881,
159549.SZ,20260820,45700.0,1.186,54200.2,1.186,,0.901624,
159547.SZ,20260820,72800.0,1.192,86777.6,1.2,,0.0627238,
159546.SZ,20260820,181700.0,0.778,141362.6,0.77,,0.254279,
159545.SZ,20260820,318700.0,1.313,418453.1,1.307,,0.596676,
159543.SZ,20260820,200.0,1.473,294.6,1.454,,0.0116372,
159542.SZ,20260820,0.0,,0.0,1.327,,0.0,
159541.SZ,20260820,0.0,,0.0,1.521,,0.0,
159649.SZ,20260820,300.0,110.305,33091.5,110.305,,0.0036302,
159650.SZ,20260820,4000.0,107.944,431776.0,107.949,,0.0636596,
159651.SZ,20260820,700.0,108.033,75623.1,108.03,,0.0156593,
159775.SZ,20260820,0.0,,0.0,0.792,,0.0,
159770.SZ,20260820,513800.0,0.992,509689.6,0.99,,0.276713,
159768.SZ,20260820,476500.0,0.435,207277.5,0.438,,0.449756,
159767.SZ,20260820,1800.0,0.778,1400.4,0.777,,0.0399629,
159766.SZ,20260820,795400.0,0.551,438265.4,0.55,,0.39178,
159763.SZ,20260820,100.0,0.739,73.9,0.737,,0.00159085,
159761.SZ,20260820,500.0,0.82,410.0,0.812,,0.00462398,
159760.SZ,20260820,0.0,,0.0,0.604,,0.0,
159758.SZ,20260820,88900.0,1.129,100368.1,1.125,,0.305901,
159757.SZ,20260820,1900.0,0.797,1514.3,0.796,,0.0169031,
159755.SZ,20260820,145400.0,0.957,139147.8,0.952,,0.0407189,
159752.SZ,20260820,300.0,0.618,185.4,0.618,,0.00517795,
159751.SZ,20260820,332500.0,0.909,302242.5,0.897,,1.15659,
159750.SZ,20260820,438000.0,0.894,391572.0,0.876,,0.861223,
159748.SZ,20260820,2649100.0,0.878,2325909.8,0.854,,2.38094,
159747.SZ,20260820,324800.0,1.203,390734.4,1.185,,1.37221,
159745.SZ,20260820,280400.0,0.531,148892.4,0.531,,0.327047,
159743.SZ,20260820,0.0,,0.0,1.374,,0.0,
159742.SZ,20260820,3610900.0,0.608,2195427.2,0.597,,1.90418,
159741.SZ,20260820,2117300.0,0.593,1255558.9,0.584,,1.73235,
159740.SZ,20260820,30565100.0,0.592,18094539.2,0.583,,2.24487,
159739.SZ,20260820,1300.0,0.788,1024.4,0.785,,0.00550217,
159738.SZ,20260820,0.0,,0.0,2.025,,0.0,
159736.SZ,20260820,74600.0,0.591,44088.6,0.591,,0.228664,
159735.SZ,20260820,224320.0,0.677,151864.64,0.673,,1.05141,
159732.SZ,20260820,1058100.0,1.378,1458061.8,1.356,,0.362027,
159731.SZ,20260820,43200.0,0.948,40953.6,0.944,,0.0808286,
159730.SZ,20260820,0.0,,0.0,1.02,,0.0,
159773.SZ,20260820,6000.0,1.318,7908.0,1.306,,0.116095,
159776.SZ,20260820,48300.0,1.237,59747.1,1.195,,0.171237,
159652.SZ,20260820,693000.0,1.651,1144143.0,1.615,,0.617798,
159777.SZ,20260820,0.0,,0.0,1.222,,0.0,
159812.SZ,20260820,10000.0,9.209,92090.0,8.94,,0.312157,
159811.SZ,20260820,29500.0,2.93,86435.0,2.914,,0.336918,
159810.SZ,20260820,3500.0,1.413,4945.5,1.399,,0.0880415,
159808.SZ,20260820,0.0,,0.0,1.354,,0.0,
159807.SZ,20260820,52200.0,0.93,48546.0,0.926,,0.11753,
159806.SZ,20260820,3600.0,0.711,2559.6,0.713,,0.0163124,
159805.SZ,20260820,5200.0,1.141,5933.2,1.13,,0.0111515,
159804.SZ,20260820,0.0,,0.0,1.603,,0.0,
159801.SZ,20260820,734300.0,1.165,855459.5,1.154,,0.353743,
159800.SZ,20260820,500.0,1.421,710.5,1.42,,0.206169,
159798.SZ,20260820,25400.0,0.848,21539.2,0.852,,0.159807,
159797.SZ,20260820,15900.0,0.672,10684.8,0.667,,0.230263,
159796.SZ,20260820,159400.0,0.869,138518.6,0.865,,0.067621,
159795.SZ,20260820,0.0,,0.0,0.862,,0.0,
159793.SZ,20260820,14800.0,0.784,11603.2,0.781,,0.838498,
159792.SZ,20260820,29678900.0,0.602,17866697.8,0.594,,0.929874,
159791.SZ,20260820,0.0,,0.0,1.106,,0.0,
159790.SZ,20260820,4100.0,0.715,2931.5,0.715,,0.0106173,
159788.SZ,20260820,0.0,,0.0,1.226,,0.0,
159787.SZ,20260820,0.0,,0.0,0.59,,0.0,
159786.SZ,20260820,25700.0,1.145,29426.5,1.142,,0.232401,
159783.SZ,20260820,629700.0,1.121,705893.7,1.111,,0.361898,
159782.SZ,20260820,126700.0,1.12,141904.0,1.107,,0.365257,
159781.SZ,20260820,1753200.0,1.112,1949558.4,1.102,,0.340668,
159780.SZ,20260820,368200.0,1.11,408702.0,1.102,,0.220686,
159779.SZ,20260820,17400.0,1.451,25247.4,1.429,,0.267324,
159778.SZ,20260820,0.0,,0.0,1.185,,0.0,
159729.SZ,20260820,0.0,,0.0,0.706,,0.0,
159728.SZ,20260820,0.0,,0.0,0.762,,0.0,
159726.SZ,20260820,100.0,1.356,135.6,1.354,,0.00120365,
159725.SZ,20260820,0.0,,0.0,0.75,,0.0,
159685.SZ,20260820,600.0,1.469,881.4,1.441,,0.0290105,
159682.SZ,20260820,241300.0,1.611,388734.3,1.599,,0.141051,
159681.SZ,20260820,79100.0,1.634,129249.4,1.615,,0.109744,
159680.SZ,20260820,128700.0,1.663,214028.1,1.654,,0.169807,
159679.SZ,20260820,5600.0,1.267,7095.2,1.258,,0.101736,
159678.SZ,20260820,61000.0,1.54,93940.0,1.543,,1.53142,
159677.SZ,20260820,4000.0,1.456,5824.0,1.474,,0.0641427,
159676.SZ,20260820,34800.0,1.625,56550.0,1.619,,0.273669,
159675.SZ,20260820,16600.0,1.45,24070.0,1.425,,0.280785,
159673.SZ,20260820,7200.0,1.285,9252.0,1.281,,0.0157692,
159672.SZ,20260820,0.0,,0.0,0.629,,0.0,
159671.SZ,20260820,32900.0,1.354,44546.6,1.331,,0.107966,
159670.SZ,20260820,0.0,,0.0,0.862,,0.0,
159669.SZ,20260820,2700.0,1.097,2961.9,1.094,,0.0647023,
159667.SZ,20260820,965900.0,0.667,644255.3,0.661,,0.28335,
159666.SZ,20260820,7600.0,0.98,7448.0,0.978,,0.0319297,
159665.SZ,20260820,27500.0,2.481,68227.5,2.447,,0.108597,
159663.SZ,20260820,265800.0,1.0,265800.0,0.99,,0.30046,
159662.SZ,20260820,0.0,,0.0,0.978,,0.0,
159661.SZ,20260820,200.0,1.437,287.4,1.423,,0.00456436,
159660.SZ,20260820,232700.0,2.365,550335.5,2.347,,0.495868,
159659.SZ,20260820,807700.0,2.343,1892441.1,2.328,,0.889963,
159658.SZ,20260820,0.0,,0.0,1.73,,0.0,
159657.SZ,20260820,2248800.0,0.668,1502198.4,0.607,,138.763,
159656.SZ,20260820,0.0,,0.0,1.214,,0.0,
159655.SZ,20260820,449800.0,1.997,898250.6,1.981,,0.53946,
159653.SZ,20260820,0.0,,0.0,1.18,,0.0,
159686.SZ,20260820,0.0,,0.0,1.287,,0.0,
159687.SZ,20260820,839800.0,1.823,1530955.4,1.802,,0.864672,
159688.SZ,20260820,886800.0,0.783,694364.4,0.776,,0.716943,
159708.SZ,20260820,0.0,,0.0,0.812,,0.0,
159723.SZ,20260820,0.0,,0.0,1.086,,0.0,
159721.SZ,20260820,0.0,,0.0,1.053,,0.0,
159720.SZ,20260820,0.0,,0.0,0.718,,0.0,
159719.SZ,20260820,0.0,,0.0,1.593,,0.0,
159718.SZ,20260820,485600.0,0.923,448208.8,0.894,,1.45211,
159717.SZ,20260820,0.0,,0.0,1.048,,0.0,
159716.SZ,20260820,0.0,,0.0,1.118,,0.0,
159715.SZ,20260820,32800.0,1.201,39392.8,1.19,,0.0627149,
159713.SZ,20260820,95900.0,1.3,124670.0,1.287,,0.192551,
159712.SZ,20260820,2700.0,1.25,3375.0,1.244,,0.033837,
159711.SZ,20260820,700.0,1.338,936.6,1.342,,0.00244684,
159709.SZ,20260820,0.0,,0.0,1.683,,0.0,
159707.SZ,20260820,201500.0,0.487,98130.5,0.489,,0.128968,
159689.SZ,20260820,0.0,,0.0,0.631,,0.0,
159706.SZ,20260820,0.0,,0.0,0.936,,0.0,
159703.SZ,20260820,1000.0,0.918,918.0,0.918,,0.0171952,
159701.SZ,20260820,0.0,,0.0,1.237,,0.0,
159700.SZ,20260820,0.0,,0.0,101.647,,0.0,
159699.SZ,20260820,4100.0,0.896,3673.6,0.896,,0.0289998,
159698.SZ,20260820,3293100.0,0.906,2983548.6,0.931,,2.04787,
159697.SZ,20260820,27500.0,1.335,36712.5,1.332,,0.0745215,
159696.SZ,20260820,643600.0,2.031,1307151.6,2.02,,1.69948,
159695.SZ,20260820,287700.0,0.95,273315.0,0.94,,0.377919,
159692.SZ,20260820,305100.0,1.191,363374.1,1.188,,0.349554,
159691.SZ,20260820,86000.0,1.212,104232.0,1.208,,0.0848879,
159690.SZ,20260820,67300.0,1.992,134061.6,1.94,,0.496602,
123080.SZ,20260820,20.0,125.26,2505.2,125.26,,,
123072.SZ,20260820,820.0,119.664,98124.48,119.63,,,
001369.SZ,20260820,65800.0,12.41,816578.0,12.32,0.031718,0.818074,20745.3
002335.SZ,20260820,150145.0,30.66,4603445.7,30.2,0.0227584,0.524414,65973.5
002333.SZ,20260820,4824400.0,6.5,31358600.0,6.34,0.723831,54.0575,66650.9
002332.SZ,20260820,73600.0,8.51,626336.0,8.47,0.00747532,0.578762,98457.4
002331.SZ,20260820,70900.0,6.91,489919.0,6.86,0.0176334,0.93136,40207.9
002330.SZ,20260820,32700.0,4.08,133416.0,4.05,0.0051484,0.0885547,63514.9
002329.SZ,20260820,1648601.0,3.65,6017393.65,3.81,0.253011,0.876807,65159.3
002328.SZ,20260820,28100.0,7.06,198386.0,7.03,0.0049239,0.102689,57068.6
002327.SZ,20260820,11600.0,6.64,77024.0,6.59,0.00236261,0.311245,49098.3
002326.SZ,20260820,276900.0,21.25,5884125.0,20.97,0.0341107,0.629323,81176.9
002324.SZ,20260820,76300.0,8.98,685174.0,8.8,0.00982898,0.468743,77627.6
002323.SZ,20260820,598200.0,1.26,753732.0,1.25,0.0282104,1.97016,212049.0
002322.SZ,20260820,97600.0,12.14,1184864.0,12.14,0.0277761,0.347486,35138.1
002321.SZ,20260820,442300.0,2.03,897869.0,2.03,0.0208252,1.17011,212387.0
002320.SZ,20260820,44600.0,6.43,286778.0,6.4,0.00199481,0.288779,223580.0
002319.SZ,20260820,69300.0,10.59,733887.0,10.5,0.0330831,0.797236,20947.3
002318.SZ,20260820,5200.0,19.41,100932.0,19.41,0.000545059,0.0704475,95402.5
002317.SZ,20260820,195300.0,28.0,5468400.0,27.23,0.0256428,0.437019,76161.7
002316.SZ,20260820,36200.0,4.37,158194.0,4.36,0.0106241,0.36344,34073.5
002315.SZ,20260820,2100.0,24.69,51849.0,24.68,0.000798743,0.0270184,26291.3
002314.SZ,20260820,31500.0,2.08,65520.0,2.08,0.00235369,0.149796,133832.0
002313.SZ,20260820,32300.0,8.0,258400.0,7.98,0.00862761,0.376994,37437.9
002312.SZ,20260820,60400.0,8.36,504944.0,8.3,0.00320486,0.263375,188464.0
002311.SZ,20260820,33500.0,45.76,1532960.0,45.27,0.00202535,0.466613,165404.0
002310.SZ,20260820,445300.0,2.31,1028643.0,2.28,0.0101227,0.378353,439901.0
002309.SZ,20260820,513800.0,3.03,1556814.0,2.98,0.0213538,0.300311,240613.0
002307.SZ,20260820,49600.0,2.9,143840.0,2.87,0.00304458,0.23563,162912.0
002306.SZ,20260820,9100.0,1.86,16926.0,1.85,0.00111974,0.128801,81268.9
002305.SZ,20260820,247500.0,2.05,507375.0,2.06,0.0142725,1.54064,173410.0
002334.SZ,20260820,30200.0,6.39,192978.0,6.34,0.00410878,0.272746,73501.2
002337.SZ,20260820,34000.0,4.59,156060.0,4.53,0.00578235,0.480527,58799.7
002303.SZ,20260820,226400.0,4.68,1059552.0,4.62,0.0234155,0.481615,96688.1
002338.SZ,20260820,17300.0,44.11,763103.0,43.49,0.00720833,0.274622,24000.0
002367.SZ,20260820,65300.0,5.31,346743.0,5.28,0.00821822,0.457483,79457.6
002366.SZ,20260820,102500.0,5.68,582200.0,5.62,0.00553947,0.224523,185036.0
002365.SZ,20260820,1339700.0,15.61,20912717.0,14.33,0.546173,4.25258,24528.8
002364.SZ,20260820,150500.0,40.25,6057625.0,39.51,0.0269663,0.252328,55810.4
002363.SZ,20260820,2000.0,6.33,12660.0,6.34,0.000481049,0.0485113,41575.8
002362.SZ,20260820,6700.0,15.64,104788.0,15.44,0.00322745,0.235474,20759.4
002361.SZ,20260820,2923700.0,10.88,31809856.0,11.27,0.361388,2.32542,80901.9
002360.SZ,20260820,4900.0,5.31,26019.0,5.31,0.00150529,0.123661,32552.0
002358.SZ,20260820,40300.0,5.27,212381.0,5.26,0.00433447,0.25183,92975.6
002357.SZ,20260820,57100.0,10.75,613825.0,10.54,0.018215,0.291387,31347.8
002356.SZ,20260820,56600.0,2.67,151122.0,2.65,0.0043165,0.273052,131125.0
002355.SZ,20260820,29200.0,4.8,140160.0,4.79,0.00472365,0.103644,61816.7
002354.SZ,20260820,851800.0,7.49,6379982.0,7.38,0.0523961,0.280893,162569.0
002353.SZ,20260820,122200.0,152.76,18667272.0,150.5,0.0176827,0.506193,69107.0
002352.SZ,20260820,49000.0,32.77,1605730.0,32.78,0.00102102,0.26793,479912.0
002351.SZ,20260820,101200.0,9.7,981640.0,9.58,0.0194221,1.43224,52105.7
002350.SZ,20260820,21400.0,14.18,303452.0,14.04,0.00403354,0.199379,53055.1
002349.SZ,20260820,122700.0,7.16,878532.0,7.03,0.0150704,0.61113,81418.1
002348.SZ,20260820,117800.0,11.76,1385328.0,11.52,0.0130377,0.455079,90353.3
002347.SZ,20260820,26800.0,5.91,158388.0,5.85,0.00543189,0.129813,49338.3
002346.SZ,20260820,269200.0,26.32,7085344.0,26.3,0.0686536,1.73702,39211.3
002345.SZ,20260820,569700.0,10.14,5776758.0,9.56,0.065692,2.28385,86722.9
002344.SZ,20260820,60400.0,3.82,230728.0,3.8,0.00471407,0.405663,128127.0
002343.SZ,20260820,85400.0,4.97,424438.0,4.87,0.018029,0.994027,47368.0
002342.SZ,20260820,476400.0,7.59,3615876.0,7.49,0.049901,1.04509,95469.0
002340.SZ,20260820,368600.0,6.48,2388528.0,6.44,0.00726165,0.461557,507598.0
002339.SZ,20260820,2400.0,6.97,16728.0,6.94,0.000501336,0.0212377,47872.0
002304.SZ,20260820,9400.0,39.04,366976.0,39.02,0.000624,0.160806,150641.0
002302.SZ,20260820,93000.0,4.65,432450.0,4.67,0.00736719,1.04764,126235.0
002369.SZ,20260820,71000.0,5.58,396180.0,5.53,0.0125397,0.282917,56620.4
002269.SZ,20260820,158300.0,1.42,224786.0,1.41,0.00675419,0.394241,234373.0
002267.SZ,20260820,16700.0,7.02,117234.0,7.04,0.0015017,0.245961,111208.0
002266.SZ,20260820,183700.0,4.92,903804.0,4.87,0.00379343,0.297145,484259.0
002265.SZ,20260820,33200.0,18.52,614864.0,18.3,0.00321381,0.154638,103304.0
002264.SZ,20260820,136000.0,6.57,893520.0,6.46,0.0208939,0.603962,65090.8
002263.SZ,20260820,205700.0,2.95,606815.0,2.91,0.0109511,0.492759,187835.0
002262.SZ,20260820,145800.0,23.2,3382560.0,22.8,0.0164974,1.09412,88377.6
002261.SZ,20260820,197500.0,25.66,5067850.0,25.66,0.0172323,0.285503,114611.0
002259.SZ,20260820,57400.0,3.73,214102.0,3.7,0.00762965,0.441847,75232.8
002258.SZ,20260820,97300.0,14.65,1425445.0,14.65,0.0121755,0.284888,79914.9
002256.SZ,20260820,356400.0,3.34,1190376.0,3.3,0.0176931,0.490862,201435.0
002255.SZ,20260820,410300.0,7.88,3233164.0,8.1,0.0643159,3.83038,63794.5
002254.SZ,20260820,19800.0,12.24,242352.0,12.13,0.00232784,0.0962434,85057.3
002253.SZ,20260820,2900.0,9.34,27086.0,9.34,0.00138129,0.0763605,20994.9
002252.SZ,20260820,556600.0,4.95,2755170.0,4.89,0.00844836,1.18455,658826.0
002251.SZ,20260820,666430.0,3.59,2392483.7,3.55,0.029986,0.557292,222247.0
002250.SZ,20260820,81200.0,16.05,1303260.0,15.75,0.00907287,0.501725,89497.6
002249.SZ,20260820,115422.0,7.06,814879.32,6.99,0.00619291,0.294356,186378.0
002248.SZ,20260820,4448500.0,10.08,44840880.0,11.2,1.44669,5.75592,30749.6
002247.SZ,20260820,167000.0,2.33,389110.0,2.32,0.0259502,0.899399,64354.1
002246.SZ,20260820,110500.0,20.55,2270775.0,20.47,0.0201262,0.678717,54903.5
002245.SZ,20260820,233100.0,18.61,4337991.0,18.28,0.0144864,0.287078,160910.0
002244.SZ,20260820,643800.0,9.35,6019530.0,9.39,0.0233468,1.68151,275755.0
002243.SZ,20260820,48000.0,7.17,344160.0,7.08,0.00398624,0.429581,120414.0
002242.SZ,20260820,11300.0,8.91,100683.0,8.91,0.00148355,0.131825,76168.6
002241.SZ,20260820,157000.0,22.08,3466560.0,21.98,0.00499092,0.26677,314571.0
002240.SZ,20260820,139700.0,32.31,4513707.0,31.78,0.0153027,0.347643,91290.9
002239.SZ,20260820,140700.0,2.43,341901.0,2.42,0.00430782,0.278788,326615.0
002268.SZ,20260820,11700.0,13.62,159354.0,13.53,0.0013842,0.124819,84525.4
002270.SZ,20260820,40100.0,19.89,797589.0,19.68,0.00447439,0.268886,89621.1
002301.SZ,20260820,20100.0,7.64,153564.0,7.55,0.00279949,0.126544,71798.9
002271.SZ,20260820,840600.0,11.6,9750960.0,11.86,0.0439072,1.60827,191449.0
002300.SZ,20260820,109000.0,6.78,739020.0,6.67,0.0150908,0.363371,72229.5
002299.SZ,20260820,141200.0,16.2,2287440.0,16.26,0.0115871,1.12853,121860.0
002298.SZ,20260820,140500.0,8.23,1156315.0,8.07,0.0212635,0.283276,66075.7
002297.SZ,20260820,410400.0,17.92,7354368.0,17.58,0.0716099,0.799167,57310.5
002296.SZ,20260820,28700.0,8.69,249403.0,8.63,0.008261,0.350378,34741.5
002295.SZ,20260820,12200.0,8.86,108092.0,8.69,0.00487168,0.407612,25042.7
002294.SZ,20260820,160800.0,34.29,5513832.0,33.64,0.0144271,0.585576,111457.0
002293.SZ,20260820,11400.0,11.34,129276.0,11.22,0.0013731,0.219103,83024.0
002292.SZ,20260820,80700.0,7.93,639951.0,7.87,0.00792822,0.211975,101788.0
002291.SZ,20260820,44200.0,5.2,229840.0,5.17,0.00508557,0.132291,86912.5
002290.SZ,20260820,15700.0,63.4,995380.0,62.42,0.00634788,0.200736,24732.7
002289.SZ,20260820,11500.0,41.01,471615.0,40.95,0.00419048,0.168557,27443.1
002287.SZ,20260820,1300.0,20.12,26156.0,20.07,0.000227693,0.0451423,57094.5
002286.SZ,20260820,137700.0,7.99,1100223.0,8.01,0.0372475,1.4694,36969.0
002285.SZ,20260820,1752600.0,2.12,3715512.0,2.13,0.0887285,3.67085,197524.0
002284.SZ,20260820,1233300.0,9.9,12209670.0,9.74,0.16844,3.86441,73218.8
002283.SZ,20260820,91600.0,9.0,824400.0,8.87,0.00913418,0.400907,100283.0
002282.SZ,20260820,7500.0,5.86,43950.0,5.84,0.00148513,0.19532,50500.5
002281.SZ,20260820,359200.0,176.5,63398800.0,177.88,0.045698,0.863538,78603.0
002279.SZ,20260820,192800.0,6.46,1245488.0,6.35,0.0242364,0.232804,79549.9
002278.SZ,20260820,24900.0,8.0,199200.0,7.92,0.00693978,0.206168,35880.1
002277.SZ,20260820,78500.0,5.59,438815.0,5.53,0.00563058,0.494071,139417.0
002276.SZ,20260820,110500.0,10.05,1110525.0,9.87,0.0109722,0.791132,100709.0
002275.SZ,20260820,22000.0,13.39,294580.0,13.28,0.003949,0.893332,55710.3
002274.SZ,20260820,103800.0,5.84,606192.0,5.84,0.0110679,0.593617,93784.9
002273.SZ,20260820,283200.0,27.13,7683216.0,26.63,0.0207308,0.586275,136608.0
002272.SZ,20260820,75500.0,14.89,1124195.0,14.74,0.0184989,0.205563,40813.3
002368.SZ,20260820,80600.0,13.73,1106638.0,13.65,0.0129954,0.71213,62021.8
002370.SZ,20260820,326900.0,5.89,1925441.0,5.72,0.0438426,0.444891,74562.2
123071.SZ,20260820,20.0,114.63,2292.6,114.629,,,
002469.SZ,20260820,138700.0,6.06,840522.0,6.05,0.0220718,1.11729,62840.3
002467.SZ,20260820,157200.0,4.57,718404.0,4.51,0.0115012,0.187921,136681.0
002466.SZ,20260820,141100.0,46.75,6596425.0,46.13,0.00956141,0.33675,147572.0
002465.SZ,20260820,510600.0,10.09,5151954.0,9.89,0.0206063,0.990821,247789.0
002463.SZ,20260820,167700.0,115.13,19307301.0,113.41,0.00872161,0.372615,192281.0
002462.SZ,20260820,12500.0,12.12,151500.0,12.0,0.0042886,0.297807,29147.0
002461.SZ,20260820,8600.0,8.68,74648.0,8.67,0.000388555,0.192937,221333.0
002460.SZ,20260820,60000.0,52.48,3148800.0,51.72,0.00495369,0.180968,121122.0
002459.SZ,20260820,81100.0,7.34,595274.0,7.29,0.00245254,0.216046,330678.0
002458.SZ,20260820,343000.0,9.15,3138450.0,9.07,0.0354931,0.539058,96638.6
002457.SZ,20260820,78000.0,10.53,821340.0,10.51,0.0234044,0.437235,33327.0
002456.SZ,20260820,166400.0,6.83,1136512.0,6.75,0.00501565,0.202855,331762.0
002455.SZ,20260820,64900.0,7.21,467929.0,7.2,0.00982125,0.209914,66081.2
002454.SZ,20260820,16700.0,4.88,81496.0,4.85,0.00190345,0.16965,87735.4
002453.SZ,20260820,73000.0,4.38,319740.0,4.3,0.0121132,0.629119,60265.0
002452.SZ,20260820,137100.0,11.16,1530036.0,11.07,0.0266086,1.03298,51524.6
002451.SZ,20260820,23200.0,7.26,168432.0,7.16,0.00528294,0.313709,43914.9
002449.SZ,20260820,11200.0,6.38,71456.0,6.27,0.0018109,0.130641,61847.7
002448.SZ,20260820,200000.0,12.87,2574000.0,12.68,0.0344525,0.549106,58050.9
002446.SZ,20260820,111300.0,8.5,946050.0,8.34,0.0131284,0.338205,84777.7
002445.SZ,20260820,0.0,,0.0,3.06,,0.0,
002444.SZ,20260820,10000.0,30.13,301300.0,30.1,0.000872046,0.134272,114673.0
002443.SZ,20260820,121100.0,9.19,1112909.0,9.12,0.0232645,0.464598,52053.6
002442.SZ,20260820,42900.0,4.96,212784.0,4.96,0.00872819,0.577853,49151.1
002441.SZ,20260820,17200.0,7.79,133988.0,7.71,0.0043156,0.382907,39855.4
002440.SZ,20260820,82000.0,12.75,1045500.0,12.58,0.00866478,0.177519,94635.9
002439.SZ,20260820,186000.0,13.25,2464500.0,13.2,0.0255284,0.807528,72859.9
002438.SZ,20260820,43300.0,13.75,595375.0,13.72,0.00923476,0.488167,46888.1
002468.SZ,20260820,67400.0,14.7,990780.0,14.68,0.0045655,0.50664,147629.0
002470.SZ,20260820,1450100.0,1.96,2842196.0,1.98,0.0441332,1.21152,328574.0
002436.SZ,20260820,1260577.0,33.51,42241935.27,33.8,0.0830458,0.983153,151793.0
002471.SZ,20260820,1016500.0,5.48,5570420.0,5.38,0.0756295,1.5305,134405.0
002501.SZ,20260820,30200.0,1.25,37750.0,1.26,0.000851551,0.141797,354647.0
002500.SZ,20260820,99400.0,5.18,514892.0,5.18,0.00276898,0.640076,358977.0
002498.SZ,20260820,473500.0,6.38,3020930.0,6.28,0.0142329,0.426445,332680.0
002497.SZ,20260820,109800.0,18.88,2073024.0,18.72,0.0103625,0.318484,105959.0
002496.SZ,20260820,519600.0,2.08,1080768.0,2.05,0.0439874,2.13421,118125.0
002495.SZ,20260820,145000.0,2.37,343650.0,2.35,0.0208958,0.729148,69391.8
002494.SZ,20260820,94100.0,4.78,449798.0,4.71,0.0328137,1.20862,28677.0
002493.SZ,20260820,739300.0,13.38,9891834.0,13.41,0.00791706,1.327,933807.0
002492.SZ,20260820,24200.0,5.43,131406.0,5.41,0.00608293,0.472916,39783.5
002491.SZ,20260820,800000.0,17.91,14328000.0,17.52,0.0680001,0.32812,117647.0
002490.SZ,20260820,690300.0,7.83,5405049.0,7.7,0.127427,1.12841,54172.2
002489.SZ,20260820,196500.0,2.68,526620.0,2.65,0.0102716,0.78744,191304.0
002488.SZ,20260820,61900.0,8.33,515627.0,8.29,0.00672765,0.259632,92008.4
002487.SZ,20260820,43200.0,39.2,1693440.0,38.82,0.00684714,0.231007,63092.0
002486.SZ,20260820,130400.0,2.52,328608.0,2.51,0.0158939,0.334222,82043.8
002485.SZ,20260820,12400.0,5.81,72044.0,5.78,0.00227941,0.490897,54400.0
002484.SZ,20260820,302400.0,61.28,18531072.0,60.67,0.0368568,0.519389,82047.2
002483.SZ,20260820,19300.0,5.46,105378.0,5.45,0.00218017,0.0576297,88525.1
002482.SZ,20260820,572300.0,1.25,715375.0,1.24,0.015287,1.04757,374371.0
002481.SZ,20260820,113500.0,4.19,475565.0,4.23,0.0101507,0.776754,111815.0
002480.SZ,20260820,95500.0,5.54,529070.0,5.5,0.0124409,1.55168,76763.0
002479.SZ,20260820,278300.0,5.75,1600225.0,5.61,0.0322453,1.90772,86307.3
002478.SZ,20260820,97900.0,6.54,640266.0,6.5,0.013546,0.454475,72272.4
002476.SZ,20260820,128200.0,4.87,624334.0,4.79,0.0209477,0.806535,61200.0
002475.SZ,20260820,821800.0,53.96,44344328.0,53.5,0.011219,0.735327,732508.0
002474.SZ,20260820,187100.0,6.15,1150665.0,6.11,0.0353798,0.264199,52883.2
002472.SZ,20260820,110300.0,36.5,4025950.0,36.3,0.0147343,0.405123,74859.5
002437.SZ,20260820,20853232.0,4.62,96341931.84,4.3,0.992938,2.90471,210015.0
002434.SZ,20260820,130000.0,5.87,763100.0,5.8,0.00991367,0.656238,131132.0
002371.SZ,20260820,41300.0,726.01,29984213.0,712.95,0.00569569,0.493559,72511.0
002400.SZ,20260820,356000.0,6.49,2310440.0,6.44,0.0206238,0.163094,172616.0
002398.SZ,20260820,39900.0,4.07,162393.0,4.05,0.00665288,0.348334,59974.1
002397.SZ,20260820,265600.0,3.58,950848.0,3.57,0.0409973,1.68077,64784.8
002396.SZ,20260820,489465.0,29.97,14669266.05,29.48,0.0646231,0.443518,75741.5
002395.SZ,20260820,4800.0,12.09,58032.0,12.06,0.0017898,0.161186,26818.6
002394.SZ,20260820,23700.0,9.58,227046.0,9.48,0.00733471,0.579638,32312.1
002393.SZ,20260820,6500.0,14.6,94900.0,14.43,0.0021651,0.218544,30021.7
002392.SZ,20260820,42000.0,7.59,318780.0,7.51,0.00362836,0.276845,115755.0
002391.SZ,20260820,36200.0,5.1,184620.0,5.1,0.00780007,0.381281,46409.8
002390.SZ,20260820,272300.0,3.08,838684.0,3.04,0.014125,0.756435,192779.0
002389.SZ,20260820,41300.0,17.76,733488.0,17.74,0.00419391,0.242801,98476.1
002388.SZ,20260820,114400.0,5.9,674960.0,5.9,0.0225987,0.24026,50622.3
002387.SZ,20260820,55700.0,6.84,380988.0,6.81,0.00399294,0.475625,139496.0
002386.SZ,20260820,66100.0,5.69,376109.0,5.65,0.00507913,0.553916,130140.0
002385.SZ,20260820,8300800.0,3.26,27060608.0,3.23,0.232802,5.07254,356561.0
002384.SZ,20260820,456700.0,200.0,91340000.0,197.1,0.0329433,0.671952,138632.0
002383.SZ,20260820,9900.0,6.8,67320.0,6.77,0.00133719,0.102133,74036.0
002382.SZ,20260820,24900.0,5.85,145665.0,5.78,0.00249551,0.181919,99779.2
002381.SZ,20260820,20400.0,5.46,111384.0,5.39,0.00633488,0.514195,32202.7
002380.SZ,20260820,17500.0,27.48,480900.0,27.09,0.0123063,0.372329,14220.4
002379.SZ,20260820,183300.0,18.75,3436875.0,18.55,0.0161303,0.284003,113637.0
002378.SZ,20260820,169000.0,26.0,4394000.0,25.48,0.0141408,0.488719,119512.0
002377.SZ,20260820,69300.0,2.69,186417.0,2.66,0.0079434,0.319171,87242.3
002376.SZ,20260820,98800.0,6.83,674804.0,6.84,0.0125519,0.400055,78713.3
002375.SZ,20260820,67000.0,3.6,241200.0,3.58,0.0050551,0.465895,132539.0
002374.SZ,20260820,13900.0,3.06,42534.0,3.05,0.00128086,0.0828108,108521.0
002373.SZ,20260820,48400.0,7.56,365904.0,7.5,0.00351337,0.303735,137759.0
002372.SZ,20260820,98200.0,8.55,839610.0,8.47,0.00667978,0.910523,147011.0
002399.SZ,20260820,681500.0,11.02,7510130.0,10.25,0.0546423,8.41466,124720.0
002401.SZ,20260820,18400.0,11.98,220432.0,11.85,0.0049549,0.599643,37135.0
002432.SZ,20260820,116500.0,71.81,8365865.0,70.38,0.0250391,0.467772,46527.2
002402.SZ,20260820,216300.0,19.34,4183242.0,19.49,0.0264271,0.742806,81847.9
002431.SZ,20260820,173700.0,1.33,231021.0,1.33,0.00963712,0.837503,180240.0
002430.SZ,20260820,22500.0,23.3,524250.0,23.2,0.00230076,0.18231,97793.8
002429.SZ,20260820,374500.0,8.19,3067155.0,8.09,0.00827747,0.489074,452433.0
002428.SZ,20260820,1358600.0,102.91,139813526.0,104.7,0.208044,1.39187,65303.6
002427.SZ,20260820,456000.0,4.38,1997280.0,4.36,0.0463171,3.40689,98451.8
002426.SZ,20260820,238800.0,2.58,616104.0,2.56,0.00701816,0.198573,340260.0
002425.SZ,20260820,238700.0,3.01,718487.0,2.97,0.0259404,0.359538,92018.6
002424.SZ,20260820,26700.0,4.5,120150.0,4.47,0.00231795,0.285601,115188.0
002423.SZ,20260820,144400.0,8.82,1273608.0,8.83,0.00626707,1.24032,230411.0
002422.SZ,20260820,314000.0,46.3,14538200.0,44.97,0.0241797,0.946901,129861.0
002421.SZ,20260820,630500.0,3.13,1973465.0,3.07,0.0309646,0.202265,203620.0
002420.SZ,20260820,62700.0,5.86,367422.0,5.8,0.0154927,0.777512,40470.7
002419.SZ,20260820,50800.0,4.59,233172.0,4.57,0.0044513,0.392356,114124.0
002418.SZ,20260820,421900.0,3.64,1535716.0,3.57,0.0371261,0.39235,113640.0
002416.SZ,20260820,35100.0,9.31,326781.0,9.28,0.00286787,0.157208,122390.0
002415.SZ,20260820,188800.0,34.05,6428640.0,33.89,0.00208709,0.242938,904609.0
002414.SZ,20260820,232300.0,13.3,3089590.0,13.13,0.00683514,0.391389,339861.0
002413.SZ,20260820,520200.0,7.97,4145994.0,7.81,0.0401565,0.920462,129543.0
002412.SZ,20260820,1294800.0,9.26,11989848.0,8.42,0.260081,4.30638,49784.5
002410.SZ,20260820,20300.0,8.95,181685.0,8.87,0.0012929,0.0853179,157012.0
002409.SZ,20260820,378300.0,140.41,53117103.0,142.97,0.118767,1.36605,31852.3
002408.SZ,20260820,82700.0,5.21,430867.0,5.18,0.00300608,0.29035,275109.0
002407.SZ,20260820,880200.0,36.84,32426568.0,37.52,0.0814308,0.444853,108092.0
002406.SZ,20260820,44600.0,6.62,295252.0,6.55,0.00793352,0.381398,56217.1
002405.SZ,20260820,82500.0,6.24,514800.0,6.22,0.00350206,0.21061,235576.0
002404.SZ,20260820,25000.0,6.04,151000.0,5.99,0.00548795,0.36885,45554.3
002403.SZ,20260820,2400.0,9.4,22560.0,9.31,0.000807642,0.0578361,29716.1
002238.SZ,20260820,5700.0,5.93,33801.0,5.93,0.000710228,0.0799977,80255.9
002237.SZ,20260820,584300.0,14.9,8706070.0,14.32,0.0490038,2.3032,119236.0
002236.SZ,20260820,210700.0,16.22,3417554.0,16.14,0.0088117,0.430232,239114.0
002074.SZ,20260820,146100.0,26.52,3874572.0,26.27,0.00841232,0.657918,173674.0
002072.SZ,20260820,3900.0,7.24,28236.0,7.23,0.00106113,0.0676183,36753.2
002069.SZ,20260820,31400.0,3.47,108958.0,3.44,0.00442119,0.228018,71021.6
002068.SZ,20260820,79700.0,7.86,626442.0,7.75,0.0108438,0.291744,73497.9
002067.SZ,20260820,740900.0,4.18,3096962.0,4.26,0.0553901,1.11758,133760.0
002066.SZ,20260820,1100.0,21.65,23815.0,21.45,0.00047619,0.0144539,23100.0
002065.SZ,20260820,53500.0,6.91,369685.0,6.89,0.0018398,0.0696549,290792.0
002064.SZ,20260820,86800.0,11.42,991256.0,11.4,0.00175283,0.207385,495199.0
002063.SZ,20260820,83000.0,5.31,440730.0,5.27,0.00469149,0.342205,176916.0
002062.SZ,20260820,141800.0,7.67,1087606.0,7.58,0.0126078,0.544946,112470.0
002061.SZ,20260820,12300.0,3.47,42681.0,3.48,0.000473234,0.0893471,259914.0
002060.SZ,20260820,15900.0,3.2,50880.0,3.21,0.0010174,0.122749,156281.0
002059.SZ,20260820,9100.0,4.39,39949.0,4.37,0.000925694,0.141835,98304.6
002058.SZ,20260820,11300.0,15.98,180574.0,15.69,0.00789613,0.421724,14310.8
002057.SZ,20260820,29100.0,8.55,248805.0,8.47,0.00386293,0.176855,75331.4
002056.SZ,20260820,206900.0,21.65,4479385.0,21.3,0.0127321,0.666344,162503.0
002055.SZ,20260820,40800.0,5.65,230520.0,5.66,0.0068688,0.426876,59399.0
002054.SZ,20260820,35700.0,7.22,257754.0,7.17,0.00929658,0.449352,38401.2
002053.SZ,20260820,61200.0,9.28,567936.0,9.32,0.00664695,0.518157,92072.3
002052.SZ,20260820,43500.0,8.24,358440.0,8.2,0.00630995,0.330776,68938.7
002051.SZ,20260820,258700.0,8.33,2154971.0,8.25,0.0210941,1.13991,122641.0
002050.SZ,20260820,163100.0,36.88,6015128.0,36.79,0.0044188,0.253829,369104.0
002049.SZ,20260820,250000.0,63.2,15800000.0,62.27,0.0296518,0.874058,84312.0
002048.SZ,20260820,142300.0,19.02,2706546.0,18.67,0.020094,0.639221,70817.0
002047.SZ,20260820,757900.0,3.19,2417701.0,3.11,0.0499882,0.582132,151616.0
002046.SZ,20260820,23900.0,48.06,1148634.0,47.88,0.00450792,0.159176,53017.8
002045.SZ,20260820,37400.0,8.04,300696.0,8.0,0.00665806,0.2333,56172.5
002044.SZ,20260820,934900.0,4.79,4478171.0,4.64,0.0241313,0.724163,387423.0
002073.SZ,20260820,25600.0,5.52,141312.0,5.5,0.00252463,0.221867,101401.0
002075.SZ,20260820,28800.0,3.6,103680.0,3.58,0.00131278,0.0923769,219382.0
002042.SZ,20260820,71600.0,3.76,269216.0,3.69,0.00421008,0.285968,170068.0
002076.SZ,20260820,146700.0,2.05,300735.0,2.04,0.014075,0.472312,104227.0
002105.SZ,20260820,31200.0,5.76,179712.0,5.68,0.00856035,0.45973,36447.1
002104.SZ,20260820,260400.0,9.59,2497236.0,9.4,0.0434216,0.727406,59970.2
002103.SZ,20260820,16100.0,6.46,104006.0,6.44,0.00414803,0.228541,38813.6
002102.SZ,20260820,3000.0,2.2,6600.0,2.19,0.000140848,0.0284713,212995.0
002101.SZ,20260820,18300.0,8.58,157014.0,8.55,0.00276346,0.439782,66221.2
002100.SZ,20260820,69700.0,7.11,495567.0,7.09,0.00510529,0.351497,136525.0
002099.SZ,20260820,76500.0,5.29,404685.0,5.19,0.00473144,0.495628,161684.0
002098.SZ,20260820,56300.0,7.23,407049.0,7.16,0.0157263,0.96347,35800.0
002097.SZ,20260820,42900.0,7.06,302874.0,7.05,0.00399952,0.211022,107263.0
002096.SZ,20260820,2900.0,9.36,27144.0,9.36,0.000233788,0.0483975,124044.0
002095.SZ,20260820,5000.0,13.97,69850.0,13.89,0.00198643,0.229292,25170.8
002094.SZ,20260820,54600.0,4.55,248430.0,4.54,0.00790785,0.417136,69045.4
002093.SZ,20260820,9100.0,6.55,59605.0,6.5,0.000903226,0.0714888,100750.0
002092.SZ,20260820,124700.0,4.39,547433.0,4.38,0.00484152,0.271975,257564.0
002091.SZ,20260820,4600.0,7.72,35512.0,7.72,0.000287074,0.0343305,160237.0
002090.SZ,20260820,12300.0,9.07,111561.0,9.0,0.00308899,0.158528,39818.9
002088.SZ,20260820,26100.0,8.21,214281.0,8.18,0.00515846,0.361009,50596.5
002086.SZ,20260820,331400.0,1.96,649544.0,1.97,0.0209576,0.222079,158129.0
002085.SZ,20260820,41000.0,10.22,419020.0,10.12,0.00193096,0.171986,212330.0
002084.SZ,20260820,0.0,,0.0,3.59,,0.0,
002083.SZ,20260820,1162800.0,10.96,12744288.0,10.93,0.122878,1.72537,94630.8
002082.SZ,20260820,223900.0,9.99,2236761.0,9.75,0.0394296,1.64655,56784.8
002081.SZ,20260820,14327456.0,5.13,73499849.28,5.64,0.541836,3.37979,264424.0
002080.SZ,20260820,474960.0,53.34,25334366.4,54.09,0.028303,0.874746,167812.0
002079.SZ,20260820,96700.0,9.6,928320.0,9.48,0.0119217,0.31596,81112.6
002078.SZ,20260820,12400.0,13.9,172360.0,13.88,0.000446593,0.107267,277658.0
002077.SZ,20260820,70300.0,12.42,873126.0,12.32,0.0121134,0.276908,58034.9
002043.SZ,20260820,254400.0,12.99,3304656.0,12.97,0.0315591,1.75162,80610.6
002041.SZ,20260820,2732600.0,9.6,26232960.0,9.9,0.310523,6.58245,88000.0
002235.SZ,20260820,195400.0,8.85,1729290.0,8.73,0.0352976,0.293028,55357.8
002008.SZ,20260820,167700.0,89.31,14977287.0,88.2,0.0175285,0.336876,95672.7
002006.SZ,20260820,27900.0,13.29,370791.0,13.07,0.00536865,0.422447,51968.3
002005.SZ,20260820,27700.0,2.4,66480.0,2.38,0.00158107,0.0817871,175197.0
002004.SZ,20260820,309500.0,4.51,1395845.0,4.45,0.0164337,0.94185,188332.0
002003.SZ,20260820,37155.0,10.29,382324.95,10.29,0.00363516,0.279556,102210.0
002001.SZ,20260820,623100.0,28.62,17833122.0,29.14,0.020518,1.31983,303685.0
001979.SZ,20260820,249500.0,7.51,1873745.0,7.52,0.00281294,0.346742,886971.0
001965.SZ,20260820,48000.0,9.21,442080.0,9.24,0.000706392,0.331999,679510.0
001914.SZ,20260820,170700.0,8.76,1495332.0,8.79,0.0161998,2.23248,105372.0
001896.SZ,20260820,121200.0,12.01,1455612.0,11.99,0.00794347,0.126807,152578.0
001872.SZ,20260820,13200.0,22.72,299904.0,22.51,0.000573351,0.617417,230225.0
001696.SZ,20260820,202100.0,15.46,3124466.0,15.18,0.0226726,0.258003,89138.5
001400.SZ,20260820,146200.0,85.08,12438696.0,85.94,0.316235,6.26103,4623.15
001399.SZ,20260820,144700.0,23.5,3400450.0,23.33,0.0336069,0.265607,43056.7
001396.SZ,20260820,0.0,,0.0,33.03,0.0,0.0,2271.74
001395.SZ,20260820,4500.0,29.27,131715.0,29.01,0.00865276,0.32975,5200.65
001393.SZ,20260820,4900.0,42.74,209426.0,41.86,0.0101998,0.19131,4804.02
001391.SZ,20260820,94200.0,4.07,383394.0,4.05,0.0062,0.447902,151935.0
001390.SZ,20260820,14600.0,17.69,258274.0,17.71,0.0122917,1.29359,11877.9
001389.SZ,20260820,14118.0,154.3,2178407.4,152.02,0.0092664,0.181167,15235.7
001388.SZ,20260820,15500.0,21.6,334800.0,21.25,0.0123882,0.196581,12511.9
001387.SZ,20260820,13400.0,12.0,160800.0,11.96,0.0115027,0.618502,11649.5
001386.SZ,20260820,12200.0,15.64,190808.0,15.48,0.0113443,0.174118,10754.3
001382.SZ,20260820,500.0,16.75,8375.0,16.72,0.000793651,0.0214195,6300.0
001380.SZ,20260820,7600.0,16.39,124564.0,16.29,0.00326555,0.44012,23273.2
001379.SZ,20260820,11600.0,16.2,187920.0,16.12,0.0172369,0.438949,6729.77
001378.SZ,20260820,48600.0,19.79,961794.0,19.61,0.0576233,0.884131,8434.09
001376.SZ,20260820,64300.0,10.5,675150.0,10.32,0.0300409,0.386718,21404.2
002007.SZ,20260820,560400.0,13.57,7604628.0,13.04,0.0356139,4.74628,157354.0
002009.SZ,20260820,36000.0,16.65,599400.0,16.32,0.0101681,0.279826,35404.8
002040.SZ,20260820,1078100.0,8.8,9487280.0,9.06,0.221797,9.67363,48607.5
002010.SZ,20260820,72700.0,4.63,336601.0,4.63,0.00263661,0.457703,275732.0
002039.SZ,20260820,18100.0,19.1,345710.0,19.05,0.00423335,0.324828,42755.7
002038.SZ,20260820,3444298.0,6.44,22181279.12,5.85,0.404302,9.98899,85191.1
002037.SZ,20260820,13100.0,6.69,87639.0,6.69,0.00270726,0.178454,48388.4
002036.SZ,20260820,227500.0,6.57,1494675.0,6.57,0.0215544,0.580008,105547.0
002035.SZ,20260820,360900.0,4.89,1764801.0,4.96,0.0461487,2.23376,78203.8
002034.SZ,20260820,4100.0,13.78,56498.0,13.7,0.000796817,0.0633692,51454.7
002033.SZ,20260820,58100.0,8.82,512442.0,8.79,0.0105736,0.322135,54948.0
002032.SZ,20260820,1500.0,41.0,61500.0,40.98,0.000187621,0.104357,79948.4
002031.SZ,20260820,2047800.0,5.4,11058120.0,5.63,0.107012,0.724991,191362.0
002030.SZ,20260820,1167400.0,5.73,6689202.0,5.43,0.083181,4.26257,140345.0
002029.SZ,20260820,65700.0,8.62,566334.0,8.49,0.00987367,0.291256,66540.6
002028.SZ,20260820,40200.0,172.73,6943746.0,171.0,0.0065818,0.330866,61077.5
002027.SZ,20260820,883200.0,4.95,4371840.0,4.98,0.00611541,0.449614,1444220.0
002026.SZ,20260820,5400.0,10.31,55674.0,10.24,0.0012259,0.113125,44049.4
002025.SZ,20260820,264800.0,63.62,16846576.0,64.51,0.0583425,1.23115,45387.1
002024.SZ,20260820,259000.0,1.17,303030.0,1.17,0.00281739,0.991786,919290.0
002023.SZ,20260820,83000.0,10.29,854070.0,10.09,0.0113054,0.226562,73416.0
002022.SZ,20260820,127400.0,5.61,714714.0,5.5,0.0247704,1.61263,51432.4
002021.SZ,20260820,27700.0,2.62,72574.0,2.59,0.00231714,0.110858,119544.0
002020.SZ,20260820,262900.0,13.69,3599101.0,13.47,0.0363137,1.31705,72396.8
002019.SZ,20260820,155900.0,10.35,1613565.0,10.17,0.018504,0.789464,84251.8
002017.SZ,20260820,27500.0,12.87,353925.0,12.79,0.00474068,0.288094,58008.6
002016.SZ,20260820,16500.0,4.46,73590.0,4.44,0.00203931,0.179555,80909.6
002015.SZ,20260820,174600.0,14.16,2472336.0,14.02,0.0107557,0.190552,162332.0
002014.SZ,20260820,35400.0,10.78,381612.0,10.7,0.00587362,0.979779,60269.4
002012.SZ,20260820,102700.0,6.65,682955.0,6.58,0.021962,0.889423,46762.5
002011.SZ,20260820,31400.0,9.93,311802.0,9.87,0.00295804,0.330717,106152.0
002106.SZ,20260820,100900.0,10.35,1044315.0,10.17,0.014314,0.520966,70490.2
002107.SZ,20260820,58700.0,6.32,370984.0,6.22,0.0102731,0.458339,57139.6
002108.SZ,20260820,282000.0,4.24,1195680.0,4.22,0.0171117,1.36563,164800.0
002203.SZ,20260820,25600.0,18.58,475648.0,18.37,0.00115725,0.122094,221214.0
002201.SZ,20260820,75700.0,8.16,617712.0,8.04,0.0125743,0.557729,60202.3
002200.SZ,20260820,4300.0,6.8,29240.0,6.77,0.00219695,0.0885623,19572.6
002199.SZ,20260820,46900.0,12.21,572649.0,11.83,0.020309,0.631018,23093.2
002198.SZ,20260820,64100.0,3.31,212171.0,3.27,0.012631,1.24709,50748.0
002197.SZ,20260820,68100.0,6.62,450822.0,6.51,0.0127528,0.212212,53400.0
002196.SZ,20260820,136900.0,10.59,1449771.0,10.38,0.0280297,0.607806,48841.0
002195.SZ,20260820,150300.0,6.33,951399.0,6.29,0.00267636,0.0967622,561583.0
002194.SZ,20260820,59000.0,9.79,577610.0,9.69,0.0115487,0.120333,51087.9
002193.SZ,20260820,118500.0,4.62,547470.0,4.55,0.0452784,2.0925,26171.4
002192.SZ,20260820,72378.0,67.91,4915189.98,67.14,0.0279325,0.384126,25911.8
002191.SZ,20260820,5100.0,3.68,18768.0,3.67,0.00036358,0.0418914,140272.0
002190.SZ,20260820,22800.0,23.16,528048.0,22.73,0.00635577,0.163219,35872.9
002189.SZ,20260820,4400.0,17.76,78144.0,17.82,0.00168479,0.155397,26116.0
002188.SZ,20260820,460300.0,5.47,2517841.0,5.39,0.178852,4.5119,25736.3
002187.SZ,20260820,53600.0,5.23,280328.0,5.22,0.00764737,0.637068,70089.5
002186.SZ,20260820,11700.0,9.4,109980.0,9.35,0.00381354,0.27708,30680.2
002185.SZ,20260820,1267600.0,17.6,22309760.0,17.36,0.0381503,0.399537,332265.0
002184.SZ,20260820,18600.0,9.77,181722.0,9.68,0.00773806,0.369882,24037.0
002183.SZ,20260820,87400.0,4.3,375820.0,4.26,0.00336543,0.191167,259699.0
002182.SZ,20260820,25000.0,11.89,297250.0,11.72,0.00288849,0.153987,86550.5
002181.SZ,20260820,297900.0,8.5,2532150.0,8.33,0.0262574,0.828988,113454.0
002180.SZ,20260820,79900.0,17.67,1411833.0,17.7,0.00587376,0.346422,136029.0
002179.SZ,20260820,37100.0,34.74,1288854.0,34.38,0.00176967,0.144879,209643.0
002178.SZ,20260820,23800.0,4.42,105196.0,4.4,0.00334371,0.087185,71178.3
002177.SZ,20260820,546100.0,5.4,2948940.0,5.32,0.0799373,2.44491,68316.0
002176.SZ,20260820,280900.0,9.07,2547763.0,8.92,0.0165259,0.433581,169976.0
002175.SZ,20260820,116400.0,2.55,296820.0,2.55,0.00911668,0.545166,127678.0
002202.SZ,20260820,3761621.0,21.5,80874851.5,22.03,0.111836,2.04949,336350.0
002204.SZ,20260820,48600.0,5.18,251748.0,5.16,0.00251635,0.281616,193137.0
002109.SZ,20260820,3600.0,2.63,9468.0,2.63,0.000282072,0.0792766,127627.0
002205.SZ,20260820,13000.0,10.54,137020.0,10.56,0.00699514,0.593048,18584.3
002234.SZ,20260820,63300.0,7.61,481713.0,7.52,0.0210014,1.12561,30140.9
002233.SZ,20260820,22000.0,7.05,155100.0,7.06,0.00187454,0.172264,117362.0
002232.SZ,20260820,11400.0,13.95,159030.0,13.85,0.00279037,0.308289,40854.8
002230.SZ,20260820,125300.0,40.05,5018265.0,39.82,0.00572155,0.318743,218997.0
002229.SZ,20260820,672400.0,11.15,7497260.0,11.32,0.136346,0.483998,49315.6
002228.SZ,20260820,94300.0,3.06,288558.0,3.05,0.00779776,0.495841,120932.0
002227.SZ,20260820,100.0,6.6,660.0,6.6,4.06609e-05,0.00462603,24593.7
002226.SZ,20260820,9100.0,5.03,45773.0,5.03,0.000343536,0.0423882,264892.0
002225.SZ,20260820,641800.0,3.5,2246300.0,3.47,0.0658304,2.04301,97492.9
002224.SZ,20260820,81000.0,3.57,289170.0,3.52,0.0100449,0.871517,80638.0
002223.SZ,20260820,12100.0,25.96,314116.0,25.88,0.0012841,0.134768,94229.3
002222.SZ,20260820,96600.0,62.99,6084834.0,61.98,0.0206343,0.328616,46815.2
002221.SZ,20260820,56000.0,5.39,301840.0,5.4,0.00383328,0.293188,146089.0
002219.SZ,20260820,837900.0,2.37,1985823.0,2.33,0.0256092,0.280843,327187.0
002218.SZ,20260820,26500.0,3.84,101760.0,3.8,0.00190967,0.0623275,138768.0
002217.SZ,20260820,1909400.0,1.46,2787724.0,1.44,0.0262304,1.7497,727934.0
002216.SZ,20260820,7400.0,12.6,93240.0,12.61,0.00117367,0.0628661,63050.2
002215.SZ,20260820,342000.0,9.05,3095100.0,9.11,0.0423235,1.39025,80806.2
002214.SZ,20260820,26000.0,13.47,350220.0,13.51,0.00543459,0.324071,47841.7
002213.SZ,20260820,17700.0,29.08,514716.0,28.8,0.00856239,0.15806,20671.8
002212.SZ,20260820,279000.0,6.27,1749330.0,6.3,0.0239107,0.467212,116684.0
002211.SZ,20260820,6500.0,3.71,24115.0,3.69,0.00150297,0.107672,43247.6
002210.SZ,20260820,103300.0,2.17,224161.0,2.16,0.00389038,0.187807,265527.0
002209.SZ,20260820,20100.0,11.78,236778.0,11.83,0.0127337,0.422551,15784.9
002208.SZ,20260820,161500.0,11.0,1776500.0,10.9,0.0201103,0.425467,80307.2
002207.SZ,20260820,102300.0,5.64,576972.0,5.65,0.0392237,1.28494,26081.2
002206.SZ,20260820,47200.0,5.18,244496.0,5.16,0.00446559,0.690519,105697.0
002174.SZ,20260820,121700.0,12.19,1483523.0,12.05,0.0124278,0.209199,97925.9
002173.SZ,20260820,561700.0,19.5,10953150.0,18.55,0.133463,0.987198,42086.5
002172.SZ,20260820,5470100.0,4.04,22099204.0,4.04,0.714914,4.13786,76514.1
002171.SZ,20260820,90500.0,9.64,872420.0,9.51,0.00560809,0.196696,161374.0
002138.SZ,20260820,111500.0,48.25,5379875.0,47.41,0.0145496,0.279584,76634.5
002137.SZ,20260820,62800.0,7.73,485444.0,7.68,0.0158402,0.287035,39645.9
002136.SZ,20260820,9400.0,11.79,110826.0,11.7,0.00438319,0.182928,21445.6
002135.SZ,20260820,175600.0,5.92,1039552.0,5.8,0.016822,1.62972,104387.0
002134.SZ,20260820,27900.0,21.5,599850.0,21.15,0.0112655,0.409225,24765.8
002133.SZ,20260820,240600.0,2.66,639996.0,2.66,0.031252,1.92591,76987.0
002132.SZ,20260820,232600.0,4.44,1032744.0,4.38,0.0166239,0.36564,139919.0
002131.SZ,20260820,2923100.0,4.73,13826263.0,4.63,0.0499266,0.338071,585480.0
002130.SZ,20260820,90300.0,16.42,1482726.0,16.1,0.00787304,0.388905,114695.0
002129.SZ,20260820,611900.0,9.85,6027215.0,9.85,0.0151475,0.459232,403960.0
002128.SZ,20260820,50700.0,27.21,1379547.0,27.21,0.0022618,0.595582,224157.0
002127.SZ,20260820,127700.0,2.83,361391.0,2.8,0.00640186,0.294757,199473.0
002126.SZ,20260820,22100.0,40.88,903448.0,40.16,0.00277936,0.139964,79514.8
002125.SZ,20260820,97900.0,12.78,1251162.0,12.55,0.0155515,0.543181,62952.3
002124.SZ,20260820,3001001.0,2.34,7022342.34,2.33,0.152168,3.22345,197217.0
002123.SZ,20260820,58600.0,7.79,456494.0,7.76,0.00813288,0.272024,72053.2
002122.SZ,20260820,332600.0,2.62,871412.0,2.63,0.0167327,1.8845,198772.0
002121.SZ,20260820,73600.0,4.89,359904.0,4.88,0.00521374,0.350302,141166.0
002120.SZ,20260820,1655500.0,6.75,11174625.0,6.63,0.0588072,7.39095,281513.0
002119.SZ,20260820,331079.0,24.07,7969071.53,23.86,0.0882209,0.842297,37528.4
002117.SZ,20260820,1400.0,7.81,10934.0,7.76,0.000267407,0.0228961,52354.6
002116.SZ,20260820,16500.0,6.98,115170.0,6.97,0.0029883,0.543629,55215.3
002115.SZ,20260820,216700.0,10.73,2325191.0,10.53,0.0290379,0.276483,74626.6
002114.SZ,20260820,50400.0,7.18,361872.0,7.12,0.0155849,0.794163,32339.1
002112.SZ,20260820,27100.0,16.12,436852.0,15.86,0.0103404,0.0804065,26208.0
002111.SZ,20260820,18700.0,9.37,175219.0,9.32,0.00382607,0.23886,48875.2
002110.SZ,20260820,26300.0,2.89,76007.0,2.89,0.00108272,0.113313,242908.0
002139.SZ,20260820,68900.0,9.72,669708.0,9.76,0.0064327,0.357715,107109.0
002140.SZ,20260820,34100.0,8.91,303831.0,8.9,0.00482346,0.583741,70696.1
002141.SZ,20260820,672100.0,6.34,4261114.0,6.46,0.065067,0.346058,103294.0
002158.SZ,20260820,41500.0,26.62,1104730.0,26.18,0.00777785,0.463163,53356.7
002170.SZ,20260820,43600.0,11.33,493988.0,11.26,0.00552686,0.251365,78887.5
002169.SZ,20260820,80000.0,12.85,1028000.0,12.65,0.0105447,0.35108,75867.4
002168.SZ,20260820,28300.0,3.8,107540.0,3.76,0.00360894,0.479545,78416.3
002167.SZ,20260820,234800.0,17.2,4038560.0,16.88,0.0309471,0.303878,75871.3
002166.SZ,20260820,196900.0,6.76,1331044.0,6.69,0.0266591,1.54226,73858.5
002165.SZ,20260820,2596600.0,7.25,18825350.0,7.41,0.35688,2.74372,72758.4
002164.SZ,20260820,41600.0,11.27,468832.0,11.05,0.00867073,0.188195,47977.5
002163.SZ,20260820,53300.0,8.05,429065.0,7.98,0.00663307,0.280683,80354.9
002162.SZ,20260820,17600.0,4.02,70752.0,3.98,0.00191654,0.0803683,91832.2
002161.SZ,20260820,21800.0,5.75,125350.0,5.67,0.0029475,0.156407,73960.9
002160.SZ,20260820,226700.0,3.95,895465.0,3.88,0.0219941,1.34168,103073.0
002159.SZ,20260820,6600.0,13.28,87648.0,13.19,0.00476629,0.25742,13847.3
002157.SZ,20260820,391900.0,2.98,1167862.0,2.98,0.00503231,0.267406,778767.0
002142.SZ,20260820,895600.0,33.5,30002600.0,32.98,0.0135708,3.71432,659944.0
002156.SZ,20260820,1640300.0,63.7,104487110.0,63.59,0.108096,1.27275,151745.0
002155.SZ,20260820,0.0,,0.0,24.56,0.0,0.0,156265.0
002154.SZ,20260820,33000.0,4.25,140250.0,4.22,0.00279631,0.0992304,118013.0
002153.SZ,20260820,103700.0,7.78,806786.0,7.71,0.00648221,0.156445,159976.0
002152.SZ,20260820,81098.0,9.35,758266.3,9.3,0.00326727,0.259611,248213.0
002151.SZ,20260820,111900.0,28.71,3212649.0,28.22,0.0252701,0.830557,44281.5
002150.SZ,20260820,46600.0,22.8,1062480.0,22.28,0.0129984,0.43349,35850.4
002149.SZ,20260820,304000.0,38.27,11634080.0,37.51,0.0622773,0.520965,48813.9
002148.SZ,20260820,31900.0,6.3,200970.0,6.25,0.00707449,0.187574,45091.6
002146.SZ,20260820,1358600.0,1.13,1535218.0,1.13,0.0347333,0.752145,391152.0
002145.SZ,20260820,106900.0,4.33,462877.0,4.31,0.00280837,0.261782,380647.0
002144.SZ,20260820,19000.0,10.74,204060.0,10.67,0.013804,0.674541,13764.2
002506.SZ,20260820,434100.0,2.57,1115637.0,2.54,0.00742758,0.213466,584444.0
002507.SZ,20260820,44101.0,11.38,501869.38,11.38,0.00384385,0.433903,114731.0
002508.SZ,20260820,191400.0,16.43,3144702.0,16.43,0.0205023,1.6476,93355.2
002880.SZ,20260820,5900.0,20.25,119475.0,19.9,0.00260141,0.370007,22680.0
002878.SZ,20260820,56501.0,12.34,697222.34,12.15,0.0239514,1.17696,23589.8
002877.SZ,20260820,6000.0,7.2,43200.0,7.18,0.00249465,0.161532,24051.5
002876.SZ,20260820,8500.0,29.29,248965.0,29.02,0.00570693,0.170397,14894.2
002875.SZ,20260820,4200.0,13.21,55482.0,13.05,0.0019773,0.104767,21241.1
002873.SZ,20260820,287900.0,8.75,2519125.0,8.42,0.120113,3.06045,23969.1
002872.SZ,20260820,4900.0,5.27,25823.0,5.26,0.00227994,0.20225,21491.8
002871.SZ,20260820,52100.0,16.65,867465.0,16.5,0.034904,1.29376,14926.7
002870.SZ,20260820,15100.0,48.98,739598.0,48.2,0.0116393,0.191032,12973.3
002869.SZ,20260820,2800.0,15.73,44044.0,15.55,0.00177758,0.123255,15751.7
002868.SZ,20260820,4400.0,23.08,101552.0,22.66,0.00409557,0.251923,10743.3
002867.SZ,20260820,25800.0,12.4,319920.0,12.38,0.00239089,0.439906,107910.0
002866.SZ,20260820,11800.0,14.89,175702.0,14.6,0.00642111,0.11955,18376.9
002865.SZ,20260820,98100.0,43.0,4218300.0,42.28,0.043887,0.947151,22352.8
002864.SZ,20260820,21950.0,22.64,496948.0,22.37,0.0222624,0.512095,9859.67
002863.SZ,20260820,298800.0,4.67,1395396.0,4.63,0.0498429,0.846898,59948.4
002862.SZ,20260820,6400.0,13.29,85056.0,13.17,0.00497754,0.191222,12857.7
002861.SZ,20260820,15900.0,15.55,247245.0,15.41,0.0105881,0.36328,15016.8
002860.SZ,20260820,118200.0,16.96,2004672.0,16.55,0.0343632,0.910232,34397.3
002859.SZ,20260820,117700.0,69.01,8122477.0,69.15,0.0274798,0.494081,42831.5
002858.SZ,20260820,4200.0,11.49,48258.0,11.4,0.00284915,0.145985,14741.2
002857.SZ,20260820,6500.0,17.88,116220.0,17.54,0.00505502,0.119634,12858.5
002856.SZ,20260820,22400.0,14.0,313600.0,13.91,0.0180784,0.451986,12390.4
002855.SZ,20260820,17500.0,9.8,171500.0,9.77,0.00710726,0.67367,24622.7
002853.SZ,20260820,0.0,,0.0,20.42,0.0,0.0,12870.5
002852.SZ,20260820,261400.0,8.1,2117340.0,8.21,0.0914566,2.3868,28581.9
002851.SZ,20260820,315600.0,118.53,37408068.0,118.53,0.0641869,0.984629,49168.9
002850.SZ,20260820,6100.0,182.69,1114409.0,181.87,0.00290946,0.104662,20966.1
002879.SZ,20260820,64300.0,16.16,1039088.0,15.79,0.0468867,0.433045,13713.9
002881.SZ,20260820,8900.0,38.27,340603.0,37.97,0.00486283,0.108553,18302.1
002848.SZ,20260820,10200.0,12.82,130764.0,12.69,0.00616609,0.211373,16542.1
002882.SZ,20260820,9300.0,20.9,194370.0,20.72,0.0037685,0.0969938,24678.3
002912.SZ,20260820,5900.0,18.88,111392.0,18.67,0.003637,0.163265,16222.2
002911.SZ,20260820,17200.0,10.83,186276.0,10.77,0.0013575,0.349281,126704.0
002910.SZ,20260820,30500.0,9.46,288530.0,9.36,0.0178298,0.397576,17106.2
002909.SZ,20260820,10000.0,5.1,51000.0,5.08,0.00262883,0.15249,38039.7
002908.SZ,20260820,17000.0,6.9,117300.0,6.83,0.00528222,0.292438,32183.5
002907.SZ,20260820,803375.0,16.26,13062877.5,16.15,0.23923,3.28817,33581.7
002906.SZ,20260820,0.0,,0.0,25.66,,0.0,
002905.SZ,20260820,4900.0,7.45,36505.0,7.43,0.00140224,0.0773742,34944.0
002903.SZ,20260820,29700.0,27.88,828036.0,27.88,0.027611,0.201345,10756.6
002902.SZ,20260820,19200.0,24.59,472128.0,24.14,0.0108089,0.135042,17763.2
002901.SZ,20260820,1300.0,44.03,57239.0,43.7,0.000450744,0.0755193,28841.2
002900.SZ,20260820,1238720.0,17.19,21293596.8,15.63,0.768807,4.16955,16112.2
002899.SZ,20260820,1200.0,19.6,23520.0,19.01,0.000811925,0.0443182,14779.7
002897.SZ,20260820,115300.0,56.03,6460259.0,55.63,0.0625193,1.27037,18442.3
002896.SZ,20260820,248402.0,71.31,17713546.62,76.4,0.126399,1.69221,19652.3
002895.SZ,20260820,55900.0,33.35,1864265.0,33.37,0.00932679,0.70733,59934.9
002893.SZ,20260820,28200.0,9.66,272412.0,9.64,0.0139068,0.455059,20277.9
002892.SZ,20260820,10800.0,9.04,97632.0,9.0,0.00215516,0.146011,50112.4
002891.SZ,20260820,33800.0,29.75,1005550.0,29.74,0.0105002,0.311298,32189.8
002890.SZ,20260820,6100.0,14.32,87352.0,14.05,0.00377763,0.404307,16147.7
002889.SZ,20260820,39400.0,12.72,501168.0,12.48,0.0156819,1.07625,25124.6
002888.SZ,20260820,5600.0,17.09,95704.0,16.9,0.00747434,0.275514,7492.3
002887.SZ,20260820,177100.0,9.86,1746206.0,9.94,0.081526,3.00545,21723.1
002886.SZ,20260820,61600.0,19.63,1209208.0,19.41,0.0294627,0.453585,20907.8
002885.SZ,20260820,56000.0,28.8,1612800.0,28.42,0.0236032,0.21421,23725.6
002884.SZ,20260820,30700.0,15.96,489972.0,15.97,0.0112424,1.96111,27307.2
002883.SZ,20260820,100.0,9.11,911.0,9.11,6.52247e-05,0.00643098,15331.6
002849.SZ,20260820,21100.0,18.0,379800.0,17.72,0.00964146,0.202643,21884.7
002847.SZ,20260820,127400.0,47.5,6051500.0,48.73,0.0522408,2.97796,24387.1
002778.SZ,20260820,12100.0,15.51,187671.0,15.33,0.00980323,0.658143,12342.9
002813.SZ,20260820,4000.0,20.19,80760.0,19.92,0.00333633,0.257204,11989.2
002811.SZ,20260820,164700.0,12.49,2057103.0,12.11,0.0582829,1.09225,28258.7
002810.SZ,20260820,43400.0,21.38,927892.0,21.2,0.0134351,0.7995,32303.5
002809.SZ,20260820,140800.0,8.5,1196800.0,8.34,0.082838,2.11283,16997.0
002807.SZ,20260820,164900.0,3.94,649706.0,3.95,0.00609944,0.468472,270353.0
002806.SZ,20260820,13400.0,13.84,185456.0,13.57,0.0076965,0.226113,17410.5
002805.SZ,20260820,48100.0,19.24,925444.0,18.94,0.0172516,0.32268,27881.5
002803.SZ,20260820,31300.0,18.45,577485.0,18.3,0.0105187,0.252549,29756.4
002802.SZ,20260820,12700.0,11.48,145796.0,11.42,0.00848459,0.579096,14968.3
002801.SZ,20260820,3500.0,26.7,93450.0,26.53,0.00302238,0.20193,11580.3
002800.SZ,20260820,18000.0,13.59,244620.0,13.3,0.0121751,0.470946,14784.3
002799.SZ,20260820,26700.0,6.68,178356.0,6.66,0.00834282,0.475394,32003.6
002798.SZ,20260820,8800.0,5.69,50072.0,5.65,0.00170295,0.111309,51674.9
002797.SZ,20260820,94700.0,6.32,598504.0,6.29,0.00225347,0.213513,420240.0
002796.SZ,20260820,17900.0,29.45,527155.0,29.12,0.00786109,0.212717,22770.4
002795.SZ,20260820,33400.0,7.02,234468.0,6.89,0.00768825,0.159226,43442.9
002793.SZ,20260820,224300.0,5.36,1202248.0,5.2,0.020655,0.505267,108593.0
002792.SZ,20260820,543024.0,31.8,17268163.2,31.34,0.160741,0.813739,33782.4
002791.SZ,20260820,39200.0,14.62,573104.0,14.45,0.0180061,1.08242,21770.5
002790.SZ,20260820,4300.0,5.85,25155.0,5.83,0.00164942,0.0966646,26069.8
002789.SZ,20260820,3400.0,9.86,33524.0,9.86,0.0021729,0.212111,15647.3
002788.SZ,20260820,27900.0,11.5,320850.0,11.32,0.0073065,0.14912,38185.2
002787.SZ,20260820,22300.0,21.3,474990.0,20.89,0.00898892,0.153582,24808.3
002786.SZ,20260820,6600.0,7.47,49302.0,7.44,0.00133573,0.111922,49411.2
002785.SZ,20260820,100.0,32.52,3252.0,32.4,5.16809e-05,0.00219847,19349.5
002783.SZ,20260820,92500.0,7.9,730750.0,7.86,0.02006,0.753547,46111.7
002782.SZ,20260820,38800.0,15.2,589760.0,14.93,0.00791972,0.317425,48991.6
002780.SZ,20260820,15500.0,13.08,202740.0,12.87,0.0118636,0.491116,13065.2
002812.SZ,20260820,40000.0,56.44,2257600.0,56.04,0.00486257,0.180846,82261.1
002815.SZ,20260820,207500.0,13.5,2801250.0,13.14,0.0267004,0.479526,77714.2
002846.SZ,20260820,45900.0,10.23,469557.0,10.19,0.0169128,0.747871,27139.2
002816.SZ,20260820,5300.0,24.8,131440.0,24.51,0.0053,0.34404,10000.0
002845.SZ,20260820,38089.0,13.07,497823.23,12.96,0.0152213,0.46516,25023.4
002843.SZ,20260820,268400.0,15.9,4267560.0,15.58,0.107276,2.99604,25019.7
002842.SZ,20260820,261600.0,39.13,10236408.0,37.88,0.0974438,0.624672,26846.2
002841.SZ,20260820,9500.0,49.81,473195.0,49.36,0.00182221,0.142342,52134.5
002840.SZ,20260820,184900.0,8.14,1505086.0,8.07,0.0232103,0.647733,79662.8
002839.SZ,20260820,406400.0,4.29,1743456.0,4.31,0.016642,1.58013,244202.0
002838.SZ,20260820,48200.0,24.46,1178972.0,23.98,0.011459,0.386531,42063.2
002837.SZ,20260820,97700.0,53.44,5221088.0,52.59,0.00864251,0.242301,113046.0
002836.SZ,20260820,1500.0,10.13,15195.0,10.06,0.000651042,0.0685762,23040.0
002835.SZ,20260820,21800.0,12.22,266396.0,12.21,0.0171266,0.624299,12728.7
002833.SZ,20260820,9500.0,18.07,171665.0,17.97,0.00324158,0.289424,29306.7
002832.SZ,20260820,17100.0,25.35,433485.0,25.2,0.00439116,0.188279,38941.8
002831.SZ,20260820,7200.0,25.93,186696.0,25.62,0.00100809,0.0641812,71422.2
002830.SZ,20260820,22100.0,13.36,295256.0,13.34,0.0238058,0.666853,9283.45
002829.SZ,20260820,78700.0,20.14,1585018.0,19.79,0.0538847,0.876319,14605.3
002828.SZ,20260820,99400.0,11.68,1160992.0,11.71,0.0494558,0.505508,20098.8
002827.SZ,20260820,327400.0,56.93,18638882.0,56.0,0.118624,1.77804,27599.9
002826.SZ,20260820,29200.0,17.6,513920.0,17.25,0.0158069,0.558252,18472.9
002825.SZ,20260820,25000.0,8.91,222750.0,8.75,0.00974176,0.539978,25662.7
002824.SZ,20260820,118800.0,24.4,2898720.0,23.56,0.0525254,0.705873,22617.6
002823.SZ,20260820,45300.0,12.74,577122.0,12.65,0.0203103,0.415997,22304.0
002822.SZ,20260820,19700.0,3.16,62252.0,3.14,0.00184294,0.27839,106895.0
002821.SZ,20260820,561100.0,180.12,101065332.0,170.59,0.176979,4.40803,31704.4
002820.SZ,20260820,713800.0,9.94,7095172.0,11.04,0.355357,6.5234,20086.8
002819.SZ,20260820,102800.0,21.49,2209172.0,21.25,0.0432402,2.26344,23774.1
002818.SZ,20260820,22300.0,10.95,244185.0,10.89,0.00747482,0.912151,29833.5
002817.SZ,20260820,70200.0,6.58,461916.0,6.53,0.0242036,1.52471,29003.9
002913.SZ,20260820,45300.0,58.45,2647785.0,57.47,0.0148311,0.677658,30543.9
002915.SZ,20260820,99400.0,17.21,1710674.0,17.21,0.034505,0.848112,28807.4
002916.SZ,20260820,32900.0,349.06,11484074.0,343.93,0.00494879,0.35297,66480.9
003015.SZ,20260820,10800.0,12.48,134784.0,12.43,0.00437171,0.142711,24704.3
003012.SZ,20260820,3900.0,4.68,18252.0,4.66,0.000343737,0.0549652,113459.0
003011.SZ,20260820,10600.0,20.52,217512.0,20.22,0.013794,0.410683,7684.51
003010.SZ,20260820,27100.0,26.57,720047.0,26.51,0.0119836,0.262768,22614.2
003009.SZ,20260820,47400.0,48.15,2282310.0,48.15,0.0287818,1.21915,16468.7
003008.SZ,20260820,9900.0,19.35,191565.0,19.35,0.0127375,0.979188,7772.32
003007.SZ,20260820,16800.0,36.17,607656.0,35.9,0.0231444,0.814028,7258.77
003006.SZ,20260820,15200.0,13.4,203680.0,13.39,0.00354665,0.190826,42857.3
003005.SZ,20260820,1400.0,13.4,18760.0,13.3,0.00110255,0.040011,12697.8
003004.SZ,20260820,15600.0,69.31,1081236.0,68.19,0.0226933,0.933513,6874.28
003003.SZ,20260820,27600.0,10.87,300012.0,10.84,0.0234303,1.01333,11779.6
003002.SZ,20260820,88500.0,16.03,1418655.0,16.37,0.0484011,2.88361,18284.7
003001.SZ,20260820,39600.0,16.34,647064.0,16.09,0.0346255,0.346633,11436.7
003000.SZ,20260820,23900.0,10.55,252145.0,10.37,0.00775822,0.531213,30806.0
002999.SZ,20260820,168200.0,6.0,1009200.0,6.0,0.0489603,2.01744,34354.4
002998.SZ,20260820,17900.0,7.78,139262.0,7.73,0.00661749,0.195571,27049.5
002997.SZ,20260820,8700.0,26.69,232203.0,26.5,0.00415629,0.261225,20932.1
002996.SZ,20260820,35100.0,6.13,215163.0,6.1,0.00765744,0.470906,45837.8
002995.SZ,20260820,9400.0,16.95,159330.0,16.76,0.00836171,0.133311,11241.7
002993.SZ,20260820,21400.0,37.82,809348.0,37.19,0.00897474,0.284705,23844.7
002992.SZ,20260820,0.0,,0.0,33.76,0.0,0.0,15623.5
002991.SZ,20260820,600.0,42.02,25212.0,42.0,0.00120159,0.0810732,4993.37
002990.SZ,20260820,55000.0,50.5,2777500.0,50.42,0.0398497,0.396302,13801.9
002989.SZ,20260820,24600.0,23.64,581544.0,23.64,0.0124346,0.271665,19783.5
002988.SZ,20260820,50500.0,22.43,1132715.0,22.1,0.0202158,0.534128,24980.4
002987.SZ,20260820,23300.0,10.54,245582.0,10.45,0.002298,0.192738,101393.0
002986.SZ,20260820,19900.0,12.94,257506.0,12.94,0.00659295,0.385757,30183.7
002985.SZ,20260820,3100.0,25.17,78027.0,25.15,0.000936727,0.0819127,33093.9
003013.SZ,20260820,52600.0,18.29,962054.0,18.54,0.0130691,0.529569,40247.6
003016.SZ,20260820,7800.0,6.93,54054.0,6.86,0.00189835,0.21373,41088.3
002917.SZ,20260820,15500.0,10.11,156705.0,10.08,0.00594907,0.477671,26054.5
003017.SZ,20260820,5300.0,22.49,119197.0,22.36,0.00634874,0.163203,8348.11
123065.SZ,20260820,3800.0,117.5,446500.0,116.8,,,
123064.SZ,20260820,3490.0,109.935,383673.15,109.9,,,
003816.SZ,20260820,510500.0,3.9,1990950.0,3.92,0.00129782,0.5703,3933520.0
003043.SZ,20260820,26200.0,73.22,1918364.0,71.58,0.0278672,0.439708,9401.72
003042.SZ,20260820,805499.0,13.83,11140051.17,14.02,0.653279,13.6069,12330.1
003041.SZ,20260820,500.0,41.55,20775.0,40.55,0.000365435,0.0303794,13682.3
003040.SZ,20260820,69900.0,11.02,770298.0,10.85,0.0153004,0.462162,45685.0
003039.SZ,20260820,12700.0,11.71,148717.0,11.7,0.00205662,0.458349,61751.9
003038.SZ,20260820,14000.0,10.58,148120.0,10.45,0.0086403,0.373366,16203.1
003037.SZ,20260820,14800.0,5.58,82584.0,5.5,0.00247048,0.525282,59907.5
003036.SZ,20260820,27100.0,55.0,1490500.0,53.85,0.0125115,0.278281,21660.1
003035.SZ,20260820,21100.0,5.17,109087.0,5.16,0.00055704,0.0745645,378788.0
003033.SZ,20260820,11500.0,67.14,772110.0,65.88,0.0142426,0.305757,8074.36
003032.SZ,20260820,1029100.0,11.95,12297745.0,13.28,0.361746,1.19995,28448.2
003031.SZ,20260820,248800.0,133.0,33090400.0,129.25,0.0731428,1.63982,34015.7
003030.SZ,20260820,20800.0,22.2,461760.0,21.96,0.025692,0.596149,8095.89
003029.SZ,20260820,8600.0,16.15,138890.0,16.04,0.00488362,0.225766,17609.9
003028.SZ,20260820,800.0,22.13,17704.0,21.93,0.00113164,0.101791,7069.36
003027.SZ,20260820,1700.0,16.2,27540.0,16.14,0.00162119,0.110968,10486.1
003026.SZ,20260820,41400.0,30.24,1251936.0,29.91,0.0286385,0.513328,14456.1
003025.SZ,20260820,14900.0,12.17,181333.0,12.07,0.00658081,0.307434,22641.6
003023.SZ,20260820,13300.0,27.86,370538.0,27.93,0.0126522,0.145282,10512.0
003022.SZ,20260820,31400.0,20.86,655004.0,20.7,0.00235306,0.30554,133443.0
003021.SZ,20260820,25300.0,73.62,1862586.0,73.62,0.0122027,0.589037,20733.1
003020.SZ,20260820,81600.0,19.5,1591200.0,19.17,0.0484134,0.601846,16854.8
003019.SZ,20260820,10400.0,23.72,246688.0,23.25,0.00601406,0.203936,17292.8
003018.SZ,20260820,18700.0,40.25,752675.0,39.7,0.00657267,0.146576,28451.2
002984.SZ,20260820,11000.0,13.96,153560.0,13.87,0.00154079,0.11125,71392.0
002983.SZ,20260820,16400.0,19.51,319964.0,19.35,0.0126802,0.866388,12933.5
002982.SZ,20260820,67700.0,12.59,852343.0,12.52,0.0520404,1.55114,13009.1
002981.SZ,20260820,1400.0,22.99,32186.0,22.97,0.00115146,0.0668334,12158.5
002947.SZ,20260820,36700.0,57.57,2112819.0,55.96,0.018507,0.565383,19830.4
002946.SZ,20260820,700.0,15.83,11081.0,15.81,8.22837e-05,0.00802294,85071.5
002945.SZ,20260820,97500.0,13.88,1353300.0,13.92,0.00361111,0.837874,270000.0
002943.SZ,20260820,32700.0,33.38,1091526.0,32.73,0.0173151,0.283437,18885.2
002942.SZ,20260820,10800.0,15.57,168156.0,15.65,0.00778333,0.593886,13875.8
002941.SZ,20260820,18300.0,10.32,188856.0,10.27,0.0025077,0.223904,72975.1
002940.SZ,20260820,343200.0,28.07,9633624.0,25.83,0.185238,3.86606,18527.5
002939.SZ,20260820,79300.0,7.97,632021.0,7.94,0.00220115,0.311939,360266.0
002938.SZ,20260820,120200.0,89.0,10697800.0,87.36,0.0052016,0.402811,231083.0
002937.SZ,20260820,145300.0,29.66,4309598.0,29.63,0.0461,1.59868,31518.5
002936.SZ,20260820,1429400.0,1.76,2515744.0,1.76,0.0203349,1.83925,702930.0
002935.SZ,20260820,8200.0,16.19,132758.0,15.99,0.00197547,0.170563,41509.1
002933.SZ,20260820,3000.0,26.98,80940.0,26.67,0.00256642,0.168767,11689.4
002932.SZ,20260820,4600.0,15.06,69276.0,15.06,0.00294692,0.447485,15609.5
002931.SZ,20260820,89900.0,48.85,4391615.0,49.33,0.0443784,0.925846,20257.6
002930.SZ,20260820,6000.0,8.65,51900.0,8.56,0.00138434,0.0654385,43341.8
002929.SZ,20260820,38500.0,54.0,2079000.0,52.98,0.0177772,0.178547,21657.0
002928.SZ,20260820,61900.0,6.1,377590.0,6.09,0.00484261,0.326517,127824.0
002927.SZ,20260820,31200.0,16.65,519480.0,16.32,0.0141362,0.427649,22071.1
002926.SZ,20260820,24000.0,8.22,197280.0,8.21,0.000914286,0.160599,262500.0
002925.SZ,20260820,26500.0,22.6,598900.0,22.39,0.00362493,0.15717,73104.8
002923.SZ,20260820,38200.0,11.72,447704.0,11.44,0.0148013,0.436858,25808.5
002922.SZ,20260820,92900.0,25.47,2366163.0,25.2,0.0246419,0.386605,37700.0
002921.SZ,20260820,25700.0,21.97,564629.0,21.59,0.0200089,0.331241,12844.3
002920.SZ,20260820,42500.0,85.6,3638000.0,84.66,0.00712344,0.415356,59662.2
002919.SZ,20260820,3900.0,17.55,68445.0,17.35,0.00147611,0.0975955,26420.8
002918.SZ,20260820,45900.0,9.82,450738.0,9.78,0.0214281,0.309657,21420.5
002948.SZ,20260820,708200.0,5.85,4142970.0,5.89,0.0201068,2.09369,352219.0
002949.SZ,20260820,13400.0,10.5,140700.0,10.45,0.0088201,0.446716,15192.6
002950.SZ,20260820,27300.0,9.41,256893.0,9.26,0.00635443,0.394399,42962.1
002967.SZ,20260820,19400.0,17.32,336008.0,17.18,0.00321261,0.41625,60387.0
002980.SZ,20260820,77300.0,97.99,7574627.0,94.73,0.0763179,0.639578,10128.7
002979.SZ,20260820,114700.0,55.85,6405995.0,55.85,0.0514847,0.65176,22278.5
002978.SZ,20260820,2400.0,25.63,61512.0,25.55,0.000649914,0.087937,36928.0
002977.SZ,20260820,7300.0,20.26,147898.0,20.27,0.0109532,0.769225,6664.72
002976.SZ,20260820,10100.0,22.23,224523.0,21.93,0.00829709,0.214472,12172.9
002975.SZ,20260820,48300.0,96.03,4638249.0,94.41,0.0349334,0.406651,13826.3
002973.SZ,20260820,66500.0,11.38,756770.0,11.17,0.0209348,1.03301,31765.3
002972.SZ,20260820,5300.0,13.87,73511.0,13.75,0.00393624,0.0773609,13464.6
002971.SZ,20260820,44600.0,44.41,1980686.0,43.5,0.0277011,0.185425,16100.5
002970.SZ,20260820,4000.0,50.1,200400.0,49.38,0.0031649,0.107068,12638.6
002969.SZ,20260820,222000.0,13.42,2979240.0,13.15,0.020316,0.530963,109274.0
002968.SZ,20260820,63100.0,9.15,577365.0,9.07,0.0296228,2.19294,21301.1
002966.SZ,20260820,245800.0,8.56,2104048.0,8.61,0.00559211,0.714906,439548.0
002951.SZ,20260820,58100.0,16.0,929600.0,15.8,0.0144844,0.293737,40112.2
002965.SZ,20260820,50600.0,30.97,1567082.0,30.86,0.0265734,0.331713,19041.6
002963.SZ,20260820,19700.0,17.6,346720.0,17.0,0.0131913,0.228483,14934.0
002962.SZ,20260820,53100.0,13.02,691362.0,12.83,0.0253805,0.45055,20921.6
002961.SZ,20260820,8400.0,17.98,151032.0,17.93,0.00176126,0.184083,47693.1
002960.SZ,20260820,17700.0,8.62,152574.0,8.54,0.00182766,0.140883,96844.9
002959.SZ,20260820,900.0,33.57,30213.0,33.28,0.000643803,0.0806122,13979.4
002958.SZ,20260820,337700.0,2.93,989461.0,2.95,0.00620822,0.568551,543956.0
002957.SZ,20260820,101900.0,39.8,4055620.0,39.4,0.0243385,0.393463,41867.9
002956.SZ,20260820,15800.0,17.71,279818.0,17.51,0.00505583,0.359026,31251.1
002955.SZ,20260820,17400.0,35.0,609000.0,34.69,0.00889358,0.30208,19564.7
002953.SZ,20260820,2727800.0,12.0,32733600.0,11.73,1.00541,29.2518,27131.1
002952.SZ,20260820,3600.0,19.43,69948.0,19.53,0.00273463,0.156219,13164.5
002779.SZ,20260820,5400.0,72.88,393552.0,71.97,0.00325677,0.142184,16580.8
002777.SZ,20260820,24800.0,12.38,307024.0,12.31,0.00613085,0.299451,40451.1
002510.SZ,20260820,49000.0,5.4,264600.0,5.36,0.00487636,0.293164,100485.0
002602.SZ,20260820,444600.0,14.0,6224400.0,13.9,0.00654129,0.376912,679683.0
002600.SZ,20260820,251900.0,12.41,3126079.0,12.31,0.00349862,0.218524,719998.0
002599.SZ,20260820,9600.0,5.84,56064.0,5.78,0.00232237,0.115853,41337.1
002598.SZ,20260820,18600.0,6.54,121644.0,6.5,0.00649147,1.02736,28653.0
002597.SZ,20260820,15000.0,19.7,295500.0,19.75,0.00264435,0.276219,56724.7
002596.SZ,20260820,13500.0,3.18,42930.0,3.18,0.00117747,0.06916,114653.0
002595.SZ,20260820,2400.0,50.18,120432.0,50.08,0.000208337,0.0574811,115198.0
002594.SZ,20260820,150900.0,89.05,13437645.0,88.66,0.00432798,0.682967,348661.0
002593.SZ,20260820,65100.0,4.44,289044.0,4.41,0.0116145,0.590748,56050.4
002592.SZ,20260820,227700.0,6.67,1518759.0,6.67,0.0866303,5.77055,26284.1
002591.SZ,20260820,69400.0,6.35,440690.0,6.22,0.0310497,0.951052,22351.2
002590.SZ,20260820,24900.0,9.33,232317.0,9.22,0.00503074,0.306042,49495.7
002589.SZ,20260820,1157100.0,3.33,3853143.0,3.2,0.0847325,0.443032,136559.0
002588.SZ,20260820,874900.0,8.18,7156682.0,8.6,0.1019,6.55552,85858.3
002587.SZ,20260820,66900.0,5.36,358584.0,5.29,0.0125584,0.445285,53271.3
002586.SZ,20260820,48000.0,4.15,199200.0,4.14,0.00441372,0.461351,108752.0
002585.SZ,20260820,526800.0,10.07,5304876.0,9.77,0.0594075,0.425073,88675.7
002584.SZ,20260820,25200.0,8.01,201852.0,7.96,0.00537971,0.120678,46842.7
002583.SZ,20260820,31200.0,7.9,246480.0,7.87,0.00243233,0.177535,128272.0
002582.SZ,20260820,403800.0,10.4,4199520.0,10.58,0.117302,0.683088,34424.0
002581.SZ,20260820,579900.0,5.28,3061872.0,5.2,0.144689,2.50907,40079.1
002580.SZ,20260820,763800.0,19.34,14771892.0,19.45,0.168983,0.809269,45199.8
002579.SZ,20260820,192500.0,14.3,2752750.0,13.9,0.0329956,0.273265,58341.2
002578.SZ,20260820,457100.0,4.0,1828400.0,3.92,0.0530794,0.838295,86116.3
002577.SZ,20260820,18000.0,17.74,319320.0,17.85,0.00641316,0.29643,28067.3
002576.SZ,20260820,16100.0,13.9,223790.0,13.76,0.00993658,0.499141,16202.8
002575.SZ,20260820,118800.0,4.98,591624.0,4.93,0.0203311,0.213583,58432.6
002574.SZ,20260820,16600.0,4.54,75364.0,4.53,0.00314394,0.296551,52800.0
002601.SZ,20260820,58800.0,15.28,898464.0,15.33,0.00295834,0.377785,198760.0
002603.SZ,20260820,141300.0,16.78,2371014.0,16.51,0.0102649,0.481083,137653.0
002572.SZ,20260820,206500.0,8.11,1674715.0,8.16,0.0316979,1.7964,65146.4
002605.SZ,20260820,2300.0,17.32,39836.0,17.31,0.000680006,0.0393861,33823.2
002636.SZ,20260820,434100.0,61.05,26501805.0,61.84,0.0599325,0.812852,72431.5
002635.SZ,20260820,28500.0,15.15,431775.0,15.02,0.00720546,0.136461,39553.3
002634.SZ,20260820,11700.0,4.31,50427.0,4.27,0.00264565,0.293835,44223.5
002633.SZ,20260820,18600.0,14.27,265422.0,14.16,0.0124361,1.0615,14956.4
002632.SZ,20260820,45800.0,8.27,378766.0,8.11,0.00797318,0.333097,57442.6
002631.SZ,20260820,44400.0,8.5,377400.0,8.43,0.00559495,0.146452,79357.2
002630.SZ,20260820,47200.0,1.61,75992.0,1.6,0.00438442,0.494131,107654.0
002629.SZ,20260820,45600.0,4.67,212952.0,4.67,0.0125879,0.471398,36225.4
002628.SZ,20260820,107500.0,4.84,520300.0,4.81,0.0142614,0.24851,75378.5
002627.SZ,20260820,6100.0,6.37,38857.0,6.33,0.000873728,0.0957988,69815.8
002626.SZ,20260820,11700.0,16.18,189306.0,15.98,0.00191847,0.109952,60986.1
002625.SZ,20260820,84000.0,28.38,2383920.0,28.2,0.00389869,0.365454,215457.0
002624.SZ,20260820,389000.0,11.29,4391810.0,11.08,0.0212832,0.801683,182773.0
002623.SZ,20260820,200.0,15.23,3046.0,15.03,0.000103823,0.00549778,19263.6
002622.SZ,20260820,104700.0,2.48,259656.0,2.42,0.0124647,0.313186,83997.5
002620.SZ,20260820,5100.0,4.91,25041.0,4.91,0.00161356,0.101874,31607.2
002617.SZ,20260820,217100.0,6.31,1369901.0,6.27,0.0115625,0.258733,187762.0
002616.SZ,20260820,60300.0,4.75,286425.0,4.74,0.0102642,0.606596,58748.0
002615.SZ,20260820,9200.0,6.59,60628.0,6.5,0.00304417,0.12363,30221.7
002614.SZ,20260820,1100.0,4.87,5357.0,4.86,0.000249283,0.0174657,44126.6
002613.SZ,20260820,41500.0,3.31,137365.0,3.28,0.00536403,0.181114,77367.2
002612.SZ,20260820,9600.0,15.4,147840.0,15.28,0.00377271,0.0974991,25445.9
002611.SZ,20260820,105200.0,14.98,1575896.0,14.95,0.0104785,0.310479,100396.0
002609.SZ,20260820,20500.0,7.6,155800.0,7.55,0.00446759,0.393521,45886.0
002608.SZ,20260820,31100.0,6.98,217078.0,6.96,0.000823169,0.18803,377808.0
002607.SZ,20260820,507500.0,2.01,1020075.0,2.01,0.00915497,0.325254,554344.0
002606.SZ,20260820,55600.0,13.72,762832.0,13.6,0.0131959,0.250148,42134.2
002573.SZ,20260820,42600.0,3.14,133764.0,3.13,0.00301486,0.131408,141300.0
002571.SZ,20260820,800.0,10.49,8392.0,10.4,0.000268181,0.0137756,29830.6
002775.SZ,20260820,27700.0,3.48,96396.0,3.44,0.00476913,0.171085,58081.8
002540.SZ,20260820,8100.0,5.14,41634.0,5.07,0.000943834,0.105529,85820.1
002538.SZ,20260820,151700.0,7.1,1077070.0,7.12,0.0177844,0.803309,85299.6
002537.SZ,20260820,151400.0,5.52,835728.0,5.5,0.0129322,0.862327,117072.0
002536.SZ,20260820,275600.0,42.55,11726780.0,41.8,0.0506244,0.61467,54440.1
002535.SZ,20260820,122500.0,2.48,303800.0,2.44,0.0164143,1.0107,74629.9
002534.SZ,20260820,24500.0,15.52,380240.0,15.24,0.00296839,0.250546,82536.3
002533.SZ,20260820,52700.0,11.18,589186.0,11.1,0.00815608,0.688323,64614.4
002532.SZ,20260820,525200.0,12.9,6775080.0,12.76,0.0127884,0.540531,410686.0
002531.SZ,20260820,56100.0,6.12,343332.0,6.08,0.00313972,0.167817,178679.0
002530.SZ,20260820,36000.0,6.98,251280.0,6.91,0.00517894,0.202077,69512.3
002529.SZ,20260820,15200.0,7.03,106856.0,6.99,0.00584615,0.356203,26000.0
002528.SZ,20260820,63600.0,5.05,321180.0,5.05,0.00605588,0.378517,105022.0
002527.SZ,20260820,6100.0,11.11,67771.0,11.0,0.00115336,0.0892385,52888.9
002526.SZ,20260820,62500.0,2.66,166250.0,2.66,0.00352891,0.280222,177108.0
002524.SZ,20260820,1500.0,3.89,5835.0,3.89,0.000294534,0.0110626,50927.9
002523.SZ,20260820,50100.0,3.31,165831.0,3.28,0.00354931,0.240444,141154.0
002522.SZ,20260820,67400.0,4.89,329586.0,4.81,0.00744735,0.269879,90502.0
002521.SZ,20260820,6400.0,6.68,42752.0,6.66,0.00152681,0.128629,41917.4
002520.SZ,20260820,302800.0,6.09,1844052.0,6.17,0.0422056,0.334143,71744.0
002519.SZ,20260820,54500.0,5.32,289940.0,5.24,0.00485115,0.193219,112344.0
002518.SZ,20260820,43100.0,33.07,1425317.0,32.8,0.00762648,0.337229,56513.6
002517.SZ,20260820,199000.0,16.93,3369070.0,16.76,0.0105342,0.258001,188909.0
002516.SZ,20260820,15400.0,5.22,80388.0,5.2,0.00105443,0.121482,146050.0
002515.SZ,20260820,447201.0,8.23,3680464.23,8.09,0.0405863,0.395649,110185.0
002514.SZ,20260820,256500.0,1.7,436050.0,1.7,0.0462969,0.774939,55403.3
002513.SZ,20260820,40600.0,5.25,213150.0,5.23,0.0140464,0.662739,28904.1
002512.SZ,20260820,240500.0,3.96,952380.0,3.99,0.0219745,0.681669,109445.0
002511.SZ,20260820,28800.0,7.16,206208.0,7.11,0.00227667,0.287647,126500.0
002539.SZ,20260820,27900.0,12.77,356283.0,12.81,0.00313556,0.141234,88979.4
002541.SZ,20260820,27500.0,19.87,546425.0,19.8,0.00554234,0.342112,49618.0
002570.SZ,20260820,8300.0,4.52,37516.0,4.5,0.000768522,0.0274666,108000.0
002542.SZ,20260820,53500.0,1.74,93090.0,1.74,0.0030419,0.222911,175877.0
002569.SZ,20260820,400.0,12.35,4940.0,12.27,0.000285694,0.0370158,14001.0
002568.SZ,20260820,56100.0,18.3,1026630.0,18.28,0.00736116,0.418805,76210.9
002567.SZ,20260820,63100.0,3.6,227160.0,3.61,0.00440745,0.28794,143167.0
002566.SZ,20260820,18800.0,6.85,128780.0,6.83,0.00811077,0.219868,23179.0
002565.SZ,20260820,492400.0,8.4,4136160.0,8.6,0.0464548,1.14834,105996.0
002564.SZ,20260820,76500.0,4.35,332775.0,4.33,0.0089067,0.730559,85890.4
002563.SZ,20260820,204670.0,5.94,1215739.8,5.93,0.00924648,0.962823,221349.0
002562.SZ,20260820,791900.0,5.05,3999095.0,4.84,0.0973425,1.47888,81351.9
002561.SZ,20260820,14900.0,6.74,100426.0,6.68,0.00359522,0.333514,41444.0
002560.SZ,20260820,66000.0,6.16,406560.0,6.12,0.0104208,0.286002,63334.8
002559.SZ,20260820,150400.0,9.55,1436320.0,9.44,0.029841,0.59219,50400.5
002558.SZ,20260820,165500.0,26.54,4392370.0,26.28,0.008708,0.214957,190055.0
002557.SZ,20260820,10500.0,18.81,197505.0,18.81,0.00208222,0.151536,50426.9
002556.SZ,20260820,306100.0,5.1,1561110.0,5.14,0.0327716,1.69632,93404.1
002555.SZ,20260820,78600.0,18.68,1468248.0,18.56,0.00495162,0.18513,158736.0
002554.SZ,20260820,52800.0,2.8,147840.0,2.8,0.00395959,0.275141,133347.0
002553.SZ,20260820,243700.0,16.0,3899200.0,16.05,0.0951174,1.63247,25621.0
002552.SZ,20260820,514400.0,53.28,27407232.0,51.85,0.139592,1.20626,36850.3
002551.SZ,20260820,105000.0,3.27,343350.0,3.24,0.0171798,0.403368,61118.2
002550.SZ,20260820,373200.0,7.08,2642256.0,6.94,0.0391373,0.634375,95356.7
002549.SZ,20260820,14200.0,13.91,197522.0,13.8,0.00205096,0.0824931,69236.0
002548.SZ,20260820,477600.0,4.16,1986816.0,4.17,0.0593682,1.34346,80447.1
002547.SZ,20260820,423600.0,2.51,1063236.0,2.49,0.0383415,1.33177,110481.0
002546.SZ,20260820,79400.0,7.93,629642.0,7.82,0.0099098,0.288023,80122.7
002545.SZ,20260820,211300.0,17.83,3767479.0,17.85,0.0186964,1.05693,113016.0
002544.SZ,20260820,87300.0,16.08,1403784.0,15.85,0.0128294,0.647752,68046.8
002543.SZ,20260820,2020700.0,7.75,15660425.0,7.57,0.305418,9.99533,66161.8
002637.SZ,20260820,343200.0,11.62,3987984.0,11.44,0.0738105,1.63001,46497.5
002638.SZ,20260820,422800.0,3.71,1568588.0,3.64,0.0312565,1.31728,135268.0
002639.SZ,20260820,46100.0,11.5,530150.0,11.39,0.00698873,0.212544,65963.4
002738.SZ,20260820,71515.0,52.19,3732367.85,51.48,0.0100582,0.390861,71101.5
002736.SZ,20260820,42200.0,9.84,415248.0,9.82,0.000439015,0.207638,961243.0
002735.SZ,20260820,63100.0,11.35,716185.0,11.13,0.0221357,0.467753,28505.9
002734.SZ,20260820,13100.0,14.8,193880.0,14.67,0.00300582,0.0948831,43582.2
002733.SZ,20260820,31800.0,18.59,591162.0,18.4,0.00862109,0.258108,36886.3
002732.SZ,20260820,2000.0,13.7,27400.0,13.69,0.00127742,0.13297,15656.6
002731.SZ,20260820,526600.0,1.29,679314.0,1.43,0.229299,2.10787,22965.6
002730.SZ,20260820,5400.0,21.24,114696.0,21.19,0.00156056,0.0577375,34603.0
002729.SZ,20260820,5400.0,13.4,72360.0,13.32,0.00307761,0.135293,17546.1
002728.SZ,20260820,37100.0,9.46,350966.0,9.31,0.00740063,0.17923,50130.9
002727.SZ,20260820,36900.0,11.67,430623.0,11.55,0.00939133,0.268577,39291.5
002726.SZ,20260820,1526300.0,2.66,4059958.0,2.68,0.112202,1.38072,136032.0
002725.SZ,20260820,10300.0,11.07,114021.0,11.01,0.00413715,0.161192,24896.3
002724.SZ,20260820,792700.0,5.68,4502536.0,5.82,0.139615,1.54861,56777.5
002723.SZ,20260820,28400.0,7.26,206184.0,7.18,0.00895758,0.296776,31705.0
002722.SZ,20260820,23800.0,12.95,308210.0,12.85,0.0107035,0.686541,22235.7
002721.SZ,20260820,3344400.0,2.64,8829216.0,2.52,0.125759,2.18534,265938.0
002719.SZ,20260820,29900.0,5.9,176410.0,5.91,0.0184714,1.09509,16187.2
002718.SZ,20260820,800.0,87.0,69600.0,85.68,0.000851238,0.0695888,9398.08
002717.SZ,20260820,493200.0,0.96,473472.0,0.96,0.0286985,1.18518,171855.0
002716.SZ,20260820,2988100.0,9.6,28685760.0,9.1,0.12866,1.48437,232248.0
002715.SZ,20260820,8700.0,14.03,122061.0,13.88,0.00630435,0.175702,13800.0
002714.SZ,20260820,251700.0,38.83,9773511.0,38.84,0.00767261,0.529734,328050.0
002713.SZ,20260820,131200.0,9.46,1241152.0,9.33,0.0249192,0.703348,52650.1
002712.SZ,20260820,70800.0,4.64,328512.0,4.6,0.0130893,0.543479,54090.0
002709.SZ,20260820,190700.0,38.19,7282833.0,37.97,0.0126374,0.333682,150901.0
002708.SZ,20260820,106400.0,10.94,1164016.0,10.73,0.020594,0.380399,51665.7
002707.SZ,20260820,16100.0,5.05,81305.0,5.05,0.0018613,0.118767,86498.8
002737.SZ,20260820,28000.0,13.29,372120.0,13.26,0.00479452,0.444277,58400.0
002739.SZ,20260820,660200.0,8.46,5585292.0,8.46,0.0314394,0.338204,209991.0
002640.SZ,20260820,613700.0,3.14,1927018.0,3.09,0.039638,0.740537,154826.0
002741.SZ,20260820,231900.0,26.51,6147669.0,25.7,0.0539269,0.603153,43002.7
002774.SZ,20260820,22300.0,16.59,369957.0,16.52,0.00791431,0.104389,28176.8
002773.SZ,20260820,405700.0,23.5,9533950.0,21.92,0.0590734,5.19818,68677.3
002772.SZ,20260820,459200.0,10.94,5023648.0,10.66,0.123562,2.52261,37163.7
002771.SZ,20260820,14300.0,12.49,178607.0,12.3,0.00819415,0.283541,17451.5
002769.SZ,20260820,34000.0,6.83,232220.0,6.77,0.00911503,0.656534,37301.0
002768.SZ,20260820,44700.0,64.2,2869740.0,63.2,0.0177199,0.474265,25225.8
002767.SZ,20260820,16800.0,18.19,305592.0,17.9,0.0128949,0.546281,13028.4
002766.SZ,20260820,185800.0,4.23,785934.0,4.17,0.0216808,0.346912,85697.8
002765.SZ,20260820,6500.0,7.04,45760.0,6.97,0.00109086,0.0781613,59586.0
002763.SZ,20260820,25300.0,7.6,192280.0,7.57,0.00833294,0.478272,30361.4
002762.SZ,20260820,64800.0,10.22,662256.0,10.07,0.0306559,0.299302,21137.8
002761.SZ,20260820,42800.0,7.19,307732.0,7.14,0.00395641,0.426257,108179.0
002760.SZ,20260820,41700.0,17.52,730584.0,17.39,0.0386151,1.54012,10798.9
002759.SZ,20260820,217900.0,17.3,3769670.0,17.54,0.0434981,0.65702,50094.2
002758.SZ,20260820,173600.0,8.02,1392272.0,8.06,0.0334975,1.838,51824.8
002757.SZ,20260820,54100.0,16.57,896437.0,16.36,0.0191808,0.278864,28205.3
002756.SZ,20260820,45700.0,47.01,2148357.0,46.26,0.0118064,0.423758,38707.8
002755.SZ,20260820,68800.0,13.41,922608.0,13.1,0.00741259,0.69522,92815.0
002753.SZ,20260820,28600.0,6.64,189904.0,6.63,0.00966906,0.53771,29578.9
002752.SZ,20260820,24700.0,5.83,144001.0,5.83,0.00253197,0.27621,97552.7
002749.SZ,20260820,100800.0,8.82,889056.0,9.02,0.0185186,1.7854,54431.7
002748.SZ,20260820,6400.0,11.7,74880.0,11.7,0.00266667,0.146204,24000.0
002747.SZ,20260820,975600.0,35.0,34146000.0,36.04,0.124688,1.288,78243.5
002746.SZ,20260820,249500.0,6.17,1539415.0,6.1,0.0351569,1.48453,70967.6
002745.SZ,20260820,380300.0,11.24,4274572.0,11.09,0.0357395,0.654851,106409.0
002743.SZ,20260820,2003400.0,4.05,8113770.0,4.02,0.461006,20.0761,43457.1
002742.SZ,20260820,238900.0,4.25,1015325.0,4.29,0.0455985,0.746846,52392.1
002706.SZ,20260820,423600.0,10.0,4236000.0,9.9,0.0462956,0.540082,91499.0
002705.SZ,20260820,16200.0,11.37,184194.0,11.32,0.00200587,0.269313,80763.1
002703.SZ,20260820,231100.0,13.8,3189180.0,13.95,0.0394336,0.497918,58604.8
002702.SZ,20260820,128500.0,4.93,633505.0,4.9,0.0280113,0.335624,45874.4
002668.SZ,20260820,208100.0,8.96,1864576.0,8.88,0.0191954,0.442996,108411.0
002667.SZ,20260820,189300.0,17.46,3305178.0,15.87,0.0800047,1.22336,23661.1
002666.SZ,20260820,26700.0,4.2,112140.0,4.16,0.00533288,0.29531,50066.8
002664.SZ,20260820,6800.0,15.27,103836.0,15.1,0.00168757,0.115085,40294.7
002663.SZ,20260820,154800.0,1.63,252324.0,1.61,0.00906792,0.545847,170712.0
002662.SZ,20260820,48900.0,3.11,152079.0,3.09,0.00326004,0.481036,149998.0
002661.SZ,20260820,413500.0,7.81,3229435.0,7.95,0.134072,10.87,30841.7
002660.SZ,20260820,27600.0,7.43,205068.0,7.34,0.00804696,0.557804,34298.7
002659.SZ,20260820,103400.0,4.41,455994.0,4.38,0.0172829,0.623316,59827.8
002658.SZ,20260820,114200.0,7.8,890760.0,7.93,0.0318495,0.586683,35856.1
002657.SZ,20260820,14700.0,14.66,215502.0,14.51,0.00437334,0.163411,33612.7
002656.SZ,20260820,47700.0,2.91,138807.0,2.88,0.00694689,0.439831,68663.8
002655.SZ,20260820,207200.0,35.05,7262360.0,34.39,0.0570395,0.584007,36325.7
002654.SZ,20260820,597500.0,13.8,8245500.0,13.72,0.0706898,0.967168,84524.3
002653.SZ,20260820,50700.0,69.24,3510468.0,67.22,0.0094451,0.760242,53678.6
002652.SZ,20260820,51900.0,3.94,204486.0,3.92,0.0101355,0.375717,51206.4
002651.SZ,20260820,468600.0,8.08,3786288.0,8.05,0.0828701,1.4726,56546.4
002650.SZ,20260820,3000.0,6.03,18090.0,5.97,0.000270991,0.0880093,110705.0
002649.SZ,20260820,63800.0,9.28,592064.0,9.25,0.0118949,0.181002,53636.5
002648.SZ,20260820,211300.0,26.86,5675518.0,26.82,0.00627658,0.385914,336648.0
002647.SZ,20260820,191900.0,11.99,2300881.0,11.99,0.018901,0.647908,101529.0
002646.SZ,20260820,7100.0,6.82,48422.0,6.8,0.00149159,0.142005,47600.1
002645.SZ,20260820,1148900.0,20.03,23012467.0,19.21,0.168903,2.50917,68021.4
002644.SZ,20260820,221400.0,8.42,1864188.0,8.18,0.0433559,1.00104,51065.7
002643.SZ,20260820,20900.0,13.89,290301.0,13.71,0.00231652,0.0922044,90221.5
002642.SZ,20260820,80700.0,6.95,560865.0,6.94,0.0121981,0.563986,66158.0
002641.SZ,20260820,7600.0,3.89,29564.0,3.87,0.000670197,0.105108,113399.0
002669.SZ,20260820,20700.0,12.28,254196.0,12.1,0.00683805,0.141227,30271.8
002670.SZ,20260820,108000.0,10.9,1177200.0,10.9,0.00665291,0.583566,162335.0
002671.SZ,20260820,25000.0,3.92,98000.0,3.88,0.00453395,0.298717,55139.6
002688.SZ,20260820,216700.0,5.43,1176681.0,5.22,0.0289914,2.23757,74746.4
002701.SZ,20260820,121000.0,4.71,569910.0,4.72,0.00473145,0.547521,255736.0
002700.SZ,20260820,6900.0,6.32,43608.0,6.33,0.0032125,0.089137,21478.6
002698.SZ,20260820,221100.0,12.02,2657622.0,11.93,0.0261924,0.720136,84413.8
002697.SZ,20260820,77300.0,4.5,347850.0,4.5,0.00673291,0.341333,114809.0
002696.SZ,20260820,322300.0,6.15,1982145.0,6.1,0.0964223,1.23503,33425.9
002695.SZ,20260820,7400.0,11.21,82954.0,11.21,0.00144685,0.0769461,51145.5
002694.SZ,20260820,8800.0,2.05,18040.0,2.04,0.00122427,0.351918,71879.8
002693.SZ,20260820,84200.0,9.72,818424.0,9.32,0.0204875,0.497917,41098.2
002692.SZ,20260820,43900.0,4.12,180868.0,4.08,0.00611647,0.359335,71773.4
002691.SZ,20260820,1000.0,4.05,4050.0,4.05,0.000297637,0.0415019,33597.9
002690.SZ,20260820,4700.0,15.53,72991.0,15.5,0.00108358,0.0688256,43374.7
002689.SZ,20260820,10000.0,2.77,27700.0,2.75,0.000958854,0.195078,104291.0
002687.SZ,20260820,91600.0,6.33,579828.0,6.2,0.0221581,0.230416,41339.4
002672.SZ,20260820,14500.0,3.6,52200.0,3.56,0.001602,0.21219,90511.8
002686.SZ,20260820,70400.0,6.05,425920.0,6.07,0.0134678,0.389596,52272.9
002685.SZ,20260820,176000.0,5.4,950400.0,5.35,0.017468,0.349757,100756.0
002683.SZ,20260820,15000.0,29.34,440100.0,29.03,0.00225036,0.140695,66655.9
002682.SZ,20260820,307200.0,4.51,1385472.0,4.44,0.0546261,0.315249,56236.9
002681.SZ,20260820,34900.0,4.35,151815.0,4.33,0.00222397,0.103001,156926.0
002679.SZ,20260820,6100.0,9.12,55632.0,9.07,0.00258742,0.163534,23575.6
002678.SZ,20260820,838600.0,4.72,3958192.0,4.71,0.0617719,6.3855,135757.0
002677.SZ,20260820,89200.0,6.9,615480.0,6.82,0.0161738,1.03294,55151.0
002676.SZ,20260820,72400.0,4.99,361276.0,4.98,0.0100559,0.422535,71997.6
002675.SZ,20260820,105500.0,13.48,1422140.0,13.34,0.0141919,1.06188,74338.4
002674.SZ,20260820,105200.0,28.56,3004512.0,28.06,0.035958,0.342555,29256.4
002673.SZ,20260820,39700.0,6.48,257256.0,6.45,0.000888226,0.171583,446958.0
161119.SZ,20260820,123700.0,1.803,223031.1,1.804,,1.44661,
161121.SZ,20260820,0.0,,0.0,1.628,,0.0,
161122.SZ,20260820,0.0,,0.0,0.58,,0.0,
301177.SZ,20260820,7200.0,22.33,160776.0,21.89,0.00179996,0.941333,40000.9
301175.SZ,20260820,3000.0,5.37,16110.0,5.36,0.000482408,0.0243787,62188.0
301173.SZ,20260820,34300.0,32.14,1102402.0,31.36,0.11126,3.90405,3082.87
301172.SZ,20260820,21270.0,17.5,372225.0,17.37,0.0127911,0.415225,16628.8
301171.SZ,20260820,248130.0,36.31,9009600.3,35.58,0.0494396,0.296207,50188.5
301170.SZ,20260820,5000.0,22.69,113450.0,22.58,0.0131566,0.693154,3800.37
301169.SZ,20260820,9000.0,51.56,464040.0,50.55,0.0124984,0.568251,7200.9
301168.SZ,20260820,100.0,41.15,4115.0,40.89,0.000104917,0.00827326,9531.33
301167.SZ,20260820,42700.0,13.75,587125.0,13.75,0.0403918,2.47336,10571.5
301166.SZ,20260820,33700.0,30.49,1027513.0,28.38,0.0597301,1.51854,5642.05
301165.SZ,20260820,209600.0,124.02,25994592.0,121.82,0.0188212,0.652836,111364.0
301163.SZ,20260820,6400.0,23.01,147264.0,22.89,0.0116947,0.587446,5472.56
301162.SZ,20260820,5000.0,37.0,185000.0,36.35,0.00412653,0.159506,12116.7
301161.SZ,20260820,46100.0,28.59,1317999.0,27.52,0.0597169,1.08537,7719.76
301160.SZ,20260820,23500.0,42.54,999690.0,41.65,0.0212138,0.354478,11077.7
301159.SZ,20260820,12300.0,31.73,390279.0,31.32,0.023201,0.437647,5301.5
301158.SZ,20260820,62700.0,15.65,981255.0,15.66,0.0329732,0.345772,19015.4
301157.SZ,20260820,3700.0,60.65,224405.0,60.36,0.0179109,0.431678,2065.78
301156.SZ,20260820,268900.0,12.14,3264446.0,12.14,0.227318,2.89042,11829.3
301155.SZ,20260820,9500.0,43.94,417430.0,43.94,0.00770739,0.253008,12325.8
301153.SZ,20260820,5000.0,16.53,82650.0,16.41,0.00150715,0.132063,33175.2
301152.SZ,20260820,14200.0,18.99,269658.0,18.86,0.0200059,0.408024,7097.92
301151.SZ,20260820,4000.0,16.01,64040.0,15.81,0.00236905,0.121735,16884.4
301150.SZ,20260820,38385.0,38.82,1490105.7,38.1,0.0126333,0.188264,30383.9
301149.SZ,20260820,18900.0,7.79,147231.0,7.73,0.00555701,0.264417,34011.1
301148.SZ,20260820,3400.0,51.07,173638.0,50.8,0.00577514,0.162254,5887.31
301141.SZ,20260820,5200.0,41.11,213772.0,40.71,0.0116821,0.14854,4451.26
301139.SZ,20260820,140100.0,3.6,504360.0,3.77,0.183938,0.800595,7616.71
301176.SZ,20260820,15800.0,46.78,739124.0,45.77,0.009631,0.230742,16405.4
301178.SZ,20260820,3900.0,35.99,140361.0,35.14,0.00567788,0.178963,6868.76
301137.SZ,20260820,19400.0,31.98,620412.0,31.84,0.0106703,0.377426,18181.3
301179.SZ,20260820,2200.0,19.85,43670.0,19.67,0.000926413,0.052304,23747.5
301209.SZ,20260820,3800.0,59.9,227620.0,59.19,0.00283675,0.0601338,13395.6
301208.SZ,20260820,3000.0,29.62,88860.0,29.21,0.00444966,0.163498,6742.09
301207.SZ,20260820,323200.0,18.88,6102016.0,17.49,0.0538085,6.4024,60064.8
301206.SZ,20260820,14100.0,24.3,342630.0,24.0,0.0108232,0.813979,13027.6
301205.SZ,20260820,44600.0,271.08,12090168.0,264.0,0.0532568,0.515122,8374.52
301203.SZ,20260820,7300.0,34.29,250317.0,33.21,0.0166505,0.917777,4384.25
301202.SZ,20260820,53400.0,36.35,1941090.0,36.46,0.0670707,1.71019,7961.75
301201.SZ,20260820,88200.0,36.06,3180492.0,35.51,0.0812571,0.697522,10854.4
301200.SZ,20260820,21500.0,296.01,6364215.0,294.01,0.00505599,0.56592,42523.8
301199.SZ,20260820,5800.0,17.7,102660.0,17.45,0.00322803,0.301519,17967.6
301198.SZ,20260820,16400.0,12.2,200080.0,11.93,0.0105429,0.614326,15555.4
301197.SZ,20260820,3400.0,23.86,81124.0,23.65,0.00312646,0.162611,10874.9
301196.SZ,20260820,22500.0,81.97,1844325.0,80.52,0.0208728,0.280457,10779.6
301195.SZ,20260820,300.0,26.37,7911.0,26.14,0.000342115,0.0208081,8768.98
301193.SZ,20260820,7500.0,17.95,134625.0,17.7,0.00407207,0.250103,18418.1
301192.SZ,20260820,12000.0,19.7,236400.0,19.53,0.0243849,1.10248,4921.08
301191.SZ,20260820,13200.0,91.49,1207668.0,88.9,0.0180679,0.193744,7305.77
301190.SZ,20260820,105200.0,19.0,1998800.0,19.25,0.073513,1.42103,14310.4
301189.SZ,20260820,20600.0,51.2,1054720.0,50.33,0.0130428,0.398788,15794.1
301188.SZ,20260820,157138.0,39.38,6188094.44,38.82,0.0587351,0.56357,26753.7
301187.SZ,20260820,3800.0,14.57,55366.0,14.56,0.00149058,0.152374,25493.4
301186.SZ,20260820,500.0,34.3,17150.0,34.1,0.000463465,0.0364541,10788.3
301185.SZ,20260820,2400.0,16.14,38736.0,16.0,0.00173076,0.12187,13866.7
301183.SZ,20260820,15400.0,209.48,3225992.0,205.38,0.0262353,0.251626,5869.96
301182.SZ,20260820,7100.0,66.98,475558.0,65.56,0.00812504,0.226074,8738.42
301181.SZ,20260820,5300.0,22.41,118773.0,22.22,0.00452081,0.203962,11723.6
301180.SZ,20260820,2500.0,11.22,28050.0,11.2,0.00152311,0.0803966,16413.8
301138.SZ,20260820,700.0,26.56,18592.0,26.14,0.001021,0.088545,6856.01
301136.SZ,20260820,14100.0,11.18,157638.0,11.07,0.00512919,0.274932,27489.7
301211.SZ,20260820,2226100.0,14.5,32278450.0,14.54,0.533076,8.85737,41759.5
301101.SZ,20260820,6400.0,28.79,184256.0,28.77,0.00329722,0.395262,19410.3
301099.SZ,20260820,30800.0,49.71,1531068.0,48.73,0.0267886,0.412912,11497.4
301098.SZ,20260820,17600.0,8.32,146432.0,8.31,0.0091198,0.243912,19298.7
301097.SZ,20260820,2284.0,35.46,80990.64,34.84,0.00583141,0.322557,3916.72
301096.SZ,20260820,10900.0,49.92,544128.0,48.77,0.0131183,0.309902,8309.0
301095.SZ,20260820,21400.0,74.43,1592802.0,73.32,0.0123685,0.35426,17302.0
301093.SZ,20260820,117500.0,78.52,9226100.0,71.41,0.0577441,2.4189,20348.4
301092.SZ,20260820,3400.0,45.34,154156.0,44.7,0.00557931,0.103732,6093.94
301091.SZ,20260820,6900.0,18.1,124890.0,18.01,0.0013086,0.111412,52728.0
301090.SZ,20260820,20300.0,6.53,132559.0,6.48,0.00138008,0.294048,147093.0
301089.SZ,20260820,263400.0,27.28,7185552.0,25.5,0.291146,4.80434,9047.01
301088.SZ,20260820,6400.0,12.55,80320.0,12.4,0.00340426,0.412625,18800.0
301087.SZ,20260820,3000.0,49.09,147270.0,48.57,0.00154646,0.169941,19399.1
301086.SZ,20260820,24600.0,119.74,2945604.0,117.5,0.0352633,0.744941,6976.09
301085.SZ,20260820,139300.0,62.53,8710429.0,65.12,0.236455,2.29575,5891.17
301083.SZ,20260820,17000.0,13.97,237490.0,13.68,0.0198575,0.906657,8560.99
301082.SZ,20260820,116100.0,9.47,1099467.0,9.46,0.042573,0.93991,27270.8
301081.SZ,20260820,8800.0,12.01,105688.0,11.95,0.00392013,0.226638,22448.3
301080.SZ,20260820,981990.0,92.0,90343080.0,85.75,0.774212,4.51285,12683.7
301079.SZ,20260820,16800.0,28.27,474936.0,27.72,0.0218371,0.526044,7693.34
301078.SZ,20260820,162200.0,6.99,1133778.0,6.98,0.0128532,0.939032,126195.0
301077.SZ,20260820,31500.0,21.45,675675.0,21.11,0.0329597,0.402134,9557.14
301076.SZ,20260820,6800.0,20.69,140692.0,20.45,0.00445768,0.19606,15254.6
301075.SZ,20260820,8800.0,52.8,464640.0,52.16,0.011,0.930938,8000.0
301073.SZ,20260820,16800.0,17.75,298200.0,17.55,0.00944931,0.385341,17779.1
301072.SZ,20260820,9700.0,42.49,412153.0,41.82,0.0144474,0.278648,6713.99
301071.SZ,20260820,70100.0,60.69,4254369.0,59.76,0.0374768,0.423962,18704.9
301070.SZ,20260820,11400.0,64.97,740658.0,62.4,0.0134412,0.34084,8481.39
301100.SZ,20260820,0.0,,0.0,15.85,0.0,0.0,8872.7
301102.SZ,20260820,7000.0,9.51,66570.0,9.38,0.00172414,0.320865,40600.0
301135.SZ,20260820,1500.0,16.4,24600.0,16.39,0.00148538,0.0964475,10098.4
301103.SZ,20260820,3400.0,16.61,56474.0,16.51,0.00279528,0.125569,12163.4
301133.SZ,20260820,17000.0,27.32,464440.0,27.0,0.0152966,0.573922,11113.6
301132.SZ,20260820,31500.0,36.18,1139670.0,35.63,0.0332508,0.570502,9473.44
301131.SZ,20260820,3800.0,33.43,127034.0,33.21,0.00970505,0.470468,3915.49
301130.SZ,20260820,844700.0,36.54,30865338.0,33.38,1.43127,8.20136,5901.74
301129.SZ,20260820,135264.0,24.64,3332904.96,24.26,0.200473,1.78336,6747.25
301128.SZ,20260820,18700.0,108.5,2028950.0,106.87,0.0146794,0.312654,12738.9
301127.SZ,20260820,173500.0,19.0,3296500.0,18.56,0.0265119,0.329893,65442.2
301126.SZ,20260820,29800.0,10.05,299490.0,9.87,0.0216148,0.588589,13786.8
301125.SZ,20260820,9700.0,11.88,115236.0,11.79,0.00551826,0.273668,17578.0
301123.SZ,20260820,41300.0,73.36,3029768.0,71.73,0.025024,0.335198,16504.2
301122.SZ,20260820,2400.0,33.95,81480.0,33.2,0.0031729,0.059873,7564.07
301121.SZ,20260820,3700.0,34.48,127576.0,33.55,0.00482018,0.27545,7676.07
301120.SZ,20260820,500.0,14.81,7405.0,14.69,0.000221474,0.00352291,22576.0
301119.SZ,20260820,1300.0,20.86,27118.0,20.74,0.001104,0.063226,11775.4
301118.SZ,20260820,9500.0,22.4,212800.0,22.08,0.0089679,0.381449,10593.3
301117.SZ,20260820,38920.0,18.11,704841.2,17.79,0.0335937,0.358567,11585.5
301116.SZ,20260820,237200.0,9.55,2265260.0,9.41,0.0528313,1.56452,44897.7
301115.SZ,20260820,56500.0,30.22,1707430.0,30.22,0.0378681,0.871419,14920.2
301113.SZ,20260820,10400.0,16.4,170560.0,16.2,0.0145121,0.954065,7166.42
301112.SZ,20260820,800.0,30.46,24368.0,29.86,0.000725514,0.0599993,11026.7
301111.SZ,20260820,57700.0,23.0,1327100.0,22.66,0.0360625,0.607539,16000.0
301110.SZ,20260820,4000.0,34.83,139320.0,34.15,0.00438989,0.106957,9111.85
301109.SZ,20260820,1300.0,13.44,17472.0,13.37,0.000208237,0.0436625,62428.9
301108.SZ,20260820,2200.0,35.76,78672.0,35.41,0.00339331,0.150296,6483.34
301107.SZ,20260820,19500.0,20.28,395460.0,19.88,0.0240264,0.63176,8116.07
301106.SZ,20260820,516000.0,23.0,11868000.0,25.42,0.360938,7.68936,14296.1
301105.SZ,20260820,400.0,45.78,18312.0,45.47,0.00201893,0.0820807,1981.25
301210.SZ,20260820,11000.0,24.7,271700.0,24.32,0.0178721,0.294252,6154.85
301212.SZ,20260820,37000.0,22.53,833610.0,22.2,0.0394667,2.10511,9375.0
161123.SZ,20260820,0.0,,0.0,1.423,,0.0,
301323.SZ,20260820,5000.0,71.5,357500.0,70.3,0.0072926,0.344778,6856.27
301321.SZ,20260820,16100.0,36.48,587328.0,36.64,0.0109067,0.271977,14761.6
301320.SZ,20260820,3400.0,12.9,43860.0,12.72,0.00297699,0.19491,11420.9
301319.SZ,20260820,167700.0,112.51,18867927.0,110.36,0.121951,1.01827,13751.4
301318.SZ,20260820,1600.0,20.65,33040.0,20.05,0.00171708,0.173861,9318.12
301317.SZ,20260820,6800.0,43.02,292536.0,42.17,0.0130276,0.302201,5219.67
301316.SZ,20260820,23900.0,39.59,946201.0,39.1,0.00610867,0.162843,39124.7
301315.SZ,20260820,29300.0,39.75,1164675.0,39.52,0.0332955,0.539313,8800.0
301314.SZ,20260820,2100.0,42.78,89838.0,41.44,0.0115022,0.229805,1825.74
301313.SZ,20260820,16000.0,34.87,557920.0,34.24,0.0203683,0.270512,7855.35
301312.SZ,20260820,27000.0,68.96,1861920.0,67.49,0.0318494,0.395169,8477.39
301311.SZ,20260820,500.0,13.08,6540.0,13.08,0.000208333,0.0293806,24000.0
301310.SZ,20260820,32700.0,52.99,1732773.0,51.28,0.0335247,0.407244,9753.99
301309.SZ,20260820,7800.0,30.02,234156.0,30.01,0.0128753,0.469018,6058.09
301308.SZ,20260820,75016.0,385.0,28881160.0,378.98,0.0266154,0.388423,28185.2
301307.SZ,20260820,58400.0,52.25,3051400.0,50.5,0.0536857,0.701868,10878.1
301306.SZ,20260820,93000.0,90.16,8384880.0,89.2,0.159622,2.54963,5826.25
301305.SZ,20260820,18300.0,23.99,439017.0,23.69,0.0147163,0.22854,12435.2
301303.SZ,20260820,2800.0,13.68,38304.0,13.67,0.0027421,0.0694953,10211.2
301302.SZ,20260820,3600.0,21.85,78660.0,21.58,0.00259011,0.0901095,13899.0
301301.SZ,20260820,118500.0,9.05,1072425.0,8.91,0.0191135,0.582759,61998.2
301300.SZ,20260820,400.0,31.63,12652.0,31.62,0.00102368,0.0461426,3907.48
301299.SZ,20260820,10900.0,43.34,472406.0,42.99,0.0237682,0.969362,4585.97
301298.SZ,20260820,13500.0,12.54,169290.0,12.51,0.0124788,0.924769,10818.3
301297.SZ,20260820,55300.0,35.4,1957620.0,34.71,0.010469,0.336132,52822.7
301296.SZ,20260820,48000.0,6.37,305760.0,6.34,0.0112272,1.81123,42753.2
301295.SZ,20260820,76900.0,39.98,3074462.0,39.26,0.261565,2.35502,2940.0
301293.SZ,20260820,29100.0,52.91,1539681.0,51.94,0.0141271,0.243438,20598.7
301322.SZ,20260820,1800.0,39.48,71064.0,39.07,0.00187086,0.0353476,9621.27
301325.SZ,20260820,1400.0,29.38,41132.0,29.13,0.000972947,0.0970823,14389.3
301291.SZ,20260820,73100.0,38.11,2785841.0,37.87,0.0446693,0.546525,16364.7
301326.SZ,20260820,1900.0,100.51,190969.0,100.51,0.00263615,0.0855361,7207.49
301366.SZ,20260820,124200.0,56.0,6955200.0,54.66,0.106157,0.797943,11699.6
301365.SZ,20260820,2400.0,38.18,91632.0,37.46,0.00194386,0.0402476,12346.6
301363.SZ,20260820,118300.0,16.78,1985074.0,16.38,0.0226615,0.647827,52203.0
301362.SZ,20260820,15900.0,121.9,1938210.0,118.05,0.0388329,0.351195,4094.47
301361.SZ,20260820,14400.0,26.48,381312.0,26.16,0.0255609,1.05799,5633.6
301360.SZ,20260820,22300.0,51.9,1157370.0,50.61,0.0654833,1.24622,3405.45
301359.SZ,20260820,8300.0,16.52,137116.0,16.5,0.011666,0.558377,7114.7
301358.SZ,20260820,492700.0,70.09,34533343.0,71.5,0.0644617,2.09315,76433.0
301357.SZ,20260820,45500.0,91.38,4157790.0,92.0,0.0477941,0.872431,9520.0
301356.SZ,20260820,60000.0,20.41,1224600.0,19.53,0.0473569,3.32305,12669.8
301355.SZ,20260820,18200.0,9.92,180544.0,9.91,0.0130262,0.854344,13971.8
301353.SZ,20260820,3400.0,18.77,63818.0,18.77,0.00832785,0.215315,4082.69
301349.SZ,20260820,15800.0,43.41,685878.0,42.88,0.0140424,0.352187,11251.6
301348.SZ,20260820,55600.0,21.15,1175940.0,20.8,0.028737,0.314769,19347.9
301345.SZ,20260820,1000.0,255.99,255990.0,255.58,0.00285472,0.0748971,3502.97
301339.SZ,20260820,2600.0,10.9,28340.0,10.84,0.000453564,0.0672518,57323.8
301338.SZ,20260820,16500.0,97.0,1600500.0,94.93,0.0152025,0.328253,10853.5
301337.SZ,20260820,900.0,25.22,22698.0,25.33,0.000882926,0.0711826,10193.4
301336.SZ,20260820,1500.0,42.13,63195.0,42.13,0.00373451,0.0863711,4016.59
301335.SZ,20260820,6300.0,22.12,139356.0,21.69,0.00712735,0.178038,8839.19
301333.SZ,20260820,21100.0,61.84,1304824.0,58.64,0.0218747,0.502562,9645.85
301332.SZ,20260820,3500.0,7.7,26950.0,7.66,0.00132155,0.0757844,26484.0
301331.SZ,20260820,15900.0,22.58,359022.0,22.31,0.0154915,0.829653,10263.7
301330.SZ,20260820,4800.0,23.96,115008.0,23.63,0.00234525,0.240189,20466.9
301329.SZ,20260820,3700.0,19.16,70892.0,19.04,0.00560267,0.10182,6604.0
301328.SZ,20260820,4800.0,58.41,280368.0,57.27,0.00416797,0.177924,11516.4
301327.SZ,20260820,2900.0,42.86,124294.0,42.73,0.00166302,0.316839,17438.1
301292.SZ,20260820,39900.0,68.0,2713200.0,68.13,0.0468369,0.297846,8518.92
301290.SZ,20260820,44600.0,29.15,1300090.0,28.7,0.0560453,1.81991,7957.85
301213.SZ,20260820,1600.0,43.85,70160.0,42.85,0.00221008,0.108481,7239.55
301255.SZ,20260820,16900.0,20.29,342901.0,19.98,0.0126424,1.41785,13367.7
301251.SZ,20260820,61800.0,49.27,3044886.0,49.29,0.0817571,0.548638,7558.97
301248.SZ,20260820,9900.0,60.08,594792.0,59.31,0.00881342,0.135269,11232.9
301246.SZ,20260820,23400.0,21.14,494676.0,20.93,0.0137584,0.297335,17007.7
301239.SZ,20260820,31500.0,34.35,1082025.0,34.25,0.0221762,0.919303,14204.4
301238.SZ,20260820,27000.0,16.03,432810.0,15.9,0.00368182,0.327449,73333.3
301237.SZ,20260820,6500.0,54.09,351585.0,53.02,0.0111588,0.498319,5825.0
301236.SZ,20260820,74775.0,37.4,2796585.0,37.29,0.00951688,0.2473,78570.9
301235.SZ,20260820,51200.0,45.59,2334208.0,44.17,0.0491276,0.329157,10421.8
301234.SZ,20260820,31200.0,93.74,2924688.0,90.16,0.0776687,0.863865,4017.06
301233.SZ,20260820,1400.0,32.74,45836.0,32.49,0.00355545,0.183914,3937.61
301232.SZ,20260820,102300.0,109.29,11180367.0,117.44,0.163436,1.60989,6259.33
301231.SZ,20260820,14900.0,27.75,413475.0,27.2,0.0227721,0.321428,6543.1
301230.SZ,20260820,283120.0,36.04,10203644.8,34.2,0.173962,1.20538,16274.8
301229.SZ,20260820,14700.0,11.9,174930.0,11.73,0.0113706,0.390563,12928.1
301228.SZ,20260820,4700.0,56.31,264657.0,55.69,0.00393502,0.111346,11944.0
301227.SZ,20260820,15600.0,27.9,435240.0,27.47,0.0211072,0.592975,7390.84
301226.SZ,20260820,1200.0,29.15,34980.0,28.69,0.00110294,0.0583728,10880.0
301225.SZ,20260820,4500.0,55.41,249345.0,55.0,0.0102301,0.134764,4398.8
301223.SZ,20260820,800.0,16.5,13200.0,16.3,0.000414234,0.0981788,19312.8
301222.SZ,20260820,4200.0,23.96,100632.0,23.72,0.00393996,0.261176,10660.0
301221.SZ,20260820,22100.0,27.48,607308.0,27.55,0.0247367,1.48485,8934.08
301220.SZ,20260820,10200.0,27.37,279174.0,27.05,0.0130741,0.914005,7801.71
301219.SZ,20260820,65350.0,47.79,3123076.5,46.89,0.0239167,0.858378,27324.0
301218.SZ,20260820,47300.0,40.37,1909501.0,39.99,0.067505,0.425201,7006.88
301217.SZ,20260820,203100.0,116.59,23679429.0,113.88,0.0244989,0.420094,82901.6
301216.SZ,20260820,9700.0,16.6,161020.0,16.45,0.00178109,0.0906917,54461.1
301215.SZ,20260820,21800.0,5.11,111398.0,5.08,0.00164852,0.291496,132240.0
301252.SZ,20260820,1600.0,32.26,51616.0,32.04,0.00117901,0.0549967,13570.7
301256.SZ,20260820,900.0,10.08,9072.0,10.08,0.0001875,0.0162376,48000.0
301289.SZ,20260820,1300.0,42.94,55822.0,42.42,0.0016774,0.28555,7750.09
301257.SZ,20260820,47900.0,52.48,2513792.0,48.4,0.0635962,0.816327,7531.89
301288.SZ,20260820,3300.0,16.97,56001.0,16.8,0.00422483,0.19858,7810.96
301287.SZ,20260820,3500.0,39.78,139230.0,39.99,0.0205503,0.1482,1703.14
301286.SZ,20260820,6200.0,43.5,269700.0,42.8,0.00384406,0.284289,16128.8
301285.SZ,20260820,13500.0,84.11,1135485.0,83.0,0.00653215,0.532666,20667.0
301283.SZ,20260820,2600.0,25.9,67340.0,25.6,0.00284585,0.219,9136.12
301282.SZ,20260820,206300.0,38.4,7921920.0,37.66,0.116832,0.614581,17657.8
301281.SZ,20260820,3800.0,43.45,165110.0,43.01,0.00535573,0.142577,7095.2
301280.SZ,20260820,2400.0,41.87,100488.0,41.37,0.00241367,0.139387,9943.34
301279.SZ,20260820,11200.0,20.15,225680.0,19.77,0.00858239,0.536673,13050.0
301278.SZ,20260820,3100.0,27.0,83700.0,26.83,0.0060309,0.285183,5140.2
301277.SZ,20260820,196100.0,11.8,2313980.0,11.54,0.0500155,1.98773,39207.8
301276.SZ,20260820,1600.0,20.58,32928.0,20.44,0.00221399,0.0578829,7226.76
301275.SZ,20260820,11400.0,41.36,471504.0,41.27,0.00378915,0.242256,30085.9
301273.SZ,20260820,27200.0,40.67,1106224.0,40.42,0.0353336,0.444082,7698.06
301272.SZ,20260820,900.0,33.81,30429.0,33.81,0.00243153,0.141585,3701.38
301270.SZ,20260820,21000.0,31.48,661080.0,31.25,0.0222239,0.498222,9449.28
301269.SZ,20260820,14400.0,97.9,1409760.0,97.01,0.00262834,0.174479,54787.5
301268.SZ,20260820,2400.0,13.02,31248.0,12.96,0.000662004,0.0755037,36253.5
301267.SZ,20260820,15700.0,15.99,251043.0,15.83,0.00242118,0.332995,64844.4
301266.SZ,20260820,24000.0,21.71,521040.0,21.53,0.0176949,0.723848,13563.2
301265.SZ,20260820,198029.0,19.69,3899191.01,19.64,0.0811817,2.46207,24393.3
301263.SZ,20260820,24400.0,20.0,488000.0,19.67,0.00669772,0.30952,36430.3
301262.SZ,20260820,16900.0,19.02,321438.0,18.86,0.0138439,0.171391,12207.5
301261.SZ,20260820,3560.0,55.89,198968.4,54.85,0.00340411,0.166484,10457.9
301260.SZ,20260820,13000.0,13.36,173680.0,13.18,0.00633114,0.652128,20533.4
301259.SZ,20260820,7400.0,23.05,170570.0,22.8,0.00510136,0.127693,14505.9
301258.SZ,20260820,3800.0,26.25,99750.0,25.87,0.00426655,0.333978,8906.5
301069.SZ,20260820,6300.0,16.35,103005.0,16.14,0.00147619,0.082789,42677.4
301068.SZ,20260820,6500.0,28.27,183755.0,28.35,0.00647917,0.491864,10032.2
301067.SZ,20260820,5600.0,29.71,166376.0,29.21,0.00877346,0.172322,6382.89
300902.SZ,20260820,3500.0,16.48,57680.0,16.18,0.00280459,0.0521856,12479.5
300900.SZ,20260820,420700.0,23.25,9781275.0,22.68,0.163834,2.04994,25678.5
300899.SZ,20260820,1900.0,28.09,53371.0,28.1,0.00464138,0.320859,4093.61
300898.SZ,20260820,76700.0,21.5,1649050.0,21.17,0.0668447,1.37018,11474.4
300897.SZ,20260820,6300.0,15.58,98154.0,15.4,0.00515312,0.170317,12225.6
300896.SZ,20260820,52700.0,95.99,5058673.0,94.3,0.0257763,1.18571,20445.1
300895.SZ,20260820,70200.0,53.5,3755700.0,54.02,0.0508061,0.517734,13817.2
300894.SZ,20260820,56500.0,11.25,635625.0,11.07,0.0192125,0.740752,29407.9
300893.SZ,20260820,2800.0,15.5,43400.0,15.24,0.00111608,0.13827,25087.9
300892.SZ,20260820,12500.0,23.12,289000.0,22.95,0.0193611,0.211521,6456.25
300891.SZ,20260820,15100.0,7.15,107965.0,7.08,0.00452809,0.263136,33347.4
300890.SZ,20260820,5600.0,26.3,147280.0,26.06,0.00512358,0.161402,10929.9
300889.SZ,20260820,5900.0,21.0,123900.0,20.86,0.00403096,0.156076,14636.7
300888.SZ,20260820,10000.0,28.94,289400.0,28.75,0.00172307,0.334881,58036.1
300887.SZ,20260820,54100.0,7.03,380323.0,6.9,0.0149366,0.387146,36219.7
300886.SZ,20260820,11500.0,24.22,278530.0,24.21,0.024339,0.431576,4724.94
300885.SZ,20260820,1100.0,19.71,21681.0,19.66,0.000658613,0.0289553,16701.8
300884.SZ,20260820,55200.0,12.4,684480.0,12.25,0.0288386,0.588341,19141.0
300883.SZ,20260820,31800.0,6.35,201930.0,6.29,0.00961671,0.245764,33067.5
300882.SZ,20260820,400.0,14.43,5772.0,14.17,0.000150191,0.0176851,26632.7
300881.SZ,20260820,1900.0,32.21,61199.0,32.21,0.00330974,0.117682,5740.62
300880.SZ,20260820,2800.0,19.35,54180.0,18.99,0.00143504,0.0974981,19511.6
300879.SZ,20260820,7200.0,16.4,118080.0,16.26,0.00358158,0.26276,20102.8
300878.SZ,20260820,8700.0,34.0,295800.0,33.12,0.00603647,0.214529,14412.4
300877.SZ,20260820,20900.0,29.01,606309.0,29.24,0.0174168,0.636204,11999.9
300876.SZ,20260820,15100.0,15.23,229973.0,15.07,0.0133154,0.821905,11340.3
300875.SZ,20260820,20500.0,32.0,656000.0,31.66,0.0233507,0.483708,8779.17
300873.SZ,20260820,34300.0,15.78,541254.0,15.5,0.0146626,0.268447,23392.8
300901.SZ,20260820,15600.0,17.01,265356.0,17.09,0.0065,0.241743,24000.0
300903.SZ,20260820,411900.0,77.0,31716300.0,73.01,0.117224,1.3989,35138.0
300871.SZ,20260820,24500.0,24.07,589715.0,23.6,0.0121417,0.262512,20178.4
300904.SZ,20260820,900.0,41.5,37350.0,40.2,0.00260242,0.131337,3458.32
300933.SZ,20260820,9300.0,6.3,58590.0,6.24,0.0016999,0.0876595,54709.0
300932.SZ,20260820,24800.0,10.55,261640.0,10.48,0.00776963,0.168833,31919.1
300931.SZ,20260820,95300.0,15.07,1436171.0,15.11,0.0487465,0.628787,19550.1
300930.SZ,20260820,1700.0,24.96,42432.0,24.74,0.00360743,0.13175,4712.5
300929.SZ,20260820,192100.0,15.89,3052469.0,15.18,0.153238,1.47514,12536.0
300928.SZ,20260820,3900.0,25.09,97851.0,24.98,0.00727772,0.326998,5358.82
300927.SZ,20260820,186800.0,23.86,4457048.0,24.23,0.132624,3.79164,14084.9
300926.SZ,20260820,9700.0,17.62,170914.0,17.45,0.00325511,0.206235,29799.3
300925.SZ,20260820,23500.0,14.2,333700.0,14.11,0.00672366,0.300908,34951.2
300923.SZ,20260820,16600.0,24.88,413008.0,24.18,0.0217486,0.877983,7632.66
300922.SZ,20260820,6700.0,16.94,113498.0,16.76,0.00530857,0.129614,12621.1
300921.SZ,20260820,14900.0,15.25,227225.0,14.95,0.00920407,0.170729,16188.5
300920.SZ,20260820,23000.0,33.02,759460.0,32.66,0.0266361,0.999989,8634.89
300919.SZ,20260820,19800.0,40.0,792000.0,39.77,0.00216463,0.206879,91470.8
300918.SZ,20260820,3800.0,10.11,38418.0,10.02,0.000750789,0.074614,50613.4
300917.SZ,20260820,606100.0,26.0,15758600.0,26.62,0.358639,6.70912,16900.0
300916.SZ,20260820,78400.0,25.12,1969408.0,24.89,0.0839259,1.27256,9341.58
300915.SZ,20260820,6500.0,20.24,131560.0,20.1,0.0112966,0.540144,5753.93
300913.SZ,20260820,25100.0,34.66,869966.0,34.02,0.0087807,0.28625,28585.4
300912.SZ,20260820,26600.0,19.49,518434.0,19.31,0.0309395,0.467018,8597.42
300911.SZ,20260820,1072800.0,25.26,27098928.0,26.66,0.626108,5.5142,17134.4
300910.SZ,20260820,7400.0,26.47,195878.0,26.46,0.00275835,0.150301,26827.6
300909.SZ,20260820,13600.0,54.5,741200.0,53.35,0.0111283,0.264858,12221.1
300908.SZ,20260820,41600.0,25.0,1040000.0,24.63,0.0338232,0.824993,12299.3
300907.SZ,20260820,26700.0,50.03,1335801.0,49.04,0.0278125,0.448714,9600.0
300906.SZ,20260820,5400.0,28.89,156006.0,28.93,0.00747374,0.490941,7225.3
300905.SZ,20260820,59000.0,37.13,2190670.0,36.49,0.0423461,0.857695,13932.8
300872.SZ,20260820,74500.0,14.67,1092915.0,14.41,0.0176523,0.628899,42204.2
300870.SZ,20260820,43300.0,206.51,8941883.0,205.1,0.0283699,0.526594,15262.7
301066.SZ,20260820,12200.0,11.98,146156.0,11.87,0.00523343,0.34794,23311.7
300839.SZ,20260820,54100.0,10.45,565345.0,10.45,0.0191044,0.938084,28318.1
300837.SZ,20260820,4600.0,22.87,105202.0,22.52,0.00608512,0.322108,7559.43
300836.SZ,20260820,5900.0,46.49,274291.0,45.78,0.00929865,0.205544,6345.01
300835.SZ,20260820,19100.0,155.01,2960691.0,151.47,0.0228536,0.519719,8357.54
300834.SZ,20260820,12000.0,38.88,466560.0,38.34,0.00625006,0.641494,19199.8
300833.SZ,20260820,0.0,,0.0,35.77,0.0,0.0,8125.37
300832.SZ,20260820,39800.0,54.18,2156364.0,53.66,0.00582619,0.322327,68312.2
300831.SZ,20260820,64500.0,14.32,923640.0,14.1,0.0349623,1.07367,18448.4
300830.SZ,20260820,2700.0,7.99,21573.0,7.93,0.000800985,0.0318014,33708.5
300829.SZ,20260820,74600.0,15.2,1133920.0,15.09,0.0475937,0.901754,15674.3
300828.SZ,20260820,34000.0,16.68,567120.0,16.48,0.0272722,0.184376,12466.9
300827.SZ,20260820,27800.0,25.92,720576.0,25.65,0.00636826,0.1738,43654.0
300826.SZ,20260820,5800.0,14.69,85202.0,14.39,0.00264184,0.0953374,21954.4
300825.SZ,20260820,36500.0,10.5,383250.0,10.4,0.00753373,0.167621,48448.8
300824.SZ,20260820,15300.0,7.54,115362.0,7.56,0.00479672,0.337986,31896.8
300823.SZ,20260820,57900.0,14.7,851130.0,14.7,0.0682868,2.37681,8478.94
300822.SZ,20260820,400.0,11.28,4512.0,11.24,0.000138417,0.0103332,28898.2
300821.SZ,20260820,1099207.0,18.44,20269377.08,18.3,0.0916166,1.24165,119979.0
300820.SZ,20260820,8800.0,52.98,466224.0,52.65,0.00787207,0.186527,11178.8
300819.SZ,20260820,11700.0,45.0,526500.0,44.3,0.00868196,0.283809,13476.2
300818.SZ,20260820,5600.0,19.0,106400.0,18.73,0.00394008,0.143834,14212.9
300817.SZ,20260820,14700.0,15.38,226086.0,15.07,0.0117355,0.624278,12526.1
300816.SZ,20260820,3300.0,50.56,166848.0,49.76,0.00565404,0.160872,5836.53
300815.SZ,20260820,5900.0,15.81,93279.0,15.7,0.00151135,0.0993992,39038.0
300814.SZ,20260820,41400.0,139.0,5754600.0,135.31,0.0216267,0.39589,19143.0
300813.SZ,20260820,17300.0,20.2,349460.0,19.62,0.0227479,0.54832,7605.11
300812.SZ,20260820,16500.0,18.81,310365.0,18.46,0.00927281,0.257693,17794.0
300811.SZ,20260820,47400.0,76.0,3602400.0,74.04,0.0141602,0.313447,33474.1
300838.SZ,20260820,1400.0,13.54,18956.0,13.53,0.00137602,0.0391663,10174.3
300840.SZ,20260820,34900.0,19.18,669382.0,18.91,0.019708,0.575368,17708.5
300869.SZ,20260820,9200.0,11.39,104788.0,11.17,0.00348835,0.23141,26373.5
300841.SZ,20260820,689412.0,59.78,41213049.36,50.26,0.567066,12.7645,12157.5
300868.SZ,20260820,16900.0,86.91,1468779.0,84.85,0.0209266,0.568513,8075.83
300867.SZ,20260820,37700.0,16.37,617149.0,16.3,0.0196736,0.565176,19162.8
300866.SZ,20260820,6700.0,115.0,770500.0,114.91,0.00216629,0.230094,30928.5
300865.SZ,20260820,81400.0,28.3,2303620.0,28.3,0.141609,1.87986,5748.22
300864.SZ,20260820,7300.0,19.98,145854.0,19.69,0.00458819,0.474645,15910.4
300863.SZ,20260820,18100.0,43.01,778481.0,42.77,0.0072077,0.225963,25112.0
300862.SZ,20260820,0.0,,0.0,56.5,,0.0,
300861.SZ,20260820,37600.0,16.85,633560.0,16.72,0.00891281,0.295577,42186.5
300860.SZ,20260820,2000.0,26.9,53800.0,26.53,0.00182787,0.0949224,10941.7
300859.SZ,20260820,5299.0,25.99,137721.01,25.75,0.00341871,0.215367,15500.0
300858.SZ,20260820,75001.0,15.7,1177515.7,15.79,0.0383166,0.78352,19574.0
300857.SZ,20260820,113104.0,248.5,28106344.0,247.67,0.0232313,0.425297,48686.0
300856.SZ,20260820,18400.0,10.9,200560.0,10.79,0.0040023,0.162187,45973.6
300855.SZ,20260820,210600.0,34.62,7290972.0,33.0,0.0718879,2.09539,29295.6
300854.SZ,20260820,20800.0,18.0,374400.0,17.75,0.0182486,0.289093,11398.1
300853.SZ,20260820,14000.0,26.37,369180.0,26.07,0.0142401,0.248935,9831.41
300852.SZ,20260820,23500.0,45.52,1069720.0,45.09,0.0151656,0.291945,15495.6
300851.SZ,20260820,7900.0,23.69,187151.0,23.62,0.0160116,0.847185,4933.94
300850.SZ,20260820,25700.0,25.57,657149.0,25.32,0.0085443,0.237377,30078.5
300849.SZ,20260820,21100.0,19.96,421156.0,19.57,0.0191349,0.514102,11027.0
300848.SZ,20260820,1100.0,12.5,13750.0,12.43,0.000434572,0.0394415,25312.3
300847.SZ,20260820,1400.0,13.79,19306.0,13.7,0.000472957,0.0272872,29601.0
300846.SZ,20260820,115400.0,19.32,2229528.0,19.02,0.0277282,0.262299,41618.2
300845.SZ,20260820,2900.0,12.09,35061.0,12.01,0.00201694,0.0387534,14378.2
300844.SZ,20260820,4300.0,22.88,98384.0,22.78,0.00478571,0.449886,8985.09
300843.SZ,20260820,41900.0,132.45,5549655.0,132.07,0.026106,0.43547,16050.0
300842.SZ,20260820,23900.0,62.68,1498052.0,61.45,0.0185097,0.40889,12912.1
300935.SZ,20260820,27800.0,30.69,853182.0,30.63,0.0461338,0.533971,6025.95
300936.SZ,20260820,9800.0,82.0,803600.0,80.11,0.0206659,0.256894,4742.12
300937.SZ,20260820,80100.0,28.7,2298870.0,27.7,0.131344,0.574343,6098.5
301032.SZ,20260820,14600.0,9.9,144540.0,9.87,0.00913226,0.499928,15987.3
301030.SZ,20260820,20200.0,8.04,162408.0,8.0,0.00999477,0.289865,20210.6
301029.SZ,20260820,8300.0,25.08,208164.0,24.83,0.00183278,0.101484,45286.3
301028.SZ,20260820,13600.0,12.43,169048.0,12.3,0.00542698,0.270944,25060.0
301027.SZ,20260820,4700.0,19.55,91885.0,19.34,0.00387814,0.0754331,12119.2
301026.SZ,20260820,112480.0,21.91,2464436.8,21.2,0.0702856,0.877539,16003.3
301025.SZ,20260820,84800.0,9.1,771680.0,9.07,0.0305971,0.316441,27715.1
301024.SZ,20260820,2900.0,31.18,90422.0,30.7,0.00471085,0.38281,6156.0
301023.SZ,20260820,8900.0,29.32,260948.0,28.55,0.0171932,0.5738,5176.47
301022.SZ,20260820,7000.0,22.6,158200.0,22.37,0.0104844,0.641701,6676.61
301021.SZ,20260820,44600.0,73.85,3293710.0,72.02,0.0292076,0.391007,15270.0
301020.SZ,20260820,3200.0,20.42,65344.0,20.38,0.00218579,0.158354,14640.0
301019.SZ,20260820,9000.0,14.92,134280.0,14.71,0.00620063,0.502215,14514.7
301018.SZ,20260820,56760.0,89.01,5052207.6,86.8,0.0200691,0.311771,28282.3
301017.SZ,20260820,13300.0,13.33,177289.0,13.08,0.00514119,0.103486,25869.5
301016.SZ,20260820,14000.0,11.8,165200.0,11.62,0.00476476,0.484163,29382.4
301015.SZ,20260820,121300.0,27.0,3275100.0,26.0,0.0230803,0.684536,52555.7
301013.SZ,20260820,145250.0,42.1,6115025.0,42.01,0.0767537,0.397079,18924.2
301012.SZ,20260820,22600.0,24.45,552570.0,24.0,0.0114744,0.212112,19696.0
301011.SZ,20260820,11100.0,14.85,164835.0,14.59,0.00756662,0.575583,14669.7
301010.SZ,20260820,14200.0,16.99,241258.0,16.95,0.0131481,1.07288,10800.0
301009.SZ,20260820,39500.0,8.94,353130.0,8.84,0.0261529,1.55703,15103.5
301008.SZ,20260820,95500.0,41.5,3963250.0,41.79,0.0825834,0.560089,11564.1
301007.SZ,20260820,17100.0,26.32,450072.0,26.0,0.0113002,0.431594,15132.5
301006.SZ,20260820,14700.0,13.47,198009.0,13.34,0.0175374,1.25432,8382.09
301005.SZ,20260820,443880.0,80.5,35732340.0,83.85,0.241061,2.88466,18413.6
301004.SZ,20260820,17000.0,33.9,576300.0,33.81,0.0124901,2.43916,13610.7
301003.SZ,20260820,3800.0,54.2,205960.0,53.92,0.00505722,0.157616,7514.01
301031.SZ,20260820,5100.0,89.73,457623.0,88.47,0.00443869,0.256107,11489.9
301033.SZ,20260820,3100.0,57.18,177258.0,56.06,0.00549775,0.175968,5638.67
300938.SZ,20260820,58300.0,28.45,1658635.0,28.0,0.0197059,0.466837,29585.0
301035.SZ,20260820,300.0,53.13,15939.0,52.86,8.24261e-05,0.0225643,36396.2
301065.SZ,20260820,2900.0,18.98,55042.0,18.89,0.00336086,0.166057,8628.75
301063.SZ,20260820,9400.0,17.7,166380.0,17.57,0.00972609,0.817103,9664.73
301062.SZ,20260820,42300.0,6.67,282141.0,6.53,0.0153678,0.478176,27525.1
301061.SZ,20260820,48600.0,35.0,1701000.0,35.08,0.0257227,2.00276,18893.9
301060.SZ,20260820,610400.0,11.86,7239344.0,11.4,0.169477,1.08512,36016.6
301059.SZ,20260820,7600.0,11.3,85880.0,11.15,0.00367959,0.391493,20654.5
301058.SZ,20260820,210900.0,8.62,1817958.0,8.57,0.0411694,1.6728,51227.4
301057.SZ,20260820,14300.0,21.26,304018.0,21.01,0.0176506,0.859309,8101.73
301056.SZ,20260820,8000.0,10.98,87840.0,10.88,0.00454556,0.220615,17599.6
301055.SZ,20260820,11000.0,29.0,319000.0,28.75,0.00720519,0.356749,15266.8
301053.SZ,20260820,10300.0,41.5,427450.0,41.5,0.00841002,0.136685,12247.3
301052.SZ,20260820,4000.0,23.0,92000.0,22.7,0.00498506,0.0797908,8023.98
301051.SZ,20260820,84200.0,20.1,1692420.0,19.91,0.0372835,0.43044,22583.7
301050.SZ,20260820,3300.0,30.35,100155.0,30.13,0.00156494,0.107834,21087.1
301049.SZ,20260820,5300.0,19.55,103615.0,19.41,0.0123756,0.514661,4282.64
301048.SZ,20260820,10200.0,8.99,91698.0,9.0,0.0019125,0.351878,53333.3
301047.SZ,20260820,573000.0,119.0,68187000.0,111.88,0.479175,3.95231,11958.1
301046.SZ,20260820,34400.0,21.2,729280.0,20.56,0.0264219,1.06683,13019.5
301045.SZ,20260820,49400.0,66.01,3260894.0,65.7,0.0708589,1.03132,6971.6
301043.SZ,20260820,200.0,36.24,7248.0,41.61,0.000352437,0.0188219,5674.77
301042.SZ,20260820,23300.0,32.9,766570.0,32.33,0.0252572,0.362141,9225.1
301041.SZ,20260820,12400.0,24.99,309876.0,24.68,0.0157019,0.296328,7897.13
301040.SZ,20260820,6200.0,26.28,162936.0,25.73,0.00657029,0.249688,9436.42
301039.SZ,20260820,52900.0,8.06,426374.0,8.03,0.00364218,0.36214,145243.0
301038.SZ,20260820,7500.0,15.94,119550.0,15.63,0.00336202,0.336556,22308.0
301037.SZ,20260820,18200.0,12.72,231504.0,12.72,0.0267656,0.986458,6799.78
301036.SZ,20260820,3400.0,21.99,74766.0,21.82,0.00482721,0.465777,7043.41
301002.SZ,20260820,99100.0,29.45,2918495.0,29.15,0.112876,1.57202,8779.54
301001.SZ,20260820,5100.0,23.26,118626.0,23.14,0.0101392,0.458938,5030.0
301000.SZ,20260820,15000.0,23.9,358500.0,23.44,0.00653274,0.389824,22961.3
300999.SZ,20260820,260300.0,25.0,6507500.0,25.46,0.0479686,1.75953,54264.7
300967.SZ,20260820,429600.0,16.32,7011072.0,17.23,0.34424,4.47384,12479.7
300966.SZ,20260820,8900.0,26.07,232023.0,25.7,0.0116087,0.40253,7666.67
300965.SZ,20260820,8900.0,43.9,390710.0,43.17,0.0164529,0.830453,5409.38
300964.SZ,20260820,12300.0,56.58,695934.0,55.65,0.015686,0.27858,7841.38
300963.SZ,20260820,7700.0,11.2,86240.0,11.08,0.00276641,0.0997741,27833.9
300962.SZ,20260820,6000.0,12.9,77400.0,12.78,0.00227271,0.223857,26400.2
300961.SZ,20260820,6700.0,11.43,76581.0,11.43,0.00441001,0.157367,15192.7
300960.SZ,20260820,12300.0,16.05,197415.0,15.88,0.00934797,1.02851,13157.9
300959.SZ,20260820,10700.0,94.69,1013183.0,92.61,0.0204479,0.271355,5232.82
300958.SZ,20260820,10900.0,11.76,128184.0,11.75,0.0119715,0.427691,9104.94
300957.SZ,20260820,62100.0,31.23,1939383.0,30.84,0.0146601,0.939335,42360.0
300956.SZ,20260820,27200.0,11.06,300832.0,10.85,0.0129245,0.321082,21045.2
300955.SZ,20260820,2600.0,31.01,80626.0,30.5,0.00257937,0.15421,10080.0
300953.SZ,20260820,16400.0,99.0,1623600.0,98.22,0.00936874,0.187936,17505.0
300952.SZ,20260820,26000.0,16.1,418600.0,15.88,0.0174992,0.676544,14857.8
300951.SZ,20260820,50500.0,69.01,3485005.0,67.74,0.0333566,0.756656,15139.4
300950.SZ,20260820,4100.0,16.47,67527.0,16.18,0.0041816,0.277752,9804.85
300949.SZ,20260820,9800.0,22.18,217364.0,21.96,0.0197038,1.01213,4973.65
300948.SZ,20260820,17900.0,21.01,376079.0,21.02,0.011537,0.384616,15515.3
300947.SZ,20260820,131600.0,13.72,1805552.0,13.95,0.0871059,4.20762,15108.1
300946.SZ,20260820,700.0,36.35,25445.0,36.11,0.000923495,0.0557186,7579.9
300945.SZ,20260820,201100.0,12.57,2527827.0,11.98,0.0842467,1.74246,23870.4
300943.SZ,20260820,58900.0,30.17,1777013.0,29.9,0.0441445,0.325333,13342.6
300942.SZ,20260820,8500.0,6.76,57460.0,6.6,0.00209836,0.130602,40507.8
300941.SZ,20260820,46600.0,14.18,660788.0,14.21,0.0376478,0.75007,12377.9
300940.SZ,20260820,3800.0,13.46,51148.0,13.39,0.00241301,0.0960682,15747.9
300939.SZ,20260820,12800.0,64.01,819328.0,62.91,0.0106667,0.370678,12000.0
300968.SZ,20260820,12800.0,10.22,130816.0,10.11,0.00309642,0.101719,41338.0
300969.SZ,20260820,2000.0,72.4,144800.0,70.8,0.00255508,0.0883026,7827.53
300970.SZ,20260820,988550.0,20.96,20720008.0,22.53,0.807107,8.01535,12248.1
300986.SZ,20260820,226968.0,12.12,2750852.16,11.88,0.0394509,0.373604,57531.7
300998.SZ,20260820,4600.0,25.86,118956.0,25.56,0.00427189,0.137659,10768.1
300997.SZ,20260820,28900.0,17.3,499970.0,17.12,0.00732403,0.153025,39459.1
300996.SZ,20260820,186200.0,14.82,2759484.0,14.7,0.055892,0.250804,33314.2
300995.SZ,20260820,4000.0,25.57,102280.0,25.4,0.00658656,0.376459,6072.97
300994.SZ,20260820,300.0,11.06,3318.0,11.06,0.000257149,0.0181668,11666.4
300993.SZ,20260820,3300.0,9.86,32538.0,9.8,0.00136445,0.148709,24185.5
300992.SZ,20260820,600.0,23.87,14322.0,23.73,0.000769349,0.0433869,7798.8
300991.SZ,20260820,16600.0,27.79,461314.0,27.21,0.0180157,0.767919,9214.2
300990.SZ,20260820,11000.0,68.76,756360.0,67.66,0.0141454,0.17725,7776.39
300989.SZ,20260820,5600.0,13.16,73696.0,13.06,0.00343781,0.0914562,16289.4
300988.SZ,20260820,15100.0,14.38,217138.0,14.13,0.00931515,0.446474,16210.2
300987.SZ,20260820,13600.0,13.2,179520.0,13.09,0.00784458,0.3926,17336.8
300985.SZ,20260820,15600.0,40.33,629148.0,39.9,0.00836405,0.195828,18651.2
300971.SZ,20260820,26900.0,18.52,498188.0,18.52,0.029159,1.52336,9225.28
300984.SZ,20260820,1400.0,31.18,43652.0,30.47,0.00112876,0.0427486,12402.9
300983.SZ,20260820,0.0,,0.0,39.62,0.0,0.0,10677.3
300982.SZ,20260820,5600.0,14.77,82712.0,14.63,0.00288813,0.210784,19389.7
300981.SZ,20260820,37200.0,14.68,546096.0,14.35,0.00946571,0.223961,39299.7
300980.SZ,20260820,25700.0,21.71,557947.0,21.41,0.0261334,0.537866,9834.14
300979.SZ,20260820,7500.0,34.37,257775.0,34.54,0.000642678,0.198449,116699.0
300978.SZ,20260820,11300.0,8.45,95485.0,8.4,0.00393606,0.333505,28708.9
300977.SZ,20260820,3400.0,16.23,55182.0,15.74,0.00358642,0.251092,9480.21
300976.SZ,20260820,12300.0,54.28,667644.0,53.22,0.010218,0.246347,12037.6
300975.SZ,20260820,293000.0,25.84,7571120.0,25.32,0.059544,0.521695,49207.3
300973.SZ,20260820,9200.0,24.8,228160.0,24.71,0.00775954,0.175653,11856.4
300972.SZ,20260820,1300.0,200.0,260000.0,199.68,0.000717039,0.0844481,18130.1
301367.SZ,20260820,7200.0,43.04,309888.0,42.68,0.00733951,0.321474,9809.92
301368.SZ,20260820,3300.0,40.31,133023.0,39.59,0.00274771,0.131112,12010.0
301369.SZ,20260820,6100.0,135.03,823683.0,132.86,0.0111214,0.21581,5484.92
920392.BJ,20260820,4400.0,13.73,60412.0,13.54,0.0122087,0.756448,3603.99
920375.BJ,20260820,0.0,,0.0,6.92,0.0,0.0,9088.27
920374.BJ,20260820,0.0,,0.0,14.71,0.0,0.0,3492.49
920371.BJ,20260820,162241.0,7.7,1249255.7,7.95,0.0832818,3.45406,19481.0
920370.BJ,20260820,0.0,,0.0,2.78,0.0,0.0,26238.6
920368.BJ,20260820,2200.0,23.77,52294.0,23.67,0.000984917,0.0593714,22336.9
920367.BJ,20260820,172637.0,32.0,5524384.0,29.75,0.411113,1.64121,4199.26
920363.BJ,20260820,6524.0,10.12,66022.88,10.14,0.00925227,0.519281,7051.24
920357.BJ,20260820,1700.0,15.55,26435.0,15.4,0.0027003,0.119789,6295.59
920351.BJ,20260820,17730.0,12.0,212760.0,12.16,0.0445026,0.911473,3984.03
920346.BJ,20260820,3232.0,14.75,47672.0,14.6,0.0072017,0.789969,4487.83
920344.BJ,20260820,186126.0,23.0,4280898.0,19.05,0.163659,9.09018,11372.8
920339.BJ,20260820,7100.0,11.03,78313.0,11.06,0.00469648,0.476099,15117.7
920304.BJ,20260820,72580.0,9.14,663381.2,9.48,0.0535923,3.20648,13543.0
920300.BJ,20260820,2000.0,9.53,19060.0,9.45,0.00300609,0.177058,6653.17
920299.BJ,20260820,1200.0,14.92,17904.0,14.77,0.00264231,0.0654531,4541.48
920284.BJ,20260820,8500.0,17.09,145265.0,17.08,0.0126751,0.422783,6706.07
920278.BJ,20260820,7528.0,6.45,48555.6,6.34,0.00763138,0.265085,9864.53
920275.BJ,20260820,0.0,,0.0,6.71,0.0,0.0,13191.5
920274.BJ,20260820,7059.0,15.47,109202.73,15.26,0.0086791,0.515757,8133.33
920273.BJ,20260820,59548.0,17.89,1065313.72,18.09,0.0868171,1.49641,6859.02
920271.BJ,20260820,3600.0,9.26,33336.0,9.22,0.00621864,0.347358,5789.04
920270.BJ,20260820,100.0,12.18,1218.0,12.21,0.000123028,0.00985771,8128.21
920267.BJ,20260820,6799.0,16.19,110075.81,16.25,0.0250174,0.356887,2717.7
920266.BJ,20260820,49607.0,8.1,401816.7,7.83,0.0418658,0.806389,11849.0
920263.BJ,20260820,0.0,,0.0,6.82,0.0,0.0,10254.9
920262.BJ,20260820,200.0,13.63,2726.0,13.63,0.000518719,0.0294166,3855.65
920261.BJ,20260820,865.0,13.75,11893.75,13.81,0.000539794,0.0834171,16024.6
920378.BJ,20260820,1200.0,7.09,8508.0,7.09,0.00107737,0.119005,11138.2
920394.BJ,20260820,12462.0,43.16,537859.92,43.5,0.00858425,0.828526,14517.3
920258.BJ,20260820,28125.0,12.44,349875.0,12.5,0.078125,0.609049,3600.0
920395.BJ,20260820,0.0,,0.0,6.9,0.0,0.0,10508.8
920493.BJ,20260820,6347.0,114.24,725081.28,112.5,0.0142192,0.248475,4463.69
920491.BJ,20260820,8741.0,21.5,187931.5,21.52,0.00754686,0.397382,11582.3
920489.BJ,20260820,4700.0,13.72,64484.0,13.66,0.00541315,0.163264,8682.55
920478.BJ,20260820,135295.0,12.5,1691187.5,11.4,0.20192,1.78709,6700.42
920476.BJ,20260820,31746.0,25.58,812062.68,24.96,0.0395195,1.59065,8032.99
920475.BJ,20260820,3524.0,12.24,43133.76,11.91,0.00627084,0.174745,5619.66
920471.BJ,20260820,43977.0,11.54,507494.58,11.75,0.0829276,2.47815,5303.06
920469.BJ,20260820,3800.0,5.49,20862.0,5.5,0.00367334,0.194282,10344.8
920455.BJ,20260820,200.0,5.95,1190.0,5.92,0.000205526,0.0225419,9731.14
920454.BJ,20260820,0.0,,0.0,10.95,0.0,0.0,4923.05
920445.BJ,20260820,0.0,,0.0,7.0,0.0,0.0,10800.8
920438.BJ,20260820,20647.0,128.95,2662430.65,127.05,0.014812,0.343733,13939.4
920436.BJ,20260820,500.0,10.23,5115.0,10.12,0.000559385,0.0808888,8938.39
920433.BJ,20260820,15000.0,4.97,74550.0,4.93,0.00885915,0.256948,16931.6
920429.BJ,20260820,9519.0,10.58,100711.02,10.55,0.00838676,0.235521,11350.0
920427.BJ,20260820,500.0,8.63,4315.0,8.53,0.000982164,0.0483741,5090.8
920425.BJ,20260820,3970.0,14.92,59232.4,14.74,0.00478898,0.212325,8289.86
920422.BJ,20260820,0.0,,0.0,9.38,0.0,0.0,6622.27
920419.BJ,20260820,5000.0,10.7,53500.0,10.71,0.0051711,0.358602,9669.13
920418.BJ,20260820,9839.0,18.35,180545.65,18.4,0.00627013,0.520909,15691.9
920415.BJ,20260820,100.0,8.72,872.0,8.72,9.23947e-05,0.00540992,10823.1
920414.BJ,20260820,3400.0,7.88,26792.0,7.88,0.00606303,0.272256,5607.76
920407.BJ,20260820,1810.0,11.01,19928.1,11.04,0.00400539,0.146414,4518.92
920405.BJ,20260820,0.0,,0.0,18.14,0.0,0.0,10629.1
920403.BJ,20260820,145494.0,20.0,2909880.0,21.31,0.223827,2.33851,6500.29
920402.BJ,20260820,23678.0,9.06,214522.68,8.98,0.00867729,0.333633,27287.3
920396.BJ,20260820,3000.0,19.4,58200.0,19.26,0.00603416,0.185169,4971.69
920260.BJ,20260820,10834.0,7.91,85696.94,8.03,0.0109478,1.57526,9896.07
920252.BJ,20260820,4698.0,15.7,73758.6,15.55,0.00688541,0.334391,6823.12
920138.BJ,20260820,40079.0,40.45,1621195.55,40.03,0.115789,0.400391,3461.38
920187.BJ,20260820,0.0,,0.0,18.77,0.0,0.0,3319.53
920185.BJ,20260820,2900.0,20.36,59044.0,20.22,0.000259054,0.0801359,111946.0
920184.BJ,20260820,11532.0,10.97,126506.04,10.97,0.012904,0.806117,8936.79
920183.BJ,20260820,0.0,,0.0,28.25,0.0,0.0,1124.98
920181.BJ,20260820,8000.0,76.01,608080.0,75.3,0.0798403,0.881749,1002.0
920180.BJ,20260820,5500.0,12.08,66440.0,11.97,0.0154193,0.867998,3566.95
920179.BJ,20260820,56831.0,53.13,3019431.03,53.64,0.0951649,1.30642,5971.85
920178.BJ,20260820,2704.0,94.5,255528.0,92.98,0.0140429,0.198886,1925.52
920177.BJ,20260820,532.0,25.4,13512.8,25.39,0.00287125,0.132859,1852.85
920176.BJ,20260820,13299.0,55.88,743148.12,55.35,0.167346,0.699472,794.7
920175.BJ,20260820,0.0,,0.0,7.77,0.0,0.0,7927.59
920174.BJ,20260820,2350.0,28.68,67398.0,28.81,0.00421195,0.204562,5579.36
920171.BJ,20260820,1000.0,16.47,16470.0,16.26,0.00147859,0.0806611,6763.2
920169.BJ,20260820,247677.0,20.98,5196263.46,22.17,0.487154,7.53192,5084.16
920168.BJ,20260820,0.0,,0.0,15.31,0.0,0.0,2817.45
920167.BJ,20260820,6100.0,14.61,89121.0,14.64,0.00933238,0.517098,6536.38
920166.BJ,20260820,4905.0,21.04,103201.2,21.01,0.0206398,0.619434,2376.47
920165.BJ,20260820,5156.0,36.79,189689.24,36.48,0.0536801,0.243984,960.504
920163.BJ,20260820,649.0,11.16,7242.84,11.18,0.00106952,0.0746414,6068.15
920161.BJ,20260820,35070.0,27.99,981609.3,28.05,0.0950436,0.492468,3689.88
920160.BJ,20260820,822.0,20.09,16513.98,19.9,0.00322505,0.183203,2548.8
920159.BJ,20260820,51388.0,29.5,1515946.0,30.58,0.335431,3.42582,1532.0
920158.BJ,20260820,3707.0,7.93,29396.51,7.95,0.00694258,0.24476,5339.52
920156.BJ,20260820,2400.0,39.26,94224.0,39.14,0.0110558,0.203831,2170.8
920152.BJ,20260820,1600.0,13.08,20928.0,13.18,0.0019488,0.157831,8210.19
920149.BJ,20260820,14031.0,7.83,109862.73,7.73,0.0221774,2.42523,6326.7
920146.BJ,20260820,0.0,,0.0,5.0,0.0,0.0,10859.3
920145.BJ,20260820,0.0,,0.0,9.91,0.0,0.0,4883.23
920186.BJ,20260820,14149.0,71.5,1011653.5,70.54,0.0120853,0.296475,11707.6
920188.BJ,20260820,99.0,21.45,2123.55,21.48,0.000500155,0.0164457,1979.39
920249.BJ,20260820,246984.0,10.15,2506887.6,10.14,0.198111,3.46253,12467.0
920189.BJ,20260820,44947.0,20.34,914221.98,20.37,0.0529614,0.705563,8486.74
920247.BJ,20260820,500.0,14.56,7280.0,14.41,0.000364582,0.0235773,13714.3
920245.BJ,20260820,0.0,,0.0,13.02,0.0,0.0,5319.43
920242.BJ,20260820,708.0,14.05,9947.4,14.0,0.00134261,0.146784,5273.31
920239.BJ,20260820,100.0,21.13,2113.0,21.1,5.55926e-05,0.0125591,17988.0
920238.BJ,20260820,14757.0,62.31,919508.67,62.28,0.0760398,0.520054,1940.69
920237.BJ,20260820,6629.0,11.98,79415.42,11.98,0.00711011,0.864156,9323.35
920230.BJ,20260820,31020.0,11.12,344942.4,10.65,0.0656539,1.07354,4724.77
920227.BJ,20260820,0.0,,0.0,47.86,0.0,0.0,1771.82
920225.BJ,20260820,100.0,15.0,1500.0,14.94,0.000120799,0.00206408,8278.22
920223.BJ,20260820,578.0,10.65,6155.7,10.65,0.000707681,0.0504853,8167.52
920222.BJ,20260820,1108.0,25.17,27888.36,25.3,0.00958263,0.0411701,1156.26
920221.BJ,20260820,2451.0,12.96,31764.96,12.8,0.00395764,0.223661,6193.09
920220.BJ,20260820,4331.0,40.85,176921.35,40.75,0.0208865,0.340887,2073.58
920218.BJ,20260820,11870.0,16.96,201315.2,17.18,0.0563194,0.723962,2107.62
920212.BJ,20260820,3535.0,9.54,33723.9,9.52,0.00685047,0.592435,5160.23
920211.BJ,20260820,6031.0,110.88,668717.28,113.08,0.0520063,0.647351,1159.67
920208.BJ,20260820,200.0,12.21,2442.0,12.16,0.000124026,0.0155652,16125.7
920207.BJ,20260820,6007.0,21.88,131433.16,21.59,0.0106669,0.217784,5631.45
920206.BJ,20260820,106259.0,38.0,4037842.0,39.58,0.386044,5.75457,2752.51
920204.BJ,20260820,0.0,,0.0,12.8,0.0,0.0,4999.07
920200.BJ,20260820,1501.0,27.82,41757.82,27.67,0.00338299,0.0707699,4436.9
920199.BJ,20260820,2950.0,25.67,75726.5,25.82,0.00777815,0.131842,3792.68
920198.BJ,20260820,3914.0,7.4,28963.6,7.36,0.00555445,0.0820033,7046.6
920195.BJ,20260820,1900.0,12.13,23047.0,12.02,0.00268517,0.221637,7075.9
920193.BJ,20260820,29714.0,33.86,1006116.04,33.78,0.117913,0.542306,2520.0
920191.BJ,20260820,15730.0,8.88,139682.4,8.78,0.0394087,1.38489,3991.5
920190.BJ,20260820,7039.0,24.31,171118.09,24.14,0.00707842,0.0897459,9944.3
920496.BJ,20260820,200.0,6.21,1242.0,6.22,0.000137933,0.0124944,14499.8
920504.BJ,20260820,3500.0,17.69,61915.0,17.45,0.0204775,0.394128,1709.19
920505.BJ,20260820,10379.0,27.88,289366.52,27.0,0.0288218,0.611387,3601.09
920873.BJ,20260820,5200.0,6.82,35464.0,6.79,0.00434034,0.36664,11980.6
920870.BJ,20260820,1878.0,11.58,21747.24,11.54,0.00284533,0.0768354,6600.29
920866.BJ,20260820,119343.0,6.22,742313.46,6.29,0.104584,2.07469,11411.2
920857.BJ,20260820,0.0,,0.0,20.4,0.0,0.0,7400.72
920856.BJ,20260820,17449.0,13.84,241494.16,14.07,0.0328854,0.238107,5306.0
920855.BJ,20260820,1600.0,12.48,19968.0,12.5,0.00238674,0.211697,6703.69
920839.BJ,20260820,3000.0,24.21,72630.0,24.45,0.00460104,0.392639,6520.26
920837.BJ,20260820,100.0,9.65,965.0,9.58,7.31059e-05,0.0165203,13678.8
920834.BJ,20260820,1953.0,9.74,19022.22,9.77,0.00311005,0.132157,6279.64
920833.BJ,20260820,3635.0,9.7,35259.5,9.69,0.00419965,0.162296,8655.49
920832.BJ,20260820,0.0,,0.0,6.13,0.0,0.0,12386.6
920826.BJ,20260820,78466.0,8.86,695208.76,8.95,0.124245,0.683006,6315.42
920821.BJ,20260820,812.0,17.59,14283.08,17.57,0.00111457,0.0353851,7285.34
920819.BJ,20260820,61954.0,3.0,185862.0,3.0,0.0051133,0.576532,121162.0
920810.BJ,20260820,2298.0,8.76,20130.48,8.76,0.00368225,0.169219,6240.75
920809.BJ,20260820,8300.0,7.59,62997.0,7.51,0.00180786,0.106477,45910.7
920808.BJ,20260820,400.0,59.42,23768.0,59.38,0.00020538,0.0200033,19476.1
920807.BJ,20260820,23760.0,9.5,225720.0,9.31,0.0192309,0.738864,12355.1
920806.BJ,20260820,2000.0,10.08,20160.0,10.07,0.000665034,0.093785,30073.7
920802.BJ,20260820,0.0,,0.0,10.12,0.0,0.0,3621.76
920799.BJ,20260820,30461.0,31.26,952210.86,31.26,0.0253694,0.784062,12007.0
920792.BJ,20260820,100.0,9.7,970.0,9.58,9.83997e-05,0.0180976,10162.6
920790.BJ,20260820,9814.0,21.05,206584.7,21.0,0.0180554,0.337992,5435.5
920786.BJ,20260820,109940.0,7.13,783872.2,7.12,0.079637,0.829551,13805.1
920781.BJ,20260820,0.0,,0.0,5.57,0.0,0.0,12036.6
920779.BJ,20260820,0.0,,0.0,22.34,0.0,0.0,2002.0
920770.BJ,20260820,2398.0,10.05,24099.9,10.03,0.00292818,0.123466,8189.38
920768.BJ,20260820,100.0,7.05,705.0,7.05,9.3119e-05,0.010078,10739.0
920871.BJ,20260820,9501.0,10.88,103370.88,10.83,0.0202088,1.69736,4701.41
920876.BJ,20260820,1380.0,16.07,22176.6,16.08,0.00351608,0.0947989,3924.82
920508.BJ,20260820,4776.0,14.5,69252.0,14.3,0.014969,0.654502,3190.59
920879.BJ,20260820,0.0,,0.0,12.48,0.0,0.0,15031.1
920985.BJ,20260820,0.0,,0.0,4.64,0.0,0.0,21931.8
920982.BJ,20260820,22156.0,124.5,2758422.0,120.2,0.0399458,1.92852,5546.51
920981.BJ,20260820,3801.0,30.0,114030.0,29.42,0.0098823,0.145117,3846.27
920978.BJ,20260820,800.0,19.52,15616.0,19.54,0.00079259,0.0732138,10093.5
920976.BJ,20260820,400.0,16.8,6720.0,16.64,0.000906627,0.0448729,4411.96
920974.BJ,20260820,12899.0,6.12,78941.88,6.14,0.0100419,1.09221,12845.2
920971.BJ,20260820,10120.0,26.12,264334.4,26.11,0.0118082,0.221673,8570.28
920970.BJ,20260820,39177.0,6.18,242113.86,6.18,0.0559102,0.711972,7007.13
920964.BJ,20260820,33447.0,4.8,160545.6,4.82,0.0226457,0.559941,14769.7
920961.BJ,20260820,9489.0,19.33,183422.37,19.25,0.00899737,0.334039,10546.4
920957.BJ,20260820,0.0,,0.0,9.18,0.0,0.0,4270.47
920953.BJ,20260820,44701.0,22.77,1017841.77,23.26,0.0746438,1.564,5988.58
920950.BJ,20260820,100.0,12.68,1268.0,12.68,0.000279954,0.0376501,3572.01
920946.BJ,20260820,1605070.0,12.98,20833808.6,10.02,0.376082,15.5081,42678.7
920943.BJ,20260820,152929.0,16.01,2448393.29,16.81,0.295185,3.28114,5180.78
920942.BJ,20260820,2900.0,16.66,48314.0,16.64,0.00700229,0.441035,4141.5
920932.BJ,20260820,2479.0,12.0,29748.0,12.02,0.0028431,0.108295,8719.36
920931.BJ,20260820,7623.0,10.89,83014.47,10.97,0.026491,0.320628,2877.58
920926.BJ,20260820,2400.0,10.15,24360.0,10.11,0.00299318,0.428708,8018.24
920925.BJ,20260820,1566.0,12.05,18870.3,11.85,0.00283208,0.074665,5529.51
920924.BJ,20260820,5000.0,14.7,73500.0,14.48,0.00764852,0.184032,6537.21
920914.BJ,20260820,1544.0,17.45,26942.8,17.28,0.00155013,0.134284,9960.42
920906.BJ,20260820,150.0,16.29,2443.5,16.07,0.000449698,0.0198754,3335.57
920896.BJ,20260820,100.0,12.09,1209.0,12.03,0.000225216,0.0185215,4440.18
920895.BJ,20260820,5072.0,12.73,64566.56,12.77,0.0176498,0.449814,2873.69
920892.BJ,20260820,200.0,10.2,2040.0,10.22,0.00013258,0.0290164,15085.3
920885.BJ,20260820,130163.0,12.6,1640053.8,12.86,0.147072,4.74892,8850.32
920765.BJ,20260820,1000.0,13.65,13650.0,13.63,0.00189368,0.0395727,5280.71
920753.BJ,20260820,5725.0,15.69,89825.25,15.76,0.0175025,0.545167,3270.97
920751.BJ,20260820,0.0,,0.0,16.2,0.0,0.0,8306.71
920748.BJ,20260820,12758.0,23.75,303002.5,23.35,0.0346346,1.02428,3683.6
920634.BJ,20260820,4300.0,16.49,70907.0,16.33,0.010598,0.397194,4057.39
920627.BJ,20260820,734.0,13.62,9997.08,13.65,0.00156779,0.0930004,4681.75
920608.BJ,20260820,0.0,,0.0,13.67,0.0,0.0,4821.89
920599.BJ,20260820,130004.0,16.27,2115165.08,16.59,0.0370831,7.59131,35057.4
920593.BJ,20260820,3550.0,24.54,87117.0,24.3,0.00218927,0.127583,16215.5
920592.BJ,20260820,46572.0,20.4,950068.8,21.1,0.0926148,2.13856,5028.57
920580.BJ,20260820,1900.0,10.8,20520.0,10.75,0.00346949,0.12066,5476.31
920579.BJ,20260820,1322.0,14.96,19777.12,14.94,0.00296583,0.142354,4457.44
920578.BJ,20260820,1000.0,16.48,16480.0,16.48,0.00281682,0.0546158,3550.1
920576.BJ,20260820,76275.0,41.18,3141004.5,42.0,0.07071,2.83763,10787.0
920575.BJ,20260820,854639.0,6.3,5384225.7,5.66,0.454986,8.31009,18783.9
920571.BJ,20260820,500577.0,8.67,4340002.59,9.04,0.169066,2.64952,29608.4
920570.BJ,20260820,1100.0,24.38,26818.0,24.21,0.0043153,0.147177,2549.07
920566.BJ,20260820,78125.0,10.14,792187.5,9.86,0.0695393,2.00129,11234.7
920564.BJ,20260820,700.0,13.95,9765.0,13.97,0.00142309,0.0778235,4918.88
920556.BJ,20260820,0.0,,0.0,6.62,0.0,0.0,11638.0
920553.BJ,20260820,13087.0,7.63,99853.81,7.41,0.0139515,0.255508,9380.34
920547.BJ,20260820,44551.0,18.92,842904.92,18.2,0.117969,7.11616,3776.49
920541.BJ,20260820,100.0,9.7,970.0,9.58,0.000111039,0.019249,9005.87
920533.BJ,20260820,6296.0,17.53,110368.88,17.63,0.00860849,0.314455,7313.71
920527.BJ,20260820,816.0,13.84,11293.44,13.88,0.00175268,0.0794692,4655.73
920526.BJ,20260820,452.0,20.09,9080.68,20.01,0.000863131,0.0205366,5236.75
920523.BJ,20260820,331.0,15.22,5037.82,15.22,0.000408443,0.0404005,8103.95
920522.BJ,20260820,12320.0,19.56,240979.2,19.36,0.00676833,0.204525,18202.4
920519.BJ,20260820,9500.0,9.78,92910.0,9.68,0.0119697,1.51308,7936.73
920510.BJ,20260820,106807.0,23.0,2456561.0,23.01,0.113633,1.05229,9399.27
920509.BJ,20260820,1619.0,20.11,32558.09,20.15,0.00192771,0.0702933,8398.55
920639.BJ,20260820,1200.0,6.15,7380.0,6.15,0.0010105,0.0829207,11875.4
920640.BJ,20260820,23302.0,25.35,590705.7,25.35,0.0129012,0.822465,18061.8
920641.BJ,20260820,32465.0,13.88,450614.2,13.93,0.0716361,1.59057,4531.93
920694.BJ,20260820,100.0,14.74,1474.0,14.75,0.000160085,0.0167986,6246.68
920735.BJ,20260820,97309.0,25.3,2461917.7,24.11,0.0852593,3.28691,11413.3
920729.BJ,20260820,17264.0,7.07,122056.48,7.0,0.0222741,1.0061,7750.7
920726.BJ,20260820,77817.0,15.96,1241959.32,16.15,0.139174,1.96829,5591.35
920725.BJ,20260820,43404.0,78.5,3407214.0,79.11,0.098242,0.763286,4418.07
920720.BJ,20260820,3400.0,9.42,32028.0,9.44,0.00459353,0.29055,7401.72
920719.BJ,20260820,8696.0,7.51,65306.96,7.53,0.0116972,0.789563,7434.27
920718.BJ,20260820,200.0,9.66,1932.0,9.66,0.000430014,0.0270902,4651.01
920717.BJ,20260820,5300.0,8.24,43672.0,8.32,0.0119693,0.251576,4428.0
920706.BJ,20260820,1002.0,13.7,13727.4,13.74,0.00210187,0.0985846,4767.19
920703.BJ,20260820,889.0,9.67,8596.63,9.69,0.00116567,0.15203,7626.51
920701.BJ,20260820,968.0,13.41,12980.88,13.32,0.000965998,0.0502437,10020.7
920699.BJ,20260820,4370.0,85.34,372935.8,86.2,0.0149527,0.22545,2922.54
920693.BJ,20260820,600.0,22.22,13332.0,22.26,0.0016389,0.0769001,3661.0
920642.BJ,20260820,42387.0,9.95,421750.65,10.01,0.0424053,1.66215,9995.69
920690.BJ,20260820,10663.0,16.7,178072.1,16.65,0.0190313,0.412496,5602.88
920689.BJ,20260820,0.0,,0.0,19.58,0.0,0.0,3793.06
920685.BJ,20260820,24623.0,12.5,307787.5,12.1,0.0422249,0.925482,5831.4
920682.BJ,20260820,800.0,5.68,4544.0,5.69,0.000354285,0.0449959,22580.7
920679.BJ,20260820,411.0,15.65,6432.15,15.49,0.00110558,0.199292,3717.5
920675.BJ,20260820,0.0,,0.0,7.25,0.0,0.0,7901.79
920670.BJ,20260820,986.0,12.48,12305.28,12.41,0.00147973,0.0646658,6663.36
920665.BJ,20260820,2660.0,8.63,22955.8,8.6,0.00414452,0.246896,6418.11
920663.BJ,20260820,0.0,,0.0,12.56,0.0,0.0,6407.65
920662.BJ,20260820,14241.0,18.62,265167.42,18.72,0.0527326,0.560977,2700.61
920656.BJ,20260820,2500.0,14.45,36125.0,14.26,0.0077217,0.376061,3237.63
920651.BJ,20260820,2495.0,25.79,64346.05,25.98,0.00601678,0.237823,4146.74
920139.BJ,20260820,6568.0,14.97,98322.96,14.84,0.00252267,0.159538,26035.9
920136.BJ,20260820,8768.0,20.39,178779.52,20.25,0.0417524,0.423967,2100.0
301370.SZ,20260820,17800.0,8.94,159132.0,8.79,0.00378241,0.331607,47060.0
301567.SZ,20260820,5600.0,36.26,203056.0,35.45,0.0263655,0.459495,2123.99
301565.SZ,20260820,35100.0,19.6,687960.0,19.35,0.0274197,0.854764,12801.0
301563.SZ,20260820,6900.0,125.51,866019.0,122.96,0.0360583,0.341607,1913.57
301560.SZ,20260820,3200.0,22.57,72224.0,22.4,0.00524075,0.217141,6106.0
301559.SZ,20260820,400.0,12.78,5112.0,12.79,0.000444444,0.0266835,9000.0
301558.SZ,20260820,6400.0,6.46,41344.0,6.4,0.00291596,0.137522,21948.2
301557.SZ,20260820,200.0,84.15,16830.0,83.03,0.00080415,0.0238709,2487.1
301556.SZ,20260820,41100.0,61.75,2537925.0,61.75,0.139417,1.25959,2948.0
301555.SZ,20260820,4500.0,30.68,138060.0,30.38,0.00930815,0.236178,4834.48
301552.SZ,20260820,1800.0,24.75,44550.0,24.69,0.00581771,0.077827,3094.0
301551.SZ,20260820,28400.0,20.19,573396.0,19.93,0.0183755,0.28909,15455.4
301550.SZ,20260820,45600.0,77.09,3515304.0,75.43,0.0222169,0.347838,20524.9
301548.SZ,20260820,3200.0,61.97,198304.0,60.74,0.0121975,0.215667,2623.5
301539.SZ,20260820,7300.0,14.6,106580.0,14.42,0.00972533,0.600902,7506.17
301538.SZ,20260820,10600.0,38.6,409160.0,38.01,0.0242521,0.348712,4370.75
301536.SZ,20260820,126000.0,118.02,14870520.0,115.65,0.0673101,0.831864,18719.3
301535.SZ,20260820,2600.0,14.44,37544.0,14.33,0.00153125,0.0851792,16979.6
301533.SZ,20260820,55800.0,27.02,1507716.0,26.87,0.196225,4.08565,2843.67
301531.SZ,20260820,7900.0,50.5,398950.0,49.51,0.0168502,0.225097,4688.37
301529.SZ,20260820,22800.0,89.01,2029428.0,88.01,0.0358679,0.50424,6356.67
301528.SZ,20260820,5600.0,54.0,302400.0,52.9,0.0121065,0.350861,4625.63
301526.SZ,20260820,843500.0,34.35,28974225.0,33.79,0.0600615,0.507117,140439.0
301525.SZ,20260820,1000.0,39.64,39640.0,39.28,0.00144589,0.0919975,6916.17
301522.SZ,20260820,69700.0,22.81,1589857.0,22.77,0.0251823,1.56528,27678.2
301520.SZ,20260820,294200.0,81.98,24118516.0,77.16,0.899737,2.11788,3269.84
301519.SZ,20260820,14900.0,11.9,177310.0,11.8,0.0195813,0.680089,7609.29
301518.SZ,20260820,18000.0,25.55,459900.0,25.42,0.0306438,0.3416,5873.95
301517.SZ,20260820,36000.0,38.77,1395720.0,38.0,0.0368996,1.31043,9756.21
301566.SZ,20260820,174700.0,25.77,4502019.0,24.95,0.0827622,0.59366,21108.7
301568.SZ,20260820,4200.0,68.87,289254.0,67.8,0.00882365,0.118793,4759.94
301515.SZ,20260820,4100.0,19.3,79130.0,19.21,0.0060689,0.269791,6755.75
301571.SZ,20260820,6300.0,66.6,419580.0,66.38,0.00528672,0.161682,11916.7
301609.SZ,20260820,11100.0,32.35,359085.0,32.2,0.0113074,0.224814,9816.57
301608.SZ,20260820,800.0,45.9,36720.0,45.59,0.00134439,0.0517262,5950.64
301607.SZ,20260820,31000.0,43.7,1354700.0,43.08,0.0204228,0.275866,15179.1
301606.SZ,20260820,10100.0,49.98,504798.0,49.85,0.00612126,0.376155,16499.9
301603.SZ,20260820,3800.0,119.0,452200.0,116.86,0.0100709,0.193759,3773.25
301602.SZ,20260820,151900.0,17.63,2677997.0,18.13,0.0728539,0.852807,20849.9
301601.SZ,20260820,3000.0,15.93,47790.0,15.93,0.00355114,0.209737,8448.0
301600.SZ,20260820,0.0,,0.0,82.27,0.0,0.0,3225.85
301599.SZ,20260820,20600.0,35.97,740982.0,35.3,0.0376596,0.220009,5470.05
301598.SZ,20260820,1600.0,47.6,76160.0,47.19,0.00911799,0.391058,1754.77
301596.SZ,20260820,8800.0,48.72,428736.0,47.76,0.0200715,0.278879,4384.33
301595.SZ,20260820,100.0,39.16,3916.0,38.55,0.000244903,0.00828056,4083.25
301592.SZ,20260820,700.0,104.51,73157.0,104.5,0.00299678,0.064231,2335.84
301591.SZ,20260820,18700.0,32.21,602327.0,31.9,0.0418394,0.177239,4469.47
301590.SZ,20260820,2100.0,73.8,154980.0,72.96,0.00861623,0.283968,2437.26
301589.SZ,20260820,16000.0,139.08,2225280.0,139.65,0.046424,2.33664,3446.5
301588.SZ,20260820,58900.0,28.41,1673349.0,28.0,0.0802899,1.01025,7335.92
301587.SZ,20260820,7700.0,20.94,161238.0,20.53,0.0104829,0.330907,7345.3
301586.SZ,20260820,2100.0,31.0,65100.0,30.68,0.00396892,0.2946,5291.11
301585.SZ,20260820,2800.0,26.58,74424.0,26.56,0.00411106,0.27871,6810.89
301584.SZ,20260820,20500.0,23.2,475600.0,22.85,0.0381649,0.288459,5371.43
301583.SZ,20260820,56700.0,138.88,7874496.0,137.5,0.183904,0.534282,3083.14
301581.SZ,20260820,10000.0,36.85,368500.0,36.64,0.0204591,1.48335,4887.8
301580.SZ,20260820,19700.0,51.45,1013565.0,50.44,0.0195434,0.293025,10080.2
301578.SZ,20260820,15600.0,22.98,358488.0,22.48,0.0517913,1.21275,3012.09
301577.SZ,20260820,1200.0,54.7,65640.0,54.02,0.00636904,0.0919216,1884.12
301575.SZ,20260820,1600.0,26.78,42848.0,26.46,0.00656492,0.179867,2437.2
301516.SZ,20260820,583500.0,23.42,13665570.0,23.31,0.831487,3.22003,7017.54
301513.SZ,20260820,1800.0,48.74,87732.0,47.88,0.00893345,0.139154,2014.9
920132.BJ,20260820,0.0,,0.0,8.59,0.0,0.0,3656.02
301421.SZ,20260820,10600.0,78.48,831888.0,76.8,0.02289,0.206937,4630.85
301418.SZ,20260820,9700.0,37.31,361907.0,36.57,0.0329525,0.65319,2943.63
301413.SZ,20260820,7200.0,64.01,460872.0,62.95,0.00942719,0.100127,7637.48
301408.SZ,20260820,82800.0,16.32,1351296.0,15.9,0.0361636,0.349709,22895.9
301399.SZ,20260820,11000.0,16.86,185460.0,16.62,0.0201157,0.32782,5468.36
301398.SZ,20260820,1800.0,32.0,57600.0,31.78,0.00164862,0.0950503,10918.2
301397.SZ,20260820,7820.0,26.3,205666.0,26.12,0.00845782,0.167763,9245.89
301396.SZ,20260820,122100.0,191.32,23360172.0,192.02,0.0862856,0.465791,14150.7
301395.SZ,20260820,24700.0,11.98,295906.0,11.79,0.0193985,0.471653,12732.9
301393.SZ,20260820,15000.0,67.01,1005150.0,64.7,0.0341159,0.592969,4396.78
301392.SZ,20260820,12900.0,161.04,2077416.0,159.47,0.0316208,0.317731,4079.59
301391.SZ,20260820,800.0,47.69,38152.0,46.8,0.000861737,0.0730704,9283.58
301390.SZ,20260820,600.0,30.34,18204.0,30.34,0.00122309,0.0628062,4905.62
301389.SZ,20260820,42500.0,54.61,2320925.0,53.03,0.0149912,0.343411,28350.0
301388.SZ,20260820,2900.0,23.44,67976.0,23.4,0.00398993,0.338279,7268.3
301387.SZ,20260820,8700.0,56.0,487200.0,54.35,0.020383,0.358205,4268.26
301386.SZ,20260820,200.0,20.09,4018.0,19.91,0.000444444,0.0147115,4500.0
301383.SZ,20260820,9000.0,22.15,199350.0,22.06,0.0127453,0.400352,7061.41
301382.SZ,20260820,48500.0,42.7,2070950.0,41.84,0.0205198,0.241678,23635.7
301381.SZ,20260820,1500.0,22.75,34125.0,22.75,0.000369361,0.028328,40610.7
301380.SZ,20260820,20100.0,31.77,638577.0,31.4,0.0248952,0.697302,8073.86
301379.SZ,20260820,133300.0,22.27,2968591.0,21.83,0.0609567,0.651403,21868.0
301378.SZ,20260820,5400.0,24.62,132948.0,24.54,0.011761,0.199886,4591.45
301377.SZ,20260820,14300.0,436.02,6235086.0,429.93,0.0144648,0.374309,9886.09
301376.SZ,20260820,7800.0,20.34,158652.0,20.3,0.00402803,0.242873,19364.3
301373.SZ,20260820,45000.0,98.01,4410450.0,95.1,0.0646037,0.522322,6965.54
301372.SZ,20260820,2200.0,29.52,64944.0,29.23,0.00534364,0.157024,4117.04
301371.SZ,20260820,87000.0,25.21,2193270.0,26.1,0.111574,2.42913,7797.53
301419.SZ,20260820,64200.0,37.2,2388240.0,36.2,0.064745,0.526329,9915.83
301428.SZ,20260820,1800.0,28.16,50688.0,27.95,0.00258519,0.0315815,6962.75
301512.SZ,20260820,3700.0,31.43,116291.0,30.37,0.00759422,0.375497,4872.13
301429.SZ,20260820,21700.0,17.03,369551.0,17.01,0.0492946,1.807,4402.1
301511.SZ,20260820,220059.0,89.37,19666672.83,86.36,0.0552014,0.598606,39864.7
301510.SZ,20260820,44700.0,26.28,1174716.0,25.88,0.0117621,0.474958,38003.3
301509.SZ,20260820,47600.0,31.98,1522248.0,30.9,0.0838901,0.779747,5674.09
301508.SZ,20260820,8800.0,23.31,205128.0,23.32,0.0149567,0.837328,5883.64
301507.SZ,20260820,27300.0,13.27,362271.0,13.12,0.024802,0.451559,11007.2
301505.SZ,20260820,4000.0,16.18,64720.0,16.04,0.00438744,0.219726,9116.94
301503.SZ,20260820,2950.0,21.73,64103.5,21.5,0.00511549,0.330501,5766.8
301502.SZ,20260820,4600.0,50.98,234508.0,49.9,0.0195023,0.736895,2358.7
301501.SZ,20260820,10500.0,29.2,306600.0,28.7,0.0241379,0.229325,4350.0
301500.SZ,20260820,133100.0,23.77,3163787.0,22.91,0.092398,1.37459,14405.1
301499.SZ,20260820,2700.0,24.45,66015.0,24.09,0.00195291,0.178553,13825.5
301498.SZ,20260820,21100.0,39.7,837670.0,39.25,0.0111318,0.372864,18954.7
301491.SZ,20260820,800.0,39.41,31528.0,39.31,0.00209146,0.0908851,3825.08
301489.SZ,20260820,32640.0,104.5,3410880.0,102.26,0.0469095,0.351167,6958.08
301488.SZ,20260820,2000.0,97.43,194860.0,96.16,0.00481314,0.132109,4155.29
301487.SZ,20260820,33700.0,16.03,540211.0,15.87,0.0073322,0.367528,45961.6
301486.SZ,20260820,17200.0,166.13,2857436.0,163.5,0.0235926,0.229491,7290.41
301479.SZ,20260820,4700.0,49.12,230864.0,48.45,0.00659178,0.112363,7130.09
301469.SZ,20260820,3600.0,27.91,100476.0,27.75,0.00781612,0.409583,4605.87
301468.SZ,20260820,11500.0,33.9,389850.0,33.35,0.0117945,0.252217,9750.34
301459.SZ,20260820,49500.0,32.0,1584000.0,31.21,0.189663,1.10023,2609.9
301458.SZ,20260820,24200.0,38.32,927344.0,37.66,0.0205989,0.284985,11748.2
301456.SZ,20260820,1000.0,22.58,22580.0,22.52,0.00145875,0.0982309,6855.18
301449.SZ,20260820,32900.0,41.54,1366666.0,40.93,0.160148,1.05803,2054.35
301448.SZ,20260820,700.0,40.31,28217.0,40.38,0.000987543,0.027019,7088.3
301446.SZ,20260820,0.0,,0.0,35.48,0.0,0.0,3177.2
301439.SZ,20260820,12600.0,14.87,187362.0,14.63,0.00687602,0.110803,18324.5
301611.SZ,20260820,88600.0,104.01,9215286.0,103.83,0.0604445,0.786314,14658.1
301613.SZ,20260820,4700.0,37.7,177190.0,37.39,0.00560182,0.361321,8390.12
301616.SZ,20260820,1200.0,33.9,40680.0,33.78,0.00422509,0.200128,2840.18
920086.BJ,20260820,1377.0,20.5,28228.5,20.5,0.00503067,0.234046,2737.21
920082.BJ,20260820,0.0,,0.0,8.08,0.0,0.0,5722.43
920081.BJ,20260820,102.0,41.01,4183.02,40.9,0.000596491,0.00634437,1710.0
920080.BJ,20260820,100.0,21.37,2137.0,21.42,0.000435242,0.0354161,2297.57
920079.BJ,20260820,15000.0,13.91,208650.0,13.91,0.0333333,0.319825,4500.0
920078.BJ,20260820,12590.0,18.01,226745.9,18.0,0.0322922,0.65873,3898.78
920077.BJ,20260820,1522.0,14.05,21384.1,14.01,0.000504121,0.0418589,30191.2
920076.BJ,20260820,100.0,12.69,1269.0,12.67,0.000271504,0.0163494,3683.19
920075.BJ,20260820,400.0,15.24,6096.0,15.13,0.00113867,0.0428452,3512.87
920072.BJ,20260820,8630.0,25.96,224034.8,25.4,0.0596613,0.548977,1446.5
920069.BJ,20260820,3672.0,33.01,121212.72,32.95,0.024884,0.850444,1475.64
920068.BJ,20260820,5543.0,15.06,83477.58,15.06,0.00319146,0.636591,17368.3
920066.BJ,20260820,12859.0,16.81,216159.79,16.56,0.0647048,3.89459,1987.33
920065.BJ,20260820,2701.0,33.87,91482.87,33.45,0.0171492,0.124569,1575.0
920062.BJ,20260820,1322.0,7.33,9690.26,7.32,0.000995003,0.0581494,13286.4
920061.BJ,20260820,900.0,17.5,15750.0,17.23,0.00228633,0.0730432,3936.44
920060.BJ,20260820,300.0,21.43,6429.0,21.46,0.000316375,0.0194641,9482.43
920059.BJ,20260820,838831.0,18.0,15098958.0,24.75,2.59553,2.69425,3231.83
920058.BJ,20260820,1700.0,28.49,48433.0,28.8,0.00616067,0.101282,2759.44
920057.BJ,20260820,0.0,,0.0,4.87,0.0,0.0,11653.2
920056.BJ,20260820,5068.0,16.06,81392.08,16.1,0.0164311,1.11715,3084.39
920055.BJ,20260820,701.0,26.5,18576.5,26.37,0.0045817,0.190977,1530.0
920050.BJ,20260820,100.0,29.38,2938.0,28.93,0.000552405,0.0225285,1810.27
920047.BJ,20260820,119987.0,17.7,2123769.9,16.94,0.0666201,2.40965,18010.6
920046.BJ,20260820,8850.0,20.07,177619.5,20.02,0.0158242,0.179027,5592.7
920045.BJ,20260820,8814.0,353.0,3111342.0,344.0,0.0312791,0.582209,2817.85
920039.BJ,20260820,4700.0,8.83,41501.0,8.88,0.00305552,0.127701,15382.0
920038.BJ,20260820,157950.0,37.0,5844150.0,35.2,0.462301,4.0428,3416.61
920083.BJ,20260820,99157.0,40.9,4055521.3,42.02,0.26078,1.21776,3802.32
920087.BJ,20260820,848427.0,14.75,12514298.25,16.2,0.517188,4.30216,16404.6
301617.SZ,20260820,11100.0,48.12,534132.0,46.73,0.0160982,0.607257,6895.2
920088.BJ,20260820,84725.0,45.5,3854987.5,47.07,0.260162,1.51856,3256.62
920130.BJ,20260820,26220.0,17.87,468551.4,18.04,0.0457631,0.599487,5729.51
920128.BJ,20260820,3900.0,17.73,69147.0,17.68,0.0160494,0.471032,2430.0
920126.BJ,20260820,17100.0,10.4,177840.0,10.22,0.0382824,0.618656,4466.8
920125.BJ,20260820,25669.0,122.0,3131618.0,118.74,0.112099,1.19911,2289.85
920124.BJ,20260820,3000.0,12.58,37740.0,12.62,0.0039174,0.255729,7658.14
920123.BJ,20260820,1100.0,10.42,11462.0,10.32,0.0016927,0.124715,6498.49
920122.BJ,20260820,41579.0,23.76,987917.04,23.83,0.111248,2.97767,3737.51
920121.BJ,20260820,100.0,28.05,2805.0,28.05,0.000838555,0.0464021,1192.53
920119.BJ,20260820,500.0,47.86,23930.0,48.0,0.00181354,0.192013,2757.03
920118.BJ,20260820,300.0,20.29,6087.0,19.99,0.000957271,0.0446764,3133.91
920117.BJ,20260820,27838.0,31.25,869937.5,31.37,0.137716,0.395029,2021.4
920116.BJ,20260820,61063.0,47.0,2869961.0,47.69,0.0272987,2.10355,22368.5
920112.BJ,20260820,100.0,15.82,1582.0,15.67,0.000286946,0.036475,3484.98
920111.BJ,20260820,2877.0,31.01,89215.77,31.17,0.00382132,0.0975057,7528.81
920110.BJ,20260820,400.0,25.84,10336.0,25.78,0.00246321,0.359766,1623.9
920108.BJ,20260820,1521.0,9.21,14008.41,9.12,0.00208449,0.250428,7296.77
920107.BJ,20260820,52868.0,21.8,1152522.4,22.14,0.280125,0.433395,1887.3
920106.BJ,20260820,316.0,36.27,11461.32,36.07,0.000723743,0.0604042,4366.19
920101.BJ,20260820,0.0,,0.0,16.54,0.0,0.0,3894.6
920100.BJ,20260820,1500.0,32.49,48735.0,32.38,0.00547481,0.069354,2739.82
920099.BJ,20260820,9157.0,17.78,162811.46,17.82,0.0155379,1.07161,5893.34
920098.BJ,20260820,4900.0,17.05,83545.0,17.07,0.00884865,0.672049,5537.57
920096.BJ,20260820,0.0,,0.0,35.34,0.0,0.0,1620.0
920092.BJ,20260820,22935.0,28.09,644244.15,28.1,0.0695914,0.596441,3295.67
920091.BJ,20260820,1835.0,29.21,53600.35,29.37,0.012655,0.215047,1450.02
920090.BJ,20260820,13675.0,3.75,51281.25,3.68,0.00918199,0.362916,14893.3
920089.BJ,20260820,1200.0,9.97,11964.0,10.0,0.00107564,0.134684,11156.2
920037.BJ,20260820,0.0,,0.0,39.75,0.0,0.0,7828.79
920036.BJ,20260820,0.0,,0.0,28.71,0.0,0.0,1306.13
920035.BJ,20260820,2000.0,23.45,46900.0,23.45,0.0127091,0.268405,1573.68
920033.BJ,20260820,400.0,14.12,5648.0,14.03,0.000482904,0.0569523,8283.23
301696.SZ,20260820,13300.0,102.0,1356600.0,100.75,0.0442105,0.365369,3008.34
301687.SZ,20260820,7849.0,50.29,394726.21,49.3,0.0251951,0.226701,3115.28
301683.SZ,20260820,17200.0,99.98,1719656.0,99.0,0.120569,1.76711,1426.56
301682.SZ,20260820,7400.0,124.66,922484.0,123.11,0.0288085,0.38055,2568.68
301680.SZ,20260820,300.0,91.5,27450.0,90.73,0.00178545,0.02082,1680.25
301678.SZ,20260820,14500.0,45.49,659605.0,44.6,0.0104338,0.506744,13897.1
301677.SZ,20260820,19400.0,56.3,1092220.0,56.4,0.090485,0.409868,2144.0
301669.SZ,20260820,6400.0,28.73,183872.0,28.3,0.0078156,0.0786936,8188.75
301668.SZ,20260820,14900.0,34.7,517030.0,34.44,0.0612449,0.655895,2432.86
301667.SZ,20260820,20400.0,65.52,1336608.0,66.18,0.0859679,0.570736,2372.98
301666.SZ,20260820,28600.0,427.48,12225928.0,416.8,0.107858,0.81458,2651.63
301665.SZ,20260820,23900.0,23.65,565235.0,23.32,0.0229433,0.672051,10417.0
301662.SZ,20260820,3500.0,67.6,236600.0,67.08,0.00784894,0.152901,4459.2
301658.SZ,20260820,2100.0,23.73,49833.0,23.57,0.00215569,0.0466716,9741.67
301656.SZ,20260820,3500.0,16.64,58240.0,16.56,0.00171881,0.0593441,20362.9
301655.SZ,20260820,1693382.0,40.0,67735280.0,8.5,,,
301638.SZ,20260820,19600.0,22.15,434140.0,21.95,0.00783267,0.150279,25023.4
301636.SZ,20260820,3100.0,38.93,120683.0,38.61,0.00821226,0.362583,3774.84
301633.SZ,20260820,2100.0,53.58,112518.0,53.4,0.00823186,0.22601,2551.06
301632.SZ,20260820,52700.0,14.02,738854.0,14.14,0.0286705,0.811423,18381.2
301631.SZ,20260820,25100.0,67.53,1695003.0,67.25,0.0575761,0.518274,4359.44
301630.SZ,20260820,500.0,168.24,84120.0,167.11,0.00305359,0.0372054,1637.42
301629.SZ,20260820,1800.0,256.0,460800.0,251.39,0.00937693,0.182342,1919.61
301628.SZ,20260820,15200.0,89.88,1366176.0,88.28,0.0545276,0.449355,2787.58
301626.SZ,20260820,8100.0,258.92,2097252.0,257.94,0.0153937,0.246164,5261.9
301622.SZ,20260820,14000.0,40.42,565880.0,40.05,0.0216519,1.21855,6465.94
301618.SZ,20260820,69100.0,35.06,2422646.0,36.2,0.143506,3.04164,4815.14
301707.SZ,20260820,133868.0,83.58,11188687.44,86.1,0.494844,1.64005,2705.26
301717.SZ,20260820,109800.0,383.0,42053400.0,383.0,0.63008,1.70643,1742.64
302132.SZ,20260820,38900.0,57.4,2232860.0,57.02,0.00663744,0.411152,58606.9
920016.BJ,20260820,1418.0,12.75,18079.5,12.75,0.00414169,0.20773,3423.72
920030.BJ,20260820,7967.0,4.37,34815.79,4.37,0.00708341,0.64482,11247.4
920029.BJ,20260820,400.0,34.57,13828.0,34.76,0.000198644,0.0344604,20136.5
920028.BJ,20260820,8046.0,14.33,115299.18,14.12,0.0123862,0.667511,6495.96
920027.BJ,20260820,0.0,,0.0,11.5,0.0,0.0,7204.89
920026.BJ,20260820,2000.0,18.99,37980.0,18.81,0.00230888,0.114661,8662.21
920023.BJ,20260820,113695.0,1.9,216020.5,1.92,0.0422959,1.28201,26880.9
920022.BJ,20260820,101.0,19.18,1937.18,19.18,0.000607884,0.0542388,1661.5
920021.BJ,20260820,58734.0,6.56,385295.04,6.51,0.0237257,0.3471,24755.5
920020.BJ,20260820,0.0,,0.0,15.19,0.0,0.0,5560.09
920019.BJ,20260820,200.0,14.61,2922.0,14.46,0.000119378,0.010996,16753.6
920018.BJ,20260820,5326.0,14.85,79091.1,14.81,0.00926407,0.263667,5749.09
920017.BJ,20260820,62565.0,17.21,1076743.65,16.75,0.0510443,1.3503,12257.0
920015.BJ,20260820,2790.0,39.96,111488.4,39.71,0.00697283,0.131738,4001.24
920000.BJ,20260820,5200.0,13.71,71292.0,13.65,0.00902873,0.44718,5759.39
920014.BJ,20260820,18257.0,8.84,161391.88,8.7,0.02723,1.07564,6704.73
920012.BJ,20260820,10832.0,57.8,626089.6,58.5,0.0561316,0.51884,1929.75
920011.BJ,20260820,7130.0,19.2,136896.0,19.2,0.0383333,0.568243,1860.0
920010.BJ,20260820,82683.0,8.4,694537.2,8.49,0.0474579,1.46284,17422.4
920009.BJ,20260820,4150.0,36.2,150230.0,35.22,0.0411706,0.961084,1008.0
920008.BJ,20260820,200.0,19.18,3836.0,19.24,0.000587049,0.0272232,3406.87
920007.BJ,20260820,300.0,36.5,10950.0,36.33,0.00256273,0.184607,1170.62
920006.BJ,20260820,30940.0,15.94,493183.6,16.14,0.0647319,2.11215,4779.71
920005.BJ,20260820,1000.0,23.68,23680.0,23.5,0.00261017,0.185188,3831.17
920003.BJ,20260820,2900.0,16.45,47705.0,16.43,0.0148974,0.890884,1946.64
920002.BJ,20260820,5047.0,55.0,277585.0,55.02,0.0113169,0.236861,4459.72
920001.BJ,20260820,2600.0,11.8,30680.0,11.81,0.0028872,0.160711,9005.25
300810.SZ,20260820,1200.0,23.29,27948.0,23.22,0.00105259,0.0785217,11400.4
300809.SZ,20260820,26200.0,23.81,623822.0,23.41,0.0174006,0.293699,15057.0
300808.SZ,20260820,13800.0,19.3,266340.0,19.19,0.0116064,0.64585,11890.0
300115.SZ,20260820,137997.0,25.67,3542382.99,25.6,0.0101668,0.337153,135733.0
300112.SZ,20260820,25600.0,8.52,218112.0,8.49,0.0107747,0.138325,23759.3
300111.SZ,20260820,153900.0,3.05,469395.0,2.98,0.0119561,0.4069,128721.0
300110.SZ,20260820,307200.0,2.89,887808.0,2.83,0.0260079,0.782464,118118.0
300109.SZ,20260820,1311134.0,14.98,19640787.32,13.32,0.253357,17.1069,51750.6
300107.SZ,20260820,19200.0,6.38,122496.0,6.25,0.00552125,0.195662,34774.7
300106.SZ,20260820,120900.0,9.98,1206582.0,9.78,0.0572085,0.619314,21133.2
300105.SZ,20260820,59300.0,7.74,458982.0,7.67,0.0115036,0.154451,51549.2
300103.SZ,20260820,22700.0,7.8,177060.0,7.68,0.00715327,0.424938,31733.7
300102.SZ,20260820,230700.0,18.28,4217196.0,17.87,0.0251877,0.466154,91592.4
300101.SZ,20260820,22100.0,14.23,314483.0,13.99,0.00390474,0.275298,56597.9
300100.SZ,20260820,40200.0,21.48,863496.0,21.2,0.00720957,0.511083,55759.3
300099.SZ,20260820,2500.0,5.9,14750.0,5.89,0.000430057,0.0188584,58131.8
300098.SZ,20260820,72600.0,4.43,321618.0,4.39,0.00470896,0.205726,154174.0
300097.SZ,20260820,236500.0,9.9,2341350.0,9.96,0.0896409,1.16832,26383.0
300096.SZ,20260820,14000.0,9.31,130340.0,9.3,0.00325582,0.26265,42999.9
300095.SZ,20260820,31600.0,7.97,251852.0,7.83,0.00994742,0.530622,31767.0
300094.SZ,20260820,1159800.0,2.88,3340224.0,2.88,0.10491,1.65312,110552.0
300093.SZ,20260820,32900.0,23.01,757029.0,22.79,0.0142438,0.23001,23097.8
300092.SZ,20260820,36500.0,11.55,421575.0,11.44,0.017392,0.629968,20986.6
300091.SZ,20260820,1000.0,2.51,2510.0,2.51,6.11463e-05,0.0180798,163542.0
300088.SZ,20260820,498200.0,7.29,3631878.0,7.2,0.0200442,0.364056,248550.0
300087.SZ,20260820,837100.0,5.52,4620792.0,5.62,0.0927744,3.45139,90229.6
300086.SZ,20260820,134300.0,6.85,919955.0,6.64,0.030476,0.61145,44067.5
300085.SZ,20260820,69400.0,28.71,1992474.0,28.38,0.010644,0.182303,65201.3
300084.SZ,20260820,25400.0,10.48,266192.0,10.34,0.00539342,0.189176,47094.4
300083.SZ,20260820,172000.0,12.93,2223960.0,12.73,0.0115272,0.201746,149212.0
300082.SZ,20260820,66800.0,7.55,504340.0,7.5,0.0098499,1.29474,67818.0
300113.SZ,20260820,58300.0,16.95,988185.0,16.73,0.0114534,0.177456,50902.0
300118.SZ,20260820,130000.0,9.77,1270100.0,9.67,0.0140265,0.408522,92682.0
300080.SZ,20260820,29800.0,3.67,109366.0,3.64,0.00159288,0.24086,187083.0
300119.SZ,20260820,27000.0,18.77,506790.0,18.41,0.00809296,0.293226,33362.3
300146.SZ,20260820,47200.0,9.78,461616.0,9.7,0.00421121,0.337524,112082.0
300145.SZ,20260820,259800.0,4.06,1054788.0,4.01,0.0135962,0.385427,191083.0
300144.SZ,20260820,28000.0,5.9,165200.0,5.89,0.0010846,0.114425,258160.0
300143.SZ,20260820,279800.0,7.88,2204824.0,7.67,0.0336196,1.00222,83225.2
300142.SZ,20260820,13200408.0,15.12,199590168.96,12.6,0.845907,19.0905,156050.0
300141.SZ,20260820,73800.0,9.91,731358.0,9.72,0.0289845,0.876598,25461.9
300140.SZ,20260820,22400.0,5.3,118720.0,5.28,0.000723686,0.175261,309527.0
300139.SZ,20260820,2346359.0,50.77,119124646.43,46.68,1.00418,5.42112,23365.9
300138.SZ,20260820,26900.0,11.17,300473.0,11.07,0.00675348,0.380182,39831.3
300137.SZ,20260820,216300.0,11.8,2552340.0,11.67,0.0408087,0.891154,53003.4
300136.SZ,20260820,408886.0,61.54,25162844.44,60.33,0.0495499,0.724057,82520.0
300135.SZ,20260820,92200.0,3.25,299650.0,3.22,0.0100043,0.618932,92160.0
300134.SZ,20260820,76700.0,7.88,604396.0,7.79,0.00999351,0.503224,76749.8
300133.SZ,20260820,114700.0,6.7,768490.0,6.65,0.00689741,0.205535,166294.0
300132.SZ,20260820,154800.0,6.33,979884.0,6.21,0.0304676,1.09109,50808.1
300131.SZ,20260820,326200.0,16.26,5304012.0,15.89,0.0312971,0.429439,104227.0
300130.SZ,20260820,19800.0,18.18,359964.0,17.93,0.00456045,0.162114,43416.8
300129.SZ,20260820,671400.0,7.64,5129496.0,7.56,0.0934173,3.23416,71871.0
300128.SZ,20260820,59300.0,4.45,263885.0,4.38,0.00457045,0.252674,129747.0
300127.SZ,20260820,24600.0,25.07,616722.0,24.71,0.0106578,0.495098,23081.6
300126.SZ,20260820,27500.0,6.29,172975.0,6.25,0.0130548,0.6857,21065.0
300125.SZ,20260820,30500.0,8.26,251930.0,8.13,0.00845319,0.336836,36081.0
300124.SZ,20260820,77735.0,59.76,4645443.6,59.75,0.0032251,0.325342,241031.0
300123.SZ,20260820,189800.0,4.4,835120.0,4.37,0.0190942,0.700762,99402.0
300122.SZ,20260820,9182596.0,14.47,132872164.12,12.07,0.649265,32.2691,141431.0
300121.SZ,20260820,78600.0,9.63,756918.0,9.46,0.0183043,0.663679,42940.7
300120.SZ,20260820,320100.0,8.87,2839287.0,8.7,0.0606886,0.365791,52744.7
300081.SZ,20260820,157600.0,2.98,469648.0,2.91,0.0260633,1.73318,60468.1
300079.SZ,20260820,32200.0,4.31,138782.0,4.29,0.00251272,0.159581,128148.0
300012.SZ,20260820,302900.0,15.28,4628312.0,15.04,0.021153,0.625985,143195.0
300046.SZ,20260820,199200.0,25.9,5159280.0,26.14,0.0842172,2.43634,23653.1
300044.SZ,20260820,72400.0,5.06,366344.0,5.06,0.0101205,0.528531,71537.8
300043.SZ,20260820,117900.0,4.5,530550.0,4.42,0.009481,0.367806,124354.0
300042.SZ,20260820,95200.0,40.56,3861312.0,39.86,0.0475094,0.477315,20038.2
300041.SZ,20260820,72800.0,10.92,794976.0,10.79,0.0133719,0.324033,54442.4
300040.SZ,20260820,49100.0,5.81,285271.0,5.79,0.0094902,0.0929289,51737.6
300039.SZ,20260820,459600.0,5.85,2688660.0,5.63,0.050124,0.587233,91692.6
300037.SZ,20260820,35500.0,64.27,2281585.0,64.15,0.00649256,0.224236,54677.9
300036.SZ,20260820,18000.0,10.92,196560.0,10.84,0.00404447,0.183255,44505.3
300035.SZ,20260820,806600.0,14.63,11800558.0,14.69,0.13827,3.55873,58335.1
300034.SZ,20260820,59600.0,15.41,918436.0,15.38,0.00776996,0.520249,76705.7
300033.SZ,20260820,27500.0,223.92,6157800.0,223.0,0.00627265,0.221747,43841.1
300032.SZ,20260820,62300.0,3.63,226149.0,3.6,0.00775677,0.412227,80317.0
300031.SZ,20260820,48300.0,21.26,1026858.0,20.87,0.0137254,0.3378,35190.2
300030.SZ,20260820,24500.0,6.83,167335.0,6.7,0.00899982,0.278888,27222.8
300027.SZ,20260820,80000.0,1.77,141600.0,1.76,0.00321924,0.26609,248506.0
300026.SZ,20260820,2221548.0,3.49,7753202.52,3.41,0.0740189,1.51444,300133.0
300025.SZ,20260820,32000.0,5.18,165760.0,5.11,0.00631595,0.243266,50665.4
300024.SZ,20260820,299600.0,15.24,4565904.0,15.25,0.0191415,0.574934,156519.0
300022.SZ,20260820,12200.0,8.19,99918.0,8.1,0.00246851,0.170711,49422.6
300021.SZ,20260820,402700.0,3.97,1598719.0,3.95,0.0461077,1.50096,87338.9
300020.SZ,20260820,6200.0,3.33,20646.0,3.31,0.000808783,0.0725935,76658.4
300019.SZ,20260820,10700.0,14.77,158039.0,14.62,0.0029028,0.132332,36861.0
300018.SZ,20260820,16400.0,11.31,185484.0,11.17,0.0045143,0.119797,36329.0
300017.SZ,20260820,2514700.0,16.18,40687846.0,15.65,0.106264,0.805224,236647.0
300016.SZ,20260820,292400.0,8.6,2514640.0,8.3,0.0520133,1.28311,56216.4
300015.SZ,20260820,240998.0,8.51,2050892.98,8.43,0.00302869,0.358882,795717.0
300014.SZ,20260820,407800.0,56.2,22918360.0,55.4,0.0193043,1.10622,211249.0
300045.SZ,20260820,80800.0,12.85,1038280.0,12.62,0.0156494,0.500426,51631.3
300047.SZ,20260820,11900.0,9.04,107576.0,9.03,0.00204969,0.0604123,58057.6
300078.SZ,20260820,38700.0,3.08,119196.0,3.03,0.00347594,0.164165,111337.0
300048.SZ,20260820,150900.0,4.98,751482.0,4.87,0.0133512,1.19522,113023.0
300077.SZ,20260820,61400.0,19.68,1208352.0,19.37,0.0108418,0.146506,56632.8
300076.SZ,20260820,20000.0,4.39,87800.0,4.4,0.00471698,0.314308,42400.0
300075.SZ,20260820,36200.0,10.75,389150.0,10.68,0.00702315,0.148496,51543.8
300074.SZ,20260820,29300.0,3.75,109875.0,3.73,0.00532883,0.203905,54983.9
300073.SZ,20260820,33500.0,41.0,1373500.0,40.71,0.00662093,0.321217,50597.1
300072.SZ,20260820,174800.0,3.63,634524.0,3.62,0.00749777,0.388783,233136.0
300071.SZ,20260820,200200.0,4.02,804804.0,3.95,0.0211773,0.252418,94535.1
300070.SZ,20260820,29200.0,3.38,98696.0,3.38,0.00085013,0.108293,343477.0
300069.SZ,20260820,571700.0,32.76,18728892.0,34.66,0.488632,6.23936,11700.0
300068.SZ,20260820,219000.0,3.95,865050.0,3.93,0.0256536,0.556674,85368.2
300067.SZ,20260820,173200.0,5.19,898908.0,5.14,0.0184793,0.208003,93726.4
300066.SZ,20260820,30300.0,4.96,150288.0,4.9,0.00303577,0.203586,99809.9
300065.SZ,20260820,358300.0,16.18,5797294.0,15.61,0.0545445,0.773699,65689.5
300063.SZ,20260820,102000.0,9.03,921060.0,8.88,0.0162805,0.140975,62651.7
300062.SZ,20260820,93700.0,6.33,593121.0,6.21,0.0204425,0.285658,45835.8
300061.SZ,20260820,9300.0,6.26,58218.0,6.2,0.00149477,0.057909,62217.0
300059.SZ,20260820,690340.0,18.78,12964585.2,18.73,0.00516981,0.303175,1335330.0
300058.SZ,20260820,1315300.0,13.93,18322129.0,13.74,0.0378185,0.30454,347793.0
300057.SZ,20260820,81600.0,6.45,526320.0,6.36,0.00981978,0.303358,83097.6
300056.SZ,20260820,2900.0,8.42,24418.0,8.4,0.000752859,0.0240511,38519.8
300055.SZ,20260820,7800.0,5.87,45786.0,5.76,0.00123252,0.0604553,63284.9
300054.SZ,20260820,133900.0,75.6,10122840.0,74.54,0.0179902,0.409625,74429.5
300053.SZ,20260820,196700.0,12.14,2387938.0,11.9,0.0302235,1.0694,65081.9
300052.SZ,20260820,39200.0,10.79,422968.0,10.72,0.0149703,0.168381,26185.1
300051.SZ,20260820,41800.0,8.24,344432.0,8.11,0.0113768,0.115889,36741.6
300050.SZ,20260820,111400.0,6.75,751950.0,6.62,0.0204586,0.437653,54451.4
300049.SZ,20260820,27500.0,41.51,1141525.0,41.06,0.0117728,0.270362,23359.0
300147.SZ,20260820,131500.0,7.14,938910.0,6.93,0.0200041,1.4393,65736.7
300148.SZ,20260820,38600.0,3.34,128924.0,3.31,0.00474135,0.176172,81411.5
300149.SZ,20260820,440100.0,10.98,4832298.0,10.28,0.0913857,0.936056,48158.5
300246.SZ,20260820,383100.0,18.58,7117998.0,18.58,0.181143,1.81657,21149.0
300244.SZ,20260820,407200.0,20.39,8302808.0,19.42,0.081203,1.42787,50145.9
300243.SZ,20260820,1111300.0,18.66,20736858.0,18.81,0.496895,2.35207,22364.9
300242.SZ,20260820,50500.0,4.06,205030.0,4.03,0.00795833,0.219782,63455.5
300241.SZ,20260820,123300.0,5.75,708975.0,5.67,0.0205342,0.493314,60046.1
300240.SZ,20260820,142800.0,6.13,875364.0,5.98,0.0393022,1.41141,36333.9
300239.SZ,20260820,73300.0,5.1,373830.0,5.01,0.0124284,0.928521,58977.7
300238.SZ,20260820,205100.0,12.79,2623229.0,11.64,0.0773571,2.3142,26513.4
300237.SZ,20260820,56100.0,1.94,108834.0,1.93,0.0038907,0.444841,144190.0
300236.SZ,20260820,37600.0,95.01,3572376.0,93.85,0.0134985,0.366022,27855.0
300235.SZ,20260820,23000.0,10.7,246100.0,10.51,0.0113226,0.334832,20313.3
300234.SZ,20260820,59400.0,8.98,533412.0,8.9,0.0172681,0.347057,34398.7
300233.SZ,20260820,120800.0,14.14,1708112.0,13.77,0.032665,0.696126,36981.5
300232.SZ,20260820,7700.0,4.98,38346.0,4.96,0.000866629,0.0543643,88850.0
300231.SZ,20260820,18100.0,8.09,146429.0,8.03,0.00406994,0.114592,44472.4
300230.SZ,20260820,96900.0,4.24,410856.0,4.2,0.0153853,1.26942,62982.2
300229.SZ,20260820,175400.0,13.59,2383686.0,13.35,0.0200912,0.611721,87301.9
300228.SZ,20260820,35700.0,7.23,258111.0,7.15,0.0063875,0.256381,55890.4
300227.SZ,20260820,41600.0,11.5,478400.0,11.25,0.00911571,0.168103,45635.5
300226.SZ,20260820,39100.0,15.71,614261.0,15.57,0.0106338,0.543908,36769.7
300225.SZ,20260820,25000.0,7.39,184750.0,7.3,0.0052961,0.169844,47204.6
300224.SZ,20260820,31800.0,11.02,350436.0,10.89,0.00342941,0.247469,92727.4
300223.SZ,20260820,293700.0,140.0,41118000.0,137.25,0.0694435,0.710782,42293.3
300222.SZ,20260820,49500.0,10.1,499950.0,9.95,0.0075907,0.228899,65211.4
300221.SZ,20260820,16300.0,12.95,211085.0,12.85,0.003528,0.0876873,46201.8
300220.SZ,20260820,12900.0,10.69,137901.0,10.58,0.00854195,0.555269,15101.9
300219.SZ,20260820,17600.0,6.77,119152.0,6.7,0.00249066,0.128952,70664.1
300218.SZ,20260820,500.0,12.38,6190.0,12.32,0.000231186,0.020423,21627.6
300245.SZ,20260820,23100.0,5.45,125895.0,5.4,0.00786641,0.464391,29365.4
300247.SZ,20260820,1900.0,3.64,6916.0,3.63,0.000236607,0.00787986,80302.0
300150.SZ,20260820,22900.0,4.27,97783.0,4.19,0.00493893,0.475184,46366.3
300248.SZ,20260820,54400.0,8.59,467296.0,8.59,0.0132994,0.344578,40904.2
300277.SZ,20260820,30500.0,11.98,365390.0,11.7,0.00398459,0.265883,76544.8
300276.SZ,20260820,51100.0,6.46,330106.0,6.41,0.00483387,0.126199,105712.0
300275.SZ,20260820,2400.0,8.81,21144.0,8.64,0.000884103,0.0326118,27146.1
300274.SZ,20260820,128100.0,112.96,14470176.0,111.49,0.00806916,0.256308,158753.0
300272.SZ,20260820,85800.0,5.96,511368.0,5.83,0.0184726,0.451131,46447.2
300271.SZ,20260820,6500.0,5.31,34515.0,5.31,0.000818263,0.049004,79436.6
300270.SZ,20260820,60900.0,12.14,739326.0,12.03,0.0233396,0.305476,26093.0
300269.SZ,20260820,17100.0,4.71,80541.0,4.67,0.00325314,0.125434,52564.5
300268.SZ,20260820,43300.0,11.62,503146.0,11.69,0.0323841,0.678706,13370.8
300267.SZ,20260820,174300.0,3.25,566475.0,3.17,0.0122542,0.509983,142237.0
300266.SZ,20260820,12200.0,1.82,22204.0,1.8,0.000785556,0.0528307,155304.0
300265.SZ,20260820,69400.0,13.75,954250.0,13.53,0.0148513,0.311597,46730.0
300264.SZ,20260820,22400.0,6.48,145152.0,6.36,0.00604774,0.182328,37038.6
300263.SZ,20260820,471900.0,10.06,4747314.0,9.86,0.0483738,0.897913,97552.8
300261.SZ,20260820,28700.0,5.04,144648.0,4.99,0.00304403,0.160818,94283.0
300260.SZ,20260820,58400.0,59.12,3452608.0,57.96,0.0203034,0.329489,28763.7
300259.SZ,20260820,180799.0,4.03,728619.97,3.96,0.0156558,0.430797,115484.0
300258.SZ,20260820,46900.0,9.89,463841.0,9.8,0.00822964,0.460936,56989.1
300257.SZ,20260820,23200.0,17.51,406232.0,17.21,0.00243011,0.221056,95469.0
300256.SZ,20260820,33100.0,2.59,85729.0,2.6,0.00147544,0.181835,224339.0
300255.SZ,20260820,228200.0,25.65,5853330.0,25.02,0.0248686,0.458248,91762.3
300254.SZ,20260820,147200.0,8.9,1310080.0,8.73,0.0647494,0.835457,22733.8
300253.SZ,20260820,216400.0,7.2,1558080.0,7.06,0.0116681,0.336268,185462.0
300252.SZ,20260820,98700.0,11.22,1107414.0,11.02,0.0176643,0.392709,55875.4
300251.SZ,20260820,88500.0,10.9,964650.0,10.85,0.00318877,0.19934,277537.0
300250.SZ,20260820,13900.0,14.91,207249.0,14.74,0.00882963,0.16911,15742.4
300249.SZ,20260820,40000.0,12.6,504000.0,12.38,0.0106921,0.163148,37411.0
300217.SZ,20260820,54500.0,4.31,234895.0,4.26,0.0044419,0.219297,122695.0
300215.SZ,20260820,2500.0,5.96,14900.0,5.95,0.000333736,0.0231222,74909.4
300214.SZ,20260820,419300.0,11.42,4788406.0,11.36,0.0901909,0.687575,46490.3
300213.SZ,20260820,34800.0,6.11,212628.0,6.06,0.00629761,0.224137,55259.1
300179.SZ,20260820,178700.0,36.14,6458218.0,35.78,0.0477831,0.407151,37398.2
300177.SZ,20260820,74300.0,6.12,454716.0,6.08,0.0122546,0.85255,60630.3
300176.SZ,20260820,0.0,,0.0,5.23,,,
300175.SZ,20260820,78900.0,5.98,471822.0,6.0,0.0167587,0.650888,47080.0
300174.SZ,20260820,40000.0,19.56,782400.0,19.22,0.0110438,0.19922,36219.5
300173.SZ,20260820,7800.0,3.2,24960.0,3.18,0.00106162,0.173294,73472.6
300172.SZ,20260820,15400.0,4.55,70070.0,4.53,0.00294167,0.143823,52351.2
300171.SZ,20260820,965200.0,14.8,14284960.0,13.31,0.171543,4.37301,56265.7
300170.SZ,20260820,198400.0,15.99,3172416.0,15.7,0.0199642,0.292841,99377.8
300169.SZ,20260820,38700.0,5.57,215559.0,5.52,0.0128258,0.379354,30173.6
300168.SZ,20260820,32200.0,4.97,160034.0,4.93,0.00223738,0.168151,143918.0
300167.SZ,20260820,56800.0,4.31,244808.0,4.35,0.0160413,0.419217,35408.5
300166.SZ,20260820,318400.0,13.49,4295216.0,13.2,0.0351528,0.483535,90575.9
300165.SZ,20260820,117400.0,5.01,588174.0,4.9,0.0279168,0.810886,42053.5
300164.SZ,20260820,2367200.0,10.6,25092320.0,10.96,0.405891,1.613,58321.1
300163.SZ,20260820,98700.0,6.65,656355.0,6.62,0.0216165,0.307325,45659.6
300162.SZ,20260820,54400.0,7.65,416160.0,7.52,0.0158989,0.220062,34216.2
300161.SZ,20260820,35900.0,27.5,987250.0,26.96,0.0184108,0.313544,19499.4
300160.SZ,20260820,21700.0,4.3,93310.0,4.26,0.00284717,0.365695,76216.0
300159.SZ,20260820,280400.0,2.86,801944.0,2.86,0.0152197,0.664304,184235.0
300158.SZ,20260820,1039000.0,5.62,5839180.0,5.43,0.104791,2.28722,99149.3
300157.SZ,20260820,189700.0,3.84,728448.0,3.82,0.0258644,0.440609,73344.1
300155.SZ,20260820,1258600.0,4.45,5600770.0,4.64,0.382039,8.33705,32944.3
300154.SZ,20260820,39900.0,11.79,470421.0,11.79,0.0126605,0.190453,31515.4
300153.SZ,20260820,278200.0,23.33,6490406.0,22.21,0.0873936,2.20449,31833.0
300152.SZ,20260820,213400.0,1.59,339306.0,1.59,0.0299394,0.941809,71277.3
300151.SZ,20260820,46300.0,15.78,730614.0,15.51,0.0125577,0.299459,36869.8
300180.SZ,20260820,54900.0,4.16,228384.0,4.12,0.00320552,0.259574,171267.0
300181.SZ,20260820,180400.0,14.59,2632036.0,14.42,0.0299215,0.519081,60291.1
300182.SZ,20260820,210000.0,4.84,1016400.0,4.79,0.00929464,0.171556,225937.0
300198.SZ,20260820,162500.0,2.3,373750.0,2.3,0.0158616,1.132,102449.0
300212.SZ,20260820,101100.0,8.75,884625.0,8.63,0.0144736,0.565631,69851.2
300211.SZ,20260820,190200.0,7.24,1377048.0,7.24,0.0637225,5.1562,29848.2
300210.SZ,20260820,13500.0,8.41,113535.0,8.3,0.00278799,0.156492,48422.0
300209.SZ,20260820,695000.0,32.19,22372050.0,32.51,0.0935512,0.469733,74290.9
300207.SZ,20260820,105600.0,17.85,1884960.0,17.72,0.00616129,0.284297,171393.0
300206.SZ,20260820,31000.0,11.94,370140.0,11.78,0.00916131,0.635261,33838.0
300205.SZ,20260820,1300.0,4.76,6188.0,4.77,0.000302286,0.0488848,43005.6
300204.SZ,20260820,280500.0,23.88,6698340.0,22.91,0.0618298,0.737552,45366.4
300203.SZ,20260820,3900.0,12.7,49530.0,12.7,0.000869854,0.0375361,44835.1
300201.SZ,20260820,220700.0,14.62,3226634.0,14.35,0.0219897,0.619333,100365.0
300200.SZ,20260820,22900.0,8.77,200833.0,8.61,0.00540247,0.209929,42388.0
300199.SZ,20260820,232400.0,24.51,5696124.0,23.8,0.0311876,0.431572,74516.7
300197.SZ,20260820,534100.0,2.0,1068200.0,2.0,0.0180121,0.249556,296522.0
300183.SZ,20260820,9900.0,10.13,100287.0,10.03,0.00266826,0.226121,37102.9
300196.SZ,20260820,40900.0,17.9,732110.0,17.61,0.0165567,0.244174,24703.0
300195.SZ,20260820,7200.0,5.42,39024.0,5.37,0.00229398,0.0931892,31386.5
300194.SZ,20260820,417100.0,4.02,1676742.0,3.96,0.0430735,1.33146,96834.4
300193.SZ,20260820,110500.0,7.68,848640.0,7.62,0.0263487,2.44203,41937.6
300192.SZ,20260820,111700.0,14.4,1608480.0,14.15,0.0245257,0.551863,45544.0
300191.SZ,20260820,157400.0,32.0,5036800.0,32.08,0.0711589,1.03469,22119.5
300190.SZ,20260820,33500.0,3.6,120600.0,3.6,0.00354782,0.232108,94424.2
300189.SZ,20260820,9664300.0,5.93,57309299.0,6.24,1.09047,3.69746,88625.0
300188.SZ,20260820,10900.0,10.25,111725.0,10.21,0.0012741,0.0912302,85550.9
300187.SZ,20260820,47300.0,4.57,216161.0,4.51,0.00736327,0.338659,64237.8
300185.SZ,20260820,135900.0,2.66,361494.0,2.65,0.00353312,0.242358,384646.0
300184.SZ,20260820,305300.0,12.05,3678865.0,11.86,0.0290201,0.487796,105203.0
300013.SZ,20260820,5000.0,3.93,19650.0,3.93,0.000896502,0.0327286,55772.3
300011.SZ,20260820,146000.0,6.06,884760.0,6.15,0.0287823,1.99481,50725.6
300279.SZ,20260820,46500.0,5.55,258075.0,5.45,0.00954935,0.550596,48694.4
163412.SZ,20260820,0.0,,0.0,4.086,,0.0,
163407.SZ,20260820,800.0,2.689,2151.2,2.68,,0.276232,
163406.SZ,20260820,28900.0,2.408,69591.2,2.387,,1.09269,
163402.SZ,20260820,2000.0,0.881,1762.0,0.878,,0.031729,
163302.SZ,20260820,0.0,,0.0,1.095,,0.0,
163208.SZ,20260820,31200.0,1.394,43492.8,1.398,,1.29585,
163118.SZ,20260820,2400.0,0.695,1668.0,0.69,,0.976895,
163116.SZ,20260820,0.0,,0.0,1.998,,0.0,
163115.SZ,20260820,0.0,,0.0,1.105,,0.0,
163114.SZ,20260820,0.0,,0.0,1.245,,0.0,
163113.SZ,20260820,0.0,,0.0,0.908,,0.0,
163111.SZ,20260820,0.0,,0.0,1.518,,0.0,
163110.SZ,20260820,0.0,,0.0,2.322,,0.0,
163109.SZ,20260820,100.0,0.779,77.9,0.779,,0.0422601,
163005.SZ,20260820,0.0,,0.0,1.025,,,
163003.SZ,20260820,0.0,,0.0,0.672,,0.0,
163001.SZ,20260820,200.0,1.475,295.0,1.474,,0.340627,
162721.SZ,20260820,0.0,,0.0,1.256,,0.0,
162720.SZ,20260820,0.0,,0.0,1.402,,0.0,
162719.SZ,20260820,145508.0,3.048,443508.384,3.048,,1.62913,
162715.SZ,20260820,0.0,,0.0,1.194,,0.0,
162712.SZ,20260820,0.0,,0.0,1.421,,0.0,
162711.SZ,20260820,0.0,,0.0,1.862,,0.0,
162703.SZ,20260820,190800.0,2.36,450288.0,2.362,,5.45354,
162607.SZ,20260820,0.0,,0.0,0.49,,0.0,
162605.SZ,20260820,800.0,1.623,1298.4,1.622,,0.0310806,
162509.SZ,20260820,0.0,,0.0,0.992,,0.0,
162415.SZ,20260820,75748.0,2.886,218608.728,2.838,,5.44551,
163409.SZ,20260820,0.0,,0.0,1.509,,0.0,
163415.SZ,20260820,10100.0,5.145,51964.5,5.145,,1.01532,
162412.SZ,20260820,2000.0,0.603,1206.0,0.599,,0.120527,
163417.SZ,20260820,10000.0,2.11,21100.0,2.093,,0.216202,
165508.SZ,20260820,0.0,,0.0,2.202,,0.0,
165313.SZ,20260820,0.0,,0.0,4.154,,0.0,
165311.SZ,20260820,0.0,,0.0,1.735,,,
165309.SZ,20260820,0.0,,0.0,1.953,,0.0,
164906.SZ,20260820,51100.0,0.964,49260.4,0.955,,0.692406,
164902.SZ,20260820,0.0,,0.0,1.17,,0.0,
164824.SZ,20260820,63900.0,1.303,83261.7,1.296,,0.690663,
164814.SZ,20260820,0.0,,0.0,1.095,,0.0,
164810.SZ,20260820,0.0,,0.0,1.035,,0.0,
164808.SZ,20260820,0.0,,0.0,1.1,,0.0,
164705.SZ,20260820,102.0,1.138,116.076,1.138,,0.136883,
164703.SZ,20260820,0.0,,0.0,0.873,,0.0,
164701.SZ,20260820,583706.0,1.731,1010395.086,1.681,,4.28323,
164606.SZ,20260820,0.0,,0.0,1.244,,0.0,
164509.SZ,20260820,0.0,,0.0,0.73,,0.0,
164508.SZ,20260820,0.0,,0.0,1.34,,0.0,
164403.SZ,20260820,0.0,,0.0,0.922,,0.0,
164210.SZ,20260820,0.0,,0.0,1.26,,0.0,
164208.SZ,20260820,0.0,,0.0,1.414,,0.0,
164206.SZ,20260820,0.0,,0.0,1.653,,0.0,
164105.SZ,20260820,0.0,,0.0,1.619,,0.0,
163907.SZ,20260820,0.0,,0.0,0.796,,,
163821.SZ,20260820,0.0,,0.0,2.05,,0.0,
163819.SZ,20260820,0.0,,0.0,1.21,,0.0,
163801.SZ,20260820,0.0,,0.0,0.829,,0.0,
163503.SZ,20260820,0.0,,0.0,0.427,,0.0,
163418.SZ,20260820,0.0,,0.0,0.836,,0.0,
162414.SZ,20260820,0.0,,0.0,1.933,,0.0,
162411.SZ,20260820,1017500.0,0.98,997150.0,0.98,,1.09197,
300010.SZ,20260820,51200.0,2.15,110080.0,2.13,0.00307816,0.190332,166333.0
161713.SZ,20260820,0.0,,0.0,1.072,,0.0,
161631.SZ,20260820,200.0,2.773,554.6,2.772,,0.0283389,
161626.SZ,20260820,0.0,,0.0,1.083,,0.0,
161614.SZ,20260820,0.0,,0.0,1.127,,0.0,
161610.SZ,20260820,9192.0,1.776,16324.992,1.772,,11.5198,
161607.SZ,20260820,0.0,,0.0,1.195,,0.0,
161505.SZ,20260820,0.0,,0.0,1.367,,0.0,
161233.SZ,20260820,0.0,,0.0,1.803,,0.0,
161232.SZ,20260820,300.0,1.319,395.7,1.36,,0.754091,
161229.SZ,20260820,0.0,,0.0,1.372,,0.0,
161227.SZ,20260820,0.0,,0.0,1.62,,0.0,
161226.SZ,20260820,6514320.0,1.917,12487951.44,1.833,,4.74156,
161225.SZ,20260820,0.0,,0.0,2.465,,0.0,
161224.SZ,20260820,0.0,,0.0,1.359,,0.0,
161222.SZ,20260820,0.0,,0.0,2.922,,0.0,
161219.SZ,20260820,0.0,,0.0,3.169,,0.0,
161217.SZ,20260820,188.0,2.253,423.564,2.242,,0.142812,
161216.SZ,20260820,0.0,,0.0,1.392,,0.0,
161133.SZ,20260820,1800.0,1.801,3241.8,1.765,,1.70359,
161132.SZ,20260820,0.0,,0.0,2.944,,0.0,
161131.SZ,20260820,0.0,,0.0,1.049,,0.0,
161130.SZ,20260820,80114.0,4.613,369565.882,4.604,,1.58173,
161129.SZ,20260820,3341900.0,1.879,6279430.1,1.871,,0.609547,
161128.SZ,20260820,120702.0,6.98,842499.96,6.957,,0.656965,
161127.SZ,20260820,68600.0,2.241,153732.6,2.101,,4.85911,
161126.SZ,20260820,271700.0,2.2,597740.0,2.084,,17.3233,
161125.SZ,20260820,64616.0,3.244,209614.304,3.23,,0.791936,
161124.SZ,20260820,8300.0,0.885,7345.5,0.88,,0.327322,
161706.SZ,20260820,0.0,,0.0,4.009,,0.0,
161715.SZ,20260820,3675.0,2.3,8452.5,2.246,,2.61285,
162307.SZ,20260820,0.0,,0.0,1.548,,0.0,
161716.SZ,20260820,175380.0,1.656,290429.28,1.656,,1.50315,
162216.SZ,20260820,0.0,,0.0,1.698,,0.0,
162215.SZ,20260820,1100.0,1.097,1206.7,1.095,,8.76773,
162207.SZ,20260820,0.0,,0.0,1.393,,0.0,
162108.SZ,20260820,0.0,,0.0,1.358,,0.0,
162105.SZ,20260820,0.0,,0.0,1.461,,0.0,
162006.SZ,20260820,0.0,,0.0,1.788,,0.0,
161914.SZ,20260820,0.0,,0.0,0.89,,0.0,
161912.SZ,20260820,100.0,4.361,436.1,4.337,,0.0120823,
161908.SZ,20260820,0.0,,0.0,1.215,,0.0,
161903.SZ,20260820,26400.0,1.705,45012.0,1.703,,1.00985,
161837.SZ,20260820,0.0,,0.0,1.126,,0.0,
161834.SZ,20260820,0.0,,0.0,1.832,,0.0,
161831.SZ,20260820,300.0,0.734,220.2,0.73,,0.366248,
161820.SZ,20260820,2700.0,1.16,3132.0,1.16,,1.19713,
161816.SZ,20260820,0.0,,0.0,0.963,,0.0,
161815.SZ,20260820,217600.0,1.099,239142.4,1.076,,11.2272,
161812.SZ,20260820,0.0,,0.0,1.391,,0.0,
161811.SZ,20260820,0.0,,0.0,1.069,,0.0,
161810.SZ,20260820,21900.0,4.742,103849.8,4.605,,4.6273,
161729.SZ,20260820,0.0,,0.0,2.0,,0.0,
161728.SZ,20260820,0.0,,0.0,1.542,,0.0,
161727.SZ,20260820,0.0,,0.0,1.743,,0.0,
161726.SZ,20260820,553700.0,0.427,236429.9,0.417,,5.39199,
161725.SZ,20260820,214900.0,0.55,118195.0,0.55,,0.25877,
161724.SZ,20260820,0.0,,0.0,2.385,,0.0,
161722.SZ,20260820,0.0,,0.0,1.536,,0.0,
161720.SZ,20260820,0.0,,0.0,1.13,,0.0,
165509.SZ,20260820,0.0,,0.0,1.252,,0.0,
165511.SZ,20260820,0.0,,0.0,2.208,,0.0,
165512.SZ,20260820,0.0,,0.0,1.272,,0.0,
200468.SZ,20260820,0.0,,0.0,3.22,,,
200058.SZ,20260820,500.0,1.53,765.0,1.5,,,
200056.SZ,20260820,0.0,,0.0,0.51,,,
200055.SZ,20260820,0.0,,0.0,1.35,,,
200045.SZ,20260820,0.0,,0.0,3.86,,,
200037.SZ,20260820,0.0,,0.0,2.31,,,
200030.SZ,20260820,1900.0,2.76,5244.0,2.78,,,
200029.SZ,20260820,0.0,,0.0,4.01,,,
200028.SZ,20260820,900.0,11.92,10728.0,11.84,,,
200026.SZ,20260820,0.0,,0.0,8.31,,,
200025.SZ,20260820,0.0,,0.0,3.93,,,
200020.SZ,20260820,5900.0,2.45,14455.0,2.51,,,
200019.SZ,20260820,2000.0,3.17,6340.0,3.22,,,
200017.SZ,20260820,0.0,,0.0,1.41,,,
200016.SZ,20260820,0.0,,0.0,0.69,,,
200012.SZ,20260820,0.0,,0.0,1.33,,,
200011.SZ,20260820,0.0,,0.0,2.54,,,
180901.SZ,20260820,0.0,,0.0,5.317,,0.0,
180801.SZ,20260820,100.0,11.332,1133.2,11.333,,0.0339318,
180701.SZ,20260820,0.0,,0.0,3.765,,0.0,
180607.SZ,20260820,100.0,5.318,531.8,5.318,,0.0384589,
180606.SZ,20260820,0.0,,0.0,3.628,,0.0,
180605.SZ,20260820,0.0,,0.0,4.146,,0.0,
180603.SZ,20260820,0.0,,0.0,4.34,,0.0,
180602.SZ,20260820,0.0,,0.0,3.639,,0.0,
180601.SZ,20260820,0.0,,0.0,9.362,,0.0,
180503.SZ,20260820,100.0,2.962,296.2,2.962,,0.0185729,
180502.SZ,20260820,0.0,,0.0,3.476,,0.0,
200429.SZ,20260820,100.0,9.36,936.0,9.36,,,
200488.SZ,20260820,0.0,,0.0,0.56,,,
165513.SZ,20260820,48537.0,1.045,50721.165,1.013,,7.16549,
200505.SZ,20260820,0.0,,0.0,1.99,,,
300009.SZ,20260820,2619800.0,9.4,24626120.0,8.46,0.212949,6.33395,123025.0
300008.SZ,20260820,63900.0,6.05,386595.0,6.0,0.0038791,0.0977766,164729.0
300007.SZ,20260820,66800.0,32.25,2154300.0,31.62,0.0236087,0.616757,28294.6
300006.SZ,20260820,10977700.0,5.94,65207538.0,4.95,1.03973,42.9345,105582.0
300005.SZ,20260820,197500.0,11.06,2184350.0,10.82,0.0225315,0.314082,87654.9
300004.SZ,20260820,181700.0,8.3,1508110.0,8.29,0.0378547,0.371053,47999.4
300003.SZ,20260820,172700.0,12.48,2155296.0,12.2,0.0109379,0.495237,157891.0
300002.SZ,20260820,33300.0,8.03,267399.0,7.96,0.00179898,0.078793,185105.0
300001.SZ,20260820,65900.0,36.32,2393488.0,36.14,0.00639078,0.314584,103117.0
201872.SZ,20260820,0.0,,0.0,17.16,,,
200992.SZ,20260820,0.0,,0.0,1.75,,,
200869.SZ,20260820,0.0,,0.0,7.98,,,
200761.SZ,20260820,0.0,,0.0,0.88,,,
200726.SZ,20260820,0.0,,0.0,4.36,,,
200725.SZ,20260820,19000.0,5.16,98040.0,5.14,,,
200706.SZ,20260820,0.0,,0.0,2.8,,,
200625.SZ,20260820,200.0,3.36,672.0,3.38,,,
200596.SZ,20260820,0.0,,0.0,58.44,,,
200581.SZ,20260820,100.0,11.66,1166.0,11.6,,,
200570.SZ,20260820,0.0,,0.0,1.98,,,
200553.SZ,20260820,0.0,,0.0,2.8,,,
200550.SZ,20260820,0.0,,0.0,9.33,,,
200541.SZ,20260820,0.0,,0.0,1.88,,,
200539.SZ,20260820,0.0,,0.0,1.89,,,
200530.SZ,20260820,0.0,,0.0,1.58,,,
200521.SZ,20260820,0.0,,0.0,2.27,,,
200512.SZ,20260820,0.0,,0.0,2.15,,,
180501.SZ,20260820,0.0,,0.0,3.23,,0.0,
180402.SZ,20260820,0.0,,0.0,4.791,,0.0,
180401.SZ,20260820,0.0,,0.0,5.656,,0.0,
180306.SZ,20260820,0.0,,0.0,4.6,,0.0,
167302.SZ,20260820,0.0,,0.0,0.996,,0.0,
167301.SZ,20260820,51800.0,1.019,52784.2,1.021,,0.461393,
167003.SZ,20260820,0.0,,0.0,1.154,,0.0,
167002.SZ,20260820,0.0,,0.0,5.285,,0.0,
167001.SZ,20260820,0.0,,0.0,1.897,,0.0,
166401.SZ,20260820,0.0,,0.0,1.142,,0.0,
166107.SZ,20260820,0.0,,0.0,1.426,,0.0,
166105.SZ,20260820,0.0,,0.0,1.007,,0.0,
166027.SZ,20260820,0.0,,0.0,0.832,,0.0,
166025.SZ,20260820,0.0,,0.0,0.683,,0.0,
166024.SZ,20260820,0.0,,0.0,1.02,,0.0,
166023.SZ,20260820,0.0,,0.0,1.311,,0.0,
166016.SZ,20260820,0.0,,0.0,1.129,,0.0,
166011.SZ,20260820,0.0,,0.0,1.736,,0.0,
166009.SZ,20260820,0.0,,0.0,3.643,,0.0,
166008.SZ,20260820,0.0,,0.0,1.146,,0.0,
166006.SZ,20260820,0.0,,0.0,2.421,,0.0,
166001.SZ,20260820,0.0,,0.0,1.618,,0.0,
165528.SZ,20260820,0.0,,0.0,2.607,,0.0,
165525.SZ,20260820,0.0,,0.0,0.704,,0.0,
165522.SZ,20260820,0.0,,0.0,1.421,,0.0,
165521.SZ,20260820,0.0,,0.0,1.243,,0.0,
165520.SZ,20260820,100.0,2.82,282.0,2.793,,0.0410925,
165519.SZ,20260820,0.0,,0.0,1.105,,0.0,
165517.SZ,20260820,0.0,,0.0,1.037,,0.0,
165516.SZ,20260820,100.0,7.989,798.9,8.12,,0.222311,
165515.SZ,20260820,0.0,,0.0,1.313,,0.0,
167501.SZ,20260820,0.0,,0.0,1.059,,0.0,
167506.SZ,20260820,0.0,,0.0,1.666,,0.0,
167508.SZ,20260820,0.0,,0.0,1.651,,0.0,
169201.SZ,20260820,200.0,1.91,382.0,1.927,,0.197945,
180305.SZ,20260820,0.0,,0.0,3.374,,0.0,
180303.SZ,20260820,0.0,,0.0,3.184,,0.0,
180302.SZ,20260820,0.0,,0.0,2.67,,0.0,
180301.SZ,20260820,0.0,,0.0,2.061,,0.0,
180203.SZ,20260820,0.0,,0.0,7.072,,0.0,
180202.SZ,20260820,0.0,,0.0,4.665,,0.0,
180201.SZ,20260820,400.0,7.39,2956.0,7.394,,0.0359712,
180106.SZ,20260820,0.0,,0.0,2.422,,0.0,
180105.SZ,20260820,0.0,,0.0,1.28,,0.0,
180103.SZ,20260820,100.0,1.787,178.7,1.801,,0.00558736,
180102.SZ,20260820,0.0,,0.0,0.989,,0.0,
180101.SZ,20260820,0.0,,0.0,1.404,,0.0,
169106.SZ,20260820,0.0,,0.0,1.126,,0.0,
168101.SZ,20260820,0.0,,0.0,1.458,,0.0,
169105.SZ,20260820,0.0,,0.0,2.139,,0.0,
169104.SZ,20260820,600.0,2.837,1702.2,2.8,,2.03383,
169101.SZ,20260820,0.0,,0.0,2.064,,0.0,
168701.SZ,20260820,0.0,,0.0,0.979,,0.0,
168401.SZ,20260820,275.0,6.039,1660.725,6.048,,0.0246766,
168301.SZ,20260820,0.0,,0.0,0.83,,0.0,
168204.SZ,20260820,200.0,2.139,427.8,2.142,,0.0432389,
168203.SZ,20260820,0.0,,0.0,1.143,,0.0,
168105.SZ,20260820,0.0,,0.0,2.343,,0.0,
168104.SZ,20260820,0.0,,0.0,0.822,,0.0,
168103.SZ,20260820,0.0,,0.0,1.37,,0.0,
168102.SZ,20260820,0.0,,0.0,1.13,,0.0,
300278.SZ,20260820,27600.0,3.75,103500.0,3.71,0.00195822,0.19547,140945.0
300281.SZ,20260820,11900.0,6.18,73542.0,6.11,0.00299502,0.188515,39732.6
300807.SZ,20260820,1000.0,35.02,35020.0,34.96,0.00192533,0.0842375,5193.92
300643.SZ,20260820,18700.0,18.0,336600.0,17.89,0.00809334,0.377907,23105.4
300641.SZ,20260820,20600.0,14.25,293550.0,14.24,0.00391977,0.280852,52554.1
300640.SZ,20260820,34000.0,6.59,224060.0,6.43,0.0154021,0.337693,22074.9
300639.SZ,20260820,440033.0,6.3,2772207.9,6.0,0.0698241,1.67245,63020.2
300638.SZ,20260820,27500.0,18.88,519200.0,18.65,0.00518429,0.131545,53044.9
300637.SZ,20260820,10300.0,8.98,92494.0,8.88,0.00439167,0.212726,23453.5
300636.SZ,20260820,116600.0,7.17,836022.0,7.06,0.0317402,1.67009,36735.8
300635.SZ,20260820,10900.0,11.7,127530.0,11.69,0.00905209,0.333702,12041.4
300634.SZ,20260820,29800.0,20.0,596000.0,19.76,0.00686204,0.117261,43427.4
300633.SZ,20260820,12500.0,20.15,251875.0,19.97,0.00480554,0.309421,26011.6
300632.SZ,20260820,91200.0,18.65,1700880.0,18.05,0.0412305,0.629969,22119.6
300631.SZ,20260820,2700.0,21.53,58131.0,21.17,0.0022203,0.145717,12160.5
300629.SZ,20260820,25000.0,16.82,420500.0,16.49,0.011532,0.390608,21678.9
300628.SZ,20260820,183200.0,40.17,7359144.0,39.82,0.0252387,1.49179,72587.1
300627.SZ,20260820,33000.0,27.62,911460.0,27.61,0.00502182,0.27085,65713.2
300626.SZ,20260820,15100.0,30.58,461758.0,30.12,0.00839348,0.248652,17990.2
300625.SZ,20260820,11600.0,9.59,111244.0,9.46,0.00716174,0.793076,16197.2
300624.SZ,20260820,25800.0,52.33,1350114.0,51.65,0.0150672,0.297532,17123.3
300623.SZ,20260820,487200.0,29.44,14343168.0,27.9,0.0634657,1.74704,76765.8
300622.SZ,20260820,16800.0,14.35,241080.0,14.19,0.00770354,0.233176,21808.2
300621.SZ,20260820,27400.0,7.03,192622.0,6.97,0.0135289,0.687049,20252.9
300620.SZ,20260820,63300.0,296.6,18774780.0,289.3,0.0255927,0.468514,24733.6
300619.SZ,20260820,15600.0,25.98,405288.0,25.68,0.00819188,0.268473,19043.2
300618.SZ,20260820,29500.0,34.6,1020700.0,34.15,0.0108258,0.320741,27249.7
300617.SZ,20260820,12700.0,40.83,518541.0,40.26,0.00914171,0.184684,13892.4
300616.SZ,20260820,146300.0,10.36,1515668.0,10.43,0.0942556,2.33526,15521.6
300615.SZ,20260820,791400.0,15.58,12330012.0,15.59,0.51696,2.53114,15308.7
300614.SZ,20260820,19600.0,10.61,207956.0,10.45,0.0122163,0.739589,16044.1
300642.SZ,20260820,42600.0,13.55,577230.0,13.26,0.0309356,1.24252,13770.6
300644.SZ,20260820,5200.0,20.71,107692.0,20.71,0.00589482,0.346844,8821.31
300612.SZ,20260820,52100.0,11.62,605402.0,11.62,0.0286246,0.805729,18201.1
300645.SZ,20260820,12900.0,12.65,163185.0,12.62,0.00925923,0.410157,13932.0
300673.SZ,20260820,700.0,12.88,9016.0,12.86,0.000436242,0.0287066,16046.1
300672.SZ,20260820,118200.0,165.52,19564464.0,162.44,0.0561954,0.791921,21033.8
300671.SZ,20260820,34300.0,58.36,2001748.0,57.86,0.0155355,0.258081,22078.5
300670.SZ,20260820,55500.0,6.32,350760.0,6.21,0.0247002,0.654023,22469.4
300669.SZ,20260820,7200.0,23.01,165672.0,22.53,0.00394521,0.322278,18250.0
300668.SZ,20260820,135700.0,34.94,4741358.0,33.96,0.136117,1.5431,9969.39
300667.SZ,20260820,123400.0,14.9,1838660.0,14.1,0.0714822,2.58995,17263.0
300666.SZ,20260820,148000.0,258.51,38259480.0,252.57,0.0669333,0.899815,22111.6
300665.SZ,20260820,15700.0,9.45,148365.0,9.38,0.00720147,0.217122,21801.1
300664.SZ,20260820,62200.0,4.55,283010.0,4.51,0.00857718,0.891992,72518.0
300663.SZ,20260820,151000.0,8.25,1245750.0,8.13,0.0327984,0.31521,46038.8
300662.SZ,20260820,4100.0,20.02,82082.0,19.97,0.00208933,0.0795598,19623.5
300661.SZ,20260820,22662.0,108.61,2461319.82,106.49,0.00376559,0.124156,60181.9
300660.SZ,20260820,59600.0,25.37,1512052.0,24.91,0.0102594,0.589917,58092.8
300659.SZ,20260820,20000.0,9.96,199200.0,9.94,0.0105687,0.479819,18923.9
300658.SZ,20260820,15800.0,10.74,169692.0,10.44,0.00715438,0.221213,22084.4
300657.SZ,20260820,125300.0,35.24,4415572.0,34.58,0.0267447,0.439632,46850.4
300656.SZ,20260820,22100.0,27.0,596700.0,26.87,0.0163764,0.309053,13495.1
300655.SZ,20260820,135000.0,13.18,1779300.0,12.95,0.0120375,0.289719,112149.0
300654.SZ,20260820,171300.0,9.93,1701009.0,10.0,0.048577,1.11926,35263.6
300653.SZ,20260820,76600.0,15.66,1199556.0,15.36,0.0425556,2.53735,18000.0
300652.SZ,20260820,3100.0,28.25,87575.0,27.99,0.00258942,0.18466,11971.8
300651.SZ,20260820,9400.0,17.01,159894.0,16.92,0.00909291,0.246063,10337.7
300650.SZ,20260820,24200.0,11.7,283140.0,11.5,0.0142064,0.363707,17034.5
300649.SZ,20260820,17000.0,24.75,420750.0,24.15,0.0160205,0.306621,10611.4
300648.SZ,20260820,1500.0,37.9,56850.0,37.93,0.00113048,0.0791439,13268.7
300647.SZ,20260820,127500.0,5.59,712725.0,5.58,0.0279212,0.763699,45664.2
300613.SZ,20260820,52985.0,72.21,3826046.85,71.14,0.0241181,0.369177,21969.0
300611.SZ,20260820,1500.0,22.9,34350.0,22.72,0.00101144,0.0614841,14830.3
300549.SZ,20260820,7100.0,13.94,98974.0,13.91,0.00702594,0.47526,10105.4
300580.SZ,20260820,28500.0,20.28,577980.0,19.81,0.00603057,0.199906,47259.2
300578.SZ,20260820,15500.0,15.57,241335.0,15.26,0.00781975,0.268543,19821.6
300577.SZ,20260820,4600.0,17.78,81788.0,17.76,0.00323568,0.115049,14216.5
300576.SZ,20260820,79900.0,31.56,2521644.0,31.28,0.0314467,0.331482,25408.1
300575.SZ,20260820,134200.0,5.95,798490.0,5.92,0.0387501,0.564143,34632.2
300573.SZ,20260820,17700.0,40.77,721629.0,40.1,0.00650741,0.225153,27199.8
300572.SZ,20260820,4300.0,18.67,80281.0,18.52,0.00237205,0.0944777,18127.8
300571.SZ,20260820,17200.0,31.14,535608.0,30.9,0.0148741,0.160249,11563.7
300570.SZ,20260820,164600.0,184.12,30306152.0,180.27,0.0856432,0.677409,19219.3
300569.SZ,20260820,52200.0,4.66,243252.0,4.65,0.00511941,0.526739,101965.0
300568.SZ,20260820,288800.0,14.65,4230920.0,14.41,0.0238962,0.385114,120856.0
300567.SZ,20260820,18800.0,217.02,4079976.0,214.2,0.00828012,0.254525,22705.0
300566.SZ,20260820,83500.0,28.21,2355535.0,27.99,0.036836,0.258143,22668.0
300565.SZ,20260820,43700.0,9.45,412965.0,9.32,0.0191494,0.617068,22820.5
300564.SZ,20260820,4600.0,12.25,56350.0,12.18,0.0040639,0.189575,11319.2
300563.SZ,20260820,700.0,22.64,15848.0,22.47,0.000552356,0.0256251,12673.0
300562.SZ,20260820,51000.0,15.3,780300.0,15.0,0.030552,0.311633,16692.8
300561.SZ,20260820,37800.0,15.31,578718.0,15.2,0.0156809,0.159752,24105.8
300560.SZ,20260820,200100.0,17.4,3481740.0,16.72,0.107026,1.46183,18696.5
300559.SZ,20260820,27700.0,10.35,286695.0,10.2,0.00890284,0.355802,31113.7
300558.SZ,20260820,618600.0,53.88,33330168.0,51.17,0.146591,2.66727,42199.1
300557.SZ,20260820,9700.0,25.67,248999.0,25.39,0.00620416,0.310199,15634.7
300556.SZ,20260820,5700.0,15.89,90573.0,15.8,0.00525314,0.155269,10850.7
300555.SZ,20260820,12500.0,12.7,158750.0,12.52,0.00631361,0.800713,19798.5
300554.SZ,20260820,7300.0,20.75,151475.0,20.37,0.00922941,0.250645,7909.49
300553.SZ,20260820,14300.0,42.2,603460.0,41.06,0.0168059,0.276119,8508.92
300552.SZ,20260820,14000.0,20.54,287560.0,20.32,0.0103636,0.180334,13508.8
300551.SZ,20260820,80100.0,9.59,768159.0,9.58,0.0236232,0.961686,33907.3
300579.SZ,20260820,19500.0,20.81,405795.0,20.61,0.00748637,0.635335,26047.3
300581.SZ,20260820,26400.0,9.82,259248.0,9.63,0.00479904,0.171149,55011.0
300610.SZ,20260820,31900.0,10.3,328570.0,10.3,0.0192659,0.971056,16557.8
300582.SZ,20260820,26000.0,11.1,288600.0,11.02,0.0117347,0.547616,22156.5
300609.SZ,20260820,247900.0,25.18,6242122.0,24.91,0.206705,7.00629,11992.9
300608.SZ,20260820,40600.0,10.05,408030.0,9.94,0.0133392,0.43106,30436.6
300607.SZ,20260820,152400.0,33.08,5041392.0,32.77,0.0451556,0.327842,33749.9
300606.SZ,20260820,24800.0,35.64,883872.0,35.24,0.0210751,0.227603,11767.4
300605.SZ,20260820,18600.0,10.1,187860.0,10.02,0.0147172,0.202696,12638.3
300604.SZ,20260820,161406.0,277.64,44812761.84,273.0,0.0329751,0.779835,48947.8
300603.SZ,20260820,207600.0,7.91,1642116.0,7.77,0.0555182,0.411239,37393.1
300602.SZ,20260820,126500.0,40.88,5171320.0,40.03,0.031532,0.460923,40117.9
300601.SZ,20260820,2664140.0,13.51,35992531.4,12.06,0.295885,15.2302,90039.7
300600.SZ,20260820,16900.0,9.99,168831.0,9.85,0.00574372,0.290663,29423.4
300599.SZ,20260820,15500.0,11.92,184760.0,11.72,0.00824317,0.182396,18803.4
300598.SZ,20260820,968591.0,34.15,33077382.65,35.55,0.446518,6.2433,21692.1
300597.SZ,20260820,5600.0,7.56,42336.0,7.56,0.00206359,0.148049,27137.2
300596.SZ,20260820,12100.0,43.22,522962.0,42.5,0.00526958,0.218991,22962.0
300595.SZ,20260820,14400.0,11.09,159696.0,10.95,0.00215409,0.131888,66849.5
300594.SZ,20260820,700.0,14.12,9884.0,14.16,0.000769291,0.0508205,9099.29
300593.SZ,20260820,66400.0,29.04,1928256.0,28.45,0.0148114,0.225553,44830.4
300592.SZ,20260820,18200.0,15.3,278460.0,15.22,0.00529245,0.116934,34388.6
300591.SZ,20260820,211600.0,7.98,1688568.0,7.82,0.0603804,0.564254,35044.5
300590.SZ,20260820,68000.0,10.9,741200.0,10.77,0.0190043,0.359216,35781.5
300589.SZ,20260820,4900.0,12.9,63210.0,12.86,0.00209019,0.0226306,23442.9
300588.SZ,20260820,6600.0,20.42,134772.0,20.11,0.00373257,0.200675,17682.2
300587.SZ,20260820,122000.0,5.15,628300.0,5.05,0.0115902,0.28395,105261.0
300586.SZ,20260820,55300.0,9.0,497700.0,8.9,0.0103443,0.301443,53459.6
300585.SZ,20260820,30800.0,15.5,477400.0,15.26,0.018,0.474221,17111.1
300584.SZ,20260820,31500.0,34.51,1087065.0,33.17,0.0383632,0.7143,8210.99
300583.SZ,20260820,30700.0,12.8,392960.0,12.57,0.0164922,1.09259,18614.9
300674.SZ,20260820,26200.0,15.1,395620.0,14.95,0.00372682,0.197679,70301.2
300675.SZ,20260820,11500.0,12.68,145820.0,12.55,0.00784091,0.652027,14666.7
300676.SZ,20260820,529950.0,42.15,22337392.5,37.6,0.127381,5.18812,41603.6
300775.SZ,20260820,72600.0,20.94,1520244.0,20.62,0.0136558,0.62524,53164.3
300773.SZ,20260820,303740.0,14.58,4428529.2,14.3,0.0295291,1.01936,102861.0
300772.SZ,20260820,101800.0,11.46,1166628.0,11.47,0.0145871,0.832124,69787.6
300771.SZ,20260820,5400.0,11.36,61344.0,11.25,0.00302397,0.155577,17857.3
300770.SZ,20260820,600.0,33.79,20274.0,33.75,0.000263344,0.0362942,22783.9
300769.SZ,20260820,90819.0,46.92,4261227.48,46.1,0.036074,0.715878,25175.7
300768.SZ,20260820,26500.0,14.79,391935.0,14.54,0.00629952,0.200042,42066.7
300767.SZ,20260820,54300.0,19.58,1063194.0,19.23,0.0226352,0.46325,23989.2
300766.SZ,20260820,69600.0,21.8,1517280.0,21.51,0.019445,0.234484,35793.3
300765.SZ,20260820,1466800.0,49.96,73281328.0,43.15,0.104429,5.19145,140459.0
300763.SZ,20260820,24200.0,62.36,1509112.0,61.72,0.007525,0.189703,32159.5
300762.SZ,20260820,333400.0,30.8,10268720.0,30.58,0.0530921,1.25529,62796.6
300761.SZ,20260820,50700.0,18.38,931866.0,18.42,0.00795818,0.59022,63708.0
300760.SZ,20260820,38400.0,152.0,5836800.0,150.63,0.00317182,0.544003,121066.0
300759.SZ,20260820,1237600.0,52.0,64355200.0,48.45,0.087153,1.51746,142003.0
300758.SZ,20260820,13400.0,10.66,142844.0,10.54,0.00372489,0.212486,35974.2
300757.SZ,20260820,70950.0,505.11,35837554.5,483.01,0.0436436,1.03086,16256.7
300756.SZ,20260820,2400.0,29.8,71520.0,29.33,0.00125003,0.0591083,19199.6
300755.SZ,20260820,22200.0,11.15,247530.0,10.94,0.0053291,0.487983,41658.1
300753.SZ,20260820,54700.0,22.91,1253177.0,22.26,0.062234,0.469251,8789.4
300752.SZ,20260820,220100.0,11.2,2465120.0,10.75,0.0986235,1.65469,22317.2
300751.SZ,20260820,11700.0,189.0,2211300.0,189.5,0.00606692,0.124017,19284.9
300750.SZ,20260820,356900.0,391.51,139729919.0,389.0,0.00837777,1.80527,426008.0
300749.SZ,20260820,31600.0,24.13,762508.0,23.2,0.0200768,0.34953,15739.6
300748.SZ,20260820,85700.0,26.92,2307044.0,26.52,0.00758386,0.419325,113003.0
300747.SZ,20260820,52456.0,35.23,1848024.88,34.72,0.0100495,0.277829,52197.8
300746.SZ,20260820,10000.0,14.16,141600.0,13.68,0.00447336,0.212637,22354.5
300745.SZ,20260820,5600.0,28.96,162176.0,28.39,0.00393503,0.0890375,14231.2
300774.SZ,20260820,4400.0,10.71,47124.0,10.69,0.00215604,0.0613163,20407.7
300776.SZ,20260820,34648.0,118.18,4094700.64,115.66,0.0193227,0.384852,17931.2
300677.SZ,20260820,15700.0,49.56,778092.0,48.94,0.0033719,0.225471,46561.3
300777.SZ,20260820,93900.0,23.86,2240454.0,23.39,0.0222308,1.02474,42238.6
300806.SZ,20260820,167000.0,47.07,7860690.0,46.78,0.0365692,0.487134,45666.9
300805.SZ,20260820,3900.0,7.87,30693.0,7.83,0.00135252,0.0397601,28835.1
300804.SZ,20260820,3900.0,43.36,169104.0,42.0,0.0141818,0.34552,2750.0
300803.SZ,20260820,57600.0,80.3,4625280.0,79.27,0.00951533,0.391474,60533.9
300802.SZ,20260820,3700.0,22.03,81511.0,21.95,0.00182843,0.0457142,20236.0
300801.SZ,20260820,20000.0,23.16,463200.0,22.79,0.0145406,0.319443,13754.6
300800.SZ,20260820,11000.0,9.98,109780.0,9.89,0.00469471,0.435501,23430.7
300798.SZ,20260820,57600.0,7.12,410112.0,7.05,0.0141976,0.301724,40570.4
300797.SZ,20260820,87200.0,14.95,1303640.0,14.77,0.0228455,0.652205,38169.4
300796.SZ,20260820,1700.0,6.62,11254.0,6.6,0.000470728,0.0477192,36114.3
300795.SZ,20260820,357900.0,14.88,5325552.0,15.1,0.205707,0.770541,17398.5
300793.SZ,20260820,5500.0,10.68,58740.0,10.63,0.00147814,0.109483,37208.8
300792.SZ,20260820,14700.0,23.36,343392.0,22.97,0.00689321,0.240458,21325.3
300791.SZ,20260820,6100.0,16.98,103578.0,16.71,0.0023697,0.13739,25741.6
300790.SZ,20260820,236300.0,19.51,4610213.0,18.91,0.0517132,0.556704,45694.3
300789.SZ,20260820,6600.0,17.2,113520.0,16.91,0.00773424,0.188225,8533.49
300788.SZ,20260820,146900.0,26.68,3919292.0,26.4,0.0772542,1.76263,19015.2
300787.SZ,20260820,23900.0,10.2,243780.0,10.03,0.0121608,0.219304,19653.3
300786.SZ,20260820,25600.0,15.61,399616.0,15.46,0.017487,0.341187,14639.4
300785.SZ,20260820,12600.0,36.6,461160.0,36.1,0.0102996,0.135863,12233.4
300784.SZ,20260820,19600.0,41.87,820652.0,42.08,0.116562,2.38873,1681.5
300783.SZ,20260820,19100.0,16.88,322408.0,16.88,0.00681456,0.219357,28028.2
300782.SZ,20260820,8100.0,76.78,621918.0,76.14,0.00180704,0.0660319,44824.8
300781.SZ,20260820,2200.0,27.35,60170.0,26.9,0.00181612,0.0378377,12113.7
300780.SZ,20260820,26700.0,19.74,527058.0,19.59,0.0248296,0.347029,10753.3
300779.SZ,20260820,38500.0,72.26,2782010.0,72.46,0.0169475,0.265847,22717.2
300778.SZ,20260820,1700.0,10.15,17255.0,10.04,0.000834949,0.0541481,20360.5
300743.SZ,20260820,2200.0,14.6,32120.0,14.58,0.0017267,0.116407,12741.1
300741.SZ,20260820,300.0,13.29,3987.0,13.19,4.87111e-05,0.0148697,61587.7
300740.SZ,20260820,229300.0,20.17,4624981.0,19.83,0.0560667,0.726673,40897.7
300739.SZ,20260820,18400.0,22.45,413080.0,22.08,0.0060731,0.180561,30297.6
300705.SZ,20260820,406900.0,12.65,5147285.0,12.42,0.109989,1.53341,36994.6
300703.SZ,20260820,2800.0,13.12,36736.0,13.03,0.00168398,0.0789205,16627.2
300702.SZ,20260820,6100.0,22.7,138470.0,22.38,0.0028991,0.225453,21041.0
300701.SZ,20260820,26500.0,9.58,253870.0,9.49,0.0105095,0.868643,25215.4
300700.SZ,20260820,32000.0,18.81,601920.0,18.65,0.00900371,0.301265,35540.9
300699.SZ,20260820,79800.0,24.69,1970262.0,24.57,0.00971499,0.685547,82141.1
300698.SZ,20260820,15800.0,24.76,391208.0,24.5,0.0133282,0.509127,11854.6
300697.SZ,20260820,24700.0,14.28,352716.0,14.02,0.00745683,0.23743,33124.0
300696.SZ,20260820,1800.0,20.11,36198.0,20.1,0.000673921,0.0243221,26709.4
300695.SZ,20260820,1600.0,49.15,78640.0,48.7,0.00156469,0.173635,10225.7
300694.SZ,20260820,3000.0,10.69,32070.0,10.57,0.00138387,0.0965599,21678.4
300693.SZ,20260820,34400.0,41.92,1442048.0,41.65,0.0127585,0.193758,26962.4
300692.SZ,20260820,100000.0,9.44,944000.0,9.17,0.0194893,0.289776,51310.2
300691.SZ,20260820,8600.0,13.81,118766.0,13.65,0.00389602,0.223344,22073.8
300690.SZ,20260820,2400.0,20.6,49440.0,20.32,0.00215092,0.0918168,11158.0
300689.SZ,20260820,3700.0,54.24,200688.0,53.64,0.00363658,0.135203,10174.4
300688.SZ,20260820,28500.0,31.08,885780.0,30.45,0.0192076,0.309555,14837.8
300687.SZ,20260820,824400.0,29.9,24649560.0,28.11,0.245456,4.39695,33586.4
300686.SZ,20260820,49500.0,14.15,700425.0,13.91,0.0291685,0.336396,16970.4
300685.SZ,20260820,327500.0,19.25,6304375.0,18.35,0.0840667,2.70505,38957.2
300684.SZ,20260820,553800.0,88.55,49038990.0,86.59,0.270707,2.23952,20457.5
300683.SZ,20260820,63700.0,30.3,1930110.0,28.85,0.0521857,0.687738,12206.4
300682.SZ,20260820,110700.0,9.45,1046115.0,9.37,0.0107067,0.387221,103393.0
300681.SZ,20260820,30000.0,21.22,636600.0,21.05,0.0129986,0.366533,23079.5
300680.SZ,20260820,144800.0,20.7,2997360.0,20.44,0.0639673,1.82741,22636.6
300679.SZ,20260820,190400.0,49.96,9512384.0,48.98,0.0529711,0.589709,35944.1
300678.SZ,20260820,10100.0,21.58,217958.0,21.59,0.00346844,0.197525,29119.7
300706.SZ,20260820,25000.0,53.72,1343000.0,52.71,0.0219625,0.249505,11383.1
300707.SZ,20260820,10400.0,11.8,122720.0,11.72,0.00724332,0.285326,14358.1
300708.SZ,20260820,44700.0,7.79,348213.0,7.64,0.00619602,0.182713,72143.1
300724.SZ,20260820,28200.0,59.75,1684950.0,59.41,0.00980138,0.207595,28771.4
300738.SZ,20260820,216800.0,21.53,4667704.0,21.33,0.0220125,0.276959,98489.4
300737.SZ,20260820,378600.0,4.84,1832424.0,4.8,0.0426747,1.50176,88717.7
300736.SZ,20260820,21900.0,27.28,597432.0,27.27,0.0175611,0.277495,12470.7
300735.SZ,20260820,24600.0,19.8,487080.0,19.4,0.00324788,0.177526,75741.7
300733.SZ,20260820,5400.0,14.48,78192.0,14.0,0.00184666,0.0896568,29242.0
300732.SZ,20260820,105500.0,6.04,637220.0,6.11,0.0284944,2.36003,37024.9
300731.SZ,20260820,20800.0,37.63,782704.0,36.79,0.0123625,0.250293,16825.1
300730.SZ,20260820,12300.0,11.38,139974.0,11.18,0.00594906,0.233823,20675.5
300729.SZ,20260820,7600.0,10.08,76608.0,10.03,0.00231648,0.420903,32808.4
300727.SZ,20260820,9900.0,27.0,267300.0,26.61,0.006107,0.339397,16210.9
300726.SZ,20260820,21300.0,52.51,1118463.0,51.92,0.00993292,0.156408,21443.8
300725.SZ,20260820,312700.0,52.0,16260400.0,49.51,0.154252,0.93395,20272.0
300723.SZ,20260820,189700.0,38.2,7246540.0,37.03,0.0452541,1.17585,41918.9
300709.SZ,20260820,64300.0,39.0,2507700.0,38.45,0.0429113,0.534355,14984.4
300722.SZ,20260820,36100.0,20.98,757378.0,20.61,0.013044,1.31728,27675.6
300721.SZ,20260820,37500.0,22.78,854250.0,23.05,0.0271048,0.364785,13835.2
300720.SZ,20260820,147900.0,80.52,11908908.0,79.5,0.080317,0.830188,18414.5
300719.SZ,20260820,18500.0,11.27,208495.0,11.24,0.0103009,0.583707,17959.5
300718.SZ,20260820,58800.0,60.56,3560928.0,60.56,0.0298997,0.455243,19665.7
300717.SZ,20260820,14600.0,17.89,261194.0,17.8,0.0143343,0.670743,10185.3
300716.SZ,20260820,1300.0,16.32,21216.0,16.31,0.000812398,0.0826852,16002.0
300715.SZ,20260820,1500.0,13.88,20820.0,13.85,0.000479297,0.0161284,31295.9
300713.SZ,20260820,8400.0,12.93,108612.0,12.81,0.0093952,0.421928,8940.73
300712.SZ,20260820,600.0,20.08,12048.0,20.07,0.000321303,0.0406599,18674.0
300711.SZ,20260820,18100.0,16.76,303356.0,16.68,0.00728588,0.188939,24842.6
300710.SZ,20260820,5200.0,27.16,141232.0,26.89,0.00697238,0.250032,7458.0
300550.SZ,20260820,6200.0,11.53,71486.0,11.38,0.00236356,0.158433,26231.6
300548.SZ,20260820,107041.0,195.01,20874065.41,190.42,0.0363827,0.586367,29420.9
300283.SZ,20260820,212700.0,13.62,2896974.0,13.17,0.0559931,0.424786,37986.8
300387.SZ,20260820,314200.0,7.44,2337648.0,7.46,0.108736,2.89625,28895.7
300385.SZ,20260820,40800.0,11.65,475320.0,11.76,0.0140369,0.52298,29066.3
300384.SZ,20260820,59000.0,12.56,741040.0,12.41,0.0268044,1.40389,22011.3
300383.SZ,20260820,170700.0,12.36,2109852.0,12.23,0.00951341,0.203044,179431.0
300382.SZ,20260820,175100.0,15.96,2794596.0,15.57,0.0270075,0.588818,64833.8
300381.SZ,20260820,19700.0,6.37,125489.0,6.29,0.00411744,0.192326,47845.3
300380.SZ,20260820,1600.0,27.73,44368.0,27.49,0.00125623,0.0622365,12736.6
300378.SZ,20260820,27900.0,33.18,925722.0,32.92,0.010352,0.241174,26951.3
300377.SZ,20260820,123000.0,13.63,1676490.0,13.36,0.0178023,0.452141,69092.2
300376.SZ,20260820,10800.0,4.5,48600.0,4.47,0.00046403,0.0523658,232743.0
300375.SZ,20260820,3500.0,3.92,13720.0,3.89,0.000657089,0.0347977,53265.3
300374.SZ,20260820,25400.0,10.56,268224.0,10.57,0.0103301,1.03051,24588.3
300373.SZ,20260820,217900.0,100.0,21790000.0,101.49,0.0401927,1.23685,54213.8
300371.SZ,20260820,10300.0,10.24,105472.0,10.23,0.00735737,0.528479,13999.6
300370.SZ,20260820,207300.0,2.15,445695.0,2.13,0.013276,1.05373,156147.0
300369.SZ,20260820,193600.0,7.15,1384240.0,7.09,0.0239692,0.263454,80770.3
300368.SZ,20260820,104900.0,7.57,794093.0,7.48,0.019832,0.304293,52894.3
300366.SZ,20260820,12000.0,4.94,59280.0,4.92,0.00226201,0.198329,53050.2
300365.SZ,20260820,50100.0,4.54,227454.0,4.47,0.00979042,0.491006,51172.5
300364.SZ,20260820,199600.0,23.25,4640700.0,22.7,0.0302229,0.38797,66042.5
300363.SZ,20260820,1312700.0,22.4,29404480.0,20.4,0.264895,3.60286,49555.4
300360.SZ,20260820,31100.0,11.79,366669.0,11.73,0.00621656,0.634593,50027.7
300359.SZ,20260820,102000.0,4.03,411060.0,3.99,0.0161061,0.463182,63330.2
300358.SZ,20260820,726200.0,8.97,6514014.0,8.55,0.103027,3.02945,70486.4
300357.SZ,20260820,159700.0,25.0,3992500.0,24.26,0.0330017,1.07837,48391.4
300355.SZ,20260820,23400.0,2.88,67392.0,2.86,0.00171267,0.0812256,136629.0
300354.SZ,20260820,24400.0,29.39,717116.0,28.88,0.030009,1.03451,8130.9
300353.SZ,20260820,13100.0,18.31,239861.0,18.1,0.00242565,0.0808893,54006.1
300386.SZ,20260820,203800.0,11.61,2366118.0,11.58,0.0812737,1.28453,25075.8
300388.SZ,20260820,8800.0,6.74,59312.0,6.73,0.00129214,0.0942548,68104.2
300351.SZ,20260820,13300.0,13.55,180215.0,13.4,0.00504902,0.156559,26341.8
300389.SZ,20260820,6300.0,12.04,75852.0,11.96,0.00287098,0.159136,21943.7
300418.SZ,20260820,2283302.0,45.2,103205250.4,42.52,0.19427,3.78045,117532.0
300417.SZ,20260820,15600.0,10.82,168792.0,10.75,0.0186624,0.632574,8359.04
300416.SZ,20260820,108000.0,14.72,1589760.0,14.66,0.0213808,0.673454,50512.5
300415.SZ,20260820,22500.0,19.99,449775.0,19.79,0.00496588,0.433942,45309.2
300414.SZ,20260820,16700.0,10.89,181863.0,10.71,0.00529031,0.16377,31567.1
300413.SZ,20260820,23000.0,14.92,343160.0,14.84,0.00225115,0.144344,102170.0
300412.SZ,20260820,116400.0,4.49,522636.0,4.41,0.0248792,1.04059,46786.2
300411.SZ,20260820,41000.0,7.43,304630.0,7.35,0.0132637,0.257569,30911.6
300410.SZ,20260820,139700.0,7.82,1092454.0,7.69,0.0380535,0.784517,36711.5
300409.SZ,20260820,34300.0,18.61,638323.0,18.42,0.0049267,0.129096,69620.6
300408.SZ,20260820,382773.0,110.7,42372971.1,109.6,0.0204713,0.545018,186981.0
300407.SZ,20260820,15800.0,11.54,182332.0,11.4,0.00609866,0.173533,25907.3
300406.SZ,20260820,36000.0,11.78,424080.0,11.59,0.0084849,0.597606,42428.3
300405.SZ,20260820,65700.0,5.58,366606.0,5.54,0.0300242,1.0474,21882.3
300404.SZ,20260820,1406600.0,15.9,22364940.0,15.35,0.492653,1.72173,28551.6
300403.SZ,20260820,9799.0,9.25,90640.75,9.15,0.00223639,0.0723055,43816.1
300402.SZ,20260820,400.0,14.08,5632.0,14.04,0.000164191,0.0175536,24361.8
300401.SZ,20260820,87300.0,14.76,1288548.0,14.47,0.0162864,0.214786,53603.0
300400.SZ,20260820,22900.0,28.76,658604.0,28.28,0.00944302,0.177561,24250.7
300399.SZ,20260820,23200.0,16.72,387904.0,16.55,0.011742,0.750385,19758.1
300398.SZ,20260820,267000.0,35.6,9505200.0,35.23,0.0470952,0.678389,56693.7
300397.SZ,20260820,61500.0,11.17,686955.0,10.95,0.0151995,0.204629,40462.0
300396.SZ,20260820,67700.0,7.1,480670.0,6.96,0.0248618,2.50503,27230.5
300395.SZ,20260820,110958.0,88.92,9866385.36,87.23,0.0216485,0.456456,51254.3
300394.SZ,20260820,616980.0,282.5,174296850.0,277.4,0.0566875,1.03429,108839.0
300393.SZ,20260820,6500.0,6.0,39000.0,5.98,0.000679992,0.0386112,95589.3
300390.SZ,20260820,120946.0,62.34,7539773.64,61.99,0.0169989,0.295013,71149.1
300352.SZ,20260820,81000.0,2.25,182250.0,2.24,0.00634733,0.391912,127613.0
300350.SZ,20260820,9400.0,4.26,40044.0,4.24,0.00199336,0.0996826,47156.5
300547.SZ,20260820,7900.0,24.57,194103.0,24.16,0.00443263,0.104087,17822.4
300315.SZ,20260820,182300.0,4.0,729200.0,3.97,0.00717299,0.291733,254148.0
300313.SZ,20260820,1536200.0,13.83,21245646.0,14.45,0.778403,5.96083,19735.3
300311.SZ,20260820,1160000.0,6.08,7052800.0,6.25,0.21585,1.53501,53740.9
300310.SZ,20260820,39700.0,4.21,167137.0,4.17,0.0057422,0.182115,69137.3
300308.SZ,20260820,261400.0,904.99,236564386.0,895.6,0.0235508,0.910468,110994.0
300307.SZ,20260820,179300.0,7.22,1294546.0,7.22,0.0227856,0.409121,78689.9
300306.SZ,20260820,15300.0,9.88,151164.0,9.77,0.00970797,0.565222,15760.2
300305.SZ,20260820,21500.0,6.08,130720.0,6.06,0.0066879,0.131445,32147.6
300304.SZ,20260820,36400.0,11.68,425152.0,11.54,0.00425972,0.148988,85451.6
300303.SZ,20260820,169000.0,7.04,1189760.0,6.94,0.0127197,0.366966,132865.0
300302.SZ,20260820,141600.0,29.49,4175784.0,28.97,0.0383933,0.482758,36881.4
300301.SZ,20260820,37100.0,3.3,122430.0,3.31,0.0046974,0.455661,78979.9
300300.SZ,20260820,192400.0,7.67,1475708.0,7.52,0.028854,0.345316,66680.5
300299.SZ,20260820,34200.0,5.24,179208.0,5.18,0.00496044,0.208094,68945.5
300298.SZ,20260820,52100.0,15.99,833079.0,15.76,0.0116294,0.875814,44800.1
300296.SZ,20260820,272400.0,5.13,1397412.0,5.07,0.0117363,0.579166,232100.0
300295.SZ,20260820,10000.0,11.67,116700.0,11.56,0.00596376,0.207506,16767.9
300294.SZ,20260820,81200.0,15.17,1231804.0,14.89,0.0161032,1.01328,50424.9
300293.SZ,20260820,2300.0,15.68,36064.0,15.49,0.000679592,0.0462944,33843.8
300292.SZ,20260820,780800.0,4.15,3240320.0,4.07,0.0699676,1.33079,111594.0
300291.SZ,20260820,71700.0,4.86,348462.0,4.83,0.0077108,0.263346,92986.5
300290.SZ,20260820,233700.0,6.03,1409211.0,6.13,0.0365417,0.771613,63954.2
300289.SZ,20260820,4600.0,5.87,27002.0,5.77,0.000846901,0.0677408,54315.6
300288.SZ,20260820,7500.0,9.66,72450.0,9.6,0.00292319,0.127061,25656.9
300287.SZ,20260820,236700.0,3.55,840285.0,3.49,0.017955,0.602389,131830.0
300286.SZ,20260820,65900.0,19.99,1317341.0,19.7,0.031717,1.42963,20777.5
300285.SZ,20260820,1051300.0,65.0,68334500.0,64.12,0.123237,0.833602,85307.3
300284.SZ,20260820,4400.0,5.22,22968.0,5.2,0.000367192,0.0205887,119828.0
300314.SZ,20260820,327400.0,14.33,4691642.0,13.84,0.22777,1.19094,14374.1
300316.SZ,20260820,22200.0,44.2,981240.0,43.83,0.0018026,0.165467,123156.0
300349.SZ,20260820,51000.0,10.18,519180.0,10.18,0.0137942,0.71444,36972.0
300317.SZ,20260820,204800.0,4.25,870400.0,4.3,0.024707,0.193199,82891.3
300348.SZ,20260820,29900.0,8.94,267306.0,8.83,0.00409336,0.201144,73045.2
300347.SZ,20260820,281700.0,53.79,15152643.0,51.78,0.0497286,1.22579,56647.5
300346.SZ,20260820,161700.0,58.98,9537066.0,58.26,0.0246498,0.341767,65599.0
300345.SZ,20260820,816900.0,8.01,6543369.0,8.07,0.170028,0.863196,48045.0
300343.SZ,20260820,420300.0,5.94,2496582.0,6.03,0.039441,1.27853,106564.0
300342.SZ,20260820,398200.0,33.85,13479070.0,33.19,0.094729,1.83086,42035.7
300341.SZ,20260820,12400.0,12.56,155744.0,12.4,0.00240605,0.350678,51536.9
300340.SZ,20260820,31800.0,8.43,268074.0,8.35,0.0116286,0.804484,27346.3
300339.SZ,20260820,368600.0,37.55,13840930.0,37.53,0.047397,1.05723,77768.6
300338.SZ,20260820,800.0,2.82,2256.0,2.82,0.000228613,0.0175787,34993.7
300337.SZ,20260820,70200.0,9.84,690768.0,9.65,0.0098677,0.446542,71141.2
300335.SZ,20260820,22600.0,5.2,117520.0,5.16,0.00588298,0.163086,38415.9
300334.SZ,20260820,25100.0,8.34,209334.0,8.28,0.00831044,0.406749,30203.0
300333.SZ,20260820,322900.0,11.11,3587419.0,11.29,0.0964514,0.571068,33478.0
300332.SZ,20260820,130500.0,4.75,619875.0,4.75,0.0160622,0.773112,81246.7
300331.SZ,20260820,44400.0,46.99,2086356.0,46.13,0.0199882,0.347916,22213.1
300329.SZ,20260820,33300.0,11.85,394605.0,11.81,0.0132069,1.32959,25214.0
300328.SZ,20260820,168500.0,14.35,2417975.0,14.11,0.0245254,0.53278,68704.2
300327.SZ,20260820,37300.0,22.51,839623.0,22.3,0.0110077,0.397111,33885.4
300326.SZ,20260820,21100.0,5.88,124068.0,5.86,0.00294398,0.351799,71671.8
300324.SZ,20260820,21900.0,3.54,77526.0,3.5,0.00128071,0.0750752,170999.0
300323.SZ,20260820,168000.0,11.77,1977360.0,11.63,0.0141451,0.306592,118769.0
300322.SZ,20260820,46100.0,17.56,809516.0,17.33,0.010467,0.142351,44043.1
300321.SZ,20260820,7500.0,32.57,244275.0,32.0,0.00845586,0.251872,8869.59
300320.SZ,20260820,17400.0,8.52,148248.0,8.46,0.00358519,0.190744,48533.0
300319.SZ,20260820,1590200.0,17.69,28130638.0,17.0,0.186803,0.943562,85127.0
300318.SZ,20260820,162000.0,5.12,829440.0,4.96,0.0204437,1.7963,79241.9
300419.SZ,20260820,2900.0,8.59,24911.0,8.65,0.000788571,0.0402738,36775.4
300420.SZ,20260820,373600.0,7.68,2869248.0,7.33,0.0334685,0.377004,111627.0
300421.SZ,20260820,15900.0,16.4,260760.0,16.1,0.00690395,0.23887,23030.3
300514.SZ,20260820,11100.0,9.69,107559.0,9.64,0.00692632,0.501052,16025.8
300512.SZ,20260820,5200.0,7.06,36712.0,7.01,0.0016054,0.157541,32390.7
300511.SZ,20260820,1443900.0,5.81,8389059.0,5.85,0.264449,2.96097,54600.3
300510.SZ,20260820,47000.0,3.32,156040.0,3.3,0.00569911,0.258863,82469.1
300509.SZ,20260820,4300.0,8.46,36378.0,8.4,0.00174016,0.109557,24710.4
300508.SZ,20260820,32800.0,44.22,1450416.0,43.35,0.040038,0.720673,8192.21
300507.SZ,20260820,300.0,6.26,1878.0,6.22,3.85432e-05,0.00401252,77834.7
300506.SZ,20260820,223800.0,5.46,1221948.0,5.35,0.0304616,0.440601,73469.6
300505.SZ,20260820,272900.0,20.55,5608095.0,20.9,0.125551,1.04881,21736.1
300504.SZ,20260820,15600.0,14.51,226356.0,14.31,0.00714772,0.153727,21825.2
300503.SZ,20260820,165100.0,71.29,11769979.0,69.55,0.0684456,0.717748,24121.4
300502.SZ,20260820,264404.0,418.0,110520872.0,411.5,0.0210808,0.563318,125424.0
300501.SZ,20260820,18700.0,9.91,185317.0,9.82,0.00674548,0.64827,27722.3
300500.SZ,20260820,8300.0,9.31,77273.0,9.31,0.00495233,0.345983,16759.8
300499.SZ,20260820,49800.0,27.93,1390914.0,27.18,0.0183487,0.242456,27140.8
300498.SZ,20260820,65800.0,13.55,891590.0,13.59,0.00110665,0.131669,594588.0
300497.SZ,20260820,193700.0,17.8,3447860.0,17.57,0.0424536,0.561966,45626.3
300496.SZ,20260820,33300.0,57.24,1906092.0,56.69,0.00901055,0.239308,36956.7
300494.SZ,20260820,12500.0,8.28,103500.0,8.22,0.00313796,0.135574,39834.8
300493.SZ,20260820,21500.0,12.01,258215.0,11.93,0.00424388,0.187159,50661.1
300492.SZ,20260820,7900.0,24.1,190390.0,23.74,0.00286953,0.171877,27530.6
300491.SZ,20260820,30600.0,29.1,890460.0,28.55,0.0194162,0.252477,15760.0
300490.SZ,20260820,23400.0,11.45,267930.0,11.31,0.00595037,0.190973,39325.3
300489.SZ,20260820,156200.0,226.91,35443342.0,222.53,0.112659,1.08912,13864.8
300488.SZ,20260820,30200.0,30.64,925328.0,30.15,0.0186129,0.730994,16225.3
300487.SZ,20260820,44800.0,66.5,2979200.0,64.68,0.0145445,0.806603,30801.9
300486.SZ,20260820,3500.0,20.05,70175.0,19.8,0.000733744,0.0370384,47700.6
300485.SZ,20260820,72100.0,10.0,721000.0,9.62,0.0263314,0.693496,27381.7
300513.SZ,20260820,35700.0,7.14,254898.0,7.12,0.0124293,0.70618,28722.4
300515.SZ,20260820,33000.0,15.8,521400.0,15.6,0.0163562,0.473823,20175.8
300422.SZ,20260820,167200.0,4.05,677160.0,4.0,0.0323565,0.792184,51674.3
300516.SZ,20260820,27500.0,31.36,862400.0,30.85,0.0109127,0.418452,25200.0
300546.SZ,20260820,7500.0,16.0,120000.0,15.86,0.0055584,0.162411,13493.1
300545.SZ,20260820,9600.0,29.15,279840.0,28.68,0.00802951,0.122587,11955.9
300543.SZ,20260820,24700.0,7.67,189449.0,7.65,0.00987215,0.25372,25019.9
300542.SZ,20260820,6800.0,11.89,80852.0,11.58,0.00274657,0.160037,24758.2
300541.SZ,20260820,16200.0,9.45,153090.0,9.45,0.00417477,0.128569,38804.5
300540.SZ,20260820,103100.0,31.73,3271363.0,30.87,0.0498725,0.619366,20672.7
300539.SZ,20260820,17400.0,17.8,309720.0,17.51,0.00798575,0.283366,21788.8
300538.SZ,20260820,9000.0,15.44,138960.0,15.08,0.00743892,0.193808,12098.5
300537.SZ,20260820,31200.0,19.99,623688.0,19.59,0.0205585,0.268693,15176.2
300536.SZ,20260820,12300.0,8.94,109962.0,8.86,0.00419413,0.107964,29326.7
300535.SZ,20260820,28500.0,16.2,461700.0,15.86,0.0351154,0.540716,8116.1
300534.SZ,20260820,1251600.0,19.1,23905560.0,18.39,0.414366,1.34302,30205.1
300533.SZ,20260820,7700.0,14.38,110726.0,14.25,0.00333387,0.128733,23096.3
300532.SZ,20260820,10900.0,6.81,74229.0,6.79,0.0018029,0.152852,60458.2
300531.SZ,20260820,25200.0,15.9,400680.0,15.84,0.00808708,0.248994,31160.8
300530.SZ,20260820,20100.0,18.54,372654.0,18.19,0.0116894,0.31943,17195.1
300529.SZ,20260820,52600.0,15.84,833184.0,15.7,0.0102654,0.540491,51240.2
300528.SZ,20260820,33000.0,12.79,422070.0,12.76,0.00885649,0.183369,37260.8
300527.SZ,20260820,10000.0,7.74,77400.0,7.74,0.000983506,0.213572,101677.0
300525.SZ,20260820,41300.0,8.16,337008.0,8.11,0.00669759,0.19126,61663.9
300523.SZ,20260820,5400.0,19.58,105732.0,19.31,0.00232128,0.302345,23263.0
300522.SZ,20260820,42400.0,14.05,595720.0,13.93,0.0161152,0.258241,26310.6
300521.SZ,20260820,1000.0,22.5,22500.0,22.35,0.000676338,0.0283546,14785.5
300520.SZ,20260820,17200.0,24.02,413144.0,23.82,0.00609455,0.212253,28221.9
300519.SZ,20260820,86300.0,14.83,1279829.0,14.54,0.0756354,1.2563,11410.0
300518.SZ,20260820,94900.0,22.99,2181751.0,22.2,0.0475993,1.16061,19937.2
300517.SZ,20260820,6960.0,10.19,70922.4,9.88,0.00551362,0.194785,12623.3
300484.SZ,20260820,18700.0,12.95,242165.0,12.81,0.0112412,0.362749,16635.3
300483.SZ,20260820,99300.0,22.93,2276949.0,22.71,0.0258031,0.852866,38483.8
300482.SZ,20260820,30700.0,17.34,532338.0,16.97,0.00713843,0.489324,43006.6
300481.SZ,20260820,23200.0,14.48,335936.0,14.23,0.00799856,0.154241,29005.2
300450.SZ,20260820,71400.0,33.85,2416890.0,33.52,0.00457864,0.250183,155941.0
300449.SZ,20260820,45900.0,6.96,319464.0,6.84,0.0118901,0.439226,38603.6
300448.SZ,20260820,13900.0,5.64,78396.0,5.6,0.0021632,0.098684,64256.7
300447.SZ,20260820,10300.0,13.28,136784.0,13.2,0.00511286,0.308673,20145.3
300446.SZ,20260820,22300.0,13.08,291684.0,13.01,0.00596959,0.346786,37356.0
300445.SZ,20260820,3200.0,18.1,57920.0,17.94,0.00227674,0.170592,14055.2
300444.SZ,20260820,216500.0,10.25,2219125.0,10.02,0.0345052,0.44168,62744.2
300443.SZ,20260820,6300.0,19.77,124551.0,19.66,0.00259501,0.171554,24277.4
300442.SZ,20260820,125500.0,66.44,8338220.0,65.38,0.00767008,0.269148,163623.0
300441.SZ,20260820,241800.0,6.75,1632150.0,6.72,0.0386303,2.27037,62593.4
300440.SZ,20260820,14400.0,18.01,259344.0,17.92,0.00327108,0.0819671,44022.2
300439.SZ,20260820,10600.0,9.32,98792.0,9.19,0.00362601,0.239457,29233.2
300438.SZ,20260820,63300.0,63.39,4012587.0,62.4,0.0156619,0.326033,40416.4
300437.SZ,20260820,17500.0,11.1,194250.0,10.97,0.0100719,0.288045,17375.1
300436.SZ,20260820,88300.0,98.0,8653400.0,93.37,0.0645836,1.35009,13672.2
300435.SZ,20260820,156600.0,17.79,2785914.0,17.35,0.0424534,1.06375,36887.5
300434.SZ,20260820,295000.0,12.66,3734700.0,12.2,0.0862283,0.845575,34211.5
300433.SZ,20260820,535200.0,36.8,19695360.0,36.15,0.0107693,0.420303,496970.0
300432.SZ,20260820,41900.0,16.2,678780.0,16.01,0.00247827,0.122018,169070.0
300430.SZ,20260820,87200.0,4.4,383680.0,4.31,0.0335578,1.3193,25985.0
300429.SZ,20260820,51700.0,10.58,546986.0,10.43,0.0123761,0.299138,41774.2
300428.SZ,20260820,28700.0,18.19,522053.0,18.01,0.00480929,0.578633,59676.1
300427.SZ,20260820,58700.0,6.49,380963.0,6.39,0.0116699,0.232894,50300.5
300426.SZ,20260820,56300.0,6.2,349060.0,6.16,0.014075,0.170436,40000.0
300425.SZ,20260820,8800.0,3.94,34672.0,3.93,0.00129271,0.107155,68073.8
300424.SZ,20260820,26300.0,14.09,370567.0,13.87,0.0102542,0.291919,25648.0
300423.SZ,20260820,8300.0,5.78,47974.0,5.76,0.00249107,0.062009,33319.0
300451.SZ,20260820,139300.0,3.43,477799.0,3.38,0.00912429,0.637471,152669.0
300452.SZ,20260820,442200.0,13.68,6049296.0,13.68,0.222625,4.53581,19863.0
300453.SZ,20260820,128200.0,9.98,1279436.0,9.88,0.035625,0.609185,35986.0
300468.SZ,20260820,186328.0,20.4,3801091.2,19.89,0.0351702,1.00852,52979.0
300480.SZ,20260820,96800.0,34.4,3329920.0,33.59,0.0373748,0.47747,25899.8
300479.SZ,20260820,31300.0,14.8,463240.0,14.78,0.0158941,0.463633,19692.8
300478.SZ,20260820,3800.0,29.78,113164.0,29.2,0.00299985,0.101211,12667.3
300477.SZ,20260820,463600.0,2.49,1154364.0,2.5,0.0467804,1.77256,99101.3
300476.SZ,20260820,248360.0,250.0,62090000.0,245.38,0.0287057,0.633344,86519.5
300475.SZ,20260820,162522.0,157.7,25629719.4,154.4,0.0361131,0.469956,45003.6
300474.SZ,20260820,29800.0,50.5,1504900.0,50.1,0.00733134,0.385197,40647.4
300473.SZ,20260820,10300.0,21.8,224540.0,21.52,0.00684312,0.306329,15051.6
300472.SZ,20260820,0.0,,0.0,6.44,0.0,0.0,24594.5
300471.SZ,20260820,43800.0,9.67,423546.0,9.63,0.0116874,0.331203,37476.4
300470.SZ,20260820,5900.0,27.99,165141.0,27.84,0.00298984,0.257914,19733.5
300469.SZ,20260820,19300.0,58.38,1126734.0,57.3,0.00777869,0.356433,24811.4
300467.SZ,20260820,14600.0,33.95,495670.0,33.1,0.00857704,0.182027,17022.2
300454.SZ,20260820,49000.0,116.0,5684000.0,114.56,0.0170137,0.315006,28800.3
300466.SZ,20260820,67600.0,7.22,488072.0,7.11,0.01506,1.27886,44887.2
300465.SZ,20260820,602700.0,13.17,7937559.0,13.96,0.13582,1.85994,44374.9
300464.SZ,20260820,0.0,,0.0,6.6,0.0,0.0,35514.3
300463.SZ,20260820,66200.0,9.42,623604.0,9.16,0.0134663,0.514315,49159.9
300462.SZ,20260820,300.0,11.0,3300.0,11.0,0.000217338,0.0467363,13803.4
300461.SZ,20260820,62700.0,30.2,1893540.0,29.72,0.0433277,0.889843,14471.1
300460.SZ,20260820,1700.0,8.29,14093.0,8.24,0.000605404,0.0610923,28080.4
300459.SZ,20260820,191200.0,3.44,657728.0,3.42,0.00581652,0.211991,328719.0
300458.SZ,20260820,227700.0,31.75,7229475.0,31.52,0.0279658,0.370141,81420.8
300457.SZ,20260820,27600.0,19.95,550620.0,19.71,0.00434751,0.279466,63484.6
300456.SZ,20260820,39500.0,31.62,1248990.0,31.02,0.00661144,0.162088,59744.9
300455.SZ,20260820,88300.0,18.26,1612358.0,17.81,0.0124944,1.07365,70671.5
001373.SZ,20260820,6800.0,27.51,187068.0,27.37,0.0162057,0.505765,4196.05
001368.SZ,20260820,4600.0,23.2,106720.0,22.82,0.00425608,0.275449,10808.1
600004.SH,20260820,45600.0,7.46,340176.0,7.44,0.00192672,0.63033,236672.0
603518.SH,20260820,7200.0,8.02,57744.0,8.02,0.00209257,0.126862,34407.4
603516.SH,20260820,15600.0,96.0,1497600.0,94.45,0.00767459,0.28568,20326.8
603515.SH,20260820,5500.0,16.38,90090.0,16.33,0.000745509,0.505922,73775.1
603511.SH,20260820,9900.0,12.69,125631.0,12.68,0.00246338,0.604863,40188.7
603508.SH,20260820,4100.0,21.56,88396.0,21.56,0.00107534,0.115616,38127.4
603507.SH,20260820,125100.0,23.48,2937348.0,23.05,0.0529403,1.41116,23630.4
603506.SH,20260820,478500.0,11.17,5344845.0,11.88,0.254822,11.7701,18777.8
603505.SH,20260820,13500.0,15.59,210465.0,15.48,0.00160396,0.118301,84166.9
603501.SH,20260820,43900.0,87.0,3819300.0,86.9,0.00363723,0.24659,120696.0
603500.SH,20260820,9400.0,9.39,88266.0,9.35,0.00282614,0.109539,33260.9
603499.SH,20260820,3700.0,11.69,43253.0,11.58,0.000873399,0.0930602,42363.2
603496.SH,20260820,29500.0,23.9,705050.0,23.7,0.00921273,0.107304,32020.9
603489.SH,20260820,7200.0,26.97,194184.0,26.69,0.00306882,0.34254,23461.8
603488.SH,20260820,106300.0,8.09,859967.0,8.01,0.0364053,0.935912,29199.0
603486.SH,20260820,6500.0,60.88,395720.0,60.7,0.00113368,0.105134,57335.3
603477.SH,20260820,47700.0,13.83,659691.0,13.87,0.00935164,0.243418,51007.1
603468.SH,20260820,25000.0,24.3,607500.0,24.36,0.0625179,0.333906,3998.86
603466.SH,20260820,272200.0,11.75,3198350.0,11.52,0.0457611,0.277536,59482.8
603459.SH,20260820,43600.0,88.91,3876476.0,86.6,0.0551537,0.298301,7905.19
603458.SH,20260820,87700.0,9.56,838412.0,9.5,0.0286485,0.497988,30612.5
603456.SH,20260820,436700.0,16.97,7410799.0,16.35,0.0495288,0.914041,88171.0
603444.SH,20260820,7100.0,385.0,2733500.0,384.79,0.00985549,0.319762,7204.11
603439.SH,20260820,32800.0,12.86,421808.0,12.61,0.00812202,0.156483,40384.0
603435.SH,20260820,4500.0,52.44,235980.0,51.85,0.0126094,0.140338,3568.75
603429.SH,20260820,12000.0,7.94,95280.0,7.83,0.00228796,0.479882,52448.5
603421.SH,20260820,34100.0,5.76,196416.0,5.72,0.00522853,0.345599,65219.1
603418.SH,20260820,1300.0,43.5,56550.0,43.21,0.00314278,0.152186,4136.46
603416.SH,20260820,4600.0,45.42,208932.0,45.11,0.0032964,0.151543,13954.6
603517.SH,20260820,1300.0,10.75,13975.0,10.7,0.000214521,0.0408173,60600.2
603519.SH,20260820,192600.0,15.93,3068118.0,15.03,0.0723169,2.34296,26632.8
603408.SH,20260820,1900.0,10.25,19475.0,10.22,0.000424512,0.099612,44757.3
603520.SH,20260820,33000.0,8.95,295350.0,8.82,0.0075272,0.352219,43841.0
603588.SH,20260820,961500.0,13.67,13143705.0,13.28,0.0631223,1.67643,152323.0
603587.SH,20260820,27400.0,11.75,321950.0,11.64,0.00579645,1.66499,47270.3
603586.SH,20260820,10600.0,13.44,142464.0,13.44,0.00540671,0.399575,19605.3
603585.SH,20260820,16900.0,10.03,169507.0,10.03,0.00624086,0.431286,27079.6
603583.SH,20260820,25800.0,23.45,605010.0,23.02,0.00674956,0.520395,38224.7
603580.SH,20260820,273600.0,67.9,18577440.0,67.99,0.209377,2.43002,13067.3
603579.SH,20260820,43700.0,17.8,777860.0,17.79,0.0217356,2.17112,20105.2
603578.SH,20260820,11700.0,12.78,149526.0,12.5,0.00648713,0.307815,18035.7
603577.SH,20260820,5700.0,10.0,57000.0,10.01,0.00168073,0.124624,33913.9
603569.SH,20260820,0.0,,0.0,5.78,0.0,0.0,60350.7
603568.SH,20260820,28820.0,14.74,424807.0,14.76,0.00140691,0.287136,204846.0
603567.SH,20260820,618900.0,6.03,3731967.0,5.84,0.0658823,0.886669,93940.3
603566.SH,20260820,1500.0,10.46,15690.0,10.41,0.000433448,0.0461451,34606.2
603565.SH,20260820,272300.0,11.3,3076990.0,11.48,0.0129663,1.30596,210006.0
603559.SH,20260820,51400.0,9.07,466198.0,9.07,0.0128091,0.188239,40127.7
603558.SH,20260820,24400.0,11.97,292068.0,11.98,0.00712122,0.618213,34263.8
603557.SH,20260820,73800.0,3.64,268632.0,3.65,0.0118376,1.9968,62343.7
603556.SH,20260820,186800.0,27.02,5047336.0,27.9,0.0384153,1.06373,48626.4
603551.SH,20260820,70900.0,9.39,665751.0,9.45,0.0185978,2.42863,38122.7
603538.SH,20260820,895900.0,31.28,28023752.0,29.93,0.265909,1.127,33692.0
603536.SH,20260820,20100.0,9.72,195372.0,9.71,0.00835647,0.299919,24053.2
603535.SH,20260820,3000.0,6.25,18750.0,6.25,0.000587178,0.0389685,51091.8
603533.SH,20260820,81000.0,20.72,1678320.0,20.68,0.0184554,0.459832,43889.7
603530.SH,20260820,16900.0,51.0,861900.0,50.67,0.00395354,0.253621,42746.5
603529.SH,20260820,14200.0,20.9,296780.0,20.95,0.00166908,0.348982,85076.6
603528.SH,20260820,900.0,6.11,5499.0,6.1,0.000127491,0.0118248,70593.0
603527.SH,20260820,35000.0,9.76,341600.0,9.64,0.011042,0.649462,31697.1
603409.SH,20260820,1300.0,17.61,22893.0,17.61,0.00241286,0.0422474,5387.8
603407.SH,20260820,83100.0,66.3,5509530.0,66.96,0.231399,0.868375,3591.2
603590.SH,20260820,385000.0,34.33,13217050.0,31.21,0.243327,14.8918,15822.3
603365.SH,20260820,4200.0,17.26,72492.0,17.26,0.00160837,0.308357,26113.4
603360.SH,20260820,28200.0,12.54,353628.0,12.49,0.00399307,0.247639,70622.4
603359.SH,20260820,130200.0,2.09,272118.0,2.08,0.0291865,2.21037,44609.6
603358.SH,20260820,29800.0,46.39,1382422.0,45.7,0.00645342,0.2132,46177.1
603357.SH,20260820,13200.0,5.9,77880.0,5.9,0.00235486,0.404919,56054.3
603356.SH,20260820,3600.0,16.6,59760.0,16.64,0.00269987,0.131342,13334.0
603355.SH,20260820,5984.0,26.55,158875.0,26.42,0.00104361,0.321607,57339.7
603353.SH,20260820,29100.0,30.56,889296.0,30.55,0.0170757,0.496331,17041.8
603352.SH,20260820,10000.0,25.67,256700.0,25.44,0.0220588,0.526884,4533.33
603351.SH,20260820,12100.0,27.3,330330.0,26.78,0.0089339,0.608414,13543.9
603350.SH,20260820,800.0,28.19,22552.0,28.0,0.00181305,0.116375,4412.45
603348.SH,20260820,6800.0,14.0,95200.0,13.95,0.00216232,0.331446,31447.7
603345.SH,20260820,6600.0,81.04,534864.0,81.0,0.0022503,0.132932,29329.4
603344.SH,20260820,2800.0,22.43,62804.0,22.13,0.00518221,0.110582,5403.1
603341.SH,20260820,19500.0,36.35,708825.0,36.27,0.00729238,0.0790105,26740.2
603339.SH,20260820,35595.0,13.9,494771.0,13.78,0.011503,0.559883,30944.1
603338.SH,20260820,5300.0,55.34,293302.0,55.35,0.00104671,0.135459,50634.8
603337.SH,20260820,22100.0,38.3,846430.0,37.78,0.00473203,0.285568,46703.0
603336.SH,20260820,223500.0,8.85,1977975.0,8.85,0.0367165,0.754028,60871.9
603335.SH,20260820,128100.0,6.4,819840.0,6.38,0.0299198,1.30635,42814.5
603334.SH,20260820,6100.0,32.56,198616.0,32.26,0.0191723,0.266973,3181.67
603333.SH,20260820,54600.0,8.8,480480.0,8.68,0.00878481,0.32932,62152.8
603332.SH,20260820,57499.0,11.66,670438.0,11.66,0.0265772,1.37868,21634.7
603331.SH,20260820,9200.0,12.65,116380.0,12.56,0.0045505,0.189182,20217.6
603330.SH,20260820,3342890.0,9.35,31256022.0,10.07,0.821928,5.08978,40671.3
603329.SH,20260820,46600.0,10.46,487436.0,10.49,0.0225794,1.64749,20638.3
603328.SH,20260820,528400.0,11.21,5923364.0,11.08,0.0529224,1.7988,99844.3
603327.SH,20260820,48200.0,8.58,413556.0,8.48,0.00461041,0.211954,104546.0
603363.SH,20260820,228200.0,2.87,654934.0,2.9,0.0106308,0.519697,214659.0
603366.SH,20260820,2949700.0,7.54,22240738.0,7.63,0.362795,19.6968,81304.8
603406.SH,20260820,141500.0,30.0,4245000.0,30.72,0.240975,3.9951,5871.98
603367.SH,20260820,177000.0,14.85,2628450.0,14.52,0.0390941,1.12504,45275.4
603402.SH,20260820,4100.0,60.88,249608.0,60.68,0.016313,0.276659,2513.33
603400.SH,20260820,72000.0,46.95,3380400.0,47.07,0.19873,1.47213,3623.01
603399.SH,20260820,394000.0,14.38,5665720.0,14.0,0.0769095,0.474448,51229.1
603398.SH,20260820,18400.0,10.92,200928.0,10.85,0.00424314,0.264479,43364.2
603396.SH,20260820,4300.0,25.58,109994.0,25.38,0.00310408,0.0771592,13852.7
603395.SH,20260820,1642711.0,27.2,44681739.0,29.0,2.52725,31.8734,6500.0
603393.SH,20260820,53900.0,24.15,1301685.0,24.24,0.0127146,0.47628,42392.1
603392.SH,20260820,332400.0,29.9,9938760.0,28.01,0.0262893,5.2465,126439.0
603391.SH,20260820,17000.0,68.93,1171810.0,67.87,0.0747253,0.673025,2275.0
603390.SH,20260820,1700.0,9.97,16949.0,9.93,0.000484228,0.0295316,35107.4
603389.SH,20260820,38600.0,48.0,1852800.0,47.48,0.0146907,1.27597,26275.2
603387.SH,20260820,308400.0,9.27,2858868.0,9.25,0.06081,2.82885,50715.4
603386.SH,20260820,4000.0,13.52,54080.0,13.4,0.00122578,0.0574106,32632.3
603385.SH,20260820,15500.0,5.4,83700.0,5.37,0.00407182,0.550054,38066.5
603383.SH,20260820,76204.0,29.04,2212964.0,29.22,0.0371046,1.63775,20537.6
603382.SH,20260820,106500.0,22.7,2417550.0,23.13,0.0922191,1.28303,11548.6
603381.SH,20260820,13000.0,14.76,191880.0,14.75,0.00914606,0.408554,14213.8
603380.SH,20260820,7200.0,33.0,237600.0,32.5,0.00448763,0.241758,16044.1
603379.SH,20260820,14800.0,61.54,910792.0,61.53,0.00242433,0.227693,61047.9
603378.SH,20260820,37500.0,5.52,207000.0,5.47,0.00874949,0.465832,42859.7
603377.SH,20260820,54800.0,2.85,156180.0,2.88,0.0075813,2.07996,72283.1
603376.SH,20260820,11100.0,25.8,286380.0,25.82,0.0346866,0.528633,3200.08
603375.SH,20260820,6000.0,38.5,231000.0,37.41,0.0094072,0.45808,6378.09
603373.SH,20260820,17000.0,39.0,663000.0,38.93,0.0267287,0.574928,6360.22
603370.SH,20260820,1100.0,33.38,36718.0,33.08,0.00314376,0.169747,3499.0
603369.SH,20260820,84277.0,28.93,2438134.0,28.92,0.00675946,0.3241,124680.0
603368.SH,20260820,116100.0,16.4,1904040.0,16.27,0.0292288,1.01277,39721.1
603589.SH,20260820,24000.0,18.91,453840.0,18.96,0.00401258,0.406253,59811.9
603595.SH,20260820,700.0,26.18,18326.0,26.18,0.00030115,0.0286196,23244.2
603019.SH,20260820,135000.0,85.3,11515500.0,85.0,0.00922727,0.247375,146305.0
603757.SH,20260820,26000.0,58.48,1520480.0,57.56,0.0139375,0.203003,18654.7
603739.SH,20260820,146900.0,12.33,1811277.0,12.43,0.0580566,1.64334,25302.9
603738.SH,20260820,291800.0,35.51,10361818.0,35.9,0.0756179,0.569279,38588.8
603737.SH,20260820,126680.0,26.04,3298747.0,25.66,0.014308,1.01917,88538.1
603733.SH,20260820,14500.0,21.71,314795.0,21.71,0.00177424,0.12623,81725.3
603730.SH,20260820,13200.0,9.85,130020.0,9.79,0.000614355,0.113044,214859.0
603729.SH,20260820,8500.0,10.86,92310.0,10.88,0.00922258,0.761821,9216.51
603728.SH,20260820,59800.0,48.88,2923024.0,49.03,0.0142761,0.891276,41888.2
603727.SH,20260820,29400.0,18.3,538020.0,18.3,0.0104359,1.0732,28171.9
603726.SH,20260820,12300.0,23.21,285483.0,22.94,0.00666254,0.268637,18461.4
603725.SH,20260820,72000.0,11.91,857520.0,11.99,0.0236176,0.27308,30485.8
603722.SH,20260820,2500.0,29.48,73700.0,29.16,0.00261233,0.186628,9570.01
603721.SH,20260820,80300.0,17.29,1388387.0,17.25,0.0617692,0.990294,13000.0
603719.SH,20260820,13800.0,9.62,132756.0,9.62,0.00346748,0.288493,39798.3
603718.SH,20260820,21300.0,2.86,60918.0,2.85,0.00328207,0.245045,64898.0
603717.SH,20260820,43000.0,6.24,268320.0,6.23,0.0148201,0.345829,29014.6
603716.SH,20260820,247700.0,16.49,4084573.0,15.73,0.109703,1.4972,22579.1
603713.SH,20260820,5100.0,65.2,332520.0,64.69,0.00293022,0.117562,17404.9
603712.SH,20260820,19300.0,11.23,216739.0,11.16,0.0025,0.195115,77200.0
603711.SH,20260820,17900.0,11.38,203702.0,11.4,0.00433546,0.219467,41287.4
603709.SH,20260820,87000.0,11.36,988320.0,11.36,0.0534917,1.21354,16264.2
603708.SH,20260820,242400.0,9.29,2251896.0,9.34,0.0379736,1.93616,63833.9
603707.SH,20260820,460000.0,8.39,3859400.0,8.08,0.0284715,4.15308,161565.0
603706.SH,20260820,10800.0,19.84,214272.0,19.37,0.00570274,0.956783,18938.3
603703.SH,20260820,243000.0,9.52,2313360.0,9.38,0.0585567,1.11476,41498.2
603701.SH,20260820,1000.0,18.83,18830.0,18.85,0.000382611,0.0330554,26136.2
603700.SH,20260820,0.0,,0.0,11.47,0.0,0.0,19996.2
603699.SH,20260820,6000.0,53.61,321660.0,53.33,0.000791408,0.118799,75814.3
603755.SH,20260820,4700.0,23.09,108523.0,22.87,0.00476607,0.632366,9861.37
603758.SH,20260820,627300.0,10.89,6831297.0,11.56,0.144834,2.36824,43311.6
603697.SH,20260820,4900.0,9.48,46452.0,9.46,0.00114568,0.0593241,42769.2
603759.SH,20260820,100.0,7.33,733.0,7.32,2.16563e-05,0.00331574,46176.0
603816.SH,20260820,25500.0,24.36,621180.0,24.4,0.00312546,0.330509,81588.0
603815.SH,20260820,3300.0,5.13,16929.0,5.13,0.000533183,0.045397,61892.4
603813.SH,20260820,3500.0,31.1,108850.0,31.1,0.00333286,0.384774,10501.5
603811.SH,20260820,13500.0,7.62,102870.0,7.51,0.00294614,0.147527,45822.6
603810.SH,20260820,17000.0,12.1,205700.0,12.01,0.0102817,1.06323,16534.2
603809.SH,20260820,141500.0,8.84,1250860.0,8.84,0.0153756,1.21493,92028.9
603808.SH,20260820,21400.0,8.41,179974.0,8.35,0.00588343,0.797476,36373.3
603806.SH,20260820,612600.0,15.84,9703584.0,15.16,0.0234825,2.82637,260875.0
603803.SH,20260820,28700.0,10.21,293027.0,10.08,0.00675479,0.0938827,42488.4
603801.SH,20260820,1796600.0,6.86,12324676.0,6.57,0.413628,27.0475,43435.1
603800.SH,20260820,8900.0,69.0,614100.0,66.93,0.00427885,0.135014,20800.0
603799.SH,20260820,516049.0,40.09,20688404.0,39.55,0.0273388,0.809865,188761.0
603798.SH,20260820,23500.0,12.3,289050.0,12.86,0.00916359,0.737973,25645.0
603797.SH,20260820,39500.0,4.87,192365.0,4.9,0.00685044,0.125247,57660.5
603790.SH,20260820,280200.0,23.48,6579096.0,24.0,0.146426,3.77812,19136.0
603789.SH,20260820,10900.0,6.12,66708.0,6.12,0.00419231,0.334701,26000.0
603788.SH,20260820,800.0,13.65,10920.0,13.57,0.00035864,0.0747638,22306.5
603787.SH,20260820,7800.0,9.99,77922.0,9.98,0.00338919,0.276079,23014.4
603786.SH,20260820,7300.0,40.3,294190.0,40.07,0.00180757,0.396023,40385.7
603779.SH,20260820,18800.0,7.79,146452.0,7.65,0.00566124,0.149049,33208.3
603778.SH,20260820,223700.0,9.57,2140809.0,9.5,0.0347978,0.591085,64285.7
603777.SH,20260820,50400.0,14.0,705600.0,13.68,0.0150707,0.615799,33442.4
603776.SH,20260820,5000.0,20.03,100150.0,19.96,0.00178088,0.180838,28076.1
603773.SH,20260820,314200.0,110.0,34562000.0,107.91,0.139844,1.30107,22467.9
603768.SH,20260820,5700.0,11.0,62700.0,10.93,0.0023954,0.251898,23795.6
603767.SH,20260820,36200.0,14.19,513678.0,14.33,0.0117292,0.497361,30863.2
603766.SH,20260820,85300.0,13.97,1191641.0,13.97,0.0041538,0.454036,205354.0
603698.SH,20260820,168300.0,22.2,3736260.0,21.95,0.0313998,0.942386,53599.0
603696.SH,20260820,88000.0,13.2,1161600.0,13.12,0.037415,0.254572,23520.0
603596.SH,20260820,86132.0,25.0,2153300.0,24.85,0.00959536,0.63437,89764.2
603648.SH,20260820,800.0,8.9,7120.0,8.93,0.000220743,0.0343471,36241.3
603638.SH,20260820,62700.0,18.95,1188165.0,18.8,0.00711939,0.719028,88069.4
603637.SH,20260820,48700.0,13.0,633100.0,12.78,0.0204034,0.754655,23868.6
603636.SH,20260820,14800.0,6.9,102120.0,6.86,0.00255014,0.105726,58036.1
603633.SH,20260820,15600.0,6.32,98592.0,6.24,0.00365502,0.186473,42681.1
603630.SH,20260820,16400.0,14.28,234192.0,14.18,0.00728227,0.25596,22520.5
603629.SH,20260820,840975.0,132.0,111008700.0,134.95,0.233136,1.40489,36072.3
603628.SH,20260820,21800.0,9.52,207536.0,9.41,0.00800959,0.640367,27217.4
603626.SH,20260820,81000.0,15.57,1261170.0,15.41,0.0145978,0.222531,55488.0
603619.SH,20260820,409900.0,22.0,9017800.0,22.2,0.088658,1.48298,46233.8
603618.SH,20260820,241900.0,26.96,6521624.0,26.55,0.0349882,0.2455,69137.6
603617.SH,20260820,7500.0,6.71,50325.0,6.67,0.00193936,0.110035,38672.6
603616.SH,20260820,61400.0,5.3,325420.0,5.3,0.0159774,0.789782,38429.3
603615.SH,20260820,900.0,16.8,15120.0,16.85,0.000372178,0.0165592,24182.0
603613.SH,20260820,28500.0,18.0,513000.0,17.95,0.00395538,0.333561,72053.8
603612.SH,20260820,12400.0,16.69,206956.0,16.55,0.00248944,0.142134,49810.4
603611.SH,20260820,3100.0,16.62,51522.0,16.52,0.00120341,0.164515,25760.1
603610.SH,20260820,800.0,15.16,12128.0,15.0,0.000226634,0.0142374,35299.2
603609.SH,20260820,21600.0,6.22,134352.0,6.25,0.00238934,0.658015,90401.7
603608.SH,20260820,63700.0,18.5,1178450.0,18.32,0.0149872,0.348251,42503.0
603607.SH,20260820,8500.0,21.46,182410.0,21.24,0.00476146,0.156154,17851.7
603606.SH,20260820,41500.0,37.4,1552100.0,37.4,0.00503147,0.276317,82480.9
603605.SH,20260820,15200.0,56.01,851352.0,55.64,0.00383862,0.344671,39597.6
603602.SH,20260820,7900.0,11.33,89507.0,11.31,0.00341906,0.190873,23105.8
603601.SH,20260820,532000.0,9.18,4883760.0,9.0,0.046571,0.78288,114234.0
603600.SH,20260820,26600.0,9.56,254296.0,9.58,0.00805004,0.67208,33043.3
603599.SH,20260820,7500.0,10.2,76500.0,10.18,0.000823932,0.0770269,91026.9
603598.SH,20260820,52700.0,17.26,909602.0,16.97,0.0195392,0.169396,26971.5
603639.SH,20260820,900.0,10.55,9495.0,10.55,0.000264801,0.0569794,33987.8
603650.SH,20260820,125000.0,68.98,8622500.0,68.0,0.0203389,0.553478,61458.7
603693.SH,20260820,7900.0,11.26,88954.0,11.27,0.000886171,0.101564,89147.6
603655.SH,20260820,2700.0,32.6,88020.0,32.62,0.00254717,0.0932752,10600.0
603690.SH,20260820,45600.0,26.33,1200648.0,25.98,0.0119071,0.101894,38296.4
603689.SH,20260820,30000.0,7.45,223500.0,7.48,0.00573123,1.0171,52344.8
603688.SH,20260820,35000.0,48.53,1698550.0,47.45,0.0064614,0.255888,54167.8
603687.SH,20260820,52400.0,13.4,702160.0,13.14,0.00952672,0.343802,55003.2
603686.SH,20260820,5700.0,12.73,72561.0,12.66,0.00137207,0.0590759,41543.0
603685.SH,20260820,8100.0,25.07,203067.0,25.1,0.00402053,0.293604,20146.6
603683.SH,20260820,89600.0,15.94,1428224.0,15.63,0.0310846,0.386459,28824.6
603682.SH,20260820,104300.0,11.94,1245342.0,11.71,0.0220741,0.333256,47250.0
603681.SH,20260820,16600.0,18.3,303780.0,18.0,0.00698236,0.239061,23774.2
603680.SH,20260820,23800.0,10.3,245140.0,10.2,0.0030368,0.461144,78371.9
603679.SH,20260820,32600.0,21.7,707420.0,21.56,0.0183469,0.337579,17768.6
603678.SH,20260820,165600.0,47.72,7902432.0,47.73,0.0348216,0.520525,47556.7
603677.SH,20260820,3800.0,13.59,51642.0,13.56,0.00197299,0.246052,19260.1
603676.SH,20260820,15300.0,9.35,143055.0,9.28,0.00351594,0.622929,43516.1
603669.SH,20260820,63200.0,6.0,379200.0,5.9,0.00887228,0.315509,71233.1
603668.SH,20260820,14700.0,10.22,150234.0,10.2,0.00290631,0.14887,50579.7
603667.SH,20260820,105800.0,51.0,5395800.0,51.03,0.0288911,0.661582,36620.3
603666.SH,20260820,3800.0,23.93,90934.0,23.7,0.00184887,0.0983804,20553.0
603665.SH,20260820,10700.0,20.7,221490.0,20.4,0.0066805,0.556356,16016.8
603663.SH,20260820,369500.0,41.97,15507915.0,41.28,0.0622928,0.988986,59316.7
603662.SH,20260820,22200.0,50.25,1115550.0,49.51,0.00790514,0.338882,28083.0
603661.SH,20260820,6600.0,33.02,217932.0,32.86,0.00474591,0.230098,13906.7
603660.SH,20260820,54100.0,11.86,641626.0,11.64,0.00946644,0.19039,57149.3
603659.SH,20260820,276000.0,24.65,6803400.0,24.05,0.012872,0.907706,214418.0
603658.SH,20260820,22900.0,34.2,783180.0,34.0,0.00400753,0.376919,57142.5
603657.SH,20260820,98400.0,26.52,2609568.0,26.28,0.0727864,2.18959,13519.0
603656.SH,20260820,2200.0,17.59,38698.0,17.35,0.00120254,0.113986,18294.5
603326.SH,20260820,53300.0,6.94,369902.0,6.86,0.0166992,0.992181,31917.7
603325.SH,20260820,0.0,,0.0,51.6,0.0,0.0,3418.32
603324.SH,20260820,10000.0,27.78,277800.0,27.25,0.00677142,0.236296,14768.0
603124.SH,20260820,28700.0,130.41,3742767.0,130.41,0.0369803,0.646921,7760.88
603122.SH,20260820,103800.0,12.12,1258056.0,11.86,0.026077,0.36761,39805.3
603121.SH,20260820,6400.0,12.2,78080.0,12.07,0.00189051,0.150946,33853.4
603120.SH,20260820,1800.0,49.51,89118.0,48.7,0.00474934,0.0802672,3790.0
603119.SH,20260820,116000.0,49.98,5797680.0,50.0,0.0245316,1.32717,47286.0
603118.SH,20260820,1741800.0,17.44,30376992.0,17.11,0.221244,1.27326,78727.6
603117.SH,20260820,11500.0,3.71,42665.0,3.69,0.00191923,0.170481,59919.8
603116.SH,20260820,28200.0,6.21,175122.0,6.2,0.00489413,0.478394,57620.1
603115.SH,20260820,35200.0,79.1,2784320.0,76.9,0.0143919,0.264917,24458.3
603113.SH,20260820,997800.0,5.11,5098758.0,5.15,0.117597,6.78285,84849.1
603112.SH,20260820,117600.0,16.07,1889832.0,16.15,0.0219975,0.996778,53460.7
603111.SH,20260820,14000.0,5.74,80360.0,5.7,0.00167145,0.298559,83759.5
603110.SH,20260820,58500.0,26.69,1561365.0,26.17,0.0290717,0.309037,20122.7
603109.SH,20260820,12200.0,17.34,211548.0,17.4,0.00584156,0.816735,20884.8
603108.SH,20260820,88800.0,9.91,880008.0,9.69,0.0146873,0.448909,60460.4
603107.SH,20260820,6100.0,11.82,72102.0,11.72,0.00279593,0.368713,21817.4
603106.SH,20260820,211000.0,7.26,1531860.0,7.22,0.0405364,0.421329,52052.0
603105.SH,20260820,49900.0,6.95,346805.0,6.87,0.00997977,0.862975,50001.1
603103.SH,20260820,13198.0,14.75,194671.0,14.6,0.00208105,0.223624,63420.0
603102.SH,20260820,540000.0,48.3,26082000.0,45.76,0.84375,7.8762,6400.0
603101.SH,20260820,38000.0,7.29,277020.0,7.29,0.00807823,0.393366,47040.0
603100.SH,20260820,2800.0,17.28,48384.0,17.27,0.000547368,0.0652947,51153.9
603099.SH,20260820,26900.0,38.55,1036995.0,38.52,0.00987678,0.459651,27235.6
603098.SH,20260820,26600.0,9.96,264936.0,9.84,0.0049369,0.475105,53880.0
603097.SH,20260820,4500.0,18.87,84915.0,18.79,0.00200288,0.141835,22467.7
603096.SH,20260820,1900.0,15.09,28671.0,15.09,0.00123189,0.111825,15423.5
603095.SH,20260820,107200.0,14.2,1522240.0,14.2,0.0415071,0.76864,25826.9
603093.SH,20260820,25645.0,11.3,289789.0,11.22,0.00290747,0.182972,88203.9
603123.SH,20260820,52000.0,8.63,448760.0,8.52,0.00797209,0.239473,65227.6
603125.SH,20260820,35900.0,23.16,831444.0,22.71,0.00886778,0.731279,40483.6
603091.SH,20260820,400.0,48.84,19536.0,48.57,0.000908714,0.0412575,4401.83
603126.SH,20260820,6300.0,5.91,37233.0,5.9,0.00103194,0.101332,61050.0
603169.SH,20260820,14800.0,6.41,94868.0,6.31,0.00113298,0.137675,130629.0
603168.SH,20260820,28900.0,5.54,160106.0,5.49,0.0077581,0.488365,37251.4
603167.SH,20260820,8200.0,8.66,71012.0,8.68,0.00174786,0.338996,46914.4
603166.SH,20260820,23800.0,10.81,257278.0,10.81,0.0037146,0.232121,64071.6
603165.SH,20260820,3800.0,13.57,51566.0,13.46,0.00121511,0.115524,31272.8
603163.SH,20260820,5000.0,85.6,428000.0,83.45,0.005,0.162133,10000.0
603162.SH,20260820,81800.0,11.9,973420.0,11.89,0.019368,0.243801,42234.7
603161.SH,20260820,31200.0,16.0,499200.0,15.7,0.0163566,0.474403,19074.9
603160.SH,20260820,14600.0,49.5,722700.0,49.13,0.00313316,0.328415,46598.3
603159.SH,20260820,1600.0,20.77,33232.0,20.69,0.00114286,0.0622484,14000.0
603158.SH,20260820,47900.0,9.67,463193.0,9.56,0.00976017,0.167498,49077.0
603156.SH,20260820,246000.0,54.66,13446360.0,54.57,0.0195195,1.67676,126028.0
603155.SH,20260820,9100.0,13.94,126854.0,13.82,0.00198737,0.0955124,45789.1
603153.SH,20260820,5800.0,12.89,74762.0,12.89,0.00143643,0.289769,40378.0
603151.SH,20260820,17900.0,15.02,268858.0,15.08,0.0104506,0.250826,17128.2
603150.SH,20260820,1800.0,51.49,92682.0,51.11,0.00210568,0.128492,8548.3
603139.SH,20260820,9000.0,35.04,315360.0,35.04,0.00901081,0.459277,9988.0
603138.SH,20260820,5600.0,12.72,71232.0,12.71,0.00194213,0.0844062,28834.3
603137.SH,20260820,488600.0,23.18,11325748.0,24.09,0.267092,1.70798,18293.3
603136.SH,20260820,28500.0,9.02,257070.0,8.94,0.0105506,1.07141,27012.7
603135.SH,20260820,38500.0,8.92,343420.0,8.88,0.00611559,0.584407,62953.8
603132.SH,20260820,10100.0,18.87,190587.0,18.64,0.00103272,0.129143,97800.0
603131.SH,20260820,137400.0,14.73,2023902.0,14.4,0.0407827,1.79937,33690.7
603130.SH,20260820,400.0,39.45,15780.0,39.46,0.000290879,0.0253591,13751.4
603129.SH,20260820,8200.0,318.0,2607600.0,318.9,0.00534262,0.379573,15348.3
603128.SH,20260820,2400.0,5.32,12768.0,5.31,0.00018334,0.0372626,130905.0
603127.SH,20260820,451060.0,52.0,23455120.0,49.8,0.0718573,0.982551,62771.7
603092.SH,20260820,2000.0,47.08,94160.0,47.14,0.00578509,0.156372,3457.17
603090.SH,20260820,7100.0,37.25,264475.0,36.62,0.0071,0.327084,10000.0
603323.SH,20260820,138800.0,4.16,577408.0,4.18,0.00625114,0.563845,222040.0
603055.SH,20260820,20200.0,8.86,178972.0,8.81,0.00227355,0.195835,88848.0
603052.SH,20260820,28900.0,54.27,1568403.0,54.27,0.0153807,0.349205,18789.7
603051.SH,20260820,2900.0,20.8,60320.0,20.47,0.00179419,0.0880644,16163.3
603050.SH,20260820,15600.0,18.61,290316.0,18.57,0.0038679,0.274989,40331.9
603049.SH,20260820,6600.0,49.85,329010.0,49.55,0.00130698,0.233067,50498.0
603048.SH,20260820,2200.0,21.55,47410.0,21.75,0.00149782,0.104422,14688.0
603045.SH,20260820,18200.0,53.6,975520.0,52.3,0.0134372,0.230951,13544.5
603043.SH,20260820,38800.0,13.85,537380.0,13.95,0.00689836,1.06913,56245.2
603042.SH,20260820,34700.0,13.36,463592.0,13.2,0.0166214,0.436566,20876.7
603041.SH,20260820,15600.0,10.84,169104.0,10.84,0.00851772,0.7855,18314.8
603040.SH,20260820,3100.0,54.77,169787.0,53.81,0.00157081,0.218068,19735.0
603039.SH,20260820,228000.0,43.29,9870120.0,43.65,0.0741128,0.648635,30763.9
603038.SH,20260820,53900.0,16.35,881265.0,16.3,0.0200613,0.534009,26867.7
603037.SH,20260820,14700.0,10.06,147882.0,9.98,0.0055232,0.383313,26615.0
603036.SH,20260820,302200.0,14.33,4330526.0,14.08,0.146695,5.00402,20600.6
603035.SH,20260820,5400.0,10.86,58644.0,10.83,0.00147401,0.162511,36634.7
603033.SH,20260820,41600.0,7.4,307840.0,7.38,0.00410852,0.536324,101253.0
603032.SH,20260820,8400.0,18.39,154476.0,18.16,0.00360698,0.137501,23288.2
603031.SH,20260820,73800.0,38.25,2822850.0,38.25,0.023474,0.488199,31439.0
603030.SH,20260820,75100.0,2.01,150951.0,2.01,0.00570264,0.282153,131693.0
603029.SH,20260820,57200.0,15.56,890032.0,15.67,0.0471395,2.04232,12134.2
603028.SH,20260820,57600.0,6.77,389952.0,6.83,0.0202681,1.77563,28419.0
603027.SH,20260820,29900.0,7.28,217672.0,7.26,0.00224687,0.249103,133074.0
603026.SH,20260820,12800.0,65.5,838400.0,65.13,0.00550062,0.139761,23270.1
603025.SH,20260820,86100.0,13.86,1193346.0,13.8,0.00776253,0.342271,110917.0
603023.SH,20260820,26200.0,3.99,104538.0,4.0,0.00469435,0.256872,55811.7
603022.SH,20260820,27900.0,8.58,239382.0,8.51,0.01395,1.24725,20000.0
603021.SH,20260820,41600.0,5.32,221312.0,5.24,0.0130021,0.351352,31994.8
603053.SH,20260820,1500.0,8.68,13020.0,8.67,0.00016875,0.0677537,88889.0
603057.SH,20260820,4000.0,21.84,87360.0,21.84,0.000970874,0.132178,41200.0
603089.SH,20260820,878400.0,9.56,8397504.0,10.62,0.365949,15.301,24003.3
603058.SH,20260820,10500.0,9.05,95025.0,9.02,0.00253217,0.150567,41466.4
603088.SH,20260820,55300.0,8.81,487193.0,8.72,0.0126293,1.02091,43787.2
603087.SH,20260820,134000.0,73.0,9782000.0,71.2,0.0238792,0.705385,56115.7
603086.SH,20260820,56200.0,5.62,315844.0,5.66,0.0129251,0.856286,43481.3
603085.SH,20260820,20800.0,9.6,199680.0,9.6,0.00523798,0.459028,39710.0
603083.SH,20260820,170000.0,172.0,29240000.0,167.45,0.0616862,0.51417,27558.8
603082.SH,20260820,13900.0,40.5,562950.0,39.7,0.0342728,0.306764,4055.69
603081.SH,20260820,12300.0,9.25,113775.0,9.19,0.00291125,0.384374,42249.9
603080.SH,20260820,6400.0,19.5,124800.0,19.57,0.00452297,0.310884,14150.0
603079.SH,20260820,990400.0,12.13,12013552.0,13.26,0.523939,7.66942,18903.0
603078.SH,20260820,80400.0,36.95,2970780.0,36.52,0.0208486,0.224423,38563.7
603077.SH,20260820,531600.0,2.36,1254576.0,2.35,0.00601922,0.352159,883171.0
603076.SH,20260820,6900.0,20.7,142830.0,20.46,0.00571659,0.172965,12070.1
603075.SH,20260820,14800.0,18.82,278536.0,18.6,0.0349049,0.641408,4240.09
603073.SH,20260820,6200.0,16.34,101308.0,16.33,0.0121825,0.390165,5089.28
603072.SH,20260820,2800.0,31.45,88060.0,31.27,0.00221817,0.132969,12623.0
603071.SH,20260820,238300.0,12.61,3004963.0,12.44,0.0427096,3.66673,55795.4
603070.SH,20260820,4700.0,11.46,53862.0,11.33,0.00117207,0.208593,40100.0
603069.SH,20260820,16500.0,12.96,213840.0,12.83,0.00522152,0.605189,31600.0
603068.SH,20260820,29700.0,40.59,1205523.0,39.88,0.0195669,0.253175,15178.7
603067.SH,20260820,82800.0,34.19,2830932.0,34.18,0.0109593,0.227589,75552.5
603066.SH,20260820,36900.0,9.04,333576.0,8.96,0.0125433,1.15984,29418.0
603065.SH,20260820,526700.0,16.3,8585210.0,16.3,0.125714,1.25236,41896.8
603063.SH,20260820,54200.0,32.18,1744156.0,31.55,0.0117257,0.218768,46223.3
603062.SH,20260820,1000.0,39.15,39150.0,38.95,0.00269737,0.341778,3707.31
603061.SH,20260820,12500.0,331.0,4137500.0,330.17,0.0143678,0.312338,8700.0
603060.SH,20260820,23400.0,5.46,127764.0,5.42,0.00291058,0.481055,80396.4
603059.SH,20260820,4100.0,25.3,103730.0,24.92,0.00408169,0.280373,10044.9
603170.SH,20260820,6200.0,12.39,76818.0,12.36,0.00154996,0.204839,40001.0
603171.SH,20260820,19900.0,43.2,859680.0,43.13,0.00490281,0.215874,40589.0
603172.SH,20260820,11000.0,17.37,191070.0,17.12,0.00824711,0.733721,13338.0
603286.SH,20260820,15500.0,40.96,634880.0,40.28,0.013261,0.342446,11688.4
603284.SH,20260820,14500.0,42.58,617410.0,41.92,0.076908,0.387762,1885.37
603283.SH,20260820,159520.0,47.41,7562843.0,46.37,0.0452505,0.509341,35252.6
603282.SH,20260820,6000.0,15.2,91200.0,14.91,0.00448363,0.520156,13382.0
603281.SH,20260820,8300.0,19.16,159028.0,19.1,0.00160035,0.127972,51863.7
603280.SH,20260820,35500.0,27.3,969150.0,27.2,0.0327471,0.738383,10840.7
603279.SH,20260820,4100.0,12.36,50676.0,12.41,0.000711345,0.0790945,57637.3
603278.SH,20260820,49900.0,8.97,447603.0,8.9,0.0146009,0.352746,34175.9
603277.SH,20260820,84600.0,11.9,1006740.0,12.08,0.0138746,0.625534,60974.6
603276.SH,20260820,14400.0,16.07,231408.0,16.05,0.0190785,0.526887,7547.74
603275.SH,20260820,2100.0,35.38,74298.0,34.82,0.00505586,0.284836,4153.6
603273.SH,20260820,900.0,14.23,12807.0,14.23,0.00160547,0.0395503,5605.84
603272.SH,20260820,23500.0,13.73,322655.0,13.6,0.0226775,0.452796,10362.7
603271.SH,20260820,11400.0,43.3,493620.0,43.0,0.0120538,0.637911,9457.6
603270.SH,20260820,15000.0,28.26,423900.0,27.6,0.0212114,0.370734,7071.67
603269.SH,20260820,74480.0,18.19,1354791.0,17.86,0.0172429,0.273104,43194.6
603268.SH,20260820,6000.0,181.98,1091880.0,179.5,0.00257235,0.121235,23325.0
603267.SH,20260820,23100.0,49.5,1143450.0,48.88,0.0099965,0.244092,23108.1
603266.SH,20260820,3900.0,15.28,59592.0,15.28,0.00196092,0.255643,19888.7
603262.SH,20260820,10900.0,18.05,196745.0,18.0,0.0104458,0.271848,10434.8
603261.SH,20260820,4700.0,51.46,241862.0,50.47,0.00606412,0.153308,7750.5
603260.SH,20260820,21700.0,35.66,773822.0,35.41,0.00183555,0.214157,118221.0
603259.SH,20260820,1383500.0,171.0,236578500.0,164.0,0.0559379,2.27603,247328.0
603258.SH,20260820,5100.0,12.44,63444.0,12.34,0.00211319,0.17402,24134.1
603257.SH,20260820,3500.0,62.78,219730.0,62.45,0.0140562,0.329542,2490.0
603256.SH,20260820,86700.0,141.5,12268050.0,141.5,0.00985532,0.40728,87972.8
603255.SH,20260820,500.0,27.84,13920.0,27.76,0.000824059,0.0436926,6067.52
603248.SH,20260820,19200.0,18.48,354816.0,18.51,0.0268513,0.441292,7150.5
603285.SH,20260820,85100.0,34.5,2935950.0,34.1,0.136604,1.06722,6229.68
603288.SH,20260820,25200.0,35.3,889560.0,35.32,0.000453252,0.228441,555982.0
603173.SH,20260820,300.0,31.4,9420.0,31.23,0.0001875,0.0294713,16000.0
603289.SH,20260820,6100.0,8.65,52765.0,8.57,0.00207909,0.0661374,29339.8
603322.SH,20260820,14600.0,26.3,383980.0,26.02,0.00926474,0.172266,15758.7
603321.SH,20260820,24700.0,6.28,155116.0,6.23,0.00716847,0.734857,34456.4
603320.SH,20260820,4100.0,16.4,67240.0,16.31,0.00274898,0.254531,14914.6
603319.SH,20260820,60900.0,25.54,1555386.0,25.79,0.0179567,0.516548,33915.0
603318.SH,20260820,347900.0,8.98,3124142.0,9.0,0.0757835,0.86981,45907.1
603317.SH,20260820,9700.0,14.58,141426.0,14.5,0.000913305,0.0787654,106208.0
603316.SH,20260820,39900.0,14.21,566979.0,13.98,0.0150985,0.396341,26426.4
603315.SH,20260820,9700.0,11.48,111356.0,11.35,0.00302778,0.139209,32036.6
603313.SH,20260820,74000.0,6.1,451400.0,6.1,0.0129691,0.305969,57058.7
603312.SH,20260820,1700.0,30.35,51595.0,30.35,0.0033386,0.0995874,5091.95
603311.SH,20260820,4800.0,29.21,140208.0,29.0,0.0020349,0.112205,23588.4
603310.SH,20260820,1400.0,14.7,20580.0,14.61,0.000721612,0.0690258,19401.0
603309.SH,20260820,23800.0,11.63,276794.0,11.6,0.00815428,0.398558,29187.1
603308.SH,20260820,37508.0,46.93,1760250.0,46.35,0.00540105,0.21422,69445.7
603307.SH,20260820,4100.0,25.08,102828.0,24.94,0.00422028,0.601848,9715.0
603306.SH,20260820,57000.0,71.98,4102860.0,70.11,0.0172992,0.392032,32949.6
603305.SH,20260820,70500.0,11.33,798765.0,11.12,0.00610015,0.406425,115571.0
603303.SH,20260820,600.0,22.22,13332.0,22.06,0.000125801,0.0297319,47694.5
603301.SH,20260820,4500.0,81.85,368325.0,81.73,0.00170534,0.22307,26387.6
603300.SH,20260820,47000.0,4.74,222780.0,4.74,0.00235095,0.0984618,199919.0
603299.SH,20260820,4400.0,9.1,40040.0,9.11,0.000563737,0.0804379,78050.6
603298.SH,20260820,2500.0,25.99,64975.0,25.91,0.000190867,0.0608509,130981.0
603297.SH,20260820,900.0,102.4,92160.0,102.4,0.000812794,0.0622105,11072.9
603296.SH,20260820,112000.0,79.39,8891680.0,78.1,0.0140246,0.340738,79859.6
603293.SH,20260820,1700.0,35.36,60112.0,35.09,0.00484379,0.0960776,3509.65
603291.SH,20260820,1900.0,9.0,17100.0,9.02,0.000448938,0.0600133,42322.1
603290.SH,20260820,403300.0,98.01,39527433.0,100.31,0.168411,4.31854,23947.3
603239.SH,20260820,6800.0,14.24,96832.0,14.24,0.00251182,0.181706,27072.0
603238.SH,20260820,20000.0,12.27,245400.0,12.11,0.011267,0.911005,17750.9
603237.SH,20260820,1900.0,14.0,26600.0,14.14,0.00100102,0.130696,18980.7
603236.SH,20260820,82000.0,59.99,4919180.0,59.12,0.0203498,0.317075,40295.3
603202.SH,20260820,5800.0,51.26,297308.0,51.28,0.0115507,0.654295,5021.36
603201.SH,20260820,16100.0,15.11,243271.0,15.01,0.0085477,0.388426,18835.5
603200.SH,20260820,8600.0,35.14,302204.0,35.09,0.00490084,0.244817,17548.0
603199.SH,20260820,129800.0,32.97,4279506.0,31.68,0.117275,10.6522,11068.0
603198.SH,20260820,13300.0,39.5,525350.0,39.5,0.0016625,0.166827,80000.0
603197.SH,20260820,1000.0,29.92,29920.0,29.82,0.000473592,0.0382877,21115.2
603196.SH,20260820,5100.0,19.79,100929.0,19.53,0.00215201,0.253959,23698.8
603195.SH,20260820,12400.0,39.32,487568.0,39.01,0.000688826,0.28441,180016.0
603194.SH,20260820,15800.0,33.0,521400.0,33.21,0.0099983,1.51118,15802.7
603193.SH,20260820,10400.0,20.64,214656.0,20.34,0.0100642,0.422582,10333.6
603192.SH,20260820,6500.0,20.01,130065.0,19.62,0.00466262,0.388763,13940.6
603191.SH,20260820,48100.0,14.88,715728.0,14.69,0.0145773,0.201752,32996.5
603190.SH,20260820,5900.0,16.33,96347.0,16.23,0.0035119,0.310796,16800.0
603189.SH,20260820,2400.0,8.85,21240.0,8.78,0.000890378,0.0705841,26954.8
603188.SH,20260820,154200.0,4.6,709320.0,4.62,0.0270446,0.467143,57017.0
603187.SH,20260820,38500.0,11.1,427350.0,11.1,0.010069,0.281535,38236.2
603186.SH,20260820,582400.0,173.47,101028928.0,175.0,0.371451,2.70038,15679.1
603185.SH,20260820,10700.0,16.88,180616.0,16.68,0.0015758,0.113029,67902.2
603183.SH,20260820,83500.0,4.58,382430.0,4.57,0.0167956,0.490208,49715.3
603182.SH,20260820,98900.0,13.32,1317348.0,13.11,0.0601033,3.33822,16455.0
603181.SH,20260820,1000.0,12.6,12600.0,12.6,0.000169866,0.0140949,58870.0
603180.SH,20260820,8000.0,15.54,124320.0,15.33,0.00518615,0.296147,15425.7
603179.SH,20260820,187200.0,35.7,6683040.0,35.66,0.0262112,0.763094,71419.9
603178.SH,20260820,58400.0,16.12,941408.0,16.06,0.0247026,0.397013,23641.2
603177.SH,20260820,40900.0,10.16,415544.0,10.0,0.0200302,0.316795,20419.2
603176.SH,20260820,3100.0,4.77,14787.0,4.74,0.000671262,0.0836119,46181.7
603175.SH,20260820,2600.0,92.06,239356.0,91.06,0.00571752,0.0864283,4547.42
603203.SH,20260820,14100.0,43.5,613350.0,42.78,0.00432204,0.160785,32623.5
603205.SH,20260820,3500.0,21.46,75110.0,21.46,0.00846638,0.479333,4134.0
603206.SH,20260820,8800.0,13.65,120120.0,13.5,0.00288336,0.183308,30520.0
603221.SH,20260820,8325000.0,24.3,202297500.0,27.0,3.43625,49.2132,24227.0
603235.SH,20260820,1300.0,23.35,30355.0,23.11,0.000296953,0.194522,43778.0
603233.SH,20260820,10800.0,18.06,195048.0,17.91,0.000948321,0.152961,113885.0
603232.SH,20260820,27600.0,14.75,407100.0,14.52,0.0119326,0.17946,23130.0
603231.SH,20260820,0.0,,0.0,15.91,0.0,0.0,10626.6
603230.SH,20260820,1200.0,9.05,10860.0,9.08,0.00033944,0.0536932,35352.3
603229.SH,20260820,11700.0,8.15,95355.0,7.97,0.00140913,0.121941,83029.7
603228.SH,20260820,584000.0,88.99,51970160.0,88.11,0.0594757,1.07741,98191.4
603227.SH,20260820,36700.0,7.75,284425.0,7.75,0.00342449,0.367537,107169.0
603226.SH,20260820,7300.0,45.0,328500.0,44.01,0.00205349,0.159166,35549.2
603225.SH,20260820,22800.0,18.94,431832.0,19.0,0.00136646,0.199295,166855.0
603223.SH,20260820,3500.0,10.45,36575.0,10.4,0.000495876,0.0399933,70582.2
603222.SH,20260820,87300.0,8.67,756891.0,8.42,0.0166257,0.457275,52509.1
603220.SH,20260820,79900.0,18.48,1476552.0,18.21,0.0148968,0.186469,53635.8
603207.SH,20260820,481900.0,25.33,12206527.0,25.33,0.882553,12.0739,5460.29
603219.SH,20260820,73200.0,14.0,1024800.0,13.43,0.0130388,2.62891,56140.0
603218.SH,20260820,7500.0,9.64,72300.0,9.61,0.000728908,0.120479,102894.0
603217.SH,20260820,9600.0,26.32,252672.0,25.88,0.00461344,0.204351,20808.8
603216.SH,20260820,24000.0,20.05,481200.0,19.79,0.0107773,0.645904,22269.0
603215.SH,20260820,300.0,14.12,4236.0,14.03,0.000160232,0.0304356,18722.8
603214.SH,20260820,21900.0,13.73,300687.0,13.61,0.0158077,1.22008,13854.0
603213.SH,20260820,5700.0,13.63,77691.0,13.62,0.00128121,0.266081,44489.4
603212.SH,20260820,17200.0,11.61,199692.0,11.49,0.00393151,0.171602,43749.1
603211.SH,20260820,58300.0,24.93,1453419.0,25.83,0.021449,0.846276,27180.8
603210.SH,20260820,5400.0,13.51,72954.0,13.45,0.00232081,0.171817,23267.8
603209.SH,20260820,52600.0,13.7,720620.0,13.7,0.0163612,1.27299,32149.2
603208.SH,20260820,20300.0,11.09,225127.0,10.94,0.011542,0.955078,17587.9
603817.SH,20260820,7600.0,5.63,42788.0,5.63,0.00133314,0.120084,57008.4
603818.SH,20260820,1294100.0,3.51,4542291.0,3.6,0.188495,6.89941,68654.4
603819.SH,20260820,53800.0,13.87,746206.0,13.73,0.0247095,0.709884,21773.0
688143.SH,20260820,132690.0,129.29,17155490.0,126.26,0.10843,0.637012,12237.4
688139.SH,20260820,192489.0,29.5,5678426.0,28.33,0.0608194,6.6327,31649.3
688138.SH,20260820,22635.0,35.9,812597.0,35.28,0.00719028,0.218017,31480.0
688137.SH,20260820,808040.0,67.49,54534620.0,56.24,1.15571,10.3218,6991.75
688136.SH,20260820,80320.0,20.68,1661018.0,19.71,0.0397653,1.74814,20198.5
688135.SH,20260820,44330.0,25.6,1134848.0,25.14,0.0190173,0.375731,23310.4
688133.SH,20260820,20936.0,23.04,482365.0,22.78,0.0127319,0.329523,16443.7
688132.SH,20260820,2727.0,13.1001,35724.0,13.0,0.00179142,0.277136,15222.5
688131.SH,20260820,133966.0,102.61,13746251.0,97.0,0.0628258,1.91778,21323.4
688130.SH,20260820,12821.0,24.46,313602.0,24.06,0.0212673,0.41438,6028.51
688129.SH,20260820,2811.0,21.1,59312.0,20.8,0.00233319,0.260949,12047.9
688128.SH,20260820,2100.0,21.8,45780.0,21.63,0.000519159,0.113454,40450.0
688127.SH,20260820,38427.0,66.57,2558085.0,65.63,0.00946716,0.517784,40589.8
688126.SH,20260820,777173.0,26.35,20478509.0,26.7,0.027345,0.733271,284210.0
688125.SH,20260820,2265.0,120.53,273000.0,117.79,0.00275536,0.17628,8220.35
688123.SH,20260820,58575.0,144.0,8434800.0,141.4,0.0368622,0.446079,15890.3
688122.SH,20260820,25750.0,49.1,1264325.0,48.83,0.00396358,0.270337,64966.4
688121.SH,20260820,294118.0,1.99,585295.0,1.98,0.145124,3.66035,20266.7
688120.SH,20260820,30375.0,275.0,8353125.0,271.54,0.00612052,0.271716,49628.1
688119.SH,20260820,120369.0,3.86,464624.0,3.79,0.0106995,1.29282,112500.0
688118.SH,20260820,33937.0,20.15,683831.0,20.24,0.0363675,0.875089,9331.67
688117.SH,20260820,162694.0,27.3,4441546.0,26.9,0.0738376,1.4542,22034.0
688116.SH,20260820,13653.0,31.45,429387.0,31.45,0.00372491,0.244117,36653.2
688115.SH,20260820,14149.0,69.13,978120.0,68.08,0.0151589,0.394585,9333.8
688114.SH,20260820,669592.0,64.0,42853888.0,57.59,0.1611,5.18762,41563.8
688113.SH,20260820,1813.0,35.0,63455.0,34.79,0.00281532,0.348755,6439.76
688112.SH,20260820,68774.0,69.3,4766038.0,67.84,0.0430923,1.39183,15959.7
688111.SH,20260820,36961.0,249.7,9229162.0,247.13,0.0079655,0.343471,46401.3
688141.SH,20260820,125109.0,125.0,15638625.0,120.0,0.0277821,0.647356,45032.2
688146.SH,20260820,198317.0,280.0,55528760.0,275.33,0.136798,0.998195,14497.1
688109.SH,20260820,1462.0,74.4603,108861.0,73.1,0.00185433,0.13007,7884.23
688147.SH,20260820,24975.0,119.85,2993254.0,117.32,0.00537718,0.190065,46446.3
688178.SH,20260820,57500.0,28.36,1630700.0,28.2,0.0676488,4.03029,8499.78
688177.SH,20260820,63270.0,21.58,1365367.0,20.57,0.0152797,0.852276,41408.0
688176.SH,20260820,73269.0,12.5,915863.0,12.2,0.012805,0.457719,57219.2
688175.SH,20260820,3897.0,19.2099,74861.0,18.98,0.0023181,0.156945,16811.2
688173.SH,20260820,35496.0,13.36,474227.0,13.13,0.00862901,0.407232,41135.7
688172.SH,20260820,27108.0,54.5,1477386.0,53.57,0.00226135,0.193305,119875.0
688171.SH,20260820,10320.0,26.49,273377.0,26.88,0.00883178,0.588728,11685.1
688170.SH,20260820,32978.0,52.6,1734643.0,51.78,0.031906,0.642701,10336.0
688169.SH,20260820,25193.0,118.51,2985622.0,118.0,0.00970637,0.347104,25955.1
688168.SH,20260820,11943.0,35.36,422304.0,35.81,0.0110523,0.320689,10805.9
688167.SH,20260820,60667.0,270.5,16410424.0,266.9,0.0466171,0.422334,13013.9
688166.SH,20260820,165863.0,39.0,6468657.0,37.49,0.0380599,0.837301,43579.5
688165.SH,20260820,34359.0,16.67,572765.0,16.45,0.00658496,0.363419,52178.0
688163.SH,20260820,200.0,33.9,6780.0,33.06,0.000184809,0.015358,10822.0
688162.SH,20260820,2800.0,22.76,63728.0,22.26,0.00204229,0.270222,13710.1
688161.SH,20260820,0.0,,0.0,21.75,0.0,0.0,40000.0
688160.SH,20260820,5097.0,102.21,520964.0,100.56,0.00558788,0.239208,9121.52
688159.SH,20260820,12600.0,31.85,401310.0,31.61,0.013576,0.304952,9281.07
688158.SH,20260820,84440.0,32.97,2783987.0,32.5,0.0206015,0.257874,40987.4
688157.SH,20260820,4227.0,18.6399,78791.0,18.5,0.00225179,0.182642,18771.7
688156.SH,20260820,11366.0,19.34,219818.0,19.11,0.0112854,0.407208,10071.4
688155.SH,20260820,3411.0,58.8801,200840.0,57.73,0.00267824,0.17138,12736.0
688153.SH,20260820,4941.0,25.83,127626.0,25.52,0.00118159,0.113823,41816.5
688152.SH,20260820,242574.0,36.0,8732664.0,37.93,0.238056,5.1439,10189.8
688151.SH,20260820,8316.0,16.1,133888.0,15.89,0.00241393,0.230372,34450.0
688150.SH,20260820,31027.0,39.0,1210053.0,38.3,0.00770977,0.307457,40243.8
688148.SH,20260820,15531.0,6.34003,98467.0,6.31,0.00304426,0.0705315,51017.3
688110.SH,20260820,92841.0,116.8,10843829.0,114.51,0.0209868,0.503516,44237.7
688108.SH,20260820,41824.0,18.2,761197.0,17.71,0.0100069,0.280365,41795.2
688037.SH,20260820,24170.0,353.0,8532010.0,344.69,0.0119792,0.42492,20176.7
688073.SH,20260820,65397.0,73.0,4773981.0,70.48,0.0719574,0.877395,9088.29
688071.SH,20260820,1821.0,33.5003,61004.0,33.29,0.00214767,0.0618299,8478.97
688070.SH,20260820,4809.0,34.5001,165911.0,34.0,0.00543878,0.225269,8842.05
688069.SH,20260820,0.0,,0.0,31.77,0.0,0.0,15663.3
688068.SH,20260820,27793.0,109.62,3046669.0,104.14,0.0299642,0.581932,9275.41
688067.SH,20260820,1494.0,22.2503,33242.0,22.13,0.00219706,0.176473,6800.0
688066.SH,20260820,32654.0,8.61,281151.0,8.66,0.0124004,0.446463,26332.9
688065.SH,20260820,55527.0,47.16,2618653.0,46.25,0.00951818,1.13841,58337.8
688063.SH,20260820,12636.0,44.35,560407.0,43.6,0.00515,0.263938,24535.9
688062.SH,20260820,99973.0,33.5,3349096.0,31.38,0.0434212,0.930143,23024.0
688061.SH,20260820,3686.0,36.6899,135239.0,36.58,0.0032083,0.201514,11488.9
688060.SH,20260820,800.0,34.05,27240.0,33.82,0.00132911,0.218981,6019.07
688059.SH,20260820,6338.0,91.5401,580181.0,90.2,0.0048378,0.0992229,13101.0
688058.SH,20260820,7471.0,22.49,168023.0,22.44,0.00985145,0.818741,7583.65
688057.SH,20260820,20160.0,17.9,360864.0,17.45,0.00730435,0.428799,27600.0
688056.SH,20260820,5317.0,41.29,219539.0,41.81,0.00788259,0.408998,6745.25
688055.SH,20260820,41555.0,3.71,154169.0,3.71,0.00124665,0.277581,333333.0
688053.SH,20260820,0.0,,0.0,33.2,0.0,0.0,10000.0
688052.SH,20260820,16013.0,225.0,3602925.0,222.3,0.0111659,0.442209,14341.0
688051.SH,20260820,1800.0,24.1,43380.0,24.16,0.00232757,0.162571,7733.4
688050.SH,20260820,9300.0,40.85,379905.0,40.46,0.00480775,0.187605,19343.8
688049.SH,20260820,10271.0,40.16,412483.0,39.78,0.00583527,0.159105,17601.6
688048.SH,20260820,61490.0,299.0,18385510.0,293.12,0.034882,0.541819,17628.0
688047.SH,20260820,9478.0,107.77,1021444.0,106.75,0.00236359,0.21066,40100.0
688046.SH,20260820,355944.0,37.55,13365697.0,36.0,0.0867762,1.62846,41018.6
688045.SH,20260820,11566.0,61.18,707608.0,60.96,0.0163878,0.335005,7057.7
688041.SH,20260820,85396.0,261.99,22372898.0,259.74,0.00367399,0.366443,232434.0
688039.SH,20260820,200.0,33.25,6650.0,32.92,0.000180829,0.0120512,11060.1
688072.SH,20260820,24678.0,699.99,17274353.0,690.0,0.00872961,0.382888,28269.3
688075.SH,20260820,0.0,,0.0,29.08,0.0,0.0,12708.3
688107.SH,20260820,12745.0,31.47,401085.0,30.98,0.0031795,0.176819,40084.9
688076.SH,20260820,174426.0,27.6,4814158.0,26.89,0.0550559,9.945,31681.6
688106.SH,20260820,36694.0,28.39,1041743.0,27.96,0.00691616,0.148825,53055.5
688105.SH,20260820,1586696.0,25.0,39667400.0,21.27,0.306913,8.4008,51698.5
688103.SH,20260820,31221.0,73.0,2279133.0,71.01,0.0327554,1.10343,9531.56
688102.SH,20260820,674546.0,35.5,23946383.0,36.56,0.0866127,2.29149,77880.7
688101.SH,20260820,0.0,,0.0,15.03,0.0,0.0,33201.2
688100.SH,20260820,13849.0,26.18,362567.0,26.1,0.00281664,0.208469,49168.5
688099.SH,20260820,62691.0,95.0,5955645.0,93.38,0.0148094,0.503123,42332.0
688098.SH,20260820,92984.0,8.3,771767.0,8.07,0.0226435,1.74483,41064.4
688097.SH,20260820,15445.0,46.63,720200.0,46.16,0.00345798,0.186333,44664.8
688096.SH,20260820,24201.0,8.37998,202804.0,8.3,0.0103531,0.411542,23375.6
688095.SH,20260820,7806.0,60.99,476088.0,60.23,0.00854427,0.151639,9135.95
688093.SH,20260820,4818.0,25.44,122570.0,25.44,0.00171837,0.188526,28038.3
688092.SH,20260820,1677.0,22.1199,37095.0,22.08,0.0020287,0.262033,8266.37
688091.SH,20260820,89227.0,43.0,3836761.0,39.65,0.0432987,2.1716,20607.3
688090.SH,20260820,24489.0,68.95,1688517.0,68.8,0.0154288,0.319407,15872.2
688089.SH,20260820,0.0,,0.0,7.26,0.0,0.0,16636.0
688088.SH,20260820,7532.0,32.0801,241627.0,31.74,0.00187751,0.117301,40117.0
688087.SH,20260820,2015.0,40.9901,82595.0,40.66,0.00108191,0.100925,18624.5
688085.SH,20260820,7000.0,13.33,93310.0,13.06,0.00199649,0.190479,35061.6
688084.SH,20260820,2056.0,43.8799,90217.0,43.47,0.00271745,0.140201,7565.91
688083.SH,20260820,5213.0,54.0,281502.0,53.66,0.00307286,0.0921318,16964.6
688082.SH,20260820,46146.0,300.0,13843800.0,295.96,0.00966584,0.588563,47741.3
688081.SH,20260820,5600.0,28.15,157640.0,28.1,0.00543478,0.339243,10304.0
688080.SH,20260820,0.0,,0.0,35.68,0.0,0.0,7365.61
688079.SH,20260820,14685.0,15.9,233492.0,15.7,0.00362924,0.104406,40463.0
688078.SH,20260820,7600.0,22.71,172596.0,22.7,0.0104262,1.11548,7289.3
688077.SH,20260820,20376.0,30.13,613929.0,29.75,0.017799,0.380123,11447.9
688179.SH,20260820,507613.0,22.28,11309618.0,23.45,0.140222,2.13771,36200.6
688180.SH,20260820,569884.0,39.69,22618696.0,37.3,0.0743591,2.23712,76639.4
688181.SH,20260820,19960.0,39.2,782432.0,38.83,0.0150041,0.303581,13303.0
688288.SH,20260820,10659.0,17.9,190796.0,17.86,0.0106789,0.98929,9981.37
688285.SH,20260820,9300.0,7.58,70494.0,7.53,0.0024715,0.4382,37629.0
688283.SH,20260820,1214.0,28.2998,34356.0,28.06,0.000996716,0.106465,12180.0
688282.SH,20260820,14925.0,57.75,861919.0,56.13,0.0167641,1.01385,8902.93
688281.SH,20260820,7336.0,46.08,338043.0,46.07,0.00192244,0.243235,38159.9
688280.SH,20260820,31691.0,5.43,172082.0,5.35,0.00608805,0.287487,52054.4
688279.SH,20260820,3600.0,167.94,604584.0,166.66,0.00384788,0.146225,9355.81
688278.SH,20260820,262362.0,66.79,17523158.0,64.4,0.0642746,3.6895,40818.9
688277.SH,20260820,39200.0,15.9,623280.0,15.88,0.00840399,0.45834,46644.5
688276.SH,20260820,1438954.0,18.71,26922829.0,15.59,0.347861,66.9461,41365.8
688275.SH,20260820,21637.0,81.89,1771854.0,80.37,0.0171561,0.597398,12611.8
688273.SH,20260820,4700.0,30.75,144525.0,29.75,0.0047,0.455808,10000.0
688272.SH,20260820,13379.0,28.29,378492.0,28.05,0.0176039,0.847688,7600.0
688271.SH,20260820,51981.0,107.51,5588477.0,108.65,0.00630716,0.925781,82415.8
688270.SH,20260820,133558.0,65.91,8802808.0,67.09,0.0445915,1.72895,29951.5
688269.SH,20260820,5873.0,30.77,180712.0,30.45,0.00449336,0.476516,13070.4
688268.SH,20260820,27950.0,148.68,4155606.0,145.02,0.0218903,0.382901,12768.2
688267.SH,20260820,167720.0,18.47,3097788.0,18.85,0.0735175,8.56428,22813.6
688266.SH,20260820,102903.0,127.65,13135568.0,122.54,0.0388741,1.49684,26470.8
688265.SH,20260820,75024.0,43.1,3233534.0,41.43,0.0962296,1.55883,7796.35
688262.SH,20260820,52695.0,27.11,1428561.0,26.59,0.015683,0.479895,33600.0
688261.SH,20260820,80759.0,72.0,5814648.0,69.9,0.0661435,1.11872,12209.7
688260.SH,20260820,69757.0,106.0,7394242.0,104.0,0.0581308,0.830402,12000.0
688259.SH,20260820,6577.0,30.5899,201190.0,30.31,0.00588809,0.515318,11170.0
688258.SH,20260820,19871.0,101.36,2014125.0,98.39,0.016403,0.501634,12114.2
688257.SH,20260820,56150.0,58.35,3276353.0,57.15,0.0158052,0.344175,35526.3
688256.SH,20260820,48431.0,1060.02,51337829.0,1050.49,0.00770147,0.379837,62885.4
688255.SH,20260820,11137.0,25.33,282100.0,25.09,0.0101376,0.363965,10985.9
688286.SH,20260820,214420.0,49.0,10506580.0,46.43,0.273797,2.54292,7831.35
688289.SH,20260820,184486.0,16.5,3044019.0,15.65,0.0318415,1.84514,57938.8
688182.SH,20260820,46317.0,28.69,1328835.0,28.07,0.0115792,0.474549,40000.0
688290.SH,20260820,6906.0,66.9401,462288.0,65.66,0.00675802,0.68553,10219.0
688319.SH,20260820,265240.0,29.29,7768880.0,27.32,0.0654252,2.74835,40540.9
688318.SH,20260820,4290.0,76.2599,327155.0,76.3,0.00119643,0.0595222,35856.7
688317.SH,20260820,106995.0,18.09,1935540.0,17.39,0.0563595,2.60605,18984.4
688316.SH,20260820,4035.0,48.97,197594.0,48.48,0.00842413,0.0869862,4789.81
688315.SH,20260820,419569.0,16.4,6880932.0,14.87,0.100809,3.68282,41620.0
688314.SH,20260820,0.0,,0.0,31.5,0.0,0.0,8162.83
688313.SH,20260820,246789.0,154.0,38005506.0,151.41,0.054601,0.981074,45198.6
688312.SH,20260820,18732.0,47.67,892954.0,47.4,0.0127676,0.29419,14671.5
688311.SH,20260820,10129.0,22.86,231549.0,22.61,0.00578446,0.2007,17510.7
688310.SH,20260820,11497.0,14.85,170730.0,14.72,0.00699652,0.946455,16432.5
688309.SH,20260820,1970.0,74.03,145839.0,73.47,0.00248107,0.0754118,7940.13
688308.SH,20260820,34123.0,96.38,3288775.0,94.48,0.0214905,0.334291,15878.2
688307.SH,20260820,12469.0,48.14,600258.0,47.69,0.0100327,0.203137,12428.4
688306.SH,20260820,24808.0,8.80998,218558.0,8.73,0.00201973,0.230651,122828.0
688305.SH,20260820,27124.0,64.47,1748684.0,63.88,0.0205153,0.359785,13221.4
688303.SH,20260820,14475.0,17.89,258958.0,17.82,0.000678799,0.12657,213244.0
688302.SH,20260820,28691.0,37.25,1068740.0,35.51,0.0289762,1.65354,9901.56
688301.SH,20260820,9846.0,98.16,966483.0,96.33,0.00314158,0.123326,31340.9
688300.SH,20260820,50569.0,144.0,7281936.0,140.25,0.0209422,0.319029,24146.9
688299.SH,20260820,1300.0,12.88,16744.0,12.8,0.000452342,0.0275716,28739.3
688298.SH,20260820,35339.0,19.19,678155.0,18.97,0.0175293,2.37199,20160.0
688297.SH,20260820,13598.0,39.11,531818.0,38.83,0.00201452,0.22579,67500.0
688296.SH,20260820,48552.0,26.58,1290512.0,26.09,0.0452096,0.598929,10739.3
688295.SH,20260820,12117.0,39.21,475108.0,38.68,0.00134633,0.190389,90000.0
688293.SH,20260820,47105.0,63.0,2967615.0,60.38,0.0402037,0.843815,11716.6
688292.SH,20260820,2992.0,16.9499,50714.0,16.83,0.00188947,0.107305,15835.1
688291.SH,20260820,10855.0,40.9,443970.0,40.78,0.010573,0.620517,10266.7
688253.SH,20260820,3970.0,57.8801,229784.0,55.74,0.00289814,0.139437,13698.4
688252.SH,20260820,69617.0,20.4,1420187.0,20.14,0.0170204,0.899985,40902.1
688251.SH,20260820,3100.0,21.25,65875.0,21.12,0.003103,0.231499,9990.33
688249.SH,20260820,49097.0,40.68,1997266.0,39.75,0.00244557,0.187535,200759.0
688211.SH,20260820,800.0,30.45,24360.0,30.06,0.000610254,0.116024,13109.3
688210.SH,20260820,8642.0,28.6801,247853.0,28.53,0.00531291,0.18556,16266.1
688209.SH,20260820,26055.0,21.26,553929.0,21.09,0.00600644,0.292291,43378.4
688208.SH,20260820,22903.0,25.35,580591.0,25.09,0.00341741,0.227676,67018.6
688207.SH,20260820,69831.0,19.9,1389637.0,19.4,0.0269646,0.508538,25897.3
688206.SH,20260820,23603.0,40.62,958754.0,39.71,0.00540635,0.243485,43657.9
688205.SH,20260820,45185.0,155.56,7028979.0,153.29,0.0283759,0.327068,15923.7
688203.SH,20260820,3332.0,11.37,37885.0,11.56,0.00164399,0.0441531,20267.8
688202.SH,20260820,106570.0,105.0,11189850.0,99.86,0.0793214,1.09795,13435.2
688201.SH,20260820,3300.0,7.01,23133.0,6.98,0.0010405,0.19506,31715.4
688200.SH,20260820,3632.0,410.36,1490428.0,406.93,0.00180878,0.0884845,20079.8
688199.SH,20260820,1781.0,23.2701,41444.0,23.13,0.00110465,0.0411222,16122.7
688198.SH,20260820,1000.0,77.89,77890.0,77.74,0.000725963,0.119419,13774.8
688197.SH,20260820,22761.0,37.68,857634.0,35.93,0.0355613,1.00282,6400.49
688196.SH,20260820,25855.0,34.8,899754.0,34.8,0.0203277,1.12431,12719.1
688195.SH,20260820,78762.0,165.2,13011482.0,161.88,0.0434933,0.537372,18109.0
688193.SH,20260820,10254.0,47.62,488295.0,46.96,0.0255903,2.31622,4006.99
688192.SH,20260820,79005.0,61.49,4858017.0,59.0,0.0171298,0.893706,46121.4
688191.SH,20260820,30368.0,21.36,648660.0,21.2,0.00925846,0.306824,32800.3
688190.SH,20260820,4704.0,75.54,355340.0,74.2,0.00392,0.447686,12000.0
688189.SH,20260820,13742.0,6.57,90285.0,6.42,0.00503685,0.210516,27282.9
688188.SH,20260820,4560.0,102.88,469133.0,102.4,0.00112438,0.133143,40555.7
688187.SH,20260820,20335.0,49.1,998449.0,49.11,0.0023403,0.326736,86890.8
688186.SH,20260820,1100.0,13.58,14938.0,13.52,0.000392172,0.0265214,28048.9
688185.SH,20260820,837963.0,64.43,53989956.0,53.69,0.732659,33.1815,11437.3
688184.SH,20260820,0.0,,0.0,10.84,0.0,0.0,9816.79
688183.SH,20260820,72737.0,105.99,7709395.0,103.39,0.00868407,0.432515,83759.1
688212.SH,20260820,47679.0,29.68,1415113.0,29.43,0.0354056,0.934503,13466.5
688213.SH,20260820,6691.0,95.08,636180.0,94.58,0.00206825,0.0889611,32350.9
688215.SH,20260820,2900.0,43.29,125541.0,43.08,0.00320969,0.196158,9035.13
688231.SH,20260820,12725.0,29.21,371697.0,29.09,0.0039818,0.35991,31957.9
688248.SH,20260820,36150.0,43.33,1566380.0,42.59,0.00640163,0.59429,56470.0
688247.SH,20260820,100881.0,10.17,1025960.0,9.78,0.0222528,0.564799,45334.0
688246.SH,20260820,6450.0,17.2501,111263.0,17.17,0.00468799,0.228969,13758.6
688244.SH,20260820,7241.0,14.75,106805.0,14.63,0.00479659,0.405641,15096.2
688239.SH,20260820,31495.0,44.26,1393969.0,43.44,0.0164971,0.638507,19091.3
688238.SH,20260820,1822742.0,7.6,13852839.0,6.75,0.281534,6.09052,64743.3
688237.SH,20260820,3472.0,57.4499,199466.0,56.81,0.00387146,0.125045,8968.2
688236.SH,20260820,5200.0,14.46,75192.0,14.4,0.00180288,0.208692,28842.8
688235.SH,20260820,101175.0,298.42,30192644.0,287.56,0.087936,1.73543,11505.5
688234.SH,20260820,181801.0,112.63,20476247.0,112.63,0.0423077,1.24471,42971.1
688233.SH,20260820,68716.0,118.0,8108488.0,116.5,0.0403486,0.532572,17030.6
688232.SH,20260820,2665.0,18.1801,48450.0,18.03,0.000827686,0.124751,32198.2
688230.SH,20260820,6525.0,54.7801,357440.0,54.09,0.00554847,0.495342,11760.0
688216.SH,20260820,14633.0,30.65,448501.0,30.45,0.0137733,0.360295,10624.2
688229.SH,20260820,0.0,,0.0,65.48,0.0,0.0,4440.0
688228.SH,20260820,43653.0,74.33,3244727.0,73.27,0.0646225,1.31162,6755.08
688227.SH,20260820,13403.0,75.99,1018494.0,73.8,0.0118553,0.373473,11305.5
688226.SH,20260820,7898.0,28.7799,227304.0,28.67,0.00418381,0.173524,18877.6
688225.SH,20260820,7940.0,11.88,94327.0,11.83,0.00198495,0.140535,40001.0
688223.SH,20260820,375391.0,4.35,1632951.0,4.32,0.00365543,0.50725,1026940.0
688222.SH,20260820,440828.0,38.0,16751464.0,35.15,0.11002,1.77127,40068.0
688221.SH,20260820,229247.0,21.57,4944858.0,20.66,0.0612013,1.25377,37457.9
688220.SH,20260820,8798.0,96.5,849007.0,95.47,0.00210327,0.0988202,41830.1
688219.SH,20260820,4600.0,10.18,46828.0,10.09,0.000836972,0.0827575,54960.0
688218.SH,20260820,23633.0,39.0,921687.0,39.08,0.0202901,0.499052,11647.5
688217.SH,20260820,5111.0,24.01,122715.0,23.6,0.00915033,0.503593,5585.59
688038.SH,20260820,18132.0,18.05,327283.0,18.24,0.0155809,0.864127,11637.3
688036.SH,20260820,87400.0,56.77,4961698.0,57.25,0.00759218,0.525884,115118.0
603822.SH,20260820,7600.0,54.45,413820.0,55.65,0.0098925,1.1114,7682.59
603988.SH,20260820,46100.0,19.8,912780.0,19.27,0.0196003,0.376652,23520.0
603986.SH,20260820,575249.0,410.0,235852090.0,403.71,0.0860517,0.999164,66849.2
603985.SH,20260820,69700.0,17.21,1199537.0,16.87,0.0158101,0.440632,44085.8
603983.SH,20260820,5700.0,27.0,153900.0,26.88,0.00142145,0.148683,40100.0
603982.SH,20260820,30500.0,5.97,182085.0,5.95,0.00898238,0.774761,33955.4
603980.SH,20260820,24200.0,6.85,165770.0,6.79,0.00357547,0.0827652,67683.3
603979.SH,20260820,102400.0,75.16,7696384.0,72.85,0.0164157,1.13424,62379.3
603978.SH,20260820,58400.0,18.89,1103176.0,18.72,0.0276654,0.776958,21109.4
603977.SH,20260820,80000.0,11.66,932800.0,11.47,0.0128774,1.04811,62124.2
603976.SH,20260820,13000.0,27.64,359320.0,26.85,0.00757512,0.397851,17161.5
603970.SH,20260820,117200.0,10.68,1251696.0,10.9,0.0436012,3.30661,26880.0
603969.SH,20260820,785200.0,7.41,5818332.0,7.1,0.0922079,5.05099,85155.4
603968.SH,20260820,50400.0,10.21,514584.0,10.22,0.0246479,2.51081,20448.0
603967.SH,20260820,5800.0,11.36,65888.0,11.37,0.00167308,0.324452,34666.7
603966.SH,20260820,8400.0,7.74,65016.0,7.67,0.00161633,0.167699,51969.7
603960.SH,20260820,1600.0,15.45,24720.0,15.43,0.000610226,0.0336165,26219.8
603959.SH,20260820,1500.0,4.75,7125.0,4.76,0.000305936,0.0113658,49029.9
603958.SH,20260820,1328700.0,16.98,22561326.0,16.98,0.605717,15.576,21936.0
603956.SH,20260820,57600.0,6.7,385920.0,6.68,0.0101069,0.138064,56990.6
603955.SH,20260820,1400.0,18.79,26306.0,18.71,0.00103154,0.059286,13572.0
603950.SH,20260820,6500.0,58.29,378885.0,57.82,0.00200699,0.0715161,32386.9
603949.SH,20260820,1100.0,13.9,15290.0,13.86,0.000523298,0.0467365,21020.5
603948.SH,20260820,2000.0,20.17,40340.0,20.15,0.00123085,0.182284,16248.9
603939.SH,20260820,10000.0,24.16,241600.0,23.97,0.000824815,0.0944377,121239.0
603938.SH,20260820,51600.0,44.11,2276076.0,43.4,0.0134858,0.275423,38262.4
603937.SH,20260820,19300.0,11.51,222143.0,11.33,0.00923922,0.47642,20889.2
603936.SH,20260820,548864.0,17.91,9830154.0,17.91,0.0870663,0.723271,63039.8
603933.SH,20260820,32200.0,19.66,633052.0,19.48,0.0155147,0.700028,20754.5
603987.SH,20260820,14100.0,7.46,105186.0,7.46,0.00322809,0.339099,43679.1
603989.SH,20260820,125500.0,28.44,3569220.0,27.88,0.031471,0.285239,39878.0
603929.SH,20260820,37700.0,170.65,6433505.0,167.47,0.0176697,0.529138,21336.0
603990.SH,20260820,120300.0,23.5,2827050.0,22.38,0.0394109,0.346365,30524.5
605068.SH,20260820,7000.0,17.34,121380.0,17.2,0.0043157,0.126108,16219.8
605066.SH,20260820,126500.0,7.5,948750.0,7.49,0.0251775,0.612495,50243.3
605060.SH,20260820,22100.0,43.38,958698.0,42.38,0.00925135,0.4397,23888.4
605058.SH,20260820,3600.0,26.68,96048.0,26.24,0.0025188,0.17752,14292.5
605056.SH,20260820,2500.0,13.91,34775.0,13.84,0.000619743,0.0387163,40339.3
605055.SH,20260820,22500.0,9.36,210600.0,9.34,0.00511364,0.685541,44000.0
605050.SH,20260820,2300.0,10.26,23598.0,10.11,0.000466693,0.100283,49282.9
605033.SH,20260820,257100.0,19.83,5098293.0,20.24,0.190163,3.67718,13520.0
605028.SH,20260820,8100.0,25.04,202824.0,24.65,0.0050625,0.499214,16000.0
605020.SH,20260820,46300.0,33.1,1532530.0,32.93,0.00920616,0.313584,50292.4
605018.SH,20260820,9100.0,12.13,110383.0,12.07,0.0019359,0.204331,47006.6
605016.SH,20260820,12400.0,19.62,243288.0,19.73,0.00295229,0.159981,42001.2
605011.SH,20260820,13400.0,16.95,227130.0,16.94,0.00334916,0.223388,40010.0
605009.SH,20260820,2200.0,23.61,51942.0,23.58,0.00102346,0.200533,21495.7
605008.SH,20260820,30500.0,12.72,387960.0,12.75,0.00472164,0.59776,64596.2
605007.SH,20260820,12700.0,15.06,191262.0,14.96,0.00267607,0.218361,47457.7
605006.SH,20260820,59200.0,14.46,856032.0,14.21,0.00905751,0.141578,65360.1
605005.SH,20260820,2300.0,15.52,35696.0,15.36,0.000573566,0.17021,40100.0
605003.SH,20260820,16900.0,21.77,367913.0,21.5,0.0153636,1.22981,11000.0
605001.SH,20260820,33100.0,5.75,190325.0,5.71,0.00842484,0.734526,39288.6
603999.SH,20260820,6700.0,5.6,37520.0,5.54,0.00116319,0.0834994,57600.0
603998.SH,20260820,217600.0,10.34,2249984.0,10.14,0.049558,0.644222,43908.1
603997.SH,20260820,15500.0,11.79,182745.0,11.7,0.0012183,0.0687752,127226.0
603995.SH,20260820,20700.0,26.29,544203.0,26.26,0.00569292,0.20514,36361.0
603993.SH,20260820,3433500.0,18.48,63451080.0,18.0,0.019664,1.55008,1746080.0
603992.SH,20260820,13200.0,20.7,273240.0,20.49,0.0029794,0.331511,44304.2
603991.SH,20260820,5800.0,134.72,781376.0,131.65,0.00647781,0.261646,8953.65
603931.SH,20260820,10700.0,36.05,385735.0,35.75,0.00536184,0.141147,19955.8
603928.SH,20260820,53600.0,12.82,687152.0,12.65,0.0157321,0.307924,34070.4
688035.SH,20260820,48266.0,67.62,3263747.0,65.26,0.0339328,0.487276,14224.0
603881.SH,20260820,660500.0,28.37,18738385.0,28.65,0.0766195,0.760864,86205.2
603879.SH,20260820,18300.0,5.29,96807.0,5.25,0.00509261,0.222288,35934.4
603878.SH,20260820,14300.0,4.91,70213.0,4.89,0.00254834,0.152241,56115.0
603877.SH,20260820,4500.0,12.6,56700.0,12.6,0.000958827,0.197802,46932.4
603876.SH,20260820,86300.0,23.86,2059118.0,23.61,0.00928689,0.348789,92926.7
603871.SH,20260820,13700.0,12.29,168373.0,12.29,0.00100146,0.160066,136801.0
603869.SH,20260820,1800.0,8.64,15552.0,8.69,0.000368383,0.195916,48862.2
603868.SH,20260820,1600.0,30.0,48000.0,29.98,0.000367309,0.154076,43560.0
603867.SH,20260820,3400.0,28.09,95506.0,27.83,0.00157636,0.0622476,21568.7
603866.SH,20260820,7500.0,4.22,31650.0,4.22,0.000468832,0.0694302,159972.0
603863.SH,20260820,600.0,12.32,7392.0,12.33,0.000293183,0.0111528,20465.0
603861.SH,20260820,12300.0,12.1,148830.0,11.96,0.00232696,0.123696,52858.6
603860.SH,20260820,14100.0,26.03,367023.0,25.76,0.0211458,1.84355,6668.0
603859.SH,20260820,32100.0,38.95,1250295.0,38.31,0.0131182,0.465497,24469.8
603858.SH,20260820,41600.0,15.77,656032.0,15.56,0.00394474,0.516909,105457.0
603856.SH,20260820,23800.0,11.34,269892.0,11.39,0.00843804,0.816556,28205.6
603855.SH,20260820,1000.0,15.97,15970.0,15.96,0.000298034,0.0842503,33553.2
603848.SH,20260820,603700.0,14.47,8735539.0,14.66,0.150022,14.7256,40240.7
603843.SH,20260820,21700.0,6.72,145824.0,6.74,0.00310167,0.18373,69962.3
603839.SH,20260820,5000.0,6.9,34500.0,6.95,0.00129194,0.143975,38701.6
603838.SH,20260820,1100.0,9.62,10582.0,9.8,0.000343733,0.0403176,32001.6
603836.SH,20260820,30600.0,8.9,272340.0,8.85,0.0109705,1.06286,27892.9
603833.SH,20260820,62900.0,32.26,2029154.0,32.58,0.0103842,1.26303,60572.7
603829.SH,20260820,9000.0,14.76,132840.0,14.66,0.0048318,0.277249,18626.6
603828.SH,20260820,18800.0,4.5,84600.0,4.53,0.00315468,0.629758,59594.0
603826.SH,20260820,20300.0,17.0,345100.0,16.86,0.0023833,0.283872,85176.0
603825.SH,20260820,33500.0,7.81,261635.0,7.83,0.0132235,1.5949,25333.7
603823.SH,20260820,190400.0,85.5,16279200.0,83.27,0.0457288,0.896051,41636.8
603880.SH,20260820,423300.0,8.14,3445662.0,8.45,0.146449,2.13338,28904.2
603882.SH,20260820,196800.0,29.29,5764272.0,27.96,0.0427701,2.02946,46013.5
603927.SH,20260820,12100.0,13.07,158147.0,13.04,0.00145601,0.111632,83104.0
603883.SH,20260820,110600.0,13.25,1465450.0,13.09,0.0145739,0.470402,75889.0
603926.SH,20260820,3900.0,15.45,60255.0,15.25,0.00168949,0.0812092,23083.9
603922.SH,20260820,1200.0,12.99,15588.0,13.0,0.000669643,0.0562598,17920.0
603920.SH,20260820,36000.0,38.33,1379880.0,37.7,0.00499589,0.0951765,72059.2
603919.SH,20260820,57000.0,16.19,922830.0,15.95,0.0112368,0.606972,50726.0
603918.SH,20260820,69500.0,10.06,699170.0,10.04,0.0190355,0.26954,36510.8
603917.SH,20260820,5300.0,12.23,64819.0,12.16,0.00260008,0.205422,20384.0
603916.SH,20260820,60600.0,11.94,723564.0,11.79,0.0144173,0.346772,42032.8
603915.SH,20260820,4000.0,12.98,51920.0,12.87,0.000609169,0.0686999,65663.2
603912.SH,20260820,125200.0,8.08,1011616.0,7.92,0.0230857,0.291341,54232.6
603909.SH,20260820,65700.0,9.63,632691.0,9.37,0.025204,4.01904,26067.3
603908.SH,20260820,15500.0,18.9,292950.0,18.63,0.0166439,1.61915,9312.7
603906.SH,20260820,53100.0,19.45,1032795.0,19.35,0.00943168,0.228156,56299.6
603903.SH,20260820,70000.0,14.03,982100.0,13.96,0.0274166,0.477766,25531.9
603901.SH,20260820,8100.0,9.25,74925.0,9.21,0.0014238,0.102864,56889.9
603900.SH,20260820,66000.0,6.08,401280.0,6.0,0.0192575,1.05669,34272.4
603899.SH,20260820,1300.0,22.45,29185.0,22.43,0.000141953,0.0514528,91579.5
603898.SH,20260820,15900.0,11.61,184599.0,11.61,0.00529595,0.355017,30022.9
603897.SH,20260820,96600.0,28.89,2790774.0,28.89,0.0467942,0.384238,20643.6
603896.SH,20260820,9500.0,15.05,142975.0,15.01,0.00479208,0.476538,19824.4
603895.SH,20260820,5900.0,24.88,146792.0,25.15,0.00545892,0.357706,10808.0
603893.SH,20260820,96395.0,184.65,17799337.0,182.1,0.0227836,0.602998,42309.0
603890.SH,20260820,166400.0,18.24,3035136.0,18.29,0.0350151,0.280067,47522.3
603889.SH,20260820,14900.0,5.66,84334.0,5.61,0.00158151,0.237503,94213.7
603888.SH,20260820,12300.0,15.89,195447.0,15.87,0.00165721,0.1558,74221.2
603887.SH,20260820,733400.0,9.12,6688608.0,9.3,0.121821,0.933715,60202.9
603886.SH,20260820,127800.0,11.4,1456920.0,11.51,0.05325,1.47035,24000.0
603885.SH,20260820,36100.0,10.49,378689.0,10.47,0.00166436,0.410394,216901.0
605069.SH,20260820,11300.0,10.36,117068.0,10.29,0.0053378,0.293457,21169.8
605077.SH,20260820,21500.0,10.88,233920.0,10.88,0.00718032,0.548277,29943.0
605080.SH,20260820,2000.0,20.29,40580.0,20.31,0.001425,0.140459,14035.1
688002.SH,20260820,108518.0,165.0,17905470.0,162.17,0.0233096,0.850837,46555.0
605599.SH,20260820,67200.0,16.07,1079904.0,15.71,0.00864,0.995534,77777.8
605598.SH,20260820,68300.0,26.55,1813365.0,26.03,0.0281051,1.81586,24301.7
605589.SH,20260820,273700.0,39.08,10696196.0,38.36,0.0323553,0.6085,84591.9
605588.SH,20260820,5000.0,47.7,238500.0,46.8,0.00683999,0.39771,7309.96
605580.SH,20260820,9400.0,17.9,168260.0,17.87,0.00335714,0.226082,28000.0
605577.SH,20260820,465400.0,10.15,4723810.0,10.14,0.104715,5.09922,44444.4
605567.SH,20260820,40000.0,9.02,360800.0,9.0,0.02,1.53251,20000.0
605566.SH,20260820,6400.0,25.87,165568.0,25.45,0.00479976,0.212152,13334.0
605555.SH,20260820,6800.0,11.86,80648.0,11.76,0.00140476,0.180135,48406.9
605507.SH,20260820,14700.0,15.79,232113.0,15.71,0.00187895,0.233786,78235.3
605500.SH,20260820,40400.0,6.87,277548.0,6.84,0.00974903,1.11817,41440.0
605499.SH,20260820,31000.0,122.5,3797500.0,122.75,0.00458568,0.425986,67601.7
605488.SH,20260820,39500.0,27.72,1094940.0,27.88,0.0143127,0.542269,27597.8
605399.SH,20260820,11000.0,10.88,119680.0,10.75,0.00353647,0.332687,31104.4
605398.SH,20260820,1800.0,20.1,36180.0,19.95,0.00110622,0.0609864,16271.6
605389.SH,20260820,2400.0,70.73,169752.0,69.88,0.00135481,0.247447,17714.7
605388.SH,20260820,90700.0,5.94,538758.0,5.94,0.0151045,0.383413,60048.4
605378.SH,20260820,900.0,13.9,12510.0,13.8,0.000344371,0.051557,26134.6
605377.SH,20260820,8700.0,8.8,76560.0,8.81,0.00156286,0.113579,55667.0
605376.SH,20260820,115400.0,150.72,17393088.0,152.24,0.0441131,0.775666,26160.0
605369.SH,20260820,21000.0,17.34,364140.0,17.35,0.00955401,1.40054,21980.3
605368.SH,20260820,2300.0,6.65,15295.0,6.65,0.000321842,0.0585163,71463.6
605366.SH,20260820,17500.0,8.03,140525.0,7.96,0.00226441,0.0792186,77282.8
605365.SH,20260820,9900.0,13.62,134838.0,13.52,0.00197206,0.291642,50201.3
605358.SH,20260820,359300.0,46.0,16527800.0,45.01,0.0465294,0.628477,77219.9
605339.SH,20260820,5600.0,14.15,79240.0,14.0,0.00131985,0.130072,42429.1
605338.SH,20260820,8500.0,20.03,170255.0,19.64,0.00354807,0.301346,23956.7
688001.SH,20260820,35819.0,53.0,1898407.0,52.05,0.00759576,0.309482,47156.6
688003.SH,20260820,136825.0,84.0,11493300.0,81.51,0.0702451,1.68419,19478.2
605086.SH,20260820,1300.0,22.84,29692.0,22.84,0.000725446,0.121122,17920.0
688004.SH,20260820,9580.0,21.79,208748.0,21.66,0.0119618,0.306525,8008.8
688033.SH,20260820,3615.0,5.98008,21618.0,5.94,0.000643011,0.0848355,56219.9
688032.SH,20260820,2051.0,75.1999,154235.0,74.86,0.00165305,0.249967,12407.4
688031.SH,20260820,4410.0,108.77,479676.0,107.0,0.00364054,0.0535131,12113.6
688030.SH,20260820,6664.0,16.55,110289.0,16.49,0.00369738,0.172214,18023.6
688029.SH,20260820,7762.0,73.5,570507.0,72.55,0.00413208,0.291995,18784.7
688028.SH,20260820,10759.0,89.3,960779.0,87.82,0.00712757,0.134314,15094.9
688027.SH,20260820,2035.0,392.16,798046.0,390.17,0.0025319,0.132155,8037.44
688026.SH,20260820,51929.0,16.32,847481.0,16.24,0.0370077,0.729831,14032.0
688025.SH,20260820,20325.0,398.0,8089350.0,387.42,0.0213836,0.457602,9504.94
688023.SH,20260820,14308.0,38.1,545135.0,37.94,0.0140034,0.49879,10217.5
688022.SH,20260820,23127.0,8.18999,189410.0,8.1,0.0131494,1.22304,17587.8
688021.SH,20260820,5600.0,20.67,115752.0,20.42,0.00732853,0.515407,7641.37
688020.SH,20260820,24901.0,133.11,3314572.0,128.73,0.0302186,0.494675,8240.3
688019.SH,20260820,67631.0,256.58,17352762.0,248.64,0.0296164,0.86675,22835.7
688018.SH,20260820,10957.0,112.0,1227184.0,110.83,0.0046748,0.231077,23438.4
688017.SH,20260820,53078.0,318.0,16878804.0,313.53,0.0289521,0.458432,18333.0
688016.SH,20260820,6409.0,91.32,585270.0,90.78,0.00519949,0.435215,12326.2
688015.SH,20260820,3000.0,15.41,46230.0,15.41,0.00158999,0.280708,18868.1
688013.SH,20260820,25490.0,26.24,668858.0,25.48,0.0314088,2.21359,8115.56
688012.SH,20260820,134974.0,375.0,50615250.0,372.0,0.0143255,0.622722,94219.7
688011.SH,20260820,18200.0,82.13,1494766.0,80.8,0.0183537,0.68478,9916.25
688010.SH,20260820,5702.0,25.98,148138.0,25.6,0.00355129,0.140547,16056.2
688009.SH,20260820,58540.0,4.92,288017.0,4.95,0.000679038,0.253425,862102.0
688008.SH,20260820,269928.0,203.08,54816978.0,200.0,0.0235793,0.596558,114476.0
688007.SH,20260820,5889.0,10.48,61717.0,10.4,0.00128129,0.106169,45961.6
688006.SH,20260820,44352.0,23.9,1060013.0,23.8,0.00734703,0.282785,60367.2
688005.SH,20260820,30579.0,26.56,812178.0,26.4,0.00427906,0.26515,71461.9
605337.SH,20260820,4300.0,9.59,41237.0,9.58,0.00110227,0.0781584,39010.3
605336.SH,20260820,9900.0,10.86,107514.0,11.14,0.00539767,0.371537,18341.2
605333.SH,20260820,143300.0,18.12,2596596.0,18.3,0.0308809,2.86883,46404.0
605319.SH,20260820,1300.0,23.68,30784.0,23.65,0.0003734,0.0532999,34815.2
605178.SH,20260820,6600.0,66.1,436260.0,65.0,0.00666128,0.128442,9908.0
605177.SH,20260820,26800.0,19.56,524208.0,19.35,0.0235807,0.638141,11365.2
605169.SH,20260820,25200.0,10.75,270900.0,10.77,0.00890837,0.548456,28288.0
605168.SH,20260820,6400.0,45.95,294080.0,45.57,0.00303581,0.0993077,21081.7
605167.SH,20260820,85600.0,14.6,1249760.0,14.73,0.0167874,0.984597,50990.8
605166.SH,20260820,8300.0,8.23,68309.0,8.1,0.00263715,0.144653,31473.4
605162.SH,20260820,116500.0,9.18,1069470.0,9.14,0.0263071,0.426798,44284.6
605158.SH,20260820,10700.0,7.37,78859.0,7.28,0.00209221,0.376848,51142.0
605155.SH,20260820,1000.0,14.03,14030.0,13.96,0.000533537,0.0398451,18742.8
605151.SH,20260820,11100.0,18.96,210456.0,18.97,0.00824946,0.815889,13455.4
605138.SH,20260820,7300.0,5.81,42413.0,5.8,0.00131396,0.209602,55557.2
605136.SH,20260820,7800.0,7.88,61464.0,7.84,0.00194777,0.0787209,40045.9
605133.SH,20260820,11300.0,27.5,310750.0,27.2,0.00400541,0.119111,28211.8
605128.SH,20260820,36200.0,23.33,844546.0,22.9,0.0115291,0.529055,31398.7
605123.SH,20260820,67600.0,77.14,5214664.0,77.82,0.055789,2.82168,12117.1
605122.SH,20260820,41919.0,11.65,488356.0,11.7,0.0243215,1.70859,17235.4
605118.SH,20260820,2200.0,29.17,64174.0,29.01,0.00053807,0.0801984,40886.9
605117.SH,20260820,22460.0,95.44,2143582.0,94.87,0.00176402,0.141063,127323.0
605116.SH,20260820,494300.0,21.13,10444559.0,20.0,0.121694,11.5311,40618.3
605111.SH,20260820,112000.0,60.5,6776000.0,60.25,0.0269663,0.441631,41533.3
605108.SH,20260820,7200.0,12.47,89784.0,12.33,0.00276923,0.328999,26000.0
605100.SH,20260820,10300.0,33.0,339900.0,33.0,0.00432946,0.232775,23790.5
605099.SH,20260820,2900.0,32.84,95236.0,32.92,0.000721166,0.30545,40212.6
605098.SH,20260820,1400.0,55.58,77812.0,55.52,0.00117399,0.0833836,11925.1
605090.SH,20260820,231200.0,35.37,8177544.0,35.31,0.0327538,1.14652,70587.2
605089.SH,20260820,1200.0,20.29,24348.0,20.3,0.000869565,0.120883,13800.0
605088.SH,20260820,11300.0,20.53,231989.0,20.37,0.00561647,0.342735,20119.4
605179.SH,20260820,637700.0,31.28,19947256.0,34.75,0.159027,2.19493,40100.0
605180.SH,20260820,316100.0,11.7,3698370.0,12.04,0.187041,4.5224,16900.0
605183.SH,20260820,1400.0,14.45,20230.0,14.35,0.000339452,0.111853,41242.9
605268.SH,20260820,158400.0,9.49,1503216.0,9.46,0.0359551,2.86491,44055.0
605318.SH,20260820,2700.0,75.35,203445.0,76.11,0.00214748,0.159388,12572.9
605305.SH,20260820,9860.0,37.16,366398.0,37.16,0.00463956,0.31288,21252.0
605303.SH,20260820,7200.0,20.67,148824.0,20.47,0.00446546,0.212435,16123.7
605300.SH,20260820,401.0,9.73067,3902.0,9.67,8.82485e-05,0.011074,45439.9
605299.SH,20260820,73100.0,12.56,918136.0,12.43,0.0179316,0.738227,40765.9
605298.SH,20260820,0.0,,0.0,45.1,0.0,0.0,18625.1
605296.SH,20260820,11400.0,29.82,339948.0,29.96,0.00220084,0.378211,51798.4
605289.SH,20260820,9300.0,107.46,999378.0,105.07,0.00609901,0.216428,15248.4
605288.SH,20260820,5800.0,55.51,321958.0,55.62,0.0059016,0.229204,9827.85
605287.SH,20260820,8300.0,38.57,320131.0,38.36,0.00592857,0.228929,14000.0
605286.SH,20260820,48800.0,24.88,1214144.0,24.86,0.0290476,0.442247,16800.0
605277.SH,20260820,10500.0,14.52,152460.0,14.36,0.00271883,0.174227,38619.6
605266.SH,20260820,1400.0,16.5,23100.0,16.5,0.000905897,0.0780821,15454.3
605186.SH,20260820,100.0,26.33,2633.0,26.3,7.35294e-05,0.00370395,13600.0
605259.SH,20260820,0.0,,0.0,17.7,0.0,0.0,17248.0
605258.SH,20260820,3500.0,26.58,93030.0,26.38,0.00397727,0.260308,8800.0
605255.SH,20260820,5800.0,68.2,395560.0,68.0,0.00432578,0.541161,13408.0
605228.SH,20260820,34500.0,10.52,362940.0,10.42,0.00723065,0.737752,47713.5
605222.SH,20260820,20400.0,20.03,408612.0,19.64,0.00494057,0.265224,41290.8
605218.SH,20260820,1900.0,14.07,26733.0,14.07,0.000892717,0.0790421,21283.3
605208.SH,20260820,32000.0,14.25,456000.0,13.98,0.00969873,0.285098,32994.0
605199.SH,20260820,14900.0,5.87,87463.0,5.84,0.00372399,0.960671,40010.9
605198.SH,20260820,11100.0,64.5,715950.0,62.22,0.00410297,0.367629,27053.6
605196.SH,20260820,15500.0,34.51,534905.0,34.5,0.00305509,0.11721,50735.1
605189.SH,20260820,75000.0,14.28,1071000.0,14.34,0.0314815,0.476532,23823.5
605188.SH,20260820,15100.0,12.7,191770.0,12.55,0.00297393,0.246544,50774.6
603020.SH,20260820,5700.0,9.92,56544.0,9.85,0.00151742,0.0870476,37563.8
603018.SH,20260820,15060.0,5.15,77559.0,5.14,0.0018385,0.224233,81914.8
001367.SZ,20260820,12600.0,19.59,246834.0,19.33,0.0103587,0.75356,12163.7
600476.SH,20260820,100.0,9.2,920.0,9.28,6.20848e-05,0.00637097,16107.0
600470.SH,20260820,481400.0,5.68,2734352.0,5.8,0.0922929,1.6411,52160.0
600469.SH,20260820,46600.0,5.17,240922.0,5.15,0.00550672,0.577878,84623.9
600468.SH,20260820,69500.0,5.85,406575.0,5.78,0.00638942,0.281334,108774.0
600467.SH,20260820,117300.0,2.33,273309.0,2.33,0.00802878,0.309028,146099.0
600463.SH,20260820,13200.0,7.99,105468.0,7.99,0.0044,0.47128,30000.0
600461.SH,20260820,12800.0,8.89,113792.0,8.91,0.000996763,0.167311,128416.0
600460.SH,20260820,1183100.0,34.49,40805119.0,34.49,0.0710967,1.05304,166407.0
600459.SH,20260820,429320.0,22.4,9616768.0,21.62,0.0565113,1.061,75970.6
600458.SH,20260820,440800.0,11.59,5108872.0,11.15,0.0507151,2.52344,86916.9
600456.SH,20260820,19100.0,26.67,509397.0,26.59,0.00399768,0.318644,47777.8
600455.SH,20260820,13600.0,23.75,323000.0,23.79,0.0217746,1.06579,6245.8
600452.SH,20260820,56900.0,8.98,510962.0,8.95,0.00370312,0.21491,153654.0
600449.SH,20260820,115600.0,11.65,1346740.0,11.54,0.0241749,0.552287,47818.1
600448.SH,20260820,31300.0,2.87,89831.0,2.86,0.00496968,0.297544,62982.0
600446.SH,20260820,27400.0,10.43,285782.0,10.4,0.00291097,0.169362,94126.8
600444.SH,20260820,280400.0,14.19,3978876.0,14.3,0.191501,7.67011,14642.2
600439.SH,20260820,204200.0,1.86,379812.0,1.83,0.0180391,1.2436,113199.0
600438.SH,20260820,105400.0,12.32,1298528.0,12.3,0.00234119,0.162721,450199.0
600436.SH,20260820,12400.0,127.94,1586456.0,127.3,0.0020553,0.294788,60331.7
600435.SH,20260820,85600.0,10.78,922768.0,10.73,0.00566004,0.215572,151236.0
600433.SH,20260820,141500.0,3.24,458460.0,3.24,0.00808442,0.37487,175028.0
600429.SH,20260820,17400.0,4.57,79518.0,4.54,0.00116189,0.0973251,149756.0
600428.SH,20260820,137600.0,11.92,1640192.0,11.92,0.00562715,0.301387,244529.0
600426.SH,20260820,250600.0,21.27,5330262.0,20.96,0.00911412,0.779025,274958.0
600425.SH,20260820,71400.0,3.58,255612.0,3.59,0.00444942,0.516978,160470.0
600423.SH,20260820,5000.0,2.77,13850.0,2.73,0.000626021,0.089915,79869.5
600422.SH,20260820,56200.0,8.64,485568.0,8.64,0.00742428,0.349804,75697.6
600475.SH,20260820,16100.0,14.74,237314.0,14.68,0.00170752,0.0896649,94288.6
600477.SH,20260820,53800.0,2.35,126430.0,2.33,0.00228066,0.155121,235897.0
600419.SH,20260820,48800.0,8.84,431392.0,8.87,0.0154668,0.567981,31551.5
600478.SH,20260820,74900.0,4.78,358022.0,4.79,0.0044217,0.332392,169392.0
600510.SH,20260820,8100.0,6.46,52326.0,6.42,0.000784864,0.122497,103203.0
600509.SH,20260820,44100.0,7.37,325017.0,7.36,0.00320868,0.194583,137440.0
600508.SH,20260820,109500.0,8.66,948270.0,8.76,0.0108222,1.49503,101181.0
600507.SH,20260820,38100.0,4.2,160020.0,4.22,0.00164708,0.18124,231319.0
600506.SH,20260820,8800.0,14.48,127424.0,14.44,0.00352529,0.219895,24962.5
600505.SH,20260820,31600.0,10.45,330220.0,10.5,0.00866781,0.373539,36456.8
600503.SH,20260820,38400.0,2.09,80256.0,2.08,0.00239657,0.161232,160229.0
600502.SH,20260820,40500.0,4.44,179820.0,4.45,0.00235941,0.16194,171653.0
600501.SH,20260820,47600.0,14.02,667352.0,13.78,0.0111261,0.776919,42782.4
600500.SH,20260820,368600.0,5.25,1935150.0,5.23,0.0102723,0.248557,358831.0
600499.SH,20260820,48700.0,14.12,687644.0,14.02,0.00253929,0.163051,191786.0
600498.SH,20260820,204400.0,37.96,7759024.0,37.35,0.016074,0.210279,127162.0
600497.SH,20260820,799500.0,9.86,7883070.0,9.67,0.0158619,0.620474,504038.0
600496.SH,20260820,621600.0,3.3,2051280.0,3.31,0.0312342,1.76269,199013.0
600495.SH,20260820,33600.0,4.09,137424.0,4.07,0.00278102,0.160947,120819.0
600493.SH,20260820,25700.0,6.03,154971.0,5.96,0.00944853,0.488557,27200.0
600491.SH,20260820,1610500.0,1.56,2512380.0,1.56,0.105278,1.0589,152976.0
600490.SH,20260820,1251000.0,7.35,9194850.0,7.06,0.0627816,2.57309,199262.0
600489.SH,20260820,1818000.0,26.4,47995200.0,25.19,0.0375053,2.27912,484731.0
600488.SH,20260820,362400.0,6.0,2174400.0,5.86,0.0331903,0.418399,109189.0
600487.SH,20260820,977450.0,59.8,58451510.0,58.91,0.0398366,0.369198,245365.0
600486.SH,20260820,12100.0,55.2,667920.0,55.44,0.00299422,0.232034,40411.2
600483.SH,20260820,25700.0,10.27,263939.0,10.3,0.000924412,0.184505,278015.0
600482.SH,20260820,61700.0,31.81,1962677.0,31.81,0.00272016,0.316722,226825.0
600481.SH,20260820,67500.0,4.18,282150.0,4.16,0.00327003,0.153456,206420.0
600480.SH,20260820,68400.0,8.28,566352.0,8.27,0.00563805,0.529575,121319.0
600479.SH,20260820,22600.0,9.94,224644.0,9.89,0.00540015,0.353538,41850.7
600420.SH,20260820,555300.0,8.87,4925511.0,8.63,0.0414041,5.23303,134117.0
600418.SH,20260820,425200.0,21.1,8971720.0,20.94,0.0188628,0.560107,225418.0
600512.SH,20260820,126200.0,1.99,251138.0,2.0,0.00795008,0.628885,158741.0
600372.SH,20260820,93400.0,10.87,1015258.0,10.87,0.00193019,0.422667,483890.0
600370.SH,20260820,304300.0,1.45,441235.0,1.44,0.00756464,1.60043,402266.0
600369.SH,20260820,51700.0,4.0,206800.0,3.99,0.000778016,0.173018,664511.0
600368.SH,20260820,46700.0,3.93,183531.0,3.94,0.00290124,0.328308,160965.0
600367.SH,20260820,864400.0,38.5,33279400.0,39.88,0.26847,1.8039,32197.3
600366.SH,20260820,123400.0,11.85,1462290.0,11.7,0.011228,0.250984,109904.0
600365.SH,20260820,600.0,2.72,1632.0,2.71,0.000140423,0.0328551,42728.0
600363.SH,20260820,269100.0,18.5,4978350.0,18.35,0.0596822,0.565757,45088.8
600362.SH,20260820,1073342.0,45.3,48622393.0,44.02,0.0517212,1.79725,207525.0
600361.SH,20260820,173900.0,3.58,622562.0,3.58,0.00465887,0.518769,373266.0
600360.SH,20260820,200100.0,10.8,2161080.0,10.64,0.0208373,0.332033,96029.5
600359.SH,20260820,564400.0,6.58,3713752.0,6.58,0.147937,3.11371,38151.3
600358.SH,20260820,26900.0,5.03,135307.0,4.98,0.0053274,0.623878,50493.7
600356.SH,20260820,23500.0,8.84,207740.0,8.75,0.0078666,0.507516,29873.1
600354.SH,20260820,5381028.0,6.75,36321939.0,6.85,1.01952,6.70451,52780.2
600353.SH,20260820,1037100.0,33.1,34328010.0,33.79,0.125131,1.52856,82881.1
600352.SH,20260820,80500.0,12.81,1031205.0,12.8,0.00247439,0.1558,325333.0
600351.SH,20260820,302100.0,7.08,2138868.0,6.99,0.0436561,0.87524,69200.0
600350.SH,20260820,70600.0,10.5,741300.0,10.52,0.00146032,0.517154,483457.0
600348.SH,20260820,466600.0,8.8,4106080.0,8.85,0.0129342,1.65471,360750.0
600346.SH,20260820,226100.0,18.77,4243897.0,18.86,0.00321206,0.569815,703910.0
600345.SH,20260820,17600.0,45.5,800800.0,44.93,0.00831918,0.234484,21155.9
600343.SH,20260820,454700.0,18.93,8607471.0,18.59,0.0712465,1.72779,63820.6
600340.SH,20260820,208200.0,1.08,224856.0,1.08,0.00534757,0.57469,389336.0
600339.SH,20260820,362300.0,3.34,1210082.0,3.35,0.00648917,0.598236,558315.0
600338.SH,20260820,449100.0,13.37,6004467.0,12.99,0.0491244,1.34144,91421.0
600337.SH,20260820,32300.0,3.03,97869.0,3.01,0.00224774,0.22908,143700.0
600336.SH,20260820,15900.0,6.09,96831.0,6.09,0.00199244,0.298695,79801.5
600371.SH,20260820,2071900.0,8.06,16699514.0,8.95,0.708153,12.0375,29257.8
600373.SH,20260820,13800.0,6.99,96462.0,7.0,0.00102423,0.127084,134736.0
600416.SH,20260820,38900.0,8.45,328705.0,8.4,0.00263589,0.247293,147578.0
600375.SH,20260820,37100.0,3.84,142464.0,3.85,0.00253643,0.209824,146269.0
600415.SH,20260820,360800.0,12.09,4362072.0,12.01,0.00657967,0.398463,548356.0
600410.SH,20260820,225400.0,14.0,3155600.0,13.73,0.0205564,0.340327,109649.0
600409.SH,20260820,85000.0,6.75,573750.0,6.75,0.00411752,0.32505,206435.0
600408.SH,20260820,3363000.0,2.85,9584550.0,3.08,0.334029,5.60309,100680.0
600406.SH,20260820,168100.0,23.45,3941945.0,23.51,0.0020991,0.369625,800818.0
600405.SH,20260820,23900.0,4.41,105399.0,4.4,0.00389994,0.173054,61283.0
600403.SH,20260820,5290300.0,6.5,34386950.0,6.82,0.221276,5.03094,239081.0
600400.SH,20260820,413200.0,3.08,1272656.0,3.07,0.0180329,0.651064,229137.0
600399.SH,20260820,72000.0,4.2,302400.0,4.2,0.00365093,0.223979,197210.0
600398.SH,20260820,59768.0,5.97,356815.0,6.0,0.00124445,0.232074,480277.0
600397.SH,20260820,946200.0,16.98,16066476.0,16.96,0.0955796,0.75249,98996.0
600396.SH,20260820,1306500.0,14.44,18865860.0,14.58,0.0887142,0.513759,147271.0
600395.SH,20260820,366300.0,5.18,1897434.0,5.23,0.017064,1.16414,214662.0
600392.SH,20260820,480000.0,22.79,10939200.0,22.31,0.0273843,0.635741,175283.0
600391.SH,20260820,29500.0,29.88,881460.0,29.4,0.00893589,0.375604,33012.9
600390.SH,20260820,103000.0,4.75,489250.0,4.74,0.00228987,0.375334,449807.0
600389.SH,20260820,40900.0,19.02,777918.0,19.14,0.00949727,0.309557,43065.0
600388.SH,20260820,25200.0,17.54,442008.0,17.41,0.00198418,0.176801,127005.0
600386.SH,20260820,18900.0,3.3,62370.0,3.29,0.00234375,0.248144,80640.0
600383.SH,20260820,491000.0,2.18,1070380.0,2.19,0.0108759,0.627849,451458.0
600382.SH,20260820,62300.0,6.17,384391.0,6.14,0.00897167,0.529302,69440.8
600381.SH,20260820,19800.0,4.45,88110.0,4.49,0.00337273,0.36314,58706.1
600380.SH,20260820,49300.0,10.15,500395.0,10.04,0.00269479,0.29277,182945.0
600379.SH,20260820,102400.0,14.77,1512448.0,14.44,0.0310114,0.421715,33020.2
600378.SH,20260820,270000.0,46.3,12501000.0,45.65,0.0251733,0.453097,107257.0
600377.SH,20260820,40700.0,11.9,484330.0,11.92,0.00107044,0.611771,380218.0
600376.SH,20260820,1213400.0,3.66,4441044.0,3.9,0.0470389,0.705485,257957.0
600511.SH,20260820,86000.0,26.8,2304800.0,27.15,0.0155418,1.88209,55334.6
600513.SH,20260820,207900.0,17.75,3690225.0,17.27,0.0728308,0.810839,28545.6
603017.SH,20260820,69600.0,9.28,645888.0,9.25,0.0252,1.57425,27619.0
600623.SH,20260820,34900.0,8.26,288274.0,8.24,0.00186031,0.292747,187603.0
600621.SH,20260820,17900.0,12.71,227509.0,12.66,0.00168725,0.211585,106090.0
600620.SH,20260820,16300.0,4.28,69764.0,4.26,0.00237375,0.360669,68667.7
600619.SH,20260820,83800.0,14.32,1200016.0,14.09,0.0106187,0.384821,78917.5
600618.SH,20260820,12200.0,10.12,123464.0,10.15,0.00162701,0.206136,74984.0
600617.SH,20260820,59000.0,3.36,198240.0,3.36,0.00332293,0.174577,177554.0
600616.SH,20260820,17600.0,4.25,74800.0,4.23,0.00263077,0.167256,66900.5
600615.SH,20260820,15000.0,9.3,139500.0,9.14,0.00665879,0.825898,22526.6
600613.SH,20260820,21875200.0,8.56,187251712.0,7.78,4.5638,35.2878,47932.0
600612.SH,20260820,1400.0,34.91,48874.0,34.76,0.000441488,0.0744479,31711.0
600611.SH,20260820,750700.0,4.53,3400671.0,4.56,0.0480197,0.597232,156332.0
600610.SH,20260820,2912000.0,7.8,22713600.0,7.8,0.410878,14.0237,70872.7
600609.SH,20260820,770700.0,3.24,2497068.0,3.15,0.0590775,4.35446,130456.0
600606.SH,20260820,603600.0,1.24,748464.0,1.25,0.0042948,0.608471,1405420.0
600605.SH,20260820,1000.0,23.68,23680.0,23.62,0.000484772,0.0355958,20628.2
600604.SH,20260820,387700.0,4.41,1709757.0,4.44,0.0275462,0.815475,140745.0
600603.SH,20260820,75600.0,4.59,347004.0,4.51,0.00655226,0.423743,115380.0
600602.SH,20260820,189300.0,19.0,3596700.0,18.7,0.0176207,0.215568,107430.0
600601.SH,20260820,1021400.0,12.6,12869640.0,12.3,0.0244923,0.52253,417029.0
600600.SH,20260820,21000.0,51.38,1078980.0,51.37,0.00296139,0.433224,70912.6
600598.SH,20260820,2099000.0,13.09,27475910.0,13.86,0.118075,3.07817,177768.0
600597.SH,20260820,18900.0,6.7,126630.0,6.7,0.0013711,0.170623,137846.0
600596.SH,20260820,133500.0,10.78,1439130.0,10.71,0.00989184,0.414611,134960.0
600595.SH,20260820,296800.0,6.14,1822352.0,6.07,0.00740536,0.261951,400790.0
600594.SH,20260820,340900.0,3.9,1329510.0,3.83,0.0434603,0.877076,78439.4
600593.SH,20260820,12900.0,39.26,506454.0,39.23,0.0100155,0.274105,12880.0
600592.SH,20260820,60000.0,14.01,840600.0,13.74,0.0150168,0.768305,39955.4
600590.SH,20260820,84200.0,8.38,705596.0,8.22,0.00998139,0.271501,84357.0
600622.SH,20260820,2700.0,2.17,5859.0,2.17,0.000180038,0.0144031,149969.0
600624.SH,20260820,11400.0,4.19,47766.0,4.18,0.00167808,0.249864,67934.7
600588.SH,20260820,189200.0,10.94,2069848.0,10.89,0.00553703,0.279852,341700.0
600626.SH,20260820,33800.0,3.53,119314.0,3.5,0.00255916,0.409594,132074.0
600663.SH,20260820,95000.0,9.49,901550.0,9.43,0.00241459,0.443907,393442.0
600662.SH,20260820,6200.0,4.23,26226.0,4.21,0.000272317,0.0563692,227676.0
600661.SH,20260820,69000.0,9.0,621000.0,8.92,0.0240797,0.660958,28654.9
600660.SH,20260820,23600.0,57.35,1353460.0,57.9,0.00117824,0.168334,200299.0
600658.SH,20260820,31000.0,3.85,119350.0,3.83,0.00277136,0.274235,111859.0
600657.SH,20260820,14600.0,2.55,37230.0,2.55,0.000511943,0.0661916,285188.0
600655.SH,20260820,11100.0,4.56,50616.0,4.57,0.000285358,0.109247,388985.0
600654.SH,20260820,114100.0,2.8,319480.0,2.8,0.00492355,0.195868,231743.0
600653.SH,20260820,23900.0,1.65,39435.0,1.65,0.00122792,0.136115,194638.0
600651.SH,20260820,37100.0,5.73,212583.0,5.69,0.00147984,0.205127,250703.0
600650.SH,20260820,9100.0,10.3,93730.0,10.31,0.00232999,0.187666,39056.0
600649.SH,20260820,173800.0,3.76,653488.0,3.78,0.00697488,0.78537,249180.0
600648.SH,20260820,0.0,,0.0,8.95,0.0,0.0,113777.0
600645.SH,20260820,455000.0,21.26,9673300.0,20.42,0.09727,1.32427,46777.0
600644.SH,20260820,128900.0,8.83,1138187.0,8.71,0.0222887,0.380012,57832.1
600643.SH,20260820,10000.0,3.83,38300.0,3.82,0.000628792,0.0808842,159035.0
600642.SH,20260820,25700.0,8.41,216137.0,8.39,0.000525153,0.101882,489381.0
600641.SH,20260820,457300.0,33.97,15534481.0,33.15,0.0491388,0.501524,93063.0
600640.SH,20260820,21000.0,10.36,217560.0,10.42,0.00265302,0.213631,79155.1
600639.SH,20260820,14000.0,9.45,132300.0,9.49,0.0016466,0.435174,85023.7
600638.SH,20260820,12700.0,4.79,60833.0,4.79,0.00188596,0.132823,67339.7
600637.SH,20260820,84600.0,7.88,666648.0,7.88,0.00251643,0.249143,336190.0
600635.SH,20260820,81100.0,4.49,364139.0,4.5,0.00335291,0.255356,241879.0
600633.SH,20260820,90200.0,10.18,918236.0,10.12,0.00711315,0.343487,126807.0
600630.SH,20260820,33600.0,6.59,221424.0,6.54,0.00790846,0.39496,42486.2
600629.SH,20260820,140940.0,16.7,2353698.0,16.49,0.0122577,0.401983,114980.0
600628.SH,20260820,16200.0,6.13,99306.0,6.1,0.00250435,0.216514,64687.5
600589.SH,20260820,176900.0,7.89,1395741.0,7.74,0.0119651,0.20476,147847.0
600587.SH,20260820,12600.0,12.33,155358.0,12.36,0.002077,0.153474,60664.5
600515.SH,20260820,182400.0,2.79,508896.0,2.79,0.00198779,0.282098,917601.0
600550.SH,20260820,51100.0,11.33,578963.0,11.23,0.00277487,0.137499,184153.0
600548.SH,20260820,10700.0,8.33,89131.0,8.32,0.000624116,0.444532,171443.0
600547.SH,20260820,2377853.0,34.23,81393908.0,32.6,0.0657875,2.73368,361444.0
600546.SH,20260820,231600.0,12.9,2987640.0,13.07,0.0116825,0.987701,198246.0
600545.SH,20260820,482000.0,4.2,2024400.0,4.1,0.0269588,0.50563,178791.0
600543.SH,20260820,1600.0,3.93,6288.0,3.94,0.000498256,0.0938967,32112.0
600540.SH,20260820,473100.0,4.04,1911324.0,3.98,0.0813758,1.09026,58137.7
600539.SH,20260820,38300.0,13.96,534668.0,13.96,0.0166522,0.289191,23000.0
600538.SH,20260820,46900.0,5.05,236845.0,5.03,0.008947,0.389449,52419.8
600537.SH,20260820,199200.0,2.09,416328.0,2.07,0.0168284,1.09195,118372.0
600536.SH,20260820,1257928.0,34.16,42970820.0,34.66,0.149104,3.58797,84365.6
600535.SH,20260820,40800.0,15.39,627912.0,15.24,0.00273101,0.276912,149395.0
600533.SH,20260820,77000.0,2.12,163240.0,2.1,0.00733333,0.654674,105000.0
600531.SH,20260820,1065400.0,13.33,14201782.0,12.81,0.0881033,2.26189,120926.0
600530.SH,20260820,12100.0,3.69,44649.0,3.69,0.00156145,0.15538,77492.0
600529.SH,20260820,50100.0,19.15,959415.0,19.01,0.00754957,0.507556,66361.4
600528.SH,20260820,46800.0,6.96,325728.0,6.97,0.00210664,0.576609,222155.0
600527.SH,20260820,145300.0,2.12,308036.0,2.1,0.0083903,0.362002,173176.0
600526.SH,20260820,382400.0,4.55,1739920.0,4.43,0.0438026,5.14025,87300.7
600525.SH,20260820,33600.0,5.5,184800.0,5.45,0.00254781,0.159885,131878.0
600523.SH,20260820,7300.0,11.66,85118.0,11.47,0.00180673,0.0973856,40404.5
600522.SH,20260820,793700.0,32.44,25747628.0,32.02,0.0232555,0.257225,341295.0
600521.SH,20260820,376000.0,17.5,6580000.0,17.15,0.0251127,0.895415,149725.0
600520.SH,20260820,9800.0,24.7,242060.0,24.46,0.0061857,0.142411,15843.0
600519.SH,20260820,35400.0,1299.8,46012920.0,1307.88,0.00283182,0.81602,125008.0
600518.SH,20260820,1945700.0,1.36,2646152.0,1.35,0.0140765,0.887636,1382240.0
600517.SH,20260820,39900.0,4.86,193914.0,4.87,0.000697743,0.247114,571844.0
600516.SH,20260820,129300.0,5.07,655551.0,5.06,0.00321165,0.188568,402597.0
600549.SH,20260820,494000.0,55.0,27170000.0,53.7,0.0317903,0.798169,155393.0
600551.SH,20260820,4900.0,6.88,33712.0,6.87,0.000722655,0.134963,67805.5
600586.SH,20260820,28800.0,4.06,116928.0,4.06,0.00203198,0.207025,141734.0
600552.SH,20260820,165000.0,18.2,3003000.0,18.03,0.0174676,0.229572,94460.7
600585.SH,20260820,36900.0,17.41,642429.0,17.46,0.000927728,0.209182,397746.0
600584.SH,20260820,1200700.0,79.8,95815860.0,77.74,0.0671002,0.784063,178941.0
600583.SH,20260820,1059100.0,6.13,6492283.0,6.14,0.0239542,1.45928,442135.0
600582.SH,20260820,25300.0,4.84,122452.0,4.85,0.000611319,0.141992,413859.0
600581.SH,20260820,15600.0,2.25,35100.0,2.25,0.00101768,0.278651,153290.0
600580.SH,20260820,726820.0,33.05,24021401.0,34.08,0.0466618,1.11515,155763.0
600579.SH,20260820,38100.0,7.0,266700.0,6.94,0.00771879,0.625023,49360.1
600578.SH,20260820,401000.0,5.58,2237580.0,5.6,0.00598988,0.195969,669462.0
600577.SH,20260820,207200.0,7.97,1651384.0,7.92,0.00928393,0.272917,223181.0
600576.SH,20260820,14500.0,5.35,77575.0,5.33,0.00219567,0.183087,66039.0
600575.SH,20260820,259500.0,3.33,864135.0,3.32,0.00667737,0.735164,388626.0
600573.SH,20260820,48800.0,9.88,482144.0,9.83,0.01952,0.814952,25000.0
600572.SH,20260820,585200.0,4.4,2574880.0,4.35,0.0231141,0.291695,253179.0
600571.SH,20260820,28200.0,9.95,280590.0,9.92,0.00616055,0.355306,45775.2
600570.SH,20260820,115600.0,20.99,2426444.0,20.99,0.00610462,0.474567,189365.0
600569.SH,20260820,25800.0,1.72,44376.0,1.71,0.000898197,0.167763,287242.0
600568.SH,20260820,900.0,2.21,1989.0,2.2,5.39223e-05,0.0107284,166907.0
600567.SH,20260820,743500.0,1.32,981420.0,1.32,0.0119814,1.4728,620546.0
600566.SH,20260820,69700.0,24.87,1733439.0,24.84,0.00758688,1.07955,91869.1
600563.SH,20260820,16000.0,131.8,2108800.0,130.32,0.00711111,0.268102,22500.0
600562.SH,20260820,37700.0,25.59,964743.0,25.53,0.00303577,0.372992,124186.0
600561.SH,20260820,50500.0,5.61,283305.0,5.57,0.0177519,1.43757,28447.7
600560.SH,20260820,3400.0,11.0,37400.0,10.98,0.00152026,0.180747,22364.6
600559.SH,20260820,12300.0,11.55,142065.0,11.55,0.00134463,0.0871257,91474.7
600558.SH,20260820,24300.0,4.71,114453.0,4.71,0.0027072,0.0813408,89760.5
600557.SH,20260820,46300.0,12.6,583380.0,12.36,0.00817792,0.416713,56615.9
600556.SH,20260820,120200.0,4.7,564940.0,4.61,0.00664916,0.212221,180775.0
600335.SH,20260820,83700.0,4.98,416826.0,4.99,0.00562705,0.905059,148746.0
600333.SH,20260820,5300.0,6.25,33125.0,6.25,0.000870235,0.0534874,60903.1
600332.SH,20260820,48400.0,21.15,1023660.0,21.06,0.00344266,0.576255,140589.0
600126.SH,20260820,438900.0,6.83,2997687.0,6.83,0.012996,0.336201,337719.0
600123.SH,20260820,143200.0,7.24,1036768.0,7.28,0.00972007,0.625376,147324.0
600121.SH,20260820,4761400.0,3.9,18569460.0,4.17,0.390787,6.75112,121841.0
600120.SH,20260820,239700.0,4.79,1148163.0,4.76,0.00701825,0.577637,341538.0
600119.SH,20260820,4900.0,4.4,21560.0,4.39,0.00134147,0.198009,36527.0
600118.SH,20260820,1177400.0,65.03,76566322.0,67.51,0.0995696,2.69656,118249.0
600117.SH,20260820,3700.0,2.24,8288.0,2.22,0.000113667,0.0256575,325512.0
600116.SH,20260820,99500.0,6.37,633815.0,6.36,0.00520359,0.780059,191214.0
600115.SH,20260820,1293300.0,3.45,4461885.0,3.45,0.00759649,1.07882,1702500.0
600114.SH,20260820,94000.0,28.75,2702500.0,28.2,0.0152502,0.575733,61638.3
600113.SH,20260820,52100.0,31.37,1634377.0,31.68,0.0126631,0.62532,41143.1
600111.SH,20260820,292929.0,41.4,12127261.0,41.07,0.00810301,0.448438,361507.0
600110.SH,20260820,461600.0,10.05,4639080.0,9.87,0.0266024,0.325933,173518.0
600109.SH,20260820,22200.0,8.47,188034.0,8.47,0.000599131,0.111146,370536.0
600108.SH,20260820,9674800.0,3.36,32507328.0,3.49,0.49693,7.38883,194692.0
600107.SH,20260820,37400.0,5.7,213180.0,5.65,0.0103889,2.68371,36000.0
600106.SH,20260820,22800.0,4.26,97128.0,4.23,0.00171554,0.232079,132902.0
600105.SH,20260820,666500.0,38.5,25660250.0,37.94,0.0455884,0.385334,146199.0
600104.SH,20260820,114900.0,9.99,1147851.0,9.99,0.000999541,0.333458,1149530.0
600103.SH,20260820,241500.0,2.84,685860.0,2.82,0.0109161,0.271013,221233.0
600101.SH,20260820,30200.0,7.82,236164.0,7.82,0.00551233,0.288643,54786.2
600100.SH,20260820,75700.0,6.65,503405.0,6.6,0.0022595,0.30077,335030.0
600099.SH,20260820,23400.0,8.86,207324.0,8.8,0.0106791,0.787248,21912.0
600098.SH,20260820,102300.0,6.17,631191.0,6.2,0.00291797,0.624646,350586.0
600097.SH,20260820,16700.0,8.43,140781.0,8.43,0.00693129,0.345784,24093.7
600096.SH,20260820,245800.0,29.9,7349420.0,29.79,0.0134833,0.723051,182299.0
600095.SH,20260820,28000.0,7.71,215880.0,7.68,0.000979299,0.100916,285919.0
600094.SH,20260820,52300.0,3.95,206585.0,3.9,0.00245975,0.201576,212623.0
600125.SH,20260820,106600.0,5.38,573508.0,5.4,0.00816532,1.44341,130552.0
600127.SH,20260820,38733382.0,8.14,315289729.0,7.82,6.03527,107.211,64178.3
600088.SH,20260820,11100.0,11.27,125097.0,11.27,0.002791,0.188569,39770.6
600128.SH,20260820,15400.0,8.14,125356.0,8.13,0.00624069,0.497963,24676.8
600165.SH,20260820,722200.0,2.97,2144934.0,3.05,0.0985382,5.6761,73291.4
600163.SH,20260820,10700.0,4.94,52858.0,4.93,0.000562271,0.0624829,190300.0
600162.SH,20260820,1584600.0,4.2,6655320.0,4.05,0.0484819,0.602003,326844.0
600161.SH,20260820,92800.0,12.45,1155360.0,12.27,0.0046931,0.699255,197737.0
600160.SH,20260820,149300.0,39.01,5824193.0,38.8,0.00553015,0.413564,269975.0
600159.SH,20260820,61800.0,2.48,153264.0,2.47,0.00744575,0.417181,83000.3
600158.SH,20260820,45700.0,6.83,312131.0,6.8,0.00476283,0.186094,95951.3
600157.SH,20260820,913200.0,1.55,1415460.0,1.54,0.00418558,0.28325,2181780.0
600156.SH,20260820,72700.0,8.0,581600.0,7.88,0.0180796,0.301127,40211.1
600155.SH,20260820,28500.0,5.73,163305.0,5.73,0.00128753,0.130525,221354.0
600153.SH,20260820,45600.0,8.8,401280.0,8.84,0.00157266,0.314035,289954.0
600152.SH,20260820,35900.0,7.9,283610.0,7.87,0.00678537,0.261736,52907.9
600151.SH,20260820,355878.0,9.75,3469811.0,9.75,0.0248128,1.0867,143425.0
600150.SH,20260820,199800.0,33.13,6619374.0,33.14,0.00265493,0.323703,752562.0
600149.SH,20260820,34900.0,4.86,169614.0,4.83,0.00918035,0.570467,38016.0
600148.SH,20260820,6400.0,15.21,97344.0,15.06,0.00452244,0.558519,14151.6
600143.SH,20260820,197300.0,14.83,2925959.0,14.83,0.00748816,0.337555,263483.0
600141.SH,20260820,123200.0,31.77,3914064.0,31.43,0.0102518,0.297321,120174.0
600138.SH,20260820,112400.0,6.9,775560.0,6.9,0.0155283,1.74743,72384.0
600137.SH,20260820,9900.0,17.77,175923.0,17.65,0.0101833,0.853246,9721.76
600136.SH,20260820,68300.0,1.4,95620.0,1.4,0.00351502,0.690232,194309.0
600135.SH,20260820,13500.0,7.18,96930.0,7.13,0.00243987,0.237541,55330.7
600133.SH,20260820,47100.0,8.17,384807.0,8.17,0.00441739,0.258873,106624.0
600132.SH,20260820,66600.0,41.76,2781216.0,42.51,0.0137611,2.49177,48397.1
600131.SH,20260820,1000.0,15.54,15540.0,15.43,8.36187e-05,0.0172725,119591.0
600130.SH,20260820,75000.0,4.35,326250.0,4.31,0.01,0.328576,75000.0
600129.SH,20260820,174400.0,15.66,2731104.0,15.4,0.0316275,0.390121,55141.8
600089.SH,20260820,271500.0,20.33,5519595.0,20.31,0.00537327,0.367936,505279.0
600085.SH,20260820,33100.0,24.12,798372.0,24.06,0.00241347,0.4996,137147.0
600331.SH,20260820,176000.0,12.53,2205280.0,12.31,0.00866142,0.355844,203200.0
600038.SH,20260820,14300.0,25.75,368225.0,25.81,0.00213773,0.255855,66893.5
600036.SH,20260820,897400.0,38.8,34819120.0,39.15,0.0043502,1.28353,2062890.0
600035.SH,20260820,17100.0,3.35,57285.0,3.36,0.00106204,0.194308,161012.0
600033.SH,20260820,15300.0,3.54,54162.0,3.54,0.000557499,0.0698453,274440.0
600032.SH,20260820,41500.0,6.77,280955.0,6.76,0.0017258,0.152203,240468.0
600031.SH,20260820,199700.0,18.8,3754360.0,18.93,0.00235651,0.34769,847439.0
600030.SH,20260820,391800.0,27.15,10637370.0,27.15,0.00321766,0.376154,1217660.0
600029.SH,20260820,194200.0,5.0,971000.0,4.99,0.00144098,0.421991,1347700.0
600028.SH,20260820,1071500.0,5.14,5507510.0,5.16,0.00113084,0.547842,9475250.0
600027.SH,20260820,164500.0,4.51,741895.0,4.5,0.001785,0.300986,921568.0
600026.SH,20260820,436100.0,18.5,8067850.0,18.32,0.0113924,0.861143,382799.0
600025.SH,20260820,152501.0,9.71,1480785.0,9.76,0.000818529,0.674248,1863110.0
600023.SH,20260820,95800.0,4.85,464630.0,4.85,0.00071446,0.36884,1340870.0
600022.SH,20260820,137630.0,1.29,177543.0,1.3,0.0012864,0.190241,1069880.0
600021.SH,20260820,49300.0,13.65,672945.0,13.63,0.00174706,0.134747,282188.0
600020.SH,20260820,28700.0,3.74,107338.0,3.74,0.00127705,0.215445,224737.0
600019.SH,20260820,340300.0,5.88,2000964.0,5.91,0.00158914,0.316445,2141410.0
600018.SH,20260820,142800.0,5.15,735420.0,5.17,0.00061428,0.38877,2324670.0
600017.SH,20260820,73600.0,2.66,195776.0,2.67,0.00239299,0.317426,307565.0
600016.SH,20260820,971200.0,3.42,3321504.0,3.43,0.0027387,0.558461,3546210.0
600015.SH,20260820,817700.0,6.57,5372289.0,6.59,0.00531415,1.36678,1538720.0
600012.SH,20260820,47400.0,15.87,752238.0,15.87,0.00406658,0.811984,116560.0
600011.SH,20260820,1177200.0,6.66,7840152.0,6.68,0.010704,1.39103,1099770.0
600010.SH,20260820,6747000.0,2.19,14775930.0,2.17,0.0215434,2.23694,3131820.0
600009.SH,20260820,137200.0,23.1,3169320.0,22.95,0.00553177,1.60642,248022.0
600008.SH,20260820,116400.0,2.8,325920.0,2.8,0.0015857,0.245934,734059.0
600007.SH,20260820,16000.0,18.82,301120.0,18.91,0.00158843,0.732889,100728.0
600006.SH,20260820,28500.0,5.22,148770.0,5.21,0.001425,0.24958,200000.0
600037.SH,20260820,29100.0,6.83,198753.0,6.82,0.00209085,0.223604,139178.0
600039.SH,20260820,54400.0,8.48,461312.0,8.5,0.000625604,0.41283,869559.0
600084.SH,20260820,15400.0,4.05,62370.0,4.02,0.00137044,0.65703,112373.0
600048.SH,20260820,744000.0,5.2,3868800.0,5.23,0.00621531,0.65747,1197040.0
600082.SH,20260820,10300.0,2.71,27913.0,2.71,0.00162375,0.207417,63433.5
600081.SH,20260820,3200.0,9.93,31776.0,9.91,0.000578634,0.0849665,55302.6
600080.SH,20260820,0.0,,0.0,4.67,0.0,0.0,37327.0
600079.SH,20260820,43500.0,18.04,784740.0,18.05,0.00281886,0.539979,154318.0
600078.SH,20260820,236600.0,10.8,2555280.0,10.65,0.0357093,0.91227,66257.3
600076.SH,20260820,206000.0,3.13,644780.0,3.06,0.0153212,1.16991,134454.0
600075.SH,20260820,311200.0,4.55,1415960.0,4.58,0.0182223,1.80336,170780.0
600073.SH,20260820,37100.0,5.25,194775.0,5.26,0.00395636,0.172618,93772.9
600072.SH,20260820,27800.0,8.56,237968.0,8.55,0.00256614,0.191719,108334.0
600071.SH,20260820,2000.0,15.55,31100.0,15.53,0.000710293,0.0969574,28157.4
600067.SH,20260820,41700.0,2.75,114675.0,2.72,0.0029964,0.247519,139167.0
600066.SH,20260820,82800.0,29.83,2469924.0,29.83,0.00373994,0.392705,221394.0
600064.SH,20260820,128000.0,7.66,980480.0,7.62,0.00739739,1.11214,173034.0
600063.SH,20260820,158300.0,5.87,929221.0,5.85,0.00765065,0.361049,206911.0
600062.SH,20260820,38600.0,15.98,616828.0,15.86,0.00371788,0.363459,103823.0
600061.SH,20260820,46200.0,6.22,287364.0,6.2,0.000722541,0.155098,639410.0
600060.SH,20260820,5200.0,25.92,134784.0,25.91,0.000399948,0.0656682,130017.0
600059.SH,20260820,623700.0,7.95,4958415.0,8.03,0.0684225,2.34162,91154.2
600058.SH,20260820,8400.0,10.61,89124.0,10.59,0.000783647,0.0679741,107191.0
600057.SH,20260820,31500.0,6.31,198765.0,6.32,0.00150537,0.207588,209251.0
600056.SH,20260820,75100.0,9.43,708193.0,9.36,0.00502223,0.379128,149535.0
600055.SH,20260820,4100.0,10.97,44977.0,10.89,0.000583164,0.0687624,70306.1
600054.SH,20260820,10201.0,11.09,113129.0,11.09,0.00198734,0.241324,51330.0
600053.SH,20260820,100.0,6.83,683.0,6.83,2.30659e-05,0.00782414,43354.1
600052.SH,20260820,39200.0,3.78,148176.0,3.74,0.00464348,0.335265,84419.5
600051.SH,20260820,37700.0,6.22,234494.0,6.23,0.0121269,0.750621,31088.0
600050.SH,20260820,874700.0,4.15,3630005.0,4.17,0.00282249,0.579994,3099040.0
600166.SH,20260820,394100.0,2.9,1142890.0,2.91,0.00497764,0.342237,791740.0
600167.SH,20260820,20700.0,5.58,115506.0,5.58,0.000914779,0.30055,226284.0
600168.SH,20260820,36600.0,4.41,161406.0,4.4,0.00368433,0.515368,99339.8
600289.SH,20260820,0.0,,0.0,4.37,0.0,0.0,56592.3
600287.SH,20260820,16700.0,4.74,79158.0,4.69,0.00382329,0.611269,43679.6
600285.SH,20260820,104500.0,19.95,2084775.0,19.97,0.0184469,0.516424,56649.0
600284.SH,20260820,139300.0,5.0,696500.0,5.02,0.014357,0.706059,97025.6
600283.SH,20260820,1500.0,7.84,11760.0,7.8,0.000267463,0.0756903,56082.5
600282.SH,20260820,101000.0,4.76,480760.0,4.78,0.00163826,0.25201,616509.0
600281.SH,20260820,489000.0,4.83,2361870.0,4.94,0.0950618,1.6143,51440.2
600280.SH,20260820,81300.0,2.95,239835.0,2.95,0.00720531,0.318947,112833.0
600279.SH,20260820,48400.0,4.25,205700.0,4.25,0.00407797,0.744391,118687.0
600278.SH,20260820,8400.0,6.11,51324.0,6.11,0.000976155,0.232505,86051.9
600276.SH,20260820,4101600.0,51.0,209181600.0,52.66,0.0642985,5.46286,637900.0
600273.SH,20260820,9700.0,6.78,65766.0,6.79,0.000739719,0.0721423,131131.0
600272.SH,20260820,1345000.0,20.47,27532150.0,19.5,0.840625,2.51005,16000.0
600271.SH,20260820,17800.0,6.65,118370.0,6.64,0.000960664,0.148526,185288.0
600269.SH,20260820,10700.0,3.75,40125.0,3.75,0.000458164,0.0632849,233541.0
600268.SH,20260820,209100.0,10.78,2254098.0,10.61,0.0205909,1.19509,101550.0
600267.SH,20260820,1175100.0,14.25,16745175.0,13.79,0.0995618,1.77678,118027.0
600266.SH,20260820,1086100.0,4.16,4518176.0,4.16,0.0523234,1.76788,207574.0
600265.SH,20260820,2600.0,22.25,57850.0,22.15,0.00200308,0.194209,12980.0
600262.SH,20260820,21100.0,14.5,305950.0,14.32,0.00886555,0.347679,23800.0
600261.SH,20260820,51600.0,3.15,162540.0,3.15,0.00386502,0.33984,133505.0
600259.SH,20260820,37700.0,87.6,3302520.0,85.77,0.0112057,0.291278,33643.6
600258.SH,20260820,71100.0,12.15,863865.0,12.1,0.00636753,0.491912,111660.0
600257.SH,20260820,81800.0,5.58,456444.0,5.56,0.0169979,0.299373,48123.7
600256.SH,20260820,594800.0,6.1,3628280.0,6.16,0.00930538,0.579611,639200.0
600255.SH,20260820,181700.0,3.18,577806.0,3.16,0.0100601,0.313447,180615.0
600252.SH,20260820,1567800.0,2.29,3590262.0,2.23,0.0492374,2.00298,318416.0
600251.SH,20260820,173500.0,9.9,1717650.0,9.99,0.0223297,1.03235,77699.4
600288.SH,20260820,181900.0,11.41,2075479.0,11.27,0.0416438,0.30387,43680.0
600292.SH,20260820,11000.0,12.0,132000.0,11.93,0.00250408,0.11687,43928.4
600169.SH,20260820,300.0,2.02,606.0,2.02,9.0005e-06,0.00311767,333314.0
600293.SH,20260820,118400.0,2.77,327968.0,2.75,0.0102056,0.464266,116015.0
600330.SH,20260820,931900.0,27.26,25403594.0,26.65,0.0755533,0.59769,123343.0
600329.SH,20260820,23090.0,35.93,829624.0,35.65,0.00407167,0.745145,56708.9
600328.SH,20260820,12800.0,6.26,80128.0,6.27,0.00087294,0.102879,146631.0
600327.SH,20260820,38200.0,3.88,148216.0,3.85,0.00431746,0.114214,88478.0
600326.SH,20260820,368200.0,7.24,2665768.0,7.31,0.0270246,0.814823,136246.0
600325.SH,20260820,237900.0,2.32,551928.0,2.32,0.00864414,0.313943,275215.0
600323.SH,20260820,17400.0,29.94,520956.0,29.94,0.00213406,0.342158,81534.7
600322.SH,20260820,12800.0,2.6,33280.0,2.61,0.00115764,0.0638552,110570.0
600320.SH,20260820,108100.0,4.04,436724.0,4.03,0.00326566,0.344002,331021.0
600319.SH,20260820,8700.0,6.18,53766.0,6.12,0.00224395,0.268178,38770.9
600318.SH,20260820,3900.0,6.35,24765.0,6.33,0.000760638,0.040933,51272.8
600316.SH,20260820,16200.0,28.32,458784.0,28.1,0.00225905,0.131366,71711.5
600315.SH,20260820,635300.0,18.34,11651402.0,17.23,0.0945069,10.0357,67222.6
600313.SH,20260820,6669900.0,6.42,42820758.0,7.13,0.616329,7.90719,108220.0
600312.SH,20260820,166100.0,19.96,3315356.0,19.59,0.0122409,0.83301,135692.0
600310.SH,20260820,71200.0,4.1,291920.0,4.09,0.00485771,0.114377,146571.0
600309.SH,20260820,120600.0,73.41,8853246.0,73.89,0.00385245,0.423604,313047.0
600308.SH,20260820,50700.0,3.2,162240.0,3.19,0.00334241,0.645971,151687.0
600307.SH,20260820,317100.0,1.41,447111.0,1.41,0.00506278,1.01987,626336.0
600305.SH,20260820,16400.0,6.75,110700.0,6.77,0.00148691,0.225396,110296.0
600303.SH,20260820,49200.0,2.79,137268.0,2.78,0.00726186,0.19943,67751.2
600302.SH,20260820,10900.0,6.43,70087.0,6.4,0.0031502,0.221316,34601.0
600301.SH,20260820,21300.0,48.07,1023891.0,47.1,0.00773601,0.177659,27533.6
600300.SH,20260820,154600.0,3.2,494720.0,3.22,0.00956007,0.468478,161714.0
600299.SH,20260820,102200.0,8.52,870744.0,8.47,0.00331842,0.235847,307978.0
600298.SH,20260820,24300.0,42.39,1030077.0,42.33,0.00283497,0.150556,85715.0
600295.SH,20260820,43296.0,13.01,563281.0,13.01,0.00219156,0.4665,197558.0
600250.SH,20260820,89500.0,8.61,770595.0,8.4,0.0286133,1.84762,31279.1
600249.SH,20260820,28700.0,5.2,149240.0,5.17,0.00521818,0.376008,55000.0
600248.SH,20260820,37100.0,2.85,105735.0,2.85,0.00100115,0.184497,370574.0
600246.SH,20260820,1100700.0,12.01,13219407.0,12.2,0.0582254,0.976242,189041.0
600203.SH,20260820,61400.0,9.75,598650.0,9.63,0.0103543,0.321277,59298.8
600202.SH,20260820,34900.0,4.91,171359.0,4.9,0.00910417,0.697607,38334.1
600201.SH,20260820,60100.0,13.36,802936.0,13.13,0.005464,0.359382,109993.0
600199.SH,20260820,191500.0,7.1,1359650.0,7.1,0.0291123,0.764223,65779.7
600198.SH,20260820,120300.0,7.41,891423.0,7.36,0.00923999,0.253155,130195.0
600197.SH,20260820,22500.0,10.41,234225.0,10.4,0.00475511,0.370702,47317.5
600196.SH,20260820,1360900.0,24.9,33886410.0,23.63,0.0642392,4.59065,211849.0
600195.SH,20260820,59800.0,6.64,397072.0,6.68,0.00585615,0.819271,102115.0
600192.SH,20260820,31900.0,6.83,217877.0,6.78,0.00722131,0.278797,44174.8
600191.SH,20260820,89100.0,10.58,942678.0,10.69,0.0183737,0.579502,48493.2
600189.SH,20260820,83100.0,7.31,607461.0,7.34,0.0116192,1.01214,71519.8
600188.SH,20260820,585200.0,21.55,12611060.0,21.8,0.00981656,1.04777,596135.0
600187.SH,20260820,792500.0,1.3,1030250.0,1.29,0.0491083,3.67612,161378.0
600186.SH,20260820,2590500.0,11.56,29946180.0,11.61,0.14479,0.727539,178914.0
600185.SH,20260820,14000.0,4.5,63000.0,4.5,0.000742703,0.076299,188501.0
600184.SH,20260820,18800.0,17.55,329940.0,17.43,0.00322621,0.125116,58272.7
600183.SH,20260820,472500.0,128.19,60569775.0,125.47,0.0195916,0.62523,241175.0
600182.SH,20260820,20800.0,13.58,282464.0,13.57,0.0122353,0.859482,17000.0
600180.SH,20260820,118300.0,1.5,177450.0,1.52,0.0108869,0.565566,108663.0
600179.SH,20260820,290400.0,4.3,1248720.0,4.33,0.00751888,0.377407,386228.0
600178.SH,20260820,14900.0,9.08,135292.0,9.09,0.00319416,0.2619,46647.6
600177.SH,20260820,25462.0,7.92,201659.0,7.91,0.00056539,0.0977336,450344.0
600176.SH,20260820,1175200.0,41.27,48500504.0,40.56,0.0295902,0.449825,397159.0
600173.SH,20260820,73700.0,6.05,445885.0,6.05,0.0105223,1.23287,70041.6
600172.SH,20260820,3723600.0,14.28,53173008.0,14.42,0.290181,1.92314,128320.0
600171.SH,20260820,23400.0,22.64,529776.0,22.51,0.00330078,0.159712,70892.3
600170.SH,20260820,436100.0,2.23,972503.0,2.23,0.00490775,0.440237,888594.0
600206.SH,20260820,1890100.0,57.82,109285582.0,58.87,0.22327,1.5294,84655.3
600207.SH,20260820,48800.0,4.29,209352.0,4.25,0.00447989,0.303581,108931.0
600208.SH,20260820,316600.0,2.92,924472.0,2.92,0.00372121,0.336143,850798.0
600229.SH,20260820,7400.0,5.1,37740.0,5.04,0.00112001,0.223485,66070.8
600243.SH,20260820,46800.0,3.69,172692.0,3.65,0.0106642,0.553008,43885.0
600241.SH,20260820,8800.0,7.11,62568.0,7.1,0.00299012,0.25785,29430.2
600239.SH,20260820,318900.0,1.37,436893.0,1.37,0.0198607,2.39003,160569.0
600238.SH,20260820,14800.0,4.68,69264.0,4.65,0.00332381,0.338018,44527.2
600237.SH,20260820,91500.0,8.37,765855.0,8.28,0.014649,0.288246,62461.6
600236.SH,20260820,26100.0,10.06,262566.0,10.06,0.000331118,0.140611,788238.0
600235.SH,20260820,18100.0,5.65,102265.0,5.64,0.00515229,0.43207,35130.0
600234.SH,20260820,4000.0,21.33,85320.0,21.15,0.00152369,0.123126,26252.1
600233.SH,20260820,124216.0,18.55,2304207.0,18.68,0.00362779,0.732615,342402.0
600232.SH,20260820,83800.0,6.21,520398.0,6.32,0.0229766,2.01235,36471.9
600231.SH,20260820,2200.0,1.65,3630.0,1.65,7.75636e-05,0.0167485,283638.0
600230.SH,20260820,26600.0,14.86,395276.0,14.63,0.00642573,0.154587,41396.1
600228.SH,20260820,106000.0,8.38,888280.0,8.38,0.0254785,0.379724,41603.7
600210.SH,20260820,61800.0,5.97,368946.0,5.96,0.00407454,0.453642,151674.0
600227.SH,20260820,2904600.0,3.62,10514652.0,3.72,0.227348,1.41788,127760.0
600226.SH,20260820,550900.0,6.15,3388035.0,6.05,0.0185215,0.326069,297438.0
600223.SH,20260820,19800.0,5.48,108504.0,5.43,0.00194773,0.251297,101657.0
600222.SH,20260820,204200.0,8.3,1694860.0,8.1,0.0365058,0.489526,55936.3
600221.SH,20260820,3005700.0,1.31,3937467.0,1.31,0.0070152,1.55899,4284550.0
600219.SH,20260820,3035200.0,4.96,15054592.0,5.1,0.0264305,1.45011,1148370.0
600218.SH,20260820,20400.0,7.51,153204.0,7.45,0.0046832,0.48042,43560.0
600217.SH,20260820,19400.0,3.06,59364.0,3.06,0.00117033,0.190564,165765.0
600216.SH,20260820,1448500.0,14.15,20496275.0,13.93,0.152251,2.21476,95138.9
600215.SH,20260820,26600.0,6.48,172368.0,6.4,0.00582206,0.270466,45688.3
600212.SH,20260820,16700.0,5.48,91516.0,5.48,0.00314394,0.162284,53118.0
600211.SH,20260820,317800.0,40.25,12791450.0,38.05,0.0985979,5.59211,32231.9
600664.SH,20260820,5818421.0,9.07,52773078.0,9.06,0.231026,1.60404,251851.0
600665.SH,20260820,4700.0,3.43,16121.0,3.41,0.000543904,0.0311147,86412.2
600666.SH,20260820,386100.0,3.55,1370655.0,3.52,0.0150126,0.281521,257185.0
601288.SH,20260820,7130000.0,6.68,47628400.0,6.77,0.0022334,1.62041,31924400.0
601238.SH,20260820,51300.0,5.01,257013.0,5.01,0.000694774,0.260569,738370.0
601236.SH,20260820,6600.0,6.76,44616.0,6.76,0.000140628,0.0627194,469323.0
601233.SH,20260820,60465.0,23.78,1437858.0,23.71,0.00254625,0.193722,237467.0
601231.SH,20260820,62600.0,27.22,1703972.0,26.87,0.00262041,0.194995,238894.0
601229.SH,20260820,419600.0,9.7,4070120.0,9.76,0.00295305,0.546845,1420900.0
601228.SH,20260820,125900.0,3.01,378959.0,3.02,0.00166876,0.778974,754453.0
601226.SH,20260820,16400.0,5.99,98236.0,5.99,0.00141109,0.20233,116222.0
601225.SH,20260820,173400.0,25.33,4392222.0,25.59,0.00178855,0.462814,969500.0
601222.SH,20260820,17500.0,5.47,95725.0,5.47,0.00085733,0.125822,204122.0
601218.SH,20260820,40000.0,4.38,175200.0,4.36,0.00412782,0.14977,96903.4
601216.SH,20260820,22800.0,4.38,99864.0,4.37,0.000270206,0.0608569,843802.0
601212.SH,20260820,2907500.0,5.66,16456450.0,5.4,0.0392652,1.94316,740477.0
601211.SH,20260820,360500.0,17.85,6434925.0,17.86,0.00268047,0.434676,1344910.0
601208.SH,20260820,323600.0,46.0,14885600.0,45.06,0.0320338,0.432543,101018.0
601200.SH,20260820,51638.0,6.9,356302.0,6.92,0.00383575,0.80912,134623.0
601199.SH,20260820,36100.0,6.2,223820.0,6.24,0.00386009,0.173012,93521.0
601198.SH,20260820,311800.0,13.52,4215536.0,13.54,0.00964595,1.51909,323245.0
601188.SH,20260820,55100.0,2.81,154831.0,2.8,0.0042207,0.407267,130547.0
601187.SH,20260820,217800.0,7.19,1565982.0,7.28,0.00827074,1.00814,263338.0
601186.SH,20260820,170000.0,5.97,1014900.0,5.97,0.00147784,0.591797,1150320.0
601179.SH,20260820,495269.0,13.18,6527645.0,13.0,0.00966212,0.378075,512588.0
601177.SH,20260820,29800.0,12.68,377864.0,12.58,0.00740526,0.493014,40241.6
601169.SH,20260820,1710900.0,5.0,8554500.0,5.02,0.00809205,1.85609,2114300.0
601168.SH,20260820,481200.0,37.93,18251916.0,36.83,0.020193,0.720356,238300.0
601166.SH,20260820,1176400.0,18.1,21292840.0,18.24,0.0055588,1.30696,2116290.0
601163.SH,20260820,5200.0,12.83,66716.0,12.81,0.00065,0.226228,80000.0
601162.SH,20260820,293700.0,3.56,1045572.0,3.56,0.00341592,0.164889,859797.0
601279.SH,20260820,25100.0,3.14,78814.0,3.13,0.00158281,0.277745,158579.0
601298.SH,20260820,16800.0,8.89,149352.0,8.93,0.000311568,0.220122,539208.0
601156.SH,20260820,13200.0,18.47,243804.0,18.36,0.00139742,0.117817,94459.6
601311.SH,20260820,11600.0,7.67,88972.0,7.63,0.000988794,0.118965,117315.0
601566.SH,20260820,3900.0,8.45,32955.0,8.37,0.000678689,0.0587902,57463.7
601555.SH,20260820,36000.0,7.92,285120.0,7.91,0.000724535,0.11255,496870.0
601528.SH,20260820,79100.0,4.86,384426.0,4.89,0.00426238,0.541242,185577.0
601519.SH,20260820,80100.0,7.72,618372.0,7.68,0.00402683,0.284931,198916.0
601518.SH,20260820,162300.0,2.76,447948.0,2.75,0.00858479,1.62817,189055.0
601515.SH,20260820,16900.0,3.25,54925.0,3.24,0.000878164,0.111129,192447.0
601512.SH,20260820,17500.0,7.71,134925.0,7.72,0.00116753,0.685409,149889.0
601500.SH,20260820,7300.0,3.97,28981.0,3.97,0.000461149,0.065229,158300.0
601456.SH,20260820,25700.0,8.79,225903.0,8.75,0.000587163,0.152849,437698.0
601399.SH,20260820,74900.0,3.12,233688.0,3.09,0.00103832,0.126897,721356.0
601398.SH,20260820,3915900.0,7.75,30348225.0,7.8,0.00145242,1.13017,26961200.0
601390.SH,20260820,436700.0,4.3,1877810.0,4.31,0.0021487,0.639165,2032390.0
601388.SH,20260820,95100.0,3.3,313830.0,3.27,0.00432033,0.30337,220122.0
601377.SH,20260820,344100.0,5.79,1992339.0,5.77,0.00398449,0.671599,863599.0
601375.SH,20260820,95800.0,3.99,382242.0,3.98,0.00277881,0.296254,344752.0
601369.SH,20260820,15400.0,8.81,135674.0,8.8,0.000902585,0.153092,170621.0
601368.SH,20260820,6900.0,4.54,31326.0,4.52,0.000781451,0.180973,88297.3
601366.SH,20260820,250400.0,3.63,908952.0,3.6,0.0260904,0.865145,95974.1
601360.SH,20260820,483600.0,8.84,4275024.0,8.83,0.00690901,0.488497,699956.0
601339.SH,20260820,63000.0,7.9,497700.0,7.84,0.00420121,0.64881,149957.0
601336.SH,20260820,79400.0,57.47,4563118.0,57.66,0.00380735,0.614405,208544.0
601333.SH,20260820,88800.0,2.92,259296.0,2.93,0.00157106,0.169811,565224.0
601330.SH,20260820,21600.0,7.0,151200.0,7.0,0.00218381,0.283297,98909.5
601328.SH,20260820,1096400.0,7.1,7784440.0,7.15,0.00420521,0.69931,2607240.0
601326.SH,20260820,87300.0,3.38,295074.0,3.38,0.00183497,0.423001,475756.0
601319.SH,20260820,339500.0,6.86,2328970.0,6.88,0.000956398,0.700473,3549780.0
601318.SH,20260820,699800.0,51.85,36284630.0,52.08,0.00656469,1.15183,1066010.0
601158.SH,20260820,8900.0,4.1,36490.0,4.11,0.000185415,0.159912,480003.0
601155.SH,20260820,132100.0,11.03,1457063.0,11.08,0.00585648,0.471214,225562.0
600996.SH,20260820,33300.0,6.55,218115.0,6.51,0.00267084,0.194183,124680.0
601066.SH,20260820,66900.0,25.25,1689225.0,24.95,0.00102992,0.250973,649567.0
601061.SH,20260820,381600.0,12.0,4579200.0,11.55,0.00778776,2.24603,490000.0
601059.SH,20260820,15300.0,16.28,249084.0,16.29,0.000471785,0.279489,324300.0
601058.SH,20260820,57700.0,14.15,816455.0,14.06,0.00175481,0.209339,328810.0
601038.SH,20260820,8000.0,12.75,102000.0,12.68,0.00109334,0.121793,73170.5
601033.SH,20260820,4100.0,14.46,59286.0,14.42,0.00170833,0.134562,24000.0
601026.SH,20260820,122400.0,16.14,1975536.0,16.01,0.110185,0.807636,11108.6
601022.SH,20260820,106600.0,8.28,882648.0,8.35,0.0081459,1.12665,130863.0
601021.SH,20260820,10100.0,44.24,446824.0,44.14,0.00103237,0.247187,97833.3
601020.SH,20260820,256000.0,21.71,5557760.0,20.85,0.0312209,1.03928,81996.5
601019.SH,20260820,17500.0,7.0,122500.0,6.97,0.000838564,0.212265,208690.0
601018.SH,20260820,589100.0,3.37,1985267.0,3.39,0.00302811,1.07096,1945440.0
601016.SH,20260820,393500.0,3.38,1330030.0,3.37,0.00651678,0.237327,603826.0
601015.SH,20260820,5461200.0,3.63,19824156.0,3.71,0.267379,8.85245,204250.0
601012.SH,20260820,290600.0,12.45,3617970.0,12.45,0.00383475,0.31456,757806.0
601011.SH,20260820,15094000.0,3.25,49055500.0,3.04,0.787925,31.8402,191566.0
601010.SH,20260820,23800.0,1.41,33558.0,1.41,0.00131586,0.115019,180870.0
601009.SH,20260820,416500.0,11.7,4873050.0,11.76,0.00336877,0.809441,1236360.0
601008.SH,20260820,1186500.0,4.49,5327385.0,4.57,0.0956363,7.53606,124064.0
601007.SH,20260820,9900.0,6.68,66132.0,6.63,0.00253846,0.182438,39000.0
601006.SH,20260820,417600.0,4.76,1987776.0,4.77,0.00210241,0.459568,1986290.0
601005.SH,20260820,781600.0,1.18,922288.0,1.18,0.00940142,1.4431,831364.0
601003.SH,20260820,96300.0,3.61,347643.0,3.6,0.00375762,0.537562,256279.0
601002.SH,20260820,5300.0,5.25,27825.0,5.22,0.000555299,0.0457727,95444.1
601001.SH,20260820,263800.0,16.92,4463496.0,17.2,0.0157615,1.50537,167370.0
601000.SH,20260820,129600.0,4.57,592272.0,4.59,0.002187,0.353968,592593.0
600999.SH,20260820,74900.0,17.9,1340710.0,17.83,0.00100916,0.154922,742200.0
600998.SH,20260820,64200.0,4.96,318432.0,4.95,0.00127319,0.185456,504247.0
601065.SH,20260820,6000.0,6.71,40260.0,6.7,0.000933451,0.148118,64277.6
601068.SH,20260820,42200.0,4.44,187368.0,4.4,0.0016487,0.291119,255959.0
601139.SH,20260820,60100.0,6.32,379832.0,6.35,0.00208917,0.351231,287674.0
601069.SH,20260820,745400.0,31.01,23114854.0,29.46,0.0840182,2.92777,88718.8
601138.SH,20260820,671619.0,62.5,41976188.0,61.83,0.00338448,0.489445,1984410.0
601137.SH,20260820,60400.0,18.79,1134916.0,18.68,0.00657861,0.318131,91812.7
601136.SH,20260820,3900.0,13.8,53820.0,13.75,0.000142683,0.0413813,273333.0
601133.SH,20260820,30900.0,25.91,800619.0,25.26,0.0058926,0.216544,52438.7
601128.SH,20260820,311700.0,6.17,1923189.0,6.19,0.00854399,0.834892,364818.0
601127.SH,20260820,119100.0,50.48,6012168.0,50.48,0.00764833,0.536535,155720.0
601126.SH,20260820,65900.0,44.7,2945730.0,43.88,0.00798705,0.207951,82508.5
601121.SH,20260820,76200.0,7.37,561594.0,7.32,0.009525,0.494639,80000.0
601118.SH,20260820,1486400.0,5.55,8249520.0,5.64,0.0347336,1.61491,427943.0
601117.SH,20260820,376600.0,7.42,2794372.0,7.44,0.00618587,0.791814,608807.0
601116.SH,20260820,475900.0,10.62,5054058.0,10.62,0.0868941,2.43029,54767.8
601113.SH,20260820,21700.0,3.3,71610.0,3.31,0.00196531,0.27385,110415.0
601112.SH,20260820,24800.0,15.3,379440.0,15.26,0.0135713,0.464417,18273.8
601111.SH,20260820,162200.0,5.81,942382.0,5.81,0.0013937,0.334365,1163810.0
601108.SH,20260820,277790.0,8.48,2355659.0,8.47,0.00598199,0.231807,464377.0
601107.SH,20260820,13000.0,5.55,72150.0,5.57,0.000601089,0.170134,216274.0
601106.SH,20260820,109200.0,2.99,326508.0,2.98,0.00159235,0.225317,685778.0
601101.SH,20260820,2415970.0,12.31,29740591.0,12.61,0.167776,4.44731,144000.0
601100.SH,20260820,8100.0,101.16,819396.0,101.0,0.000604108,0.123194,134082.0
601099.SH,20260820,189700.0,3.32,629804.0,3.32,0.00278303,0.113856,681632.0
601098.SH,20260820,4800.0,10.25,49200.0,10.27,0.000267261,0.0640832,179600.0
601096.SH,20260820,452300.0,4.25,1922275.0,4.16,0.0275293,2.25507,164298.0
601089.SH,20260820,32300.0,17.35,560405.0,17.01,0.00672917,0.61506,48000.0
601088.SH,20260820,225900.0,46.0,10391400.0,46.52,0.00136983,0.785211,1649100.0
601086.SH,20260820,23200.0,7.67,177944.0,7.63,0.00348348,0.218986,66600.0
601083.SH,20260820,81200.0,11.39,924868.0,11.48,0.0418298,1.54304,19412.0
601077.SH,20260820,214900.0,6.72,1444128.0,6.76,0.00243148,0.375158,883824.0
601567.SH,20260820,13900.0,15.11,210029.0,15.12,0.000989176,0.109966,140521.0
601568.SH,20260820,26300.0,3.69,97047.0,3.7,0.000662098,0.203675,397222.0
601577.SH,20260820,164400.0,9.35,1537140.0,9.43,0.00408886,1.16496,402068.0
601966.SH,20260820,19700.0,10.93,215321.0,10.88,0.00134609,0.264649,146350.0
601963.SH,20260820,113800.0,10.87,1237006.0,10.98,0.00559473,1.20369,203406.0
601958.SH,20260820,195200.0,21.95,4284640.0,21.55,0.0060497,0.509058,322660.0
601956.SH,20260820,4800.0,4.9,23520.0,4.9,0.00077218,0.0954063,62161.7
601952.SH,20260820,1383072.0,8.72,12060388.0,8.79,0.100368,4.31402,137800.0
601949.SH,20260820,69100.0,5.14,355174.0,5.16,0.00362926,0.465079,190397.0
601939.SH,20260820,2103700.0,10.45,21983665.0,10.55,0.021928,1.6423,959366.0
601933.SH,20260820,330000.0,3.12,1029600.0,3.1,0.00369746,0.219251,892504.0
601929.SH,20260820,209600.0,2.26,473696.0,2.23,0.0060061,0.2723,348979.0
601928.SH,20260820,19700.0,9.27,182619.0,9.32,0.000774097,0.237649,254490.0
601921.SH,20260820,108100.0,7.66,828046.0,7.63,0.0048645,0.935552,222222.0
601919.SH,20260820,510794.0,16.42,8387237.0,16.55,0.00406795,0.528531,1255650.0
601918.SH,20260820,197200.0,9.9,1952280.0,10.04,0.00761231,0.59873,259054.0
601916.SH,20260820,381900.0,2.9,1107510.0,2.91,0.00177262,0.377353,2154440.0
601908.SH,20260820,36000.0,3.0,108000.0,2.98,0.00149093,0.0660997,241460.0
601901.SH,20260820,234500.0,6.73,1578185.0,6.7,0.0028486,0.528841,823210.0
601900.SH,20260820,2100.0,11.93,25053.0,11.84,0.000238103,0.0357212,88197.0
601899.SH,20260820,8604300.0,34.0,292546200.0,32.76,0.0417648,3.92224,2060180.0
601898.SH,20260820,279900.0,14.19,3971781.0,14.34,0.00305835,0.702174,915200.0
601890.SH,20260820,142100.0,8.4,1193640.0,8.37,0.0148113,0.243933,95940.0
601888.SH,20260820,76500.0,52.72,4033080.0,52.88,0.0039181,0.327695,195248.0
601886.SH,20260820,342500.0,12.9,4418250.0,12.72,0.0302294,0.788748,113300.0
601882.SH,20260820,19400.0,20.39,395566.0,20.21,0.00371648,0.149306,52200.0
601881.SH,20260820,45600.0,11.91,543096.0,11.9,0.000629537,0.189391,724342.0
601880.SH,20260820,531700.0,1.46,776282.0,1.45,0.00288763,0.857136,1841310.0
601878.SH,20260820,156500.0,9.15,1431975.0,9.15,0.00342166,0.736292,457380.0
601877.SH,20260820,815597.0,25.09,20463329.0,23.89,0.0379529,4.83777,214897.0
601872.SH,20260820,721200.0,18.58,13399896.0,18.6,0.00893178,0.817222,807454.0
601965.SH,20260820,4000.0,13.96,55840.0,13.91,0.000400639,0.0704404,99840.6
601968.SH,20260820,5600.0,4.35,24360.0,4.33,0.000438947,0.116105,127578.0
601579.SH,20260820,391000.0,18.91,7393810.0,18.47,0.0815495,1.14371,47946.3
601969.SH,20260820,89500.0,9.22,825190.0,9.23,0.00453744,0.574721,197248.0
603016.SH,20260820,2300.0,28.28,65044.0,27.89,0.00155238,0.0937322,14816.0
603015.SH,20260820,64400.0,11.21,721924.0,11.08,0.015932,1.04402,40421.9
603014.SH,20260820,22300.0,32.99,735677.0,32.7,0.0219737,1.48615,10148.5
603013.SH,20260820,5200.0,16.09,83668.0,16.08,0.00102318,0.226815,50822.0
603012.SH,20260820,83600.0,8.94,747384.0,8.85,0.0129312,0.163945,64650.0
603011.SH,20260820,347100.0,23.25,8070075.0,23.02,0.0702043,0.522745,49441.4
603010.SH,20260820,55100.0,11.86,653486.0,11.68,0.00965349,0.530427,57077.8
603009.SH,20260820,29300.0,43.5,1274550.0,43.25,0.00845868,0.231472,34639.0
603008.SH,20260820,18500.0,7.92,146520.0,7.87,0.00502318,0.32274,36829.2
603007.SH,20260820,121400.0,4.63,562082.0,4.54,0.0174654,0.561841,69508.9
603006.SH,20260820,8900.0,11.0,97900.0,10.87,0.00350043,0.424988,25425.4
603005.SH,20260820,62600.0,32.35,2025110.0,31.96,0.0095987,0.160315,65217.2
603004.SH,20260820,700.0,19.96,13972.0,19.96,0.00118886,0.026776,5888.0
603002.SH,20260820,398600.0,16.88,6728368.0,16.47,0.0351475,0.446733,113408.0
603001.SH,20260820,41700.0,7.72,321924.0,7.63,0.0103995,0.347413,40098.0
603000.SH,20260820,15600.0,16.03,250068.0,15.92,0.00141088,0.0929681,110569.0
601999.SH,20260820,48300.0,5.97,288351.0,5.91,0.00876724,0.220238,55091.5
601998.SH,20260820,875431.0,8.05,7047220.0,8.16,0.00214761,1.61805,4076300.0
601997.SH,20260820,192500.0,5.66,1089550.0,5.69,0.00526503,0.533517,365620.0
601996.SH,20260820,134600.0,2.45,329770.0,2.42,0.0120081,0.630721,112091.0
601995.SH,20260820,95400.0,34.12,3255048.0,33.83,0.00326316,0.503513,292354.0
601992.SH,20260820,295900.0,1.37,405383.0,1.37,0.00355045,0.961745,833416.0
601991.SH,20260820,1747600.0,6.0,10485600.0,6.03,0.014098,0.287652,1239610.0
601990.SH,20260820,59100.0,6.56,387696.0,6.54,0.00139659,0.421842,423172.0
601988.SH,20260820,3151200.0,6.03,19001736.0,6.08,0.00149512,1.17686,21076600.0
601985.SH,20260820,211500.0,8.76,1852740.0,8.76,0.00112004,0.36991,1888330.0
601975.SH,20260820,1259300.0,3.74,4709782.0,3.77,0.0269061,0.890371,468034.0
601869.SH,20260820,94600.0,349.66,33077836.0,345.24,0.0232811,0.677387,40633.8
601868.SH,20260820,1329500.0,2.5,3323750.0,2.5,0.00409976,0.602321,3242870.0
601866.SH,20260820,158400.0,2.37,375408.0,2.37,0.00163124,0.307835,971043.0
601865.SH,20260820,30600.0,10.11,309366.0,10.12,0.00160966,0.122672,190103.0
601688.SH,20260820,161800.0,18.83,3046694.0,18.9,0.00221439,0.248188,730676.0
601686.SH,20260820,1300.0,5.1,6630.0,5.1,8.78766e-05,0.0328192,147935.0
601678.SH,20260820,283500.0,6.56,1859760.0,6.47,0.0138744,0.228939,204334.0
601677.SH,20260820,129400.0,16.97,2195918.0,16.91,0.0104079,0.428353,124329.0
601669.SH,20260820,785800.0,4.62,3630396.0,4.62,0.00601154,0.865302,1307150.0
601668.SH,20260820,1526100.0,4.39,6699579.0,4.41,0.00369333,0.791529,4132040.0
601666.SH,20260820,516100.0,9.15,4722315.0,9.42,0.0209001,1.08746,246937.0
601665.SH,20260820,143500.0,6.42,921270.0,6.45,0.00233188,0.372658,615384.0
601658.SH,20260820,1428800.0,4.96,7086848.0,4.98,0.00197,1.28875,7252780.0
601636.SH,20260820,350700.0,5.92,2076144.0,5.88,0.0118534,0.465163,295865.0
601633.SH,20260820,17300.0,15.23,263479.0,15.23,0.000278438,0.164654,621323.0
601628.SH,20260820,235100.0,36.53,8588203.0,36.84,0.00112901,0.885194,2082350.0
601619.SH,20260820,121700.0,4.18,508706.0,4.19,0.00493735,0.149029,246489.0
601618.SH,20260820,51700.0,2.54,131318.0,2.54,0.000289593,0.0809815,1785260.0
601616.SH,20260820,37800.0,3.71,140238.0,3.71,0.00442791,0.226569,85367.5
601615.SH,20260820,196300.0,10.9,2139670.0,10.78,0.00868009,0.312056,226150.0
601611.SH,20260820,86300.0,10.74,926862.0,10.69,0.00286346,0.231626,301383.0
601609.SH,20260820,2299300.0,12.83,29500019.0,12.95,0.133012,2.23435,172864.0
601608.SH,20260820,101900.0,4.74,483006.0,4.71,0.00222511,0.304038,457955.0
601607.SH,20260820,149040.0,16.5,2459160.0,16.37,0.00534345,1.28887,278921.0
601606.SH,20260820,377600.0,31.29,11815104.0,30.85,0.0521382,1.23025,72422.8
601601.SH,20260820,207000.0,30.01,6212070.0,30.2,0.00302409,0.572511,684504.0
601600.SH,20260820,1397800.0,9.42,13167276.0,9.35,0.0105867,0.776959,1320330.0
601599.SH,20260820,36300.0,3.0,108900.0,2.98,0.00312785,0.216309,116054.0
601598.SH,20260820,21200.0,6.65,140980.0,6.61,0.000411054,0.16466,515747.0
601595.SH,20260820,10300.0,16.3,167890.0,16.13,0.00229808,0.162448,44820.0
601588.SH,20260820,73100.0,1.69,123539.0,1.69,0.00274812,0.246285,266000.0
601689.SH,20260820,99400.0,46.93,4664842.0,46.5,0.00571976,0.413544,173784.0
601696.SH,20260820,54600.0,11.5,627900.0,11.41,0.00196544,0.164794,277800.0
601698.SH,20260820,453200.0,25.5,11556600.0,25.88,0.0107282,1.56756,422439.0
601800.SH,20260820,87800.0,5.82,510996.0,5.83,0.000748963,0.363194,1172290.0
601860.SH,20260820,110700.0,2.51,277857.0,2.52,0.00311683,0.284893,355169.0
601858.SH,20260820,59700.0,22.24,1327728.0,22.08,0.00755218,0.378272,79050.0
601857.SH,20260820,875200.0,11.1,9714720.0,11.21,0.000540507,0.701808,16192200.0
601838.SH,20260820,171900.0,18.3,3145770.0,18.41,0.00405574,1.00888,423844.0
601828.SH,20260820,83600.0,2.14,178904.0,2.14,0.00231425,0.219015,361240.0
601827.SH,20260820,10100.0,8.23,83123.0,8.23,0.000604091,0.105147,167193.0
601825.SH,20260820,57500.0,8.57,492775.0,8.65,0.000609607,0.163079,943230.0
601818.SH,20260820,691400.0,2.99,2067286.0,3.0,0.00148987,0.485228,4640680.0
601816.SH,20260820,280300.0,4.95,1387485.0,4.95,0.00057291,0.223081,4892570.0
601811.SH,20260820,5300.0,11.97,63441.0,11.98,0.000669273,0.313877,79190.4
601808.SH,20260820,102700.0,12.23,1256021.0,12.29,0.00346905,0.576331,296047.0
601801.SH,20260820,15300.0,5.48,83844.0,5.48,0.000781437,0.172867,195793.0
601799.SH,20260820,6640.0,88.85,589964.0,88.83,0.00232428,0.252031,28567.9
601699.SH,20260820,396200.0,16.01,6343162.0,16.37,0.0132446,1.21458,299141.0
601798.SH,20260820,13400.0,7.52,100768.0,7.52,0.00377967,0.286719,35452.8
601789.SH,20260820,367600.0,4.19,1540244.0,4.16,0.0338241,0.327261,108680.0
601788.SH,20260820,182700.0,14.28,2608956.0,14.28,0.00467658,0.822686,390670.0
601778.SH,20260820,322800.0,3.61,1165308.0,3.57,0.00867032,0.235543,372304.0
601777.SH,20260820,40700.0,8.13,330891.0,8.1,0.000900223,0.162176,452110.0
601766.SH,20260820,2054800.0,6.15,12637020.0,6.09,0.00844631,1.66473,2432780.0
601728.SH,20260820,450700.0,6.6,2974620.0,6.65,0.000580577,0.33844,7762970.0
601727.SH,20260820,176900.0,6.52,1153388.0,6.52,0.00140223,0.349866,1261560.0
601718.SH,20260820,405900.0,1.79,726561.0,1.79,0.00930735,1.27213,436107.0
601717.SH,20260820,57800.0,15.19,877982.0,15.14,0.00374798,0.41307,154217.0
601702.SH,20260820,125500.0,16.74,2100870.0,16.64,0.0125685,0.951718,99853.1
601700.SH,20260820,1899800.0,6.9,13108620.0,6.82,0.166831,0.893234,113876.0
600997.SH,20260820,217600.0,5.5,1196800.0,5.57,0.0137045,2.09137,158780.0
600995.SH,20260820,14000.0,12.36,173040.0,12.36,0.000438047,0.129683,319601.0
600667.SH,20260820,3012908.0,21.49,64747393.0,21.12,0.144052,0.806567,209154.0
600777.SH,20260820,542800.0,4.1,2225480.0,4.11,0.00852634,2.66112,636615.0
600775.SH,20260820,11400.0,9.35,106590.0,9.22,0.00169684,0.0600356,67183.9
600774.SH,20260820,12700.0,7.24,91948.0,7.17,0.00430683,0.310458,29488.0
600773.SH,20260820,30300.0,10.6,321180.0,10.56,0.00318415,0.161857,95158.7
600771.SH,20260820,12901.0,13.56,174938.0,13.55,0.00263559,0.117183,48949.1
600770.SH,20260820,18400.0,5.01,92184.0,4.97,0.00141538,0.0736749,130000.0
600769.SH,20260820,20200.0,15.6,315120.0,15.33,0.00538699,0.14024,37497.7
600768.SH,20260820,16500.0,15.09,248985.0,14.89,0.0123367,0.230809,13374.7
600765.SH,20260820,56200.0,13.08,735096.0,13.08,0.00361998,0.413797,155249.0
600764.SH,20260820,23000.0,17.2,395600.0,17.18,0.00323657,0.333062,71062.9
600763.SH,20260820,69299.0,35.47,2458036.0,35.25,0.0154931,0.508938,44728.9
600761.SH,20260820,10900.0,16.54,180286.0,16.53,0.00122377,0.116115,89069.3
600760.SH,20260820,39800.0,43.28,1722544.0,43.53,0.00140658,0.24261,282955.0
600759.SH,20260820,2035900.0,2.47,5028673.0,2.49,0.0491326,1.55677,414369.0
600758.SH,20260820,3332600.0,3.33,11097558.0,3.53,0.252328,4.94361,132074.0
600757.SH,20260820,14000.0,7.67,107380.0,7.67,0.00115369,0.207557,121350.0
600756.SH,20260820,156100.0,14.5,2263450.0,14.61,0.0481643,0.57898,32409.9
600755.SH,20260820,36700.0,5.62,206254.0,5.61,0.00172126,0.327788,213216.0
600754.SH,20260820,24100.0,18.87,454767.0,18.82,0.00265991,0.255101,90604.4
600753.SH,20260820,0.0,,0.0,9.75,0.0,0.0,23030.7
600751.SH,20260820,17500.0,3.12,54600.0,3.11,0.00068009,0.0670494,257319.0
600750.SH,20260820,52100.0,24.19,1260299.0,23.99,0.00828529,1.17117,62882.5
600749.SH,20260820,31000.0,13.4,415400.0,13.34,0.0136585,0.654971,22696.6
600748.SH,20260820,33700.0,3.79,127723.0,3.79,0.00182699,0.303803,184456.0
600746.SH,20260820,9200.0,6.58,60536.0,6.57,0.000787777,0.0710403,116784.0
600745.SH,20260820,127100.0,16.43,2088253.0,16.3,0.00997748,0.308819,127387.0
600744.SH,20260820,290300.0,6.4,1857920.0,6.42,0.0142926,0.154903,203112.0
600743.SH,20260820,177300.0,2.21,391833.0,2.22,0.00755722,0.630024,234610.0
600776.SH,20260820,12600.0,12.28,154728.0,12.15,0.00131799,0.102591,95600.0
600778.SH,20260820,20100.0,5.5,110550.0,5.44,0.00645856,0.372587,31121.5
600741.SH,20260820,130700.0,15.33,2003631.0,15.33,0.00414562,1.02529,315272.0
600779.SH,20260820,10200.0,27.13,276726.0,26.93,0.00209229,0.327277,48750.3
600814.SH,20260820,6000.0,6.7,40200.0,6.7,0.000816239,0.110052,73507.9
600812.SH,20260820,198400.0,5.06,1003904.0,5.06,0.0115636,0.673777,171573.0
600810.SH,20260820,4200.0,6.22,26124.0,6.17,0.000388618,0.0438055,108075.0
600809.SH,20260820,18400.0,118.66,2183344.0,119.3,0.00150824,0.205196,121996.0
600808.SH,20260820,25800.0,2.45,63210.0,2.45,0.000432324,0.0486141,596775.0
600807.SH,20260820,43700.0,2.54,110998.0,2.53,0.0055526,0.344308,78701.8
600805.SH,20260820,7200.0,4.35,31320.0,4.33,0.000846785,0.149251,85027.5
600803.SH,20260820,16500.0,17.88,295020.0,17.9,0.000537157,0.290566,307173.0
600802.SH,20260820,28800.0,4.5,129600.0,4.48,0.0062848,0.525594,45824.8
600801.SH,20260820,45300.0,22.95,1039635.0,22.98,0.00337632,0.534051,134170.0
600800.SH,20260820,58700.0,3.27,191949.0,3.27,0.00528957,0.0839029,110973.0
600798.SH,20260820,929300.0,3.29,3057397.0,3.36,0.0770223,4.31595,120653.0
600797.SH,20260820,97400.0,6.8,662320.0,6.74,0.00947908,0.269973,102753.0
600796.SH,20260820,4300.0,5.09,21887.0,5.06,0.00138052,0.0754037,31147.8
600795.SH,20260820,2289800.0,5.19,11884062.0,5.13,0.0128384,1.56355,1783560.0
600794.SH,20260820,13600.0,3.16,42976.0,3.16,0.00113319,0.101764,120015.0
600793.SH,20260820,7300.0,14.37,104901.0,14.27,0.00412653,0.106926,17690.4
600792.SH,20260820,879800.0,3.6,3167280.0,3.76,0.0792667,3.50804,110992.0
600791.SH,20260820,100500.0,7.38,741690.0,7.28,0.0222191,0.516391,45231.4
600790.SH,20260820,164900.0,3.32,547468.0,3.29,0.0112499,1.71276,146579.0
600789.SH,20260820,269000.0,7.49,2014810.0,7.4,0.0266258,0.757504,101030.0
600787.SH,20260820,9400.0,4.55,42770.0,4.56,0.000433164,0.0700585,217008.0
600785.SH,20260820,88900.0,8.73,776097.0,8.76,0.0281433,0.900735,31588.4
600784.SH,20260820,32500.0,7.99,259675.0,7.92,0.00481017,0.280911,67565.2
600783.SH,20260820,1324400.0,19.38,25666872.0,20.19,0.177925,4.6481,74435.9
600782.SH,20260820,38300.0,2.68,102644.0,2.69,0.00121755,0.122062,314565.0
600780.SH,20260820,36700.0,5.77,211759.0,5.77,0.00320104,0.485829,114650.0
600742.SH,20260820,9400.0,7.44,69936.0,7.4,0.00126504,0.222234,74305.8
600740.SH,20260820,1776400.0,3.62,6430568.0,3.74,0.0693332,3.95111,256212.0
600993.SH,20260820,7800.0,23.19,180882.0,23.18,0.00181261,0.159322,43031.8
600707.SH,20260820,2069300.0,10.48,21686264.0,10.35,0.0576781,1.03977,358767.0
600704.SH,20260820,64900.0,4.84,314116.0,4.84,0.00125503,0.239817,517118.0
600703.SH,20260820,716600.0,13.7,9817420.0,13.51,0.0143635,0.370881,498902.0
600702.SH,20260820,33700.0,35.0,1179500.0,34.91,0.0101521,0.30911,33195.1
600699.SH,20260820,68900.0,19.65,1353885.0,19.42,0.0049367,0.286043,139567.0
600698.SH,20260820,71200.0,6.58,468496.0,6.58,0.00857365,0.288311,83045.2
600697.SH,20260820,9300.0,10.58,98394.0,10.53,0.00598548,0.349105,15537.6
600694.SH,20260820,6500.0,14.37,93405.0,14.32,0.00171597,0.238503,37879.4
600693.SH,20260820,178400.0,9.18,1637712.0,9.06,0.0205305,0.206129,86895.3
600692.SH,20260820,43800.0,6.12,268056.0,6.08,0.0171758,0.839286,25501.1
600691.SH,20260820,638100.0,2.5,1595250.0,2.52,0.0268607,2.17298,237559.0
600690.SH,20260820,117500.0,21.93,2576775.0,21.97,0.00187909,0.314367,625303.0
600689.SH,20260820,3800.0,10.5,39900.0,10.45,0.00249665,0.170094,15220.4
600688.SH,20260820,511200.0,2.82,1441584.0,2.82,0.00697521,0.91516,732881.0
600686.SH,20260820,26800.0,11.01,295068.0,10.93,0.00373755,0.177598,71704.7
600685.SH,20260820,17300.0,25.25,436825.0,25.11,0.00210607,0.167302,82143.5
600684.SH,20260820,352700.0,3.4,1199180.0,3.44,0.0413259,2.0985,85346.1
600683.SH,20260820,424200.0,9.87,4186854.0,9.68,0.0572641,0.690352,74077.8
600682.SH,20260820,298200.0,5.79,1726578.0,5.67,0.0256172,1.55495,116406.0
600681.SH,20260820,61100.0,3.39,207129.0,3.4,0.00456035,0.331507,133981.0
600679.SH,20260820,2000.0,9.48,18960.0,9.36,0.000581913,0.102814,34369.4
600678.SH,20260820,89100.0,5.29,471339.0,5.31,0.0255308,1.458,34899.0
600676.SH,20260820,16000.0,6.45,103200.0,6.43,0.00155567,0.218152,102849.0
600675.SH,20260820,21000.0,2.23,46830.0,2.24,0.000347329,0.0633126,604614.0
600674.SH,20260820,34500.0,15.48,534060.0,15.55,0.000707749,0.115614,487461.0
600673.SH,20260820,135600.0,35.05,4752780.0,34.86,0.00451765,0.245702,300156.0
600671.SH,20260820,16900.0,20.7,349830.0,20.69,0.0138786,0.395227,12177.1
600668.SH,20260820,60100.0,7.36,442336.0,7.27,0.0145556,0.833869,41290.1
600706.SH,20260820,19000.0,7.73,146870.0,7.73,0.00747943,0.355109,25403.0
600708.SH,20260820,2100.0,3.01,6321.0,3.0,9.43702e-05,0.012028,222528.0
600739.SH,20260820,627400.0,10.68,6700632.0,10.48,0.0412135,4.74587,152232.0
600710.SH,20260820,7500.0,10.19,76425.0,10.15,0.000573943,0.0974182,130675.0
600738.SH,20260820,977500.0,4.07,3978425.0,4.08,0.128506,6.8235,76066.6
600737.SH,20260820,3127891.0,14.85,46449181.0,14.93,0.146242,3.67525,213885.0
600736.SH,20260820,134600.0,6.66,896436.0,6.62,0.0116912,0.478075,115129.0
600735.SH,20260820,9800.0,5.77,56546.0,5.74,0.00230343,0.189582,42545.2
600734.SH,20260820,210300.0,1.62,340686.0,1.62,0.0096563,0.730785,217785.0
600733.SH,20260820,272600.0,5.05,1376630.0,5.02,0.00450955,0.342402,604495.0
600732.SH,20260820,66000.0,11.88,784080.0,11.8,0.00313501,0.192571,210525.0
600731.SH,20260820,29400.0,5.95,174930.0,5.96,0.00542753,0.416665,54168.3
600730.SH,20260820,23700.0,10.55,250035.0,10.38,0.00403985,0.168065,58665.6
600729.SH,20260820,4400.0,19.2,84480.0,19.2,0.00228592,0.112739,19248.3
600728.SH,20260820,52000.0,4.51,234520.0,4.48,0.00243834,0.198627,213260.0
600727.SH,20260820,22300.0,7.41,165243.0,7.37,0.00421883,0.18415,52858.3
600726.SH,20260820,1138800.0,5.65,6434220.0,5.65,0.0152341,0.587265,747534.0
600725.SH,20260820,368500.0,3.18,1171830.0,3.22,0.0298993,2.27702,123247.0
600724.SH,20260820,13700.0,4.97,68089.0,4.92,0.000948135,0.188979,144494.0
600722.SH,20260820,1661900.0,12.26,20374894.0,12.84,0.244282,1.25372,68032.0
600721.SH,20260820,2672500.0,14.2,37949500.0,13.72,0.694972,2.05394,38454.8
600720.SH,20260820,182900.0,5.12,936448.0,5.02,0.018126,2.58077,100905.0
600719.SH,20260820,32100.0,6.91,221811.0,6.9,0.00793377,0.256055,40460.0
600718.SH,20260820,21100.0,8.0,168800.0,7.99,0.00176357,0.223654,119644.0
600717.SH,20260820,84500.0,4.23,357435.0,4.25,0.00291983,0.473725,289400.0
600716.SH,20260820,11900.0,3.46,41174.0,3.46,0.00127129,0.254197,93606.1
600715.SH,20260820,67500.0,1.56,105300.0,1.56,0.00235818,0.12399,286237.0
600714.SH,20260820,47500.0,15.88,754300.0,15.41,0.016483,0.335183,28817.6
600713.SH,20260820,110400.0,5.34,589536.0,5.28,0.00855938,0.560486,128981.0
600712.SH,20260820,63900.0,5.35,341865.0,5.28,0.011863,0.452714,53864.8
600711.SH,20260820,1354100.0,11.72,15870052.0,11.45,0.0438133,1.25023,309061.0
600815.SH,20260820,209700.0,3.93,824121.0,3.92,0.0118201,0.23309,177409.0
600816.SH,20260820,217000.0,2.44,529480.0,2.44,0.00396772,0.19264,546914.0
600817.SH,20260820,17500.0,9.41,164675.0,9.37,0.00330506,0.604238,52949.2
600956.SH,20260820,52700.0,6.98,367846.0,6.93,0.00224438,0.821703,234809.0
600941.SH,20260820,41500.0,96.86,4019690.0,97.17,0.00459697,0.433313,90276.8
600939.SH,20260820,14900.0,2.52,37548.0,2.52,0.00078319,0.165191,190248.0
600938.SH,20260820,401500.0,33.26,13353890.0,33.35,0.0134281,0.939612,299000.0
600936.SH,20260820,407400.0,4.76,1939224.0,4.72,0.0243802,0.411895,167103.0
600935.SH,20260820,81700.0,2.24,183008.0,2.24,0.00232936,0.574838,350740.0
600933.SH,20260820,9500.0,13.75,130625.0,13.65,0.000968387,0.0924951,98101.3
600930.SH,20260820,647900.0,3.91,2533289.0,3.9,0.00603079,0.360992,1074320.0
600929.SH,20260820,12800.0,5.24,67072.0,5.24,0.000780434,0.0845566,164011.0
600928.SH,20260820,101300.0,3.51,355563.0,3.52,0.00229012,0.588359,442335.0
600927.SH,20260820,10900.0,12.73,138757.0,12.63,0.000751494,0.25752,145044.0
600926.SH,20260820,202400.0,16.75,3390200.0,16.79,0.00279211,0.514594,724900.0
600925.SH,20260820,101900.0,4.3,438170.0,4.32,0.00634476,1.50105,160605.0
600919.SH,20260820,1772300.0,11.85,21001755.0,11.95,0.00965761,2.12579,1835130.0
600918.SH,20260820,102300.0,5.48,560604.0,5.47,0.00224203,0.318383,456282.0
600917.SH,20260820,4200.0,4.79,20118.0,4.78,0.000269051,0.100705,156104.0
600916.SH,20260820,923500.0,7.9,7295650.0,7.64,0.0549702,3.56358,168000.0
600909.SH,20260820,553500.0,8.16,4516560.0,8.08,0.0110167,0.504988,502421.0
600908.SH,20260820,92600.0,5.35,495410.0,5.37,0.00463159,0.652999,199931.0
600906.SH,20260820,63800.0,6.39,407682.0,6.39,0.00300343,0.222635,212424.0
600905.SH,20260820,271200.0,3.69,1000728.0,3.69,0.000948661,0.408562,2858760.0
600903.SH,20260820,65800.0,6.11,402038.0,6.12,0.00565299,0.198237,116399.0
600901.SH,20260820,97300.0,6.56,638288.0,6.58,0.00168035,0.277198,579045.0
600900.SH,20260820,1016200.0,28.21,28667002.0,28.42,0.00415314,1.19526,2446820.0
600897.SH,20260820,7900.0,14.66,115814.0,14.7,0.00189478,0.752218,41693.4
600895.SH,20260820,272900.0,31.89,8702781.0,31.57,0.0176213,1.00031,154869.0
600894.SH,20260820,4600.0,7.78,35788.0,7.78,0.000545577,0.141405,84314.4
600893.SH,20260820,42800.0,35.75,1530100.0,35.57,0.00160593,0.139543,266512.0
600955.SH,20260820,7000.0,12.65,88550.0,12.6,0.00127273,0.170571,55000.0
600958.SH,20260820,596700.0,8.88,5298696.0,8.88,0.00798851,1.32621,746948.0
600818.SH,20260820,1700.0,7.11,12087.0,7.07,0.000714412,0.0492229,23795.8
600959.SH,20260820,96800.0,2.99,289432.0,2.98,0.00193572,0.348995,500072.0
600992.SH,20260820,128700.0,9.77,1257399.0,9.6,0.0525113,1.81116,24509.0
600990.SH,20260820,5000.0,17.63,88150.0,17.48,0.00185865,0.0929551,26901.3
600989.SH,20260820,338500.0,23.53,7964905.0,23.66,0.00461589,0.489484,733336.0
600988.SH,20260820,1927404.0,45.0,86733180.0,42.72,0.115836,3.34851,166391.0
600987.SH,20260820,9200.0,6.54,60168.0,6.54,0.000901237,0.154862,102082.0
600986.SH,20260820,193500.0,7.15,1383525.0,7.05,0.0130095,0.204039,148737.0
600985.SH,20260820,479900.0,16.88,8100712.0,17.14,0.0178186,1.56634,269326.0
600983.SH,20260820,10800.0,7.61,82188.0,7.63,0.00140911,0.474479,76643.9
600982.SH,20260820,55100.0,4.78,263378.0,4.76,0.00493009,0.233951,111763.0
600981.SH,20260820,34400.0,2.37,81528.0,2.37,0.00153405,0.193578,224243.0
600980.SH,20260820,12500.0,19.59,244875.0,19.59,0.00660455,0.395242,18926.4
600979.SH,20260820,31000.0,3.81,118110.0,3.81,0.0024966,0.0765088,124169.0
600977.SH,20260820,104100.0,11.84,1232544.0,11.78,0.00557579,0.251878,186700.0
600976.SH,20260820,16500.0,28.39,468435.0,28.36,0.0107633,0.514521,15329.9
600975.SH,20260820,52900.0,4.89,258681.0,4.91,0.00423315,0.359341,124966.0
600973.SH,20260820,51900.0,5.96,309324.0,5.95,0.00378455,0.229724,137137.0
600971.SH,20260820,297700.0,8.51,2533427.0,8.58,0.0248082,1.65956,120000.0
600970.SH,20260820,7300.0,7.67,55991.0,7.68,0.000278433,0.0525321,262181.0
600969.SH,20260820,21300.0,8.66,184458.0,8.57,0.00575597,0.204096,37005.0
600968.SH,20260820,202800.0,4.03,817284.0,4.06,0.00199506,0.446395,1016510.0
600967.SH,20260820,35200.0,10.73,377696.0,10.71,0.0020684,0.151682,170179.0
600966.SH,20260820,76400.0,4.75,362900.0,4.72,0.00571495,0.802585,133684.0
600965.SH,20260820,241900.0,2.76,667644.0,2.83,0.0295468,2.13883,81870.1
600963.SH,20260820,40200.0,3.3,132660.0,3.31,0.00228725,0.136694,175757.0
600962.SH,20260820,4700.0,25.13,118111.0,24.97,0.00179246,0.0521398,26221.0
600961.SH,20260820,809600.0,28.3,22911680.0,27.43,0.107686,1.62109,75181.2
600960.SH,20260820,6600.0,3.86,25476.0,3.85,0.00069436,0.0685174,95051.6
600892.SH,20260820,394900.0,3.68,1453232.0,3.69,0.0706036,0.871862,55932.0
600889.SH,20260820,4500.0,13.48,60660.0,13.3,0.00122835,0.15545,36634.6
600888.SH,20260820,182600.0,9.94,1815044.0,9.79,0.0117572,0.32739,155309.0
600887.SH,20260820,475900.0,25.1,11945090.0,25.23,0.00756125,0.885419,629393.0
600853.SH,20260820,48800.0,3.24,158112.0,3.23,0.00481405,0.570425,101370.0
600851.SH,20260820,1324100.0,9.43,12486263.0,8.57,0.179367,11.0882,73820.6
600850.SH,20260820,7160.0,14.3101,102460.0,14.28,0.000877195,0.0633518,81623.9
600848.SH,20260820,3600.0,8.43,30348.0,8.46,0.000150381,0.0553995,239391.0
600847.SH,20260820,18900.0,12.41,234549.0,12.39,0.0123298,1.08434,15328.7
600846.SH,20260820,16200.0,12.0,194400.0,11.94,0.00259299,0.322498,62476.2
600845.SH,20260820,189900.0,17.8,3380220.0,17.55,0.00889856,0.806855,213405.0
600844.SH,20260820,107200.0,3.44,368768.0,3.38,0.0130298,0.297377,82273.1
600843.SH,20260820,4000.0,6.81,27240.0,6.76,0.000852474,0.0592315,46922.3
600841.SH,20260820,15200.0,5.67,86184.0,5.6,0.0014573,0.107332,104302.0
600839.SH,20260820,195400.0,6.87,1342398.0,6.86,0.00423406,0.155434,461496.0
600838.SH,20260820,8800.0,7.31,64328.0,7.31,0.00219516,0.110912,40088.2
600835.SH,20260820,4900.0,18.19,89131.0,18.02,0.00060756,0.0778701,80650.4
600834.SH,20260820,29600.0,7.36,217856.0,7.36,0.00620049,1.59212,47738.2
600833.SH,20260820,84700.0,10.9,923230.0,10.69,0.0379674,0.371311,22308.6
600831.SH,20260820,41400.0,3.29,136206.0,3.29,0.00582322,0.391216,71094.7
600830.SH,20260820,9300.0,7.98,74214.0,7.99,0.002047,0.259597,45432.3
600829.SH,20260820,964700.0,10.32,9955704.0,10.71,0.16636,1.79568,57988.9
600828.SH,20260820,10100.0,3.88,39188.0,3.87,0.000583356,0.0772833,173136.0
600827.SH,20260820,7900.0,7.49,59171.0,7.49,0.000492381,0.0602487,160445.0
600826.SH,20260820,4000.0,7.7,30800.0,7.7,0.000552346,0.10813,72418.4
600825.SH,20260820,15300.0,4.92,75276.0,4.88,0.00146427,0.179061,104489.0
600824.SH,20260820,300600.0,3.64,1094184.0,3.6,0.0285192,1.18297,105403.0
600822.SH,20260820,5800.0,8.28,48024.0,8.21,0.0014641,0.216384,39614.8
600821.SH,20260820,217900.0,5.95,1296505.0,5.94,0.011076,0.156199,196732.0
600820.SH,20260820,5800.0,5.39,31262.0,5.39,0.000184473,0.0425388,314410.0
600819.SH,20260820,42400.0,5.35,226840.0,5.35,0.00537214,0.635088,78925.7
600854.SH,20260820,102300.0,4.49,459327.0,4.47,0.0196936,1.80544,51945.9
600855.SH,20260820,13200.0,12.06,159192.0,11.95,0.00282269,0.194996,46764.0
600857.SH,20260820,49170.0,20.1,988317.0,19.72,0.0219196,0.47316,22432.0
600873.SH,20260820,42800.0,7.77,332556.0,7.75,0.00152626,0.147421,280424.0
600886.SH,20260820,173500.0,14.04,2435940.0,14.06,0.00232755,0.60706,745418.0
600885.SH,20260820,25300.0,35.21,890813.0,35.21,0.0016348,0.146895,154759.0
600884.SH,20260820,63900.0,11.76,751464.0,11.68,0.00348208,0.134625,183511.0
600883.SH,20260820,45700.0,7.65,349605.0,7.63,0.0193572,0.729586,23608.8
600882.SH,20260820,15700.0,20.8,326560.0,21.05,0.00308779,0.193739,50845.4
600881.SH,20260820,2830800.0,1.95,5520060.0,1.88,0.0875825,0.625991,323215.0
600880.SH,20260820,45300.0,3.79,171687.0,3.78,0.00414444,0.267718,109303.0
600879.SH,20260820,1568200.0,15.02,23554364.0,15.01,0.0475313,1.67572,329930.0
600877.SH,20260820,29800.0,12.59,375182.0,12.33,0.00251677,0.161429,118406.0
600876.SH,20260820,30700.0,6.93,212751.0,6.95,0.00775889,1.03013,39567.5
600875.SH,20260820,202400.0,26.19,5300856.0,25.91,0.00894243,0.423977,226337.0
600874.SH,20260820,12200.0,5.6,68320.0,5.6,0.000991533,0.222899,123042.0
600872.SH,20260820,292000.0,19.02,5553840.0,18.61,0.0378735,2.80031,77098.8
600858.SH,20260820,7100.0,4.89,34719.0,4.85,0.00137185,0.100504,51754.8
600871.SH,20260820,988100.0,2.23,2203463.0,2.23,0.00729386,0.617301,1354700.0
600869.SH,20260820,506500.0,15.62,7911530.0,15.4,0.022822,0.34932,221935.0
600868.SH,20260820,54500.0,2.69,146605.0,2.67,0.00287122,0.0477319,189815.0
600867.SH,20260820,167700.0,8.35,1400295.0,8.24,0.00856249,0.432591,195854.0
600866.SH,20260820,49800.0,4.34,216132.0,4.35,0.00299734,0.239124,166147.0
600865.SH,20260820,3300.0,8.61,28413.0,8.6,0.000877099,0.0508955,37624.0
600864.SH,20260820,97100.0,5.3,514630.0,5.3,0.00466699,0.22666,208057.0
600863.SH,20260820,425500.0,4.73,2012615.0,4.74,0.00602408,0.25982,706332.0
600862.SH,20260820,49400.0,17.36,857584.0,17.36,0.00354618,0.408022,139305.0
600861.SH,20260820,700.0,12.85,8995.0,12.83,0.00012365,0.0257288,56611.3
600860.SH,20260820,45500.0,8.39,381745.0,8.36,0.0102468,0.228086,44404.1
600859.SH,20260820,23600.0,9.69,228684.0,9.7,0.00209997,0.165523,112383.0
688320.SH,20260820,11306.0,33.17,375020.0,32.66,0.00748674,0.237526,15101.4
688321.SH,20260820,320595.0,30.3,9714029.0,28.86,0.0786142,2.27504,40780.8
688322.SH,20260820,31558.0,99.99,3155484.0,98.5,0.00985375,0.235393,32026.4
588050.SH,20260820,968800.0,1.724,1670211.0,1.71,,0.389799,
588030.SH,20260820,653200.0,1.808,1180986.0,1.787,,0.506806,
588020.SH,20260820,1962300.0,0.871,1709163.0,0.86,,0.46629,
588010.SH,20260820,516300.0,1.097,566381.0,1.084,,0.254061,
588000.SH,20260820,19390800.0,1.779,34496233.0,1.761,,0.468079,
563990.SH,20260820,0.0,,0.0,1.245,,0.0,
563980.SH,20260820,0.0,,0.0,0.969,,0.0,
563960.SH,20260820,2400.0,0.975833,2342.0,0.966,,0.138868,
563930.SH,20260820,1900.0,1.04526,1986.0,1.047,,0.0607708,
563900.SH,20260820,0.0,,0.0,1.16,,0.0,
563890.SH,20260820,0.0,,0.0,1.057,,0.0,
563880.SH,20260820,159000.0,1.259,200181.0,1.255,,0.157183,
563870.SH,20260820,1100.0,0.646364,711.0,0.634,,0.064623,
563860.SH,20260820,200.0,1.315,263.0,1.3,,0.00104833,
563850.SH,20260820,0.0,,0.0,0.955,,0.0,
563830.SH,20260820,0.0,,0.0,1.165,,0.0,
563800.SH,20260820,23400.0,1.21799,28501.0,1.215,,0.00741013,
563790.SH,20260820,277500.0,0.834,231435.0,0.833,,0.331458,
563780.SH,20260820,0.0,,0.0,1.216,,0.0,
563770.SH,20260820,4200.0,1.1931,5011.0,1.183,,0.0546324,
563760.SH,20260820,0.0,,0.0,1.17,,0.0,
563750.SH,20260820,1200.0,1.09583,1315.0,1.09,,0.01088,
563700.SH,20260820,0.0,,0.0,1.052,,0.0,
563690.SH,20260820,0.0,,0.0,1.014,,0.0,
563680.SH,20260820,0.0,,0.0,1.192,,0.0,
563670.SH,20260820,100.0,0.65,65.0,0.648,,0.00542552,
563660.SH,20260820,200.0,1.265,253.0,1.245,,0.00720388,
563650.SH,20260820,200.0,1.3,260.0,1.285,,0.00245661,
588040.SH,20260820,16000.0,1.716,27456.0,1.698,,0.119291,
588060.SH,20260820,4893700.0,1.074,5255834.0,1.06,,1.19841,
563620.SH,20260820,0.0,,0.0,1.079,,0.0,
588070.SH,20260820,77400.0,2.21599,171518.0,2.198,,1.05679,
588350.SH,20260820,600.0,1.74,1044.0,1.722,,0.0302905,
588330.SH,20260820,286300.0,1.136,325237.0,1.12,,0.395636,
588320.SH,20260820,12900.0,1.77698,22923.0,1.753,,0.171361,
588310.SH,20260820,0.0,,0.0,1.187,,0.0,
588300.SH,20260820,128400.0,1.159,148816.0,1.146,,0.287719,
588290.SH,20260820,109000.0,3.494,380846.0,3.453,,0.1468,
588280.SH,20260820,46200.0,1.209,55856.0,1.2,,0.152038,
588270.SH,20260820,32600.0,1.68101,54801.0,1.66,,0.194664,
588260.SH,20260820,0.0,,0.0,2.544,,0.0,
588250.SH,20260820,158300.0,1.093,173022.0,1.062,,1.49274,
588240.SH,20260820,200.0,1.65,330.0,1.629,,0.000532037,
588230.SH,20260820,552800.0,1.795,992276.0,1.764,,0.731176,
588220.SH,20260820,1899000.0,1.815,3446685.0,1.785,,0.448553,
588210.SH,20260820,29000.0,1.833,53157.0,1.804,,0.239705,
588200.SH,20260820,15714200.0,1.193,18747041.0,1.177,,0.459117,
588190.SH,20260820,52800.0,1.79799,94934.0,1.781,,0.0864861,
588180.SH,20260820,14200.0,1.09697,15577.0,1.089,,0.0479793,
588170.SH,20260820,84815600.0,1.038,88038593.0,1.022,,1.14629,
588160.SH,20260820,315700.0,1.118,352953.0,1.113,,0.131651,
588150.SH,20260820,67400.0,1.19401,80476.0,1.186,,0.189306,
588140.SH,20260820,0.0,,0.0,1.187,,0.0,
588130.SH,20260820,591700.0,1.082,640219.0,1.041,,0.437304,
588120.SH,20260820,830300.0,0.935001,776331.0,0.911,,0.940666,
588110.SH,20260820,782800.0,0.639,500209.0,0.63,,0.653711,
588100.SH,20260820,2000.0,0.884,1768.0,0.877,,0.0146182,
588090.SH,20260820,347885.0,1.73,601841.0,1.717,,0.352301,
588080.SH,20260820,4047800.0,1.72,6962216.0,1.707,,0.394496,
563630.SH,20260820,200.0,1.275,255.0,1.273,,0.00728406,
563600.SH,20260820,600.0,1.04667,628.0,1.041,,0.0152102,
588370.SH,20260820,11400.0,1.80298,20554.0,1.761,,0.199578,
563000.SH,20260820,1000.0,1.134,1134.0,1.126,,0.00546818,
562970.SH,20260820,146800.0,1.001,146947.0,0.99,,0.873241,
562960.SH,20260820,56500.0,1.122,63393.0,1.124,,0.156297,
562950.SH,20260820,244300.0,1.551,378909.0,1.535,,0.347341,
562930.SH,20260820,411400.0,0.71,292094.0,0.706,,0.287148,
562920.SH,20260820,1300.0,0.925385,1203.0,0.906,,0.0129206,
562910.SH,20260820,3300.0,0.846061,2792.0,0.844,,0.0250623,
562900.SH,20260820,89400.0,0.682002,60971.0,0.685,,0.354561,
562890.SH,20260820,0.0,,0.0,1.384,,0.0,
562880.SH,20260820,23000.0,0.769,17687.0,0.763,,0.0623496,
562870.SH,20260820,134700.0,0.902999,121634.0,0.901,,1.03274,
562860.SH,20260820,8642600.0,0.717,6196744.0,0.652,,49.393,
562850.SH,20260820,0.0,,0.0,1.257,,0.0,
562820.SH,20260820,69600.0,0.968994,67442.0,0.961,,0.189317,
562810.SH,20260820,46200.0,1.151,53176.0,1.147,,0.770288,
562800.SH,20260820,1759400.0,0.955,1680227.0,0.943,,0.700894,
562700.SH,20260820,0.0,,0.0,1.182,,0.0,
562660.SH,20260820,547000.0,1.849,1011403.0,1.834,,1.69549,
562600.SH,20260820,19000.0,0.776,14744.0,0.77,,0.0519928,
562590.SH,20260820,3241000.0,1.05,3403050.0,1.041,,0.524416,
562580.SH,20260820,100.0,1.06,106.0,1.063,,0.00335922,
562570.SH,20260820,2000.0,1.363,2726.0,1.355,,0.00451821,
562560.SH,20260820,0.0,,0.0,2.241,,0.0,
562550.SH,20260820,72900.0,1.12,81648.0,1.12,,0.0897613,
562530.SH,20260820,0.0,,0.0,1.241,,0.0,
562520.SH,20260820,3000.0,1.357,4071.0,1.35,,0.0464109,
562510.SH,20260820,192800.0,0.562002,108354.0,0.56,,0.333072,
562500.SH,20260820,3202600.0,0.959,3071293.0,0.956,,0.392307,
562990.SH,20260820,0.0,,0.0,0.969,,0.0,
563010.SH,20260820,600.0,2.14167,1285.0,2.144,,0.0122749,
563590.SH,20260820,0.0,,0.0,0.978,,0.0,
563020.SH,20260820,1664500.0,1.163,1935814.0,1.167,,0.786882,
563580.SH,20260820,18900.0,1.11799,21130.0,1.123,,0.336453,
563570.SH,20260820,0.0,,0.0,0.705,,0.0,
563560.SH,20260820,4800.0,1.195,5736.0,1.185,,0.0829081,
563550.SH,20260820,200.0,1.255,251.0,1.248,,0.00252957,
563530.SH,20260820,1099600.0,1.099,1208460.0,1.107,,0.931262,
563520.SH,20260820,28000.0,1.197,33516.0,1.197,,0.204441,
563510.SH,20260820,9100.0,1.00099,9109.0,1.002,,0.0991221,
563500.SH,20260820,200.0,0.635,127.0,0.631,,0.00113093,
563390.SH,20260820,0.0,,0.0,1.216,,0.0,
563380.SH,20260820,186900.0,0.922001,172322.0,0.922,,0.343999,
563360.SH,20260820,1454500.0,1.289,1874851.0,1.281,,0.0415496,
563350.SH,20260820,0.0,,0.0,1.418,,0.0,
563330.SH,20260820,7100.0,4.19197,29763.0,4.156,,0.0828667,
563320.SH,20260820,12800.0,0.831016,10637.0,0.831,,0.0626595,
563300.SH,20260820,5561700.0,1.397,7769695.0,1.387,,0.956281,
563280.SH,20260820,200.0,1.415,283.0,1.416,,0.0623247,
563230.SH,20260820,5128500.0,1.094,5610579.0,1.101,,1.93791,
563220.SH,20260820,144400.0,1.278,184543.0,1.268,,0.0834627,
563210.SH,20260820,29900.0,2.08599,62371.0,2.03,,0.287514,
563200.SH,20260820,18200.0,1.49401,27191.0,1.479,,0.172959,
563180.SH,20260820,100.0,1.15,115.0,1.148,,0.0020605,
563150.SH,20260820,0.0,,0.0,1.342,,0.0,
563090.SH,20260820,3600.0,1.41694,5101.0,1.419,,0.0816786,
563080.SH,20260820,3100.0,1.39194,4315.0,1.385,,0.0118643,
563060.SH,20260820,0.0,,0.0,1.079,,0.0,
563050.SH,20260820,18200.0,1.31198,23878.0,1.312,,0.231473,
563030.SH,20260820,3400.0,1.59206,5413.0,1.577,,0.0677175,
588360.SH,20260820,17400.0,1.22799,21367.0,1.218,,0.0794921,
588380.SH,20260820,321800.0,1.135,365243.0,1.127,,0.311496,
688323.SH,20260820,190195.0,30.01,5707752.0,29.51,0.0949085,0.93603,20039.8
589660.SH,20260820,5500.0,1.6,8800.0,1.588,,0.0129218,
589600.SH,20260820,0.0,,0.0,1.575,,0.0,
589580.SH,20260820,0.0,,0.0,1.567,,0.0,
589560.SH,20260820,30800.0,0.942987,29044.0,0.943,,0.440973,
589550.SH,20260820,0.0,,0.0,1.325,,0.0,
589520.SH,20260820,66800.0,0.596003,39813.0,0.593,,0.120528,
589500.SH,20260820,0.0,,0.0,1.594,,0.0,
589420.SH,20260820,140900.0,0.765997,107929.0,0.749,,0.818889,
589410.SH,20260820,0.0,,0.0,0.83,,0.0,
589400.SH,20260820,113700.0,0.751003,85389.0,0.746,,0.753427,
589390.SH,20260820,1200.0,0.751667,902.0,0.746,,0.0034579,
589380.SH,20260820,100.0,1.42,142.0,1.411,,0.00276769,
589360.SH,20260820,43700.0,0.868009,37932.0,0.86,,0.0484046,
589350.SH,20260820,2500.0,0.7652,1913.0,0.756,,0.0098004,
589330.SH,20260820,315000.0,0.876,275940.0,0.862,,4.66078,
589320.SH,20260820,0.0,,0.0,0.846,,0.0,
589310.SH,20260820,0.0,,0.0,0.813,,0.0,
589300.SH,20260820,0.0,,0.0,1.72,,0.0,
589290.SH,20260820,16200.0,0.785988,12733.0,0.777,,0.200039,
589280.SH,20260820,0.0,,0.0,0.926,,0.0,
589270.SH,20260820,0.0,,0.0,1.132,,0.0,
589260.SH,20260820,9000.0,1.23,11070.0,1.223,,0.156777,
589250.SH,20260820,0.0,,0.0,1.236,,0.0,
589230.SH,20260820,0.0,,0.0,0.854,,0.0,
589220.SH,20260820,376900.0,1.008,379915.0,0.999,,0.963834,
589210.SH,20260820,104900.0,0.671001,70388.0,0.665,,0.155561,
589200.SH,20260820,0.0,,0.0,1.346,,0.0,
589190.SH,20260820,135300.0,0.646001,87404.0,0.64,,0.149649,
589630.SH,20260820,0.0,,0.0,0.785,,0.0,
589680.SH,20260820,172000.0,1.536,264192.0,1.528,,0.142128,
589170.SH,20260820,38000.0,1.098,41724.0,1.062,,0.452501,
589700.SH,20260820,100.0,2.21,221.0,2.188,,0.00137848,
000019.SZ,20260820,1791040.0,6.71,12017878.4,6.77,0.430325,5.76582,41620.6
000017.SZ,20260820,13100.0,5.91,77421.0,5.87,0.00297172,0.211804,44082.2
000016.SZ,20260820,69400.0,2.26,156844.0,2.27,0.00434675,0.42639,159659.0
000014.SZ,20260820,31800.0,9.93,315774.0,9.85,0.013138,0.565345,24204.6
000012.SZ,20260820,470100.0,3.74,1758174.0,3.73,0.0239931,1.92457,195932.0
000011.SZ,20260820,94600.0,8.18,773828.0,8.04,0.0179685,0.929864,52647.6
000010.SZ,20260820,53200.0,1.45,77140.0,1.44,0.0057976,0.327647,91762.2
000009.SZ,20260820,94500.0,7.47,705915.0,7.41,0.00366845,0.31426,257602.0
000008.SZ,20260820,148000.0,2.39,353720.0,2.38,0.00544859,0.485135,271630.0
000007.SZ,20260820,61000.0,11.16,680760.0,10.99,0.0176073,0.561833,34644.8
000006.SZ,20260820,118900.0,7.02,834678.0,6.91,0.00880751,0.394779,134998.0
000002.SZ,20260820,955800.0,3.07,2934306.0,3.07,0.00983643,0.789584,971694.0
000001.SZ,20260820,1428600.0,11.2,16000320.0,11.27,0.00736176,1.50291,1940570.0
589990.SH,20260820,10000.0,1.652,16520.0,1.647,,0.158741,
589980.SH,20260820,3000.0,1.89,5670.0,1.849,,0.0932755,
589960.SH,20260820,13600.0,0.881985,11995.0,0.882,,0.0363157,
589950.SH,20260820,5700.0,1.38509,7895.0,1.337,,0.145774,
589900.SH,20260820,0.0,,0.0,1.577,,0.0,
589890.SH,20260820,0.0,,0.0,1.566,,0.0,
589880.SH,20260820,10300.0,1.58505,16326.0,1.556,,0.0412845,
589860.SH,20260820,3900.0,1.57308,6135.0,1.566,,0.019419,
589850.SH,20260820,759900.0,1.621,1231798.0,1.602,,0.835664,
589820.SH,20260820,0.0,,0.0,1.225,,0.0,
589800.SH,20260820,300700.0,1.614,485330.0,1.586,,0.524599,
589780.SH,20260820,800.0,1.2225,978.0,1.203,,0.0484848,
589770.SH,20260820,200.0,1.61,322.0,1.591,,0.00132787,
589720.SH,20260820,31122700.0,0.979,30469123.0,0.944,,2.53061,
589180.SH,20260820,97800.0,1.793,175355.0,1.778,,0.342683,
589160.SH,20260820,92800.0,1.296,120269.0,1.28,,0.301625,
588390.SH,20260820,0.0,,0.0,1.204,,0.0,
588820.SH,20260820,0.0,,0.0,1.898,,0.0,
588800.SH,20260820,234200.0,1.796,420623.0,1.771,,0.144337,
588790.SH,20260820,892500.0,0.795001,709538.0,0.789,,0.284416,
588780.SH,20260820,603900.0,0.98,591822.0,0.969,,0.291859,
588770.SH,20260820,1400.0,1.87214,2621.0,1.852,,0.0178844,
588760.SH,20260820,317500.0,0.754,239395.0,0.748,,0.144376,
588750.SH,20260820,390100.0,2.377,927268.0,2.357,,0.30476,
588730.SH,20260820,8500.0,1.482,12597.0,1.472,,0.0121946,
588720.SH,20260820,2000.0,1.709,3418.0,1.699,,0.0310427,
588710.SH,20260820,9986600.0,1.07,10685662.0,1.057,,0.851345,
588700.SH,20260820,238600.0,1.057,252200.0,1.023,,0.234067,
588690.SH,20260820,8100.0,1.21506,9842.0,1.202,,0.596211,
588680.SH,20260820,100.0,2.61,261.0,2.594,,0.00467644,
588670.SH,20260820,7200.0,1.77097,12751.0,1.762,,0.453509,
588660.SH,20260820,0.0,,0.0,1.832,,0.0,
588550.SH,20260820,20000.0,1.355,27100.0,1.355,,0.43456,
588530.SH,20260820,55800.0,0.94,52452.0,0.928,,0.306245,
588520.SH,20260820,0.0,,0.0,1.422,,0.0,
588510.SH,20260820,1523800.0,0.85,1295230.0,0.846,,7.22307,
588500.SH,20260820,54200.0,2.61,141462.0,2.57,,0.821695,
588480.SH,20260820,0.0,,0.0,0.899,,0.0,
588470.SH,20260820,42900.0,0.841002,36079.0,0.831,,0.20323,
588460.SH,20260820,10000.0,2.07,20700.0,2.058,,0.0329032,
588450.SH,20260820,7500.0,2.19707,16478.0,2.181,,0.129869,
588430.SH,20260820,0.0,,0.0,1.216,,0.0,
588420.SH,20260820,25200.0,1.18802,29938.0,1.175,,0.1402,
588410.SH,20260820,0.0,,0.0,1.184,,0.0,
588400.SH,20260820,14700.0,1.13401,16670.0,1.123,,0.0339558,
588810.SH,20260820,107200.0,2.548,273146.0,2.522,,0.218424,
588830.SH,20260820,35000.0,1.252,43820.0,1.245,,0.0466251,
589150.SH,20260820,252600.0,1.22,308172.0,1.207,,1.51243,
588840.SH,20260820,3400.0,1.56088,5307.0,1.544,,0.0528155,
589130.SH,20260820,433600.0,1.419,615278.0,1.4,,0.217356,
589120.SH,20260820,7948600.0,0.904,7185534.0,0.872,,2.98179,
589110.SH,20260820,29500.0,0.942,27789.0,0.916,,0.320879,
589100.SH,20260820,96000.0,0.918,88128.0,0.913,,0.142704,
589090.SH,20260820,50400.0,1.065,53676.0,1.055,,0.790519,
589080.SH,20260820,70300.0,1.594,112058.0,1.57,,0.335391,
589070.SH,20260820,109500.0,1.067,116837.0,1.052,,0.0460869,
589060.SH,20260820,122000.0,1.658,202276.0,1.653,,2.41446,
589050.SH,20260820,0.0,,0.0,1.36,,0.0,
589030.SH,20260820,93700.0,1.14,106818.0,1.125,,0.114733,
589020.SH,20260820,9230800.0,1.26,11630808.0,1.243,,0.978767,
589010.SH,20260820,14000.0,1.402,19628.0,1.395,,0.0235112,
589000.SH,20260820,210700.0,1.59,335013.0,1.572,,0.345268,
588990.SH,20260820,30800.0,3.72899,114853.0,3.679,,0.226461,
588980.SH,20260820,0.0,,0.0,1.644,,0.0,
588960.SH,20260820,900.0,1.16333,1047.0,1.151,,0.0122012,
588950.SH,20260820,292300.0,1.766,516202.0,1.746,,0.512651,
588940.SH,20260820,1856400.0,0.869,1613212.0,0.864,,1.09092,
588930.SH,20260820,20200.0,1.55302,31371.0,1.547,,0.0618471,
588920.SH,20260820,292500.0,1.141,333743.0,1.131,,0.883551,
588910.SH,20260820,0.0,,0.0,1.509,,0.0,
588900.SH,20260820,0.0,,0.0,1.838,,0.0,
588890.SH,20260820,47500.0,4.028,191330.0,3.991,,0.121683,
588880.SH,20260820,500.0,1.79,895.0,1.776,,0.00970445,
588870.SH,20260820,523400.0,1.707,893444.0,1.693,,0.714336,
588860.SH,20260820,346500.0,0.709001,245669.0,0.683,,1.65062,
588850.SH,20260820,63000.0,1.809,113967.0,1.787,,0.451835,
562390.SH,20260820,400.0,0.8875,355.0,0.886,,0.0172582,
562380.SH,20260820,700.0,1.24857,874.0,1.243,,0.0122749,
562360.SH,20260820,30100.0,1.03801,31244.0,1.033,,0.14208,
560110.SH,20260820,84400.0,1.143,96469.0,1.131,,0.300315,
560090.SH,20260820,165100.0,1.142,188544.0,1.14,,0.180932,
560080.SH,20260820,193400.0,0.977001,188952.0,0.974,,0.347583,
560070.SH,20260820,18600.0,1.16602,21688.0,1.166,,1.01137,
560060.SH,20260820,0.0,,0.0,0.923,,0.0,
560050.SH,20260820,10000.0,1.099,10990.0,1.098,,0.0123898,
560030.SH,20260820,0.0,,0.0,1.293,,0.0,
560020.SH,20260820,7400.0,1.10905,8207.0,1.118,,0.160922,
560010.SH,20260820,316300.0,3.158,998875.0,3.13,,0.111752,
551900.SH,20260820,0.0,,0.0,101.784,,0.0,
551800.SH,20260820,0.0,,0.0,101.115,,0.0,
551580.SH,20260820,0.0,,0.0,102.215,,0.0,
551560.SH,20260820,0.0,,0.0,101.937,,0.0,
551550.SH,20260820,1000.0,101.768,101768.0,101.754,,0.00122443,
551520.SH,20260820,0.0,,0.0,102.057,,0.0,
551510.SH,20260820,0.0,,0.0,102.374,,0.0,
551500.SH,20260820,0.0,,0.0,102.206,,0.0,
551300.SH,20260820,0.0,,0.0,102.207,,0.0,
551060.SH,20260820,0.0,,0.0,101.958,,0.0,
551030.SH,20260820,0.0,,0.0,101.931,,0.0,
551000.SH,20260820,0.0,,0.0,102.005,,0.0,
530880.SH,20260820,900.0,1.1,990.0,1.114,,0.0993093,
530800.SH,20260820,0.0,,0.0,1.2,,0.0,
530680.SH,20260820,0.0,,0.0,1.164,,0.0,
530580.SH,20260820,0.0,,0.0,1.166,,0.0,
530530.SH,20260820,400.0,1.15,460.0,1.123,,0.0255366,
530380.SH,20260820,4800.0,1.11604,5357.0,1.105,,0.129998,
530300.SH,20260820,32900.0,1.23799,40730.0,1.232,,1.26384,
560100.SH,20260820,0.0,,0.0,1.32,,0.0,
560120.SH,20260820,0.0,,0.0,1.21,,0.0,
530180.SH,20260820,0.0,,0.0,1.196,,0.0,
560130.SH,20260820,0.0,,0.0,0.924,,0.0,
560460.SH,20260820,12200.0,0.89,10858.0,0.89,,0.191103,
560450.SH,20260820,0.0,,0.0,0.924,,0.0,
560420.SH,20260820,0.0,,0.0,0.939,,0.0,
560410.SH,20260820,1000.0,0.86,860.0,0.86,,0.062296,
560400.SH,20260820,0.0,,0.0,0.964,,0.0,
560390.SH,20260820,648100.0,0.873,565791.0,0.872,,0.463817,
560380.SH,20260820,200.0,1.28,256.0,1.266,,0.00225507,
560370.SH,20260820,0.0,,0.0,0.896,,0.0,
560360.SH,20260820,20500.0,1.228,25174.0,1.228,,0.271551,
560350.SH,20260820,500.0,1.276,638.0,1.275,,0.00228533,
560330.SH,20260820,0.0,,0.0,1.225,,0.0,
560320.SH,20260820,0.0,,0.0,0.939,,0.0,
560310.SH,20260820,0.0,,0.0,0.764,,0.0,
560300.SH,20260820,2300.0,2.25391,5184.0,2.255,,0.285501,
560290.SH,20260820,38500.0,0.84,32340.0,0.815,,0.526963,
560280.SH,20260820,36400.0,1.51099,55000.0,1.511,,0.0304568,
560270.SH,20260820,0.0,,0.0,0.934,,0.0,
560260.SH,20260820,36400.0,0.889011,32360.0,0.873,,0.199308,
560250.SH,20260820,0.0,,0.0,0.99,,0.0,
560230.SH,20260820,10100.0,0.77604,7838.0,0.761,,0.342475,
560220.SH,20260820,17500.0,1.402,24535.0,1.396,,0.223413,
560210.SH,20260820,7200.0,0.799028,5753.0,0.802,,0.0730463,
560190.SH,20260820,0.0,,0.0,1.011,,0.0,
560180.SH,20260820,0.0,,0.0,1.191,,0.0,
560170.SH,20260820,16900.0,1.23,20787.0,1.228,,0.0630191,
560160.SH,20260820,0.0,,0.0,0.93,,0.0,
560150.SH,20260820,0.0,,0.0,1.124,,0.0,
530280.SH,20260820,0.0,,0.0,1.201,,0.0,
530100.SH,20260820,200.0,1.15,230.0,1.137,,0.00477142,
562350.SH,20260820,1500.0,1.082,1623.0,1.082,,0.010483,
520770.SH,20260820,7200.0,0.965972,6955.0,0.943,,0.195907,
520750.SH,20260820,83400.0,0.895995,74726.0,0.885,,0.135487,
520740.SH,20260820,0.0,,0.0,0.948,,0.0,
520730.SH,20260820,0.0,,0.0,0.782,,0.0,
520720.SH,20260820,32900.0,0.761003,25037.0,0.755,,0.176317,
520710.SH,20260820,150600.0,0.903997,136142.0,0.891,,0.258417,
520700.SH,20260820,1749600.0,1.658,2900837.0,1.594,,0.507231,
520690.SH,20260820,4176900.0,0.755,3153560.0,0.731,,2.88017,
520680.SH,20260820,13200.0,0.835,11022.0,0.824,,0.204939,
520670.SH,20260820,0.0,,0.0,0.782,,0.0,
520660.SH,20260820,20700.0,0.981014,20307.0,0.981,,0.0344126,
520650.SH,20260820,123900.0,0.621001,76942.0,0.616,,0.0869355,
520630.SH,20260820,55000.0,0.691,38005.0,0.683,,0.195223,
520620.SH,20260820,10000.0,0.828,8280.0,0.821,,0.427511,
520610.SH,20260820,0.0,,0.0,0.936,,0.0,
520600.SH,20260820,846400.0,1.032,873485.0,1.02,,0.698662,
520590.SH,20260820,105600.0,0.806998,85219.0,0.795,,0.871126,
520580.SH,20260820,313300.0,0.943,295442.0,0.949,,11.8054,
520570.SH,20260820,235300.0,0.757,178122.0,0.744,,0.233732,
520560.SH,20260820,0.0,,0.0,0.828,,0.0,
520550.SH,20260820,64600.0,1.09899,70995.0,1.097,,0.18537,
520530.SH,20260820,798000.0,0.839,669522.0,0.826,,2.81022,
520520.SH,20260820,0.0,,0.0,0.963,,0.0,
520510.SH,20260820,817700.0,0.981,802164.0,0.945,,0.341408,
520500.SH,20260820,15959600.0,1.452,23173339.0,1.403,,1.5366,
518890.SH,20260820,4600.0,9.24,42504.0,8.993,,0.0713411,
518880.SH,20260820,7043346.0,9.251,65157994.0,8.974,,1.55309,
518860.SH,20260820,39800.0,9.24,367752.0,8.994,,0.655859,
520760.SH,20260820,327500.0,1.003,328483.0,0.97,,2.44473,
520780.SH,20260820,6500.0,0.833077,5415.0,0.829,,0.0379101,
530080.SH,20260820,0.0,,0.0,1.232,,0.0,
520790.SH,20260820,500000.0,0.855,427500.0,0.853,,4.78345,
530060.SH,20260820,369200.0,0.99,365508.0,0.988,,0.592473,
530050.SH,20260820,100.0,1.18,118.0,1.176,,0.00199122,
530000.SH,20260820,0.0,,0.0,1.372,,0.0,
526070.SH,20260820,121800.0,1.008,122774.0,0.996,,1.49942,
526050.SH,20260820,225900.0,1.071,241939.0,1.056,,0.395948,
526030.SH,20260820,235100.0,0.87,204537.0,0.857,,0.664788,
526010.SH,20260820,66100.0,1.078,71256.0,1.035,,0.463522,
526000.SH,20260820,1098900.0,1.186,1303295.0,1.166,,0.236261,
520990.SH,20260820,275300.0,0.975002,268418.0,0.975,,0.430792,
520980.SH,20260820,901200.0,0.9,811080.0,0.886,,0.351164,
520970.SH,20260820,1223400.0,0.928,1135315.0,0.891,,0.796409,
520960.SH,20260820,0.0,,0.0,0.916,,0.0,
520950.SH,20260820,16600.0,0.855,14193.0,0.852,,0.064183,
520940.SH,20260820,200.0,1.02,204.0,1.009,,0.00442662,
520930.SH,20260820,63000.0,1.003,63189.0,0.969,,0.231393,
520920.SH,20260820,1494400.0,0.703,1050563.0,0.693,,0.695925,
520910.SH,20260820,7200.0,0.663056,4774.0,0.655,,0.0136867,
520900.SH,20260820,10600.0,0.988019,10473.0,0.987,,0.0199471,
520890.SH,20260820,0.0,,0.0,1.328,,0.0,
520880.SH,20260820,22953400.0,0.464,10650378.0,0.451,,2.89922,
520870.SH,20260820,796900.0,1.044,831964.0,1.034,,2.09131,
520860.SH,20260820,21100.0,0.81,17091.0,0.801,,0.105954,
520850.SH,20260820,1190700.0,0.925,1101398.0,0.897,,1.96904,
520840.SH,20260820,112800.0,0.783998,88435.0,0.775,,0.216689,
520830.SH,20260820,83900.0,0.894005,75007.0,0.894,,0.829151,
520820.SH,20260820,0.0,,0.0,0.932,,0.0,
520810.SH,20260820,0.0,,0.0,1.03,,0.0,
560470.SH,20260820,69300.0,0.913001,63271.0,0.891,,0.465944,
560480.SH,20260820,6900.0,0.885072,6107.0,0.885,,0.0712667,
560490.SH,20260820,0.0,,0.0,0.947,,0.0,
561750.SH,20260820,0.0,,0.0,1.17,,0.0,
561680.SH,20260820,0.0,,0.0,0.993,,0.0,
561660.SH,20260820,0.0,,0.0,0.873,,0.0,
561630.SH,20260820,0.0,,0.0,1.036,,0.0,
561620.SH,20260820,0.0,,0.0,1.029,,0.0,
561600.SH,20260820,0.0,,0.0,0.728,,0.0,
561590.SH,20260820,9700.0,1.48897,14443.0,1.485,,0.161509,
561580.SH,20260820,312100.0,1.235,385444.0,1.24,,0.458112,
561570.SH,20260820,700.0,1.39143,974.0,1.391,,0.00468058,
561560.SH,20260820,121600.0,1.25,152000.0,1.249,,0.191116,
561550.SH,20260820,769200.0,1.411,1085341.0,1.403,,1.65228,
561510.SH,20260820,0.0,,0.0,0.954,,0.0,
561500.SH,20260820,0.0,,0.0,0.807,,0.0,
561490.SH,20260820,0.0,,0.0,1.01,,0.0,
561470.SH,20260820,1300.0,1.00769,1310.0,1.015,,0.0382351,
561460.SH,20260820,14000.0,0.812,11368.0,0.804,,0.0455306,
561450.SH,20260820,1000.0,0.964,964.0,0.963,,0.0238572,
561430.SH,20260820,0.0,,0.0,1.04,,0.0,
561420.SH,20260820,0.0,,0.0,1.085,,0.0,
561400.SH,20260820,0.0,,0.0,0.995,,0.0,
561390.SH,20260820,94000.0,0.995,93530.0,0.985,,0.131145,
561380.SH,20260820,593700.0,0.74,439338.0,0.737,,0.501096,
561370.SH,20260820,200.0,1.39,278.0,1.376,,0.0101409,
561360.SH,20260820,207800.0,1.46,303388.0,1.476,,0.455038,
561350.SH,20260820,200.0,1.265,253.0,1.241,,0.000861941,
561330.SH,20260820,517300.0,0.977,505402.0,0.949,,0.604886,
561320.SH,20260820,0.0,,0.0,0.947,,0.0,
561310.SH,20260820,0.0,,0.0,0.701,,0.0,
561700.SH,20260820,0.0,,0.0,1.089,,0.0,
561760.SH,20260820,12300.0,1.34602,16556.0,1.356,,0.241809,
560500.SH,20260820,0.0,,0.0,1.385,,0.0,
561770.SH,20260820,200.0,1.265,253.0,1.251,,0.0271496,
562340.SH,20260820,0.0,,0.0,1.426,,0.0,
562330.SH,20260820,0.0,,0.0,1.24,,0.0,
562320.SH,20260820,0.0,,0.0,1.323,,0.0,
562310.SH,20260820,15000.0,1.075,16125.0,1.067,,0.0595788,
562300.SH,20260820,0.0,,0.0,0.686,,0.0,
562080.SH,20260820,1000.0,0.618,618.0,0.616,,0.00209958,
562070.SH,20260820,0.0,,0.0,1.047,,0.0,
562060.SH,20260820,19100.0,0.61,11651.0,0.608,,0.0308984,
562050.SH,20260820,5000.0,0.975,4875.0,0.967,,0.0664316,
562030.SH,20260820,30200.0,0.5,15100.0,0.499,,0.478885,
562010.SH,20260820,0.0,,0.0,0.881,,0.0,
562000.SH,20260820,100.0,0.6,60.0,0.604,,0.0012934,
561990.SH,20260820,25900.0,1.01201,26211.0,1.009,,0.107095,
561980.SH,20260820,1849500.0,0.713,1318694.0,0.704,,0.307321,
561960.SH,20260820,0.0,,0.0,1.27,,0.0,
561950.SH,20260820,200.0,1.41,282.0,1.382,,0.0041393,
561930.SH,20260820,10000.0,1.575,15750.0,1.566,,0.0897226,
561920.SH,20260820,1370900.0,0.725,993903.0,0.659,,116.744,
561910.SH,20260820,130000.0,0.744,96720.0,0.74,,0.112975,
561900.SH,20260820,0.0,,0.0,0.982,,0.0,
561890.SH,20260820,0.0,,0.0,1.006,,0.0,
561880.SH,20260820,20100.0,1.279,25708.0,1.276,,0.940017,
561870.SH,20260820,0.0,,0.0,1.172,,0.0,
561810.SH,20260820,0.0,,0.0,0.994,,0.0,
561800.SH,20260820,102600.0,1.036,106294.0,1.018,,0.530053,
561790.SH,20260820,0.0,,0.0,1.254,,0.0,
561780.SH,20260820,0.0,,0.0,1.55,,0.0,
561300.SH,20260820,12200.0,1.05902,12920.0,1.056,,0.0412888,
561280.SH,20260820,0.0,,0.0,1.58,,0.0,
561260.SH,20260820,0.0,,0.0,1.243,,0.0,
561250.SH,20260820,0.0,,0.0,1.021,,0.0,
560830.SH,20260820,16500.0,0.888,14652.0,0.89,,0.0683063,
560820.SH,20260820,0.0,,0.0,1.204,,0.0,
560810.SH,20260820,0.0,,0.0,1.264,,0.0,
560800.SH,20260820,0.0,,0.0,1.157,,0.0,
560790.SH,20260820,0.0,,0.0,0.829,,0.0,
560780.SH,20260820,7216700.0,1.099,7931153.0,1.087,,0.834394,
560770.SH,20260820,156800.0,0.963999,151155.0,0.955,,0.458859,
560750.SH,20260820,200.0,1.355,271.0,1.33,,0.00306818,
560730.SH,20260820,8600.0,1.03302,8884.0,1.033,,0.280736,
560720.SH,20260820,0.0,,0.0,0.978,,0.0,
560710.SH,20260820,199500.0,0.882,175959.0,0.884,,0.390458,
560700.SH,20260820,0.0,,0.0,1.193,,0.0,
560690.SH,20260820,200.0,2.17,434.0,2.172,,0.00654707,
560680.SH,20260820,3900.0,0.73,2847.0,0.73,,0.020306,
560670.SH,20260820,106100.0,1.049,111299.0,1.058,,0.706796,
560660.SH,20260820,71200.0,1.081,76967.0,1.087,,0.740559,
560630.SH,20260820,6300.0,1.08206,6817.0,1.081,,0.0560193,
560620.SH,20260820,0.0,,0.0,0.942,,0.0,
560610.SH,20260820,36300.0,1.19201,43270.0,1.186,,0.0340764,
560590.SH,20260820,1200.0,1.43917,1727.0,1.428,,0.0695008,
560580.SH,20260820,10000.0,1.085,10850.0,1.086,,0.0877604,
560570.SH,20260820,1600.0,1.0,1600.0,0.999,,0.00608722,
560560.SH,20260820,200.0,0.69,138.0,0.682,,0.0308423,
560550.SH,20260820,0.0,,0.0,0.965,,0.0,
560530.SH,20260820,2700.0,1.22111,3297.0,1.216,,0.00392575,
560520.SH,20260820,0.0,,0.0,1.092,,0.0,
560510.SH,20260820,46100.0,1.188,54767.0,1.184,,0.0982436,
560850.SH,20260820,16500.0,1.33703,22061.0,1.337,,0.677746,
560860.SH,20260820,838600.0,1.629,1366079.0,1.596,,0.447373,
560870.SH,20260820,0.0,,0.0,0.919,,0.0,
561060.SH,20260820,0.0,,0.0,1.161,,0.0,
561230.SH,20260820,0.0,,0.0,1.335,,0.0,
561220.SH,20260820,0.0,,0.0,1.796,,0.0,
561200.SH,20260820,0.0,,0.0,1.471,,0.0,
561190.SH,20260820,0.0,,0.0,0.966,,0.0,
561180.SH,20260820,0.0,,0.0,1.317,,0.0,
561170.SH,20260820,41600.0,1.12601,46842.0,1.126,,0.110634,
561160.SH,20260820,25900.0,0.75,19425.0,0.745,,0.047903,
561130.SH,20260820,200.0,1.075,215.0,1.06,,0.0018455,
561120.SH,20260820,0.0,,0.0,1.248,,0.0,
561100.SH,20260820,75400.0,1.61,121394.0,1.598,,0.201711,
561090.SH,20260820,166800.0,1.231,205331.0,1.216,,1.65562,
561080.SH,20260820,16800.0,1.18899,19975.0,1.182,,0.982835,
561050.SH,20260820,15800.0,0.887025,14015.0,0.878,,0.0867894,
560880.SH,20260820,0.0,,0.0,1.507,,0.0,
561030.SH,20260820,0.0,,0.0,0.876,,0.0,
561020.SH,20260820,0.0,,0.0,1.019,,0.0,
561010.SH,20260820,41400.0,0.86401,35770.0,0.856,,0.196535,
561000.SH,20260820,500.0,1.306,653.0,1.303,,0.00921907,
560990.SH,20260820,0.0,,0.0,1.158,,0.0,
560980.SH,20260820,398800.0,0.665,265202.0,0.654,,1.22538,
560970.SH,20260820,0.0,,0.0,0.935,,0.0,
560950.SH,20260820,0.0,,0.0,1.373,,0.0,
560930.SH,20260820,6700.0,0.87,5829.0,0.871,,0.06562,
560920.SH,20260820,0.0,,0.0,0.97,,0.0,
560910.SH,20260820,0.0,,0.0,0.77,,0.0,
560900.SH,20260820,130300.0,0.993998,129518.0,0.965,,0.538397,
000020.SZ,20260820,1694100.0,12.5,21176250.0,13.74,0.935112,24.5294,18116.5
000021.SZ,20260820,507200.0,38.03,19288816.0,37.44,0.0322204,0.379301,157416.0
000025.SZ,20260820,744100.0,15.68,11667488.0,15.69,0.189445,8.18761,39277.8
000913.SZ,20260820,9500.0,11.36,107920.0,11.29,0.00182656,0.246351,52010.3
000911.SZ,20260820,384200.0,4.92,1890264.0,5.0,0.0959733,3.33698,40032.0
000910.SZ,20260820,10000.0,5.27,52700.0,5.26,0.00182755,0.24344,54718.1
000909.SZ,20260820,10300.0,4.25,43775.0,4.25,0.00235315,0.345056,43771.1
000908.SZ,20260820,249000.0,6.99,1740510.0,6.81,0.0283027,0.800199,87977.4
000906.SZ,20260820,6300.0,5.24,33012.0,5.23,0.000898409,0.118618,70124.0
000905.SZ,20260820,36900.0,8.48,312912.0,8.48,0.00497434,0.384423,74180.8
000903.SZ,20260820,8700.0,1.79,15573.0,1.78,0.000453063,0.0616856,192026.0
000902.SZ,20260820,172800.0,13.6,2350080.0,13.38,0.015121,1.10447,114278.0
000901.SZ,20260820,153100.0,14.05,2151055.0,13.77,0.0191808,0.890544,79819.3
000900.SZ,20260820,12100.0,3.65,44165.0,3.64,0.000797239,0.153346,151774.0
000899.SZ,20260820,16800.0,10.05,168840.0,10.03,0.00172188,0.128942,97567.8
000898.SZ,20260820,59200.0,1.98,117216.0,1.97,0.000743955,0.213203,795748.0
000897.SZ,20260820,85800.0,1.74,149292.0,1.73,0.00530533,0.305357,161724.0
000895.SZ,20260820,65500.0,25.12,1645360.0,25.13,0.00189076,0.650349,346421.0
000893.SZ,20260820,237100.0,47.67,11302557.0,48.22,0.0292065,1.63621,81180.6
000892.SZ,20260820,144100.0,3.78,544698.0,3.71,0.0202719,0.329072,71083.6
000890.SZ,20260820,41900.0,7.15,299585.0,7.04,0.00998829,0.387366,41949.1
000889.SZ,20260820,89600.0,3.75,336000.0,3.72,0.0103007,0.137764,86984.5
000888.SZ,20260820,3400.0,9.56,32504.0,9.53,0.000645268,0.0575333,52691.3
000887.SZ,20260820,292100.0,21.38,6245098.0,20.89,0.0222236,0.267022,131437.0
000886.SZ,20260820,18200.0,4.46,81172.0,4.46,0.00186127,0.143984,97782.8
000885.SZ,20260820,23900.0,12.85,307115.0,12.91,0.00372229,0.735084,64207.8
000883.SZ,20260820,52200.0,4.43,231246.0,4.44,0.000805607,0.247943,647959.0
000882.SZ,20260820,131900.0,1.43,188617.0,1.42,0.00482208,0.201594,273534.0
000881.SZ,20260820,24900.0,6.41,159609.0,6.39,0.00275524,0.294109,90373.2
000880.SZ,20260820,22200.0,24.19,537018.0,23.91,0.00977858,0.106177,22702.7
000878.SZ,20260820,244000.0,16.22,3957680.0,15.94,0.012178,0.629655,200362.0
000912.SZ,20260820,170800.0,3.69,630252.0,3.68,0.0108929,0.814751,156800.0
000915.SZ,20260820,1600.0,25.85,41360.0,25.81,0.000683228,0.0627894,23418.2
000876.SZ,20260820,269400.0,6.95,1872330.0,6.95,0.00598666,0.600704,450001.0
000917.SZ,20260820,370200.0,6.86,2539572.0,6.92,0.0261172,0.615659,141746.0
000958.SZ,20260820,43200.0,5.26,227232.0,5.26,0.000802464,0.310786,538342.0
000957.SZ,20260820,9700.0,10.29,99813.0,10.25,0.00163602,0.10726,59290.4
000955.SZ,20260820,37600.0,4.22,158672.0,4.2,0.00698479,0.372694,53831.3
000953.SZ,20260820,15100.0,6.16,93016.0,6.08,0.00412431,0.196119,36612.2
000952.SZ,20260820,79900.0,6.31,504169.0,6.25,0.0232271,1.07826,34399.5
000951.SZ,20260820,15014.0,21.31,319948.34,21.3,0.00128435,0.211979,116899.0
000950.SZ,20260820,1136800.0,5.87,6673016.0,5.66,0.0663717,1.45411,171278.0
000949.SZ,20260820,310700.0,6.39,1985373.0,6.34,0.0187564,0.709671,165650.0
000948.SZ,20260820,20530.0,13.64,280029.2,13.63,0.00527561,0.154563,38914.9
000938.SZ,20260820,1640900.0,35.22,57792498.0,35.33,0.0573727,0.535762,286007.0
000937.SZ,20260820,100900.0,4.59,463131.0,4.63,0.00267162,0.600605,377673.0
000936.SZ,20260820,576700.0,5.5,3171850.0,5.54,0.0650986,0.555204,88588.7
000935.SZ,20260820,18200.0,22.55,410410.0,22.43,0.00238395,0.402629,76344.0
000933.SZ,20260820,306000.0,26.18,8011080.0,25.83,0.0136147,0.722336,224757.0
000932.SZ,20260820,27100.0,3.57,96747.0,3.58,0.00039547,0.0449815,685261.0
000931.SZ,20260820,2335609.0,4.63,10813869.67,4.21,0.310988,17.0155,75103.0
000930.SZ,20260820,491000.0,4.8,2356800.0,4.86,0.0264498,1.33717,185635.0
000929.SZ,20260820,4600.0,8.7,40020.0,8.65,0.00247639,0.193231,18575.4
000928.SZ,20260820,11900.0,4.95,58905.0,4.93,0.000829484,0.104829,143463.0
000927.SZ,20260820,73500.0,2.4,176400.0,2.41,0.00121481,0.21196,605035.0
000926.SZ,20260820,37400.0,2.11,78914.0,2.1,0.00237731,0.137335,157321.0
000925.SZ,20260820,230600.0,8.06,1858636.0,7.81,0.0343588,0.723136,67115.2
000923.SZ,20260820,132700.0,15.54,2062158.0,15.18,0.0211339,0.735232,62790.1
000922.SZ,20260820,230200.0,11.93,2746286.0,11.59,0.0326558,2.85242,70492.9
000921.SZ,20260820,5400.0,25.73,138942.0,25.73,0.000584566,0.0448351,92376.3
000920.SZ,20260820,33500.0,11.21,375535.0,11.15,0.00708847,0.474449,47259.9
000919.SZ,20260820,815100.0,7.1,5787210.0,6.9,0.131094,3.08451,62176.7
000877.SZ,20260820,6400.0,3.61,23104.0,3.61,9.00079e-05,0.0637109,711049.0
000875.SZ,20260820,75000.0,4.96,372000.0,4.95,0.00224391,0.215649,334238.0
000766.SZ,20260820,104300.0,16.38,1708434.0,16.07,0.010797,0.649806,96600.8
000812.SZ,20260820,14900.0,3.54,52746.0,3.53,0.00197171,0.120664,75569.0
000810.SZ,20260820,41700.0,9.4,391980.0,9.34,0.00375471,0.257326,111061.0
000809.SZ,20260820,34600.0,3.39,117294.0,3.38,0.004195,0.267663,82479.1
000807.SZ,20260820,493200.0,26.28,12961296.0,25.96,0.0142218,0.677895,346792.0
000803.SZ,20260820,27300.0,7.15,195195.0,7.03,0.00593752,0.290659,45978.8
000802.SZ,20260820,8100000.0,4.06,32886000.0,4.36,1.13201,4.39552,71554.4
000801.SZ,20260820,18100.0,11.01,199281.0,10.96,0.00178155,0.181629,101597.0
000800.SZ,20260820,28400.0,6.12,173808.0,6.11,0.000577137,0.254115,492084.0
000799.SZ,20260820,14600.0,38.38,560348.0,38.28,0.00449371,0.156449,32489.8
000798.SZ,20260820,223500.0,8.36,1868460.0,8.51,0.0610929,1.27015,36583.6
000797.SZ,20260820,22100.0,2.38,52598.0,2.36,0.00140718,0.0988374,157052.0
000796.SZ,20260820,62700.0,3.76,235752.0,3.73,0.00471159,0.253311,133076.0
000795.SZ,20260820,7100.0,8.35,59285.0,8.29,0.000636059,0.0581594,111625.0
000793.SZ,20260820,42200.0,2.13,89886.0,2.14,0.00158367,0.362413,266470.0
000792.SZ,20260820,255900.0,28.15,7203585.0,27.84,0.00483603,0.37465,529153.0
000791.SZ,20260820,29300.0,7.23,211839.0,7.19,0.00151372,0.109632,193563.0
000790.SZ,20260820,345800.0,4.2,1452360.0,4.07,0.05554,1.91853,62261.5
000789.SZ,20260820,36200.0,4.06,146972.0,4.04,0.00453964,1.2581,79742.0
000788.SZ,20260820,1333300.0,5.96,7946468.0,5.9,0.223713,3.26517,59598.7
000786.SZ,20260820,41100.0,18.63,765693.0,18.52,0.00243266,0.255782,168951.0
000785.SZ,20260820,179700.0,2.19,393543.0,2.19,0.00309588,0.355643,580448.0
000783.SZ,20260820,315400.0,8.58,2706132.0,8.53,0.00570336,0.239278,553007.0
000782.SZ,20260820,75300.0,7.69,579057.0,7.6,0.0142576,0.435389,52814.0
000779.SZ,20260820,773500.0,9.88,7642180.0,10.13,0.166425,0.715071,46477.3
000778.SZ,20260820,132300.0,3.7,489510.0,3.7,0.00339795,0.31426,389352.0
000777.SZ,20260820,90400.0,16.61,1501544.0,16.52,0.0235778,1.26959,38341.1
000776.SZ,20260820,140200.0,20.46,2868492.0,20.39,0.00237464,0.231666,590405.0
000768.SZ,20260820,43200.0,20.87,901584.0,20.83,0.00155596,0.161782,277641.0
000811.SZ,20260820,121800.0,39.74,4840332.0,39.36,0.012449,0.291027,97839.6
000813.SZ,20260820,868300.0,3.51,3047733.0,3.35,0.0414115,2.27522,209676.0
000869.SZ,20260820,4200.0,17.17,72114.0,16.91,0.000922849,0.472316,45511.2
000815.SZ,20260820,311900.0,16.12,5027828.0,16.08,0.0448607,0.232561,69526.3
000868.SZ,20260820,22300.0,3.42,76266.0,3.41,0.00237357,0.176645,93951.4
000863.SZ,20260820,67000.0,4.0,268000.0,3.94,0.00575989,0.370368,116322.0
000862.SZ,20260820,25600.0,5.12,131072.0,5.1,0.00407665,0.104235,62796.7
000860.SZ,20260820,120100.0,10.37,1245437.0,10.38,0.0161911,1.07172,74176.7
000859.SZ,20260820,149700.0,9.06,1356282.0,8.89,0.016709,0.221222,89592.5
000858.SZ,20260820,90871.0,71.91,6534533.61,71.89,0.00234112,0.313915,388151.0
000856.SZ,20260820,33600.0,8.09,271824.0,8.01,0.0148018,0.900969,22700.0
000852.SZ,20260820,1171851.0,5.4,6327995.4,5.38,0.123319,5.43938,95025.9
000850.SZ,20260820,48900.0,4.08,199512.0,4.04,0.00518351,0.602669,94337.5
000848.SZ,20260820,123800.0,8.33,1031254.0,8.36,0.01225,0.551807,101061.0
000839.SZ,20260820,424900.0,2.68,1138732.0,2.67,0.0108398,0.494837,391983.0
000838.SZ,20260820,667600.0,2.62,1749112.0,2.62,0.0633537,0.935558,105377.0
000837.SZ,20260820,476000.0,10.17,4840920.0,10.33,0.0472502,0.935645,100740.0
000833.SZ,20260820,454700.0,21.4,9730580.0,21.24,0.10022,1.73253,45370.2
000831.SZ,20260820,245000.0,60.8,14896000.0,59.54,0.0230866,0.456749,106122.0
000830.SZ,20260820,103200.0,11.88,1226016.0,11.88,0.00541967,0.317725,190418.0
000829.SZ,20260820,27552.0,8.04,221518.08,7.98,0.00269028,0.125963,102413.0
000828.SZ,20260820,230700.0,9.62,2219334.0,9.72,0.022193,5.24558,103952.0
000826.SZ,20260820,85300.0,1.91,162923.0,1.91,0.00598531,0.196226,142516.0
000825.SZ,20260820,118800.0,3.36,399168.0,3.35,0.00208558,0.384784,569625.0
000823.SZ,20260820,117600.0,14.67,1725192.0,14.4,0.019767,0.222043,59493.2
000822.SZ,20260820,37100.0,4.33,160643.0,4.29,0.00414483,0.336922,89509.2
000821.SZ,20260820,5200.0,6.83,35516.0,6.8,0.000860001,0.0720284,60465.1
000820.SZ,20260820,78200.0,3.36,262752.0,3.3,0.0263329,0.225718,29696.7
000819.SZ,20260820,10700.0,12.01,128507.0,11.91,0.00292334,0.220078,36602.0
000818.SZ,20260820,59600.0,12.26,730696.0,12.02,0.00905484,0.263781,65821.1
000816.SZ,20260820,628600.0,2.76,1734936.0,2.76,0.0436677,1.52727,143951.0
000959.SZ,20260820,52800.0,3.46,182688.0,3.46,0.000708572,0.20437,745161.0
000960.SZ,20260820,658100.0,37.69,24803789.0,36.19,0.0399956,1.36444,164543.0
000962.SZ,20260820,274900.0,52.85,14528465.0,50.95,0.0546498,0.844296,50302.1
001309.SZ,20260820,110200.0,400.01,44081102.0,393.8,0.0667761,0.586834,16502.9
001306.SZ,20260820,1900.0,53.2,101080.0,52.15,0.0122581,0.292208,1550.0
001301.SZ,20260820,353400.0,62.0,21910800.0,62.33,0.135877,4.84432,26008.9
001300.SZ,20260820,12100.0,11.09,134189.0,10.91,0.00496357,0.251161,24377.6
001299.SZ,20260820,8500.0,9.94,84490.0,9.83,0.00300486,0.318153,28287.5
001298.SZ,20260820,38500.0,17.35,667975.0,17.09,0.00944972,0.5603,40741.9
001296.SZ,20260820,500.0,19.1,9550.0,19.0,0.000617415,0.0210948,8098.27
001289.SZ,20260820,19900.0,15.47,307853.0,15.52,0.00039469,0.491594,504193.0
001288.SZ,20260820,3400.0,24.44,83096.0,24.2,0.00223871,0.0961224,15187.3
001287.SZ,20260820,193300.0,23.24,4492292.0,23.01,0.0254376,0.878502,75990.0
001286.SZ,20260820,430500.0,10.84,4666620.0,10.79,0.0318889,2.52862,135000.0
001285.SZ,20260820,4900.0,39.93,195657.0,39.86,0.0118081,0.544791,4149.68
001283.SZ,20260820,900.0,42.66,38394.0,42.11,0.000870415,0.028436,10339.9
001282.SZ,20260820,5000.0,15.77,78850.0,15.5,0.00327381,0.23494,15272.7
001280.SZ,20260820,64500.0,68.85,4440825.0,67.85,0.0371272,0.804459,17372.7
001279.SZ,20260820,600.0,24.53,14718.0,24.58,0.0015,0.104904,4000.0
001278.SZ,20260820,7800.0,15.74,122772.0,15.63,0.00914303,0.416337,8531.09
001277.SZ,20260820,561600.0,36.27,20369232.0,32.97,1.23294,45.5674,4554.95
001270.SZ,20260820,247319.0,110.63,27360900.97,109.48,0.120759,2.70856,20480.3
001269.SZ,20260820,1900.0,18.91,35929.0,18.87,0.000987462,0.100696,19241.2
001268.SZ,20260820,3800.0,19.93,75734.0,19.71,0.00402809,0.0988016,9433.76
001267.SZ,20260820,81800.0,37.16,3039688.0,36.63,0.0134416,0.185596,60855.7
001266.SZ,20260820,6800.0,33.59,228412.0,33.2,0.0116944,0.299708,5814.76
001260.SZ,20260820,63700.0,17.44,1110928.0,17.74,0.0553913,0.927243,11500.0
001259.SZ,20260820,4800.0,45.69,219312.0,45.19,0.0100958,0.456214,4754.45
001258.SZ,20260820,1217000.0,11.83,14397110.0,12.02,0.130394,0.859288,93332.2
001257.SZ,20260820,53500.0,24.49,1310215.0,24.06,0.0390659,0.496061,13694.8
001256.SZ,20260820,14100.0,22.92,323172.0,22.69,0.0131883,0.33239,10691.3
001308.SZ,20260820,4100.0,17.74,72734.0,17.66,0.00084148,0.207688,48723.7
001311.SZ,20260820,2900.0,17.91,51939.0,17.8,0.00159453,0.0330986,18187.2
000963.SZ,20260820,1095300.0,29.72,32552316.0,28.5,0.062481,3.80317,175301.0
001312.SZ,20260820,16100.0,17.42,280462.0,17.4,0.0281664,0.403499,5716.03
001366.SZ,20260820,152200.0,12.53,1907066.0,12.56,0.0947224,2.83364,16068.0
001365.SZ,20260820,18800.0,35.5,667400.0,35.3,0.0326924,0.369978,5750.56
001360.SZ,20260820,25200.0,16.8,423360.0,16.46,0.0200822,0.400577,12548.4
001359.SZ,20260820,35900.0,90.0,3231000.0,88.9,0.0595448,0.722402,6029.08
001358.SZ,20260820,24200.0,26.3,636460.0,25.92,0.047473,0.590897,5097.63
001356.SZ,20260820,61100.0,9.11,556621.0,9.11,0.0288621,0.688118,21169.7
001339.SZ,20260820,23550.0,79.99,1883764.5,78.97,0.014546,0.26027,16190.0
001338.SZ,20260820,918400.0,9.34,8577856.0,9.63,0.183046,8.61089,50173.1
001337.SZ,20260820,414700.0,49.48,20519356.0,47.48,0.0987381,2.49161,42000.0
001336.SZ,20260820,14000.0,18.31,256340.0,18.2,0.0217734,1.00498,6429.87
001335.SZ,20260820,2700.0,31.29,84483.0,31.22,0.01057,0.442314,2554.4
001333.SZ,20260820,7500.0,20.52,153900.0,20.17,0.00585938,0.404269,12800.0
001332.SZ,20260820,2200.0,30.55,67210.0,30.31,0.00327357,0.15305,6720.49
001331.SZ,20260820,86200.0,44.34,3822108.0,45.12,0.0301573,0.712731,28583.4
001330.SZ,20260820,316800.0,4.74,1501632.0,4.65,0.0272435,0.526748,116285.0
001328.SZ,20260820,6800.0,28.96,196928.0,28.65,0.00420488,0.426073,16171.7
001326.SZ,20260820,7100.0,62.04,440484.0,59.77,0.029562,0.390951,2401.73
001325.SZ,20260820,9400.0,37.49,352406.0,37.26,0.0479592,0.882667,1960.0
001324.SZ,20260820,4800.0,18.08,86784.0,17.92,0.00347826,0.171076,13800.0
001323.SZ,20260820,34600.0,19.89,688194.0,20.05,0.0111165,0.570191,31124.8
001322.SZ,20260820,12300.0,6.03,74169.0,5.96,0.00156566,0.375949,78561.2
001319.SZ,20260820,8100.0,19.35,156735.0,19.34,0.012763,0.574392,6346.46
001318.SZ,20260820,58900.0,11.4,671460.0,11.28,0.0208378,0.680815,28266.0
001317.SZ,20260820,18900.0,52.2,986580.0,51.73,0.0221101,0.339791,8548.14
001316.SZ,20260820,8200.0,26.01,213282.0,25.7,0.00545329,0.380559,15036.8
001314.SZ,20260820,14200.0,55.12,782704.0,54.65,0.0114424,0.487897,12409.9
001313.SZ,20260820,158600.0,7.89,1251354.0,7.92,0.0226846,0.629783,69915.3
001255.SZ,20260820,6500.0,25.5,165750.0,25.39,0.0084123,0.536085,7726.78
001248.SZ,20260820,127243.0,12.27,1561271.61,12.26,0.0119769,0.182863,106240.0
001239.SZ,20260820,15200.0,11.97,181944.0,11.8,0.0133333,0.884709,11400.0
001238.SZ,20260820,700.0,24.66,17262.0,24.66,0.000482313,0.122851,14513.4
001203.SZ,20260820,12400.0,26.66,330584.0,26.41,0.000949494,0.0809142,130596.0
001202.SZ,20260820,5400.0,13.4,72360.0,13.31,0.00462234,0.250421,11682.4
001201.SZ,20260820,17600.0,11.7,205920.0,11.71,0.00873709,0.581176,20144.0
000999.SZ,20260820,307500.0,24.95,7672125.0,24.61,0.0184941,3.3335,166269.0
000998.SZ,20260820,3176100.0,8.89,28235529.0,9.1,0.241637,5.06744,131441.0
000997.SZ,20260820,14500.0,17.6,255200.0,17.47,0.00143929,0.0971085,100744.0
000995.SZ,20260820,13300.0,10.55,140315.0,10.52,0.00749684,0.108508,17740.8
000993.SZ,20260820,15200.0,9.67,146984.0,9.63,0.00331913,0.176059,45795.1
000990.SZ,20260820,118500.0,6.41,759585.0,6.39,0.00696513,0.21696,170133.0
000989.SZ,20260820,353400.0,9.47,3346698.0,9.24,0.0509109,0.857381,69415.4
000988.SZ,20260820,216700.0,104.07,22551969.0,102.35,0.0215625,0.365237,100499.0
000987.SZ,20260820,61100.0,7.38,450918.0,7.37,0.00121875,0.252503,501334.0
000985.SZ,20260820,36900.0,15.82,583758.0,15.83,0.0284635,2.04206,12964.0
000983.SZ,20260820,1106300.0,6.83,7556029.0,6.86,0.0194872,1.94525,567707.0
000981.SZ,20260820,536500.0,2.63,1410995.0,2.6,0.00563944,0.229807,951336.0
000980.SZ,20260820,388500.0,1.6,621600.0,1.58,0.00770451,0.443055,504250.0
000978.SZ,20260820,9300.0,6.03,56079.0,5.99,0.00198667,0.140096,46812.0
000977.SZ,20260820,490600.0,73.51,36064006.0,72.87,0.0334462,0.473618,146683.0
000975.SZ,20260820,1020411.0,28.3,28877631.3,26.8,0.0404405,2.0716,252324.0
000973.SZ,20260820,312700.0,13.9,4346530.0,13.78,0.030907,0.476605,101175.0
000972.SZ,20260820,503600.0,3.65,1838140.0,3.61,0.0652938,1.33225,77128.4
000970.SZ,20260820,78100.0,12.69,991089.0,12.53,0.00642415,0.201298,121573.0
000969.SZ,20260820,34100.0,16.81,573221.0,16.54,0.0032746,0.139065,104135.0
000968.SZ,20260820,303300.0,6.96,2110968.0,6.95,0.0313487,1.33811,96750.3
000967.SZ,20260820,253700.0,8.44,2141228.0,8.35,0.00755584,0.213798,335767.0
000966.SZ,20260820,141900.0,4.01,569019.0,4.01,0.00407637,0.312299,348104.0
000965.SZ,20260820,31900.0,3.13,99847.0,3.11,0.00287431,0.227931,110983.0
001205.SZ,20260820,16400.0,14.29,234356.0,14.2,0.00985078,0.394235,16648.4
001206.SZ,20260820,36800.0,16.6,610880.0,16.46,0.0344361,0.838498,10686.4
001207.SZ,20260820,76000.0,16.99,1291240.0,16.87,0.0259721,1.0255,29262.2
001223.SZ,20260820,8400.0,40.14,337176.0,39.55,0.0120284,0.358909,6983.48
001237.SZ,20260820,7500.0,52.79,395925.0,52.4,0.0215171,0.355258,3485.6
001236.SZ,20260820,5500.0,7.38,40590.0,7.32,0.000725519,0.0674772,75807.8
001234.SZ,20260820,4100.0,22.7,93070.0,22.45,0.00448158,0.110523,9148.55
001233.SZ,20260820,32500.0,46.38,1507350.0,46.69,0.0861769,1.60602,3771.31
001232.SZ,20260820,55100.0,153.0,8430300.0,151.66,0.124642,0.62841,4420.65
001231.SZ,20260820,14700.0,20.97,308259.0,21.06,0.0288445,1.08937,5096.29
001230.SZ,20260820,19400.0,21.72,421368.0,21.34,0.0176398,0.210344,10997.9
001229.SZ,20260820,72800.0,47.53,3460184.0,46.32,0.0987103,1.22079,7375.12
001228.SZ,20260820,1000.0,26.45,26450.0,26.22,0.00125212,0.0865621,7986.46
001227.SZ,20260820,383200.0,2.12,812384.0,2.13,0.00908595,0.708624,421750.0
001226.SZ,20260820,200.0,44.39,8878.0,44.38,0.000589511,0.023892,3392.64
001225.SZ,20260820,300.0,43.01,12903.0,42.9,0.00142594,0.024881,2103.88
001222.SZ,20260820,10800.0,14.66,158328.0,14.46,0.00955763,0.174847,11299.9
001208.SZ,20260820,235600.0,14.65,3451540.0,14.91,0.0739175,1.17648,31873.4
001221.SZ,20260820,18800.0,41.89,787532.0,41.89,0.024457,0.542729,7686.96
001220.SZ,20260820,2000.0,31.35,62700.0,31.0,0.00866833,0.178947,2307.25
001219.SZ,20260820,13900.0,12.7,176530.0,12.66,0.00730819,0.327561,19019.8
001218.SZ,20260820,24500.0,24.72,605640.0,24.54,0.0204612,1.19148,11973.9
001217.SZ,20260820,7900.0,10.0,79000.0,9.87,0.00240429,0.236667,32857.9
001216.SZ,20260820,7000.0,14.44,101080.0,14.29,0.00532104,0.236574,13155.3
001215.SZ,20260820,600.0,31.5,18900.0,31.3,0.000619185,0.0286878,9690.16
001213.SZ,20260820,4300.0,3.46,14878.0,3.47,9.675e-05,0.0760822,444444.0
001212.SZ,20260820,4300.0,33.5,144050.0,32.98,0.00247341,0.128223,17384.9
001211.SZ,20260820,19200.0,22.87,439104.0,22.6,0.0205699,0.37071,9334.01
001210.SZ,20260820,134500.0,28.15,3786175.0,27.05,0.10081,1.11794,13342.0
001209.SZ,20260820,2300.0,17.33,39859.0,17.15,0.00239347,0.0819462,9609.46
000767.SZ,20260820,542900.0,3.46,1878434.0,3.48,0.018642,0.267864,291225.0
000762.SZ,20260820,100000.0,22.55,2255000.0,22.17,0.0192012,0.814027,52080.1
000026.SZ,20260820,123600.0,21.98,2716728.0,21.05,0.0339038,0.730659,36456.1
000526.SZ,20260820,671000.0,37.82,25377220.0,39.09,0.552384,11.5051,12147.4
000524.SZ,20260820,37100.0,9.54,353934.0,9.55,0.00553758,0.588459,66996.7
000523.SZ,20260820,4743500.0,3.09,14657415.0,3.21,0.357957,8.2937,132516.0
000521.SZ,20260820,79300.0,4.75,376675.0,4.74,0.00906048,1.37657,87523.0
000520.SZ,20260820,751800.0,4.19,3150042.0,4.01,0.0742824,2.68443,101208.0
000519.SZ,20260820,80200.0,14.42,1156484.0,14.29,0.00575918,0.214065,139256.0
000518.SZ,20260820,580900.0,3.8,2207420.0,3.68,0.0564235,0.739354,102954.0
000517.SZ,20260820,55000.0,2.26,124300.0,2.27,0.00220707,0.157783,249199.0
000516.SZ,20260820,299250.0,4.24,1268820.0,4.19,0.0135725,1.12495,220482.0
000514.SZ,20260820,82600.0,3.94,325444.0,3.91,0.00978939,0.979949,84377.1
000513.SZ,20260820,154900.0,30.24,4684176.0,29.72,0.0272644,2.45835,56814.0
000510.SZ,20260820,233800.0,15.94,3726772.0,15.46,0.038542,0.52578,60661.0
000509.SZ,20260820,59600.0,3.27,194892.0,3.21,0.00555387,0.255086,107312.0
000507.SZ,20260820,275100.0,4.98,1369998.0,4.96,0.0304869,3.13031,90235.4
000506.SZ,20260820,2394500.0,19.6,46932200.0,18.36,0.257832,2.32879,92870.7
000505.SZ,20260820,6454200.0,6.88,44404896.0,7.47,1.02062,17.3582,63238.0
000504.SZ,20260820,24000.0,8.62,206880.0,8.43,0.00729212,0.312117,32912.2
000503.SZ,20260820,168000.0,6.9,1159200.0,6.71,0.0171562,1.06768,97923.5
000501.SZ,20260820,1400.0,7.05,9870.0,7.05,0.000182222,0.0207614,76829.4
000498.SZ,20260820,23000.0,4.93,113390.0,4.95,0.00158692,0.356598,144935.0
000488.SZ,20260820,23100.0,1.86,42966.0,1.85,0.00136346,0.256352,169422.0
000430.SZ,20260820,30800.0,6.52,200816.0,6.46,0.00831182,0.359214,37055.6
000429.SZ,20260820,22400.0,13.07,292768.0,13.1,0.00171867,0.326051,130333.0
000428.SZ,20260820,269900.0,3.99,1076901.0,3.94,0.0264887,0.480041,101893.0
000426.SZ,20260820,2341500.0,38.28,89632620.0,35.96,0.1319,3.80433,177521.0
000425.SZ,20260820,433900.0,8.06,3497234.0,8.06,0.00482081,0.39619,900056.0
000423.SZ,20260820,11301.0,51.88,586295.88,51.74,0.00176937,0.226429,63870.0
000422.SZ,20260820,156500.0,12.69,1985985.0,12.63,0.0146634,0.663425,106729.0
000525.SZ,20260820,1840600.0,4.76,8761256.0,4.95,0.165557,4.33245,111176.0
000528.SZ,20260820,22010.0,8.03,176740.3,8.02,0.00108157,0.0966439,203500.0
000420.SZ,20260820,373300.0,3.63,1355079.0,3.6,0.0151869,0.826275,245804.0
000529.SZ,20260820,34900.0,4.93,172057.0,4.91,0.00612405,0.682735,56988.4
000561.SZ,20260820,31900.0,7.29,232551.0,7.25,0.00410951,0.423761,77624.7
000560.SZ,20260820,26682700.0,2.32,61903864.0,2.38,1.14105,16.3815,233844.0
000559.SZ,20260820,422100.0,11.23,4740183.0,11.01,0.0127355,1.09314,331435.0
000558.SZ,20260820,97700.0,3.34,326318.0,3.34,0.00758137,0.505824,128868.0
000557.SZ,20260820,65600.0,3.58,234848.0,3.56,0.00449957,1.00869,145792.0
000555.SZ,20260820,56700.0,10.03,568701.0,9.93,0.00581758,0.2671,97463.2
000554.SZ,20260820,113800.0,6.45,734010.0,6.39,0.0316723,0.693678,35930.5
000553.SZ,20260820,69900.0,5.49,383751.0,5.5,0.00321073,0.853538,217707.0
000552.SZ,20260820,895700.0,2.53,2266121.0,2.54,0.0240404,1.48108,372581.0
000551.SZ,20260820,369500.0,12.95,4785025.0,12.81,0.0762859,1.04041,48436.2
000550.SZ,20260820,5400.0,16.14,87156.0,16.17,0.00104154,0.186277,51846.3
000548.SZ,20260820,19700.0,4.43,87271.0,4.39,0.00394619,0.42815,49921.6
000547.SZ,20260820,1116000.0,14.51,16193160.0,14.33,0.0702275,1.72325,158912.0
000546.SZ,20260820,294200.0,4.68,1376856.0,4.58,0.0422273,2.15937,69670.5
000545.SZ,20260820,32200.0,2.45,78890.0,2.44,0.0032677,0.118024,98540.3
000544.SZ,20260820,13800.0,7.29,100602.0,7.24,0.00141584,0.522007,97468.4
000543.SZ,20260820,87100.0,7.47,650637.0,7.44,0.00384231,0.422855,226686.0
000541.SZ,20260820,17300.0,4.85,83905.0,4.83,0.00140594,0.270367,123049.0
000539.SZ,20260820,104000.0,5.35,556400.0,5.36,0.00406983,0.0846132,255539.0
000538.SZ,20260820,25700.0,49.83,1280631.0,49.75,0.00144958,0.33157,177293.0
000537.SZ,20260820,278300.0,7.9,2198570.0,8.01,0.0135378,0.656327,205572.0
000536.SZ,20260820,43400.0,3.12,135408.0,3.09,0.00157071,0.105129,276308.0
000534.SZ,20260820,31000.0,27.48,851880.0,27.02,0.00616869,0.258207,50253.8
000533.SZ,20260820,264800.0,11.19,2963112.0,10.8,0.0386624,0.25536,68490.2
000532.SZ,20260820,11500.0,10.84,124660.0,10.76,0.0033474,0.259231,34355.0
000531.SZ,20260820,22900.0,5.59,128011.0,5.57,0.00251719,0.268562,90974.5
000530.SZ,20260820,81500.0,4.84,394460.0,4.83,0.0135807,0.658879,60011.7
000421.SZ,20260820,893800.0,5.78,5166164.0,5.57,0.155634,12.9357,57429.6
000419.SZ,20260820,26400.0,4.92,129888.0,4.9,0.00485667,0.402095,54358.3
000761.SZ,20260820,80800.0,2.3,185840.0,2.29,0.00217884,0.642521,370839.0
000070.SZ,20260820,66300.0,14.47,959361.0,14.2,0.00773875,0.110585,85672.7
000068.SZ,20260820,38800.0,3.04,117952.0,3.01,0.00385429,0.281049,100667.0
000066.SZ,20260820,419800.0,14.35,6024130.0,14.28,0.0130148,0.26965,322555.0
000065.SZ,20260820,54900.0,8.79,482571.0,8.76,0.00515484,0.378689,106502.0
000063.SZ,20260820,328500.0,33.8,11103300.0,33.67,0.00815618,0.211354,402762.0
000062.SZ,20260820,32700.0,22.53,736731.0,22.2,0.00312949,0.156144,104490.0
000061.SZ,20260820,200600.0,5.78,1159468.0,5.79,0.0111798,0.504654,179431.0
000060.SZ,20260820,1503350.0,6.54,9831909.0,6.43,0.0338507,1.51365,444112.0
000059.SZ,20260820,1908200.0,4.9,9350180.0,5.07,0.119306,6.41007,159941.0
000058.SZ,20260820,66100.0,6.72,444192.0,6.58,0.00671244,1.00822,98473.9
000056.SZ,20260820,149700.0,1.94,290418.0,1.93,0.0165646,0.812505,90373.3
000055.SZ,20260820,59600.0,3.53,210388.0,3.5,0.00881847,0.67731,67585.4
000050.SZ,20260820,103400.0,6.48,670032.0,6.41,0.00424509,0.412383,243576.0
000049.SZ,20260820,25800.0,23.67,610686.0,23.54,0.0067094,0.216765,38453.5
000048.SZ,20260820,34200.0,22.63,773946.0,22.45,0.00646133,0.164067,52930.3
000045.SZ,20260820,56700.0,10.1,572670.0,10.04,0.0124064,1.01697,45702.2
000042.SZ,20260820,34300.0,8.9,305270.0,8.82,0.00516495,0.611871,66409.1
000039.SZ,20260820,130100.0,9.44,1228144.0,9.31,0.00565306,0.232639,230141.0
000037.SZ,20260820,91800.0,9.52,873936.0,9.56,0.027087,0.370186,33890.8
000036.SZ,20260820,34000.0,3.93,133620.0,3.9,0.00242341,0.114257,140298.0
000035.SZ,20260820,428300.0,4.61,1974463.0,4.54,0.0185169,1.49609,231303.0
000034.SZ,20260820,118500.0,24.03,2847555.0,23.81,0.0139552,0.221466,84914.8
000032.SZ,20260820,213491.0,14.59,3114833.69,14.3,0.0175687,0.444765,121518.0
000031.SZ,20260820,72800.0,2.13,155064.0,2.12,0.00169843,0.1945,428630.0
000030.SZ,20260820,5200.0,4.29,22308.0,4.27,0.000311208,0.0548502,167091.0
000029.SZ,20260820,35500.0,22.49,798395.0,22.6,0.00398134,0.507201,89166.0
000028.SZ,20260820,9200.0,20.0,184000.0,19.94,0.00174952,0.254883,52585.8
000027.SZ,20260820,20700.0,6.11,126477.0,6.11,0.000435113,0.11134,475739.0
000069.SZ,20260820,134000.0,1.76,235840.0,1.76,0.00194242,0.345978,689860.0
000078.SZ,20260820,1650750.0,1.6,2641200.0,1.57,0.0628805,2.33479,262522.0
000417.SZ,20260820,90900.0,5.66,514494.0,5.61,0.0116684,0.336958,77902.7
000088.SZ,20260820,117900.0,4.43,522297.0,4.43,0.00372761,0.665579,316289.0
000415.SZ,20260820,94700.0,4.59,434673.0,4.56,0.00175601,0.20441,539291.0
000411.SZ,20260820,22700.0,9.88,224276.0,9.72,0.00402671,0.404468,56373.6
000410.SZ,20260820,117800.0,5.06,596068.0,5.01,0.00597661,0.222179,197102.0
000409.SZ,20260820,14400.0,8.45,121680.0,8.42,0.00243872,0.328112,59047.4
000408.SZ,20260820,242800.0,77.4,18792720.0,75.56,0.0154758,1.55213,156890.0
000407.SZ,20260820,718300.0,4.23,3038409.0,4.23,0.0820181,3.07964,87578.2
000404.SZ,20260820,22200.0,7.07,156954.0,7.08,0.00320353,0.118516,69298.5
000403.SZ,20260820,45100.0,10.87,490237.0,10.71,0.00479438,0.285456,94068.4
000402.SZ,20260820,56600.0,2.43,137538.0,2.43,0.00189383,0.126832,298865.0
000401.SZ,20260820,7700.0,3.5,26950.0,3.49,0.000292625,0.0950491,263135.0
000400.SZ,20260820,260800.0,21.93,5719344.0,22.33,0.0256929,1.72259,101507.0
000338.SZ,20260820,127500.0,28.5,3633750.0,28.38,0.00257244,0.161166,495639.0
000333.SZ,20260820,276500.0,84.78,23441670.0,84.72,0.00402504,1.17834,686950.0
000301.SZ,20260820,204600.0,13.24,2708904.0,13.34,0.00309607,0.784579,660837.0
000166.SZ,20260820,233800.0,4.41,1031058.0,4.41,0.00103747,0.451033,2253550.0
000159.SZ,20260820,21400.0,5.68,121552.0,5.67,0.00445213,0.205548,48066.8
000158.SZ,20260820,179400.0,12.83,2301702.0,13.0,0.0112979,0.321396,158791.0
000157.SZ,20260820,107000.0,6.88,736160.0,6.87,0.00151351,0.259497,706967.0
000156.SZ,20260820,3700.0,6.65,24605.0,6.65,0.000217663,0.0439316,169988.0
000155.SZ,20260820,34200.0,11.79,403218.0,11.72,0.00185249,0.0839184,184617.0
000153.SZ,20260820,3181600.0,6.5,20680400.0,6.61,0.693358,10.4355,45886.9
000151.SZ,20260820,12000.0,9.94,119280.0,9.86,0.00389693,0.227383,30793.5
000100.SZ,20260820,3645900.0,5.1,18594090.0,5.05,0.0181253,0.637779,2011500.0
000099.SZ,20260820,6000.0,13.69,82140.0,13.65,0.000773425,0.0813139,77577.0
000096.SZ,20260820,18800.0,7.81,146828.0,7.81,0.00368016,0.195768,51084.8
000090.SZ,20260820,8700.0,3.44,29928.0,3.43,0.000465631,0.060475,186843.0
000089.SZ,20260820,100000.0,6.44,644000.0,6.43,0.0048763,0.904728,205073.0
000563.SZ,20260820,22200.0,2.93,65046.0,2.92,0.000434105,0.0629389,511397.0
000564.SZ,20260820,4340800.0,1.5,6511200.0,1.49,0.0287568,0.848052,1509490.0
000565.SZ,20260820,382800.0,6.11,2338908.0,6.21,0.0882857,3.76901,43359.2
000715.SZ,20260820,18100.0,5.18,93758.0,5.14,0.00372404,0.0957985,48603.1
000712.SZ,20260820,165800.0,8.5,1409300.0,8.46,0.01851,0.506932,89573.4
000711.SZ,20260820,3039000.0,5.87,17838930.0,6.13,0.12762,2.08766,238129.0
000710.SZ,20260820,673100.0,9.1,6125210.0,8.52,0.204261,3.46303,32953.0
000709.SZ,20260820,162100.0,2.05,332305.0,2.05,0.00156839,0.252617,1033540.0
000708.SZ,20260820,24900.0,14.14,352086.0,14.04,0.000493349,0.193513,504714.0
000707.SZ,20260820,123700.0,4.58,566546.0,4.57,0.0224622,1.97291,55070.4
000705.SZ,20260820,100900.0,7.04,710336.0,6.93,0.0357845,1.16542,28196.5
000703.SZ,20260820,3141000.0,19.32,60684120.0,19.08,0.0826059,3.37414,380239.0
000702.SZ,20260820,29200.0,5.44,158848.0,5.41,0.00842409,0.445434,34662.5
000701.SZ,20260820,347500.0,5.18,1800050.0,5.01,0.0520407,3.43577,66774.7
000700.SZ,20260820,169500.0,11.01,1866195.0,11.02,0.0184637,0.459207,91801.5
000698.SZ,20260820,4800.0,3.51,16848.0,3.5,0.000610909,0.0858999,78571.4
000697.SZ,20260820,2300.0,8.19,18837.0,8.09,0.000352163,0.0318547,65310.7
000695.SZ,20260820,184900.0,14.27,2638523.0,14.35,0.0833592,1.28418,22181.1
000692.SZ,20260820,484400.0,4.12,1995728.0,4.09,0.0909103,0.794845,53283.3
000691.SZ,20260820,3300.0,9.96,32868.0,9.94,0.00102082,0.0295745,32327.0
000690.SZ,20260820,267700.0,4.68,1252836.0,4.71,0.0123111,0.633097,217447.0
000688.SZ,20260820,25800.0,31.16,803928.0,30.97,0.0021771,0.132379,118506.0
000686.SZ,20260820,36400.0,7.86,286104.0,7.83,0.00155525,0.191292,234045.0
000685.SZ,20260820,74200.0,10.92,810264.0,10.87,0.00595228,0.673691,124658.0
000683.SZ,20260820,112300.0,5.95,668185.0,5.91,0.00336372,0.163493,333857.0
000682.SZ,20260820,129400.0,11.75,1520450.0,11.58,0.00965239,0.86218,134060.0
000681.SZ,20260820,34900.0,17.15,598535.0,16.94,0.00516169,0.120375,67613.5
000680.SZ,20260820,83400.0,10.38,865692.0,10.37,0.00634428,0.417105,131457.0
000679.SZ,20260820,27300.0,5.93,161889.0,5.91,0.00765993,0.416417,35640.0
000678.SZ,20260820,465600.0,9.08,4227648.0,9.46,0.101303,1.62328,45961.2
000677.SZ,20260820,182300.0,1.62,295326.0,1.61,0.0211001,0.656329,86397.8
000713.SZ,20260820,934049.0,6.0,5604294.0,6.05,0.152122,4.29421,61401.5
000716.SZ,20260820,1707500.0,4.97,8486275.0,5.23,0.232084,2.32864,73572.4
000566.SZ,20260820,1341000.0,5.24,7026840.0,5.02,0.103414,0.948611,129674.0
000717.SZ,20260820,28800.0,2.16,62208.0,2.16,0.00118833,0.215066,242356.0
000759.SZ,20260820,273200.0,6.49,1773068.0,6.53,0.041665,0.327473,65570.6
000758.SZ,20260820,587700.0,5.96,3502692.0,5.89,0.0296406,2.10021,198275.0
000757.SZ,20260820,38500.0,4.22,162470.0,4.21,0.00722711,0.400517,53271.6
000756.SZ,20260820,220500.0,14.39,3172995.0,14.09,0.0441973,1.32221,49889.9
000755.SZ,20260820,5000.0,4.76,23800.0,4.75,0.00034076,0.102262,146731.0
000753.SZ,20260820,8400.0,4.64,38976.0,4.62,0.000847217,0.0509827,99148.1
000752.SZ,20260820,22600.0,9.08,205208.0,8.89,0.00856844,1.26086,26375.8
000751.SZ,20260820,241300.0,4.96,1196848.0,4.88,0.0149354,0.489349,161563.0
000750.SZ,20260820,214900.0,3.66,786534.0,3.66,0.0037076,0.57354,579620.0
000739.SZ,20260820,567400.0,21.93,12443082.0,22.09,0.0489991,1.79622,115798.0
000738.SZ,20260820,84700.0,17.83,1510201.0,17.79,0.00644016,0.739893,131518.0
000737.SZ,20260820,1348400.0,14.2,19147280.0,13.84,0.0707993,1.7217,190454.0
000736.SZ,20260820,1116400.0,4.82,5381048.0,4.9,0.149431,4.53967,74709.8
000735.SZ,20260820,5305800.0,5.82,30879756.0,5.87,0.461014,5.8384,115090.0
000733.SZ,20260820,19000.0,39.13,743470.0,38.85,0.00342902,0.137498,55409.5
000731.SZ,20260820,37200.0,6.14,228408.0,6.12,0.00677811,0.415,54882.6
000729.SZ,20260820,25000.0,12.2,305000.0,12.13,0.000996172,0.112701,250961.0
000728.SZ,20260820,59300.0,7.01,415693.0,6.99,0.00135891,0.317601,436378.0
000727.SZ,20260820,411900.0,2.16,889704.0,2.15,0.00909358,0.509752,452957.0
000726.SZ,20260820,35800.0,5.9,211220.0,5.87,0.00607463,0.911779,58933.6
000725.SZ,20260820,13939900.0,6.07,84615193.0,6.01,0.0394148,0.643204,3536710.0
000723.SZ,20260820,6885931.0,3.71,25546804.01,3.89,0.15667,8.93341,439518.0
000722.SZ,20260820,63400.0,12.91,818494.0,12.89,0.0136591,0.43427,46415.8
000721.SZ,20260820,60500.0,6.52,394460.0,6.49,0.0118081,0.559602,51236.0
000720.SZ,20260820,179800.0,3.67,659866.0,3.62,0.0143092,0.244009,125653.0
000719.SZ,20260820,17400.0,12.5,217500.0,12.5,0.00260812,0.481456,66714.8
000718.SZ,20260820,20800.0,1.85,38480.0,1.85,0.000911549,0.088723,228183.0
000676.SZ,20260820,312700.0,6.45,2016915.0,6.38,0.0248366,0.218917,125903.0
000672.SZ,20260820,16800.0,13.83,232344.0,13.68,0.00173304,0.094319,96939.5
000670.SZ,20260820,467700.0,7.35,3437595.0,7.2,0.0563189,0.623514,83045.0
000669.SZ,20260820,66700.0,4.28,285476.0,4.22,0.00980293,0.538721,68040.9
000609.SZ,20260820,77000.0,10.3,793100.0,10.51,0.0264866,1.64811,29071.3
000608.SZ,20260820,40800.0,7.44,303552.0,7.39,0.00547337,0.0999368,74542.8
000607.SZ,20260820,51900.0,3.61,187359.0,3.57,0.00586419,0.435821,88503.3
000605.SZ,20260820,22200.0,5.88,130536.0,5.88,0.00629504,0.60535,35265.9
000603.SZ,20260820,1206300.0,33.32,40193916.0,31.29,0.180932,2.11429,66671.6
000601.SZ,20260820,90300.0,6.08,549024.0,6.08,0.00860313,0.163526,104962.0
000600.SZ,20260820,69800.0,7.91,552118.0,7.9,0.00640337,0.258145,109005.0
000599.SZ,20260820,46700.0,4.65,217155.0,4.58,0.00571784,0.340977,81674.2
000598.SZ,20260820,26300.0,7.18,188834.0,7.18,0.000881483,0.2041,298361.0
000597.SZ,20260820,697400.0,5.26,3668324.0,5.21,0.0494889,1.41013,140920.0
000596.SZ,20260820,8400.0,92.9,780360.0,93.0,0.0020558,0.113985,40860.0
000595.SZ,20260820,298500.0,5.63,1680555.0,5.47,0.0262151,0.612629,113866.0
000593.SZ,20260820,296800.0,25.25,7494200.0,24.81,0.0827933,0.846936,35848.3
000592.SZ,20260820,2796000.0,6.28,17558880.0,6.18,0.145998,1.50177,191509.0
000591.SZ,20260820,133989.0,4.23,566773.47,4.23,0.00343263,0.342924,390340.0
000590.SZ,20260820,17600.0,9.04,159104.0,8.81,0.00735299,0.610168,23935.9
000589.SZ,20260820,67300.0,4.22,284006.0,4.22,0.0043585,0.32608,154411.0
000586.SZ,20260820,30300.0,12.37,374811.0,12.13,0.0158481,0.517892,19119.0
000582.SZ,20260820,537900.0,10.74,5777046.0,10.75,0.0249392,0.932951,215685.0
000581.SZ,20260820,10900.0,17.3,188570.0,17.23,0.00137296,0.195645,79390.5
000576.SZ,20260820,13300.0,7.14,94962.0,7.07,0.00306582,0.205925,43381.5
000573.SZ,20260820,11500.0,3.59,41285.0,3.58,0.00181685,0.07622,63296.5
000572.SZ,20260820,20200.0,3.74,75548.0,3.72,0.00123002,0.0619046,164225.0
000571.SZ,20260820,129000.0,5.81,749490.0,5.8,0.0158478,0.364227,81399.2
000570.SZ,20260820,61400.0,5.04,309456.0,4.99,0.0110493,0.61929,55569.2
000568.SZ,20260820,47900.0,85.0,4071500.0,84.5,0.00325616,0.441179,147106.0
000567.SZ,20260820,76600.0,6.04,462664.0,5.96,0.00393115,0.55692,194854.0
000610.SZ,20260820,3200.0,5.76,18432.0,5.76,0.0013588,0.159285,23550.2
000612.SZ,20260820,198600.0,11.1,2204460.0,10.94,0.0166728,0.62098,119116.0
000615.SZ,20260820,1000.0,3.26,3260.0,3.26,0.000108077,0.015719,92526.8
000637.SZ,20260820,44400.0,3.93,174492.0,3.91,0.0121781,0.612618,36458.9
000668.SZ,20260820,5400.0,22.11,119394.0,21.87,0.00367742,0.0623786,14684.2
000665.SZ,20260820,53900.0,3.81,205359.0,3.81,0.00474005,0.11928,113712.0
000663.SZ,20260820,44700.0,5.57,248979.0,5.52,0.0145935,0.685429,30630.1
000661.SZ,20260820,106300.0,83.4,8865420.0,80.96,0.0266006,1.45008,39961.5
000659.SZ,20260820,125800.0,2.73,343434.0,2.69,0.00978453,0.436566,128570.0
000657.SZ,20260820,999600.0,68.0,67972800.0,66.16,0.0687742,0.994274,145345.0
000656.SZ,20260820,895700.0,1.23,1101711.0,1.23,0.0118052,0.536708,758735.0
000655.SZ,20260820,2100.0,6.79,14259.0,6.8,0.000352739,0.0412057,59534.0
000652.SZ,20260820,31100.0,3.36,104496.0,3.36,0.00213273,0.243593,145822.0
000651.SZ,20260820,284700.0,41.25,11743875.0,41.32,0.00515573,0.721284,552201.0
000650.SZ,20260820,171000.0,5.48,937080.0,5.43,0.0128438,0.693375,133139.0
000639.SZ,20260820,572600.0,1.76,1007776.0,1.76,0.0530467,0.848181,107943.0
000636.SZ,20260820,937400.0,56.5,52963100.0,56.11,0.081019,0.587414,115701.0
000617.SZ,20260820,689900.0,6.69,4615431.0,6.63,0.00545717,1.20796,1264210.0
000635.SZ,20260820,14200.0,6.28,89176.0,6.27,0.00387111,0.315864,36682.0
000633.SZ,20260820,45100.0,5.25,236775.0,5.2,0.011711,0.622174,38510.6
000632.SZ,20260820,6400.0,3.64,23296.0,3.6,0.00137492,0.0642165,46548.2
000631.SZ,20260820,383900.0,2.86,1097954.0,2.87,0.0166913,2.61142,230000.0
000630.SZ,20260820,4651100.0,6.5,30232150.0,6.37,0.0417401,1.70265,1114300.0
000629.SZ,20260820,549300.0,3.0,1647900.0,2.99,0.00591253,0.628137,929044.0
000628.SZ,20260820,52300.0,39.88,2085724.0,39.62,0.0272058,0.421935,19223.9
000626.SZ,20260820,179300.0,7.81,1400333.0,7.82,0.0355533,1.43131,50431.3
000625.SZ,20260820,264100.0,7.04,1859264.0,7.04,0.00319455,0.576285,826721.0
000623.SZ,20260820,33300.0,17.9,596070.0,17.78,0.00279605,0.283235,119097.0
000620.SZ,20260820,9847800.0,3.41,33580998.0,3.54,0.210795,1.82028,467175.0
000619.SZ,20260820,34400.0,4.78,164432.0,4.77,0.00955556,0.741427,36000.0
518850.SH,20260820,617800.0,9.327,5762221.0,9.065,,1.18197,
518800.SH,20260820,425429.0,9.64,4101136.0,9.404,,0.65354,
518680.SH,20260820,188100.0,9.69,1822689.0,9.398,,1.11437,
900905.SH,20260820,0.0,,0.0,2.897,,,
900903.SH,20260820,0.0,,0.0,0.186,,,
900902.SH,20260820,0.0,,0.0,0.162,,,
900901.SH,20260820,0.0,,0.0,0.701,,,
689009.SH,20260820,43856.0,44.1,1934050.0,44.3,0.00780035,0.383474,56223.1
688981.SH,20260820,316425.0,128.8,40755540.0,128.01,0.0158247,0.470717,199956.0
688836.SH,20260820,321460.0,790.0,253953400.0,845.0,1.06841,1.25287,3008.77
688828.SH,20260820,38039.0,81.0,3081159.0,79.42,0.146085,0.424865,2603.9
688826.SH,20260820,38131.0,935.0,35652485.0,942.03,0.500554,0.773748,761.776
688825.SH,20260820,5911853.0,57.58,340404496.0,57.55,0.131286,1.29595,450304.0
688820.SH,20260820,391538.0,136.07,53276576.0,141.0,0.22645,2.64189,17290.3
688819.SH,20260820,1600.0,21.56,34496.0,21.4,0.000164592,0.0785746,97210.0
688818.SH,20260820,173457.0,46.77,8112584.0,46.08,0.122135,1.57922,14202.1
688816.SH,20260820,400.0,48.48,19392.0,48.01,0.0019478,0.0729377,2053.6
688813.SH,20260820,18770.0,112.6,2113502.0,110.08,0.0624065,0.318168,3007.7
688811.SH,20260820,21271.0,22.4,476470.0,22.02,0.023089,0.279573,9212.61
688809.SH,20260820,7160.0,477.8,3421048.0,465.15,0.0276321,0.393775,2591.19
688808.SH,20260820,6597.0,2280.0,15041160.0,2221.02,0.0341882,0.724842,1929.61
688807.SH,20260820,28173.0,300.0,8451900.0,289.74,0.176081,0.74621,1600.0
688806.SH,20260820,156209.0,26.75,4178591.0,25.65,0.306138,2.17527,5102.57
688805.SH,20260820,0.0,,0.0,38.33,0.0,0.0,3353.6
688802.SH,20260820,1170.0,736.0,861120.0,729.0,0.00631456,0.0764731,1852.86
688800.SH,20260820,24172.0,58.3,1409228.0,57.51,0.00838179,0.150954,28838.7
688799.SH,20260820,26659.0,43.97,1172196.0,42.96,0.0199488,0.788442,13363.7
688798.SH,20260820,44903.0,53.63,2408148.0,53.14,0.0330794,1.46659,13574.3
688797.SH,20260820,24260.0,319.0,7738940.0,311.08,0.083103,0.596415,2919.27
688796.SH,20260820,67223.0,140.0,9411220.0,131.6,0.174119,1.62626,3860.75
688795.SH,20260820,4348.0,548.0,2382704.0,548.0,0.0143852,0.299079,3022.55
900904.SH,20260820,5800.0,0.478966,2778.0,0.469,,,
900906.SH,20260820,10100.0,0.22099,2232.0,0.224,,,
688790.SH,20260820,2345.0,96.5902,226504.0,96.59,0.0184999,0.414064,1267.58
900908.SH,20260820,0.0,,0.0,0.654,,,
900940.SH,20260820,0.0,,0.0,0.217,,,
900939.SH,20260820,0.0,,0.0,0.47,,,
900938.SH,20260820,27000.0,0.224,6048.0,0.224,,,
900937.SH,20260820,16900.0,0.213018,3600.0,0.213,,,
900936.SH,20260820,0.0,,0.0,1.18,,,
900934.SH,20260820,200.0,1.495,299.0,1.493,,,
900932.SH,20260820,23700.0,0.388017,9196.0,0.389,,,
900929.SH,20260820,700.0,0.944286,661.0,0.944,,,
900928.SH,20260820,0.0,,0.0,0.596,,,
900927.SH,20260820,0.0,,0.0,0.328,,,
900926.SH,20260820,0.0,,0.0,0.896,,,
900925.SH,20260820,0.0,,0.0,1.46,,,
900924.SH,20260820,0.0,,0.0,0.305,,,
900923.SH,20260820,200.0,0.58,116.0,0.579,,,
900922.SH,20260820,0.0,,0.0,0.592,,,
900921.SH,20260820,800.0,0.1825,146.0,0.181,,,
900920.SH,20260820,0.0,,0.0,0.298,,,
900918.SH,20260820,0.0,,0.0,0.314,,,
900917.SH,20260820,247600.0,0.26,64376.0,0.256,,,
900916.SH,20260820,0.0,,0.0,0.517,,,
900915.SH,20260820,0.0,,0.0,0.261,,,
900914.SH,20260820,0.0,,0.0,0.437,,,
900913.SH,20260820,20000.0,0.219,4380.0,0.22,,,
900912.SH,20260820,0.0,,0.0,0.634,,,
900911.SH,20260820,0.0,,0.0,0.696,,,
900910.SH,20260820,0.0,,0.0,0.633,,,
900909.SH,20260820,0.0,,0.0,0.499,,,
688793.SH,20260820,15296.0,20.07,306991.0,19.85,0.0179946,0.459924,8500.31
688789.SH,20260820,4945.0,46.9399,232118.0,46.63,0.00274332,0.296303,18025.6
688680.SH,20260820,1375.0,33.56,46145.0,33.11,0.00140923,0.117402,9757.1
688720.SH,20260820,24749.0,69.8,1727480.0,67.38,0.0316526,0.468921,7818.94
688718.SH,20260820,4222.0,13.7501,58053.0,13.75,0.00242987,0.220537,17375.4
688717.SH,20260820,10594.0,59.49,630237.0,58.75,0.0106958,0.0977486,9904.78
688716.SH,20260820,258.0,27.2597,7033.0,27.06,0.000368955,0.015183,6992.72
688712.SH,20260820,64014.0,34.31,2196320.0,32.5,0.140382,2.33856,4560.0
688711.SH,20260820,47021.0,25.46,1197155.0,25.1,0.0216934,0.4946,21675.3
688710.SH,20260820,27447.0,95.0,2607465.0,91.07,0.0302633,0.823559,9069.4
688709.SH,20260820,10828.0,25.99,281420.0,25.7,0.00488306,0.216995,22174.6
688708.SH,20260820,0.0,,0.0,41.87,0.0,0.0,14274.4
688707.SH,20260820,15534.0,10.25,159224.0,10.16,0.00305342,0.268572,50874.0
688702.SH,20260820,46567.0,383.67,17866361.0,378.0,0.0229403,0.456068,20299.2
688701.SH,20260820,4132.0,8.11012,33511.0,8.04,0.00307721,0.196774,13427.7
688700.SH,20260820,64683.0,57.22,3701161.0,56.14,0.0216765,0.435614,29840.1
688699.SH,20260820,10683.0,60.27,643864.0,59.99,0.00970611,0.19074,11006.5
688698.SH,20260820,24900.0,45.95,1144155.0,44.58,0.0115796,0.691477,21503.3
688697.SH,20260820,91253.0,14.3,1304918.0,13.95,0.0142523,0.949776,64026.7
688696.SH,20260820,527.0,69.8899,36832.0,69.89,0.000752642,0.0814746,7002.0
688695.SH,20260820,8409.0,18.8299,158341.0,18.83,0.0157485,0.749585,5339.55
688693.SH,20260820,20894.0,80.0,1671520.0,77.82,0.053706,0.462657,3890.44
688692.SH,20260820,8866.0,246.47,2185203.0,245.43,0.0119545,0.516761,7416.47
688691.SH,20260820,8086.0,64.63,522598.0,63.63,0.011082,0.178676,7296.5
688690.SH,20260820,203276.0,43.95,8933980.0,42.6,0.0503389,1.9669,40381.5
688689.SH,20260820,14987.0,40.49,606824.0,39.9,0.0103424,0.179128,14490.8
688687.SH,20260820,20503.0,18.23,373770.0,17.67,0.011994,0.427102,17094.4
688686.SH,20260820,10586.0,118.0,1249148.0,115.0,0.00866034,0.770203,12223.5
688685.SH,20260820,6697.0,40.91,273974.0,40.12,0.00456038,0.125716,14685.2
688683.SH,20260820,10021.0,28.68,287402.0,28.4,0.00622045,0.431209,16109.8
688682.SH,20260820,4976.0,30.71,152813.0,30.93,0.00488615,0.376438,10183.9
688719.SH,20260820,22149.0,48.53,1074891.0,48.0,0.0246862,0.399202,8972.23
688721.SH,20260820,12759.0,44.38,566244.0,43.88,0.0231337,0.247883,5515.33
688788.SH,20260820,49488.0,29.05,1437626.0,27.96,0.0226072,1.5885,21890.4
688722.SH,20260820,10739.0,13.81,148306.0,13.69,0.00479195,0.402363,22410.5
688787.SH,20260820,7281.0,105.85,770694.0,103.7,0.0120696,0.319458,6032.52
688786.SH,20260820,25046.0,27.63,692021.0,27.3,0.0144507,0.361705,17332.0
688785.SH,20260820,0.0,,0.0,271.75,0.0,0.0,1354.44
688783.SH,20260820,366522.0,34.48,12637679.0,34.3,0.136304,0.882815,26890.0
688781.SH,20260820,5435.0,38.4201,208813.0,37.65,0.0133096,0.257646,4083.51
688779.SH,20260820,191761.0,8.25,1582028.0,8.14,0.00993982,0.520345,192922.0
688778.SH,20260820,24797.0,47.1,1167939.0,46.49,0.0049133,0.527691,50469.1
688777.SH,20260820,101988.0,91.0,9280908.0,89.35,0.0129558,0.644443,78719.9
688776.SH,20260820,5575.0,46.63,259962.0,46.64,0.00514378,0.320926,10838.3
688775.SH,20260820,10315.0,119.0,1227485.0,118.0,0.00397712,0.194927,25935.8
688772.SH,20260820,35371.0,13.98,494487.0,13.91,0.00310741,0.176662,113828.0
688768.SH,20260820,450.0,40.8,18360.0,40.81,0.000515679,0.0669163,8726.35
688767.SH,20260820,7289.0,39.98,291414.0,39.1,0.00488103,0.261328,14933.3
688766.SH,20260820,309683.0,450.0,139357350.0,447.2,0.208255,1.8906,14870.4
688765.SH,20260820,44469.0,37.95,1687599.0,36.78,0.0617875,1.06199,7197.08
688759.SH,20260820,27351.0,27.91,763366.0,26.46,0.0379875,0.484717,7200.0
688758.SH,20260820,225129.0,28.99,6526490.0,26.92,0.0755001,1.8788,29818.4
688757.SH,20260820,23847.0,32.33,770974.0,31.77,0.0131591,0.160026,18122.0
688755.SH,20260820,77046.0,28.25,2176550.0,27.28,0.0964677,6.54734,7986.72
688750.SH,20260820,7600.0,13.88,105488.0,13.79,0.00326295,0.255133,23291.8
688739.SH,20260820,212817.0,21.7,4618129.0,20.09,0.0511027,10.3875,41645.0
688737.SH,20260820,5216.0,17.45,91019.0,17.31,0.0043625,0.488859,11956.5
688733.SH,20260820,15217.0,31.0,471727.0,30.16,0.00761706,0.182587,19977.5
688729.SH,20260820,56241.0,25.05,1408837.0,24.6,0.00321701,0.168612,174824.0
688728.SH,20260820,89389.0,16.18,1446314.0,15.91,0.00343964,0.222568,259879.0
688727.SH,20260820,8183.0,49.54,405386.0,48.33,0.0151458,0.174997,5402.82
688726.SH,20260820,20340.0,46.85,952929.0,46.16,0.00924863,0.254066,21992.4
900941.SH,20260820,0.0,,0.0,0.472,,,
900942.SH,20260820,0.0,,0.0,0.673,,,
900943.SH,20260820,0.0,,0.0,0.437,,,
501220.SH,20260820,0.0,,0.0,0.951,,0.0,
501218.SH,20260820,100.0,0.96,96.0,0.96,,11.2892,
501217.SH,20260820,0.0,,0.0,1.047,,0.0,
501216.SH,20260820,0.0,,0.0,0.91,,0.0,
501215.SH,20260820,0.0,,0.0,1.094,,0.0,
501213.SH,20260820,0.0,,0.0,0.891,,0.0,
501212.SH,20260820,0.0,,0.0,1.044,,0.0,
501211.SH,20260820,0.0,,0.0,1.07,,0.0,
501210.SH,20260820,6103.0,1.31001,7995.0,1.27,,14.4866,
501209.SH,20260820,0.0,,0.0,0.482,,0.0,
501208.SH,20260820,500.0,1.304,652.0,1.29,,0.161546,
501207.SH,20260820,0.0,,0.0,0.815,,0.0,
501206.SH,20260820,0.0,,0.0,0.917,,0.0,
501205.SH,20260820,120000.0,0.933,111960.0,0.933,,1.21562,
501203.SH,20260820,0.0,,0.0,1.534,,0.0,
501202.SH,20260820,0.0,,0.0,1.299,,0.0,
501201.SH,20260820,1100.0,2.41636,2658.0,2.392,,0.0918758,
501200.SH,20260820,10020.0,1.44701,14499.0,1.447,,1.31325,
501189.SH,20260820,800.0,1.0175,814.0,1.001,,4.74823,
501188.SH,20260820,0.0,,0.0,1.088,,0.0,
501186.SH,20260820,0.0,,0.0,0.816,,0.0,
501099.SH,20260820,100.0,3.1,310.0,3.152,,0.030196,
501098.SH,20260820,100.0,1.76,176.0,1.739,,0.11618,
501097.SH,20260820,2347.0,1.95995,4600.0,1.957,,2.74901,
501096.SH,20260820,49500.0,1.55901,77171.0,1.544,,1.14334,
501095.SH,20260820,100.0,0.89,89.0,0.888,,0.0346809,
501093.SH,20260820,0.0,,0.0,1.227,,0.0,
501092.SH,20260820,0.0,,0.0,1.289,,0.0,
501219.SH,20260820,2900.0,1.62103,4701.0,1.622,,0.32584,
501222.SH,20260820,0.0,,0.0,1.038,,0.0,
900945.SH,20260820,0.0,,0.0,0.206,,,
501225.SH,20260820,129600.0,3.65,473040.0,3.635,,1.12691,
506008.SH,20260820,1700.0,1.29118,2195.0,1.29,,0.0523797,
506006.SH,20260820,100.0,1.35,135.0,1.326,,0.00402736,
506005.SH,20260820,4100.0,1.48293,6080.0,1.475,,0.0716303,
506003.SH,20260820,300.0,1.24,372.0,1.244,,0.00952393,
506002.SH,20260820,41300.0,2.147,88671.0,2.14,,0.607271,
506001.SH,20260820,100.0,1.79,179.0,1.769,,0.00635375,
506000.SH,20260820,3200.0,1.295,4144.0,1.287,,0.0459839,
502056.SH,20260820,0.0,,0.0,0.681,,0.0,
502053.SH,20260820,0.0,,0.0,1.074,,0.0,
502048.SH,20260820,0.0,,0.0,1.25,,0.0,
502023.SH,20260820,0.0,,0.0,1.557,,0.0,
502013.SH,20260820,0.0,,0.0,1.44,,0.0,
502010.SH,20260820,0.0,,0.0,1.234,,0.0,
502006.SH,20260820,0.0,,0.0,1.587,,0.0,
502003.SH,20260820,0.0,,0.0,1.365,,0.0,
502000.SH,20260820,100.0,2.03,203.0,2.018,,0.0885249,
501312.SH,20260820,2117715.0,2.384,5048633.0,2.315,,9.83467,
501311.SH,20260820,400.0,0.9725,389.0,0.965,,0.191019,
501310.SH,20260820,0.0,,0.0,1.313,,0.0,
501307.SH,20260820,0.0,,0.0,1.274,,0.0,
501306.SH,20260820,300.0,1.25,375.0,1.256,,0.547371,
501305.SH,20260820,100.0,1.3,130.0,1.301,,0.125809,
501303.SH,20260820,0.0,,0.0,0.964,,0.0,
501302.SH,20260820,0.0,,0.0,1.152,,0.0,
501301.SH,20260820,500.0,1.234,617.0,1.225,,0.169795,
501300.SH,20260820,346000.0,0.929,321434.0,0.927,,3.99409,
501227.SH,20260820,0.0,,0.0,1.073,,0.0,
501091.SH,20260820,0.0,,0.0,1.02,,0.0,
501090.SH,20260820,0.0,,0.0,1.082,,0.0,
501089.SH,20260820,0.0,,0.0,1.028,,0.0,
501088.SH,20260820,600.0,0.776667,466.0,0.774,,0.661319,
501037.SH,20260820,0.0,,0.0,1.499,,0.0,
501036.SH,20260820,100.0,1.51,151.0,1.499,,0.0560724,
501032.SH,20260820,700.0,1.74857,1224.0,1.762,,0.248904,
501031.SH,20260820,0.0,,0.0,0.517,,0.0,
501030.SH,20260820,0.0,,0.0,0.53,,0.0,
501029.SH,20260820,0.0,,0.0,1.754,,0.0,
501028.SH,20260820,0.0,,0.0,1.44,,0.0,
501026.SH,20260820,57273.0,2.48201,142152.0,2.425,,1.151,
501025.SH,20260820,92500.0,1.838,170015.0,1.847,,0.318841,
501022.SH,20260820,0.0,,0.0,2.758,,0.0,
501021.SH,20260820,100.0,1.34,134.0,1.334,,0.0830293,
501019.SH,20260820,100.0,1.19,119.0,1.185,,0.0194005,
501018.SH,20260820,2059745.0,1.886,3884679.0,1.881,,0.531871,
501017.SH,20260820,0.0,,0.0,1.357,,0.0,
501016.SH,20260820,0.0,,0.0,1.17,,0.0,
501015.SH,20260820,41200.0,3.014,124177.0,3.017,,1.63457,
501012.SH,20260820,100.0,0.99,99.0,0.992,,0.0876722,
501011.SH,20260820,100.0,1.02,102.0,1.021,,0.0601481,
501010.SH,20260820,0.0,,0.0,1.262,,0.0,
501009.SH,20260820,4800.0,1.30896,6283.0,1.287,,0.68998,
501008.SH,20260820,0.0,,0.0,0.787,,0.0,
501007.SH,20260820,0.0,,0.0,0.811,,0.0,
501005.SH,20260820,0.0,,0.0,1.098,,0.0,
501001.SH,20260820,0.0,,0.0,1.587,,0.0,
900948.SH,20260820,0.0,,0.0,2.878,,,
900947.SH,20260820,0.0,,0.0,0.258,,,
900946.SH,20260820,0.0,,0.0,0.193,,,
501038.SH,20260820,0.0,,0.0,1.523,,0.0,
501043.SH,20260820,0.0,,0.0,1.582,,0.0,
501045.SH,20260820,0.0,,0.0,1.55,,0.0,
501071.SH,20260820,0.0,,0.0,0.962,,0.0,
501087.SH,20260820,0.0,,0.0,1.324,,0.0,
501085.SH,20260820,44700.0,3.133,140045.0,3.103,,0.552265,
501083.SH,20260820,100.0,2.02,202.0,1.983,,0.198373,
501082.SH,20260820,100.0,3.91,391.0,3.846,,0.0217047,
501081.SH,20260820,0.0,,0.0,2.979,,0.0,
501080.SH,20260820,70702.0,1.58201,111851.0,1.578,,0.629972,
501079.SH,20260820,2100.0,4.5719,9601.0,4.58,,0.356758,
501078.SH,20260820,4500.0,3.0,13500.0,3.02,,3.70492,
501077.SH,20260820,0.0,,0.0,3.202,,0.0,
501076.SH,20260820,500.0,1.64,820.0,1.638,,0.137207,
501075.SH,20260820,300.0,3.34,1002.0,3.52,,1.26243,
501073.SH,20260820,300.0,2.15667,647.0,2.155,,0.163779,
501070.SH,20260820,1000.0,1.194,1194.0,1.215,,0.353269,
501047.SH,20260820,0.0,,0.0,1.085,,0.0,
501065.SH,20260820,0.0,,0.0,1.244,,0.0,
501064.SH,20260820,0.0,,0.0,3.476,,0.0,
501062.SH,20260820,40500.0,2.08501,84443.0,2.081,,1.95105,
501061.SH,20260820,0.0,,0.0,2.294,,0.0,
501060.SH,20260820,100.0,2.39,239.0,2.356,,0.0925497,
501059.SH,20260820,0.0,,0.0,2.279,,0.0,
501058.SH,20260820,0.0,,0.0,2.123,,0.0,
501057.SH,20260820,0.0,,0.0,2.165,,0.0,
501053.SH,20260820,0.0,,0.0,1.072,,0.0,
501051.SH,20260820,0.0,,0.0,2.139,,0.0,
501050.SH,20260820,0.0,,0.0,1.715,,0.0,
501048.SH,20260820,2050.0,1.0922,2239.0,1.076,,12.9328,
688681.SH,20260820,1878.0,16.4499,30893.0,16.42,0.00179421,0.128526,10467.0
688679.SH,20260820,42972.0,38.51,1654852.0,38.0,0.0326313,0.585473,13169.0
508001.SH,20260820,15500.0,4.698,72819.0,4.718,,2.42224,
688459.SH,20260820,14981.0,7.84,117451.0,7.86,0.00312104,0.934329,48000.0
688456.SH,20260820,59491.0,84.29,5014496.0,82.19,0.0573905,0.61478,10366.0
688455.SH,20260820,2624.0,14.7001,38573.0,14.69,0.00156162,0.166008,16803.1
688450.SH,20260820,17141.0,33.77,578852.0,32.91,0.0350312,0.860319,4893.07
688449.SH,20260820,29780.0,68.7,2045886.0,67.36,0.0101567,0.17892,29320.4
688448.SH,20260820,45816.0,66.0,3023856.0,62.75,0.0469816,1.40798,9751.89
688443.SH,20260820,76233.0,26.96,2055242.0,25.88,0.0531648,1.76345,14339.0
688439.SH,20260820,2961.0,38.46,113880.0,38.22,0.0014805,0.158529,20000.0
688435.SH,20260820,15072.0,30.28,456380.0,30.19,0.0268912,0.809895,5604.81
688433.SH,20260820,32253.0,88.0,2838264.0,86.04,0.00776101,0.500527,41557.8
688432.SH,20260820,956471.0,49.1,46962726.0,48.03,0.0764992,1.23266,125030.0
688429.SH,20260820,13400.0,10.31,138154.0,10.31,0.00334999,0.904586,40000.1
688428.SH,20260820,59786.0,31.5,1883259.0,30.58,0.0219139,0.446258,27282.3
688426.SH,20260820,21799.0,20.5,446880.0,19.06,0.0194239,1.47456,11222.8
688425.SH,20260820,202616.0,4.08,826673.0,4.08,0.00379893,1.56381,533350.0
688420.SH,20260820,200.0,21.75,4350.0,21.79,0.000226168,0.0398235,8843.0
688419.SH,20260820,11579.0,48.0,555792.0,47.55,0.0101081,0.206219,11455.2
688418.SH,20260820,7371.0,33.0,243243.0,32.96,0.003828,0.144976,19255.5
688416.SH,20260820,30361.0,74.0,2246714.0,72.8,0.0281431,0.502816,10788.1
688411.SH,20260820,4527.0,204.8,927130.0,203.3,0.00341469,0.211532,13257.4
688410.SH,20260820,29979.0,10.88,326172.0,10.84,0.0067001,0.235853,44744.1
688409.SH,20260820,19496.0,213.93,4170779.0,211.0,0.00636686,0.230863,30621.1
688408.SH,20260820,9822.0,25.45,249970.0,24.95,0.00448358,0.314955,21906.6
688403.SH,20260820,168060.0,23.45,3941007.0,22.94,0.0169228,0.273998,99309.8
688401.SH,20260820,46688.0,71.0,3314848.0,68.75,0.0241469,0.729509,19335.0
688400.SH,20260820,29457.0,46.6,1372696.0,46.0,0.00643875,0.235255,45749.6
688399.SH,20260820,12216.0,28.93,353409.0,28.47,0.00984128,0.605915,12413.0
688398.SH,20260820,4000.0,20.7,82800.0,20.56,0.00238359,0.224314,16781.4
688458.SH,20260820,11279.0,32.45,366004.0,31.93,0.0120333,0.646858,9373.16
688466.SH,20260820,1500.0,13.62,20430.0,13.55,0.00122796,0.16426,12215.4
688395.SH,20260820,7648.0,22.0099,168332.0,22.09,0.00883164,0.463981,8659.77
688468.SH,20260820,20100.0,6.29,126429.0,6.2,0.00501112,0.708187,40110.8
688513.SH,20260820,20348.0,47.13,959001.0,45.14,0.0115265,0.697446,17653.2
688512.SH,20260820,28302.0,14.3,404719.0,14.07,0.00871984,0.182186,32457.0
688511.SH,20260820,1300.0,21.58,28054.0,21.45,0.000972487,0.0785817,13367.8
688510.SH,20260820,12388.0,23.01,285048.0,23.08,0.00476603,0.198392,25992.3
688509.SH,20260820,39173.0,4.12001,161393.0,4.11,0.0101688,0.767708,38522.9
688508.SH,20260820,44701.0,83.43,3729404.0,82.13,0.0337569,0.500685,13242.0
688507.SH,20260820,21545.0,159.5,3436428.0,157.71,0.0437589,0.287321,4923.57
688506.SH,20260820,10790.0,299.98,3236784.0,289.78,0.00261339,0.592378,41287.4
688505.SH,20260820,373989.0,8.88,3321022.0,8.51,0.0526321,1.50571,71057.2
688503.SH,20260820,185025.0,96.18,17795705.0,94.29,0.076446,0.702425,24203.4
688502.SH,20260820,18017.0,455.7,8210347.0,459.99,0.0341226,0.715991,5280.07
688501.SH,20260820,0.0,,0.0,12.88,0.0,0.0,17391.6
688500.SH,20260820,12044.0,37.24,448519.0,37.16,0.0160764,0.7213,7491.74
688499.SH,20260820,11121.0,34.53,384008.0,34.07,0.00659106,0.247385,16872.9
688498.SH,20260820,37662.0,1524.17,57403291.0,1518.1,0.0306464,0.893724,12289.2
688496.SH,20260820,131104.0,0.950002,124549.0,0.97,0.0550983,0.769549,23794.6
688489.SH,20260820,500.0,22.91,11455.0,22.9,0.000297128,0.0462644,16827.7
688488.SH,20260820,231397.0,18.51,4283158.0,17.85,0.054992,1.9511,42078.3
688486.SH,20260820,3300.0,43.69,144177.0,43.37,0.00176601,0.0617688,18686.2
688485.SH,20260820,42507.0,86.48,3676005.0,86.0,0.0282829,0.286876,15029.2
688484.SH,20260820,27517.0,35.63,980431.0,35.05,0.0064051,0.254479,42961.1
688480.SH,20260820,600.0,76.5,45900.0,76.09,0.000629418,0.0581324,9532.62
688479.SH,20260820,0.0,,0.0,33.2,0.0,0.0,8652.44
688478.SH,20260820,26436.0,51.25,1354845.0,49.74,0.0191058,0.330107,13836.6
688475.SH,20260820,4846.0,29.2,141503.0,29.2,0.000615365,0.111286,78750.0
688472.SH,20260820,95001.0,10.26,974710.0,10.19,0.00260767,0.299659,364314.0
688469.SH,20260820,711923.0,9.17,6528334.0,9.02,0.0121286,0.449329,586980.0
688396.SH,20260820,112184.0,62.29,6987941.0,61.59,0.00844625,0.480398,132821.0
688393.SH,20260820,13053.0,19.78,258188.0,19.52,0.0139503,0.675516,9356.77
688678.SH,20260820,42800.0,18.78,803784.0,18.57,0.0106175,0.247718,40310.6
688359.SH,20260820,11225.0,99.0,1111275.0,96.4,0.011261,0.240794,9968.01
688357.SH,20260820,0.0,,0.0,26.54,0.0,0.0,10006.0
688356.SH,20260820,122808.0,89.45,10985176.0,74.54,0.202484,6.63087,6065.07
688355.SH,20260820,2400.0,17.49,41976.0,17.33,0.00193617,0.216196,12395.6
688353.SH,20260820,68904.0,94.88,6537612.0,99.89,0.0432,0.86928,15950.0
688352.SH,20260820,113783.0,18.59,2115226.0,18.14,0.031053,0.361936,36641.6
688351.SH,20260820,2199.0,19.7299,43386.0,19.45,0.000467276,0.0657925,47060.0
688350.SH,20260820,4477.0,29.21,130773.0,28.92,0.00312542,0.260278,14324.5
688349.SH,20260820,7500.0,14.25,106875.0,14.08,0.00047887,0.12391,156619.0
688348.SH,20260820,1100.0,31.62,34782.0,31.31,0.000703876,0.0904528,15627.7
688347.SH,20260820,71495.0,238.38,17042978.0,233.0,0.017534,0.247407,40775.0
688345.SH,20260820,8319.0,54.14,450391.0,54.29,0.00820526,0.307539,10138.6
688343.SH,20260820,26005.0,56.33,1464862.0,56.26,0.00723158,0.276536,35960.3
688339.SH,20260820,8891.0,16.69,148391.0,16.53,0.00454116,0.314468,19578.7
688338.SH,20260820,10540.0,30.19,318203.0,29.85,0.00993006,0.574657,10614.2
688337.SH,20260820,8492.0,44.78,380272.0,43.79,0.00456763,0.173798,18591.7
688336.SH,20260820,220603.0,48.58,10716894.0,46.98,0.0246147,1.78971,89622.5
688335.SH,20260820,12670.0,19.58,248079.0,19.59,0.00855881,0.501189,14803.5
688334.SH,20260820,8000.0,17.94,143520.0,17.79,0.0025627,0.55087,31217.1
688333.SH,20260820,148367.0,99.88,14818896.0,97.92,0.0540849,1.27103,27432.2
688332.SH,20260820,19218.0,90.0,1729620.0,88.31,0.0107673,0.338649,17848.5
688331.SH,20260820,176061.0,133.33,23474213.0,128.31,0.0494698,2.28662,35589.6
688330.SH,20260820,1300.0,32.41,42133.0,32.26,0.000928571,0.115441,14000.0
688329.SH,20260820,1900.0,19.87,37753.0,19.78,0.00246114,0.159458,7720.0
688328.SH,20260820,26035.0,77.4,2015109.0,74.37,0.027563,0.331711,9445.63
688327.SH,20260820,62213.0,10.3,640794.0,10.18,0.00745184,0.318535,83486.8
688326.SH,20260820,7219.0,63.53,458623.0,62.29,0.00646727,0.580818,11162.4
688325.SH,20260820,2000.0,106.97,213940.0,109.0,0.00243364,0.156259,8218.14
688358.SH,20260820,7635.0,28.7001,219125.0,28.45,0.00681845,0.718863,11197.6
688360.SH,20260820,8578.0,15.1599,130042.0,15.13,0.00325238,0.162811,26374.6
688392.SH,20260820,33522.0,193.52,6487177.0,190.79,0.0289649,0.410001,11573.3
688361.SH,20260820,39095.0,348.84,13637900.0,342.0,0.0111049,0.330517,35205.2
688391.SH,20260820,400.0,25.02,10008.0,24.9,0.000346039,0.0295666,11559.4
688390.SH,20260820,10647.0,65.94,702063.0,65.3,0.00437926,0.135587,24312.3
688389.SH,20260820,14168.0,11.04,156415.0,10.97,0.00330653,0.657612,42848.6
688388.SH,20260820,121535.0,28.89,3511146.0,28.53,0.018417,0.381607,65990.7
688387.SH,20260820,365712.0,13.5,4937112.0,13.49,0.0181335,0.566985,201678.0
688386.SH,20260820,11883.0,51.1,607221.0,51.0,0.0130582,0.51941,9100.0
688385.SH,20260820,78435.0,55.0,4313925.0,53.98,0.0145414,0.496148,53938.9
688383.SH,20260820,5132.0,125.0,641500.0,121.19,0.00504887,0.240663,10164.7
688382.SH,20260820,179872.0,21.0,3777312.0,20.37,0.0310342,0.88971,57959.2
688381.SH,20260820,35799.0,33.0,1181367.0,32.26,0.0144642,0.370718,24750.0
688380.SH,20260820,97425.0,44.2,4306185.0,43.08,0.024334,0.546634,40036.5
688379.SH,20260820,28283.0,53.11,1502110.0,51.65,0.0313957,0.578283,9008.55
688378.SH,20260820,36482.0,46.5,1696413.0,45.6,0.0151402,0.339101,24096.1
688377.SH,20260820,3000.0,20.36,61080.0,19.98,0.0012844,0.153892,23357.1
688376.SH,20260820,13305.0,68.3,908732.0,66.51,0.0098372,0.694051,13525.2
688375.SH,20260820,51031.0,80.0,4082480.0,82.74,0.00856203,1.1877,59601.5
688373.SH,20260820,80729.0,5.35,431900.0,5.19,0.012302,0.538459,65622.8
688372.SH,20260820,11074.0,125.0,1384250.0,125.2,0.0065528,0.152138,16899.7
688371.SH,20260820,36828.0,28.0,1031184.0,27.85,0.010978,0.443647,33547.2
688370.SH,20260820,0.0,,0.0,22.71,0.0,0.0,13710.8
688369.SH,20260820,3269.0,20.0401,65511.0,19.86,0.00283723,0.0660797,11521.8
688368.SH,20260820,6230.0,126.25,786538.0,124.65,0.00503609,0.167579,12370.7
688367.SH,20260820,1700.0,29.9,50830.0,29.65,0.00194009,0.138667,8762.46
688366.SH,20260820,0.0,,0.0,31.12,0.0,0.0,19405.2
688365.SH,20260820,32026.0,14.79,473665.0,14.51,0.00751271,0.262109,42629.1
688363.SH,20260820,34988.0,36.14,1264466.0,35.68,0.00726377,1.05406,48167.8
688362.SH,20260820,118055.0,65.88,7777463.0,64.5,0.0260478,0.35849,45322.4
688515.SH,20260820,11985.0,148.0,1773780.0,145.15,0.0240569,0.322342,4981.94
688516.SH,20260820,14767.0,41.54,613421.0,40.86,0.0046915,0.204509,31476.0
688517.SH,20260820,14100.0,15.83,223203.0,15.61,0.0103211,0.26479,13661.3
688629.SH,20260820,81971.0,140.0,11475940.0,136.8,0.0177814,0.463621,46099.3
688627.SH,20260820,27602.0,491.0,13552582.0,491.99,0.0293239,0.433456,9412.82
688626.SH,20260820,20079.0,44.18,887090.0,43.18,0.0125494,0.909909,16000.0
688625.SH,20260820,35723.0,59.11,2111587.0,57.27,0.0137572,0.588945,25966.7
688623.SH,20260820,500.0,58.89,29445.0,58.99,0.00140767,0.0458573,3551.96
688622.SH,20260820,0.0,,0.0,104.01,0.0,0.0,7046.55
688621.SH,20260820,25680.0,67.26,1727237.0,65.4,0.0229286,0.829038,11200.0
688620.SH,20260820,33025.0,15.28,504622.0,15.02,0.00842474,0.263196,39200.0
688619.SH,20260820,15200.0,14.14,214928.0,13.88,0.00819681,0.510152,18543.8
688618.SH,20260820,10803.0,29.52,318905.0,29.29,0.00981664,0.320218,11004.8
688617.SH,20260820,53953.0,251.31,13558928.0,228.49,0.0381215,3.49895,14152.9
688616.SH,20260820,4200.0,10.7,44940.0,10.65,0.00234142,0.241862,17937.8
688615.SH,20260820,179663.0,107.85,19376655.0,111.45,0.132751,2.52863,13533.8
688613.SH,20260820,8051.0,15.08,121409.0,14.96,0.00587627,0.28705,13700.9
688612.SH,20260820,14445.0,33.39,482319.0,33.6,0.00562721,0.19727,25669.9
688611.SH,20260820,0.0,,0.0,61.8,0.0,0.0,15339.0
688610.SH,20260820,21533.0,164.77,3547992.0,161.45,0.052606,0.954547,4093.26
688609.SH,20260820,26358.0,8.96001,236168.0,8.89,0.0052716,0.104406,50000.0
688608.SH,20260820,26450.0,104.32,2759264.0,105.11,0.0111657,0.651842,23688.6
688607.SH,20260820,6812.0,42.11,286853.0,41.51,0.00858702,0.330611,7932.9
688606.SH,20260820,0.0,,0.0,47.29,0.0,0.0,7565.44
688605.SH,20260820,10245.0,75.52,773702.0,74.52,0.00945532,0.216621,10835.2
688603.SH,20260820,24311.0,106.86,2597873.0,104.75,0.0194918,0.379406,12472.5
688602.SH,20260820,7210.0,6.79001,48956.0,6.71,0.00138821,0.122322,51937.5
688601.SH,20260820,12725.0,46.61,593112.0,45.71,0.0095181,0.286738,13369.3
688600.SH,20260820,5200.0,26.6,138320.0,26.69,0.00386019,0.159045,13470.8
688599.SH,20260820,62565.0,12.75,797704.0,12.77,0.00267079,0.208887,234257.0
688598.SH,20260820,165088.0,34.45,5687282.0,33.45,0.0810942,0.601977,20357.6
688628.SH,20260820,25133.0,74.16,1863863.0,73.4,0.0224868,0.519662,11176.8
688630.SH,20260820,36514.0,445.0,16248730.0,434.0,0.0277166,0.691932,13174.1
688518.SH,20260820,107238.0,19.55,2096503.0,19.26,0.0314181,0.994717,34132.5
688631.SH,20260820,2600.0,39.06,101556.0,39.03,0.00159051,0.232899,16347.0
688677.SH,20260820,80188.0,87.1,6984375.0,86.23,0.0668919,0.538827,11987.7
688676.SH,20260820,52699.0,68.88,3629907.0,67.88,0.0114616,0.319801,45978.6
688671.SH,20260820,12419.0,23.65,293709.0,23.6,0.0230956,0.951295,5377.21
688670.SH,20260820,17338.0,16.2,280876.0,15.32,0.0140731,1.36769,12320.0
688669.SH,20260820,12384.0,74.74,925580.0,73.01,0.0102066,0.23108,12133.3
688668.SH,20260820,19978.0,247.0,4934566.0,242.58,0.0143447,0.317857,13927.1
688667.SH,20260820,800.0,90.77,72616.0,90.66,0.00151816,0.111912,5269.55
688665.SH,20260820,600.0,44.02,26412.0,43.9,0.00059293,0.0996597,10119.2
688663.SH,20260820,6436.0,56.0,360416.0,55.72,0.0032629,0.106321,19724.8
688662.SH,20260820,80444.0,94.0,7561736.0,92.24,0.0701308,0.506235,11470.6
688661.SH,20260820,12925.0,98.0,1266650.0,96.52,0.00850957,0.310114,15188.8
688660.SH,20260820,29100.0,8.2,238620.0,8.03,0.0021825,0.16623,133333.0
688659.SH,20260820,16746.0,10.43,174661.0,10.52,0.0104662,0.472881,16000.0
688658.SH,20260820,1540683.0,15.49,23865180.0,12.91,0.342374,10.7847,45000.0
688657.SH,20260820,5971.0,33.48,199909.0,32.93,0.0100026,0.287277,5969.45
688656.SH,20260820,6899.0,94.05,648851.0,92.05,0.0108614,0.983398,6351.86
688655.SH,20260820,68107.0,42.0,2860494.0,41.78,0.0510585,0.620229,13339.0
688653.SH,20260820,175620.0,13.87,2435849.0,13.25,0.0555037,1.46572,31641.2
688652.SH,20260820,9198.0,144.82,1332054.0,142.31,0.00761739,0.159311,12075.0
688651.SH,20260820,5084.0,22.7101,115458.0,22.69,0.0108129,0.350961,4701.81
688648.SH,20260820,2600.0,30.98,80548.0,30.75,0.00373945,0.0646572,6952.89
688646.SH,20260820,600.0,72.01,43206.0,72.0,0.000987944,0.0170643,6073.22
688639.SH,20260820,50788.0,16.69,847652.0,16.59,0.0203058,0.81916,25011.6
688638.SH,20260820,1000.0,32.84,32840.0,32.38,0.00377914,0.184432,2646.1
688636.SH,20260820,49350.0,19.78,976143.0,19.28,0.0283773,0.771172,17390.6
688635.SH,20260820,10769.0,323.0,3478387.0,315.27,0.0606482,0.234042,1775.65
688633.SH,20260820,7721.0,23.96,184995.0,23.88,0.00453109,0.29813,17040.1
688597.SH,20260820,14847.0,6.74998,100217.0,6.71,0.00441796,0.118439,33606.0
688596.SH,20260820,73532.0,65.71,4831788.0,65.18,0.0231473,0.290245,31767.0
688595.SH,20260820,13397.0,27.86,373240.0,27.31,0.00929743,0.280071,14409.4
688593.SH,20260820,106697.0,32.51,3468719.0,32.17,0.0232188,0.566606,45952.9
688558.SH,20260820,2900.0,31.83,92307.0,31.6,0.00219697,0.192226,13200.0
688557.SH,20260820,7100.0,21.18,150378.0,21.05,0.00478687,0.219472,14832.3
688556.SH,20260820,31690.0,8.29,262710.0,8.16,0.00381452,0.16992,83077.4
688553.SH,20260820,276412.0,12.5,3455150.0,11.89,0.0544749,2.16504,50741.2
688552.SH,20260820,4466.0,25.6001,114330.0,25.58,0.00132425,0.135143,33724.8
688551.SH,20260820,16495.0,38.87,641161.0,38.21,0.0151338,0.396879,10899.5
688550.SH,20260820,68137.0,41.04,2796342.0,39.45,0.0386992,1.04033,17606.8
688549.SH,20260820,543714.0,27.43,14914075.0,27.19,0.0922614,0.475244,58931.9
688548.SH,20260820,65223.0,38.01,2479126.0,37.88,0.00494339,0.186707,131940.0
688545.SH,20260820,75276.0,86.0,6473736.0,85.26,0.0413037,0.450548,18225.0
688543.SH,20260820,7386.0,38.0301,280890.0,37.8,0.0029472,0.120018,25061.0
688539.SH,20260820,58987.0,26.91,1587340.0,26.5,0.0317271,1.47285,18592.0
688538.SH,20260820,133911.0,2.31,309334.0,2.31,0.00232798,0.228178,575224.0
688536.SH,20260820,169785.0,286.0,48558510.0,268.8,0.125165,4.61581,13564.9
688535.SH,20260820,38347.0,102.94,3947440.0,100.15,0.0287171,0.487051,13353.4
688533.SH,20260820,3412.0,20.67,70526.0,20.47,0.00206804,0.418223,16498.7
688531.SH,20260820,23662.0,134.33,3178516.0,133.0,0.0206153,0.377458,11477.9
688530.SH,20260820,101787.0,66.0,6717942.0,64.42,0.145871,0.794114,6977.88
688529.SH,20260820,600.0,15.41,9246.0,15.32,0.000356769,0.0440475,16817.6
688528.SH,20260820,8943.0,9.53002,85227.0,9.47,0.00532321,0.526447,16800.0
688526.SH,20260820,22432.0,13.33,299019.0,13.18,0.00481241,1.28569,46612.8
688525.SH,20260820,199079.0,235.5,46883105.0,231.7,0.0422165,0.6443,47156.7
688523.SH,20260820,81185.0,44.11,3581070.0,43.89,0.0199531,1.45692,40688.0
688522.SH,20260820,6180.0,18.5799,114824.0,18.39,0.00358917,0.129354,17218.4
688521.SH,20260820,94942.0,188.17,17865236.0,185.29,0.0180527,0.429893,52591.5
688520.SH,20260820,41879.0,39.0,1633281.0,37.38,0.00940392,1.19345,44533.6
688519.SH,20260820,39509.0,286.33,11312612.0,278.5,0.0167994,0.515815,23518.0
688559.SH,20260820,60181.0,54.1,3255792.0,53.05,0.0242901,0.432378,24775.9
688560.SH,20260820,6884.0,11.8,81231.0,11.73,0.00341974,0.226117,20130.2
688561.SH,20260820,8514.0,25.35,215830.0,25.33,0.00124792,0.116718,68225.3
688579.SH,20260820,400.0,7.83,3132.0,7.76,9.99975e-05,0.0112833,40001.0
688592.SH,20260820,9600.0,24.05,230880.0,24.03,0.0173487,0.760138,5533.55
688591.SH,20260820,5600.0,27.3,152880.0,27.09,0.00330856,0.106047,16925.8
688590.SH,20260820,3500.0,12.5,43750.0,12.44,0.00124326,0.0540201,28151.7
688589.SH,20260820,8443.0,18.25,154085.0,18.0,0.0058096,0.189747,14532.9
688588.SH,20260820,6255.0,9.34005,58422.0,9.28,0.0016038,0.201966,39001.0
688586.SH,20260820,6733.0,10.16,68407.0,10.19,0.000850836,0.130602,79133.9
688585.SH,20260820,66019.0,149.69,9882384.0,152.5,0.0163672,0.864886,40336.2
688584.SH,20260820,71290.0,30.26,2157235.0,29.85,0.0207661,0.408287,34330.0
688583.SH,20260820,11800.0,82.49,973382.0,81.11,0.0273624,0.289144,4312.48
688582.SH,20260820,16243.0,41.51,674247.0,41.15,0.00404317,0.218906,40173.9
688581.SH,20260820,2436.0,52.9101,128889.0,52.1,0.00591574,0.298161,4117.83
688580.SH,20260820,5039.0,48.51,244442.0,47.91,0.00526149,0.370989,9577.13
688578.SH,20260820,138832.0,119.5,16590424.0,116.48,0.0308516,1.45813,45000.0
688562.SH,20260820,12426.0,13.7,170236.0,13.69,0.0031065,0.366527,40000.0
688577.SH,20260820,2138.0,41.6202,88984.0,41.0,0.00137235,0.160741,15579.2
688576.SH,20260820,600.0,41.5,24900.0,41.0,0.00185652,0.163904,3231.85
688575.SH,20260820,35463.0,9.50001,336899.0,9.39,0.00620646,0.196319,57138.8
688573.SH,20260820,19989.0,15.7,313827.0,15.65,0.0375619,1.22424,5321.62
688571.SH,20260820,14043.0,8.79997,123578.0,8.64,0.0033107,0.162702,42417.1
688570.SH,20260820,27907.0,14.9,415814.0,15.17,0.0148284,2.24633,18820.0
688569.SH,20260820,184750.0,19.3,3565675.0,19.7,0.0876978,7.65064,21066.7
688568.SH,20260820,65582.0,34.0,2229788.0,34.0,0.00811579,0.655468,80807.9
688567.SH,20260820,13308.0,9.53998,126958.0,9.53,0.00108894,0.141206,122210.0
688566.SH,20260820,47562.0,26.99,1283698.0,26.39,0.0236507,1.54201,20110.2
688565.SH,20260820,2957.0,10.8001,31936.0,10.74,0.00197489,0.19552,14973.0
688563.SH,20260820,11561.0,49.68,574350.0,49.8,0.00852942,0.79178,13554.3
508000.SH,20260820,500.0,1.84,920.0,1.838,,0.0128101,
508002.SH,20260820,76200.0,2.62801,200254.0,2.64,,2.46118,
518660.SH,20260820,286000.0,9.257,2647502.0,9.001,,0.842651,
515360.SH,20260820,1200.0,6.745,8094.0,6.741,,0.445898,
515330.SH,20260820,7100.0,1.34507,9550.0,1.34,,0.0591365,
515320.SH,20260820,54000.0,1.523,82242.0,1.515,,0.448116,
515310.SH,20260820,16200.0,1.385,22437.0,1.385,,0.071902,
515300.SH,20260820,816800.0,1.291,1054489.0,1.299,,0.913314,
515290.SH,20260820,600500.0,1.454,873127.0,1.466,,1.01469,
515260.SH,20260820,160200.0,0.850999,136330.0,0.838,,0.205561,
515250.SH,20260820,15500.0,0.92,14260.0,0.919,,0.0744048,
515230.SH,20260820,1174000.0,0.691,811234.0,0.687,,0.268759,
515220.SH,20260820,8026100.0,1.254,10064729.0,1.273,,1.38308,
515210.SH,20260820,108000.0,1.152,124416.0,1.151,,0.17792,
515200.SH,20260820,0.0,,0.0,2.519,,0.0,
515190.SH,20260820,0.0,,0.0,1.638,,0.0,
515180.SH,20260820,1547800.0,1.42,2197876.0,1.427,,0.685149,
515170.SH,20260820,875300.0,0.466,407890.0,0.465,,0.443625,
515160.SH,20260820,0.0,,0.0,1.615,,0.0,
515150.SH,20260820,0.0,,0.0,1.541,,0.0,
515130.SH,20260820,0.0,,0.0,1.542,,0.0,
515120.SH,20260820,44758000.0,0.695,31106810.0,0.671,,3.9341,
515110.SH,20260820,300.0,1.62667,488.0,1.628,,0.00476564,
515100.SH,20260820,308000.0,1.402,431816.0,1.408,,0.417154,
515090.SH,20260820,0.0,,0.0,1.395,,0.0,
515080.SH,20260820,1529100.0,1.568,2397629.0,1.574,,0.680712,
515070.SH,20260820,486000.0,1.112,540432.0,1.101,,0.30744,
515060.SH,20260820,87500.0,0.578,50575.0,0.583,,0.12619,
515050.SH,20260820,4972300.0,1.025,5096608.0,1.012,,0.443882,
515040.SH,20260820,26200.0,1.06901,28008.0,1.047,,0.363352,
515030.SH,20260820,118900.0,1.635,194402.0,1.631,,0.129738,
515350.SH,20260820,0.0,,0.0,6.231,,0.0,
515370.SH,20260820,0.0,,0.0,0.809,,0.0,
515010.SH,20260820,87000.0,1.222,106314.0,1.221,,0.179684,
515380.SH,20260820,1500.0,5.43933,8159.0,5.405,,0.0672887,
515840.SH,20260820,0.0,,0.0,1.035,,0.0,
515810.SH,20260820,0.0,,0.0,1.704,,0.0,
515800.SH,20260820,91400.0,1.283,117266.0,1.281,,0.137242,
515790.SH,20260820,641700.0,0.85,545445.0,0.845,,0.254548,
515770.SH,20260820,0.0,,0.0,1.407,,0.0,
515760.SH,20260820,0.0,,0.0,1.349,,0.0,
515750.SH,20260820,33600.0,2.04399,68678.0,2.028,,0.593577,
515730.SH,20260820,0.0,,0.0,0.834,,0.0,
515720.SH,20260820,27000.0,0.683,18441.0,0.671,,0.190934,
515710.SH,20260820,120700.0,0.498998,60229.0,0.498,,0.281522,
515700.SH,20260820,0.0,,0.0,2.176,,0.0,
515680.SH,20260820,0.0,,0.0,1.666,,0.0,
515660.SH,20260820,0.0,,0.0,5.806,,0.0,
515650.SH,20260820,273200.0,1.059,289319.0,1.061,,0.41394,
515640.SH,20260820,300.0,0.946667,284.0,0.947,,0.137931,
515630.SH,20260820,24500.0,1.23502,30258.0,1.235,,0.0477485,
515600.SH,20260820,0.0,,0.0,1.656,,0.0,
515590.SH,20260820,0.0,,0.0,1.904,,0.0,
515580.SH,20260820,100.0,1.4,140.0,1.388,,0.00206534,
515560.SH,20260820,1000.0,0.975,975.0,0.976,,0.00759374,
515550.SH,20260820,0.0,,0.0,1.778,,0.0,
515530.SH,20260820,0.0,,0.0,4.296,,0.0,
515480.SH,20260820,0.0,,0.0,1.059,,0.0,
515460.SH,20260820,0.0,,0.0,0.91,,0.0,
515450.SH,20260820,996800.0,1.4,1395520.0,1.405,,0.68145,
515400.SH,20260820,381200.0,0.856999,326688.0,0.853,,0.216524,
515390.SH,20260820,4000.0,1.359,5436.0,1.353,,0.00373763,
515020.SH,20260820,649800.0,1.73,1124154.0,1.75,,0.862024,
515000.SH,20260820,286900.0,1.278,366658.0,1.271,,0.206528,
513110.SH,20260820,558900.0,2.48,1386072.0,2.459,,0.665859,
513580.SH,20260820,1404900.0,0.596,837320.0,0.587,,1.31077,
513550.SH,20260820,86000.0,1.138,97868.0,1.13,,0.229292,
513530.SH,20260820,851500.0,1.6,1362400.0,1.597,,0.558598,
513520.SH,20260820,2772900.0,2.28,6322212.0,2.258,,1.82813,
513500.SH,20260820,1684700.0,2.665,4489726.0,2.642,,0.811681,
513400.SH,20260820,1604000.0,1.333,2138132.0,1.329,,0.88069,
513390.SH,20260820,196157.0,2.423,475288.0,2.406,,0.362339,
513380.SH,20260820,7708200.0,0.545,4200969.0,0.536,,2.49515,
513360.SH,20260820,621700.0,0.467,290334.0,0.466,,0.387197,
513350.SH,20260820,3833300.0,1.321,5063789.0,1.322,,0.502281,
513330.SH,20260820,79490500.0,0.388,30842314.0,0.382,,2.19436,
513320.SH,20260820,26800.0,1.11799,29962.0,1.1,,0.213726,
513300.SH,20260820,1433000.0,2.69,3854770.0,2.669,,1.06505,
513290.SH,20260820,3443100.0,1.85,6369735.0,1.71,,4.76586,
513280.SH,20260820,355300.0,1.162,412859.0,1.119,,0.444057,
513260.SH,20260820,4050800.0,1.152,4666522.0,1.133,,1.99351,
513240.SH,20260820,388400.0,1.018,395391.0,1.002,,0.367744,
513230.SH,20260820,6600.0,0.878939,5801.0,0.875,,0.0342044,
513220.SH,20260820,93100.0,0.975005,90773.0,0.964,,0.305719,
513210.SH,20260820,84300.0,1.521,128220.0,1.511,,1.83337,
513200.SH,20260820,983400.0,1.105,1086657.0,1.067,,0.556207,
513190.SH,20260820,289100.0,1.768,511129.0,1.768,,0.151404,
513180.SH,20260820,86949100.0,0.599,52082511.0,0.59,,2.46037,
513170.SH,20260820,3700.0,1.57,5809.0,1.57,,0.209572,
513160.SH,20260820,2291300.0,0.996,2282135.0,0.983,,1.31436,
513150.SH,20260820,59200.0,0.993007,58786.0,0.977,,0.126722,
513140.SH,20260820,279900.0,1.673,468273.0,1.675,,1.43975,
513130.SH,20260820,94345700.0,0.591,55758309.0,0.582,,2.70788,
513560.SH,20260820,459700.0,1.163,534631.0,1.146,,2.41302,
513590.SH,20260820,3400.0,0.780882,2655.0,0.78,,0.11655,
513990.SH,20260820,0.0,,0.0,1.116,,0.0,
513600.SH,20260820,129600.0,2.811,364306.0,2.783,,0.386297,
513980.SH,20260820,7419800.0,0.627,4652215.0,0.617,,1.37355,
513970.SH,20260820,266300.0,0.83,221029.0,0.828,,1.08232,
513950.SH,20260820,4300.0,1.25395,5392.0,1.25,,0.0149841,
513930.SH,20260820,243700.0,1.107,269776.0,1.041,,0.40261,
513920.SH,20260820,482800.0,1.535,741098.0,1.533,,1.1921,
513910.SH,20260820,9900.0,1.54404,15286.0,1.542,,0.0155174,
513900.SH,20260820,3300.0,1.00788,3326.0,1.001,,0.0216093,
513890.SH,20260820,718400.0,0.918,659491.0,0.903,,2.5124,
513880.SH,20260820,958300.0,2.139,2049804.0,2.117,,0.690972,
513870.SH,20260820,456000.0,2.061,939816.0,2.047,,1.08401,
513860.SH,20260820,426800.0,0.624,266323.0,0.615,,0.190183,
513850.SH,20260820,180800.0,1.822,329418.0,1.81,,0.350883,
513830.SH,20260820,800.0,1.2075,966.0,1.206,,0.0753622,
513820.SH,20260820,113800.0,1.248,142022.0,1.248,,0.232565,
513810.SH,20260820,0.0,,0.0,1.724,,0.0,
513800.SH,20260820,295100.0,1.86,548886.0,1.846,,0.722892,
513780.SH,20260820,3816500.0,1.723,6575830.0,1.653,,0.861636,
513770.SH,20260820,19191300.0,0.368,7062398.0,0.364,,1.66456,
513750.SH,20260820,1508200.0,1.477,2227611.0,1.473,,0.32841,
513730.SH,20260820,380200.0,1.167,443693.0,1.157,,1.91958,
513720.SH,20260820,100000.0,0.685,68500.0,0.675,,0.395392,
513700.SH,20260820,4290700.0,0.655,2810409.0,0.634,,1.68586,
513690.SH,20260820,138100.0,1.151,158953.0,1.15,,0.151314,
513660.SH,20260820,93900.0,1.521,142822.0,1.509,,0.147417,
513650.SH,20260820,696700.0,2.003,1395490.0,1.986,,0.440614,
513630.SH,20260820,687000.0,1.584,1088208.0,1.585,,0.423812,
513620.SH,20260820,15000.0,1.149,17235.0,1.097,,0.0468943,
515850.SH,20260820,85200.0,1.331,113401.0,1.323,,0.150337,
515860.SH,20260820,222200.0,2.1,466620.0,2.068,,5.47301,
515880.SH,20260820,50828108.0,0.66,33546551.0,0.652,,0.875853,
517050.SH,20260820,0.0,,0.0,0.676,,0.0,
517010.SH,20260820,0.0,,0.0,1.124,,0.0,
517000.SH,20260820,0.0,,0.0,1.01,,0.0,
516980.SH,20260820,0.0,,0.0,1.044,,0.0,
516970.SH,20260820,44600.0,1.087,48480.0,1.089,,0.122336,
516960.SH,20260820,0.0,,0.0,0.894,,0.0,
516950.SH,20260820,1100.0,1.02364,1126.0,1.024,,0.0162268,
516930.SH,20260820,10000.0,0.521,5210.0,0.512,,1.57724,
516920.SH,20260820,84000.0,1.43,120120.0,1.417,,0.273768,
516910.SH,20260820,3200.0,1.18,3776.0,1.178,,0.0265225,
516900.SH,20260820,800.0,0.495,396.0,0.496,,0.00613104,
516890.SH,20260820,0.0,,0.0,0.793,,0.0,
516880.SH,20260820,43200.0,0.728009,31450.0,0.72,,0.233189,
516860.SH,20260820,218300.0,1.037,226377.0,1.029,,0.519358,
516850.SH,20260820,3300.0,0.935152,3086.0,0.927,,0.0229949,
516840.SH,20260820,200.0,0.745,149.0,0.743,,0.00321833,
516830.SH,20260820,0.0,,0.0,1.031,,0.0,
516820.SH,20260820,4010700.0,0.366,1467916.0,0.361,,2.75526,
516810.SH,20260820,9800.0,0.742959,7281.0,0.745,,0.00869748,
516800.SH,20260820,10300.0,0.972039,10012.0,0.97,,0.109693,
516790.SH,20260820,3500.0,0.517143,1810.0,0.513,,0.0522883,
516780.SH,20260820,183300.0,0.87,159471.0,0.864,,0.171346,
516770.SH,20260820,30800.0,1.13101,34835.0,1.126,,0.0658513,
516760.SH,20260820,0.0,,0.0,0.574,,0.0,
516750.SH,20260820,2500.0,0.58,1450.0,0.581,,0.0172208,
516730.SH,20260820,2000.0,0.97,1940.0,0.967,,0.0703492,
516720.SH,20260820,0.0,,0.0,1.15,,0.0,
516710.SH,20260820,100.0,0.77,77.0,0.764,,0.00217348,
517030.SH,20260820,0.0,,0.0,1.137,,0.0,
517080.SH,20260820,0.0,,0.0,0.997,,0.0,
515890.SH,20260820,0.0,,0.0,1.467,,0.0,
517090.SH,20260820,3900.0,1.5859,6185.0,1.586,,0.151756,
518600.SH,20260820,174800.0,9.617,1681052.0,9.347,,0.589575,
517990.SH,20260820,0.0,,0.0,0.924,,0.0,
517950.SH,20260820,0.0,,0.0,1.171,,0.0,
517900.SH,20260820,441100.0,1.524,672236.0,1.528,,1.9722,
517880.SH,20260820,52400.0,0.75,39300.0,0.753,,0.985763,
517850.SH,20260820,0.0,,0.0,1.301,,0.0,
517800.SH,20260820,6800.0,0.988971,6725.0,0.986,,0.105775,
517770.SH,20260820,13100.0,0.880992,11541.0,0.874,,0.142162,
517660.SH,20260820,0.0,,0.0,1.253,,0.0,
517550.SH,20260820,0.0,,0.0,0.665,,0.0,
517520.SH,20260820,7077200.0,2.17,15357524.0,2.068,,1.49433,
517400.SH,20260820,1276300.0,1.699,2168434.0,1.63,,2.31553,
517390.SH,20260820,14300.0,1.92,27456.0,1.919,,0.242849,
517380.SH,20260820,2955800.0,0.918,2713424.0,0.886,,1.79508,
517360.SH,20260820,0.0,,0.0,0.941,,0.0,
517350.SH,20260820,0.0,,0.0,0.933,,0.0,
517330.SH,20260820,0.0,,0.0,0.971,,0.0,
517300.SH,20260820,0.0,,0.0,0.948,,0.0,
517230.SH,20260820,0.0,,0.0,0.975,,,
517200.SH,20260820,0.0,,0.0,0.596,,0.0,
517180.SH,20260820,19400.0,1.50201,29139.0,1.502,,0.439298,
517170.SH,20260820,0.0,,0.0,1.005,,0.0,
517160.SH,20260820,0.0,,0.0,0.954,,0.0,
517130.SH,20260820,25000.0,0.951,23775.0,0.95,,0.292715,
517120.SH,20260820,886300.0,0.794,703722.0,0.774,,2.57987,
517110.SH,20260820,2071900.0,0.848,1756971.0,0.807,,2.82529,
517100.SH,20260820,0.0,,0.0,1.018,,0.0,
516700.SH,20260820,38000.0,0.9,34200.0,0.891,,0.13653,
516670.SH,20260820,225000.0,0.6,135000.0,0.6,,0.297634,
516660.SH,20260820,0.0,,0.0,0.99,,0.0,
516650.SH,20260820,610700.0,1.865,1138956.0,1.825,,0.50898,
516220.SH,20260820,55500.0,0.911009,50561.0,0.9,,0.508776,
516210.SH,20260820,38700.0,1.39801,54103.0,1.393,,0.376173,
516200.SH,20260820,19600.0,1.01699,19933.0,1.017,,0.155249,
516190.SH,20260820,221900.0,0.974002,216131.0,0.971,,1.38973,
516180.SH,20260820,1500.0,0.704,1056.0,0.699,,0.0134008,
516160.SH,20260820,108400.0,2.516,272734.0,2.514,,0.206401,
516150.SH,20260820,106400.0,1.78,189392.0,1.763,,0.0980221,
516130.SH,20260820,100.0,0.68,68.0,0.681,,0.000661735,
516120.SH,20260820,117000.0,0.884,103428.0,0.879,,0.116539,
516110.SH,20260820,9900.0,1.10202,10910.0,1.102,,0.0488661,
516100.SH,20260820,55200.0,1.005,55476.0,0.999,,0.146708,
516090.SH,20260820,150200.0,0.501997,75400.0,0.499,,0.189775,
516080.SH,20260820,9384500.0,0.74,6944530.0,0.715,,2.35469,
516070.SH,20260820,600.0,0.595,357.0,0.589,,0.0115782,
516060.SH,20260820,583700.0,0.644,375903.0,0.625,,2.93999,
516050.SH,20260820,77400.0,1.378,106657.0,1.374,,0.937346,
516020.SH,20260820,97900.0,0.868999,85075.0,0.863,,0.0939269,
516010.SH,20260820,239200.0,1.073,256662.0,1.065,,0.211776,
516000.SH,20260820,6600.0,0.945,6237.0,0.939,,0.0138794,
515990.SH,20260820,0.0,,0.0,1.508,,0.0,
515980.SH,20260820,662100.0,1.022,676666.0,1.014,,0.232046,
515970.SH,20260820,100.0,0.85,85.0,0.844,,0.000115132,
515960.SH,20260820,43500.0,0.874,38019.0,0.861,,0.734081,
515950.SH,20260820,408100.0,1.001,408508.0,0.981,,3.47208,
515920.SH,20260820,100.0,1.2,120.0,1.194,,0.00573007,
515910.SH,20260820,0.0,,0.0,0.682,,0.0,
515900.SH,20260820,600.0,1.63333,980.0,1.64,,0.0151971,
516230.SH,20260820,16200.0,0.784012,12701.0,0.781,,0.149929,
516250.SH,20260820,0.0,,0.0,0.942,,0.0,
516260.SH,20260820,0.0,,0.0,1.342,,0.0,
516510.SH,20260820,478200.0,1.667,797159.0,1.66,,0.390337,
516640.SH,20260820,643800.0,1.472,947674.0,1.46,,0.489981,
516630.SH,20260820,32700.0,1.63801,53563.0,1.626,,0.0806924,
516620.SH,20260820,30200.0,0.804007,24281.0,0.805,,0.0898791,
516610.SH,20260820,14600.0,0.431027,6293.0,0.425,,0.137195,
516600.SH,20260820,0.0,,0.0,0.615,,0.0,
516590.SH,20260820,200.0,1.11,222.0,1.099,,0.0209601,
516580.SH,20260820,20400.0,0.6,12240.0,0.593,,0.347821,
516570.SH,20260820,85100.0,1.031,87738.0,1.029,,0.27132,
516560.SH,20260820,13400.0,0.76403,10238.0,0.764,,0.37497,
516550.SH,20260820,300.0,0.703333,211.0,0.701,,0.0023196,
516530.SH,20260820,0.0,,0.0,1.013,,0.0,
516520.SH,20260820,5400.0,1.04204,5627.0,1.034,,0.0108461,
516500.SH,20260820,487200.0,0.678001,330322.0,0.658,,3.79347,
516270.SH,20260820,200.0,0.595,119.0,0.597,,0.00138183,
516460.SH,20260820,0.0,,0.0,1.226,,0.0,
516440.SH,20260820,0.0,,0.0,0.943,,0.0,
516390.SH,20260820,300.0,0.87,261.0,0.867,,0.00613685,
516380.SH,20260820,600.0,0.876667,526.0,0.873,,0.117647,
516370.SH,20260820,4000.0,0.906,3624.0,0.907,,0.0247788,
516360.SH,20260820,700.0,1.05571,739.0,1.05,,0.0182738,
516350.SH,20260820,583900.0,1.673,976865.0,1.649,,0.417025,
516330.SH,20260820,0.0,,0.0,1.546,,0.0,
516320.SH,20260820,0.0,,0.0,0.943,,0.0,
516310.SH,20260820,1693100.0,1.34,2268754.0,1.351,,1.20075,
516300.SH,20260820,1600.0,3.17188,5075.0,3.161,,0.0281112,
516290.SH,20260820,7500.0,0.532,3990.0,0.527,,0.0314162,
513120.SH,20260820,124466100.0,1.335,166162244.0,1.276,,1.98986,
513090.SH,20260820,16329700.0,1.818,29687395.0,1.805,,1.1986,
508003.SH,20260820,0.0,,0.0,3.298,,0.0,
510550.SH,20260820,200.0,2.015,403.0,2.007,,0.03641,
510510.SH,20260820,167600.0,2.544,426374.0,2.532,,0.713992,
510500.SH,20260820,2175051.0,7.855,17085026.0,7.804,,0.649264,
510410.SH,20260820,2400.0,1.96,4704.0,1.934,,0.0318643,
510390.SH,20260820,0.0,,0.0,5.262,,0.0,
510380.SH,20260820,200.0,1.395,279.0,1.382,,0.00784135,
510370.SH,20260820,0.0,,0.0,1.031,,0.0,
510360.SH,20260820,67600.0,1.785,120666.0,1.781,,0.142067,
510350.SH,20260820,6000.0,4.928,29568.0,4.901,,0.182615,
510330.SH,20260820,246800.0,4.874,1202903.0,4.848,,0.178975,
510320.SH,20260820,4300.0,1.25302,5388.0,1.25,,0.023956,
510310.SH,20260820,136550.0,4.526,618025.0,4.515,,0.0825561,
510300.SH,20260820,5793279.0,4.67,27054613.0,4.654,,0.625954,
510290.SH,20260820,200.0,2.68,536.0,2.633,,0.0136053,
510270.SH,20260820,0.0,,0.0,1.526,,0.0,
510230.SH,20260820,1119200.0,1.293,1447126.0,1.299,,2.04726,
510210.SH,20260820,12304900.0,0.999,12292595.0,0.997,,1.23785,
510200.SH,20260820,0.0,,0.0,1.161,,0.0,
510190.SH,20260820,0.0,,0.0,4.276,,0.0,
510180.SH,20260820,19800.0,3.965,78507.0,3.952,,0.112524,
510170.SH,20260820,150400.0,1.392,209357.0,1.38,,1.92228,
510160.SH,20260820,0.0,,0.0,0.893,,0.0,
510150.SH,20260820,141800.0,0.508999,72176.0,0.506,,0.221544,
510140.SH,20260820,6100.0,1.01607,6198.0,1.014,,0.0705898,
510130.SH,20260820,0.0,,0.0,7.327,,0.0,
510100.SH,20260820,72100.0,2.96,213416.0,2.946,,0.0726986,
510090.SH,20260820,0.0,,0.0,2.51,,0.0,
510060.SH,20260820,0.0,,0.0,2.618,,0.0,
510530.SH,20260820,200.0,8.92,1784.0,8.747,,0.0174496,
510560.SH,20260820,200.0,2.005,401.0,1.964,,0.0529129,
510040.SH,20260820,0.0,,0.0,1.162,,0.0,
510570.SH,20260820,200.0,1.255,251.0,1.228,,0.00622181,
511090.SH,20260820,58000.0,119.014,6902812.0,119.223,,0.154568,
511070.SH,20260820,100.0,102.89,10289.0,102.893,,0.00027031,
511060.SH,20260820,0.0,,0.0,108.727,,0.0,
511030.SH,20260820,400.0,108.302,43321.0,108.303,,0.001251,
511020.SH,20260820,1800.0,118.2,212760.0,118.257,,0.0084695,
511010.SH,20260820,1800.0,141.266,254279.0,141.269,,0.01169,
510990.SH,20260820,0.0,,0.0,1.047,,0.0,
510980.SH,20260820,302100.0,1.388,419315.0,1.385,,0.356774,
510950.SH,20260820,0.0,,0.0,0.988,,0.0,
510910.SH,20260820,497800.0,0.98,487844.0,0.977,,1.22109,
510900.SH,20260820,728100.0,1.054,767417.0,1.047,,0.731145,
510880.SH,20260820,3020500.0,3.34,10088470.0,3.36,,2.02008,
510850.SH,20260820,700.0,3.59857,2519.0,3.554,,0.0168404,
510810.SH,20260820,5000.0,0.833,4165.0,0.833,,0.0793857,
510800.SH,20260820,0.0,,0.0,1.388,,0.0,
510770.SH,20260820,148100.0,0.900999,133438.0,0.89,,3.53515,
510760.SH,20260820,1084400.0,1.323,1434661.0,1.32,,0.548258,
510720.SH,20260820,2092100.0,1.047,2190429.0,1.055,,1.8371,
510710.SH,20260820,0.0,,0.0,4.27,,0.0,
510680.SH,20260820,0.0,,0.0,3.176,,0.0,
510670.SH,20260820,0.0,,0.0,0.99,,0.0,
510660.SH,20260820,12600.0,2.63897,33251.0,2.589,,0.183161,
510650.SH,20260820,1000.0,2.844,2844.0,2.86,,0.105013,
510630.SH,20260820,5000.0,0.822,4110.0,0.818,,0.00997201,
510600.SH,20260820,0.0,,0.0,3.834,,0.0,
510590.SH,20260820,200.0,8.69,1738.0,8.465,,0.0721293,
510580.SH,20260820,152800.0,4.144,633203.0,4.103,,0.442565,
510050.SH,20260820,3491200.0,3.005,10491056.0,2.999,,0.769877,
510030.SH,20260820,0.0,,0.0,1.051,,0.0,
513080.SH,20260820,547200.0,1.79,979488.0,1.786,,1.74672,
508056.SH,20260820,1100.0,2.24,2464.0,2.248,,0.0311081,
508050.SH,20260820,0.0,,0.0,6.419,,0.0,
508048.SH,20260820,500.0,3.06,1530.0,3.059,,0.0616023,
508039.SH,20260820,100.0,3.4,340.0,3.412,,0.00982577,
508036.SH,20260820,0.0,,0.0,7.566,,0.0,
508033.SH,20260820,0.0,,0.0,6.319,,0.0,
508031.SH,20260820,0.0,,0.0,3.838,,0.0,
508030.SH,20260820,0.0,,0.0,6.478,,0.0,
508029.SH,20260820,0.0,,0.0,2.397,,0.0,
508028.SH,20260820,0.0,,0.0,9.732,,0.0,
508027.SH,20260820,0.0,,0.0,2.455,,0.0,
508026.SH,20260820,900.0,3.58,3222.0,3.597,,0.0888836,
508022.SH,20260820,0.0,,0.0,2.438,,0.0,
508021.SH,20260820,100.0,3.18,318.0,3.175,,0.00473784,
508020.SH,20260820,0.0,,0.0,5.119,,0.0,
508019.SH,20260820,0.0,,0.0,1.2,,0.0,
508018.SH,20260820,700.0,5.81143,4068.0,5.785,,0.068296,
508017.SH,20260820,0.0,,0.0,3.69,,0.0,
508016.SH,20260820,0.0,,0.0,4.202,,0.0,
508015.SH,20260820,0.0,,0.0,5.394,,0.0,
508012.SH,20260820,0.0,,0.0,1.862,,0.0,
508011.SH,20260820,0.0,,0.0,3.371,,0.0,
508010.SH,20260820,0.0,,0.0,2.363,,0.0,
508009.SH,20260820,0.0,,0.0,5.77,,0.0,
508008.SH,20260820,700.0,7.54143,5279.0,7.509,,0.0755871,
508007.SH,20260820,0.0,,0.0,8.156,,0.0,
508006.SH,20260820,2000.0,3.441,6882.0,3.426,,0.192231,
508005.SH,20260820,0.0,,0.0,3.987,,0.0,
508055.SH,20260820,0.0,,0.0,3.275,,0.0,
508058.SH,20260820,900.0,3.80667,3426.0,3.822,,0.0710097,
510020.SH,20260820,0.0,,0.0,3.906,,0.0,
508059.SH,20260820,116.0,7.96552,924.0,7.966,,0.00728196,
510010.SH,20260820,0.0,,0.0,1.744,,0.0,
508603.SH,20260820,0.0,,0.0,3.88,,0.0,
508602.SH,20260820,0.0,,0.0,6.335,,0.0,
508601.SH,20260820,0.0,,0.0,2.96,,0.0,
508600.SH,20260820,0.0,,0.0,3.572,,0.0,
508099.SH,20260820,4200.0,1.0781,4528.0,1.078,,0.0352239,
508098.SH,20260820,0.0,,0.0,3.296,,0.0,
508097.SH,20260820,0.0,,0.0,1.988,,0.0,
508096.SH,20260820,0.0,,0.0,9.235,,0.0,
508093.SH,20260820,0.0,,0.0,8.242,,0.0,
508092.SH,20260820,0.0,,0.0,2.845,,0.0,
508091.SH,20260820,0.0,,0.0,5.399,,0.0,
508090.SH,20260820,500.0,3.34,1670.0,3.338,,0.146159,
508089.SH,20260820,100.0,4.2,420.0,4.2,,0.00987402,
508088.SH,20260820,53100.0,3.42,181602.0,3.436,,4.09398,
508087.SH,20260820,0.0,,0.0,10.636,,0.0,
508086.SH,20260820,0.0,,0.0,4.261,,0.0,
508085.SH,20260820,0.0,,0.0,3.441,,0.0,
508084.SH,20260820,0.0,,0.0,3.733,,0.0,
508082.SH,20260820,100.0,3.86,386.0,3.874,,0.00335495,
508080.SH,20260820,0.0,,0.0,2.504,,0.0,
508078.SH,20260820,100.0,1.84,184.0,1.837,,0.00193845,
508077.SH,20260820,0.0,,0.0,2.701,,0.0,
508069.SH,20260820,0.0,,0.0,5.3,,0.0,
508068.SH,20260820,200.0,3.885,777.0,3.897,,0.0132502,
508066.SH,20260820,0.0,,0.0,5.87,,0.0,
508060.SH,20260820,0.0,,0.0,3.63,,0.0,
511100.SH,20260820,6300.0,110.71,697473.0,110.792,,0.00661984,
511110.SH,20260820,0.0,,0.0,103.185,,0.0,
511120.SH,20260820,0.0,,0.0,101.846,,0.0,
512690.SH,20260820,2772579.0,0.425,1178346.0,0.425,,0.201512,
512670.SH,20260820,226000.0,0.75,169500.0,0.748,,0.224617,
512660.SH,20260820,1424739.0,1.111,1582885.0,1.108,,0.59027,
512650.SH,20260820,0.0,,0.0,1.346,,0.0,
512640.SH,20260820,0.0,,0.0,2.34,,0.0,
512630.SH,20260820,993300.0,1.1,1092630.0,1.107,,0.703571,
512620.SH,20260820,39200.0,0.874005,34261.0,0.883,,0.296256,
512600.SH,20260820,408800.0,0.57,233016.0,0.571,,1.44262,
512580.SH,20260820,100.0,1.2,120.0,1.201,,0.00182733,
512570.SH,20260820,222600.0,1.07,238182.0,1.068,,0.132326,
512560.SH,20260820,195200.0,0.699001,136445.0,0.698,,0.260214,
512550.SH,20260820,4200.0,1.825,7665.0,1.82,,0.0977303,
512530.SH,20260820,700.0,1.62429,1137.0,1.624,,0.0127585,
512520.SH,20260820,0.0,,0.0,1.466,,0.0,
512510.SH,20260820,500.0,2.36,1180.0,2.342,,0.00692082,
512500.SH,20260820,125700.0,4.44,558108.0,4.421,,0.103402,
512480.SH,20260820,12969100.0,1.06,13747246.0,1.045,,0.842411,
512460.SH,20260820,0.0,,0.0,0.863,,0.0,
512450.SH,20260820,0.0,,0.0,0.883,,0.0,
512430.SH,20260820,0.0,,0.0,0.894,,0.0,
512420.SH,20260820,0.0,,0.0,0.965,,0.0,
512410.SH,20260820,143400.0,1.081,155015.0,1.089,,0.745278,
512400.SH,20260820,8462000.0,1.909,16153958.0,1.864,,1.46801,
512390.SH,20260820,0.0,,0.0,1.222,,0.0,
512380.SH,20260820,0.0,,0.0,1.601,,0.0,
512370.SH,20260820,10000.0,1.211,12110.0,1.2,,0.27665,
512360.SH,20260820,0.0,,0.0,1.783,,0.0,
512330.SH,20260820,27000.0,1.86,50220.0,1.864,,0.554319,
512680.SH,20260820,89400.0,1.136,101558.0,1.135,,0.178821,
512700.SH,20260820,294100.0,1.495,439680.0,1.505,,0.435413,
511130.SH,20260820,25000.0,108.692,2717300.0,108.791,,0.114287,
512710.SH,20260820,4614900.0,0.608,2805859.0,0.607,,1.09458,
513070.SH,20260820,106100.0,1.112,117983.0,1.111,,0.130547,
513060.SH,20260820,33508600.0,0.592,19837091.0,0.572,,2.78444,
513050.SH,20260820,22301000.0,1.13,25200130.0,1.114,,1.25273,
513040.SH,20260820,2600300.0,0.967,2514490.0,0.956,,0.417237,
513030.SH,20260820,1621400.0,1.901,3082281.0,1.9,,0.688453,
513020.SH,20260820,1217600.0,0.981,1194466.0,0.964,,1.20783,
513010.SH,20260820,20413000.0,0.618,12615234.0,0.609,,1.82911,
513000.SH,20260820,940200.0,2.291,2153998.0,2.271,,1.24149,
512990.SH,20260820,0.0,,0.0,2.035,,0.0,
512980.SH,20260820,1586100.0,0.812,1287913.0,0.803,,0.332857,
512970.SH,20260820,0.0,,0.0,1.487,,0.0,
512960.SH,20260820,0.0,,0.0,1.447,,0.0,
512950.SH,20260820,400.0,1.505,602.0,1.502,,0.00492916,
512940.SH,20260820,415700.0,0.853,354592.0,0.83,,0.729423,
512930.SH,20260820,545700.0,0.623,339971.0,0.619,,0.213373,
512910.SH,20260820,0.0,,0.0,1.325,,0.0,
512900.SH,20260820,52300.0,1.05099,54967.0,1.05,,0.0748406,
512890.SH,20260820,7430893.0,1.17,8694145.0,1.175,,1.29282,
512880.SH,20260820,8549800.0,1.065,9105537.0,1.062,,0.430105,
512820.SH,20260820,441700.0,1.421,627656.0,1.435,,0.536277,
512810.SH,20260820,26200.0,0.646985,16951.0,0.643,,0.0616282,
512800.SH,20260820,12825400.0,0.809,10375749.0,0.815,,1.12071,
512770.SH,20260820,0.0,,0.0,2.592,,0.0,
512760.SH,20260820,1354500.0,1.12,1517040.0,1.109,,0.273459,
512750.SH,20260820,0.0,,0.0,1.429,,0.0,
512730.SH,20260820,62000.0,1.666,103292.0,1.677,,1.94199,
512720.SH,20260820,45000.0,1.169,52605.0,1.162,,0.105756,
512290.SH,20260820,3550100.0,1.098,3898010.0,1.066,,3.02928,
512260.SH,20260820,0.0,,0.0,1.912,,0.0,
512250.SH,20260820,0.0,,0.0,1.214,,0.0,
512240.SH,20260820,0.0,,0.0,1.158,,0.0,
511880.SH,20260820,2638400.0,100.711,265715902.0,100.711,,1.75334,
511860.SH,20260820,0.0,,0.0,99.999,,0.0,
511850.SH,20260820,0.0,,0.0,100.004,,0.0,
511830.SH,20260820,0.0,,0.0,100.001,,0.0,
511820.SH,20260820,0.0,,0.0,100.001,,0.0,
511810.SH,20260820,0.0,,0.0,100.0,,0.0,
511800.SH,20260820,0.0,,0.0,100.004,,0.0,
511770.SH,20260820,0.0,,0.0,100.0,,0.0,
511700.SH,20260820,4001.0,100.004,400116.0,100.006,,0.417799,
511690.SH,20260820,0.0,,0.0,100.0,,0.0,
511670.SH,20260820,0.0,,0.0,99.998,,0.0,
511660.SH,20260820,22060.0,100.002,2206044.0,100.011,,0.586534,
511650.SH,20260820,0.0,,0.0,99.999,,0.0,
511620.SH,20260820,0.0,,0.0,100.005,,0.0,
511600.SH,20260820,0.0,,0.0,99.999,,0.0,
511580.SH,20260820,2000.0,109.656,219312.0,109.656,,0.00439355,
511520.SH,20260820,16300.0,118.495,1931469.0,118.57,,0.085568,
511380.SH,20260820,638100.0,13.699,8741332.0,13.671,,0.14346,
511360.SH,20260820,1858600.0,113.824,211553286.0,113.819,,0.843619,
511270.SH,20260820,500.0,121.312,60656.0,121.315,,0.00273585,
511260.SH,20260820,19200.0,135.806,2607475.0,135.821,,0.0567764,
511220.SH,20260820,63300.0,10.41,658953.0,10.409,,0.0709651,
511200.SH,20260820,0.0,,0.0,103.258,,0.0,
511190.SH,20260820,0.0,,0.0,102.725,,0.0,
511180.SH,20260820,205300.0,12.579,2582469.0,12.571,,0.173992,
511160.SH,20260820,2300.0,102.063,234745.0,102.051,,0.0766829,
511150.SH,20260820,0.0,,0.0,102.214,,0.0,
511900.SH,20260820,0.0,,0.0,99.999,,0.0,
511910.SH,20260820,0.0,,0.0,100.0,,0.0,
511920.SH,20260820,0.0,,0.0,100.002,,0.0,
512080.SH,20260820,200.0,1.315,263.0,1.297,,0.000509433,
512220.SH,20260820,11500.0,3.834,44091.0,3.797,,0.200474,
512200.SH,20260820,390100.0,1.2,468120.0,1.208,,0.424887,
512190.SH,20260820,0.0,,0.0,2.925,,0.0,
512180.SH,20260820,0.0,,0.0,1.702,,0.0,
512170.SH,20260820,103470500.0,0.351,36318146.0,0.344,,5.50879,
512160.SH,20260820,0.0,,0.0,1.518,,0.0,
512150.SH,20260820,0.0,,0.0,1.898,,0.0,
512140.SH,20260820,0.0,,0.0,0.904,,0.0,
512130.SH,20260820,0.0,,0.0,1.17,,0.0,
512120.SH,20260820,226300.0,0.496001,112245.0,0.485,,0.636588,
512100.SH,20260820,4772900.0,3.076,14681440.0,3.048,,0.425831,
512090.SH,20260820,200.0,2.0,400.0,1.983,,0.000402193,
512070.SH,20260820,1139000.0,0.774,881586.0,0.773,,0.14699,
511930.SH,20260820,0.0,,0.0,99.998,,0.0,
512060.SH,20260820,200.0,1.225,245.0,1.208,,0.0148333,
512050.SH,20260820,827500.0,1.215,1005413.0,1.209,,0.0629832,
512040.SH,20260820,142300.0,1.218,173321.0,1.216,,0.0808173,
512030.SH,20260820,0.0,,0.0,1.135,,0.0,
512020.SH,20260820,173600.0,1.296,224986.0,1.293,,0.261674,
512010.SH,20260820,32883400.0,0.401,13186243.0,0.396,,2.58528,
512000.SH,20260820,7577870.0,0.51,3864714.0,0.509,,0.37781,
511990.SH,20260820,1790453.0,99.999,179043510.0,99.999,,2.03693,
511980.SH,20260820,0.0,,0.0,100.046,,0.0,
511970.SH,20260820,0.0,,0.0,100.001,,0.0,
511960.SH,20260820,0.0,,0.0,100.0,,0.0,
511950.SH,20260820,0.0,,0.0,100.004,,0.0,
920992.BJ,20260820,2400.0,11.4,27360.0,11.39,0.00489623,0.268464,4901.73
