ts_code,trade_date,vol,price,amount,pre_close,turnover_rate,volume_ratio,float_share
600000.SH,20260819,433700.0,9.01,3907637.0,8.97,0.00130217,0.829232,3330580.0
159211.SZ,20260819,0.0,,0.0,1.504,,0.0,
159209.SZ,20260819,47700.0,1.146,54664.2,1.15,,0.0729749,
159208.SZ,20260819,645700.0,1.116,720601.2,1.082,,5.86446,
159207.SZ,20260819,4922400.0,1.144,5631225.6,1.144,,5.34757,
159206.SZ,20260819,23471300.0,1.514,35535548.2,1.488,,5.8306,
159205.SZ,20260819,469100.0,1.784,836874.4,1.82,,0.804806,
159203.SZ,20260819,0.0,,0.0,1.428,,0.0,
159202.SZ,20260819,768800.0,0.816,627340.8,0.825,,0.469474,
159201.SZ,20260819,1353500.0,1.183,1601190.5,1.185,,0.616758,
159200.SZ,20260819,0.0,,0.0,102.077,,0.0,
159199.SZ,20260819,600.0,0.913,547.8,0.913,,0.0786567,
159198.SZ,20260819,238100.0,1.258,299529.8,1.278,,0.190069,
159197.SZ,20260819,900.0,0.925,832.5,0.916,,0.0106897,
159196.SZ,20260819,219100.0,1.254,274751.4,1.274,,0.0843623,
159195.SZ,20260819,500.0,0.92,460.0,0.919,,0.00389943,
159193.SZ,20260819,14800.0,0.841,12446.8,0.841,,0.163304,
159192.SZ,20260819,0.0,,0.0,0.969,,0.0,
159191.SZ,20260819,500.0,0.933,466.5,0.943,,0.0180969,
159190.SZ,20260819,0.0,,0.0,0.899,,0.0,
159189.SZ,20260819,46100.0,0.899,41443.9,0.903,,0.282953,
159188.SZ,20260819,0.0,,0.0,0.936,,0.0,
159187.SZ,20260819,100.0,0.9,90.0,0.902,,0.0022353,
159186.SZ,20260819,3100.0,0.762,2362.2,0.763,,0.0892777,
159185.SZ,20260819,172600.0,1.113,192103.8,1.133,,0.108157,
159183.SZ,20260819,0.0,,0.0,0.895,,0.0,
159182.SZ,20260819,0.0,,0.0,0.938,,0.0,
159181.SZ,20260819,50800.0,0.899,45669.2,0.899,,0.793985,
159180.SZ,20260819,45200.0,1.082,48906.4,1.081,,0.77676,
159210.SZ,20260819,56900.0,0.852,48478.8,0.855,,0.296857,
159212.SZ,20260819,2000.0,1.517,3034.0,1.532,,0.0207796,
159178.SZ,20260819,54100.0,1.079,58373.9,1.117,,0.36283,
159213.SZ,20260819,158600.0,1.242,196981.2,1.251,,0.500209,
159243.SZ,20260819,241400.0,1.307,315509.8,1.345,,0.71283,
159242.SZ,20260819,125700.0,2.167,272391.9,2.227,,0.225247,
159241.SZ,20260819,1746300.0,1.08,1886004.0,1.064,,2.13369,
159240.SZ,20260819,0.0,,0.0,1.336,,0.0,
159239.SZ,20260819,57700.0,0.799,46102.3,0.797,,0.656519,
159238.SZ,20260819,6000.0,1.336,8016.0,1.336,,0.155082,
159237.SZ,20260819,28500.0,0.879,25051.5,0.891,,0.27326,
159236.SZ,20260819,0.0,,0.0,1.206,,0.0,
159235.SZ,20260819,0.0,,0.0,1.231,,0.0,
159233.SZ,20260819,0.0,,0.0,1.2,,0.0,
159232.SZ,20260819,253000.0,1.201,303853.0,1.204,,0.179178,
159231.SZ,20260819,92300.0,0.51,47073.0,0.508,,0.758029,
159230.SZ,20260819,3000.0,0.992,2976.0,0.985,,0.0228867,
159229.SZ,20260819,0.0,,0.0,1.213,,0.0,
159228.SZ,20260819,0.0,,0.0,1.02,,0.0,
159227.SZ,20260819,10024600.0,1.052,10545879.2,1.036,,5.79093,
159226.SZ,20260819,400.0,1.321,528.4,1.322,,0.00306679,
159225.SZ,20260819,0.0,,0.0,1.246,,0.0,
159223.SZ,20260819,0.0,,0.0,1.143,,0.0,
159222.SZ,20260819,240100.0,1.266,303966.6,1.269,,0.300641,
159221.SZ,20260819,100.0,1.176,117.6,1.176,,0.000416685,
159220.SZ,20260819,28100.0,0.579,16269.9,0.58,,0.13815,
159219.SZ,20260819,100.0,1.412,141.2,1.426,,0.00980969,
159218.SZ,20260819,6214200.0,1.487,9240515.4,1.451,,7.71802,
159217.SZ,20260819,646400.0,1.169,755641.6,1.167,,0.0948337,
159216.SZ,20260819,0.0,,0.0,1.542,,0.0,
159215.SZ,20260819,200.0,1.345,269.0,1.348,,0.00171556,
159179.SZ,20260819,5200.0,0.846,4399.2,0.849,,0.0448229,
159177.SZ,20260819,4200.0,0.962,4040.4,0.968,,0.0462359,
159246.SZ,20260819,301400.0,1.212,365296.8,1.245,,0.199583,
159142.SZ,20260819,569500.0,1.248,710736.0,1.283,,0.860939,
159140.SZ,20260819,157100.0,1.31,205801.0,1.346,,0.318854,
159139.SZ,20260819,46400.0,1.314,60969.6,1.336,,0.196421,
159138.SZ,20260819,0.0,,0.0,0.933,,0.0,
159137.SZ,20260819,88500.0,0.975,86287.5,0.975,,0.117344,
159136.SZ,20260819,0.0,,0.0,1.044,,0.0,
159135.SZ,20260819,0.0,,0.0,0.817,,0.0,
159133.SZ,20260819,13700.0,1.101,15083.7,1.113,,0.0349136,
159132.SZ,20260819,38400.0,0.965,37056.0,0.968,,0.103772,
159131.SZ,20260819,7454400.0,0.98,7305312.0,0.998,,0.410758,
159130.SZ,20260819,31200.0,0.937,29234.4,0.936,,0.300164,
159129.SZ,20260819,4600.0,1.075,4945.0,1.084,,0.0266995,
159128.SZ,20260819,18000.0,0.746,13428.0,0.746,,0.0290057,
159127.SZ,20260819,26800.0,0.954,25567.2,0.962,,0.540136,
159126.SZ,20260819,0.0,,0.0,0.946,,0.0,
159125.SZ,20260819,0.0,,0.0,0.735,,0.0,
159123.SZ,20260819,10500.0,0.966,10143.0,0.951,,0.232752,
159122.SZ,20260819,0.0,,0.0,0.949,,0.0,
159121.SZ,20260819,22400.0,0.753,16867.2,0.759,,0.0586379,
159120.SZ,20260819,4600.0,0.765,3519.0,0.771,,0.0287975,
159119.SZ,20260819,600.0,0.981,588.6,0.981,,0.0104487,
159118.SZ,20260819,0.0,,0.0,0.957,,0.0,
159117.SZ,20260819,0.0,,0.0,1.002,,0.0,
159116.SZ,20260819,0.0,,0.0,102.322,,0.0,
159115.SZ,20260819,0.0,,0.0,102.132,,0.0,
159113.SZ,20260819,0.0,,0.0,102.142,,0.0,
159112.SZ,20260819,0.0,,0.0,102.142,,0.0,
159111.SZ,20260819,0.0,,0.0,102.272,,0.0,
159141.SZ,20260819,277200.0,1.218,337629.6,1.258,,0.316385,
159143.SZ,20260819,27000.0,0.938,25326.0,0.944,,1.93529,
159176.SZ,20260819,0.0,,0.0,1.004,,0.0,
159145.SZ,20260819,23800.0,0.885,21063.0,0.885,,0.422508,
159175.SZ,20260819,45402.0,0.955,43358.91,0.96,,0.200008,
159173.SZ,20260819,49400.0,0.897,44311.8,0.897,,1.06364,
159172.SZ,20260819,30700.0,0.839,25757.3,0.836,,0.218403,
159171.SZ,20260819,0.0,,0.0,0.83,,0.0,
159170.SZ,20260819,17200.0,0.872,14998.4,0.877,,0.0545008,
159169.SZ,20260819,448500.0,0.991,444463.5,0.994,,2.82312,
159168.SZ,20260819,97100.0,0.889,86321.9,0.904,,0.242887,
159167.SZ,20260819,40100.0,0.968,38816.8,0.962,,0.070026,
159166.SZ,20260819,0.0,,0.0,0.857,,0.0,
159165.SZ,20260819,600.0,0.871,522.6,0.876,,0.00598682,
159163.SZ,20260819,100.0,0.778,77.8,0.783,,0.00129161,
159162.SZ,20260819,46000.0,0.847,38962.0,0.863,,0.461271,
159161.SZ,20260819,0.0,,0.0,0.967,,0.0,
159160.SZ,20260819,174300.0,0.875,152512.5,0.888,,0.963038,
159159.SZ,20260819,1000.0,1.008,1008.0,1.008,,0.0535257,
159158.SZ,20260819,116900.0,0.994,116198.6,0.993,,0.3718,
159157.SZ,20260819,255800.0,0.853,218197.4,0.868,,0.217853,
159156.SZ,20260819,300.0,0.921,276.3,0.923,,0.00676926,
159155.SZ,20260819,84300.0,0.888,74858.4,0.904,,0.257766,
159153.SZ,20260819,108800.0,1.231,133932.8,1.275,,0.974597,
159152.SZ,20260819,900.0,0.793,713.7,0.795,,0.00297939,
159151.SZ,20260819,89800.0,0.941,84501.8,0.944,,0.568316,
159150.SZ,20260819,0.0,,0.0,1.683,,0.0,
159149.SZ,20260819,100.0,0.91,91.0,0.908,,0.00183541,
159148.SZ,20260819,29500.0,1.007,29706.5,1.007,,0.196684,
159147.SZ,20260819,13200.0,0.893,11787.6,0.907,,0.0347096,
159146.SZ,20260819,113900.0,1.002,114127.8,1.007,,0.477092,
159245.SZ,20260819,9600.0,0.794,7622.4,0.792,,0.384572,
159247.SZ,20260819,1192700.0,1.098,1309584.6,1.12,,2.77078,
161119.SZ,20260819,36700.0,1.803,66170.1,1.804,,0.425336,
159367.SZ,20260819,124600.0,1.81,225526.0,1.843,,1.16152,
159365.SZ,20260819,14400.0,1.002,14428.8,1.005,,2.47695,
159363.SZ,20260819,2804100.0,1.28,3589248.0,1.323,,0.266046,
159362.SZ,20260819,0.0,,0.0,1.349,,0.0,
159361.SZ,20260819,1302400.0,1.268,1651443.2,1.284,,0.117164,
159360.SZ,20260819,200.0,1.353,270.6,1.358,,0.000605741,
159359.SZ,20260819,800.0,1.317,1053.6,1.319,,0.00266033,
159358.SZ,20260819,500.0,1.341,670.5,1.36,,0.000574928,
159357.SZ,20260819,8500.0,1.31,11135.0,1.326,,0.0504253,
159356.SZ,20260819,200.0,1.333,266.6,1.336,,0.000529589,
159355.SZ,20260819,0.0,,0.0,1.029,,0.0,
159353.SZ,20260819,43400.0,1.263,54814.2,1.277,,0.0267395,
159352.SZ,20260819,3610600.0,1.295,4675727.0,1.309,,0.139184,
159351.SZ,20260819,943900.0,1.248,1177987.2,1.257,,0.23912,
159350.SZ,20260819,178000.0,1.628,289784.0,1.648,,0.539635,
159339.SZ,20260819,300.0,1.266,379.8,1.27,,0.000465181,
159338.SZ,20260819,2899400.0,1.241,3598155.4,1.258,,0.10439,
159337.SZ,20260819,43300.0,1.835,79455.5,1.866,,0.385717,
159336.SZ,20260819,19000.0,1.212,23028.0,1.217,,0.315898,
159335.SZ,20260819,0.0,,0.0,1.557,,0.0,
159333.SZ,20260819,300.0,1.333,399.9,1.338,,0.00678494,
159332.SZ,20260819,4600.0,1.211,5570.6,1.211,,0.301402,
159331.SZ,20260819,20000.0,1.296,25920.0,1.3,,0.549137,
159330.SZ,20260819,97100.0,1.466,142348.6,1.477,,0.569454,
159329.SZ,20260819,36800.0,0.905,33304.0,0.906,,0.185734,
159328.SZ,20260819,0.0,,0.0,1.059,,0.0,
159327.SZ,20260819,3241100.0,1.224,3967106.4,1.276,,1.61957,
159326.SZ,20260819,3131900.0,1.722,5393131.8,1.749,,0.666425,
159366.SZ,20260819,318500.0,1.464,466284.0,1.463,,0.190591,
159368.SZ,20260819,0.0,,0.0,0.706,,0.0,
159323.SZ,20260819,24200.0,1.066,25797.2,1.074,,0.019455,
159369.SZ,20260819,76100.0,1.477,112399.7,1.5,,0.337903,
159399.SZ,20260819,763800.0,1.01,771438.0,1.009,,0.470196,
159398.SZ,20260819,0.0,,0.0,102.487,,0.0,
159397.SZ,20260819,0.0,,0.0,103.136,,0.0,
159396.SZ,20260819,0.0,,0.0,103.339,,0.0,
159395.SZ,20260819,0.0,,0.0,103.494,,0.0,
159393.SZ,20260819,32600.0,5.011,163358.6,5.066,,0.669794,
159392.SZ,20260819,900.0,0.971,873.9,0.966,,0.023044,
159391.SZ,20260819,0.0,,0.0,1.084,,0.0,
159390.SZ,20260819,0.0,,0.0,1.274,,0.0,
159389.SZ,20260819,16700.0,1.903,31780.1,1.959,,0.337389,
159388.SZ,20260819,309400.0,1.058,327345.2,1.083,,0.201743,
159387.SZ,20260819,97800.0,0.765,74817.0,0.779,,0.0308903,
159386.SZ,20260819,0.0,,0.0,1.327,,0.0,
159385.SZ,20260819,0.0,,0.0,1.937,,0.0,
159383.SZ,20260819,2500.0,1.77,4425.0,1.826,,0.0412686,
159382.SZ,20260819,355100.0,2.729,969067.9,2.813,,0.362507,
159381.SZ,20260819,1401000.0,1.208,1692408.0,1.252,,0.319331,
159380.SZ,20260819,34000.0,1.379,46886.0,1.398,,0.397657,
159379.SZ,20260819,20400.0,1.385,28254.0,1.404,,1.4842,
159378.SZ,20260819,57800.0,1.052,60805.6,1.047,,0.208142,
159377.SZ,20260819,7400.0,1.034,7651.6,1.036,,0.0307356,
159376.SZ,20260819,0.0,,0.0,1.364,,0.0,
159375.SZ,20260819,22500.0,0.767,17257.5,0.784,,0.111816,
159373.SZ,20260819,13200.0,1.821,24037.2,1.876,,0.0639138,
159372.SZ,20260819,0.0,,0.0,1.965,,0.0,
159371.SZ,20260819,500.0,1.815,907.5,1.838,,0.0106056,
159370.SZ,20260819,300.0,1.903,570.9,1.943,,0.00978633,
159325.SZ,20260819,747700.0,2.236,1671857.2,2.324,,1.10634,
159322.SZ,20260819,37800.0,1.628,61538.4,1.674,,0.472576,
159248.SZ,20260819,23200.0,1.832,42502.4,1.87,,0.230344,
159283.SZ,20260819,28400.0,0.902,25616.8,0.896,,0.326885,
159280.SZ,20260819,600.0,0.717,430.2,0.722,,0.00896606,
159279.SZ,20260819,18700.0,1.468,27451.6,1.499,,0.0338746,
159278.SZ,20260819,1663200.0,1.029,1711432.8,1.044,,1.18533,
159277.SZ,20260819,3500.0,0.984,3444.0,0.993,,0.0841666,
159276.SZ,20260819,0.0,,0.0,1.108,,0.0,
159275.SZ,20260819,156700.0,0.866,135702.2,0.866,,1.54178,
159273.SZ,20260819,51500.0,1.461,75241.5,1.484,,0.285974,
159272.SZ,20260819,2208758.0,0.87,1921619.46,0.89,,1.23068,
159271.SZ,20260819,5700.0,0.959,5466.3,0.964,,0.0652626,
159270.SZ,20260819,0.0,,0.0,1.175,,0.0,
159269.SZ,20260819,42000.0,0.869,36498.0,0.878,,0.0411991,
159268.SZ,20260819,7500.0,0.785,5887.5,0.785,,0.0408507,
159267.SZ,20260819,10611700.0,0.898,9529306.6,0.88,,10.6339,
159266.SZ,20260819,100.0,0.96,96.0,0.958,,0.00107969,
159265.SZ,20260819,20500.0,0.816,16728.0,0.814,,0.19204,
159263.SZ,20260819,1047900.0,1.141,1195653.9,1.141,,0.518591,
159262.SZ,20260819,92600.0,0.87,80562.0,0.878,,0.0290964,
159261.SZ,20260819,0.0,,0.0,1.467,,0.0,
159260.SZ,20260819,0.0,,0.0,0.852,,0.0,
159259.SZ,20260819,3680700.0,1.389,5112492.3,1.425,,1.12556,
159258.SZ,20260819,139600.0,1.155,161238.0,1.173,,0.439824,
159257.SZ,20260819,800000.0,0.879,703200.0,0.882,,12.3321,
159256.SZ,20260819,264300.0,0.846,223597.8,0.858,,0.218383,
159255.SZ,20260819,0.0,,0.0,0.885,,0.0,
159253.SZ,20260819,17200.0,0.961,16529.2,0.958,,0.475782,
159251.SZ,20260819,24300.0,0.784,19051.2,0.79,,0.0916566,
159249.SZ,20260819,40000.0,1.394,55760.0,1.42,,0.444396,
159281.SZ,20260819,30200.0,0.94,28388.0,0.945,,0.155264,
159285.SZ,20260819,600.0,0.784,470.4,0.783,,0.00717738,
159321.SZ,20260819,229300.0,1.56,357708.0,1.594,,0.667791,
159286.SZ,20260819,198000.0,0.747,147906.0,0.745,,0.178552,
159320.SZ,20260819,828300.0,0.643,532596.9,0.656,,0.775525,
159318.SZ,20260819,100.0,1.308,130.8,1.314,,0.0275028,
159316.SZ,20260819,1020100.0,1.147,1170054.7,1.147,,0.126084,
159315.SZ,20260819,92400.0,1.658,153199.2,1.702,,0.646846,
159312.SZ,20260819,11000.0,1.184,13024.0,1.187,,1.20693,
159311.SZ,20260819,2400.0,1.573,3775.2,1.573,,0.277906,
159310.SZ,20260819,39700.0,2.983,118425.1,3.093,,0.510992,
159309.SZ,20260819,58400.0,1.418,82811.2,1.416,,0.161315,
159307.SZ,20260819,8305900.0,1.021,8480323.9,1.021,,11.5742,
159306.SZ,20260819,3900.0,1.178,4594.2,1.196,,0.366459,
159305.SZ,20260819,195500.0,0.85,166175.0,0.863,,0.43805,
159303.SZ,20260819,14100.0,1.595,22489.5,1.594,,0.0232545,
159302.SZ,20260819,16700.0,1.311,21893.7,1.323,,0.257302,
159301.SZ,20260819,200.0,0.963,192.6,0.963,,0.000826059,
159300.SZ,20260819,32900.0,5.09,167461.0,5.135,,0.222074,
159299.SZ,20260819,41400.0,0.694,28731.6,0.702,,0.15468,
159298.SZ,20260819,30300.0,1.261,38208.3,1.298,,0.485748,
159297.SZ,20260819,738107.0,0.73,538818.11,0.73,,0.219871,
159296.SZ,20260819,300.0,1.006,301.8,0.996,,0.0116469,
159295.SZ,20260819,11800.0,1.11,13098.0,1.139,,0.218255,
159293.SZ,20260819,0.0,,0.0,1.121,,0.0,
159292.SZ,20260819,0.0,,0.0,1.249,,0.0,
159291.SZ,20260819,0.0,,0.0,1.244,,0.0,
159290.SZ,20260819,13400.0,1.195,16013.0,1.217,,0.414447,
159289.SZ,20260819,6600.0,1.135,7491.0,1.151,,0.348024,
159288.SZ,20260819,0.0,,0.0,1.048,,0.0,
159287.SZ,20260819,27700.0,1.155,31993.5,1.179,,0.24823,
159110.SZ,20260819,100.0,102.366,10236.6,102.313,,0.000552366,
159109.SZ,20260819,37800.0,0.824,31147.2,0.83,,0.284371,
159108.SZ,20260819,0.0,,0.0,1.022,,0.0,
123275.SZ,20260819,580.0,145.05,84129.0,145.088,,,
123273.SZ,20260819,14280.0,366.0,5226480.0,366.801,,,
123272.SZ,20260819,1380.0,155.43,214493.4,154.65,,,
123271.SZ,20260819,290.0,165.23,47916.7,166.326,,,
123270.SZ,20260819,4360.0,256.255,1117271.8,255.999,,,
123269.SZ,20260819,220.0,150.39,33085.8,150.544,,,
123268.SZ,20260819,2600.0,196.0,509600.0,199.1,,,
123267.SZ,20260819,1480.0,321.688,476098.24,328.688,,,
123266.SZ,20260819,60.0,139.971,8398.26,139.971,,,
123265.SZ,20260819,120.0,136.675,16401.0,136.88,,,
123264.SZ,20260819,260.0,124.18,32286.8,124.187,,,
123263.SZ,20260819,600.0,149.2,89520.0,150.0,,,
123262.SZ,20260819,270.0,132.998,35909.46,133.497,,,
123261.SZ,20260819,22190.0,172.0,3816680.0,176.18,,,
123260.SZ,20260819,340.0,143.51,48793.4,143.867,,,
123259.SZ,20260819,170.0,156.6,26622.0,157.293,,,
123258.SZ,20260819,3500.0,348.418,1219463.0,360.5,,,
123257.SZ,20260819,260.0,154.85,40261.0,154.8,,,
123255.SZ,20260819,2180.0,434.98,948256.4,446.1,,,
123253.SZ,20260819,230.0,136.009,31282.07,136.009,,,
123252.SZ,20260819,1920.0,141.9,272448.0,139.42,,,
123250.SZ,20260819,7.0,125.271,876.897,125.266,,,
123247.SZ,20260819,490.0,192.678,94412.22,193.14,,,
123245.SZ,20260819,660.0,332.773,219630.18,333.406,,,
123243.SZ,20260819,1120.0,198.426,222237.12,198.99,,,
123241.SZ,20260819,1580.0,920.0,1453600.0,937.3,,,
123237.SZ,20260819,200.0,135.751,27150.2,135.745,,,
123235.SZ,20260819,10980.0,159.888,1755570.24,156.966,,,
123274.SZ,20260819,250.0,145.5,36375.0,145.8,,,
123276.SZ,20260819,5090.0,175.2,891768.0,176.5,,,
123225.SZ,20260819,150.0,140.306,21045.9,140.69,,,
123277.SZ,20260819,5280.0,145.0,765600.0,145.25,,,
127064.SZ,20260819,150.0,139.5,20925.0,139.8,,,
127062.SZ,20260819,290.0,124.517,36109.93,124.78,,,
127061.SZ,20260819,1460.0,109.3,159578.0,109.237,,,
127060.SZ,20260819,540.0,130.6,70524.0,130.0,,,
127059.SZ,20260819,310.0,130.482,40449.42,130.623,,,
127056.SZ,20260819,30.0,130.13,3903.9,130.0,,,
127055.SZ,20260819,1280.0,190.0,243200.0,191.0,,,
127054.SZ,20260819,70.0,125.501,8785.07,125.5,,,
127053.SZ,20260819,5580.0,187.008,1043504.64,189.889,,,
127050.SZ,20260819,40.0,129.7,5188.0,129.78,,,
127049.SZ,20260819,680.0,114.213,77664.84,114.11,,,
127047.SZ,20260819,0.0,,0.0,139.036,,,
127046.SZ,20260819,110.0,130.6,14366.0,130.861,,,
127045.SZ,20260819,430.0,117.49,50520.7,117.369,,,
127044.SZ,20260819,690.0,117.08,80785.2,116.97,,,
127040.SZ,20260819,50.0,123.18,6159.0,123.301,,,
127038.SZ,20260819,130.0,124.376,16168.88,124.73,,,
127037.SZ,20260819,710.0,554.006,393344.26,565.22,,,
127034.SZ,20260819,440.0,126.768,55777.92,127.009,,,
127033.SZ,20260819,0.0,,0.0,89.726,,,
127031.SZ,20260819,870.0,122.35,106444.5,122.224,,,
127030.SZ,20260819,30.0,117.992,3539.76,117.993,,,
127027.SZ,20260819,750.0,111.575,83681.25,111.461,,,
127025.SZ,20260819,0.0,,0.0,105.62,,,
123280.SZ,20260819,31934.0,130.0,4151420.0,100.0,,,
123279.SZ,20260819,147730.0,180.2,26620946.0,157.3,,,
123278.SZ,20260819,177276.0,175.13,31046345.88,157.3,,,
123229.SZ,20260819,10.0,131.0,1310.0,130.828,,,
123224.SZ,20260819,280.0,133.5,37380.0,133.63,,,
159107.SZ,20260819,311700.0,0.768,239385.6,0.78,,0.267743,
123158.SZ,20260819,1340.0,237.0,317580.0,241.41,,,
123155.SZ,20260819,460.0,134.15,61709.0,133.81,,,
123154.SZ,20260819,80.0,127.87,10229.6,127.995,,,
123151.SZ,20260819,0.0,,0.0,119.781,,,
123150.SZ,20260819,130.0,135.23,17579.9,135.25,,,
123149.SZ,20260819,490.0,132.77,65057.3,133.04,,,
123144.SZ,20260819,550.0,131.0,72050.0,131.149,,,
123142.SZ,20260819,70.0,125.805,8806.35,126.001,,,
123138.SZ,20260819,120.0,129.055,15486.6,129.054,,,
123133.SZ,20260819,30.0,130.688,3920.64,130.536,,,
123131.SZ,20260819,2180.0,301.188,656589.84,307.001,,,
123124.SZ,20260819,350.0,141.0,49350.0,141.65,,,
123122.SZ,20260819,530.0,129.75,68767.5,130.1,,,
123119.SZ,20260819,0.0,,0.0,125.434,,,
123118.SZ,20260819,2050.0,959.7,1967385.0,969.73,,,
123117.SZ,20260819,60.0,113.9,6834.0,113.899,,,
123114.SZ,20260819,2270.0,131.525,298561.75,130.509,,,
123113.SZ,20260819,340.0,114.521,38937.14,114.44,,,
123112.SZ,20260819,1950.0,142.9,278655.0,143.422,,,
123109.SZ,20260819,650.0,124.5,80925.0,125.162,,,
123107.SZ,20260819,520.0,113.1,58812.0,113.1,,,
123104.SZ,20260819,460.0,130.779,60158.34,131.29,,,
123092.SZ,20260819,640.0,119.396,76413.44,119.503,,,
123091.SZ,20260819,3160.0,139.0,439240.0,140.799,,,
123090.SZ,20260819,0.0,,0.0,111.736,,,
123088.SZ,20260819,70.0,116.701,8169.07,116.9,,,
123080.SZ,20260819,190.0,126.47,24029.3,126.6,,,
123076.SZ,20260819,690.0,125.01,86256.9,125.924,,,
123157.SZ,20260819,7640.0,139.11,1062800.4,141.011,,,
123160.SZ,20260819,20.0,159.0,3180.0,159.222,,,
123223.SZ,20260819,250.0,136.992,34248.0,137.699,,,
123165.SZ,20260819,290.0,133.395,38684.55,133.895,,,
123222.SZ,20260819,90.0,153.05,13774.5,153.199,,,
123220.SZ,20260819,130.0,132.427,17215.51,132.337,,,
123216.SZ,20260819,30.0,124.291,3728.73,124.142,,,
123215.SZ,20260819,20.0,124.885,2497.7,124.886,,,
123214.SZ,20260819,320.0,130.0,41600.0,129.745,,,
123213.SZ,20260819,8760.0,307.77,2696065.2,313.07,,,
123211.SZ,20260819,260.0,156.28,40632.8,156.75,,,
123209.SZ,20260819,300.0,165.2,49560.0,165.826,,,
123207.SZ,20260819,1600.0,235.465,376744.0,236.7,,,
123199.SZ,20260819,230.0,142.51,32777.3,142.503,,,
123196.SZ,20260819,110.0,126.336,13896.96,126.39,,,
123195.SZ,20260819,250.0,175.0,43750.0,177.42,,,
123194.SZ,20260819,600.0,140.13,84078.0,141.071,,,
123193.SZ,20260819,0.0,,0.0,128.872,,,
123192.SZ,20260819,0.0,,0.0,125.3,,,
123189.SZ,20260819,3460.0,144.139,498720.94,142.5,,,
123187.SZ,20260819,70.0,184.712,12929.84,185.42,,,
123183.SZ,20260819,0.0,,0.0,131.421,,,
123180.SZ,20260819,110.0,128.6,14146.0,128.658,,,
123179.SZ,20260819,800.0,122.211,97768.8,122.001,,,
123178.SZ,20260819,320.0,146.175,46776.0,146.0,,,
123176.SZ,20260819,2770.0,476.999,1321287.23,484.8,,,
123175.SZ,20260819,470.0,116.376,54696.72,116.2,,,
123173.SZ,20260819,520.0,139.303,72437.56,139.375,,,
123172.SZ,20260819,20.0,131.867,2637.34,131.866,,,
123171.SZ,20260819,140.0,134.095,18773.3,134.091,,,
123168.SZ,20260819,0.0,,0.0,127.734,,,
127067.SZ,20260819,6830.0,170.387,1163743.21,169.288,,,
127068.SZ,20260819,20.0,123.717,2474.34,123.717,,,
127069.SZ,20260819,10.0,129.3,1293.0,129.406,,,
159062.SZ,20260819,18800.0,0.86,16168.0,0.869,,0.150069,
159060.SZ,20260819,177200.0,1.049,185882.8,1.052,,2.21286,
159059.SZ,20260819,0.0,,0.0,1.018,,0.0,
159058.SZ,20260819,0.0,,0.0,0.982,,0.0,
159057.SZ,20260819,0.0,,0.0,1.022,,0.0,
159056.SZ,20260819,100.0,1.038,103.8,1.036,,0.000688912,
159055.SZ,20260819,0.0,,0.0,0.967,,0.0,
159053.SZ,20260819,25400.0,0.94,23876.0,0.954,,0.140777,
159052.SZ,20260819,13700.0,0.885,12124.5,0.894,,0.262736,
159051.SZ,20260819,0.0,,0.0,1.039,,0.0,
159050.SZ,20260819,430300.0,0.93,400179.0,0.94,,1.09279,
159049.SZ,20260819,0.0,,0.0,1.039,,0.0,
159048.SZ,20260819,129000.0,0.936,120744.0,0.948,,0.639802,
159046.SZ,20260819,0.0,,0.0,0.912,,0.0,
159045.SZ,20260819,600.0,0.842,505.2,0.848,,0.00600835,
159042.SZ,20260819,0.0,,0.0,0.993,,0.0,
159041.SZ,20260819,37448.0,1.026,38421.648,1.027,,0.855539,
159040.SZ,20260819,500.0,1.08,540.0,1.112,,0.00966388,
159039.SZ,20260819,731400.0,0.917,670693.8,0.923,,1.30109,
159038.SZ,20260819,2083200.0,0.964,2008204.8,0.963,,7.72945,
159037.SZ,20260819,0.0,,0.0,0.989,,0.0,
159036.SZ,20260819,95000.0,0.949,90155.0,0.966,,0.58701,
159035.SZ,20260819,7400.0,0.848,6275.2,0.86,,0.0447438,
159033.SZ,20260819,970234.0,1.018,987698.212,1.018,,3.2323,
159032.SZ,20260819,12800.0,0.899,11507.2,0.922,,0.0642864,
159031.SZ,20260819,320300.0,0.995,318698.5,0.998,,3.38427,
159030.SZ,20260819,2598400.0,0.902,2343756.8,0.9,,11.573,
159029.SZ,20260819,333100.0,0.917,305452.7,0.941,,1.47837,
159061.SZ,20260819,0.0,,0.0,0.923,,0.0,
159063.SZ,20260819,2540000.0,1.116,2834640.0,1.095,,25.0537,
127070.SZ,20260819,1180.0,340.0,401200.0,344.521,,,
159065.SZ,20260819,0.0,,0.0,0.951,,0.0,
159106.SZ,20260819,0.0,,0.0,1.105,,0.0,
159105.SZ,20260819,49900.0,0.934,46606.6,0.935,,0.0348058,
159103.SZ,20260819,2200.0,0.657,1445.4,0.663,,0.0231472,
159102.SZ,20260819,35500.0,0.822,29181.0,0.823,,0.0627531,
159101.SZ,20260819,342300.0,0.754,258094.2,0.76,,0.187364,
159100.SZ,20260819,717000.0,1.04,745680.0,1.045,,1.76688,
159099.SZ,20260819,486932.0,1.009,491314.388,1.044,,3.16074,
159098.SZ,20260819,1000.0,0.993,993.0,0.994,,0.00446009,
159095.SZ,20260819,424800.0,0.979,415879.2,1.003,,0.559731,
159093.SZ,20260819,0.0,,0.0,1.049,,0.0,
159091.SZ,20260819,24700.0,1.031,25465.7,1.035,,0.671342,
159087.SZ,20260819,0.0,,0.0,1.052,,0.0,
159086.SZ,20260819,0.0,,0.0,1.056,,0.0,
159085.SZ,20260819,0.0,,0.0,1.027,,0.0,
159083.SZ,20260819,200.0,0.991,198.2,0.991,,0.00155268,
159079.SZ,20260819,500.0,0.99,495.0,0.994,,0.0105367,
159078.SZ,20260819,100.0,0.964,96.4,0.968,,0.00127825,
159077.SZ,20260819,0.0,,0.0,1.014,,0.0,
159076.SZ,20260819,1000.0,0.9,900.0,0.903,,0.00641687,
159075.SZ,20260819,200.0,0.949,189.8,0.962,,0.00469121,
159072.SZ,20260819,1969600.0,1.158,2280796.8,1.158,,19.4115,
159071.SZ,20260819,3300.0,0.88,2904.0,0.88,,0.0343667,
159070.SZ,20260819,0.0,,0.0,0.969,,0.0,
159069.SZ,20260819,100.0,1.083,108.3,1.083,,0.000762766,
159068.SZ,20260819,800.0,1.03,824.0,1.037,,0.00853659,
159067.SZ,20260819,0.0,,0.0,1.014,,0.0,
159066.SZ,20260819,0.0,,0.0,0.941,,0.0,
159028.SZ,20260819,13400.0,0.791,10599.4,0.787,,0.360146,
159027.SZ,20260819,500.0,0.91,455.0,0.916,,0.0115741,
159026.SZ,20260819,1200.0,0.94,1128.0,0.94,,0.0152847,
159023.SZ,20260819,900.0,1.076,968.4,1.076,,0.0177442,
127115.SZ,20260819,6215.0,180.0,1118700.0,180.249,,,
127114.SZ,20260819,220.0,141.03,31026.6,141.146,,,
127113.SZ,20260819,200.0,164.387,32877.4,164.7,,,
127112.SZ,20260819,2370.0,155.29,368037.3,153.029,,,
127111.SZ,20260819,230.0,140.0,32200.0,140.5,,,
127110.SZ,20260819,450.0,135.706,61067.7,135.854,,,
127109.SZ,20260819,320.0,168.527,53928.64,169.343,,,
127108.SZ,20260819,1560.0,125.665,196037.4,125.2,,,
127105.SZ,20260819,60.0,131.893,7913.58,132.11,,,
127104.SZ,20260819,160.0,144.9,23184.0,145.15,,,
127103.SZ,20260819,300.0,139.73,41919.0,139.57,,,
127102.SZ,20260819,0.0,,0.0,122.615,,,
127099.SZ,20260819,50.0,136.668,6833.4,136.668,,,
127098.SZ,20260819,10.0,123.5,1235.0,123.6,,,
127096.SZ,20260819,3280.0,574.769,1885242.32,593.404,,,
127095.SZ,20260819,240.0,146.099,35063.76,146.099,,,
127093.SZ,20260819,430.0,130.574,56146.82,130.378,,,
127092.SZ,20260819,420.0,295.569,124138.98,294.099,,,
127089.SZ,20260819,1600.0,123.1,196960.0,123.658,,,
127088.SZ,20260819,240.0,173.65,41676.0,173.698,,,
127085.SZ,20260819,0.0,,0.0,121.616,,,
127084.SZ,20260819,80.0,142.299,11383.92,142.314,,,
127083.SZ,20260819,10.0,118.7,1187.0,118.739,,,
127082.SZ,20260819,100.0,136.19,13619.0,136.0,,,
127080.SZ,20260819,1200.0,281.0,337200.0,282.24,,,
127078.SZ,20260819,550.0,150.4,82720.0,150.063,,,
127072.SZ,20260819,120.0,137.44,16492.8,137.44,,,
128044.SZ,20260819,0.0,,0.0,71.372,,,
128127.SZ,20260819,0.0,,0.0,114.721,,,
128128.SZ,20260819,0.0,,0.0,109.951,,,
159009.SZ,20260819,0.0,,0.0,0.928,,0.0,
159022.SZ,20260819,5000.0,1.051,5255.0,1.071,,0.0303864,
159021.SZ,20260819,0.0,,0.0,0.985,,0.0,
159020.SZ,20260819,81800.0,0.921,75337.8,0.921,,0.946634,
159019.SZ,20260819,900.0,0.939,845.1,0.941,,0.00495168,
159018.SZ,20260819,3200.0,0.923,2953.6,0.922,,0.0539794,
159017.SZ,20260819,100.0,0.938,93.8,0.938,,0.00151386,
159016.SZ,20260819,145900.0,1.0,145900.0,1.005,,0.513034,
159015.SZ,20260819,7100.0,0.913,6482.3,0.924,,0.149972,
159013.SZ,20260819,0.0,,0.0,1.058,,0.0,
159012.SZ,20260819,139300.0,0.942,131220.6,0.974,,1.66794,
159011.SZ,20260819,400.0,1.07,428.0,1.07,,0.00841117,
159010.SZ,20260819,300.0,0.936,280.8,0.938,,0.00467799,
159008.SZ,20260819,100.0,1.003,100.3,1.008,,0.00174536,
128129.SZ,20260819,590.0,107.94,63684.6,107.95,,,
159007.SZ,20260819,38600.0,0.887,34238.2,0.89,,0.233642,
159005.SZ,20260819,0.0,,0.0,100.0,,0.0,
159003.SZ,20260819,100.0,100.0,10000.0,100.002,,0.0304678,
159001.SZ,20260819,937100.0,100.0,93710000.0,100.0,,16.3935,
158009.SZ,20260819,59900.0,1.063,63673.7,1.047,,0.851586,
158006.SZ,20260819,0.0,,0.0,1.04,,0.0,
158003.SZ,20260819,3757904.0,1.001,3761661.904,1.022,,,
128142.SZ,20260819,0.0,,0.0,114.452,,,
128138.SZ,20260819,570.0,130.71,74504.7,130.927,,,
128136.SZ,20260819,1300.0,117.11,152243.0,118.001,,,
128135.SZ,20260819,10.0,114.649,1146.49,114.662,,,
128134.SZ,20260819,0.0,,0.0,117.22,,,
159400.SZ,20260819,0.0,,0.0,101.166,,0.0,
159500.SZ,20260819,131100.0,1.208,158368.8,1.227,,0.829866,
159501.SZ,20260819,0.0,,0.0,2.098,,0.0,
159938.SZ,20260819,110400.0,0.675,74520.0,0.68,,0.140641,
159936.SZ,20260819,300.0,1.938,581.4,1.939,,0.0575529,
159935.SZ,20260819,0.0,,0.0,2.576,,0.0,
159934.SZ,20260819,297000.0,9.367,2781999.0,9.483,,0.274168,
159933.SZ,20260819,0.0,,0.0,2.835,,0.0,
159931.SZ,20260819,100.0,1.829,182.9,1.825,,0.09998,
159930.SZ,20260819,38500.0,1.748,67298.0,1.744,,0.073018,
159929.SZ,20260819,47600.0,1.386,65973.6,1.388,,0.0663335,
159928.SZ,20260819,1451900.0,0.67,972773.0,0.671,,0.269594,
159925.SZ,20260819,9100.0,4.795,43634.5,4.862,,0.0511234,
159923.SZ,20260819,0.0,,0.0,2.235,,0.0,
159922.SZ,20260819,140300.0,3.263,457798.9,3.316,,0.16084,
159920.SZ,20260819,668100.0,1.488,994132.8,1.5,,0.396216,
159919.SZ,20260819,653700.0,4.95,3235815.0,4.996,,0.489216,
159918.SZ,20260819,0.0,,0.0,2.61,,0.0,
159916.SZ,20260819,0.0,,0.0,5.142,,0.0,
159915.SZ,20260819,13927000.0,3.655,50903185.0,3.723,,1.02708,
159913.SZ,20260819,0.0,,0.0,2.481,,0.0,
159912.SZ,20260819,65400.0,1.977,129295.8,2.018,,9.86812,
159910.SZ,20260819,0.0,,0.0,2.391,,0.0,
159909.SZ,20260819,8400.0,1.369,11499.6,1.408,,0.197915,
159908.SZ,20260819,16600.0,3.422,56805.2,3.472,,0.0935248,
159907.SZ,20260819,100.0,1.106,110.6,1.108,,0.00126549,
159906.SZ,20260819,28300.0,1.797,50855.1,1.817,,0.210315,
159905.SZ,20260819,19400.0,1.692,32824.8,1.706,,0.0702702,
159903.SZ,20260819,352600.0,1.765,622339.0,1.79,,1.24263,
159902.SZ,20260819,1200.0,4.753,5703.6,4.796,,0.0966534,
159901.SZ,20260819,120100.0,3.742,449414.2,3.777,,0.137769,
159937.SZ,20260819,100300.0,8.95,897685.0,9.057,,0.106524,
159939.SZ,20260819,30900.0,1.16,35844.0,1.184,,0.140901,
159898.SZ,20260819,8700.0,0.495,4306.5,0.5,,0.0362789,
159940.SZ,20260819,600.0,1.187,712.2,1.186,,0.104701,
159977.SZ,20260819,781200.0,1.885,1472562.0,1.935,,0.597356,
159976.SZ,20260819,0.0,,0.0,1.296,,0.0,
159975.SZ,20260819,0.0,,0.0,0.796,,0.0,
159974.SZ,20260819,0.0,,0.0,1.805,,0.0,
159973.SZ,20260819,0.0,,0.0,2.039,,0.0,
159972.SZ,20260819,600.0,119.772,71863.2,119.772,,0.00612262,
159971.SZ,20260819,612900.0,1.267,776544.3,1.295,,0.672758,
159970.SZ,20260819,0.0,,0.0,1.081,,0.0,
159968.SZ,20260819,0.0,,0.0,10.66,,0.0,
159967.SZ,20260819,4646200.0,0.83,3856346.0,0.856,,0.556231,
159966.SZ,20260819,4600.0,0.561,2580.6,0.571,,0.0304349,
159965.SZ,20260819,0.0,,0.0,1.637,,0.0,
159964.SZ,20260819,0.0,,0.0,2.436,,0.0,
159961.SZ,20260819,0.0,,0.0,2.314,,0.0,
159960.SZ,20260819,0.0,,0.0,0.861,,0.0,
159959.SZ,20260819,0.0,,0.0,1.661,,0.0,
159958.SZ,20260819,11400.0,2.216,25262.4,2.25,,0.273324,
159957.SZ,20260819,197800.0,2.387,472148.6,2.44,,0.219244,
159956.SZ,20260819,66800.0,2.28,152304.0,2.358,,2.54159,
159954.SZ,20260819,600.0,0.923,553.8,0.923,,0.0332024,
159952.SZ,20260819,992500.0,2.213,2196402.5,2.261,,0.306536,
159949.SZ,20260819,8178200.0,1.71,13984722.0,1.748,,0.828022,
159948.SZ,20260819,46700.0,4.056,189415.2,4.114,,0.188736,
159945.SZ,20260819,13400.0,1.395,18693.0,1.393,,0.32559,
159944.SZ,20260819,500.0,1.534,767.0,1.535,,0.0171824,
159943.SZ,20260819,142100.0,1.588,225654.8,1.62,,0.783589,
159941.SZ,20260819,7312900.0,1.65,12066285.0,1.667,,1.29712,
159899.SZ,20260819,214100.0,0.726,155436.6,0.734,,0.516001,
159896.SZ,20260819,0.0,,0.0,1.343,,0.0,
159814.SZ,20260819,157700.0,0.752,118590.4,0.769,,0.235772,
159856.SZ,20260819,200.0,0.598,119.6,0.599,,0.00640939,
159852.SZ,20260819,7372400.0,0.699,5153307.6,0.708,,0.724391,
159851.SZ,20260819,1647300.0,0.617,1016384.1,0.623,,0.391956,
159850.SZ,20260819,12900.0,0.818,10552.2,0.818,,0.19261,
159849.SZ,20260819,0.0,,0.0,0.533,,0.0,
159848.SZ,20260819,10000.0,0.855,8550.0,0.86,,0.219479,
159847.SZ,20260819,344100.0,0.421,144866.1,0.423,,0.394602,
159845.SZ,20260819,825000.0,3.259,2688675.0,3.307,,0.13468,
159843.SZ,20260819,30000.0,0.546,16380.0,0.549,,0.22678,
159842.SZ,20260819,1095100.0,1.023,1120287.3,1.027,,0.36643,
159841.SZ,20260819,905600.0,0.974,882054.4,0.978,,0.32102,
159840.SZ,20260819,348600.0,0.786,273999.6,0.798,,0.49694,
159839.SZ,20260819,373400.0,0.389,145252.6,0.391,,0.235969,
159838.SZ,20260819,100.0,0.612,61.2,0.612,,0.00147221,
159837.SZ,20260819,4231100.0,0.525,2221327.5,0.525,,4.81416,
159836.SZ,20260819,500.0,1.333,666.5,1.355,,0.0419921,
159835.SZ,20260819,7600.0,0.708,5380.8,0.711,,0.022083,
159834.SZ,20260819,10300.0,9.341,96212.3,9.454,,0.0568508,
159831.SZ,20260819,1600.0,9.1,14560.0,9.164,,0.00886674,
159830.SZ,20260819,1400.0,9.377,13127.8,9.484,,0.0176436,
159828.SZ,20260819,621400.0,0.438,272173.2,0.44,,0.461706,
159827.SZ,20260819,7100.0,0.799,5672.9,0.799,,0.189028,
159825.SZ,20260819,4461400.0,0.744,3319281.6,0.743,,3.06233,
159824.SZ,20260819,0.0,,0.0,1.129,,0.0,
159822.SZ,20260819,57400.0,0.593,34038.2,0.6,,0.539676,
159821.SZ,20260819,67000.0,1.351,90517.0,1.396,,4.03469,
159820.SZ,20260819,300.0,1.405,421.5,1.419,,0.00369668,
159819.SZ,20260819,3873300.0,1.83,7088139.0,1.877,,1.37506,
159855.SZ,20260819,30600.0,0.73,22338.0,0.735,,0.16475,
159857.SZ,20260819,874400.0,0.749,654925.6,0.762,,1.08637,
159895.SZ,20260819,0.0,,0.0,1.463,,0.0,
159858.SZ,20260819,104700.0,0.739,77373.3,0.74,,0.170364,
159892.SZ,20260819,1132800.0,0.792,897177.6,0.793,,0.124654,
159891.SZ,20260819,19600.0,0.389,7624.4,0.391,,0.068353,
159890.SZ,20260819,33100.0,1.78,58918.0,1.811,,0.216127,
159889.SZ,20260819,0.0,,0.0,0.922,,0.0,
159888.SZ,20260819,300.0,1.06,318.0,1.068,,0.00173835,
159887.SZ,20260819,981100.0,1.314,1289165.4,1.311,,1.4502,
159886.SZ,20260819,0.0,,0.0,0.956,,0.0,
159885.SZ,20260819,0.0,,0.0,0.742,,0.0,
159883.SZ,20260819,852800.0,0.445,379496.0,0.447,,0.470396,
159881.SZ,20260819,26700.0,0.925,24697.5,0.94,,0.140032,
159880.SZ,20260819,43600.0,0.975,42510.0,0.99,,0.122307,
159877.SZ,20260819,200.0,0.52,104.0,0.521,,0.002392,
159876.SZ,20260819,112800.0,0.985,111108.0,1.002,,0.143507,
159875.SZ,20260819,143800.0,0.613,88149.4,0.62,,0.148575,
159873.SZ,20260819,3500.0,0.534,1869.0,0.535,,0.0198653,
159872.SZ,20260819,0.0,,0.0,0.849,,0.0,
159871.SZ,20260819,275400.0,0.965,265761.0,0.983,,0.661429,
159870.SZ,20260819,1435700.0,0.81,1162917.0,0.818,,0.286719,
159869.SZ,20260819,7169900.0,1.101,7894059.9,1.109,,1.37653,
159867.SZ,20260819,401700.0,0.558,224148.6,0.557,,0.600516,
159866.SZ,20260819,1859300.0,1.682,3127342.6,1.714,,1.04696,
159865.SZ,20260819,8102400.0,0.545,4415808.0,0.548,,2.19728,
159864.SZ,20260819,1700.0,0.575,977.5,0.582,,0.00911182,
159863.SZ,20260819,0.0,,0.0,0.596,,0.0,
159862.SZ,20260819,100.0,0.552,55.2,0.552,,0.00180252,
159861.SZ,20260819,0.0,,0.0,1.078,,0.0,
159859.SZ,20260819,591700.0,0.42,248514.0,0.421,,0.111928,
159980.SZ,20260819,333600.0,2.123,708232.8,2.15,,0.209887,
159981.SZ,20260819,991600.0,1.578,1564744.8,1.563,,0.570794,
159982.SZ,20260819,0.0,,0.0,2.194,,0.0,
160919.SZ,20260819,0.0,,0.0,3.752,,0.0,
160916.SZ,20260819,0.0,,0.0,4.745,,0.0,
160910.SZ,20260819,0.0,,0.0,0.94,,0.0,
160813.SZ,20260819,0.0,,0.0,1.978,,0.0,
160812.SZ,20260819,0.0,,0.0,2.542,,0.0,
160807.SZ,20260819,0.0,,0.0,1.91,,0.0,
160806.SZ,20260819,0.0,,0.0,2.133,,0.0,
160805.SZ,20260819,0.0,,0.0,0.756,,0.0,
160726.SZ,20260819,0.0,,0.0,1.236,,0.0,
160723.SZ,20260819,1933500.0,2.096,4052616.0,2.07,,0.743018,
160722.SZ,20260819,0.0,,0.0,2.299,,0.0,
160719.SZ,20260819,108500.0,1.921,208428.5,1.943,,2.09976,
160717.SZ,20260819,0.0,,0.0,0.722,,0.0,
160716.SZ,20260819,0.0,,0.0,2.046,,0.0,
160706.SZ,20260819,0.0,,0.0,1.214,,0.0,
160644.SZ,20260819,1471900.0,1.761,2592015.9,1.808,,1.44933,
160643.SZ,20260819,0.0,,0.0,1.2,,0.0,
160642.SZ,20260819,300.0,2.744,823.2,2.73,,7.25865,
160641.SZ,20260819,0.0,,0.0,105.865,,,
160639.SZ,20260819,0.0,,0.0,0.836,,0.0,
160638.SZ,20260819,0.0,,0.0,3.104,,0.0,
160637.SZ,20260819,100.0,1.697,169.7,1.708,,0.265155,
160635.SZ,20260819,0.0,,0.0,0.924,,0.0,
160633.SZ,20260819,0.0,,0.0,1.064,,0.0,
160632.SZ,20260819,50600.0,0.269,13611.4,0.27,,0.422455,
160631.SZ,20260819,0.0,,0.0,1.348,,0.0,
160630.SZ,20260819,0.0,,0.0,0.999,,0.0,
160629.SZ,20260819,0.0,,0.0,1.053,,0.0,
160918.SZ,20260819,0.0,,0.0,2.579,,0.0,
160921.SZ,20260819,0.0,,0.0,1.402,,0.0,
159985.SZ,20260819,1104800.0,2.214,2446027.2,2.205,,0.973107,
160924.SZ,20260819,0.0,,0.0,1.008,,0.0,
161117.SZ,20260819,6000.0,1.041,6246.0,1.041,,4.0557,
161116.SZ,20260819,419700.0,1.6,671520.0,1.621,,2.80896,
161115.SZ,20260819,0.0,,0.0,1.758,,0.0,
161040.SZ,20260819,100.0,2.34,234.0,2.364,,0.0434972,
161039.SZ,20260819,2100.0,2.742,5758.2,2.748,,5.72578,
161038.SZ,20260819,0.0,,0.0,1.739,,0.0,
161037.SZ,20260819,0.0,,0.0,2.999,,0.0,
161036.SZ,20260819,0.0,,0.0,0.659,,0.0,
161035.SZ,20260819,300.0,1.36,408.0,1.36,,0.130275,
161033.SZ,20260819,0.0,,0.0,1.777,,0.0,
161032.SZ,20260819,24800.0,2.299,57015.2,2.299,,3.07831,
161031.SZ,20260819,65000.0,1.557,101205.0,1.61,,46.7407,
161030.SZ,20260819,0.0,,0.0,1.038,,0.0,
161029.SZ,20260819,0.0,,0.0,1.748,,0.0,
161028.SZ,20260819,0.0,,0.0,1.059,,0.0,
161027.SZ,20260819,0.0,,0.0,1.029,,0.0,
161026.SZ,20260819,0.0,,0.0,1.224,,0.0,
161025.SZ,20260819,0.0,,0.0,1.508,,0.0,
161024.SZ,20260819,0.0,,0.0,1.135,,0.0,
161019.SZ,20260819,0.0,,0.0,1.223,,0.0,
161017.SZ,20260819,0.0,,0.0,2.65,,0.0,
161015.SZ,20260819,100.0,1.309,130.9,1.31,,4.61538,
161014.SZ,20260819,0.0,,0.0,1.47,,0.0,
161010.SZ,20260819,0.0,,0.0,1.21,,0.0,
161005.SZ,20260819,72485.0,3.225,233764.125,3.244,,3.43337,
160926.SZ,20260819,1700.0,1.109,1885.3,1.132,,0.324662,
160925.SZ,20260819,0.0,,0.0,1.333,,0.0,
160628.SZ,20260819,0.0,,0.0,0.488,,0.0,
160626.SZ,20260819,0.0,,0.0,1.732,,0.0,
160625.SZ,20260819,0.0,,0.0,0.829,,0.0,
160622.SZ,20260819,0.0,,0.0,1.145,,0.0,
160221.SZ,20260819,0.0,,0.0,2.329,,0.0,
160220.SZ,20260819,200.0,4.7,940.0,4.781,,0.0543737,
160219.SZ,20260819,1200.0,0.595,714.0,0.595,,0.284017,
160218.SZ,20260819,0.0,,0.0,0.581,,0.0,
160216.SZ,20260819,28800.0,0.641,18460.8,0.644,,0.897796,
160215.SZ,20260819,0.0,,0.0,3.734,,0.0,
160212.SZ,20260819,0.0,,0.0,3.73,,0.0,
160211.SZ,20260819,0.0,,0.0,2.685,,0.0,
160143.SZ,20260819,1800.0,1.679,3022.2,1.73,,1.29271,
160142.SZ,20260819,0.0,,0.0,1.079,,0.0,
160140.SZ,20260819,17800.0,1.449,25792.2,1.454,,0.420214,
160135.SZ,20260819,0.0,,0.0,0.99,,0.0,
160133.SZ,20260819,0.0,,0.0,4.444,,0.0,
160128.SZ,20260819,0.0,,0.0,1.026,,0.0,
160127.SZ,20260819,0.0,,0.0,0.871,,0.0,
160125.SZ,20260819,0.0,,0.0,1.58,,0.0,
160119.SZ,20260819,4500.0,2.302,10359.0,2.302,,1.60033,
160106.SZ,20260819,0.0,,0.0,1.596,,0.0,
160105.SZ,20260819,0.0,,0.0,1.315,,0.0,
159998.SZ,20260819,228100.0,1.007,229696.7,1.02,,0.199091,
159997.SZ,20260819,56900.0,2.188,124497.2,2.252,,0.127364,
159996.SZ,20260819,67900.0,1.437,97572.3,1.443,,0.143008,
159995.SZ,20260819,15996600.0,1.223,19563841.8,1.264,,2.39278,
159994.SZ,20260819,2451500.0,1.302,3191853.0,1.35,,1.348,
159993.SZ,20260819,41000.0,1.164,47724.0,1.167,,0.0445749,
159992.SZ,20260819,4174200.0,0.915,3819393.0,0.919,,0.326504,
159991.SZ,20260819,5700.0,0.871,4964.7,0.878,,0.120165,
160222.SZ,20260819,0.0,,0.0,0.673,,0.0,
160223.SZ,20260819,100.0,2.03,203.0,2.048,,0.0411481,
160225.SZ,20260819,0.0,,0.0,1.832,,0.0,
160526.SZ,20260819,0.0,,0.0,1.329,,0.0,
160621.SZ,20260819,0.0,,0.0,1.392,,0.0,
160620.SZ,20260819,0.0,,0.0,2.907,,0.0,
160618.SZ,20260819,0.0,,0.0,1.629,,0.0,
160617.SZ,20260819,0.0,,0.0,1.115,,0.0,
160616.SZ,20260819,0.0,,0.0,2.413,,0.0,
160615.SZ,20260819,0.0,,0.0,1.423,,0.0,
160613.SZ,20260819,0.0,,0.0,1.2,,0.0,
160611.SZ,20260819,0.0,,0.0,1.306,,0.0,
160610.SZ,20260819,0.0,,0.0,1.335,,0.0,
160607.SZ,20260819,0.0,,0.0,0.901,,0.0,
160529.SZ,20260819,200.0,1.533,306.6,1.555,,0.261588,
160527.SZ,20260819,0.0,,0.0,0.839,,0.0,
160518.SZ,20260819,0.0,,0.0,2.705,,0.0,
160311.SZ,20260819,0.0,,0.0,1.469,,0.0,
160515.SZ,20260819,0.0,,0.0,1.035,,0.0,
160513.SZ,20260819,0.0,,0.0,2.223,,0.0,
160512.SZ,20260819,0.0,,0.0,3.074,,0.0,
160505.SZ,20260819,0.0,,0.0,1.127,,0.0,
160421.SZ,20260819,0.0,,0.0,1.708,,0.0,
160416.SZ,20260819,110659.0,2.202,243671.118,2.173,,1.81294,
160326.SZ,20260819,0.0,,0.0,0.937,,0.0,
160325.SZ,20260819,3800.0,1.721,6539.8,1.776,,0.448807,
160324.SZ,20260819,4100.0,3.2,13120.0,3.259,,0.330496,
160323.SZ,20260819,0.0,,0.0,1.769,,0.0,
160322.SZ,20260819,1600.0,1.062,1699.2,1.073,,1.09812,
160314.SZ,20260819,0.0,,0.0,1.446,,0.0,
159816.SZ,20260819,1000.0,114.022,114022.0,113.999,,0.00332935,
159813.SZ,20260819,5505300.0,0.78,4294134.0,0.808,,1.18163,
159502.SZ,20260819,1241400.0,1.595,1980033.0,1.587,,0.965551,
159611.SZ,20260819,2161600.0,1.037,2241579.2,1.038,,0.489582,
159609.SZ,20260819,73500.0,0.517,37999.5,0.519,,0.567018,
159608.SZ,20260819,126400.0,1.116,141062.4,1.139,,0.121491,
159607.SZ,20260819,422600.0,0.807,341038.2,0.814,,0.373126,
159606.SZ,20260819,1400.0,1.391,1947.4,1.398,,0.0109539,
159605.SZ,20260819,1296300.0,0.811,1051299.3,0.818,,0.509292,
159603.SZ,20260819,43000.0,1.767,75981.0,1.823,,0.495822,
159602.SZ,20260819,0.0,,0.0,1.119,,0.0,
159601.SZ,20260819,62300.0,1.143,71208.9,1.155,,0.097134,
159600.SZ,20260819,0.0,,0.0,101.608,,0.0,
159599.SZ,20260819,886500.0,2.969,2632018.5,3.06,,1.29469,
159597.SZ,20260819,185500.0,0.842,156191.0,0.859,,0.45522,
159596.SZ,20260819,0.0,,0.0,0.667,,0.0,
159595.SZ,20260819,19500.0,1.391,27124.5,1.403,,0.0223091,
159593.SZ,20260819,278500.0,1.386,386001.0,1.395,,0.602036,
159592.SZ,20260819,33500.0,1.378,46163.0,1.381,,0.214994,
159591.SZ,20260819,0.0,,0.0,1.412,,0.0,
159590.SZ,20260819,579700.0,0.906,525208.2,0.919,,0.82012,
159589.SZ,20260819,152500.0,1.096,167140.0,1.092,,1.86936,
159588.SZ,20260819,8500.0,1.272,10812.0,1.274,,0.049843,
159587.SZ,20260819,3138900.0,1.235,3876541.5,1.236,,9.23921,
159586.SZ,20260819,8000.0,1.078,8624.0,1.09,,0.0737182,
159583.SZ,20260819,2920400.0,1.708,4988043.2,1.77,,0.838649,
159582.SZ,20260819,964600.0,0.812,783255.2,0.843,,0.716298,
159581.SZ,20260819,36900.0,1.06,39114.0,1.061,,0.175481,
159578.SZ,20260819,0.0,,0.0,1.213,,0.0,
159577.SZ,20260819,623000.0,1.638,1020474.0,1.648,,1.66553,
159576.SZ,20260819,6100.0,1.584,9662.4,1.616,,0.182855,
159610.SZ,20260819,0.0,,0.0,1.308,,0.0,
159612.SZ,20260819,289100.0,2.052,593233.2,2.071,,1.34017,
159573.SZ,20260819,7300.0,1.497,10928.1,1.517,,0.0729988,
159613.SZ,20260819,51800.0,0.885,45843.0,0.906,,0.374866,
159645.SZ,20260819,0.0,,0.0,0.643,,0.0,
159643.SZ,20260819,0.0,,0.0,0.581,,0.0,
159642.SZ,20260819,0.0,,0.0,0.962,,0.0,
159641.SZ,20260819,0.0,,0.0,1.018,,0.0,
159640.SZ,20260819,0.0,,0.0,0.958,,0.0,
159639.SZ,20260819,0.0,,0.0,0.98,,0.0,
159638.SZ,20260819,534600.0,0.867,463498.2,0.861,,1.10527,
159637.SZ,20260819,31000.0,0.843,26133.0,0.845,,0.0917458,
159636.SZ,20260819,1156000.0,0.532,614992.0,0.537,,0.209339,
159635.SZ,20260819,1000.0,1.002,1002.0,1.004,,0.00403217,
159633.SZ,20260819,244100.0,3.332,813341.2,3.393,,0.079921,
159632.SZ,20260819,1692300.0,2.455,4154596.5,2.484,,1.77243,
159631.SZ,20260819,0.0,,0.0,1.287,,0.0,
159630.SZ,20260819,0.0,,0.0,1.41,,0.0,
159629.SZ,20260819,465000.0,3.26,1515900.0,3.317,,0.376761,
159628.SZ,20260819,91000.0,1.425,129675.0,1.443,,0.147232,
159627.SZ,20260819,0.0,,0.0,1.343,,0.0,
159625.SZ,20260819,497200.0,1.198,595645.6,1.202,,1.69633,
159623.SZ,20260819,0.0,,0.0,1.007,,0.0,
159622.SZ,20260819,484600.0,1.214,588304.4,1.217,,0.4068,
159621.SZ,20260819,200.0,1.175,235.0,1.182,,0.00538924,
159620.SZ,20260819,0.0,,0.0,1.333,,0.0,
159619.SZ,20260819,100.0,0.94,94.0,0.943,,0.00405126,
159618.SZ,20260819,12100.0,0.701,8482.1,0.701,,0.425589,
159617.SZ,20260819,0.0,,0.0,1.369,,0.0,
159616.SZ,20260819,23500.0,0.814,19129.0,0.809,,0.14559,
159615.SZ,20260819,54200.0,1.137,61625.4,1.137,,0.0581262,
159575.SZ,20260819,0.0,,0.0,1.472,,0.0,
159572.SZ,20260819,62100.0,1.486,92280.6,1.515,,0.678478,
159812.SZ,20260819,6200.0,8.925,55335.0,9.044,,0.177955,
159537.SZ,20260819,87800.0,0.94,82532.0,0.965,,1.55881,
159535.SZ,20260819,0.0,,0.0,1.534,,0.0,
159533.SZ,20260819,1200.0,1.959,2350.8,1.991,,0.0543144,
159532.SZ,20260819,112700.0,1.647,185616.9,1.682,,0.429427,
159531.SZ,20260819,901700.0,1.479,1333614.3,1.504,,0.688337,
159530.SZ,20260819,9235200.0,1.447,13363334.4,1.471,,1.55501,
159529.SZ,20260819,75200.0,1.296,97459.2,1.303,,0.24937,
159528.SZ,20260819,0.0,,0.0,1.272,,0.0,
159527.SZ,20260819,305700.0,0.732,223772.4,0.755,,1.134,
159526.SZ,20260819,263900.0,1.51,398489.0,1.536,,1.28453,
159525.SZ,20260819,48100.0,1.083,52092.3,1.083,,0.339353,
159523.SZ,20260819,18600.0,1.3,24180.0,1.318,,0.322144,
159521.SZ,20260819,0.0,,0.0,1.312,,0.0,
159520.SZ,20260819,1500.0,0.92,1380.0,0.92,,0.0187608,
159519.SZ,20260819,6100.0,1.762,10748.2,1.767,,0.0302075,
159518.SZ,20260819,3576800.0,1.254,4485307.2,1.241,,1.19298,
159517.SZ,20260819,0.0,,0.0,1.395,,0.0,
159516.SZ,20260819,84970754.0,0.77,65427480.58,0.795,,1.52722,
159515.SZ,20260819,0.0,,0.0,1.191,,0.0,
159513.SZ,20260819,1829900.0,1.802,3297479.8,1.826,,2.00902,
159512.SZ,20260819,70400.0,1.048,73779.2,1.05,,0.397905,
159511.SZ,20260819,62300.0,2.431,151451.3,2.509,,0.68479,
159510.SZ,20260819,0.0,,0.0,1.262,,0.0,
159509.SZ,20260819,0.0,,0.0,2.824,,0.0,
159508.SZ,20260819,5000.0,0.862,4310.0,0.866,,0.0251331,
159507.SZ,20260819,529000.0,0.885,468165.0,0.918,,0.755527,
159506.SZ,20260819,349800.0,1.276,446344.8,1.269,,0.0909186,
159505.SZ,20260819,0.0,,0.0,1.67,,0.0,
159536.SZ,20260819,5100.0,1.422,7252.2,1.43,,0.0609395,
159538.SZ,20260819,36800.0,0.946,34812.8,0.983,,0.365949,
159571.SZ,20260819,2000.0,1.511,3022.0,1.506,,0.737518,
159539.SZ,20260819,9900.0,1.858,18394.2,1.92,,0.653052,
159570.SZ,20260819,7407100.0,1.439,10658816.9,1.439,,0.495527,
159569.SZ,20260819,92300.0,1.391,128389.3,1.393,,0.157415,
159568.SZ,20260819,46600.0,1.163,54195.8,1.17,,0.0781243,
159567.SZ,20260819,5021800.0,0.697,3500194.6,0.697,,0.39174,
159566.SZ,20260819,483100.0,1.922,928518.2,1.94,,0.289355,
159565.SZ,20260819,53600.0,1.346,72145.6,1.358,,0.256908,
159563.SZ,20260819,0.0,,0.0,1.911,,0.0,
159562.SZ,20260819,881100.0,2.204,1941944.4,2.262,,0.629712,
159561.SZ,20260819,1529400.0,1.367,2090689.8,1.376,,1.92514,
159560.SZ,20260819,95000.0,2.401,228095.0,2.492,,0.9534,
159559.SZ,20260819,991100.0,1.308,1296358.8,1.325,,1.09078,
159558.SZ,20260819,24596200.0,1.207,29687613.4,1.249,,1.51997,
159557.SZ,20260819,10300.0,1.46,15038.0,1.46,,0.0200643,
159556.SZ,20260819,0.0,,0.0,1.257,,0.0,
159555.SZ,20260819,34300.0,1.77,60711.0,1.807,,1.07908,
159553.SZ,20260819,2600.0,1.833,4765.8,1.88,,0.464784,
159552.SZ,20260819,318400.0,2.321,739006.4,2.352,,0.423602,
159551.SZ,20260819,66000.0,1.34,88440.0,1.352,,0.397956,
159550.SZ,20260819,20200.0,0.817,16503.4,0.824,,0.289124,
159549.SZ,20260819,23100.0,1.18,27258.0,1.18,,0.517547,
159547.SZ,20260819,139100.0,1.187,165111.7,1.186,,0.120517,
159546.SZ,20260819,352500.0,0.807,284467.5,0.838,,0.551213,
159545.SZ,20260819,223600.0,1.307,292245.2,1.309,,0.374478,
159543.SZ,20260819,0.0,,0.0,1.538,,0.0,
159542.SZ,20260819,0.0,,0.0,1.368,,0.0,
159541.SZ,20260819,0.0,,0.0,1.62,,0.0,
159540.SZ,20260819,19100.0,1.997,38142.7,2.062,,0.199766,
159647.SZ,20260819,222200.0,0.912,202646.4,0.913,,0.601282,
159649.SZ,20260819,200.0,110.318,22063.6,110.32,,0.00302707,
159650.SZ,20260819,1200.0,107.948,129537.6,107.941,,0.0343452,
159773.SZ,20260819,300.0,1.379,413.7,1.392,,0.00656561,
159768.SZ,20260819,179200.0,0.442,79206.4,0.44,,0.149347,
159767.SZ,20260819,400.0,0.806,322.4,0.806,,0.00993512,
159766.SZ,20260819,1309100.0,0.556,727859.6,0.558,,0.64249,
159763.SZ,20260819,2000.0,0.768,1536.0,0.776,,0.0333493,
159761.SZ,20260819,1200.0,0.858,1029.6,0.861,,0.0117967,
159760.SZ,20260819,0.0,,0.0,0.614,,0.0,
159758.SZ,20260819,71700.0,1.152,82598.4,1.152,,0.271467,
159757.SZ,20260819,8700.0,0.818,7116.6,0.822,,0.0773915,
159755.SZ,20260819,991600.0,0.975,966810.0,0.987,,0.306117,
159752.SZ,20260819,14100.0,0.63,8883.0,0.639,,0.262592,
159751.SZ,20260819,90600.0,0.899,81449.4,0.909,,0.314485,
159750.SZ,20260819,72100.0,0.878,63303.8,0.887,,0.153698,
159748.SZ,20260819,757400.0,0.865,655151.0,0.863,,0.635391,
159747.SZ,20260819,30000.0,1.19,35700.0,1.204,,0.139649,
159745.SZ,20260819,231100.0,0.539,124562.9,0.539,,0.280589,
159743.SZ,20260819,0.0,,0.0,1.453,,0.0,
159742.SZ,20260819,1824300.0,0.6,1094580.0,0.606,,0.987964,
159741.SZ,20260819,1532100.0,0.59,903939.0,0.593,,1.28108,
159740.SZ,20260819,8021100.0,0.583,4676301.3,0.591,,0.627027,
159739.SZ,20260819,53500.0,0.825,44137.5,0.838,,0.273506,
159738.SZ,20260819,12400.0,2.1,26040.0,2.14,,0.109457,
159736.SZ,20260819,36000.0,0.6,21600.0,0.601,,0.108262,
159735.SZ,20260819,77700.0,0.671,52136.7,0.672,,0.298244,
159732.SZ,20260819,1137700.0,1.43,1626911.0,1.468,,0.434679,
159731.SZ,20260819,32000.0,0.947,30304.0,0.95,,0.0543683,
159730.SZ,20260819,0.0,,0.0,1.032,,0.0,
159729.SZ,20260819,0.0,,0.0,0.714,,0.0,
159770.SZ,20260819,1587900.0,1.06,1683174.0,1.075,,1.1321,
159775.SZ,20260819,30200.0,0.82,24764.0,0.819,,0.12591,
159651.SZ,20260819,200.0,108.036,21607.2,108.036,,0.00878403,
159776.SZ,20260819,600.0,1.197,718.2,1.197,,0.0021798,
159811.SZ,20260819,39500.0,3.135,123832.5,3.15,,0.478576,
159810.SZ,20260819,0.0,,0.0,1.492,,0.0,
159808.SZ,20260819,400.0,1.422,568.8,1.436,,0.0269935,
159807.SZ,20260819,402800.0,0.959,386285.2,0.981,,0.958124,
159806.SZ,20260819,74400.0,0.723,53791.2,0.737,,0.340651,
159805.SZ,20260819,22100.0,1.162,25680.2,1.172,,0.0475979,
159804.SZ,20260819,0.0,,0.0,1.692,,0.0,
159801.SZ,20260819,1753000.0,1.215,2129895.0,1.252,,0.962528,
159800.SZ,20260819,0.0,,0.0,1.466,,0.0,
159798.SZ,20260819,91000.0,0.856,77896.0,0.853,,0.562958,
159797.SZ,20260819,100.0,0.684,68.4,0.685,,0.00131436,
159796.SZ,20260819,266900.0,0.887,236740.3,0.9,,0.127077,
159795.SZ,20260819,100.0,0.906,90.6,0.908,,0.00779545,
159793.SZ,20260819,200.0,0.801,160.2,0.802,,0.010472,
159792.SZ,20260819,30324500.0,0.589,17861130.5,0.593,,0.923921,
159791.SZ,20260819,0.0,,0.0,1.131,,0.0,
159790.SZ,20260819,10500.0,0.727,7633.5,0.733,,0.0363874,
159788.SZ,20260819,0.0,,0.0,1.224,,0.0,
159787.SZ,20260819,300.0,0.595,178.5,0.597,,0.0113421,
159786.SZ,20260819,28600.0,1.199,34291.4,1.219,,0.280776,
159783.SZ,20260819,1067300.0,1.15,1227395.0,1.185,,0.678932,
159782.SZ,20260819,141800.0,1.157,164062.6,1.183,,0.472961,
159781.SZ,20260819,3094100.0,1.151,3561309.1,1.18,,0.694187,
159780.SZ,20260819,686200.0,1.157,793933.4,1.18,,0.502266,
159779.SZ,20260819,7700.0,1.528,11765.6,1.547,,0.152438,
159778.SZ,20260819,0.0,,0.0,1.26,,0.0,
159777.SZ,20260819,15300.0,1.303,19935.9,1.304,,0.699332,
159728.SZ,20260819,1000.0,0.791,791.0,0.791,,0.0119272,
159726.SZ,20260819,0.0,,0.0,1.355,,0.0,
159725.SZ,20260819,11500.0,0.772,8878.0,0.78,,0.102864,
159723.SZ,20260819,11000.0,1.102,12122.0,1.128,,1.47216,
159682.SZ,20260819,743700.0,1.667,1239747.9,1.701,,0.496904,
159681.SZ,20260819,55200.0,1.695,93564.0,1.725,,0.0847665,
159680.SZ,20260819,130100.0,1.72,223772.0,1.737,,0.207711,
159679.SZ,20260819,52300.0,1.302,68094.6,1.332,,0.987609,
159678.SZ,20260819,20000.0,1.574,31480.0,1.606,,0.634152,
159677.SZ,20260819,100.0,1.495,149.5,1.506,,0.00186077,
159676.SZ,20260819,46800.0,1.68,78624.0,1.724,,0.468482,
159675.SZ,20260819,200.0,1.505,301.0,1.52,,0.00391428,
159673.SZ,20260819,33700.0,1.305,43978.5,1.318,,0.0772196,
159672.SZ,20260819,10000.0,0.635,6350.0,0.635,,0.131814,
159671.SZ,20260819,68800.0,1.366,93980.8,1.397,,0.196137,
159670.SZ,20260819,0.0,,0.0,0.862,,0.0,
159669.SZ,20260819,0.0,,0.0,1.106,,0.0,
159667.SZ,20260819,1114600.0,0.708,789136.8,0.722,,0.356337,
159666.SZ,20260819,900.0,0.976,878.4,0.974,,0.00366601,
159665.SZ,20260819,198700.0,2.584,513440.8,2.66,,0.878159,
159663.SZ,20260819,967400.0,1.06,1025444.0,1.081,,1.1152,
159662.SZ,20260819,6900.0,0.976,6734.4,0.978,,0.0972097,
159661.SZ,20260819,0.0,,0.0,1.47,,0.0,
159660.SZ,20260819,737200.0,2.367,1744952.4,2.396,,1.61985,
159659.SZ,20260819,748900.0,2.341,1753174.9,2.37,,0.866109,
159658.SZ,20260819,0.0,,0.0,1.86,,0.0,
159657.SZ,20260819,0.0,,0.0,0.624,,0.0,
159656.SZ,20260819,100.0,1.266,126.6,1.266,,0.00107077,
159655.SZ,20260819,623100.0,2.0,1246200.0,2.017,,0.901585,
159653.SZ,20260819,0.0,,0.0,1.218,,0.0,
159652.SZ,20260819,300600.0,1.636,491781.6,1.665,,0.229296,
159685.SZ,20260819,0.0,,0.0,1.521,,0.0,
159686.SZ,20260819,400.0,1.328,531.2,1.325,,0.0030174,
159687.SZ,20260819,799700.0,1.812,1449056.4,1.846,,0.83748,
159707.SZ,20260819,462400.0,0.491,227038.4,0.491,,0.244452,
159721.SZ,20260819,200.0,1.088,217.6,1.103,,0.0128098,
159720.SZ,20260819,0.0,,0.0,0.746,,0.0,
159719.SZ,20260819,0.0,,0.0,1.588,,0.0,
159718.SZ,20260819,11600.0,0.896,10393.6,0.893,,0.0393292,
159717.SZ,20260819,0.0,,0.0,1.074,,0.0,
159716.SZ,20260819,0.0,,0.0,1.168,,0.0,
159715.SZ,20260819,65500.0,1.224,80172.0,1.237,,0.130964,
159713.SZ,20260819,239800.0,1.331,319173.8,1.344,,0.505343,
159712.SZ,20260819,2700.0,1.231,3323.7,1.243,,0.0332196,
159711.SZ,20260819,700.0,1.341,938.7,1.341,,0.00355635,
159709.SZ,20260819,0.0,,0.0,1.8,,0.0,
159708.SZ,20260819,0.0,,0.0,0.824,,0.0,
159706.SZ,20260819,0.0,,0.0,0.971,,0.0,
159688.SZ,20260819,580800.0,0.774,449539.2,0.782,,0.495632,
159703.SZ,20260819,2100.0,0.97,2037.0,0.967,,0.0350057,
159701.SZ,20260819,200.0,1.31,262.0,1.323,,0.0246154,
159700.SZ,20260819,0.0,,0.0,101.62,,0.0,
159699.SZ,20260819,40000.0,0.897,35880.0,0.897,,0.288233,
159698.SZ,20260819,8754000.0,0.958,8386332.0,0.957,,8.11627,
159697.SZ,20260819,131300.0,1.348,176992.4,1.347,,0.352556,
159696.SZ,20260819,1517500.0,2.026,3074455.0,2.057,,4.93987,
159695.SZ,20260819,612300.0,0.975,596992.5,1.004,,0.790819,
159692.SZ,20260819,523500.0,1.201,628723.5,1.206,,0.633318,
159691.SZ,20260819,48400.0,1.196,57886.4,1.199,,0.0523421,
159690.SZ,20260819,16700.0,1.953,32615.1,2.01,,0.120851,
159689.SZ,20260819,0.0,,0.0,0.639,,0.0,
123072.SZ,20260819,10.0,119.722,1197.22,119.713,,,
123071.SZ,20260819,260.0,114.655,29810.3,114.671,,,
123065.SZ,20260819,2520.0,116.0,292320.0,116.299,,,
002334.SZ,20260819,16600.0,6.62,109892.0,6.64,0.00225847,0.153154,73501.2
002332.SZ,20260819,19100.0,8.44,161204.0,8.44,0.00193993,0.146571,98457.4
002331.SZ,20260819,37400.0,6.92,258808.0,6.98,0.00930166,0.4963,40207.9
002330.SZ,20260819,289300.0,4.18,1209274.0,4.23,0.0455484,0.83965,63514.9
002329.SZ,20260819,4141300.0,4.05,16772265.0,4.23,0.635566,2.22276,65159.3
002328.SZ,20260819,66600.0,7.25,482850.0,7.33,0.0116702,0.197547,57068.6
002327.SZ,20260819,18400.0,6.62,121808.0,6.6,0.00374758,0.512192,49098.3
002326.SZ,20260819,335500.0,21.1,7079050.0,21.29,0.0413295,0.910384,81176.9
002324.SZ,20260819,43200.0,9.24,399168.0,9.32,0.00556503,0.295007,77627.6
002323.SZ,20260819,472700.0,1.29,609783.0,1.29,0.022292,1.47059,212049.0
002322.SZ,20260819,457100.0,12.35,5645185.0,12.68,0.130087,1.91511,35138.1
002321.SZ,20260819,497000.0,2.09,1038730.0,2.09,0.0234007,1.48932,212387.0
002320.SZ,20260819,23200.0,6.56,152192.0,6.59,0.00103766,0.159425,223580.0
002319.SZ,20260819,21800.0,11.09,241762.0,11.29,0.0104071,0.256281,20947.3
002318.SZ,20260819,16500.0,19.69,324885.0,19.83,0.00172951,0.214795,95402.5
002317.SZ,20260819,110000.0,28.26,3108600.0,28.49,0.0144429,0.224885,76161.7
002316.SZ,20260819,68100.0,4.46,303726.0,4.52,0.0199833,0.728627,34078.5
002315.SZ,20260819,25700.0,25.31,650467.0,25.48,0.00977509,0.338372,26291.3
002314.SZ,20260819,18100.0,2.11,38191.0,2.13,0.00135244,0.0706033,133832.0
002313.SZ,20260819,13100.0,8.32,108992.0,8.42,0.00349913,0.143123,37437.9
002312.SZ,20260819,210500.0,8.57,1803985.0,8.64,0.0111693,1.09099,188464.0
002311.SZ,20260819,35700.0,46.01,1642557.0,46.01,0.00215835,0.443762,165404.0
002310.SZ,20260819,489000.0,2.34,1144260.0,2.36,0.0111161,0.371676,439901.0
002309.SZ,20260819,513400.0,3.15,1617210.0,3.18,0.0213371,0.28549,240613.0
002307.SZ,20260819,39100.0,2.95,115345.0,2.96,0.00240006,0.186711,162912.0
002306.SZ,20260819,1400.0,1.92,2688.0,1.92,0.000172268,0.0229798,81268.9
002305.SZ,20260819,40100.0,2.09,83809.0,2.09,0.00231243,0.250295,173410.0
002304.SZ,20260819,7800.0,39.58,308724.0,39.65,0.000517787,0.117502,150641.0
002333.SZ,20260819,1921330.0,6.34,12181232.2,5.76,0.288267,27.1892,66650.9
002335.SZ,20260819,187000.0,31.47,5884890.0,32.2,0.0283447,0.595816,65973.5
002302.SZ,20260819,42300.0,4.71,199233.0,4.74,0.00335088,0.430049,126235.0
002337.SZ,20260819,26500.0,4.69,124285.0,4.71,0.00450683,0.397193,58799.7
002366.SZ,20260819,231200.0,5.81,1343272.0,5.89,0.0124949,0.473938,185036.0
002365.SZ,20260819,949100.0,15.18,14407338.0,15.55,0.386932,4.03752,24528.8
002364.SZ,20260819,652201.0,41.75,27229391.75,43.72,0.11686,1.06182,55810.4
002363.SZ,20260819,5000.0,6.51,32550.0,6.54,0.00120262,0.135648,41575.8
002362.SZ,20260819,3000.0,16.0,48000.0,16.13,0.00144513,0.0963438,20759.4
002361.SZ,20260819,5357500.0,12.53,67129475.0,12.12,0.662222,5.40523,80901.9
002360.SZ,20260819,32200.0,5.45,175490.0,5.5,0.00989187,0.758151,32552.0
002358.SZ,20260819,36700.0,5.45,200015.0,5.5,0.00394727,0.233294,92975.6
002357.SZ,20260819,82800.0,10.79,893412.0,10.84,0.0264134,0.439604,31347.8
002356.SZ,20260819,54100.0,2.74,148234.0,2.77,0.00412584,0.268524,131125.0
002355.SZ,20260819,149900.0,4.9,734510.0,4.95,0.0242491,0.471703,61816.7
002354.SZ,20260819,1201100.0,7.8,9368580.0,7.92,0.0738823,0.336795,162569.0
002353.SZ,20260819,88800.0,157.0,13941600.0,162.55,0.0128496,0.400446,69107.0
002352.SZ,20260819,109500.0,32.7,3580650.0,32.7,0.00228167,0.615366,479912.0
002351.SZ,20260819,18500.0,9.75,180375.0,9.79,0.00355048,0.265624,52105.7
002350.SZ,20260819,43600.0,15.0,654000.0,15.06,0.00821786,0.346595,53055.1
002349.SZ,20260819,76000.0,7.02,533520.0,7.08,0.00933453,0.407604,81418.1
002348.SZ,20260819,392100.0,11.99,4701279.0,12.18,0.0433963,1.32458,90353.3
002347.SZ,20260819,71500.0,6.08,434720.0,6.11,0.0144918,0.35202,49338.3
002346.SZ,20260819,206300.0,25.74,5310162.0,26.1,0.0526123,1.55257,39211.3
002345.SZ,20260819,165200.0,10.1,1668520.0,10.25,0.0190492,0.628921,86722.9
002344.SZ,20260819,16800.0,3.88,65184.0,3.88,0.0013112,0.113512,128127.0
002343.SZ,20260819,24900.0,5.03,125247.0,5.05,0.00525671,0.282636,47368.0
002342.SZ,20260819,761900.0,8.37,6377103.0,8.32,0.079806,2.00344,95469.0
002340.SZ,20260819,445316.0,6.55,2916819.8,6.61,0.008773,0.58517,507598.0
002339.SZ,20260819,35400.0,7.18,254172.0,7.19,0.00739471,0.27069,47872.0
002338.SZ,20260819,48800.0,46.0,2244800.0,46.22,0.0203333,0.772565,24000.0
002303.SZ,20260819,157000.0,5.1,800700.0,5.13,0.0162378,0.361162,96688.1
002301.SZ,20260819,22900.0,7.75,177475.0,7.86,0.00318947,0.157201,71798.9
002236.SZ,20260819,426600.0,16.46,7021836.0,16.66,0.0178409,0.947727,239114.0
002268.SZ,20260819,50300.0,13.9,699170.0,13.95,0.00595087,0.526394,84525.4
002266.SZ,20260819,246500.0,4.96,1222640.0,5.0,0.00509026,0.425697,484259.0
002265.SZ,20260819,67700.0,19.19,1299163.0,19.49,0.00655347,0.320973,103304.0
002264.SZ,20260819,671900.0,6.71,4508449.0,6.87,0.103225,3.33226,65090.8
002263.SZ,20260819,279100.0,3.01,840091.0,3.03,0.0148588,0.634985,187835.0
002262.SZ,20260819,160500.0,23.05,3699525.0,23.1,0.0181607,1.25523,88377.6
002261.SZ,20260819,857800.0,26.3,22560140.0,27.19,0.0748448,1.34499,114611.0
002259.SZ,20260819,682600.0,3.78,2580228.0,3.83,0.0907317,6.21933,75232.8
002258.SZ,20260819,310600.0,14.71,4568926.0,14.97,0.0388664,1.01616,79914.9
002256.SZ,20260819,335600.0,3.52,1181312.0,3.53,0.0166605,0.367654,201435.0
002255.SZ,20260819,52000.0,8.41,437320.0,8.49,0.00815083,0.563167,63797.2
002254.SZ,20260819,103000.0,12.68,1306040.0,12.81,0.0121095,0.514878,85057.3
002253.SZ,20260819,7700.0,9.63,74151.0,9.72,0.00366756,0.204527,20994.9
002252.SZ,20260819,56700.0,4.88,276696.0,4.89,0.000860622,0.118654,658826.0
002251.SZ,20260819,1181200.0,3.77,4453124.0,3.76,0.053148,0.804683,222247.0
002250.SZ,20260819,39900.0,16.0,638400.0,16.12,0.00445822,0.239848,89497.6
002249.SZ,20260819,131000.0,7.4,969400.0,7.45,0.00702874,0.396402,186378.0
002248.SZ,20260819,1284500.0,11.3,14514850.0,12.44,0.41773,1.44429,30749.6
002247.SZ,20260819,81900.0,2.38,194922.0,2.38,0.0127265,0.40895,64354.1
002246.SZ,20260819,110000.0,21.19,2330900.0,21.28,0.0200352,0.569337,54903.5
002245.SZ,20260819,511001.0,18.88,9647698.88,19.16,0.031757,0.616712,160910.0
002244.SZ,20260819,213200.0,9.16,1952912.0,9.1,0.0077315,0.532367,275755.0
002243.SZ,20260819,28300.0,7.36,208288.0,7.38,0.00235022,0.251131,120414.0
002242.SZ,20260819,67200.0,9.06,608832.0,9.13,0.00882254,0.73245,76168.6
002241.SZ,20260819,397100.0,22.2,8815620.0,22.48,0.0126235,0.689347,314571.0
002240.SZ,20260819,319800.0,32.4,10361520.0,33.23,0.0350309,0.72568,91290.9
002239.SZ,20260819,86600.0,2.48,214768.0,2.49,0.00265144,0.180317,326615.0
002238.SZ,20260819,2800.0,5.98,16744.0,6.02,0.000348884,0.0412658,80255.9
002267.SZ,20260819,24800.0,7.02,174096.0,7.03,0.00223006,0.382236,111208.0
002269.SZ,20260819,210300.0,1.46,307038.0,1.46,0.00897288,0.462509,234373.0
002300.SZ,20260819,274900.0,7.05,1938045.0,7.03,0.0380592,0.833937,72229.5
002270.SZ,20260819,33800.0,20.26,684788.0,20.46,0.00377143,0.250881,89621.1
002299.SZ,20260819,86300.0,16.47,1421361.0,16.39,0.0070819,0.616568,121860.0
002298.SZ,20260819,248200.0,8.4,2084880.0,8.57,0.037563,0.410412,66075.7
002297.SZ,20260819,707800.0,19.63,13894114.0,19.53,0.123503,1.52249,57310.5
002296.SZ,20260819,12300.0,8.9,109470.0,8.97,0.00354043,0.162278,34741.5
002295.SZ,20260819,39600.0,8.92,353232.0,8.92,0.015813,1.54398,25042.7
002294.SZ,20260819,81100.0,34.78,2820658.0,34.78,0.00727638,0.297489,111457.0
002293.SZ,20260819,44900.0,11.29,506921.0,11.25,0.00540808,0.868821,83024.0
002292.SZ,20260819,151200.0,8.04,1215648.0,8.11,0.0148544,0.394735,101788.0
002291.SZ,20260819,127000.0,5.33,676910.0,5.37,0.0146124,0.349462,86912.5
002290.SZ,20260819,34800.0,68.0,2366400.0,68.55,0.0140705,0.484859,24732.7
002289.SZ,20260819,91800.0,42.1,3864780.0,43.13,0.033451,1.44609,27443.1
002287.SZ,20260819,1800.0,20.37,36666.0,20.34,0.000315267,0.0660956,57094.5
002286.SZ,20260819,68500.0,8.21,562385.0,8.3,0.0185291,0.849887,36969.0
002285.SZ,20260819,379800.0,2.21,839358.0,2.16,0.0192281,0.956251,197524.0
002284.SZ,20260819,2934827.0,10.29,30199369.83,10.22,0.40083,14.1087,73218.8
002283.SZ,20260819,51400.0,9.42,484188.0,9.58,0.00512551,0.237326,100283.0
002282.SZ,20260819,13800.0,5.95,82110.0,5.96,0.00273265,0.37356,50500.5
002281.SZ,20260819,318100.0,188.02,59809162.0,197.64,0.0404537,0.741087,78633.0
002279.SZ,20260819,347200.0,6.62,2298464.0,6.75,0.0436455,0.385849,79549.9
002278.SZ,20260819,59800.0,8.24,492752.0,8.29,0.0166666,0.549231,35880.1
002277.SZ,20260819,63200.0,5.75,363400.0,5.81,0.00453315,0.344478,139417.0
002276.SZ,20260819,40700.0,10.35,421245.0,10.4,0.00404134,0.322376,100709.0
002275.SZ,20260819,5800.0,13.36,77488.0,13.4,0.0010411,0.255,55710.3
002274.SZ,20260819,93400.0,5.86,547324.0,5.91,0.00995896,0.592518,93784.9
002273.SZ,20260819,247600.0,28.12,6962512.0,29.0,0.0181248,0.578212,136608.0
002272.SZ,20260819,237000.0,15.87,3761190.0,16.38,0.0580693,0.653326,40813.3
002271.SZ,20260819,113300.0,11.76,1332408.0,11.78,0.00591802,0.244772,191449.0
002367.SZ,20260819,31000.0,5.4,167400.0,5.44,0.00390145,0.224851,79457.6
002368.SZ,20260819,168800.0,14.19,2395272.0,14.52,0.0271569,1.7516,62157.4
002369.SZ,20260819,33100.0,5.77,190987.0,5.81,0.00584595,0.124637,56620.4
002467.SZ,20260819,610700.0,4.72,2882504.0,4.79,0.0446807,0.743296,136681.0
002465.SZ,20260819,1738800.0,10.87,18900756.0,10.61,0.0701727,4.21429,247789.0
002463.SZ,20260819,661000.0,118.07,78044270.0,123.59,0.0343768,1.57185,192281.0
002462.SZ,20260819,4200.0,12.21,51282.0,12.26,0.00144097,0.0819092,29147.0
002461.SZ,20260819,6200.0,8.67,53754.0,8.67,0.000280121,0.136895,221333.0
002460.SZ,20260819,270200.0,52.6,14212520.0,53.59,0.0223081,0.783887,121122.0
002459.SZ,20260819,120544.0,7.53,907696.32,7.65,0.00364536,0.300211,330678.0
002458.SZ,20260819,423400.0,9.62,4073108.0,9.65,0.0438127,0.56201,96638.6
002457.SZ,20260819,168200.0,10.9,1833380.0,11.06,0.0504695,0.927448,33327.0
002456.SZ,20260819,287800.0,7.06,2031868.0,7.13,0.00867491,0.36359,331762.0
002455.SZ,20260819,106600.0,7.28,776048.0,7.4,0.0161317,0.317142,66081.2
002454.SZ,20260819,26100.0,4.98,129978.0,5.02,0.00297485,0.28098,87735.4
002453.SZ,20260819,20300.0,4.41,89523.0,4.42,0.00336845,0.214551,60265.0
002452.SZ,20260819,22800.0,11.45,261060.0,11.56,0.00440256,0.174771,51788.0
002451.SZ,20260819,7400.0,7.38,54612.0,7.38,0.00168508,0.101554,43914.9
002449.SZ,20260819,50300.0,6.43,323429.0,6.5,0.00813288,0.639014,61847.7
002448.SZ,20260819,555600.0,13.77,7650612.0,13.83,0.095709,1.79109,58050.9
002446.SZ,20260819,180100.0,9.04,1628104.0,9.05,0.0212438,0.602326,84777.7
002445.SZ,20260819,0.0,,0.0,3.06,,0.0,
002444.SZ,20260819,16300.0,30.37,495031.0,30.54,0.00142143,0.225371,114673.0
002443.SZ,20260819,136100.0,9.33,1269813.0,9.33,0.0261462,0.545869,52053.6
002442.SZ,20260819,34300.0,5.01,171843.0,5.05,0.00697848,0.471938,49151.1
002441.SZ,20260819,11400.0,7.91,90174.0,7.92,0.00286034,0.24231,39855.4
002440.SZ,20260819,87600.0,13.05,1143180.0,13.23,0.00925652,0.171584,94635.9
002439.SZ,20260819,122100.0,13.53,1652013.0,13.7,0.0167582,0.499126,72859.9
002438.SZ,20260819,35700.0,14.23,508011.0,14.34,0.00761388,0.390524,46888.1
002437.SZ,20260819,12183100.0,4.85,59088035.0,4.76,0.580105,1.79716,210015.0
002436.SZ,20260819,1127278.0,35.53,40052187.34,37.56,0.0742641,0.856928,151793.0
002466.SZ,20260819,324000.0,47.05,15244200.0,47.93,0.0219553,0.730972,147572.0
002468.SZ,20260819,46100.0,14.79,681819.0,14.77,0.00312269,0.384596,147629.0
002370.SZ,20260819,326300.0,5.95,1941485.0,6.04,0.0437621,0.418329,74562.2
002469.SZ,20260819,327100.0,6.05,1978955.0,6.07,0.0520526,3.0801,62840.3
002498.SZ,20260819,525500.0,6.57,3452535.0,6.6,0.015796,0.4148,332680.0
002497.SZ,20260819,326500.0,19.16,6255740.0,19.42,0.0308139,0.85264,105959.0
002496.SZ,20260819,158400.0,2.16,342144.0,2.15,0.0134095,0.631963,118125.0
002495.SZ,20260819,67300.0,2.42,162866.0,2.42,0.00969855,0.345351,69391.8
002494.SZ,20260819,20700.0,4.8,99360.0,4.83,0.00721832,0.26363,28677.0
002493.SZ,20260819,207700.0,12.77,2652329.0,12.87,0.00222423,0.462926,933807.0
002492.SZ,20260819,30500.0,5.56,169580.0,5.54,0.0076665,0.669017,39783.5
002491.SZ,20260819,2261900.0,18.32,41438008.0,19.47,0.192262,0.982659,117647.0
002490.SZ,20260819,1137300.0,8.13,9246249.0,8.02,0.209942,1.80946,54172.2
002489.SZ,20260819,197200.0,2.73,538356.0,2.76,0.0103082,0.808067,191304.0
002488.SZ,20260819,127100.0,8.52,1082892.0,8.62,0.013814,0.608712,92008.4
002487.SZ,20260819,86000.0,40.87,3514820.0,41.34,0.0136309,0.429303,63092.0
002486.SZ,20260819,164000.0,2.56,419840.0,2.57,0.0199893,0.437309,82043.8
002485.SZ,20260819,6800.0,6.08,41344.0,6.08,0.00125,0.261763,54400.0
002484.SZ,20260819,521232.0,64.05,33384909.6,67.41,0.0635283,0.931647,82047.2
002483.SZ,20260819,203300.0,5.48,1114084.0,5.53,0.0229652,0.631008,88525.1
002482.SZ,20260819,231100.0,1.26,291186.0,1.27,0.00617302,0.367369,374371.0
002481.SZ,20260819,128600.0,4.35,559410.0,4.37,0.0115011,1.06664,111815.0
002480.SZ,20260819,55700.0,5.61,312477.0,5.67,0.0072561,1.02531,76763.0
002479.SZ,20260819,69600.0,5.75,400200.0,5.75,0.00806421,0.465419,86307.3
002478.SZ,20260819,333800.0,6.78,2263164.0,6.84,0.0461864,1.76863,72272.4
002476.SZ,20260819,532800.0,4.92,2621376.0,4.94,0.0870588,3.74646,61200.0
002475.SZ,20260819,708200.0,56.6,40084120.0,57.74,0.00966816,0.690118,732508.0
002474.SZ,20260819,772000.0,6.43,4963960.0,6.68,0.145982,1.10482,52883.2
002472.SZ,20260819,520700.0,39.41,20520787.0,39.91,0.0695569,2.22655,74859.5
002471.SZ,20260819,1519900.0,5.92,8997808.0,5.91,0.113083,2.80541,134405.0
002470.SZ,20260819,2493300.0,2.02,5036466.0,2.04,0.0758825,2.63095,328574.0
002434.SZ,20260819,22200.0,5.95,132090.0,5.99,0.00169295,0.102271,131132.0
002432.SZ,20260819,189100.0,72.4,13690840.0,74.31,0.0406429,0.744507,46527.2
002431.SZ,20260819,720100.0,1.37,986537.0,1.38,0.0399522,3.2679,180240.0
002430.SZ,20260819,161200.0,23.98,3865576.0,23.98,0.0164837,1.42203,97793.8
002397.SZ,20260819,62000.0,3.5,217000.0,3.52,0.00957015,0.518971,64784.8
002396.SZ,20260819,1114554.0,31.31,34896685.74,32.76,0.147152,1.05455,75741.5
002395.SZ,20260819,15700.0,12.54,196878.0,12.59,0.00585415,0.59646,26818.6
002394.SZ,20260819,27400.0,9.63,263862.0,9.69,0.00847979,0.616322,32312.1
002393.SZ,20260819,21500.0,14.57,313255.0,14.69,0.00716148,0.769524,30021.7
002392.SZ,20260819,94200.0,7.65,720630.0,7.75,0.0081379,0.685987,115755.0
002391.SZ,20260819,37800.0,5.2,196560.0,5.22,0.00814483,0.393952,46409.8
002390.SZ,20260819,55000.0,3.08,169400.0,3.09,0.00285301,0.149069,192779.0
002389.SZ,20260819,53800.0,18.3,984540.0,18.21,0.00546325,0.320015,98476.1
002388.SZ,20260819,246400.0,6.07,1495648.0,6.23,0.0486742,0.446298,50622.3
002387.SZ,20260819,87300.0,7.02,612846.0,7.1,0.00625823,0.747841,139496.0
002386.SZ,20260819,98500.0,5.7,561450.0,5.77,0.00756875,0.848337,130140.0
002385.SZ,20260819,9766200.0,3.34,32619108.0,3.38,0.2739,9.09433,356561.0
002384.SZ,20260819,748300.0,203.11,151987213.0,213.82,0.0539774,1.08286,138632.0
002383.SZ,20260819,17600.0,7.11,125136.0,7.12,0.00237722,0.192025,74036.0
002382.SZ,20260819,23000.0,5.88,135240.0,5.89,0.00230509,0.170683,99779.2
002381.SZ,20260819,33700.0,5.45,183665.0,5.48,0.010465,0.813981,32202.7
002380.SZ,20260819,25200.0,28.66,722232.0,29.18,0.017721,0.599135,14220.4
002379.SZ,20260819,574100.0,18.68,10724188.0,19.2,0.0505203,0.80989,113637.0
002378.SZ,20260819,385200.0,26.1,10053720.0,26.83,0.032231,1.06223,119512.0
002377.SZ,20260819,192000.0,2.72,522240.0,2.75,0.0220077,0.932357,87242.3
002376.SZ,20260819,65800.0,6.77,445466.0,6.87,0.00835945,0.264819,78713.3
002375.SZ,20260819,121400.0,3.65,443110.0,3.66,0.00912099,0.83085,133100.0
002374.SZ,20260819,28500.0,3.1,88350.0,3.11,0.00262622,0.153624,108521.0
002373.SZ,20260819,60100.0,7.68,461568.0,7.72,0.00436268,0.410639,137759.0
002372.SZ,20260819,38800.0,8.46,328248.0,8.45,0.00263926,0.331865,147011.0
002371.SZ,20260819,83800.0,753.88,63175144.0,777.0,0.0115569,1.11903,72511.0
002398.SZ,20260819,52000.0,4.12,214240.0,4.12,0.00867042,0.4277,59974.1
002399.SZ,20260819,7700.0,10.42,80234.0,10.46,0.000617382,0.0800733,124720.0
002400.SZ,20260819,526400.0,6.66,3505824.0,6.75,0.0304954,0.2031,172616.0
002416.SZ,20260819,143300.0,9.5,1361350.0,9.57,0.0117084,0.557583,122390.0
002429.SZ,20260819,689000.0,8.43,5808270.0,8.62,0.0152288,0.975761,452433.0
002428.SZ,20260819,1212934.0,103.06,125004978.04,108.3,0.185738,1.2344,65303.6
002427.SZ,20260819,78900.0,4.29,338481.0,4.35,0.00801407,0.915724,98451.8
002426.SZ,20260819,806100.0,2.68,2160348.0,2.73,0.0236907,0.690538,340260.0
002425.SZ,20260819,108500.0,3.08,334180.0,3.12,0.0117911,0.128088,92018.6
002424.SZ,20260819,200.0,4.57,914.0,4.56,1.7363e-05,0.00217218,115188.0
002423.SZ,20260819,143400.0,9.0,1290600.0,9.0,0.00622367,1.26502,230411.0
002422.SZ,20260819,91800.0,46.27,4247586.0,46.26,0.00706907,0.251555,129861.0
002421.SZ,20260819,1747300.0,3.25,5678725.0,3.32,0.0858118,0.569895,203620.0
002420.SZ,20260819,17900.0,5.91,105789.0,5.93,0.00442295,0.236027,40470.7
002419.SZ,20260819,98300.0,4.73,464959.0,4.76,0.00861344,0.811133,114124.0
002418.SZ,20260819,793800.0,3.82,3032316.0,3.91,0.0698523,0.762294,113640.0
002415.SZ,20260819,503400.0,34.5,17367300.0,34.63,0.00556483,0.646443,904609.0
002401.SZ,20260819,6400.0,12.04,77056.0,12.16,0.00172344,0.209106,37135.0
002414.SZ,20260819,435800.0,13.85,6035830.0,14.02,0.0128229,0.782558,339861.0
002413.SZ,20260819,1083364.0,8.73,9457767.72,8.62,0.0836297,2.34546,129543.0
002412.SZ,20260819,458300.0,7.53,3450999.0,7.65,0.0920568,1.62383,49784.5
002410.SZ,20260819,47500.0,9.02,428450.0,9.07,0.00302525,0.203489,157012.0
002409.SZ,20260819,500545.0,147.04,73600136.8,158.86,0.157146,1.79191,31852.3
002408.SZ,20260819,76000.0,5.19,394440.0,5.19,0.00276254,0.269871,275109.0
002407.SZ,20260819,1864935.0,36.0,67137660.0,37.48,0.172532,0.999073,108092.0
002406.SZ,20260819,33400.0,6.82,227788.0,6.88,0.00594125,0.314711,56217.1
002405.SZ,20260819,181600.0,6.39,1160424.0,6.4,0.00770877,0.473009,235576.0
002404.SZ,20260819,59100.0,6.06,358146.0,6.07,0.0129735,0.944823,45554.3
002403.SZ,20260819,12500.0,9.82,122750.0,9.82,0.00420647,0.275429,29716.1
002402.SZ,20260819,880100.0,20.68,18200468.0,21.65,0.107529,4.20288,81847.9
002237.SZ,20260819,442700.0,14.21,6290767.0,14.54,0.0371282,1.75013,119236.0
002235.SZ,20260819,425400.0,9.19,3909426.0,9.18,0.0768455,0.565238,55357.8
002501.SZ,20260819,348800.0,1.29,449952.0,1.29,0.00983513,1.7045,354647.0
002073.SZ,20260819,61600.0,5.57,343112.0,5.6,0.00607489,0.576152,101401.0
002069.SZ,20260819,209500.0,3.49,731155.0,3.51,0.0294981,1.60925,71021.6
002068.SZ,20260819,162100.0,8.02,1300042.0,8.16,0.022055,0.500384,73497.9
002067.SZ,20260819,1890600.0,4.56,8621136.0,4.73,0.141342,3.10722,133760.0
002066.SZ,20260819,13200.0,22.24,293568.0,22.33,0.00571429,0.186663,23100.0
002065.SZ,20260819,216700.0,7.07,1532069.0,7.16,0.00745206,0.293452,290792.0
002064.SZ,20260819,170000.0,11.16,1897200.0,11.22,0.00343296,0.464975,495199.0
002063.SZ,20260819,68000.0,5.37,365160.0,5.42,0.00384363,0.288008,176916.0
002062.SZ,20260819,86300.0,8.34,719742.0,8.36,0.00767315,0.411975,112470.0
002061.SZ,20260819,13600.0,3.48,47328.0,3.47,0.00052325,0.103643,259914.0
002060.SZ,20260819,27100.0,3.22,87262.0,3.23,0.00173405,0.206883,156281.0
002059.SZ,20260819,20300.0,4.45,90335.0,4.47,0.00206501,0.302738,98304.6
002058.SZ,20260819,20300.0,16.49,334747.0,16.5,0.0141851,0.739101,14310.8
002057.SZ,20260819,55100.0,8.8,484880.0,8.88,0.00731435,0.352943,75331.4
002056.SZ,20260819,112600.0,22.65,2550390.0,23.15,0.0069291,0.37556,162503.0
002055.SZ,20260819,212300.0,5.79,1229217.0,5.7,0.0357413,2.36737,59399.0
002054.SZ,20260819,25800.0,7.26,187308.0,7.27,0.00671853,0.340268,38401.2
002053.SZ,20260819,316000.0,10.04,3172640.0,9.79,0.0343209,3.37078,92072.3
002052.SZ,20260819,38600.0,8.56,330416.0,8.72,0.00559918,0.28379,68938.7
002051.SZ,20260819,139300.0,8.55,1191015.0,8.63,0.0113583,0.685555,122641.0
002050.SZ,20260819,608500.0,38.96,23707160.0,39.6,0.0164858,1.0885,369104.0
002049.SZ,20260819,384900.0,65.5,25210950.0,66.38,0.0456519,1.50441,84312.0
002048.SZ,20260819,81100.0,20.2,1638220.0,20.38,0.011452,0.406516,70817.0
002047.SZ,20260819,969959.0,3.3,3200864.7,3.41,0.0639748,0.800439,151616.0
002046.SZ,20260819,221400.0,50.32,11140848.0,52.08,0.0417596,1.62517,53017.8
002045.SZ,20260819,35500.0,8.15,289325.0,8.18,0.00631982,0.226687,56172.5
002044.SZ,20260819,348000.0,4.77,1659960.0,4.81,0.00898244,0.217322,387423.0
002043.SZ,20260819,53800.0,12.42,668196.0,12.39,0.00666235,0.455332,80752.3
002072.SZ,20260819,18000.0,7.41,133380.0,7.46,0.00489754,0.34782,36753.2
002074.SZ,20260819,127600.0,26.66,3401816.0,26.98,0.00734711,0.565615,173674.0
002041.SZ,20260819,2397700.0,9.89,23713253.0,9.8,0.272466,9.6126,88000.0
002075.SZ,20260819,95200.0,3.67,349384.0,3.7,0.00433946,0.302637,219382.0
002104.SZ,20260819,154400.0,9.83,1517752.0,9.98,0.0257461,0.406415,59970.2
002103.SZ,20260819,5200.0,6.55,34060.0,6.58,0.00133974,0.0634043,38813.6
002102.SZ,20260819,42600.0,2.21,94146.0,2.22,0.00200005,0.41992,212995.0
002101.SZ,20260819,6300.0,8.75,55125.0,8.78,0.000951357,0.152025,66221.2
002100.SZ,20260819,195400.0,7.27,1420558.0,7.21,0.0143124,1.05496,136525.0
002099.SZ,20260819,55800.0,5.36,299088.0,5.39,0.00345117,0.366099,161684.0
002098.SZ,20260819,18700.0,7.02,131274.0,7.02,0.00522346,0.360813,35800.0
002097.SZ,20260819,53900.0,7.38,397782.0,7.39,0.00502504,0.276522,107263.0
002096.SZ,20260819,36100.0,9.5,342950.0,9.55,0.00291026,0.625422,124044.0
002095.SZ,20260819,22400.0,14.19,317856.0,14.27,0.00889919,1.0581,25170.8
002094.SZ,20260819,71900.0,4.67,335773.0,4.67,0.0104134,0.560506,69045.4
002093.SZ,20260819,11600.0,6.74,78184.0,6.77,0.00115136,0.0982013,100750.0
002092.SZ,20260819,82400.0,4.42,364208.0,4.44,0.00319921,0.177935,257564.0
002091.SZ,20260819,58800.0,7.75,455700.0,7.78,0.00366956,0.480649,160237.0
002090.SZ,20260819,23100.0,9.31,215061.0,9.43,0.00580127,0.311991,39818.9
002088.SZ,20260819,10800.0,8.38,90504.0,8.4,0.00213454,0.157971,50596.5
002086.SZ,20260819,2267600.0,2.05,4648580.0,2.06,0.143402,1.68489,158129.0
002085.SZ,20260819,87300.0,10.49,915777.0,10.51,0.00411153,0.332875,212330.0
002084.SZ,20260819,0.0,,0.0,3.59,,0.0,
002083.SZ,20260819,394900.0,11.11,4387339.0,11.3,0.0417306,0.635306,94630.8
002082.SZ,20260819,289400.0,10.19,2948986.0,10.01,0.0509644,1.95992,56784.8
002081.SZ,20260819,37105000.0,5.64,209272200.0,6.27,1.40324,10.1007,264424.0
002080.SZ,20260819,593500.0,56.59,33586165.0,60.1,0.0353669,1.09421,167812.0
002079.SZ,20260819,211600.0,9.89,2092724.0,10.08,0.0260872,0.727176,81112.6
002078.SZ,20260819,20600.0,13.84,285104.0,13.84,0.000741921,0.166791,277658.0
002077.SZ,20260819,193700.0,12.77,2473549.0,13.06,0.0333765,0.757006,58034.9
002076.SZ,20260819,241400.0,2.08,502112.0,2.12,0.023161,0.750989,104227.0
002042.SZ,20260819,154800.0,3.8,588240.0,3.84,0.00910223,0.616692,170068.0
002040.SZ,20260819,6400.0,8.2,52480.0,8.24,0.00131667,0.115478,48607.5
002234.SZ,20260819,25800.0,7.72,199176.0,7.71,0.00855981,0.405527,30140.9
002007.SZ,20260819,11700.0,13.11,153387.0,13.12,0.000743545,0.0961079,157354.0
002005.SZ,20260819,163000.0,2.47,402610.0,2.44,0.00930379,0.427966,175197.0
002004.SZ,20260819,66700.0,4.5,300150.0,4.51,0.00354161,0.213927,188332.0
002003.SZ,20260819,32200.0,10.1,325220.0,10.13,0.00315037,0.267043,102210.0
002001.SZ,20260819,131100.0,28.98,3799278.0,29.0,0.00431697,0.276792,303685.0
001979.SZ,20260819,245600.0,7.48,1837088.0,7.47,0.00276897,0.297379,886971.0
001965.SZ,20260819,64900.0,9.19,596431.0,9.19,0.000955101,0.491867,679510.0
001914.SZ,20260819,118900.0,8.69,1033241.0,8.63,0.0112839,1.79469,105372.0
001896.SZ,20260819,167500.0,12.5,2093750.0,12.74,0.010978,0.164651,152578.0
001872.SZ,20260819,9600.0,22.46,215616.0,22.47,0.000416983,0.537735,230225.0
001696.SZ,20260819,363900.0,16.2,5895180.0,16.59,0.0408235,0.453862,89139.8
001400.SZ,20260819,30300.0,78.82,2388246.0,78.13,0.0655397,2.24599,4623.15
001399.SZ,20260819,522700.0,24.9,13015230.0,25.62,0.121398,1.05707,43056.7
001396.SZ,20260819,300.0,34.43,10329.0,34.44,0.00132057,0.0442445,2271.74
001395.SZ,20260819,2900.0,30.02,87058.0,30.02,0.00557623,0.213694,5200.65
001393.SZ,20260819,9200.0,44.5,409400.0,44.78,0.0191506,0.38006,4804.02
001391.SZ,20260819,228600.0,4.11,939546.0,4.13,0.0150459,1.26138,151935.0
001390.SZ,20260819,4800.0,18.01,86448.0,18.01,0.00404111,0.434425,11877.9
001389.SZ,20260819,56100.0,159.8,8964780.0,166.85,0.0368214,0.772097,15235.7
001388.SZ,20260819,48400.0,21.95,1062380.0,22.39,0.0386833,0.547662,12511.9
001387.SZ,20260819,11000.0,12.04,132440.0,12.14,0.0094425,0.577545,11649.5
001386.SZ,20260819,42300.0,15.82,669186.0,15.86,0.0393332,0.600081,10754.3
001382.SZ,20260819,2700.0,16.88,45576.0,16.98,0.00428571,0.115467,6300.0
001380.SZ,20260819,12100.0,16.99,205579.0,17.09,0.00519911,0.826988,23273.2
001379.SZ,20260819,9200.0,16.43,151156.0,16.46,0.0136706,0.273338,6729.77
001378.SZ,20260819,26900.0,20.91,562479.0,21.11,0.031894,0.476205,8434.18
001376.SZ,20260819,32200.0,10.76,346472.0,10.96,0.0150438,0.166817,21404.2
001373.SZ,20260819,12000.0,28.32,339840.0,28.51,0.0285983,0.966708,4196.05
002006.SZ,20260819,20000.0,13.9,278000.0,14.0,0.0038485,0.355994,51968.3
002008.SZ,20260819,379000.0,94.16,35686640.0,98.0,0.0396142,0.806476,95672.7
002039.SZ,20260819,19200.0,19.01,364992.0,19.12,0.00449063,0.321832,42755.7
002009.SZ,20260819,173500.0,17.92,3109120.0,18.07,0.0490047,1.64126,35404.8
002038.SZ,20260819,107500.0,6.01,646075.0,6.06,0.0126187,0.30189,85191.1
002037.SZ,20260819,8700.0,6.85,59595.0,6.92,0.00179795,0.103894,48388.4
002036.SZ,20260819,146200.0,6.79,992698.0,6.87,0.0138517,0.375649,105547.0
002035.SZ,20260819,35300.0,4.78,168734.0,4.81,0.00451385,0.300281,78203.8
002034.SZ,20260819,17400.0,14.05,244470.0,14.1,0.00338161,0.283372,51454.7
002033.SZ,20260819,18800.0,8.95,168260.0,8.97,0.00342142,0.0937164,54948.0
002032.SZ,20260819,4300.0,40.7,175010.0,40.72,0.000537847,0.288063,79948.4
002031.SZ,20260819,2690900.0,5.99,16118491.0,6.26,0.140618,0.907009,191362.0
002030.SZ,20260819,74200.0,5.59,414778.0,5.62,0.00528699,0.293963,140345.0
002029.SZ,20260819,171700.0,8.9,1528130.0,8.91,0.0258038,0.756046,66540.6
002028.SZ,20260819,111477.0,178.31,19877463.87,182.44,0.0182517,1.05029,61077.5
002027.SZ,20260819,3701900.0,4.89,18102291.0,4.96,0.0256325,2.1059,1444220.0
002026.SZ,20260819,24900.0,10.75,267675.0,10.77,0.00565275,0.570997,44049.4
002025.SZ,20260819,740136.0,71.26,52742091.36,71.68,0.163072,4.52686,45387.1
002024.SZ,20260819,182600.0,1.18,215468.0,1.19,0.00197335,0.674985,925329.0
002023.SZ,20260819,338500.0,10.45,3537325.0,10.58,0.0456901,0.965632,74086.0
002022.SZ,20260819,19700.0,5.52,108744.0,5.55,0.00383027,0.244083,51432.4
002021.SZ,20260819,113200.0,2.66,301112.0,2.7,0.00946933,0.483192,119544.0
002020.SZ,20260819,44700.0,13.81,617307.0,13.86,0.0061743,0.212075,72396.8
002019.SZ,20260819,47200.0,10.35,488520.0,10.32,0.00560225,0.228544,84251.8
002017.SZ,20260819,17900.0,13.38,239502.0,13.52,0.00308575,0.196039,58008.6
002016.SZ,20260819,16600.0,4.49,74534.0,4.49,0.00205167,0.16299,80909.6
002015.SZ,20260819,382600.0,14.51,5551526.0,14.81,0.0235689,0.43606,162332.0
002014.SZ,20260819,3400.0,10.7,36380.0,10.72,0.000564133,0.0984166,60269.4
002012.SZ,20260819,21200.0,6.63,140556.0,6.67,0.00453354,0.206043,46762.5
002011.SZ,20260819,20600.0,10.07,207442.0,10.09,0.00194062,0.267292,106152.0
002010.SZ,20260819,95800.0,4.73,453134.0,4.72,0.00347438,0.622279,275732.0
002105.SZ,20260819,28900.0,5.85,169065.0,5.85,0.0079293,0.463171,36447.1
002106.SZ,20260819,308041.0,10.55,3249832.55,10.84,0.0436998,1.68585,70490.2
002107.SZ,20260819,78000.0,6.33,493740.0,6.36,0.0136508,0.612443,57139.6
002202.SZ,20260819,20464400.0,24.21,495443124.0,22.01,0.608425,15.9123,336350.0
002200.SZ,20260819,6300.0,6.97,43911.0,6.97,0.00321879,0.107125,19572.6
002199.SZ,20260819,18200.0,12.4,225680.0,12.62,0.0078811,0.225292,23093.2
002198.SZ,20260819,3500.0,3.36,11760.0,3.37,0.000689682,0.0690736,50748.0
002197.SZ,20260819,63700.0,6.98,444626.0,7.04,0.0119288,0.195009,53400.0
002196.SZ,20260819,164300.0,11.25,1848375.0,11.44,0.0336397,0.839555,48841.0
002195.SZ,20260819,571900.0,6.57,3757383.0,6.64,0.0101837,0.32021,561583.0
002194.SZ,20260819,183400.0,10.13,1857842.0,10.28,0.0358989,0.283219,51087.9
002193.SZ,20260819,11900.0,4.88,58072.0,4.79,0.00454695,0.208103,26171.4
002192.SZ,20260819,209400.0,69.0,14448600.0,70.62,0.0808127,1.11694,25911.8
002191.SZ,20260819,114300.0,3.65,417195.0,3.69,0.00814848,0.875349,140272.0
002190.SZ,20260819,50700.0,23.99,1216293.0,24.18,0.0141332,0.389989,35872.9
002189.SZ,20260819,11200.0,18.74,209888.0,18.82,0.00428856,0.399137,26116.0
002188.SZ,20260819,248100.0,5.53,1371993.0,5.5,0.0964008,3.47222,25736.3
002187.SZ,20260819,156500.0,5.39,843535.0,5.37,0.0223286,1.70977,70089.5
002186.SZ,20260819,62600.0,9.55,597830.0,9.65,0.0204041,1.58538,30680.2
002185.SZ,20260819,5323900.0,18.01,95883439.0,18.7,0.16023,1.74036,332265.0
002184.SZ,20260819,8700.0,10.01,87087.0,10.13,0.00361941,0.162021,24037.0
002183.SZ,20260819,103300.0,4.46,460718.0,4.51,0.00397768,0.245532,259699.0
002182.SZ,20260819,101800.0,12.11,1232798.0,12.33,0.0117619,0.646185,86550.5
002181.SZ,20260819,103800.0,8.71,904098.0,8.86,0.00914911,0.263631,113454.0
002180.SZ,20260819,364800.0,18.4,6712320.0,18.85,0.0268179,1.66697,136029.0
002179.SZ,20260819,123400.0,35.42,4370828.0,35.71,0.0058862,0.529434,209643.0
002178.SZ,20260819,60000.0,4.51,270600.0,4.58,0.00842953,0.199086,71178.3
002177.SZ,20260819,165300.0,5.52,912456.0,5.56,0.0241964,0.764448,68316.0
002176.SZ,20260819,267500.0,9.25,2474375.0,9.37,0.0157375,0.392767,169976.0
002175.SZ,20260819,92500.0,2.65,245125.0,2.67,0.00724478,0.444947,127678.0
002174.SZ,20260819,263700.0,13.03,3436011.0,13.16,0.0269285,0.476493,97925.9
002201.SZ,20260819,132400.0,8.38,1109512.0,8.5,0.0219925,1.02568,60202.3
002203.SZ,20260819,107800.0,18.67,2012626.0,19.19,0.00487311,0.508982,221214.0
002108.SZ,20260819,61100.0,4.33,264563.0,4.35,0.00370753,0.309315,164800.0
002204.SZ,20260819,84800.0,5.25,445200.0,5.27,0.00439067,0.521947,193137.0
002233.SZ,20260819,33500.0,7.11,238185.0,7.13,0.00285441,0.257666,117362.0
002232.SZ,20260819,4200.0,14.32,60144.0,14.48,0.00102803,0.117246,40854.8
002230.SZ,20260819,214000.0,40.7,8709800.0,41.18,0.00977184,0.581461,218997.0
002229.SZ,20260819,1805800.0,12.27,22157166.0,12.58,0.366172,1.40275,49315.6
002228.SZ,20260819,62900.0,3.11,195619.0,3.12,0.00520126,0.321197,120932.0
002227.SZ,20260819,11300.0,6.77,76501.0,6.76,0.00459468,0.472947,24593.7
002226.SZ,20260819,46500.0,5.06,235290.0,5.06,0.00175543,0.190083,264892.0
002225.SZ,20260819,177600.0,3.7,657120.0,3.71,0.0182167,0.688739,97492.9
002224.SZ,20260819,39900.0,3.59,143241.0,3.61,0.00494804,0.429948,80638.0
002223.SZ,20260819,11700.0,26.0,304200.0,26.02,0.00124165,0.12619,94229.3
002222.SZ,20260819,212400.0,66.5,14124600.0,68.87,0.0453699,0.744107,46815.2
002221.SZ,20260819,103100.0,5.52,569112.0,5.5,0.00705734,0.55452,146089.0
002219.SZ,20260819,7499700.0,2.47,18524259.0,2.5,0.229217,2.62488,327187.0
002218.SZ,20260819,108300.0,4.01,434283.0,4.04,0.0078044,0.25115,138768.0
002217.SZ,20260819,2346100.0,1.48,3472228.0,1.49,0.0322296,2.3453,727934.0
002216.SZ,20260819,47400.0,12.78,605772.0,12.78,0.00751781,0.384488,63050.2
002215.SZ,20260819,564800.0,9.2,5196160.0,9.39,0.0698956,2.99457,80806.2
002214.SZ,20260819,15600.0,13.95,217620.0,14.17,0.00326076,0.186623,47841.7
002213.SZ,20260819,75500.0,29.8,2249900.0,31.03,0.0365232,0.705031,20671.8
002212.SZ,20260819,210500.0,6.28,1321940.0,6.36,0.0180401,0.281943,116684.0
002211.SZ,20260819,4000.0,3.76,15040.0,3.77,0.000924907,0.058435,43247.6
002210.SZ,20260819,89900.0,2.23,200477.0,2.25,0.00338572,0.162175,265527.0
002209.SZ,20260819,25900.0,11.7,303030.0,11.77,0.0164081,0.665279,15784.9
002208.SZ,20260819,194200.0,11.5,2233300.0,11.72,0.0241821,0.477671,80307.2
002207.SZ,20260819,97300.0,5.81,565313.0,5.88,0.0373066,1.17419,26081.2
002206.SZ,20260819,18200.0,5.21,94822.0,5.23,0.0017219,0.258088,105697.0
002205.SZ,20260819,32700.0,10.83,354141.0,10.8,0.0175955,1.65362,18584.3
002173.SZ,20260819,234400.0,19.64,4603616.0,20.0,0.0556948,0.326215,42086.5
002172.SZ,20260819,7406300.0,4.5,33328350.0,4.49,0.967966,7.63141,76514.1
002171.SZ,20260819,286300.0,9.91,2837233.0,10.04,0.0177414,0.67223,161374.0
002170.SZ,20260819,120200.0,11.52,1384704.0,11.56,0.0152369,0.713334,78887.5
002137.SZ,20260819,213800.0,8.05,1721090.0,8.16,0.0539274,1.05695,39645.9
002136.SZ,20260819,18000.0,12.03,216540.0,12.11,0.00839334,0.380306,21445.6
002135.SZ,20260819,40500.0,6.11,247455.0,6.11,0.00387978,0.419648,104387.0
002134.SZ,20260819,34500.0,22.0,759000.0,22.39,0.0139305,0.571566,24765.8
002133.SZ,20260819,104600.0,2.71,283466.0,2.71,0.0135867,0.960151,76987.0
002132.SZ,20260819,429200.0,4.59,1970028.0,4.68,0.030675,0.726998,139919.0
002131.SZ,20260819,3855600.0,4.96,19123776.0,5.06,0.0658537,0.411789,585480.0
002130.SZ,20260819,86800.0,16.86,1463448.0,17.05,0.00756788,0.375726,114695.0
002129.SZ,20260819,2336800.0,9.7,22666960.0,9.95,0.0578473,1.87904,403960.0
002128.SZ,20260819,17400.0,27.33,475542.0,27.49,0.00077624,0.175228,224157.0
002127.SZ,20260819,97700.0,2.95,288215.0,2.95,0.0048979,0.249646,199473.0
002126.SZ,20260819,34600.0,43.04,1489184.0,43.87,0.00435139,0.234372,79514.8
002125.SZ,20260819,98500.0,12.85,1265725.0,13.04,0.0156468,0.560982,62952.3
002124.SZ,20260819,8128800.0,2.49,20240712.0,2.5,0.412176,11.354,197217.0
002123.SZ,20260819,40700.0,8.15,331705.0,8.17,0.0056486,0.206857,72053.2
002122.SZ,20260819,56000.0,2.65,148400.0,2.65,0.0028173,0.33643,198772.0
002121.SZ,20260819,114300.0,5.0,571500.0,5.06,0.00809688,0.607879,141166.0
002120.SZ,20260819,70800.0,6.7,474360.0,6.72,0.00251498,0.34102,281513.0
002119.SZ,20260819,475698.0,24.82,11806824.36,25.66,0.126757,1.29025,37528.4
002117.SZ,20260819,3700.0,8.02,29674.0,8.03,0.00070672,0.0602782,52354.6
002116.SZ,20260819,400.0,7.17,2868.0,7.17,7.24437e-05,0.0139492,55215.3
002115.SZ,20260819,517900.0,11.34,5872986.0,11.58,0.0693988,0.695032,74626.6
002114.SZ,20260819,26100.0,7.32,191052.0,7.38,0.00807073,0.40284,32339.1
002112.SZ,20260819,205100.0,16.55,3394405.0,16.85,0.0782587,0.608509,26208.0
002111.SZ,20260819,12300.0,9.56,117588.0,9.6,0.00251662,0.176278,48875.2
002110.SZ,20260819,43900.0,2.94,129066.0,2.95,0.00180727,0.169095,242908.0
002109.SZ,20260819,9500.0,2.7,25650.0,2.7,0.000744357,0.205787,127627.0
002138.SZ,20260819,389200.0,50.0,19460000.0,51.93,0.0507865,1.08082,76634.5
002139.SZ,20260819,367200.0,10.03,3683016.0,10.18,0.0342828,2.19447,107109.0
002140.SZ,20260819,13300.0,9.08,120764.0,9.14,0.00188129,0.236504,70696.1
002157.SZ,20260819,1268700.0,3.06,3882222.0,3.05,0.0162911,0.920976,778767.0
002169.SZ,20260819,178100.0,12.9,2297490.0,13.05,0.0234752,0.852851,75867.4
002168.SZ,20260819,81000.0,3.92,317520.0,3.92,0.0103295,1.37026,78416.3
002167.SZ,20260819,704900.0,17.44,12293456.0,18.0,0.0929073,0.876471,75871.3
002166.SZ,20260819,24600.0,6.87,169002.0,6.92,0.00333069,0.205267,73858.5
002165.SZ,20260819,1068100.0,7.01,7487381.0,7.0,0.146801,1.32512,72758.4
002164.SZ,20260819,114200.0,11.7,1336140.0,11.95,0.0238028,0.445627,47977.5
002163.SZ,20260819,47800.0,8.3,396740.0,8.36,0.00594861,0.263317,80354.9
002162.SZ,20260819,29900.0,4.12,123188.0,4.13,0.00325594,0.134485,91832.2
002161.SZ,20260819,27100.0,5.9,159890.0,5.99,0.0036641,0.207792,73960.9
002160.SZ,20260819,80300.0,3.94,316382.0,3.99,0.0077906,0.458298,103073.0
002159.SZ,20260819,17700.0,13.49,238773.0,13.53,0.0127823,0.639114,13847.3
002158.SZ,20260819,31200.0,27.72,864864.0,28.41,0.00584744,0.357126,53356.7
002156.SZ,20260819,2003700.0,69.0,138255300.0,70.66,0.132044,1.76733,151745.0
002141.SZ,20260819,2262900.0,6.72,15206688.0,7.18,0.219075,1.05331,103294.0
002155.SZ,20260819,352100.0,24.34,8570114.0,25.02,0.0225342,0.80955,156251.0
002154.SZ,20260819,103600.0,4.22,437192.0,4.24,0.00877872,0.324195,118013.0
002153.SZ,20260819,290500.0,8.03,2332715.0,8.18,0.0181589,0.400816,159976.0
002152.SZ,20260819,106700.0,9.55,1018985.0,9.65,0.00429872,0.366394,248213.0
002151.SZ,20260819,287400.0,30.49,8762826.0,29.97,0.0649029,2.74384,44281.5
002150.SZ,20260819,42900.0,23.7,1016730.0,24.12,0.0119664,0.399978,35850.4
002149.SZ,20260819,810700.0,42.0,34049400.0,41.5,0.16608,1.49687,48813.9
002148.SZ,20260819,60400.0,6.5,392600.0,6.57,0.013395,0.373523,45091.6
002146.SZ,20260819,3117800.0,1.18,3679004.0,1.18,0.0797081,1.35365,391152.0
002145.SZ,20260819,104200.0,4.42,460564.0,4.44,0.00273744,0.242001,380647.0
002144.SZ,20260819,14200.0,10.9,154780.0,10.93,0.0103166,0.530205,13764.2
002142.SZ,20260819,113200.0,32.48,3676736.0,32.46,0.0017153,0.520272,659944.0
002500.SZ,20260819,88600.0,5.23,463378.0,5.23,0.00246812,0.607958,358977.0
002506.SZ,20260819,579200.0,2.7,1563840.0,2.72,0.00991028,0.275608,584444.0
123064.SZ,20260819,360.0,109.893,39561.48,109.89,,,
002878.SZ,20260819,7100.0,12.4,88040.0,12.5,0.00300977,0.140101,23589.8
002876.SZ,20260819,24000.0,29.85,716400.0,30.35,0.0161137,0.535904,14894.2
002875.SZ,20260819,1900.0,13.43,25517.0,13.68,0.000894494,0.0450135,21241.1
002873.SZ,20260819,58200.0,8.35,485970.0,8.43,0.0242813,0.75157,23969.1
002872.SZ,20260819,62500.0,5.43,339375.0,5.42,0.0290808,2.80387,21491.8
002871.SZ,20260819,5000.0,17.35,86750.0,17.63,0.00334971,0.11008,14926.7
002870.SZ,20260819,47900.0,48.74,2334646.0,48.77,0.037666,0.555904,12717.0
002869.SZ,20260819,8300.0,16.18,134294.0,16.27,0.00526927,0.381382,15751.7
002868.SZ,20260819,32100.0,23.2,744720.0,23.68,0.029879,2.07934,10743.3
002867.SZ,20260819,13500.0,12.45,168075.0,12.43,0.00125105,0.229627,107910.0
002866.SZ,20260819,80400.0,15.12,1215648.0,15.4,0.0437506,0.858445,18376.9
002865.SZ,20260819,483800.0,47.45,22956310.0,46.98,0.216438,5.894,22352.8
002864.SZ,20260819,16700.0,22.78,380426.0,22.68,0.0169377,0.403182,9859.67
002863.SZ,20260819,1143700.0,4.76,5444012.0,4.9,0.190781,3.90353,59948.4
002862.SZ,20260819,4500.0,13.63,61335.0,13.64,0.00349984,0.132799,12857.7
002861.SZ,20260819,15100.0,16.38,247338.0,16.6,0.0100554,0.36972,15016.8
002860.SZ,20260819,66800.0,17.45,1165660.0,17.21,0.0194201,0.53073,34397.3
002859.SZ,20260819,206600.0,71.27,14724382.0,76.83,0.0482355,0.750393,42831.5
002858.SZ,20260819,12200.0,11.65,142130.0,11.75,0.0082761,0.424091,14741.2
002857.SZ,20260819,16700.0,18.55,309785.0,18.75,0.0129875,0.330533,12858.5
002856.SZ,20260819,47200.0,14.98,707056.0,14.92,0.0380939,1.03293,12390.4
002855.SZ,20260819,12100.0,10.15,122815.0,10.17,0.00491416,0.498453,24622.7
002853.SZ,20260819,0.0,,0.0,21.39,0.0,0.0,12870.5
002852.SZ,20260819,145000.0,8.1,1174500.0,8.12,0.0507315,2.00792,28581.9
002851.SZ,20260819,386291.0,126.0,48672666.0,131.7,0.0785641,1.25158,49168.9
002850.SZ,20260819,33300.0,197.0,6560100.0,200.56,0.0158828,0.647983,20966.1
002849.SZ,20260819,31800.0,18.38,584484.0,18.75,0.0145307,0.324304,21884.7
002848.SZ,20260819,23900.0,13.0,310700.0,13.06,0.014448,0.482663,16542.1
002877.SZ,20260819,15100.0,7.39,111589.0,7.4,0.0062782,0.44672,24051.5
002879.SZ,20260819,110600.0,16.62,1838172.0,16.99,0.0806481,0.729295,13713.9
002846.SZ,20260819,1900.0,10.66,20254.0,10.67,0.000713235,0.0295558,26639.2
002880.SZ,20260819,3200.0,20.42,65344.0,20.42,0.00141093,0.202484,22680.0
002910.SZ,20260819,35600.0,9.68,344608.0,9.77,0.0208112,0.45985,17106.2
002909.SZ,20260819,24500.0,5.2,127400.0,5.23,0.00644064,0.417779,38039.7
002908.SZ,20260819,8300.0,7.05,58515.0,7.08,0.00257896,0.130085,32183.5
002907.SZ,20260819,1833815.0,15.38,28204074.7,15.82,0.546076,10.3635,33581.7
002906.SZ,20260819,0.0,,0.0,25.66,,0.0,
002905.SZ,20260819,8500.0,7.51,63835.0,7.61,0.00243246,0.103231,34944.0
002903.SZ,20260819,116800.0,28.58,3338144.0,29.79,0.108585,0.793145,10756.6
002902.SZ,20260819,72000.0,25.4,1828800.0,26.14,0.0405332,0.476795,17763.2
002901.SZ,20260819,1200.0,43.98,52776.0,44.0,0.000416071,0.0597892,28841.2
002900.SZ,20260819,176700.0,14.3,2526810.0,14.21,0.109668,0.512719,16112.2
002899.SZ,20260819,10800.0,19.65,212220.0,19.9,0.00730732,0.417025,14779.7
002897.SZ,20260819,64900.0,60.0,3894000.0,61.81,0.0351908,0.740773,18442.3
002896.SZ,20260819,203600.0,80.88,16467168.0,84.89,0.103601,1.27694,19652.3
002895.SZ,20260819,337900.0,33.75,11404125.0,35.38,0.0563581,5.89791,59955.9
002893.SZ,20260819,38900.0,9.84,382776.0,9.87,0.0191835,0.663319,20277.9
002892.SZ,20260819,53600.0,9.55,511880.0,9.56,0.010696,0.882745,50112.4
002891.SZ,20260819,70700.0,30.33,2144331.0,30.64,0.0219635,0.524849,32189.8
002890.SZ,20260819,8500.0,14.15,120275.0,14.3,0.00526392,0.569577,16147.7
002889.SZ,20260819,4000.0,12.45,49800.0,12.55,0.00159207,0.0984762,25124.6
002888.SZ,20260819,4600.0,17.58,80868.0,17.79,0.00613964,0.203378,7492.3
002887.SZ,20260819,20200.0,10.63,214726.0,10.7,0.00929884,0.302247,21723.1
002886.SZ,20260819,82800.0,20.4,1689120.0,20.44,0.0396024,0.587746,20907.8
002885.SZ,20260819,120700.0,29.91,3610137.0,31.3,0.0508734,0.390575,23725.6
002884.SZ,20260819,5500.0,16.06,88330.0,16.07,0.00201412,0.328794,27307.2
002883.SZ,20260819,8500.0,9.39,79815.0,9.39,0.0055441,0.544885,15331.6
002882.SZ,20260819,29600.0,21.26,629296.0,21.61,0.0119944,0.26773,24678.3
002881.SZ,20260819,32600.0,39.22,1278572.0,40.15,0.0178122,0.392677,18302.1
002847.SZ,20260819,21000.0,48.88,1026480.0,48.9,0.00861111,0.485621,24387.1
002845.SZ,20260819,66000.0,13.43,886380.0,13.67,0.0263753,0.811115,25023.4
002775.SZ,20260819,64900.0,3.63,235587.0,3.64,0.0111739,0.38298,58081.8
002811.SZ,20260819,198100.0,11.98,2373238.0,12.19,0.0701023,1.72851,28258.7
002809.SZ,20260819,15600.0,8.49,132444.0,8.54,0.00917808,0.290839,16997.0
002807.SZ,20260819,133842.0,3.9,521983.8,3.9,0.00495064,0.425388,270353.0
002806.SZ,20260819,7500.0,14.22,106650.0,14.26,0.00430774,0.132722,17410.5
002805.SZ,20260819,59100.0,19.5,1152450.0,19.89,0.0211968,0.389829,27881.5
002803.SZ,20260819,23700.0,19.38,459306.0,19.65,0.00796467,0.175112,29756.4
002802.SZ,20260819,7400.0,11.75,86950.0,11.72,0.00494377,0.348065,14968.3
002801.SZ,20260819,9200.0,28.02,257784.0,28.23,0.00794455,0.557317,11580.3
002800.SZ,20260819,37300.0,13.9,518470.0,13.96,0.0252295,1.06851,14784.3
002799.SZ,20260819,15300.0,6.81,104193.0,6.86,0.00478072,0.229766,32003.6
002798.SZ,20260819,15900.0,5.77,91743.0,5.81,0.00307693,0.168192,51674.9
002797.SZ,20260819,131500.0,6.39,840285.0,6.41,0.00312916,0.310173,420240.0
002796.SZ,20260819,22700.0,31.9,724130.0,32.33,0.0099691,0.259253,22770.4
002795.SZ,20260819,44500.0,7.24,322180.0,7.31,0.0102433,0.187036,43442.9
002793.SZ,20260819,126700.0,5.32,674044.0,5.36,0.0116674,0.276769,108593.0
002792.SZ,20260819,1187100.0,35.19,41774049.0,34.82,0.351395,1.58528,33782.4
002791.SZ,20260819,8500.0,14.78,125630.0,14.78,0.00390437,0.23019,21770.5
002790.SZ,20260819,48700.0,5.94,289278.0,5.93,0.0186807,1.25894,26069.8
002789.SZ,20260819,7600.0,10.35,78660.0,10.3,0.00485707,0.507127,15647.3
002788.SZ,20260819,87000.0,11.6,1009200.0,11.71,0.0227837,0.394883,38185.2
002787.SZ,20260819,129800.0,22.43,2911414.0,22.93,0.0523211,0.945856,24808.3
002786.SZ,20260819,3900.0,7.74,30186.0,7.73,0.000789295,0.0668168,49411.2
002785.SZ,20260819,1400.0,34.66,48524.0,34.99,0.000723533,0.0340223,19349.5
002783.SZ,20260819,119700.0,8.0,957600.0,8.05,0.0259587,0.924884,46111.7
002782.SZ,20260819,120600.0,15.7,1893420.0,16.03,0.0246165,0.989857,48991.6
002780.SZ,20260819,13500.0,13.18,177930.0,13.28,0.0103328,0.41145,13065.2
002779.SZ,20260819,7200.0,79.13,569736.0,79.91,0.00434236,0.210017,16580.8
002778.SZ,20260819,14100.0,15.89,224049.0,15.92,0.0114236,0.715045,12342.9
002810.SZ,20260819,28800.0,21.07,606816.0,21.14,0.00891748,0.648903,32296.1
002812.SZ,20260819,86000.0,56.93,4895980.0,57.71,0.0104545,0.419226,82261.1
002843.SZ,20260819,23700.0,16.79,397923.0,17.12,0.00947255,0.29125,25019.7
002813.SZ,20260819,5800.0,20.4,118320.0,20.67,0.00483768,0.395018,11989.2
002842.SZ,20260819,386270.0,39.4,15219038.0,40.82,0.143882,0.842411,26846.2
002841.SZ,20260819,29400.0,50.69,1490286.0,51.3,0.00563926,0.421693,52134.5
002840.SZ,20260819,174100.0,8.63,1502483.0,8.69,0.0218546,0.687872,79662.8
002839.SZ,20260819,82400.0,4.26,351024.0,4.25,0.00337426,0.353301,244202.0
002838.SZ,20260819,91600.0,25.99,2380684.0,26.25,0.0217768,0.807007,42063.2
002837.SZ,20260819,491800.0,55.75,27417850.0,57.57,0.0435045,1.24302,113046.0
002836.SZ,20260819,13800.0,10.38,143244.0,10.43,0.00598958,0.679739,23040.0
002835.SZ,20260819,7600.0,12.39,94164.0,12.47,0.00597075,0.245423,12728.7
002833.SZ,20260819,14200.0,18.5,262700.0,18.61,0.00484531,0.457937,29306.7
002832.SZ,20260819,54800.0,26.04,1426992.0,26.37,0.0140723,0.623294,38941.8
002831.SZ,20260819,9600.0,26.92,258432.0,27.3,0.00134412,0.0890146,71422.2
002830.SZ,20260819,91500.0,14.22,1301130.0,13.98,0.0985625,3.32286,9283.45
002829.SZ,20260819,202500.0,21.57,4367925.0,21.3,0.138649,2.38178,14605.3
002828.SZ,20260819,112600.0,12.07,1359082.0,12.21,0.0560234,0.476983,20098.8
002827.SZ,20260819,394100.0,57.0,22463700.0,58.5,0.14279,2.08374,27599.9
002826.SZ,20260819,56500.0,17.71,1000615.0,18.06,0.0305853,1.07005,18472.9
002825.SZ,20260819,1400.0,9.09,12726.0,9.16,0.000545539,0.0226111,25662.7
002824.SZ,20260819,56200.0,24.43,1372966.0,25.57,0.0248479,0.335791,22617.6
002823.SZ,20260819,30000.0,13.4,402000.0,13.58,0.0134505,0.299782,22304.0
002822.SZ,20260819,7000.0,3.24,22680.0,3.24,0.00065485,0.104066,106895.0
002821.SZ,20260819,48000.0,176.0,8448000.0,177.25,0.0151399,0.382409,31704.4
002820.SZ,20260819,4018400.0,12.0,48220800.0,12.27,2.00051,54.7233,20086.8
002819.SZ,20260819,266200.0,21.98,5851076.0,22.78,0.11197,7.22094,23774.1
002818.SZ,20260819,12600.0,10.86,136836.0,10.86,0.00422344,0.592901,29833.5
002817.SZ,20260819,52800.0,6.65,351120.0,6.64,0.0182044,1.15767,29003.9
002816.SZ,20260819,2000.0,25.87,51740.0,26.15,0.002,0.15383,10000.0
002815.SZ,20260819,474300.0,14.0,6640200.0,14.43,0.0610313,1.25544,77714.2
002911.SZ,20260819,22200.0,10.86,241092.0,10.91,0.00175212,0.459779,126704.0
002912.SZ,20260819,25900.0,19.5,505050.0,19.63,0.0159658,0.718169,16222.2
002913.SZ,20260819,24400.0,59.78,1458632.0,61.3,0.0079885,0.400302,30543.9
003012.SZ,20260819,8200.0,4.75,38950.0,4.76,0.00072273,0.114952,113459.0
003010.SZ,20260819,35200.0,27.89,981728.0,28.0,0.0155654,0.309227,22614.2
003009.SZ,20260819,110200.0,52.9,5829580.0,51.85,0.0669147,4.03255,16468.7
003008.SZ,20260819,10400.0,19.56,203424.0,19.57,0.0133808,1.10019,7772.32
003007.SZ,20260819,2300.0,38.2,87860.0,38.5,0.00316858,0.12515,7258.77
003006.SZ,20260819,21100.0,13.53,285483.0,13.53,0.00492332,0.256177,42857.3
003005.SZ,20260819,14000.0,13.65,191100.0,13.75,0.0110255,0.396833,12697.8
003004.SZ,20260819,3300.0,73.35,242055.0,74.62,0.0048005,0.182004,6874.28
003003.SZ,20260819,29200.0,10.98,320616.0,11.12,0.0247885,1.1137,11779.6
003002.SZ,20260819,26300.0,17.1,449730.0,17.12,0.0143836,0.979437,18284.7
003001.SZ,20260819,138300.0,17.05,2358015.0,17.55,0.120927,1.14988,11436.7
003000.SZ,20260819,58500.0,10.55,617175.0,10.55,0.0189898,1.33901,30806.0
002999.SZ,20260819,133400.0,6.06,808404.0,6.1,0.0388306,2.00596,34354.4
002998.SZ,20260819,17700.0,7.96,140892.0,8.02,0.00654356,0.188625,27049.5
002997.SZ,20260819,19800.0,27.7,548460.0,27.79,0.00945914,0.70408,20932.1
002996.SZ,20260819,109000.0,6.15,670350.0,6.22,0.0237795,1.42581,45837.8
002995.SZ,20260819,17000.0,17.5,297500.0,17.58,0.0151222,0.217829,11241.7
002993.SZ,20260819,33600.0,39.97,1342992.0,40.76,0.0140912,0.499068,23844.7
002992.SZ,20260819,5300.0,35.49,188097.0,36.05,0.00339232,0.387906,15623.5
002991.SZ,20260819,3400.0,42.98,146132.0,43.2,0.00680903,0.468392,4993.37
002990.SZ,20260819,107800.0,54.5,5875100.0,55.71,0.0781054,0.727243,13801.9
002989.SZ,20260819,63500.0,24.39,1548765.0,24.91,0.0320975,0.754431,19783.5
002988.SZ,20260819,150000.0,23.92,3588000.0,24.05,0.060047,1.91921,24980.4
002987.SZ,20260819,36900.0,10.72,395568.0,10.83,0.00363932,0.303784,101393.0
002986.SZ,20260819,10700.0,13.1,140170.0,13.24,0.00354495,0.220247,30183.7
002985.SZ,20260819,59086.0,26.69,1577005.34,26.23,0.017854,1.78361,33093.9
002984.SZ,20260819,15300.0,13.8,211140.0,13.85,0.0021431,0.180022,71392.0
002983.SZ,20260819,7600.0,20.0,152000.0,20.23,0.0058762,0.450366,12933.5
003011.SZ,20260819,15200.0,21.0,319200.0,21.19,0.01978,0.595806,7684.51
003013.SZ,20260819,42040.0,19.48,818939.2,19.57,0.0104453,0.432768,40247.6
002915.SZ,20260819,30800.0,17.43,536844.0,17.71,0.0106917,0.272746,28807.4
003015.SZ,20260819,22000.0,12.42,273240.0,12.6,0.00890534,0.281959,24704.3
003816.SZ,20260819,1017800.0,3.88,3949064.0,3.87,0.0025875,1.35001,3933520.0
003043.SZ,20260819,50400.0,78.02,3932208.0,79.53,0.0536072,0.915693,9401.72
003042.SZ,20260819,114200.0,13.5,1541700.0,13.92,0.0926189,3.45802,12330.1
003041.SZ,20260819,3200.0,42.7,136640.0,43.03,0.00233878,0.205922,13682.3
003040.SZ,20260819,99200.0,11.38,1128896.0,11.53,0.0217139,0.561817,45685.0
003039.SZ,20260819,5200.0,11.83,61516.0,11.87,0.00084208,0.186376,61751.9
003038.SZ,20260819,7900.0,10.8,85320.0,10.88,0.0048756,0.232146,16203.1
003037.SZ,20260819,11400.0,5.62,64068.0,5.64,0.00190293,0.423433,59907.5
003036.SZ,20260819,91900.0,57.72,5304468.0,59.57,0.0424283,0.90014,21660.1
003035.SZ,20260819,31600.0,5.32,168112.0,5.36,0.00083424,0.117916,378788.0
003033.SZ,20260819,14600.0,69.29,1011634.0,71.01,0.0180819,0.410728,8074.36
003032.SZ,20260819,2991300.0,12.3,36792990.0,13.14,1.05149,3.63214,28448.2
003031.SZ,20260819,241200.0,139.65,33683580.0,143.61,0.0709085,1.7166,34015.7
003030.SZ,20260819,19700.0,22.68,446796.0,22.84,0.0243333,0.634621,8095.89
003029.SZ,20260819,15900.0,16.5,262350.0,16.69,0.00902901,0.356683,17609.9
003028.SZ,20260819,1400.0,22.75,31850.0,23.06,0.00198038,0.192943,7069.36
003027.SZ,20260819,23100.0,16.41,379071.0,16.69,0.0220292,1.6789,10486.1
003026.SZ,20260819,123300.0,30.46,3755718.0,31.25,0.0852928,1.70601,14456.1
003025.SZ,20260819,7100.0,12.51,88821.0,12.58,0.00313582,0.112795,22641.6
003023.SZ,20260819,20500.0,27.23,558215.0,27.75,0.0195015,0.209156,10512.0
003022.SZ,20260819,55500.0,20.73,1150515.0,20.89,0.00415907,0.613022,133443.0
003021.SZ,20260819,10000.0,80.53,805300.0,81.8,0.00482301,0.270918,20733.9
003020.SZ,20260819,55300.0,19.25,1064525.0,19.41,0.0328096,0.440163,16854.8
003019.SZ,20260819,54500.0,25.12,1369040.0,25.19,0.031516,1.22739,17292.8
003018.SZ,20260819,61720.0,41.85,2582982.0,43.05,0.0216933,0.47208,28451.2
003017.SZ,20260819,21500.0,23.2,498800.0,23.31,0.0257543,0.752216,8348.11
003016.SZ,20260819,9300.0,7.02,65286.0,7.02,0.00226342,0.250908,41088.3
002982.SZ,20260819,100300.0,12.82,1285846.0,12.72,0.0770997,2.61897,13009.1
002981.SZ,20260819,2100.0,23.12,48552.0,23.25,0.00172719,0.133651,12158.5
002980.SZ,20260819,80300.0,101.2,8126360.0,105.26,0.0792798,0.704582,10128.7
002979.SZ,20260819,102600.0,60.08,6164208.0,62.06,0.0460535,0.615916,22278.5
002945.SZ,20260819,62700.0,13.93,873411.0,14.05,0.00232222,0.518069,270000.0
002943.SZ,20260819,17000.0,35.32,600440.0,36.16,0.00900175,0.136092,18885.2
002942.SZ,20260819,28000.0,16.05,449400.0,15.92,0.020179,1.82899,13875.8
002941.SZ,20260819,24800.0,10.39,257672.0,10.46,0.00339842,0.313366,72975.1
002940.SZ,20260819,10800.0,26.83,289764.0,26.92,0.00582918,0.116752,18527.5
002939.SZ,20260819,101900.0,8.1,825390.0,8.12,0.00282847,0.425195,360266.0
002938.SZ,20260819,243900.0,91.0,22194900.0,94.77,0.0105547,0.777749,231083.0
002937.SZ,20260819,37500.0,32.51,1219125.0,32.92,0.0118978,0.404257,31518.5
002936.SZ,20260819,385100.0,1.76,677776.0,1.75,0.0054785,0.507061,702930.0
002935.SZ,20260819,44400.0,17.24,765456.0,17.08,0.0106965,1.04466,41509.1
002933.SZ,20260819,10500.0,27.69,290745.0,28.01,0.00898248,0.695253,11689.4
002932.SZ,20260819,1700.0,15.22,25874.0,15.16,0.00108908,0.184322,15609.5
002931.SZ,20260819,113205.0,53.17,6019109.85,54.81,0.0558828,1.31129,20257.6
002930.SZ,20260819,23200.0,8.89,206248.0,8.96,0.0053528,0.26631,43341.8
002929.SZ,20260819,132800.0,56.0,7436800.0,57.9,0.0613197,0.621947,21657.0
002928.SZ,20260819,138800.0,6.21,861948.0,6.26,0.0108587,0.76235,127824.0
002927.SZ,20260819,51200.0,16.95,867840.0,17.06,0.0231978,0.697901,22071.1
002926.SZ,20260819,74600.0,8.29,618434.0,8.31,0.0028419,0.516366,262500.0
002925.SZ,20260819,74900.0,23.3,1745170.0,23.76,0.0102456,0.48051,73104.8
002923.SZ,20260819,9200.0,11.6,106720.0,11.66,0.00356472,0.105045,25808.5
002922.SZ,20260819,223600.0,26.18,5853848.0,27.14,0.0593103,0.973128,37700.0
002921.SZ,20260819,18500.0,22.7,419950.0,22.97,0.0144033,0.243946,12844.3
002920.SZ,20260819,29100.0,88.38,2571858.0,89.09,0.00487746,0.295089,59662.2
002919.SZ,20260819,100.0,18.12,1812.0,18.06,3.78489e-05,0.00252913,26420.8
002918.SZ,20260819,135300.0,10.12,1369236.0,10.07,0.0631638,0.967671,21420.5
002917.SZ,20260819,11200.0,10.35,115920.0,10.44,0.00429869,0.364231,26054.5
002916.SZ,20260819,103700.0,370.0,38369000.0,381.85,0.0155985,1.235,66480.9
002946.SZ,20260819,14900.0,15.83,235867.0,15.84,0.00175147,0.178371,85071.5
002947.SZ,20260819,52100.0,60.0,3126000.0,61.37,0.0262728,0.92079,19830.4
002948.SZ,20260819,284000.0,5.77,1638680.0,5.75,0.00806315,1.12093,352219.0
002965.SZ,20260819,123100.0,33.7,4148470.0,34.29,0.064648,0.858535,19041.6
002978.SZ,20260819,3400.0,25.81,87754.0,26.05,0.000920712,0.130615,36928.0
002977.SZ,20260819,16700.0,21.28,355376.0,21.03,0.0250573,1.86686,6664.72
002976.SZ,20260819,10800.0,23.31,251748.0,23.56,0.00887213,0.248252,12172.9
002975.SZ,20260819,111700.0,101.01,11282817.0,104.9,0.080788,0.937746,13826.3
002973.SZ,20260819,52800.0,11.51,607728.0,11.71,0.0166219,0.7781,31765.3
002972.SZ,20260819,32300.0,14.66,473518.0,14.94,0.0239888,0.495832,13464.6
002971.SZ,20260819,119400.0,44.83,5352702.0,46.62,0.0741594,0.448901,16100.5
002970.SZ,20260819,16200.0,52.54,851148.0,53.41,0.0128178,0.462807,12638.6
002969.SZ,20260819,133300.0,14.26,1900858.0,14.45,0.0121987,0.283444,109274.0
002968.SZ,20260819,84700.0,9.36,792792.0,9.19,0.0397631,3.61219,21301.1
002967.SZ,20260819,37000.0,17.65,653050.0,17.73,0.00612715,0.791184,60387.0
002966.SZ,20260819,70600.0,8.57,605042.0,8.54,0.0016062,0.206491,439548.0
002963.SZ,20260819,72100.0,18.23,1314383.0,18.19,0.048279,0.613782,14934.0
002949.SZ,20260819,25900.0,10.62,275058.0,10.73,0.0170478,0.912573,15192.6
002962.SZ,20260819,254700.0,13.0,3311100.0,13.55,0.12174,2.51065,20921.6
002961.SZ,20260819,23700.0,18.57,440109.0,18.7,0.00496927,0.57972,47693.1
002960.SZ,20260819,64200.0,8.66,555972.0,8.68,0.00662916,0.532338,96844.9
002959.SZ,20260819,9300.0,33.7,313410.0,33.93,0.00665263,0.883474,13979.4
002958.SZ,20260819,197300.0,2.91,574143.0,2.92,0.00362713,0.379012,543956.0
002957.SZ,20260819,476600.0,41.65,19850390.0,43.78,0.113834,1.81886,41867.9
002956.SZ,20260819,15100.0,18.6,280860.0,18.7,0.00483183,0.378059,31251.1
002955.SZ,20260819,29100.0,34.29,997839.0,35.01,0.0148737,0.600054,19564.7
002953.SZ,20260819,7031063.0,11.73,82474368.99,10.66,2.49959,123.778,28128.9
002952.SZ,20260819,7700.0,20.0,154000.0,20.27,0.00584906,0.352243,13164.5
002951.SZ,20260819,334100.0,16.77,5602857.0,16.79,0.0832914,1.67979,40112.2
002950.SZ,20260819,7600.0,9.39,71364.0,9.46,0.00176898,0.113517,42962.5
002777.SZ,20260819,28300.0,12.6,356580.0,12.72,0.00699609,0.348928,40451.1
002774.SZ,20260819,109700.0,16.59,1819923.0,16.98,0.0389327,0.544046,28176.8
002507.SZ,20260819,66900.0,11.33,757977.0,11.35,0.00581345,0.670605,115078.0
002600.SZ,20260819,1243900.0,12.85,15984115.0,12.94,0.0172764,1.18155,719998.0
002598.SZ,20260819,7600.0,6.69,50844.0,6.68,0.00265243,0.397058,28653.0
002597.SZ,20260819,32800.0,20.07,658296.0,19.9,0.00578232,0.574107,56724.7
002596.SZ,20260819,18700.0,3.23,60401.0,3.23,0.00163102,0.0965172,114653.0
002595.SZ,20260819,4700.0,52.0,244400.0,52.28,0.000407994,0.130743,115198.0
002594.SZ,20260819,116500.0,89.53,10430245.0,89.53,0.00334135,0.53278,348661.0
002593.SZ,20260819,43400.0,4.5,195300.0,4.51,0.00774303,0.410133,56050.4
002592.SZ,20260819,11100.0,6.16,68376.0,6.15,0.00422309,0.502539,26284.1
002591.SZ,20260819,34200.0,6.4,218880.0,6.44,0.0153012,0.485423,22351.2
002590.SZ,20260819,217500.0,9.63,2094525.0,9.83,0.0439432,3.19325,49495.7
002589.SZ,20260819,1153300.0,3.42,3944286.0,3.47,0.0844542,0.418212,136559.0
002588.SZ,20260819,190100.0,8.8,1672880.0,8.79,0.0221398,1.6451,85863.7
002587.SZ,20260819,168600.0,5.46,920556.0,5.55,0.0316493,1.08149,53271.3
002586.SZ,20260819,12600.0,4.28,53928.0,4.29,0.0011586,0.125474,108752.0
002585.SZ,20260819,1303200.0,10.04,13084128.0,10.58,0.146963,0.867141,88675.7
002584.SZ,20260819,204100.0,8.08,1649128.0,8.25,0.0435714,1.03017,46842.7
002583.SZ,20260819,117500.0,8.24,968200.0,8.18,0.00916022,0.740318,128272.0
002582.SZ,20260819,810800.0,11.24,9113392.0,11.76,0.235534,1.37321,34424.0
002581.SZ,20260819,264900.0,4.86,1287414.0,4.85,0.0660943,1.46267,40079.1
002580.SZ,20260819,1089300.0,19.8,21568140.0,20.04,0.240815,1.07062,45233.9
002579.SZ,20260819,584200.0,14.53,8488426.0,15.15,0.100135,0.820319,58341.2
002578.SZ,20260819,623300.0,4.0,2493200.0,4.01,0.0723789,1.40112,86116.3
002577.SZ,20260819,11200.0,19.61,219632.0,19.83,0.00399041,0.213589,28067.3
002576.SZ,20260819,11700.0,14.45,169065.0,14.43,0.00722099,0.399214,16202.8
002575.SZ,20260819,386900.0,5.14,1988666.0,5.26,0.0662131,0.683059,58432.6
002574.SZ,20260819,25000.0,4.61,115250.0,4.64,0.00473485,0.433057,52800.0
002573.SZ,20260819,168700.0,3.22,543214.0,3.24,0.0119391,0.458581,141300.0
002572.SZ,20260819,105400.0,8.17,861118.0,8.08,0.016179,0.990239,65146.4
002599.SZ,20260819,35200.0,5.97,210144.0,6.03,0.00851535,0.41717,41337.1
002601.SZ,20260819,26700.0,15.25,407175.0,15.34,0.00134333,0.174095,198760.0
002570.SZ,20260819,98400.0,4.61,453624.0,4.63,0.00911115,0.30938,108000.0
002602.SZ,20260819,503400.0,14.06,7077804.0,14.26,0.0074064,0.437678,679683.0
002634.SZ,20260819,24100.0,4.4,106040.0,4.4,0.00544959,0.586346,44223.5
002633.SZ,20260819,19900.0,14.57,289943.0,14.63,0.0133053,1.06346,14956.4
002632.SZ,20260819,20600.0,8.36,172216.0,8.45,0.00358619,0.1611,57442.6
002631.SZ,20260819,129900.0,8.93,1160007.0,9.06,0.016369,0.413208,79357.2
002630.SZ,20260819,12100.0,1.64,19844.0,1.64,0.00112397,0.109971,107654.0
002629.SZ,20260819,36500.0,4.82,175930.0,4.86,0.0100758,0.363663,36225.4
002628.SZ,20260819,146100.0,4.98,727578.0,4.98,0.0193822,0.330271,75378.5
002627.SZ,20260819,47000.0,6.46,303620.0,6.47,0.006732,0.68863,69815.8
002626.SZ,20260819,82200.0,16.29,1339038.0,16.53,0.0134785,0.657238,60986.1
002625.SZ,20260819,137500.0,29.86,4105750.0,29.86,0.00638178,0.647407,215457.0
002624.SZ,20260819,106300.0,11.32,1203316.0,11.41,0.00581595,0.212622,182773.0
002623.SZ,20260819,3800.0,15.74,59812.0,15.88,0.00197263,0.108378,19263.6
002622.SZ,20260819,110800.0,2.55,282540.0,2.54,0.0131909,0.286159,83997.5
002620.SZ,20260819,32000.0,5.03,160960.0,5.07,0.0101243,0.651719,31607.2
002617.SZ,20260819,999900.0,6.41,6409359.0,6.53,0.0532535,1.20723,187762.0
002616.SZ,20260819,45400.0,4.81,218374.0,4.85,0.00772792,0.468208,58748.0
002615.SZ,20260819,14900.0,6.71,99979.0,6.7,0.00493023,0.206715,30221.7
002614.SZ,20260819,8600.0,4.94,42484.0,4.95,0.00194894,0.137608,44126.6
002613.SZ,20260819,38600.0,3.4,131240.0,3.43,0.0049892,0.148404,77367.2
002612.SZ,20260819,15400.0,15.71,241934.0,15.76,0.00605205,0.136213,25445.9
002611.SZ,20260819,387200.0,16.1,6233920.0,16.35,0.0385672,1.37592,100396.0
002609.SZ,20260819,9600.0,7.65,73440.0,7.71,0.00209214,0.205095,45886.0
002608.SZ,20260819,133000.0,7.0,931000.0,7.04,0.00352031,0.824621,377808.0
002607.SZ,20260819,729800.0,2.07,1510686.0,2.09,0.0131651,0.431622,554344.0
002606.SZ,20260819,46800.0,14.39,673452.0,14.58,0.0111074,0.22571,42134.2
002605.SZ,20260819,11100.0,17.69,196359.0,17.76,0.00328177,0.193464,33823.2
002603.SZ,20260819,102000.0,16.7,1703400.0,16.8,0.00740992,0.348231,137653.0
002571.SZ,20260819,9600.0,10.81,103776.0,10.92,0.00321817,0.197154,29830.6
002569.SZ,20260819,100.0,12.27,1227.0,12.28,7.14235e-05,0.00943806,14001.0
002773.SZ,20260819,10000.0,22.08,220800.0,22.07,0.00145608,0.121182,68677.3
002538.SZ,20260819,39300.0,7.25,284925.0,7.32,0.00460729,0.196778,85299.6
002536.SZ,20260819,141400.0,44.9,6348860.0,45.99,0.0259735,0.300598,54440.1
002535.SZ,20260819,71600.0,2.51,179716.0,2.52,0.00959402,0.594703,74629.9
002534.SZ,20260819,23500.0,15.85,372475.0,16.09,0.00284723,0.244523,82536.3
002533.SZ,20260819,4700.0,11.41,53627.0,11.47,0.000727392,0.0643639,64614.4
002532.SZ,20260819,1250400.0,12.7,15880080.0,12.98,0.0304466,1.12159,410686.0
002531.SZ,20260819,211300.0,6.38,1348094.0,6.37,0.0118257,0.681047,178679.0
002530.SZ,20260819,30700.0,7.12,218584.0,7.18,0.00441648,0.180576,69512.3
002529.SZ,20260819,24300.0,7.13,173259.0,7.24,0.00934615,0.634142,26000.0
002528.SZ,20260819,358700.0,5.01,1797087.0,5.08,0.0341549,2.52373,105022.0
002527.SZ,20260819,16600.0,11.76,195216.0,11.9,0.00313866,0.25598,52888.9
002526.SZ,20260819,30400.0,2.7,82080.0,2.72,0.00171646,0.129562,177108.0
002524.SZ,20260819,40100.0,4.0,160400.0,4.02,0.00787388,0.311174,50927.9
002523.SZ,20260819,72600.0,3.42,248292.0,3.44,0.00514331,0.349493,141154.0
002522.SZ,20260819,86400.0,4.99,431136.0,5.04,0.00954675,0.360824,90502.0
002521.SZ,20260819,37000.0,6.75,249750.0,6.78,0.00882689,0.741863,41917.4
002520.SZ,20260819,856900.0,6.62,5672678.0,6.85,0.119439,0.938559,71744.0
002519.SZ,20260819,362500.0,5.63,2040875.0,5.59,0.0322668,1.43428,112344.0
002518.SZ,20260819,68400.0,34.41,2353644.0,35.27,0.0121029,0.495559,56515.2
002517.SZ,20260819,252600.0,17.06,4309356.0,17.24,0.0133715,0.330081,188909.0
002516.SZ,20260819,38100.0,5.4,205740.0,5.43,0.0026087,0.334935,146050.0
002515.SZ,20260819,2038600.0,8.19,16696134.0,8.71,0.185016,2.12157,110185.0
002514.SZ,20260819,1194300.0,1.76,2101968.0,1.74,0.215565,3.45676,55403.3
002513.SZ,20260819,16300.0,5.34,87042.0,5.37,0.00563933,0.286872,28904.1
002512.SZ,20260819,641600.0,4.05,2598480.0,3.98,0.058623,1.92588,109445.0
002511.SZ,20260819,14600.0,7.2,105120.0,7.17,0.00115415,0.14617,126500.0
002510.SZ,20260819,92900.0,5.58,518382.0,5.65,0.00924519,0.61285,100485.0
002508.SZ,20260819,43500.0,15.65,680775.0,15.75,0.00465962,0.461012,93355.2
002537.SZ,20260819,242000.0,5.66,1369720.0,5.66,0.0206711,1.45537,117072.0
002539.SZ,20260819,42800.0,12.7,543560.0,12.75,0.0048101,0.239694,88979.4
002568.SZ,20260819,24300.0,18.85,458055.0,18.84,0.00318852,0.172042,76210.9
002540.SZ,20260819,5000.0,5.12,25600.0,5.15,0.000582614,0.0647123,85820.1
002567.SZ,20260819,281900.0,3.73,1051487.0,3.71,0.0196903,1.36858,143167.0
002566.SZ,20260819,19900.0,6.89,137111.0,6.87,0.00858534,0.258401,23179.0
002565.SZ,20260819,813500.0,9.71,7899085.0,9.55,0.0767485,2.3578,105996.0
002564.SZ,20260819,29400.0,4.52,132888.0,4.52,0.00342297,0.25313,85890.4
002563.SZ,20260819,295400.0,5.84,1725136.0,5.93,0.0133454,1.48578,221349.0
002562.SZ,20260819,947200.0,4.94,4679168.0,5.0,0.116432,1.69036,81351.9
002561.SZ,20260819,13600.0,6.8,92480.0,6.84,0.00328154,0.302459,41444.0
002560.SZ,20260819,77900.0,6.4,498560.0,6.5,0.0122997,0.336741,63334.8
002559.SZ,20260819,174600.0,9.89,1726794.0,10.08,0.0346425,0.666848,50400.5
002558.SZ,20260819,177000.0,26.74,4732980.0,27.05,0.00931303,0.23569,190056.0
002557.SZ,20260819,23900.0,19.17,458163.0,19.14,0.00473954,0.303613,50426.9
002556.SZ,20260819,236300.0,5.22,1233486.0,5.3,0.0252987,1.50512,93404.1
002555.SZ,20260819,213000.0,19.0,4047000.0,19.16,0.0134185,0.539131,158736.0
002554.SZ,20260819,184400.0,2.88,531072.0,2.9,0.0138286,1.03082,133347.0
002553.SZ,20260819,772400.0,17.82,13764168.0,17.51,0.301472,8.40886,25621.0
002552.SZ,20260819,880100.0,55.73,49047973.0,57.6,0.238831,2.12459,36850.3
002551.SZ,20260819,175000.0,3.31,579250.0,3.32,0.028633,0.721488,61118.2
002550.SZ,20260819,1503700.0,7.18,10796566.0,7.29,0.157692,2.80976,95356.7
002549.SZ,20260819,162300.0,14.04,2278692.0,14.34,0.0234416,0.957301,69236.0
002548.SZ,20260819,426300.0,4.26,1816038.0,4.27,0.0529913,1.39901,80447.1
002547.SZ,20260819,550100.0,2.54,1397254.0,2.54,0.0497915,1.72164,110481.0
002546.SZ,20260819,211200.0,8.23,1738176.0,8.35,0.0263596,0.839584,80122.7
002545.SZ,20260819,72400.0,18.1,1310440.0,18.31,0.00640615,0.376071,113016.0
002544.SZ,20260819,99300.0,17.18,1705974.0,17.1,0.0145929,0.851304,68046.8
002543.SZ,20260819,46200.0,6.84,316008.0,6.88,0.00698288,0.33476,66161.8
002542.SZ,20260819,414204.0,1.72,712430.88,1.75,0.0235508,1.75495,175877.0
002541.SZ,20260819,18600.0,19.81,368466.0,19.98,0.00374864,0.2257,49618.0
002635.SZ,20260819,134900.0,15.55,2097695.0,15.94,0.0341059,0.71016,39553.3
002636.SZ,20260819,474182.0,65.51,31063662.82,68.71,0.0654662,0.815855,72431.5
002637.SZ,20260819,384800.0,11.47,4413656.0,11.4,0.0827572,2.58895,46497.5
002736.SZ,20260819,32900.0,9.96,327684.0,9.96,0.000342265,0.173828,961243.0
002734.SZ,20260819,47300.0,14.91,705243.0,15.08,0.0108531,0.364843,43582.2
002733.SZ,20260819,42400.0,19.25,816200.0,19.59,0.0114948,0.356684,36886.3
002732.SZ,20260819,7800.0,14.14,110292.0,14.14,0.00498192,0.546609,15656.6
002731.SZ,20260819,1017800.0,1.43,1455454.0,1.59,0.443184,3.37099,22965.6
002730.SZ,20260819,36000.0,22.0,792000.0,22.46,0.0104037,0.336266,34603.0
002729.SZ,20260819,20400.0,13.91,283764.0,14.03,0.0116265,0.471571,17546.1
002728.SZ,20260819,84200.0,9.4,791480.0,9.52,0.016796,0.408343,50130.9
002727.SZ,20260819,70700.0,11.66,824362.0,11.73,0.0179937,0.353796,39291.5
002726.SZ,20260819,2382866.0,2.46,5861850.36,2.55,0.17517,2.51513,136032.0
002725.SZ,20260819,20800.0,11.4,237120.0,11.56,0.00835464,0.314002,24896.3
002724.SZ,20260819,1255200.0,6.38,8008176.0,6.47,0.221073,2.8396,56777.5
002723.SZ,20260819,17100.0,7.44,127224.0,7.49,0.00539347,0.186366,31705.0
002722.SZ,20260819,58900.0,13.14,773946.0,13.12,0.0264889,1.92313,22235.7
002721.SZ,20260819,1067000.0,2.57,2742190.0,2.62,0.0401222,0.53476,265938.0
002719.SZ,20260819,200.0,6.0,1200.0,6.05,0.000123554,0.00762975,16187.2
002718.SZ,20260819,0.0,,0.0,92.63,0.0,0.0,9398.08
002717.SZ,20260819,1076700.0,0.98,1055166.0,0.99,0.0626515,2.68251,171855.0
002716.SZ,20260819,2120000.0,8.91,18889200.0,9.43,0.0912819,0.886899,232248.0
002715.SZ,20260819,12900.0,14.39,185631.0,14.48,0.00934783,0.166105,13800.0
002714.SZ,20260819,311800.0,40.12,12509416.0,39.93,0.00950465,0.695582,328050.0
002713.SZ,20260819,315500.0,9.77,3082435.0,9.94,0.0599239,1.76539,52650.1
002712.SZ,20260819,20700.0,4.72,97704.0,4.75,0.00382695,0.148025,54090.0
002709.SZ,20260819,415600.0,38.15,15855140.0,39.17,0.0275412,0.734198,150901.0
002708.SZ,20260819,127100.0,11.56,1469276.0,11.87,0.0246005,0.435863,51665.7
002707.SZ,20260819,30700.0,5.15,158105.0,5.18,0.00354918,0.20362,86498.8
002706.SZ,20260819,999600.0,10.26,10255896.0,10.66,0.109247,1.40961,91499.0
002705.SZ,20260819,32000.0,11.37,363840.0,11.45,0.00396221,0.521435,80763.1
002735.SZ,20260819,45500.0,11.8,536900.0,11.88,0.0159616,0.342076,28505.9
002737.SZ,20260819,5700.0,13.27,75639.0,13.3,0.000976028,0.0885138,58400.0
002638.SZ,20260819,1350500.0,3.87,5226435.0,3.85,0.0998388,5.49461,135268.0
002738.SZ,20260819,126900.0,52.65,6681285.0,53.72,0.0178477,0.674073,71101.5
002772.SZ,20260819,347100.0,11.27,3911817.0,11.57,0.0933977,2.46438,37163.7
002771.SZ,20260819,24600.0,12.84,315864.0,12.91,0.0140962,0.479151,17451.5
002769.SZ,20260819,21300.0,6.97,148461.0,6.99,0.0057103,0.417907,37301.0
002768.SZ,20260819,94800.0,65.0,6162000.0,66.58,0.0375805,1.02274,25225.8
002767.SZ,20260819,15500.0,18.49,286595.0,18.49,0.0118971,0.538424,13028.4
002766.SZ,20260819,358800.0,4.3,1542840.0,4.34,0.041868,0.64572,85697.8
002765.SZ,20260819,14200.0,7.19,102098.0,7.26,0.00238292,0.17194,59590.8
002763.SZ,20260819,8600.0,7.68,66048.0,7.67,0.00283254,0.172592,30361.4
002762.SZ,20260819,76300.0,10.2,778260.0,10.33,0.0360964,0.256504,21137.8
002761.SZ,20260819,261600.0,7.15,1870440.0,7.22,0.0241822,2.53275,108179.0
002760.SZ,20260819,8600.0,17.77,152822.0,17.95,0.0079638,0.329164,10798.9
002759.SZ,20260819,264200.0,17.51,4626142.0,17.7,0.0527407,0.815331,50094.2
002758.SZ,20260819,220600.0,8.2,1808920.0,8.3,0.0425665,2.82571,51824.8
002757.SZ,20260819,51900.0,17.03,883857.0,17.41,0.0184008,0.259233,28205.3
002756.SZ,20260819,98600.0,47.17,4650962.0,48.18,0.0254729,0.870901,38707.8
002755.SZ,20260819,18000.0,13.35,240300.0,13.45,0.00193934,0.176307,92815.0
002753.SZ,20260819,38000.0,6.6,250800.0,6.66,0.012847,0.847915,29578.9
002752.SZ,20260819,26200.0,6.02,157724.0,6.0,0.00268573,0.306731,97552.7
002749.SZ,20260819,65100.0,8.67,564417.0,8.82,0.0119599,1.47302,54431.9
002748.SZ,20260819,13300.0,11.87,157871.0,12.01,0.00554167,0.257611,24000.0
002747.SZ,20260819,1282300.0,38.0,48727400.0,40.04,0.163886,1.64695,78243.5
002746.SZ,20260819,56100.0,6.12,343332.0,6.13,0.00790501,0.290123,70967.6
002745.SZ,20260819,609600.0,11.49,7004304.0,11.77,0.0572884,0.992762,106409.0
002743.SZ,20260819,1198800.0,4.33,5190804.0,4.47,0.275858,13.6778,43457.1
002742.SZ,20260819,463300.0,4.16,1927328.0,4.31,0.0884293,1.36702,52392.1
002741.SZ,20260819,424300.0,26.97,11443371.0,28.26,0.0986683,1.19675,43002.7
002739.SZ,20260819,1401800.0,8.74,12251732.0,8.81,0.0673294,0.549888,208200.0
002703.SZ,20260819,494500.0,15.02,7427390.0,15.5,0.0843787,1.01949,58604.8
002702.SZ,20260819,370800.0,5.1,1891080.0,5.17,0.0808294,0.855643,45874.4
002701.SZ,20260819,27700.0,4.73,131021.0,4.73,0.00108315,0.127287,255736.0
002700.SZ,20260819,21300.0,6.42,136746.0,6.41,0.00991685,0.292595,21478.6
002666.SZ,20260819,65400.0,4.28,279912.0,4.28,0.0130626,0.735474,50066.8
002664.SZ,20260819,11400.0,16.02,182628.0,16.16,0.00282915,0.215504,40294.7
002663.SZ,20260819,55500.0,1.66,92130.0,1.67,0.0032511,0.176987,170712.0
002662.SZ,20260819,67400.0,3.2,215680.0,3.23,0.00449339,0.751828,149998.0
002661.SZ,20260819,85700.0,8.1,694170.0,8.09,0.027787,2.69634,30841.7
002660.SZ,20260819,49000.0,7.46,365540.0,7.42,0.0142863,1.0579,34298.7
002659.SZ,20260819,94100.0,4.51,424391.0,4.56,0.0157285,0.508887,59827.8
002658.SZ,20260819,187200.0,7.69,1439568.0,7.82,0.0522086,1.09211,35856.1
002657.SZ,20260819,51100.0,15.09,771099.0,15.36,0.0152026,0.558115,33612.7
002656.SZ,20260819,44700.0,3.0,134100.0,3.0,0.00650998,0.419396,68663.8
002655.SZ,20260819,512200.0,36.69,18792618.0,38.02,0.141002,1.62006,36325.7
002654.SZ,20260819,1084800.0,13.9,15078720.0,14.26,0.128342,2.04436,84524.3
002653.SZ,20260819,25400.0,69.56,1766824.0,69.56,0.00473187,0.371234,53678.6
002652.SZ,20260819,259700.0,4.01,1041397.0,4.08,0.0507163,1.91995,51206.4
002651.SZ,20260819,766000.0,8.88,6802080.0,8.81,0.135464,3.02529,56546.4
002650.SZ,20260819,400.0,6.1,2440.0,6.13,3.61322e-05,0.0120663,110705.0
002649.SZ,20260819,207300.0,9.6,1990080.0,9.78,0.038649,0.530925,53636.5
002648.SZ,20260819,192700.0,26.78,5160506.0,26.83,0.00572408,0.387026,336648.0
002647.SZ,20260819,182300.0,11.81,2152963.0,11.97,0.0179554,0.615507,101529.0
002646.SZ,20260819,29300.0,6.94,203342.0,6.95,0.00615545,0.540855,47600.1
002645.SZ,20260819,497700.0,20.01,9958977.0,20.72,0.0731682,1.12271,68021.4
002644.SZ,20260819,126600.0,8.34,1055844.0,8.34,0.0247916,0.654913,51065.7
002643.SZ,20260819,152700.0,14.07,2148489.0,14.37,0.016925,0.704819,90221.5
002642.SZ,20260819,20100.0,7.14,143514.0,7.24,0.00303818,0.142722,66158.0
002641.SZ,20260819,21800.0,3.94,85892.0,3.93,0.00192241,0.309276,113399.0
002640.SZ,20260819,106100.0,3.26,345886.0,3.29,0.00685285,0.121501,154826.0
002639.SZ,20260819,134600.0,11.85,1595010.0,12.01,0.0204053,0.668396,65963.4
002667.SZ,20260819,405100.0,15.87,6428937.0,14.43,0.171209,2.01064,23661.1
002668.SZ,20260819,960600.0,9.74,9356244.0,9.85,0.0886071,2.44204,108411.0
002669.SZ,20260819,73100.0,12.7,928370.0,12.82,0.0241479,0.491799,30271.8
002686.SZ,20260819,70500.0,6.06,427230.0,6.06,0.0134869,0.390893,52272.9
002698.SZ,20260819,104900.0,12.58,1319642.0,12.7,0.0124269,0.292687,84413.8
002697.SZ,20260819,194200.0,4.65,903030.0,4.69,0.016915,0.935113,114809.0
002696.SZ,20260819,872100.0,6.13,5345973.0,6.22,0.260906,3.72455,33425.9
002695.SZ,20260819,11800.0,11.46,135228.0,11.48,0.00230714,0.111212,51145.5
002694.SZ,20260819,16400.0,2.08,34112.0,2.08,0.00228159,0.630841,71879.8
002693.SZ,20260819,72400.0,9.73,704452.0,9.85,0.0176164,0.399765,41098.2
002692.SZ,20260819,22100.0,4.12,91052.0,4.14,0.00307913,0.197213,71773.4
002691.SZ,20260819,0.0,,0.0,4.31,0.0,0.0,33597.9
002690.SZ,20260819,79100.0,15.58,1232378.0,15.68,0.0182364,1.21614,43374.7
002689.SZ,20260819,318240.0,2.8,891072.0,2.82,0.0305146,6.4555,104291.0
002688.SZ,20260819,302900.0,5.3,1605370.0,5.36,0.0405237,3.58781,74746.4
002687.SZ,20260819,68900.0,6.5,447850.0,6.6,0.0166669,0.138798,41339.4
002685.SZ,20260819,232000.0,5.7,1322400.0,5.8,0.023026,0.34645,100756.0
002670.SZ,20260819,76100.0,11.0,837100.0,11.06,0.00468783,0.384163,162335.0
002683.SZ,20260819,14600.0,30.12,439752.0,30.49,0.00219035,0.128996,66655.9
002682.SZ,20260819,928400.0,4.71,4372764.0,4.77,0.165087,1.03685,56236.9
002681.SZ,20260819,276500.0,4.47,1235955.0,4.51,0.0176197,0.876564,156926.0
002679.SZ,20260819,50100.0,9.16,458916.0,9.25,0.0212508,1.53622,23575.6
002678.SZ,20260819,37100.0,4.6,170660.0,4.63,0.00273282,0.571005,135757.0
002677.SZ,20260819,5800.0,7.04,40832.0,7.03,0.00105166,0.0476811,55151.0
002676.SZ,20260819,281000.0,5.15,1447150.0,5.22,0.0390291,2.08164,71997.6
002675.SZ,20260819,8800.0,12.94,113872.0,12.96,0.00118378,0.110025,74338.4
002674.SZ,20260819,263200.0,28.51,7503832.0,30.55,0.0899633,0.860588,29256.4
002673.SZ,20260819,88500.0,6.54,578790.0,6.56,0.00198005,0.411745,446958.0
002672.SZ,20260819,34400.0,3.66,125904.0,3.65,0.00380061,0.461907,90511.8
002671.SZ,20260819,35800.0,3.94,141052.0,3.96,0.00649261,0.442984,55139.6
161118.SZ,20260819,0.0,,0.0,1.601,,0.0,
161121.SZ,20260819,0.0,,0.0,1.601,,0.0,
001368.SZ,20260819,11500.0,23.6,271400.0,23.52,0.0106402,0.758235,10808.1
301176.SZ,20260819,28500.0,48.97,1395645.0,50.45,0.0173724,0.393798,16405.4
301173.SZ,20260819,1100.0,32.14,35354.0,32.32,0.00356811,0.128923,3082.87
301172.SZ,20260819,14800.0,18.28,270544.0,18.53,0.00890023,0.282099,16628.8
301171.SZ,20260819,226000.0,36.97,8355220.0,37.7,0.0450303,0.243687,50188.5
301170.SZ,20260819,2900.0,23.19,67251.0,23.16,0.00763083,0.42759,3800.37
301169.SZ,20260819,4400.0,53.96,237424.0,55.1,0.00611034,0.278584,7200.9
301168.SZ,20260819,1400.0,42.11,58954.0,42.27,0.00146884,0.103111,9531.33
301167.SZ,20260819,12300.0,13.97,171831.0,14.09,0.0116351,0.772922,10571.5
301166.SZ,20260819,3900.0,29.02,113178.0,29.3,0.00691239,0.188542,5642.05
301165.SZ,20260819,465043.0,132.04,61404277.72,136.99,0.041759,1.49948,111364.0
301163.SZ,20260819,3100.0,23.37,72447.0,23.51,0.00566462,0.282607,5472.56
301162.SZ,20260819,11100.0,40.0,444000.0,40.36,0.00916089,0.456587,12116.7
301161.SZ,20260819,23500.0,29.01,681735.0,29.73,0.0304414,0.547149,7719.76
301160.SZ,20260819,16200.0,45.99,745038.0,46.55,0.0146239,0.277226,11077.7
301159.SZ,20260819,3000.0,33.45,100350.0,33.49,0.00565878,0.097276,5301.5
301158.SZ,20260819,301800.0,16.35,4934430.0,16.47,0.158713,1.81133,19015.4
301157.SZ,20260819,0.0,,0.0,63.59,0.0,0.0,2065.78
301156.SZ,20260819,224070.0,12.45,2789671.5,12.88,0.18942,3.65077,11829.3
301155.SZ,20260819,14100.0,45.8,645780.0,45.55,0.0114394,0.381483,12325.8
301153.SZ,20260819,17700.0,17.05,301785.0,17.22,0.0053353,0.47885,33175.2
301152.SZ,20260819,19900.0,19.32,384468.0,19.69,0.0280364,0.591956,7097.92
301151.SZ,20260819,10100.0,17.1,172710.0,16.97,0.00598186,0.350518,16884.4
301150.SZ,20260819,104500.0,39.7,4148650.0,41.0,0.0343932,0.517771,30383.9
301149.SZ,20260819,15700.0,7.98,125286.0,8.01,0.00461614,0.222218,34011.1
301148.SZ,20260819,1600.0,51.52,82432.0,52.26,0.00271771,0.0610101,5887.31
301141.SZ,20260819,3200.0,42.4,135680.0,42.82,0.00718897,0.0835742,4451.26
301139.SZ,20260819,171000.0,3.75,641250.0,3.85,0.224506,0.956272,7616.71
301138.SZ,20260819,600.0,27.43,16458.0,27.44,0.000875144,0.0769193,6856.01
301175.SZ,20260819,13600.0,5.41,73576.0,5.42,0.00218692,0.116594,62188.0
301177.SZ,20260819,1900.0,22.75,43225.0,22.83,0.000474988,0.260471,40001.0
301136.SZ,20260819,110900.0,11.39,1263151.0,11.59,0.0403423,2.29323,27489.7
301178.SZ,20260819,10300.0,36.94,380482.0,37.5,0.0149954,0.479222,6868.76
301208.SZ,20260819,11600.0,30.16,349856.0,30.63,0.0172054,0.668845,6742.09
301207.SZ,20260819,2500.0,17.81,44525.0,17.83,0.000416217,0.0515934,60064.8
301206.SZ,20260819,8300.0,24.5,203350.0,24.56,0.00637111,0.580508,13027.6
301205.SZ,20260819,116300.0,292.0,33959600.0,301.3,0.138874,1.40936,8374.52
301203.SZ,20260819,1700.0,34.35,58395.0,34.69,0.00387752,0.217358,4384.25
301202.SZ,20260819,35900.0,37.05,1330095.0,38.17,0.0450906,1.25362,7961.75
301201.SZ,20260819,19400.0,36.94,716636.0,37.23,0.0178729,0.114035,10854.4
301200.SZ,20260819,21600.0,296.0,6393600.0,309.0,0.00507951,0.697729,42523.8
301199.SZ,20260819,17400.0,18.95,329730.0,19.14,0.0096841,1.11643,17967.6
301198.SZ,20260819,26200.0,12.28,321736.0,12.42,0.0161452,1.0215,16227.7
301197.SZ,20260819,4600.0,24.95,114770.0,25.2,0.00422991,0.211079,10874.9
301196.SZ,20260819,89200.0,88.0,7849600.0,91.5,0.0827491,1.1967,10779.6
301195.SZ,20260819,5300.0,26.63,141139.0,26.9,0.00604403,0.262097,8768.98
301193.SZ,20260819,900.0,18.18,16362.0,18.26,0.000488649,0.0328518,18418.1
301192.SZ,20260819,8900.0,20.02,178178.0,20.17,0.0180855,0.841438,4921.08
301191.SZ,20260819,63100.0,96.4,6082840.0,99.4,0.0863701,0.969189,7305.77
301190.SZ,20260819,29200.0,18.22,532024.0,18.41,0.0204047,0.499712,14310.4
301189.SZ,20260819,27800.0,53.4,1484520.0,54.9,0.0176015,0.577502,15794.1
301188.SZ,20260819,325800.0,43.51,14175558.0,45.36,0.121778,1.23864,26753.7
301187.SZ,20260819,6100.0,15.17,92537.0,15.16,0.00239279,0.246738,25493.3
301186.SZ,20260819,5000.0,35.7,178500.0,35.86,0.00463465,0.393834,10788.3
301185.SZ,20260819,5800.0,16.5,95700.0,16.56,0.00418267,0.255524,13866.7
301183.SZ,20260819,111700.0,214.68,23979756.0,217.53,0.190291,1.66024,5869.96
301182.SZ,20260819,23300.0,71.23,1659659.0,73.13,0.0266639,0.726537,8738.42
301181.SZ,20260819,1200.0,23.0,27600.0,23.01,0.00102358,0.0488176,11723.6
301180.SZ,20260819,9500.0,11.78,111910.0,11.81,0.00578781,0.327139,16413.8
301179.SZ,20260819,75400.0,20.42,1539668.0,20.44,0.0317507,1.94128,23747.5
301137.SZ,20260819,12400.0,33.5,415400.0,34.23,0.00682018,0.233475,18181.3
301135.SZ,20260819,11600.0,16.9,196040.0,16.97,0.011487,0.767741,10098.4
301210.SZ,20260819,3900.0,26.0,101400.0,26.44,0.00633647,0.112377,6154.85
301100.SZ,20260819,5000.0,16.31,81550.0,16.48,0.00563526,0.311327,8872.7
301098.SZ,20260819,473432.0,8.48,4014703.36,8.68,0.245318,6.60292,19298.7
301097.SZ,20260819,2200.0,35.69,78518.0,35.35,0.00561694,0.364686,3916.72
301096.SZ,20260819,6700.0,50.5,338350.0,50.75,0.00806355,0.17461,8309.0
301095.SZ,20260819,37400.0,77.05,2881670.0,79.21,0.021616,0.631702,17302.0
301093.SZ,20260819,9600.0,78.53,753888.0,80.02,0.00471782,0.207678,20348.4
301092.SZ,20260819,11100.0,47.79,530469.0,48.5,0.0182148,0.336968,6093.94
301091.SZ,20260819,15100.0,18.83,284333.0,18.8,0.00286375,0.230052,52728.0
301090.SZ,20260819,27200.0,6.62,180064.0,6.65,0.00184917,0.393962,147093.0
301089.SZ,20260819,3300.0,24.89,82137.0,24.82,0.00364762,0.0905849,9047.01
301088.SZ,20260819,5000.0,12.64,63200.0,12.58,0.00265957,0.337026,18800.0
301087.SZ,20260819,3000.0,49.5,148500.0,49.74,0.00154646,0.173367,19399.1
301086.SZ,20260819,14000.0,126.99,1777860.0,130.05,0.0200686,0.456008,6976.09
301085.SZ,20260819,82200.0,64.08,5267376.0,63.95,0.139531,1.77124,5891.17
301083.SZ,20260819,3300.0,14.1,46530.0,14.29,0.00385469,0.181893,8560.99
301082.SZ,20260819,28400.0,10.02,284568.0,10.11,0.0104141,0.211165,27270.8
301081.SZ,20260819,3700.0,12.46,46102.0,12.52,0.00164824,0.101941,22448.3
301080.SZ,20260819,227808.0,91.79,20910496.32,91.45,0.179606,1.06101,12683.7
301079.SZ,20260819,46000.0,30.15,1386900.0,30.13,0.059792,1.73772,7693.34
301078.SZ,20260819,355000.0,7.41,2630550.0,7.34,0.0281312,2.62512,126195.0
301077.SZ,20260819,44100.0,22.0,970200.0,22.34,0.0461435,0.602669,9557.14
301076.SZ,20260819,9800.0,22.3,218540.0,22.49,0.0064243,0.33907,15254.6
301075.SZ,20260819,0.0,,0.0,55.82,0.0,0.0,8000.0
301073.SZ,20260819,9500.0,18.1,171950.0,18.32,0.00534336,0.197955,17779.1
301072.SZ,20260819,15300.0,43.58,666774.0,43.29,0.0227882,0.482912,6713.99
301071.SZ,20260819,173100.0,62.01,10733931.0,64.6,0.0925426,1.1746,18704.9
301070.SZ,20260819,9800.0,67.09,657482.0,69.25,0.0115547,0.310021,8481.39
301069.SZ,20260819,10200.0,16.83,171666.0,16.99,0.00239002,0.144363,42677.4
301099.SZ,20260819,50380.0,51.3,2584494.0,53.4,0.0438184,0.68236,11497.4
301101.SZ,20260819,1200.0,29.4,35280.0,29.68,0.000618228,0.0797643,19410.3
301133.SZ,20260819,14900.0,30.17,449533.0,30.6,0.013407,0.539089,11113.6
301102.SZ,20260819,9300.0,9.68,90024.0,9.76,0.00229064,0.428618,40600.0
301132.SZ,20260819,61800.0,37.5,2317500.0,38.38,0.065235,1.19896,9473.44
301131.SZ,20260819,3400.0,33.89,115226.0,34.28,0.00868346,0.463324,3915.49
301130.SZ,20260819,170000.0,27.98,4756600.0,27.82,0.288051,2.36382,5901.74
301129.SZ,20260819,357464.0,25.04,8950898.56,26.46,0.529792,5.05942,6747.25
301128.SZ,20260819,106580.0,115.18,12275884.4,118.2,0.0836647,1.62366,12738.9
301127.SZ,20260819,550300.0,19.25,10593275.0,19.41,0.0840894,1.10861,65442.2
301126.SZ,20260819,70100.0,9.95,697495.0,10.13,0.0508456,1.45037,13786.8
301125.SZ,20260819,9000.0,13.03,117270.0,13.1,0.00512004,0.270585,17578.0
301123.SZ,20260819,95700.0,75.85,7258845.0,79.11,0.0579854,0.810596,16504.2
301122.SZ,20260819,8900.0,34.91,310699.0,35.17,0.0117662,0.22063,7564.07
301121.SZ,20260819,6600.0,35.61,235026.0,36.2,0.00859815,0.496497,7676.07
301120.SZ,20260819,55900.0,15.3,855270.0,15.58,0.0247608,0.378664,22576.0
301119.SZ,20260819,2300.0,21.85,50255.0,22.12,0.00195322,0.0876806,11775.4
301118.SZ,20260819,8800.0,22.7,199760.0,22.96,0.00830711,0.350313,10593.3
301117.SZ,20260819,46880.0,19.77,926817.6,19.46,0.0404644,0.392846,11585.5
301116.SZ,20260819,148200.0,9.69,1436058.0,9.81,0.0330084,1.18503,44897.7
301115.SZ,20260819,33100.0,32.97,1091307.0,34.05,0.0221847,0.564837,14920.2
301113.SZ,20260819,8400.0,16.55,139020.0,16.61,0.0117213,0.838703,7166.42
301112.SZ,20260819,9500.0,32.31,306945.0,32.78,0.00861548,0.75341,11026.7
301111.SZ,20260819,768200.0,23.47,18029654.0,23.85,0.480125,10.8427,16000.0
301110.SZ,20260819,18200.0,36.3,660660.0,36.81,0.019974,0.519199,9111.85
301109.SZ,20260819,4200.0,13.5,56700.0,13.49,0.000672766,0.141044,62428.9
301108.SZ,20260819,43100.0,36.73,1583063.0,37.77,0.0664781,2.652,6483.34
301107.SZ,20260819,1600.0,20.94,33504.0,20.96,0.0019714,0.0457063,8116.07
301106.SZ,20260819,533400.0,22.58,12044172.0,21.18,0.373109,22.0884,14296.1
301105.SZ,20260819,1400.0,47.98,67172.0,47.81,0.00706625,0.274718,1981.25
301103.SZ,20260819,18600.0,16.81,312666.0,16.87,0.0152918,0.668875,12163.4
301209.SZ,20260819,11000.0,60.29,663190.0,61.6,0.00821164,0.17015,13395.6
301211.SZ,20260819,54400.0,12.0,652800.0,12.12,0.013027,0.352872,41759.5
161122.SZ,20260819,2600.0,0.594,1544.4,0.602,,0.241091,
301322.SZ,20260819,11900.0,40.98,487662.0,41.93,0.0123684,0.24827,9621.27
301320.SZ,20260819,6900.0,13.21,91149.0,13.21,0.00604155,0.437669,11420.9
301319.SZ,20260819,432219.0,126.14,54520104.66,130.0,0.31431,2.89156,13751.4
301318.SZ,20260819,2000.0,20.49,40980.0,20.7,0.00214636,0.222083,9318.12
301317.SZ,20260819,14400.0,44.3,637920.0,45.56,0.0275879,0.599863,5219.67
301316.SZ,20260819,110700.0,41.94,4642758.0,42.57,0.0282941,0.83139,39124.7
301315.SZ,20260819,7855.0,41.68,327396.4,42.35,0.00892614,0.131558,8800.0
301314.SZ,20260819,4000.0,43.51,174040.0,43.97,0.021909,0.425694,1825.74
301313.SZ,20260819,60700.0,37.18,2256826.0,37.79,0.0772722,1.0455,7855.35
301312.SZ,20260819,52300.0,72.5,3791750.0,75.45,0.0616935,0.728538,8477.39
301311.SZ,20260819,10500.0,13.51,141855.0,13.62,0.004375,0.720389,24000.0
301310.SZ,20260819,60300.0,56.43,3402729.0,57.1,0.0988753,0.745874,6098.59
301309.SZ,20260819,5400.0,31.25,168750.0,31.2,0.0089137,0.304107,6058.09
301308.SZ,20260819,338571.0,387.0,131026977.0,412.18,0.120124,1.71824,28185.2
301307.SZ,20260819,14300.0,54.5,779350.0,56.03,0.0131456,0.171425,10878.1
301306.SZ,20260819,70800.0,105.58,7475064.0,101.3,0.121519,3.05273,5826.25
301305.SZ,20260819,36600.0,24.69,903654.0,24.98,0.0294327,0.500605,12435.2
301303.SZ,20260819,21900.0,14.15,309885.0,14.38,0.0214286,0.484805,10220.0
301302.SZ,20260819,7100.0,23.13,164223.0,23.33,0.00510828,0.194699,13899.0
301301.SZ,20260819,637000.0,9.16,5834920.0,9.25,0.102745,3.6571,61998.2
301300.SZ,20260819,9700.0,32.28,313116.0,32.95,0.0248242,1.23134,3907.48
301299.SZ,20260819,5500.0,44.0,242000.0,44.15,0.0122825,0.503667,4477.92
301298.SZ,20260819,9700.0,12.78,123966.0,12.83,0.00896627,0.701271,10818.3
301297.SZ,20260819,178100.0,36.28,6461468.0,37.32,0.0337166,1.1029,52822.7
301296.SZ,20260819,34200.0,6.48,221616.0,6.45,0.00799941,1.27218,42753.2
301295.SZ,20260819,199832.0,46.42,9276201.44,46.32,0.679701,7.08069,2940.0
301293.SZ,20260819,27600.0,54.47,1503372.0,55.1,0.0133989,0.198029,20598.7
301292.SZ,20260819,112700.0,68.65,7736855.0,69.9,0.132294,0.829515,8518.92
301321.SZ,20260819,24900.0,38.36,955164.0,40.26,0.0168681,0.459806,14761.6
301323.SZ,20260819,4800.0,74.62,358176.0,76.0,0.00700089,0.373602,6856.27
301290.SZ,20260819,800.0,29.28,23424.0,29.45,0.0010053,0.0367469,7957.85
301325.SZ,20260819,4500.0,31.0,139500.0,31.33,0.00312733,0.355526,14389.3
301365.SZ,20260819,40650.0,39.24,1595106.0,39.69,0.0330158,0.718242,12312.3
301363.SZ,20260819,475800.0,18.0,8564400.0,18.57,0.0911441,3.10809,52203.0
301362.SZ,20260819,20800.0,131.62,2737696.0,137.0,0.0508003,0.468473,4094.47
301361.SZ,20260819,8600.0,27.52,236672.0,27.75,0.0152655,0.68154,5633.6
301360.SZ,20260819,14100.0,54.37,766617.0,55.43,0.0414042,0.725071,3405.45
301359.SZ,20260819,13000.0,16.85,219050.0,16.92,0.018272,0.845109,7114.7
301358.SZ,20260819,219500.0,69.4,15233300.0,70.05,0.028718,1.06871,76433.0
301357.SZ,20260819,57400.0,104.35,5989690.0,102.0,0.0602941,1.06409,9520.0
301356.SZ,20260819,9600.0,19.77,189792.0,19.89,0.0075771,0.570512,12669.8
301355.SZ,20260819,9600.0,10.04,96384.0,10.13,0.00687099,0.482949,13971.8
301353.SZ,20260819,10700.0,19.08,204156.0,19.25,0.0262082,0.605817,4082.69
301349.SZ,20260819,14300.0,46.45,664235.0,46.86,0.0127093,0.347479,11251.6
301348.SZ,20260819,150800.0,21.51,3243708.0,22.16,0.0779414,0.918835,19347.9
301345.SZ,20260819,6000.0,265.0,1590000.0,270.69,0.0171283,0.462887,3502.97
301339.SZ,20260819,19100.0,11.06,211246.0,11.16,0.00333195,0.514137,57323.8
301338.SZ,20260819,39800.0,102.14,4065172.0,105.91,0.0366702,0.831317,10853.5
301337.SZ,20260819,800.0,25.81,20648.0,26.22,0.000784823,0.0627729,10193.4
301336.SZ,20260819,12500.0,42.24,528000.0,42.78,0.0311209,0.678163,4016.59
301335.SZ,20260819,17200.0,22.33,384076.0,22.55,0.0194588,0.489994,8839.19
301333.SZ,20260819,10500.0,63.69,668745.0,63.68,0.0108855,0.21994,9645.85
301332.SZ,20260819,5700.0,7.76,44232.0,7.8,0.00215224,0.121329,26484.0
301331.SZ,20260819,6600.0,22.0,145200.0,22.22,0.00643042,0.387522,10263.7
301330.SZ,20260819,2800.0,24.34,68152.0,24.64,0.00136807,0.135174,20466.9
301329.SZ,20260819,18800.0,19.81,372428.0,20.01,0.0284676,0.544833,6604.0
301328.SZ,20260819,38700.0,64.36,2490732.0,64.57,0.0336042,1.49482,11516.4
301327.SZ,20260819,5600.0,43.82,245392.0,44.16,0.00392231,0.609367,14277.3
301326.SZ,20260819,9900.0,108.47,1073853.0,111.21,0.0137357,0.453827,7207.49
301291.SZ,20260819,198100.0,40.99,8120119.0,41.23,0.121053,1.64842,16364.7
301289.SZ,20260819,5500.0,43.98,241890.0,44.18,0.00709669,1.2007,7750.09
301212.SZ,20260819,39000.0,23.0,897000.0,23.0,0.0416,3.65449,9375.0
301252.SZ,20260819,1300.0,33.5,43550.0,34.22,0.000957946,0.0430688,13570.7
301248.SZ,20260819,19500.0,64.05,1248975.0,66.34,0.0173598,0.262115,11232.9
301246.SZ,20260819,63700.0,21.02,1338974.0,21.45,0.0374535,0.826588,17007.7
301239.SZ,20260819,6500.0,35.04,227760.0,35.23,0.00457605,0.152124,14204.4
301238.SZ,20260819,49600.0,16.35,810960.0,16.54,0.00676364,0.655699,73333.3
301237.SZ,20260819,6300.0,56.36,355068.0,57.28,0.0108155,0.482987,5825.0
301236.SZ,20260819,423900.0,38.63,16375257.0,39.9,0.0539513,1.46391,78570.9
301235.SZ,20260819,326200.0,47.06,15350972.0,49.0,0.312997,2.05327,10421.8
301234.SZ,20260819,67000.0,89.99,6029330.0,95.0,0.166789,1.76183,4017.06
301233.SZ,20260819,1200.0,33.62,40344.0,33.9,0.00304753,0.155969,3937.61
301232.SZ,20260819,192500.0,120.0,23100000.0,115.5,0.307541,5.1637,6259.33
301231.SZ,20260819,18500.0,28.3,523550.0,28.95,0.0282741,0.444441,6543.1
301230.SZ,20260819,84100.0,36.59,3077219.0,36.96,0.051675,0.314768,16274.8
301229.SZ,20260819,12000.0,12.22,146640.0,12.26,0.00928213,0.39694,12928.1
301228.SZ,20260819,8800.0,60.33,530904.0,61.3,0.0073677,0.214019,11944.0
301227.SZ,20260819,3400.0,26.89,91426.0,27.45,0.00460029,0.134454,7390.84
301226.SZ,20260819,1800.0,30.5,54900.0,30.8,0.00165441,0.0953276,10880.0
301225.SZ,20260819,4200.0,61.0,256200.0,62.54,0.00954806,0.119965,4398.8
301223.SZ,20260819,1800.0,16.72,30096.0,16.78,0.000932026,0.230352,19312.8
301222.SZ,20260819,500.0,25.0,12500.0,25.15,0.000469043,0.0344234,10660.0
301221.SZ,20260819,3600.0,28.88,103968.0,28.95,0.00402951,0.259427,8934.08
301220.SZ,20260819,1800.0,28.61,51498.0,28.85,0.00230719,0.181891,7801.71
301219.SZ,20260819,61750.0,47.8,2951650.0,48.69,0.0225992,0.753696,27324.0
301218.SZ,20260819,63700.0,44.5,2834650.0,45.45,0.0909106,0.642345,7006.88
301217.SZ,20260819,344185.0,117.68,40503690.8,124.21,0.0415173,0.709225,82901.6
301216.SZ,20260819,40300.0,17.09,688727.0,17.43,0.00739978,0.406864,54461.1
301215.SZ,20260819,11800.0,5.19,61242.0,5.19,0.000892317,0.168996,132240.0
301213.SZ,20260819,3600.0,44.94,161784.0,45.5,0.00497269,0.25838,7239.55
301251.SZ,20260819,29380.0,46.88,1377334.4,48.6,0.0388677,0.283578,7558.97
301255.SZ,20260819,8100.0,21.15,171315.0,21.16,0.00605939,0.725709,13367.7
301288.SZ,20260819,5400.0,17.28,93312.0,17.33,0.00691336,0.301127,7810.96
301256.SZ,20260819,55600.0,10.36,576016.0,10.42,0.0115833,0.998984,48000.0
301287.SZ,20260819,8900.0,39.9,355110.0,40.4,0.0522566,0.399535,1703.14
301286.SZ,20260819,26300.0,44.78,1177714.0,45.47,0.0163063,1.27136,16128.8
301285.SZ,20260819,17500.0,88.5,1548750.0,90.23,0.00846761,0.748631,20667.0
301283.SZ,20260819,3400.0,26.43,89862.0,26.55,0.00372149,0.294807,9136.12
301282.SZ,20260819,787400.0,39.0,30708600.0,39.06,0.445922,2.5984,17657.8
301281.SZ,20260819,9500.0,44.15,419425.0,44.65,0.0133893,0.30672,7095.2
301280.SZ,20260819,1500.0,43.04,64560.0,43.73,0.00150855,0.0990876,9943.34
301279.SZ,20260819,2700.0,20.97,56619.0,21.14,0.00206897,0.119893,13050.0
301278.SZ,20260819,2800.0,27.84,77952.0,28.02,0.00544726,0.279461,5140.2
301277.SZ,20260819,15500.0,10.74,166470.0,10.81,0.00395329,0.217975,39207.8
301276.SZ,20260819,39200.0,21.38,838096.0,21.42,0.0542428,1.55575,7226.76
301275.SZ,20260819,46200.0,42.51,1963962.0,42.29,0.015356,0.996164,30085.9
301273.SZ,20260819,41000.0,42.0,1722000.0,42.66,0.0532601,0.687336,7698.06
301272.SZ,20260819,36900.0,35.09,1294821.0,34.77,0.0996926,6.38105,3701.38
301270.SZ,20260819,2800.0,32.8,91840.0,32.94,0.00296319,0.0584503,9449.28
301269.SZ,20260819,71100.0,99.7,7088670.0,101.72,0.0129774,0.903162,54787.5
301268.SZ,20260819,7600.0,13.4,101840.0,13.58,0.00209635,0.222952,36253.5
301267.SZ,20260819,8000.0,16.03,128240.0,16.07,0.00123372,0.169401,64844.4
301266.SZ,20260819,24600.0,21.9,538740.0,22.0,0.0181373,0.886762,13563.2
301265.SZ,20260819,13800.0,21.0,289800.0,21.0,0.00565729,0.20241,24393.3
301263.SZ,20260819,94400.0,20.55,1939920.0,20.71,0.0259125,1.27786,36430.3
301262.SZ,20260819,160800.0,19.6,3151680.0,20.2,0.131722,1.7863,12207.5
301261.SZ,20260819,10900.0,59.54,648986.0,60.49,0.0104227,0.545139,10457.9
301260.SZ,20260819,4600.0,13.88,63848.0,13.99,0.00224025,0.268986,20533.4
301259.SZ,20260819,18600.0,23.49,436914.0,24.03,0.0128223,0.311796,14505.9
301258.SZ,20260819,2500.0,26.26,65650.0,26.48,0.00280694,0.224195,8906.5
301257.SZ,20260819,8400.0,51.98,436632.0,51.6,0.0111526,0.130734,7531.89
301068.SZ,20260819,2400.0,28.53,68472.0,28.75,0.00239231,0.187501,10032.2
301067.SZ,20260819,18500.0,31.25,578125.0,31.81,0.0289837,0.56517,6382.89
301066.SZ,20260819,21000.0,12.13,254730.0,12.34,0.00900836,0.659451,23311.7
300901.SZ,20260819,23200.0,18.0,417600.0,18.03,0.00966667,0.422625,24000.0
300899.SZ,20260819,6800.0,28.76,195568.0,28.99,0.0166113,1.18703,4093.61
300898.SZ,20260819,27900.0,21.88,610452.0,22.07,0.0243151,0.456778,11474.4
300897.SZ,20260819,15200.0,15.77,239704.0,16.03,0.0124329,0.365969,12225.6
300896.SZ,20260819,15400.0,97.45,1500730.0,97.45,0.00753236,0.317337,20445.1
300895.SZ,20260819,217873.0,57.01,12420939.73,60.63,0.157682,1.62485,13817.2
300894.SZ,20260819,61900.0,11.94,739086.0,11.9,0.0210488,0.876435,29407.9
300893.SZ,20260819,2000.0,16.01,32020.0,15.98,0.000797198,0.121497,25087.9
300892.SZ,20260819,36200.0,23.55,852510.0,24.05,0.0560697,0.520479,6456.25
300891.SZ,20260819,11600.0,7.29,84564.0,7.26,0.00347853,0.212005,33347.4
300890.SZ,20260819,15500.0,26.6,412300.0,26.8,0.0141813,0.46663,10929.9
300889.SZ,20260819,14100.0,21.9,308790.0,22.15,0.00963332,0.404689,14636.7
300888.SZ,20260819,8500.0,29.15,247775.0,29.1,0.00146461,0.285251,58036.1
300887.SZ,20260819,39700.0,7.26,288222.0,7.31,0.0109609,0.269328,36219.7
300886.SZ,20260819,27000.0,24.59,663930.0,24.96,0.0571436,0.898185,4724.94
300885.SZ,20260819,6700.0,21.12,141504.0,21.41,0.00401155,0.196658,16701.8
300884.SZ,20260819,6500.0,12.63,82095.0,12.83,0.00339585,0.0734695,19141.0
300883.SZ,20260819,16000.0,6.33,101280.0,6.34,0.00483859,0.115917,33067.5
300882.SZ,20260819,11000.0,14.75,162250.0,14.86,0.00413026,0.560323,26632.7
300881.SZ,20260819,11200.0,34.0,380800.0,34.05,0.0195101,0.738884,5740.62
300880.SZ,20260819,3200.0,19.7,63040.0,20.0,0.00163987,0.110995,19513.7
300879.SZ,20260819,25900.0,17.08,442372.0,17.02,0.0128837,0.98413,20102.8
300878.SZ,20260819,800.0,35.4,28320.0,35.69,0.000555078,0.0186984,14412.4
300877.SZ,20260819,71600.0,28.69,2054204.0,29.0,0.0596672,3.12054,11999.9
300876.SZ,20260819,5700.0,15.4,87780.0,15.71,0.00502633,0.338455,11340.3
300875.SZ,20260819,20800.0,33.82,703456.0,33.76,0.0236925,0.455373,8779.17
300873.SZ,20260819,117500.0,16.97,1993975.0,17.32,0.0502291,0.967842,23392.8
300872.SZ,20260819,50800.0,15.31,777748.0,15.49,0.0120367,0.435694,42204.2
300900.SZ,20260819,637200.0,26.2,16694640.0,25.63,0.248145,4.1027,25678.5
300902.SZ,20260819,7200.0,17.3,124560.0,17.27,0.00576944,0.0899252,12479.5
300870.SZ,20260819,45800.0,224.9,10300420.0,231.86,0.0300078,0.557259,15262.7
300903.SZ,20260819,236800.0,80.8,19133440.0,84.32,0.0673915,0.792316,35138.0
300932.SZ,20260819,88400.0,11.0,972400.0,11.01,0.027695,0.604099,31919.1
300931.SZ,20260819,346800.0,15.76,5465568.0,15.4,0.17739,2.72897,19550.1
300930.SZ,20260819,5700.0,25.44,145008.0,25.95,0.0120955,0.453812,4712.5
300929.SZ,20260819,247600.0,16.88,4179488.0,17.33,0.197511,2.23927,12536.0
300928.SZ,20260819,3300.0,25.5,84150.0,25.82,0.00615807,0.310187,5358.82
300927.SZ,20260819,3200.0,22.39,71648.0,22.65,0.00227193,0.121226,14084.9
300926.SZ,20260819,11400.0,18.05,205770.0,18.2,0.00382559,0.230531,29799.3
300925.SZ,20260819,25900.0,14.72,381248.0,14.84,0.00741033,0.348177,34951.2
300923.SZ,20260819,19400.0,25.65,497610.0,25.9,0.0254171,1.1766,7632.66
300922.SZ,20260819,14800.0,17.48,258704.0,17.53,0.0117264,0.271551,12621.1
300921.SZ,20260819,40500.0,15.61,632205.0,15.95,0.0250178,0.46794,16188.5
300920.SZ,20260819,7700.0,35.96,276892.0,36.02,0.00891731,0.359727,8634.89
300919.SZ,20260819,59400.0,40.18,2386692.0,40.79,0.00649388,0.623887,91470.8
300918.SZ,20260819,28400.0,10.7,303880.0,10.74,0.00561116,0.671781,50613.4
300917.SZ,20260819,185900.0,27.94,5194046.0,26.36,0.11,2.3107,16900.0
300916.SZ,20260819,22800.0,24.81,565668.0,25.74,0.024407,0.364148,9341.58
300915.SZ,20260819,27600.0,20.7,571320.0,20.89,0.0479672,2.24819,5753.93
300913.SZ,20260819,33000.0,35.92,1185360.0,36.73,0.0115443,0.367622,28585.4
300912.SZ,20260819,64500.0,20.67,1333215.0,21.34,0.0750225,1.05579,8597.42
300911.SZ,20260819,253000.0,22.43,5674790.0,22.22,0.147657,1.69712,17134.4
300910.SZ,20260819,28400.0,26.77,760268.0,27.0,0.0105861,0.646965,26827.6
300909.SZ,20260819,26100.0,57.7,1505970.0,57.95,0.0202107,0.675406,12913.9
300908.SZ,20260819,262800.0,26.26,6901128.0,26.78,0.213672,6.07963,12299.3
300907.SZ,20260819,17500.0,51.5,901250.0,52.56,0.0182292,0.315892,9600.0
300906.SZ,20260819,4600.0,28.12,129352.0,28.41,0.00636652,0.531415,7225.3
300905.SZ,20260819,128100.0,39.21,5022801.0,39.2,0.0919413,2.19312,13932.8
300904.SZ,20260819,1000.0,42.0,42000.0,42.08,0.00289157,0.144358,3458.32
300871.SZ,20260819,36000.0,23.84,858240.0,24.0,0.0178408,0.434924,20178.4
300869.SZ,20260819,10400.0,11.31,117624.0,11.41,0.00394335,0.230258,26373.5
301065.SZ,20260819,2300.0,19.12,43976.0,19.27,0.00266551,0.13108,8628.75
300838.SZ,20260819,23100.0,13.85,319935.0,14.05,0.0227043,0.713521,10174.3
300836.SZ,20260819,13500.0,51.99,701865.0,52.15,0.0212766,0.502073,6345.01
300835.SZ,20260819,17100.0,167.0,2855700.0,171.69,0.0204606,0.517036,8357.54
300834.SZ,20260819,6000.0,41.81,250860.0,42.48,0.00312503,0.353936,19199.8
300833.SZ,20260819,1400.0,36.68,51352.0,37.01,0.001723,0.214797,8125.37
300832.SZ,20260819,30700.0,53.1,1630170.0,53.45,0.00449407,0.280023,68312.2
300831.SZ,20260819,49100.0,14.63,718333.0,14.89,0.0266147,0.889354,18448.4
300830.SZ,20260819,25100.0,8.23,206573.0,8.33,0.0074462,0.284465,33708.5
300829.SZ,20260819,62700.0,16.07,1007589.0,16.38,0.0400017,0.895623,15674.3
300828.SZ,20260819,72500.0,17.35,1257875.0,17.53,0.058154,0.36237,12466.9
300827.SZ,20260819,30600.0,26.39,807534.0,26.48,0.00700966,0.143311,43654.0
300826.SZ,20260819,4900.0,14.78,72422.0,14.94,0.0022319,0.0838832,21954.4
300825.SZ,20260819,115300.0,10.99,1267147.0,11.1,0.0237983,0.559495,48448.8
300824.SZ,20260819,20000.0,7.64,152800.0,7.7,0.00627022,0.456952,31896.8
300823.SZ,20260819,38700.0,15.21,588627.0,15.03,0.0456425,1.75264,8478.94
300822.SZ,20260819,13100.0,11.54,151174.0,11.67,0.00453315,0.362669,28898.2
300821.SZ,20260819,923700.0,17.65,16303305.0,18.18,0.0769884,1.3668,119979.0
300820.SZ,20260819,9800.0,55.67,545566.0,56.75,0.00876662,0.17729,11178.8
300819.SZ,20260819,13400.0,47.71,639314.0,48.72,0.00994344,0.307504,13476.2
300818.SZ,20260819,9300.0,19.8,184140.0,20.0,0.00654336,0.225637,14212.9
300817.SZ,20260819,22700.0,16.03,363881.0,16.22,0.0181221,1.10878,12526.1
300816.SZ,20260819,32200.0,53.07,1708854.0,54.66,0.0551697,1.56899,5836.53
300815.SZ,20260819,13400.0,16.26,217884.0,16.44,0.00343255,0.246346,39038.0
300814.SZ,20260819,42700.0,146.99,6276473.0,150.18,0.0223058,0.408162,19143.0
300813.SZ,20260819,25400.0,20.23,513842.0,20.62,0.0333986,0.87182,7605.11
300812.SZ,20260819,30800.0,19.55,602140.0,19.95,0.0173092,0.52073,17794.0
300811.SZ,20260819,95642.0,79.79,7631275.18,82.39,0.0285719,0.672723,33474.1
300810.SZ,20260819,2200.0,24.75,54450.0,24.63,0.00192975,0.160056,11400.4
300837.SZ,20260819,2500.0,23.31,58275.0,23.47,0.00330713,0.1892,7559.43
300839.SZ,20260819,41700.0,10.89,454113.0,10.88,0.0147255,0.792641,28318.1
300868.SZ,20260819,22900.0,92.0,2106800.0,95.78,0.0283562,0.811258,8075.83
300840.SZ,20260819,31500.0,19.8,623700.0,20.2,0.0177881,0.546128,17708.5
300867.SZ,20260819,119100.0,17.27,2056857.0,17.4,0.0621517,2.08627,19162.8
300866.SZ,20260819,9800.0,116.29,1139642.0,116.29,0.0031686,0.328899,30928.5
300865.SZ,20260819,48176.0,27.07,1304124.32,27.15,0.0838102,1.7206,5748.22
300864.SZ,20260819,7400.0,19.8,146520.0,19.89,0.00465104,0.443657,15910.4
300863.SZ,20260819,19700.0,46.01,906397.0,46.8,0.00784485,0.280156,25112.0
300862.SZ,20260819,0.0,,0.0,56.5,0.0,0.0,15147.1
300861.SZ,20260819,70900.0,17.45,1237205.0,17.78,0.0168063,0.594092,42186.5
300860.SZ,20260819,5500.0,27.4,150700.0,27.34,0.00502665,0.25333,10941.7
300859.SZ,20260819,17800.0,26.88,478464.0,26.71,0.0114839,0.692199,15500.0
300858.SZ,20260819,52800.0,15.02,793056.0,15.36,0.0269745,0.64785,19574.0
300857.SZ,20260819,458373.0,256.05,117366406.65,267.16,0.0941488,1.80186,48686.0
300856.SZ,20260819,101900.0,10.91,1111729.0,11.0,0.0221649,0.960699,45973.6
300855.SZ,20260819,383000.0,34.32,13144560.0,32.48,0.130736,6.21203,29295.6
300854.SZ,20260819,15200.0,17.96,272992.0,18.33,0.0133355,0.215539,11398.1
300853.SZ,20260819,15400.0,28.62,440748.0,29.05,0.0156641,0.292834,9831.41
300852.SZ,20260819,108900.0,47.7,5194530.0,49.25,0.0702779,1.46004,15495.6
300851.SZ,20260819,4700.0,24.2,113740.0,24.23,0.00952586,0.560792,4933.94
300850.SZ,20260819,32600.0,26.39,860314.0,26.43,0.0108383,0.304653,30078.5
300849.SZ,20260819,25300.0,20.6,521180.0,20.71,0.0229437,0.651948,11027.0
300848.SZ,20260819,2200.0,12.8,28160.0,12.9,0.000869144,0.0863934,25312.3
300847.SZ,20260819,49600.0,14.11,699856.0,14.29,0.0167562,0.934754,29601.0
300846.SZ,20260819,166429.0,20.48,3408465.92,20.85,0.0399895,0.380966,41618.2
300845.SZ,20260819,20100.0,11.98,240798.0,12.15,0.0139795,0.298185,14378.2
300844.SZ,20260819,4300.0,23.69,101867.0,23.79,0.00478571,0.443256,8985.09
300843.SZ,20260819,72300.0,130.83,9459009.0,136.28,0.0450469,0.85185,16050.0
300842.SZ,20260819,37600.0,65.28,2454528.0,66.44,0.0291199,0.646895,12912.1
300841.SZ,20260819,142900.0,53.52,7648008.0,54.22,0.11754,3.35375,12157.5
300933.SZ,20260819,13000.0,6.5,84500.0,6.57,0.00237621,0.118768,54709.0
300935.SZ,20260819,33000.0,31.78,1048740.0,32.55,0.0547632,0.511571,6025.95
300936.SZ,20260819,10000.0,85.5,855000.0,87.65,0.0210876,0.254533,4742.12
301031.SZ,20260819,6200.0,92.5,573500.0,93.76,0.00539606,0.31399,11489.9
301029.SZ,20260819,28800.0,26.65,767520.0,26.94,0.00635954,0.393452,45286.3
301028.SZ,20260819,140200.0,13.12,1839424.0,13.12,0.0559458,3.11425,25060.0
301027.SZ,20260819,3900.0,20.6,80340.0,20.72,0.00321803,0.0655079,12119.2
301026.SZ,20260819,154100.0,21.49,3311609.0,22.25,0.0962928,1.12251,16003.3
301025.SZ,20260819,342700.0,9.28,3180256.0,9.38,0.123651,1.39977,27715.1
301024.SZ,20260819,7100.0,31.66,224786.0,31.97,0.0115335,1.00979,6156.0
301023.SZ,20260819,1900.0,30.6,58140.0,30.95,0.00367045,0.145335,5176.47
301022.SZ,20260819,5400.0,22.92,123768.0,23.4,0.0080374,0.596848,6718.59
301021.SZ,20260819,153600.0,78.0,11980800.0,80.75,0.100589,1.50403,15270.0
301020.SZ,20260819,4500.0,21.02,94590.0,21.34,0.00307377,0.24146,14640.0
301019.SZ,20260819,2800.0,15.05,42140.0,15.09,0.00192908,0.190555,14514.7
301018.SZ,20260819,147820.0,93.1,13762042.0,96.79,0.0522659,0.834167,28282.3
301017.SZ,20260819,29000.0,13.65,395850.0,13.75,0.0112101,0.206344,25869.5
301016.SZ,20260819,21000.0,12.4,260400.0,12.53,0.00714714,0.788732,29382.4
301015.SZ,20260819,59900.0,26.6,1593340.0,26.78,0.0113974,0.363608,52555.7
301013.SZ,20260819,366874.0,45.52,16700104.48,48.68,0.193865,0.980241,18924.2
301012.SZ,20260819,52400.0,25.15,1317860.0,25.7,0.0266044,0.499181,19696.0
301011.SZ,20260819,11800.0,15.05,177590.0,15.2,0.0080438,0.640983,14669.7
301010.SZ,20260819,10200.0,17.27,176154.0,17.53,0.00944444,0.718201,10800.0
301009.SZ,20260819,7100.0,9.05,64255.0,9.12,0.0047009,0.285047,15103.5
301008.SZ,20260819,204100.0,41.5,8470150.0,42.78,0.176495,1.14441,11564.1
301007.SZ,20260819,31300.0,28.0,876400.0,28.58,0.0206839,0.770221,15132.5
301006.SZ,20260819,17800.0,13.71,244038.0,13.77,0.0212358,1.62737,8382.09
301005.SZ,20260819,727200.0,98.0,71265600.0,89.29,0.394925,5.60873,18413.6
301004.SZ,20260819,4100.0,34.18,140138.0,34.03,0.00301233,0.756073,13610.7
301003.SZ,20260819,3400.0,55.2,187680.0,56.2,0.00452488,0.156023,7514.01
301002.SZ,20260819,41500.0,30.6,1269900.0,31.04,0.048832,0.742314,8498.52
301030.SZ,20260819,33500.0,8.37,280395.0,8.51,0.0165755,0.474923,20210.6
301032.SZ,20260819,7400.0,10.08,74592.0,10.08,0.00462868,0.281803,15987.3
300937.SZ,20260819,54700.0,29.32,1603804.0,29.83,0.0896942,0.380246,6098.5
301033.SZ,20260819,2500.0,57.28,143200.0,57.85,0.00443367,0.136461,5638.67
301063.SZ,20260819,9600.0,18.01,172896.0,18.07,0.00993302,0.906365,9664.73
301062.SZ,20260819,8100.0,6.78,54918.0,6.81,0.00294277,0.0983315,27525.1
301061.SZ,20260819,2800.0,34.6,96880.0,34.66,0.00148196,0.148825,18893.9
301060.SZ,20260819,518300.0,12.35,6401005.0,12.59,0.143906,1.03847,36016.6
301059.SZ,20260819,3100.0,11.29,34999.0,11.44,0.00150089,0.174502,20654.5
301058.SZ,20260819,280100.0,8.92,2498492.0,9.13,0.0546777,2.85287,51227.4
301057.SZ,20260819,7700.0,22.02,169554.0,22.3,0.00950414,0.458207,8101.73
301056.SZ,20260819,16200.0,11.16,180792.0,11.34,0.00920476,0.428962,17599.6
301055.SZ,20260819,6500.0,30.5,198250.0,31.15,0.00425761,0.224338,15266.8
301053.SZ,20260819,24200.0,41.53,1005026.0,42.25,0.0197595,0.321338,12247.3
301052.SZ,20260819,8800.0,24.0,211200.0,24.22,0.0109671,0.176047,8023.98
301051.SZ,20260819,87600.0,21.57,1889532.0,22.13,0.038789,0.406332,22583.7
301050.SZ,20260819,26400.0,32.06,846384.0,31.81,0.0125195,0.999617,21087.1
301049.SZ,20260819,15600.0,19.85,309660.0,19.95,0.0364262,1.5199,4282.64
301048.SZ,20260819,9000.0,9.0,81000.0,9.05,0.0016875,0.327794,53333.3
301047.SZ,20260819,140400.0,120.0,16848000.0,121.31,0.11741,1.01397,11958.1
301046.SZ,20260819,13300.0,21.21,282093.0,21.26,0.0102154,0.496767,13019.5
301045.SZ,20260819,42600.0,71.52,3046752.0,73.31,0.061105,0.936731,6971.6
301043.SZ,20260819,1100.0,43.6,47960.0,44.4,0.0019384,0.105539,5674.77
301042.SZ,20260819,34000.0,34.5,1173000.0,34.73,0.036856,0.493597,9225.1
301041.SZ,20260819,40500.0,26.31,1065555.0,26.68,0.0512845,1.0125,7897.13
301040.SZ,20260819,4100.0,27.52,112832.0,27.75,0.00434487,0.184584,9436.42
301039.SZ,20260819,37700.0,7.9,297830.0,7.9,0.00259565,0.285089,145243.0
301038.SZ,20260819,2300.0,16.22,37306.0,16.32,0.00103102,0.0981766,22308.0
301037.SZ,20260819,18500.0,12.98,240130.0,12.98,0.0272068,1.04583,6799.78
301036.SZ,20260819,3700.0,22.17,82029.0,22.36,0.00525313,0.51608,7043.41
301035.SZ,20260819,4200.0,53.38,224196.0,53.49,0.00115397,0.32176,36396.2
301001.SZ,20260819,6100.0,23.88,145668.0,24.15,0.0121272,0.5434,5030.0
301000.SZ,20260819,8000.0,25.61,204880.0,25.86,0.00348413,0.227182,22961.3
300999.SZ,20260819,140600.0,25.62,3602172.0,25.63,0.02591,1.05972,54264.7
300998.SZ,20260819,17200.0,26.3,452360.0,26.67,0.0159732,0.509658,10768.1
300966.SZ,20260819,3800.0,26.44,100472.0,26.77,0.00495652,0.178452,7666.67
300965.SZ,20260819,9600.0,46.68,448128.0,46.4,0.017747,0.964458,5409.38
300964.SZ,20260819,33600.0,59.05,1984080.0,60.88,0.0428496,0.728748,7841.38
300963.SZ,20260819,7400.0,11.66,86284.0,11.77,0.00219981,0.101514,33639.2
300962.SZ,20260819,900.0,13.42,12078.0,13.37,0.000340907,0.0442731,26400.2
300961.SZ,20260819,8200.0,12.0,98400.0,12.06,0.00539733,0.1943,15192.7
300960.SZ,20260819,2500.0,16.26,40650.0,16.4,0.00189999,0.224656,13157.9
300959.SZ,20260819,15900.0,98.7,1569330.0,101.37,0.0303851,0.400448,5232.82
300958.SZ,20260819,46300.0,11.92,551896.0,12.05,0.0508515,1.9224,9104.94
300957.SZ,20260819,10100.0,32.1,324210.0,32.11,0.00239738,0.152434,42129.3
300956.SZ,20260819,13300.0,11.33,150689.0,11.37,0.00631972,0.165112,21045.2
300955.SZ,20260819,1700.0,32.8,55760.0,33.0,0.00168651,0.0963952,10080.0
300953.SZ,20260819,40600.0,107.0,4344200.0,109.3,0.0231934,0.485256,17505.0
300952.SZ,20260819,1100.0,17.2,18920.0,17.37,0.000740351,0.0327507,14857.8
300951.SZ,20260819,96500.0,73.01,7045465.0,75.13,0.0637408,1.51088,15139.4
300950.SZ,20260819,12100.0,16.8,203280.0,16.94,0.0123408,0.869609,9804.85
300949.SZ,20260819,15100.0,22.48,339448.0,22.71,0.03036,1.53297,4973.65
300948.SZ,20260819,57900.0,21.78,1261062.0,22.01,0.0373181,1.29346,15515.3
300947.SZ,20260819,27900.0,14.23,397017.0,14.24,0.018467,1.10167,15108.1
300946.SZ,20260819,3300.0,39.35,129855.0,39.85,0.00435362,0.321883,7579.9
300945.SZ,20260819,123000.0,12.11,1489530.0,12.29,0.0515283,0.996387,23870.4
300943.SZ,20260819,180600.0,33.5,6050100.0,34.23,0.135356,1.09123,13342.6
300942.SZ,20260819,7500.0,6.72,50400.0,6.75,0.0018515,0.123854,40507.8
300941.SZ,20260819,96400.0,14.87,1433468.0,15.23,0.0778809,1.63526,12377.9
300940.SZ,20260819,19900.0,13.95,277605.0,14.08,0.0126366,0.48809,15747.9
300939.SZ,20260819,45400.0,66.01,2996854.0,67.69,0.0378333,1.45893,12000.0
300938.SZ,20260819,51400.0,30.0,1542000.0,30.61,0.0173737,0.437362,29585.0
300967.SZ,20260819,321800.0,17.51,5634718.0,16.88,0.257859,4.51075,12479.7
300968.SZ,20260819,23400.0,10.79,252486.0,10.93,0.00566065,0.194224,41338.0
300969.SZ,20260819,15000.0,78.63,1179450.0,79.56,0.0191631,0.672023,7827.53
300985.SZ,20260819,41300.0,40.21,1660673.0,41.2,0.0221433,0.558472,18651.2
300997.SZ,20260819,144600.0,18.23,2636058.0,18.31,0.0366455,0.648994,39459.1
300996.SZ,20260819,546035.0,15.84,8649194.4,16.18,0.163904,0.688109,33314.2
300995.SZ,20260819,5900.0,26.51,156409.0,26.91,0.00971517,0.624648,6072.97
300994.SZ,20260819,16600.0,11.28,187248.0,11.28,0.0142289,1.07711,11666.4
300993.SZ,20260819,8600.0,10.06,86516.0,10.01,0.00355584,0.38068,24185.5
300992.SZ,20260819,3300.0,24.85,82005.0,25.02,0.00423142,0.227084,7798.8
300991.SZ,20260819,19500.0,28.88,563160.0,29.29,0.021163,0.920938,9214.2
300990.SZ,20260819,24900.0,72.94,1816206.0,75.33,0.03202,0.420251,7776.39
300989.SZ,20260819,2500.0,13.87,34675.0,13.91,0.00153474,0.0437161,16289.4
300988.SZ,20260819,23000.0,14.71,338330.0,14.88,0.0141886,0.749254,16210.2
300987.SZ,20260819,8800.0,13.44,118272.0,13.58,0.00507591,0.255269,17336.8
300986.SZ,20260819,375600.0,12.79,4803924.0,12.88,0.0652857,0.570593,57531.7
300984.SZ,20260819,5500.0,34.82,191510.0,35.36,0.00443443,0.198366,12402.9
300970.SZ,20260819,579800.0,22.5,13045500.0,21.66,0.473381,10.8407,12248.1
300983.SZ,20260819,5800.0,40.1,232580.0,40.02,0.00379556,0.283499,15281.0
300982.SZ,20260819,1800.0,15.08,27144.0,15.22,0.000928327,0.0694475,19389.7
300981.SZ,20260819,34700.0,14.91,517377.0,15.12,0.00882958,0.187381,39299.7
300980.SZ,20260819,14000.0,22.86,320040.0,23.22,0.0142361,0.314861,9834.14
300979.SZ,20260819,9800.0,34.66,339668.0,34.51,0.000839766,0.224132,116699.0
300978.SZ,20260819,8200.0,8.65,70930.0,8.75,0.00285626,0.256608,28708.9
300977.SZ,20260819,5700.0,16.08,91656.0,16.08,0.00601253,0.459228,9480.21
300976.SZ,20260819,33460.0,57.48,1923280.8,58.8,0.0277963,0.683266,12037.6
300975.SZ,20260819,478658.0,26.77,12813674.66,28.2,0.0972737,0.843608,49207.3
300973.SZ,20260819,35000.0,26.3,920500.0,26.78,0.02952,0.793923,11856.4
300972.SZ,20260819,9500.0,200.79,1907505.0,200.71,0.0052399,0.611368,18130.1
300971.SZ,20260819,25400.0,19.1,485140.0,19.15,0.027533,1.57562,9225.28
301366.SZ,20260819,85400.0,55.8,4765320.0,57.72,0.0729937,0.525725,11699.6
301367.SZ,20260819,2800.0,44.77,125356.0,45.02,0.00285425,0.135104,9809.92
301368.SZ,20260819,12000.0,43.21,518520.0,44.0,0.00999167,0.576103,12010.0
920392.BJ,20260819,8102.0,14.09,114157.18,14.0,0.0224806,1.20888,3603.99
920375.BJ,20260819,62800.0,7.23,454044.0,7.34,0.0691001,2.70515,9088.27
920374.BJ,20260819,100.0,15.39,1539.0,15.55,0.000286329,0.0232067,3492.49
920371.BJ,20260819,68824.0,7.69,529256.56,7.76,0.0353289,1.9294,19481.0
920370.BJ,20260819,13368.0,2.89,38633.52,2.88,0.00509478,0.218408,26238.6
920368.BJ,20260819,25061.0,25.05,627778.05,25.46,0.0112195,0.726365,22336.9
920367.BJ,20260819,42872.0,28.92,1239858.24,29.12,0.102094,0.434996,4199.26
920363.BJ,20260819,35183.0,10.67,375402.61,10.65,0.0498962,2.81124,7051.24
920357.BJ,20260819,9189.0,16.26,149413.14,16.52,0.0145959,0.735423,6295.59
920351.BJ,20260819,73921.0,11.98,885573.58,12.24,0.185543,4.92843,3984.03
920346.BJ,20260819,0.0,,0.0,15.41,0.0,0.0,4487.83
920344.BJ,20260819,12393.0,20.0,247860.0,20.19,0.010897,0.628149,11372.8
920339.BJ,20260819,10423.0,11.21,116841.83,11.3,0.00689456,0.641256,15117.7
920304.BJ,20260819,5000.0,8.93,44650.0,9.04,0.00369195,0.361103,13543.0
920300.BJ,20260819,723.0,9.78,7070.94,9.8,0.0010867,0.065748,6653.17
920299.BJ,20260819,700.0,15.42,10794.0,15.53,0.00154135,0.0401317,4541.48
920284.BJ,20260819,6228.0,18.12,112851.36,18.3,0.00928711,0.297851,6706.07
920278.BJ,20260819,4000.0,6.55,26200.0,6.63,0.00405493,0.124315,9864.53
920275.BJ,20260819,3200.0,6.83,21856.0,6.92,0.00242581,0.248413,13191.5
920274.BJ,20260819,862.0,15.67,13507.54,15.83,0.00105984,0.0610775,8133.33
920273.BJ,20260819,61261.0,18.6,1139454.6,19.15,0.0893145,1.47402,6859.02
920271.BJ,20260819,900.0,9.51,8559.0,9.6,0.00155466,0.0890973,5789.04
920270.BJ,20260819,7700.0,12.35,95095.0,12.48,0.00947318,1.04995,8128.21
920267.BJ,20260819,2826.0,17.18,48550.68,17.25,0.0103985,0.138977,2717.7
920266.BJ,20260819,26486.0,7.72,204471.92,7.79,0.0223529,0.490491,11849.0
920263.BJ,20260819,36321.0,7.07,256789.47,7.19,0.0354181,7.393,10254.9
920262.BJ,20260819,100.0,14.28,1428.0,14.4,0.00025936,0.0142183,3855.65
920261.BJ,20260819,3104.0,13.63,42307.52,13.75,0.00193702,0.43749,16024.6
920378.BJ,20260819,0.0,,0.0,7.34,0.0,0.0,11138.2
920394.BJ,20260819,46035.0,48.0,2209680.0,46.9,0.0317105,3.86532,14517.3
920258.BJ,20260819,14800.0,12.32,182336.0,12.31,0.0411111,0.338429,3600.0
920395.BJ,20260819,100.0,7.13,713.0,7.2,9.51583e-05,0.0181515,10508.8
920493.BJ,20260819,23148.0,118.9,2752297.2,121.4,0.0518584,0.921999,4463.69
920491.BJ,20260819,14159.0,22.8,322825.2,23.09,0.0122247,0.691086,11582.3
920489.BJ,20260819,28883.0,14.03,405228.49,14.33,0.0332656,1.06774,8682.55
920478.BJ,20260819,28877.0,12.0,346524.0,11.84,0.0430973,0.382396,6700.42
920476.BJ,20260819,10958.0,24.68,270443.44,24.38,0.0136412,0.74654,8032.99
920475.BJ,20260819,2749.0,12.48,34307.52,12.5,0.00489175,0.129917,5619.66
920471.BJ,20260819,0.0,,0.0,11.47,0.0,0.0,5303.06
920469.BJ,20260819,12155.0,5.78,70255.9,5.78,0.0117498,0.579003,10344.8
920455.BJ,20260819,1000.0,6.14,6140.0,6.13,0.00102763,0.12959,9731.14
920454.BJ,20260819,200.0,11.32,2264.0,11.34,0.000406252,0.0289828,4923.05
920445.BJ,20260819,22449.0,7.22,162081.78,7.36,0.0207845,0.468178,10800.8
920438.BJ,20260819,53342.0,124.5,6641079.0,132.33,0.0382671,1.00484,13939.4
920436.BJ,20260819,0.0,,0.0,10.52,0.0,0.0,8938.39
920433.BJ,20260819,9100.0,5.01,45591.0,5.09,0.00537455,0.138661,16931.6
920429.BJ,20260819,118174.0,10.48,1238463.52,10.87,0.104118,3.358,11350.0
920427.BJ,20260819,20814.0,8.8,183163.2,8.82,0.0408855,1.97206,5090.8
920425.BJ,20260819,3680.0,15.15,55752.0,15.25,0.00443916,0.221004,8289.86
920422.BJ,20260819,43261.0,9.6,415305.6,9.8,0.0653265,1.91766,6622.27
920419.BJ,20260819,21075.0,11.15,234986.25,11.06,0.0217962,1.35995,9669.13
920418.BJ,20260819,57606.0,19.9,1146359.4,19.81,0.0367108,3.62367,15691.9
920415.BJ,20260819,7300.0,9.09,66357.0,9.11,0.00674481,0.406082,10823.1
920414.BJ,20260819,3000.0,8.26,24780.0,8.28,0.00534973,0.23246,5607.76
920407.BJ,20260819,3632.0,11.43,41513.76,11.59,0.00803732,0.292269,4518.92
920405.BJ,20260819,0.0,,0.0,19.14,0.0,0.0,10629.1
920403.BJ,20260819,154978.0,22.52,3490104.56,23.65,0.238417,3.65704,6500.29
920402.BJ,20260819,188668.0,9.07,1711218.76,9.33,0.0691413,2.77666,27287.3
920396.BJ,20260819,17516.0,20.38,356976.08,20.82,0.0341384,1.02832,5130.88
920260.BJ,20260819,400.0,8.18,3272.0,8.16,0.000404536,0.0574255,9887.88
920252.BJ,20260819,5390.0,16.01,86293.9,16.16,0.00789961,0.39963,6823.12
920138.BJ,20260819,61043.0,44.0,2685892.0,44.89,0.176355,0.431216,3461.38
920187.BJ,20260819,600.0,19.41,11646.0,19.42,0.00180749,0.0625814,3319.53
920185.BJ,20260819,5921.0,20.93,123926.53,21.0,0.000528916,0.176772,111946.0
920184.BJ,20260819,12173.0,11.35,138163.55,11.49,0.0136212,0.923247,8936.79
920183.BJ,20260819,200.0,29.4,5880.0,29.49,0.00177781,0.0945989,1124.98
920181.BJ,20260819,18999.0,75.0,1424925.0,76.91,0.189611,2.13191,1002.0
920180.BJ,20260819,289.0,12.53,3621.17,12.48,0.000810217,0.0414948,3566.95
920179.BJ,20260819,128031.0,56.0,7169736.0,58.5,0.214391,2.72938,5971.85
920178.BJ,20260819,5470.0,98.6,539342.0,101.58,0.0284079,0.377857,1925.52
920177.BJ,20260819,1400.0,25.58,35812.0,25.57,0.00755592,0.497398,1852.85
920176.BJ,20260819,10091.0,62.0,625642.0,62.85,0.126979,0.548947,794.7
920175.BJ,20260819,0.0,,0.0,8.18,0.0,0.0,7927.59
920174.BJ,20260819,12299.0,29.13,358269.87,29.55,0.0220437,1.25026,5579.36
920171.BJ,20260819,2900.0,16.87,48923.0,17.15,0.00428791,0.249263,6763.2
920169.BJ,20260819,154624.0,21.0,3247104.0,18.9,0.304129,10.9231,5084.16
920168.BJ,20260819,649.0,15.85,10286.65,16.0,0.0023035,0.217887,2817.45
920167.BJ,20260819,4700.0,15.06,70782.0,15.1,0.00719052,0.396873,6536.38
920166.BJ,20260819,10446.0,21.72,226887.12,21.79,0.0439559,1.15572,2376.47
920165.BJ,20260819,21868.0,38.49,841699.32,39.25,0.227672,0.83612,960.504
920163.BJ,20260819,1000.0,11.1,11100.0,11.15,0.00164795,0.126044,6068.15
920161.BJ,20260819,49102.0,26.0,1276652.0,27.12,0.133072,0.833217,3689.88
920160.BJ,20260819,20251.0,20.04,405830.04,20.34,0.0794531,3.81543,2548.8
920159.BJ,20260819,40890.0,31.3,1279857.0,32.24,0.266906,3.66594,1532.0
920158.BJ,20260819,4900.0,8.26,40474.0,8.25,0.00917686,0.332967,5339.52
920156.BJ,20260819,25834.0,40.36,1042660.24,40.96,0.119007,2.35193,2170.8
920152.BJ,20260819,14643.0,14.0,205002.0,13.8,0.0178351,1.6109,8210.19
920149.BJ,20260819,600.0,8.03,4818.0,8.09,0.000948362,0.104421,6326.7
920146.BJ,20260819,0.0,,0.0,5.22,0.0,0.0,10859.3
920145.BJ,20260819,6100.0,10.29,62769.0,10.39,0.0124917,0.930996,4883.23
920186.BJ,20260819,39055.0,74.8,2921314.0,76.72,0.0333587,0.805176,11707.6
920188.BJ,20260819,3804.0,22.14,84220.56,22.16,0.0192181,0.446802,1979.39
920249.BJ,20260819,48587.0,9.67,469836.29,9.9,0.0389726,0.785779,12467.0
920189.BJ,20260819,158609.0,21.28,3375199.52,22.2,0.18689,2.71361,8486.74
920247.BJ,20260819,7501.0,15.1,113265.1,15.26,0.00546946,0.4058,13714.3
920245.BJ,20260819,3352.0,13.33,44682.16,13.33,0.00630142,0.392317,5319.43
920242.BJ,20260819,4087.0,14.2,58035.4,14.18,0.00775036,1.05281,5273.31
920239.BJ,20260819,3000.0,22.17,66510.0,22.17,0.00166778,0.408766,17988.0
920238.BJ,20260819,47817.0,63.0,3012471.0,64.57,0.246391,1.60632,1940.69
920237.BJ,20260819,0.0,,0.0,12.58,0.0,0.0,9323.35
920230.BJ,20260819,2900.0,10.88,31552.0,10.92,0.00613786,0.0950757,4724.77
920227.BJ,20260819,0.0,,0.0,50.38,0.0,0.0,1771.82
920225.BJ,20260819,12826.0,15.55,199444.3,15.68,0.0154937,0.261361,8278.22
920223.BJ,20260819,15000.0,11.21,168150.0,11.35,0.0183654,1.41386,8167.52
920222.BJ,20260819,17154.0,27.68,474822.72,27.75,0.148358,0.642635,1156.26
920221.BJ,20260819,5972.0,13.16,78591.52,13.35,0.00966892,0.595657,6176.49
920220.BJ,20260819,10130.0,44.5,450785.0,45.0,0.0488526,0.947229,2073.58
920218.BJ,20260819,3300.0,18.05,59565.0,18.31,0.0156574,0.220542,2107.62
920212.BJ,20260819,900.0,9.7,8730.0,9.73,0.00174411,0.179042,5160.23
920211.BJ,20260819,26919.0,120.0,3230280.0,129.75,0.232127,3.60348,1159.67
920208.BJ,20260819,3700.0,12.45,46065.0,12.46,0.00229447,0.298449,16125.7
920207.BJ,20260819,20361.0,22.97,467692.17,23.59,0.0361559,0.79359,5631.45
920206.BJ,20260819,27386.0,36.03,986717.58,35.57,0.0994946,2.54272,2752.51
920204.BJ,20260819,1300.0,13.08,17004.0,13.15,0.00260048,0.201161,4999.07
920200.BJ,20260819,600.0,30.12,18072.0,30.12,0.0013523,0.0290108,4436.9
920199.BJ,20260819,25008.0,27.3,682718.4,27.12,0.0659376,0.932433,3792.68
920198.BJ,20260819,5300.0,7.77,41181.0,7.84,0.00752136,0.117739,7046.6
920195.BJ,20260819,4300.0,12.68,54524.0,12.73,0.00607697,0.535621,7075.9
920193.BJ,20260819,66738.0,33.45,2232386.1,34.35,0.264833,1.29564,2520.0
920191.BJ,20260819,37884.0,8.98,340198.32,9.12,0.0949117,3.5484,3991.5
920190.BJ,20260819,32537.0,25.55,831320.35,26.16,0.0327192,0.430214,9944.3
920496.BJ,20260819,100.0,6.4,640.0,6.46,6.89663e-05,0.00608896,14499.8
920504.BJ,20260819,0.0,,0.0,18.38,0.0,0.0,1709.19
920505.BJ,20260819,19752.0,28.68,566487.36,29.32,0.05485,1.1499,3601.09
920873.BJ,20260819,5600.0,7.08,39648.0,7.08,0.00467421,0.429432,11980.6
920870.BJ,20260819,26290.0,12.2,320738.0,12.58,0.0398316,0.908013,6600.29
920866.BJ,20260819,122433.0,6.6,808057.8,6.77,0.107292,2.9038,11411.2
920857.BJ,20260819,100.0,20.69,2069.0,20.8,0.000135122,0.00446943,7400.72
920856.BJ,20260819,112830.0,14.71,1659729.3,15.72,0.212646,1.40392,5306.0
920855.BJ,20260819,12495.0,13.2,164934.0,13.29,0.018639,2.06386,6703.69
920839.BJ,20260819,18059.0,25.51,460685.09,25.76,0.0276967,2.87572,6520.26
920837.BJ,20260819,200.0,9.96,1992.0,9.98,0.000146212,0.0357058,13678.8
920834.BJ,20260819,2500.0,9.75,24375.0,9.89,0.00398112,0.138449,6279.64
920833.BJ,20260819,1499.0,9.98,14960.02,9.9,0.00173185,0.0518759,8655.49
920832.BJ,20260819,300.0,6.24,1872.0,6.32,0.000242198,0.0516002,12386.6
920826.BJ,20260819,114423.0,9.15,1046970.45,9.35,0.18118,0.846969,6315.42
920821.BJ,20260819,26562.0,17.99,477850.38,18.51,0.0364595,1.14854,7285.34
920819.BJ,20260819,200595.0,3.04,609808.8,3.1,0.0165559,2.27273,121162.0
920810.BJ,20260819,3500.0,8.8,30800.0,8.92,0.0056083,0.300126,6240.75
920809.BJ,20260819,14060.0,7.89,110933.4,7.95,0.00306247,0.196411,45910.7
920808.BJ,20260819,13737.0,61.88,850045.56,63.23,0.00705325,0.704596,19476.1
920807.BJ,20260819,5529.0,9.66,53410.14,9.79,0.00447508,0.173254,12355.1
920806.BJ,20260819,40586.0,10.49,425747.14,10.55,0.0134955,1.97631,30073.7
920802.BJ,20260819,2726.0,10.6,28895.6,10.7,0.00752672,0.128146,3621.76
920799.BJ,20260819,71775.0,30.6,2196315.0,31.77,0.0597777,2.05047,12007.0
920792.BJ,20260819,4000.0,9.98,39920.0,9.96,0.00393599,0.721178,10162.6
920790.BJ,20260819,9782.0,21.8,213247.6,22.43,0.0179965,0.324853,5435.5
920786.BJ,20260819,115349.0,7.3,842047.7,7.42,0.0835551,0.839942,13805.1
920781.BJ,20260819,2200.0,5.84,12848.0,5.87,0.00182775,0.138238,12036.6
920779.BJ,20260819,4300.0,23.43,100749.0,23.52,0.0214785,0.553682,2002.0
920770.BJ,20260819,807.0,10.45,8433.15,10.58,0.000985423,0.0379295,8189.38
920768.BJ,20260819,6706.0,7.14,47880.84,7.13,0.00624456,0.712542,10739.0
920871.BJ,20260819,9539.0,11.19,106741.41,11.31,0.0202897,1.92366,4701.41
920876.BJ,20260819,5221.0,16.71,87242.91,16.95,0.0133025,0.40474,3924.82
920508.BJ,20260819,100.0,14.79,1479.0,14.7,0.000313421,0.0129575,3190.59
920879.BJ,20260819,900.0,13.03,11727.0,13.03,0.00059876,0.1154,15031.1
920985.BJ,20260819,21047.0,4.8,101025.6,4.86,0.00959657,0.80627,21931.8
920982.BJ,20260819,4564.0,126.37,576752.68,127.37,0.0082286,0.37248,5546.51
920981.BJ,20260819,27928.0,30.5,851804.0,31.51,0.0726106,1.05499,3846.27
920978.BJ,20260819,968.0,20.5,19844.0,20.66,0.000959034,0.101388,10093.5
920976.BJ,20260819,1200.0,17.81,21372.0,17.81,0.00271988,0.137548,4411.96
920974.BJ,20260819,1000.0,6.21,6210.0,6.27,0.000778502,0.0960924,12845.2
920971.BJ,20260819,56122.0,27.27,1530446.94,28.08,0.0654844,1.29166,8570.28
920970.BJ,20260819,84882.0,6.43,545791.26,6.57,0.121137,1.68184,7007.13
920964.BJ,20260819,151472.0,5.0,757360.0,5.1,0.102556,3.53377,14769.7
920961.BJ,20260819,120343.0,21.12,2541644.16,20.47,0.114108,4.55445,10546.4
920957.BJ,20260819,100.0,9.53,953.0,9.53,0.000234166,0.0115723,4270.47
920953.BJ,20260819,99729.0,23.9,2383523.1,24.91,0.166532,3.98911,5988.58
920950.BJ,20260819,0.0,,0.0,13.02,0.0,0.0,3572.01
920946.BJ,20260819,16033.0,9.88,158406.04,9.96,0.00375667,0.174035,42678.7
920943.BJ,20260819,178863.0,20.0,3577260.0,19.36,0.345243,4.13515,5180.78
920942.BJ,20260819,100.0,17.55,1755.0,17.7,0.000241458,0.0155594,4141.5
920932.BJ,20260819,59150.0,13.52,799708.0,13.28,0.0678376,2.98001,8719.36
920931.BJ,20260819,7200.0,10.79,77688.0,10.9,0.025021,0.364407,2877.58
920926.BJ,20260819,0.0,,0.0,10.49,0.0,0.0,8018.24
920925.BJ,20260819,1748.0,12.3,21500.4,12.33,0.00316122,0.0780325,5529.51
920924.BJ,20260819,46155.0,15.7,724633.5,15.28,0.0706035,1.49099,6537.21
920914.BJ,20260819,3900.0,18.15,70785.0,18.16,0.0039155,0.321034,9960.42
920906.BJ,20260819,0.0,,0.0,17.2,0.0,0.0,3335.57
920896.BJ,20260819,5000.0,12.42,62100.0,12.6,0.0112608,0.965207,4440.18
920895.BJ,20260819,4660.0,13.4,62444.0,13.45,0.0162161,0.409839,2873.69
920892.BJ,20260819,290.0,10.57,3065.3,10.57,0.000192241,0.0384486,15085.3
920885.BJ,20260819,111042.0,13.98,1552367.16,13.41,0.125467,6.06961,8850.32
920765.BJ,20260819,6151.0,13.77,84699.27,13.9,0.0116481,0.228928,5280.71
920753.BJ,20260819,3436.0,15.9,54632.4,15.79,0.0105045,0.423181,3270.97
920751.BJ,20260819,6618.0,16.8,111182.4,16.6,0.00796705,0.96314,8306.71
920748.BJ,20260819,15679.0,24.0,376296.0,24.58,0.0425643,1.31154,3683.6
920634.BJ,20260819,3179.0,17.11,54392.69,17.33,0.00783509,0.290974,4057.39
920627.BJ,20260819,100.0,14.32,1432.0,14.32,0.000213595,0.0141809,4681.75
920608.BJ,20260819,2288.0,14.25,32604.0,14.27,0.00474503,0.822755,4821.89
920599.BJ,20260819,3300.0,16.82,55506.0,16.85,0.000941312,0.213242,35057.4
920593.BJ,20260819,13684.0,26.8,366731.2,27.15,0.00843885,0.598347,16215.5
920592.BJ,20260819,35981.0,21.05,757400.05,20.9,0.0715531,2.27003,5028.57
920580.BJ,20260819,18365.0,11.28,207157.2,11.43,0.0335354,1.21063,5476.31
920579.BJ,20260819,33899.0,15.7,532214.3,15.66,0.0760503,4.15917,4457.44
920578.BJ,20260819,14949.0,18.33,274015.17,18.6,0.0421087,0.910231,3550.1
920576.BJ,20260819,134863.0,49.0,6608287.0,46.62,0.125023,5.93719,10787.0
920575.BJ,20260819,60133.0,5.62,337947.46,5.71,0.0320131,0.481449,18783.9
920571.BJ,20260819,327494.0,8.78,2875397.32,9.08,0.110608,2.35046,29608.4
920570.BJ,20260819,616.0,25.2,15523.2,25.47,0.00241657,0.0662305,2549.07
920566.BJ,20260819,7712.0,10.0,77120.0,10.02,0.00686447,0.210523,11234.7
920564.BJ,20260819,17372.0,14.45,251025.4,14.47,0.035317,2.13649,4918.88
920556.BJ,20260819,6674.0,6.86,45783.64,6.91,0.00573467,0.351444,11638.0
920553.BJ,20260819,51375.0,7.64,392505.0,7.8,0.0547688,0.778129,9380.34
920547.BJ,20260819,0.0,,0.0,19.04,0.0,0.0,3776.49
920541.BJ,20260819,0.0,,0.0,9.93,0.0,0.0,9005.87
920533.BJ,20260819,4041.0,19.18,77506.38,19.31,0.00552524,0.200608,7313.71
920527.BJ,20260819,1197.0,14.21,17009.37,14.39,0.00257103,0.118084,4655.73
920526.BJ,20260819,60105.0,20.7,1244173.5,21.24,0.114775,2.83825,5236.75
920523.BJ,20260819,200.0,15.69,3138.0,15.72,0.000246793,0.0274531,8103.95
920522.BJ,20260819,14700.0,20.3,298410.0,20.53,0.00807585,0.252173,18202.4
920519.BJ,20260819,8400.0,10.05,84420.0,10.03,0.0105837,1.32733,7936.73
920510.BJ,20260819,98504.0,26.22,2582774.88,28.13,0.1048,0.999756,9399.27
920509.BJ,20260819,15024.0,21.22,318809.28,21.53,0.0178888,0.656822,8398.55
920639.BJ,20260819,900.0,6.3,5670.0,6.35,0.000757872,0.0628849,11875.4
920640.BJ,20260819,71143.0,27.88,1983466.84,27.4,0.0393886,2.91464,18061.8
920641.BJ,20260819,29726.0,13.26,394166.76,13.62,0.0655923,2.23637,4531.93
920694.BJ,20260819,1295.0,14.99,19412.05,15.08,0.0020731,0.255343,6246.68
920735.BJ,20260819,9869.0,25.21,248797.49,25.1,0.00864693,0.334735,11413.3
920729.BJ,20260819,44734.0,7.06,315822.04,7.18,0.057716,3.04109,7750.7
920726.BJ,20260819,8033.0,16.6,133347.8,16.83,0.0143668,0.180957,5591.35
920725.BJ,20260819,128412.0,76.0,9759312.0,81.95,0.290652,2.58799,4418.07
920720.BJ,20260819,6584.0,9.7,63864.8,9.81,0.00889523,0.603221,7401.72
920719.BJ,20260819,700.0,7.86,5502.0,7.88,0.000941586,0.0637325,7434.27
920718.BJ,20260819,300.0,10.05,3015.0,9.98,0.000645022,0.0314581,4651.01
920717.BJ,20260819,1600.0,8.34,13344.0,8.41,0.00361337,0.0756859,4428.0
920706.BJ,20260819,29422.0,14.52,427207.44,14.72,0.0617177,3.03669,4767.19
920703.BJ,20260819,0.0,,0.0,9.95,0.0,0.0,5321.55
920701.BJ,20260819,2044.0,13.18,26939.92,13.3,0.00203977,0.103028,10020.7
920699.BJ,20260819,7526.0,89.0,669814.0,91.83,0.0257516,0.396631,2922.54
920693.BJ,20260819,2888.0,23.5,67868.0,23.8,0.00788855,0.413231,3661.0
920642.BJ,20260819,98145.0,10.83,1062910.35,10.65,0.0981873,4.67361,9995.69
920690.BJ,20260819,9546.0,18.26,174309.96,18.51,0.0170377,0.353385,5602.88
920689.BJ,20260819,200.0,20.36,4072.0,20.36,0.000527279,0.0353365,3793.06
920685.BJ,20260819,5308.0,12.49,66296.92,12.65,0.00910245,0.192548,5831.4
920682.BJ,20260819,4207.0,5.88,24737.16,5.87,0.0018631,0.244774,22580.7
920679.BJ,20260819,3162.0,15.73,49738.26,15.95,0.00850572,1.57662,3717.5
920675.BJ,20260819,5844.0,7.56,44180.64,7.52,0.0073958,0.484167,7901.79
920670.BJ,20260819,1100.0,13.12,14432.0,13.28,0.00165082,0.0748997,6663.36
920665.BJ,20260819,30554.0,9.0,274986.0,8.92,0.0476059,3.04856,6418.11
920663.BJ,20260819,100.0,13.11,1311.0,13.21,0.000156063,0.0119567,6407.65
920662.BJ,20260819,76922.0,19.41,1493056.02,19.75,0.284832,3.36667,2700.61
920656.BJ,20260819,2000.0,14.39,28780.0,14.5,0.00617736,0.330529,3237.63
920651.BJ,20260819,0.0,,0.0,25.17,0.0,0.0,4146.74
920139.BJ,20260819,18029.0,15.36,276925.44,15.59,0.00692466,0.46869,26035.9
920136.BJ,20260819,10900.0,21.19,230971.0,21.35,0.0519048,0.558153,2100.0
301369.SZ,20260819,14300.0,145.43,2079649.0,150.75,0.0260715,0.500073,5484.92
301566.SZ,20260819,387100.0,26.5,10258150.0,27.46,0.183384,1.10596,21108.7
301563.SZ,20260819,14700.0,129.71,1906737.0,133.0,0.0768198,0.777065,1913.57
301560.SZ,20260819,1400.0,23.66,33124.0,23.9,0.00229283,0.102898,6106.0
301559.SZ,20260819,6100.0,13.08,79788.0,13.14,0.00677778,0.423164,9000.0
301558.SZ,20260819,15300.0,6.6,100980.0,6.63,0.00697096,0.344157,21948.2
301557.SZ,20260819,1200.0,83.8,100560.0,84.65,0.0048249,0.137806,2487.1
301556.SZ,20260819,94733.0,66.9,6337637.7,70.01,0.321347,3.62879,2948.0
301555.SZ,20260819,8700.0,32.06,278922.0,32.22,0.0179957,0.512067,4834.48
301552.SZ,20260819,16800.0,25.6,430080.0,26.31,0.0542986,0.729984,3094.0
301551.SZ,20260819,24400.0,20.53,500932.0,20.69,0.0157874,0.239178,15455.4
301550.SZ,20260819,50100.0,87.04,4360704.0,88.85,0.0244094,0.349881,20524.9
301548.SZ,20260819,2800.0,65.07,182196.0,66.02,0.0106728,0.201362,2623.5
301539.SZ,20260819,4500.0,14.79,66555.0,14.93,0.00599506,0.391781,7506.17
301538.SZ,20260819,26300.0,41.75,1098025.0,42.51,0.0601727,1.15164,4370.75
301536.SZ,20260819,136200.0,124.28,16926936.0,128.18,0.072759,0.937582,18719.3
301535.SZ,20260819,1100.0,15.11,16621.0,15.26,0.000647836,0.0351932,16979.6
301533.SZ,20260819,19600.0,28.0,548800.0,28.01,0.068925,1.42093,2843.67
301531.SZ,20260819,13900.0,52.88,735032.0,54.03,0.0296479,0.439225,4688.37
301529.SZ,20260819,7600.0,103.68,787968.0,105.0,0.011956,0.164824,6356.67
301528.SZ,20260819,16900.0,56.02,946738.0,57.02,0.0365355,1.24077,4625.63
301526.SZ,20260819,1564600.0,35.0,54761000.0,37.33,0.111408,0.918942,140439.0
301525.SZ,20260819,7400.0,41.58,307692.0,41.81,0.0106996,0.741716,6916.17
301522.SZ,20260819,179000.0,24.4,4367600.0,23.68,0.0646719,5.01269,27678.2
301520.SZ,20260819,263400.0,74.0,19491600.0,73.86,0.805543,1.75228,3269.84
301519.SZ,20260819,25100.0,12.11,303961.0,12.11,0.032986,1.18762,7609.29
301518.SZ,20260819,3400.0,26.12,88808.0,26.58,0.00578826,0.0548747,5873.95
301517.SZ,20260819,94000.0,43.03,4044820.0,41.84,0.0963489,4.12889,9756.21
301516.SZ,20260819,753300.0,23.9,18003870.0,22.5,1.07345,5.83932,7017.54
301565.SZ,20260819,13200.0,20.01,264132.0,20.22,0.0103117,0.351386,12801.0
301567.SZ,20260819,4700.0,37.18,174746.0,37.48,0.0221282,0.354234,2123.99
301513.SZ,20260819,4200.0,50.5,212100.0,50.99,0.0208447,0.33639,2014.9
301568.SZ,20260819,17600.0,71.91,1265616.0,74.03,0.0369753,0.518156,4759.94
301608.SZ,20260819,5100.0,47.69,243219.0,48.31,0.00857051,0.325473,5950.64
301607.SZ,20260819,74100.0,45.67,3384147.0,46.68,0.048817,0.696688,15179.1
301606.SZ,20260819,18900.0,52.45,991305.0,53.23,0.0114546,0.753883,16499.9
301603.SZ,20260819,6100.0,127.8,779580.0,130.01,0.0161664,0.348176,3773.25
301602.SZ,20260819,63400.0,17.7,1122180.0,17.8,0.0304078,0.35687,20849.9
301601.SZ,20260819,5600.0,16.35,91560.0,16.38,0.00662879,0.408116,8448.0
301600.SZ,20260819,1100.0,86.95,95645.0,87.76,0.00340995,0.171704,3225.85
301599.SZ,20260819,109000.0,36.78,4009020.0,37.98,0.199267,1.27657,5470.05
301598.SZ,20260819,900.0,48.47,43623.0,48.46,0.00512887,0.228185,1754.77
301596.SZ,20260819,24800.0,52.88,1311424.0,54.2,0.0565651,0.658147,4384.33
301595.SZ,20260819,2300.0,41.06,94438.0,41.05,0.00563277,0.21073,4083.25
301592.SZ,20260819,2300.0,107.95,248285.0,108.98,0.00984656,0.229561,2335.84
301591.SZ,20260819,57200.0,33.51,1916772.0,34.99,0.127979,0.535268,4469.47
301590.SZ,20260819,2300.0,77.11,177353.0,78.09,0.00943683,0.324776,2437.26
301589.SZ,20260819,63200.0,151.01,9543832.0,145.1,0.183375,14.2505,3446.5
301588.SZ,20260819,106400.0,32.45,3452680.0,32.45,0.14504,1.98173,7335.92
301587.SZ,20260819,2200.0,21.33,46926.0,21.41,0.00299511,0.0995699,7345.3
301586.SZ,20260819,4200.0,31.52,132384.0,31.87,0.00793785,0.649783,5291.11
301585.SZ,20260819,2200.0,27.34,60148.0,27.51,0.00323012,0.156693,6810.89
301584.SZ,20260819,57600.0,23.33,1343808.0,23.68,0.107234,0.799302,5371.43
301583.SZ,20260819,120100.0,152.0,18255200.0,161.12,0.389538,1.10934,3083.14
301581.SZ,20260819,3300.0,37.53,123849.0,37.87,0.00780243,0.522498,4229.45
301580.SZ,20260819,41300.0,53.72,2218636.0,54.77,0.0409716,0.622892,10080.2
301578.SZ,20260819,1500.0,23.35,35025.0,23.35,0.00497994,0.114462,3012.09
301577.SZ,20260819,7800.0,56.41,439998.0,57.59,0.0413987,0.547345,1884.12
301575.SZ,20260819,3700.0,26.98,99826.0,26.99,0.0151814,0.455367,2437.2
301571.SZ,20260819,37900.0,69.99,2652621.0,70.45,0.0318042,0.973391,11916.7
301515.SZ,20260819,4400.0,19.63,86372.0,19.64,0.00651297,0.277694,6755.75
301512.SZ,20260819,3700.0,31.85,117845.0,31.83,0.00759422,0.395984,4872.13
920132.BJ,20260819,0.0,,0.0,8.85,0.0,0.0,3656.02
301419.SZ,20260819,262700.0,38.98,10240046.0,39.19,0.26493,2.46974,9915.83
301413.SZ,20260819,25400.0,68.4,1737360.0,70.4,0.033257,0.323803,7637.48
301408.SZ,20260819,31600.0,16.48,520768.0,16.59,0.0138016,0.113239,22895.9
301399.SZ,20260819,27400.0,16.84,461416.0,17.54,0.0501064,0.816655,5468.36
301398.SZ,20260819,17200.0,34.29,589788.0,34.6,0.0157535,1.25052,10918.2
301397.SZ,20260819,117300.0,27.16,3185868.0,27.74,0.126867,2.44647,9245.89
301396.SZ,20260819,180500.0,196.0,35378000.0,213.51,0.127556,0.653536,14150.7
301395.SZ,20260819,64200.0,13.08,839736.0,13.42,0.0504204,1.5529,12732.9
301393.SZ,20260819,4100.0,67.64,277324.0,68.98,0.00932503,0.164961,4396.77
301392.SZ,20260819,15233.0,173.42,2641706.86,178.53,0.0373395,0.390505,4079.59
301391.SZ,20260819,12590.0,48.92,615902.8,49.94,0.0135616,1.32306,9283.58
301390.SZ,20260819,3300.0,30.75,101475.0,31.07,0.00672698,0.321455,4905.62
301389.SZ,20260819,75700.0,59.0,4466300.0,61.99,0.0267019,0.781658,28350.0
301388.SZ,20260819,4500.0,24.1,108450.0,24.24,0.00619127,0.472342,7268.3
301387.SZ,20260819,13000.0,59.08,768040.0,60.58,0.0304574,0.539219,4268.26
301386.SZ,20260819,2400.0,20.38,48912.0,20.53,0.00533333,0.187861,4500.0
301383.SZ,20260819,3800.0,22.45,85310.0,22.73,0.00538136,0.173414,7061.41
301382.SZ,20260819,112000.0,43.21,4839520.0,44.8,0.047386,0.501615,23635.7
301381.SZ,20260819,19800.0,23.1,457380.0,23.36,0.00487556,0.402791,40610.7
301380.SZ,20260819,7900.0,31.9,252010.0,32.22,0.00978466,0.264854,8073.86
301379.SZ,20260819,359100.0,22.8,8187480.0,24.3,0.164213,1.90323,21868.0
301378.SZ,20260819,5000.0,25.62,128100.0,26.0,0.0108898,0.18458,4591.45
301377.SZ,20260819,41400.0,452.82,18746748.0,471.0,0.041877,1.12827,9886.09
301376.SZ,20260819,7000.0,20.37,142590.0,20.61,0.0036149,0.213586,19364.3
301373.SZ,20260819,59300.0,101.59,6024287.0,108.0,0.0851334,0.676984,6965.54
301372.SZ,20260819,2900.0,30.19,87551.0,30.31,0.00704389,0.217524,4117.04
301371.SZ,20260819,24000.0,26.68,640320.0,26.62,0.030779,0.672685,7797.53
301370.SZ,20260819,11600.0,9.0,104400.0,9.08,0.00246494,0.198702,47060.0
301418.SZ,20260819,11500.0,37.78,434470.0,38.3,0.0390674,0.845104,2943.63
301421.SZ,20260819,26100.0,79.79,2082519.0,82.55,0.0563612,0.473308,4630.85
301511.SZ,20260819,154800.0,94.4,14613120.0,98.61,0.0388313,0.416738,39864.7
301428.SZ,20260819,41900.0,29.0,1215100.0,29.42,0.0601774,0.724677,6962.75
301510.SZ,20260819,63000.0,28.09,1769670.0,28.57,0.0165775,0.773963,38003.3
301509.SZ,20260819,11400.0,32.1,365940.0,32.18,0.0200913,0.18012,5674.09
301508.SZ,20260819,9200.0,23.96,220432.0,23.99,0.0156366,0.892289,5883.64
301507.SZ,20260819,12400.0,13.12,162688.0,13.23,0.0112654,0.21271,11007.2
301505.SZ,20260819,3600.0,16.58,59688.0,16.73,0.00394869,0.229826,9116.94
301503.SZ,20260819,3290.0,21.63,71162.7,21.84,0.00570507,0.40162,5766.8
301502.SZ,20260819,5000.0,54.46,272300.0,54.24,0.0211981,0.781819,2358.7
301501.SZ,20260819,32900.0,30.0,987000.0,30.55,0.0756322,0.78928,4350.0
301500.SZ,20260819,65200.0,23.59,1538068.0,23.91,0.0452619,0.69844,14405.1
301499.SZ,20260819,5700.0,25.35,144495.0,25.49,0.00412282,0.366349,13825.5
301498.SZ,20260819,20500.0,40.9,838450.0,40.93,0.0114306,0.317057,17934.3
301491.SZ,20260819,4200.0,40.41,169722.0,40.68,0.0109802,0.46626,3825.08
301489.SZ,20260819,58700.0,114.85,6741695.0,118.23,0.0843624,0.678635,6958.08
301488.SZ,20260819,4200.0,104.0,436800.0,106.04,0.0101076,0.289591,4155.29
301487.SZ,20260819,65900.0,16.46,1084714.0,16.61,0.014338,0.681787,45961.6
301486.SZ,20260819,102800.0,175.91,18083548.0,183.0,0.141007,1.16579,7290.41
301479.SZ,20260819,15300.0,51.5,787950.0,53.25,0.0214584,0.374825,7130.09
301469.SZ,20260819,14500.0,28.5,413250.0,28.72,0.0314816,1.92257,4605.87
301468.SZ,20260819,85500.0,35.33,3020715.0,35.89,0.0876893,1.97419,9750.34
301459.SZ,20260819,84900.0,33.75,2865375.0,34.82,0.3253,2.13232,2609.9
301458.SZ,20260819,89800.0,39.8,3574040.0,40.78,0.0764372,1.052,11748.2
301456.SZ,20260819,5300.0,23.15,122695.0,23.39,0.00773138,0.545229,6855.18
301449.SZ,20260819,93800.0,42.67,4002446.0,43.76,0.456593,3.05303,2054.35
301448.SZ,20260819,22900.0,42.69,977601.0,43.54,0.0323068,0.874749,7088.3
301446.SZ,20260819,600.0,37.52,22512.0,37.65,0.00188846,0.0709111,3177.2
301439.SZ,20260819,15500.0,15.16,234980.0,15.36,0.0084586,0.147234,18324.5
301429.SZ,20260819,4100.0,17.19,70479.0,17.28,0.00931373,0.343871,4402.1
301609.SZ,20260819,10900.0,33.5,365150.0,33.84,0.0111037,0.226816,9816.57
301611.SZ,20260819,63000.0,109.14,6875820.0,113.58,0.0429792,0.577791,14658.3
301613.SZ,20260819,5200.0,38.6,200720.0,38.89,0.00619776,0.416512,8390.12
920086.BJ,20260819,500.0,21.22,10610.0,21.22,0.00182668,0.084059,2737.21
920082.BJ,20260819,11000.0,8.31,91410.0,8.38,0.0192226,1.32978,5722.43
920081.BJ,20260819,14238.0,41.31,588171.78,41.81,0.0832632,0.949506,1710.0
920080.BJ,20260819,200.0,21.8,4360.0,21.76,0.000882597,0.0877542,2266.04
920079.BJ,20260819,14899.0,13.87,206649.13,14.08,0.0331089,0.347058,4500.0
920078.BJ,20260819,19039.0,19.0,361741.0,19.3,0.0488332,1.08156,3898.78
920077.BJ,20260819,24300.0,14.66,356238.0,14.63,0.00804872,0.668936,30191.2
920076.BJ,20260819,1700.0,13.1,22270.0,13.1,0.00461556,0.302621,3683.19
920075.BJ,20260819,100.0,15.86,1586.0,15.86,0.000284668,0.0113332,3512.87
920072.BJ,20260819,2385.0,26.78,63870.3,27.05,0.0164881,0.150166,1446.5
920069.BJ,20260819,800.0,34.16,27328.0,34.29,0.00542136,0.183347,1475.64
920068.BJ,20260819,17492.0,15.43,269901.56,15.29,0.0100712,2.16411,17368.3
920066.BJ,20260819,0.0,,0.0,17.16,0.0,0.0,1987.33
920065.BJ,20260819,4421.0,35.22,155707.62,35.62,0.0280698,0.207786,1575.0
920062.BJ,20260819,8182.0,7.65,62592.3,7.71,0.00615818,0.366689,13286.4
920061.BJ,20260819,2000.0,18.0,36000.0,18.27,0.00508073,0.155485,3936.44
920060.BJ,20260819,11887.0,22.62,268883.94,23.03,0.0125358,0.901986,9482.43
920059.BJ,20260819,1736792.0,20.88,36264216.96,11.13,,,
920058.BJ,20260819,6917.0,28.42,196581.14,28.98,0.0250667,0.450322,2759.44
920057.BJ,20260819,100.0,5.01,501.0,5.02,8.58131e-05,0.00904939,11653.2
920056.BJ,20260819,5000.0,16.73,83650.0,16.71,0.0162107,1.11441,3084.39
920055.BJ,20260819,0.0,,0.0,27.36,0.0,0.0,1530.0
920050.BJ,20260819,2500.0,29.88,74700.0,29.77,0.0138101,0.598758,1810.27
920047.BJ,20260819,5702.0,17.65,100640.3,17.79,0.00316591,0.113692,18010.6
920046.BJ,20260819,28372.0,21.2,601486.4,21.53,0.0507304,0.600698,5592.7
920045.BJ,20260819,29062.0,360.01,10462610.62,377.4,0.103135,1.95154,2817.85
920039.BJ,20260819,10722.0,8.9,95425.8,9.12,0.00697049,0.319028,15382.0
920038.BJ,20260819,26250.0,37.49,984112.5,38.07,0.0768306,0.596134,3416.61
920083.BJ,20260819,120365.0,37.51,4514891.15,38.95,0.316557,1.88552,3802.32
920087.BJ,20260819,952359.0,15.61,14866323.99,15.61,0.580543,6.92786,16404.6
301616.SZ,20260819,0.0,,0.0,35.3,0.0,0.0,2840.18
920088.BJ,20260819,36233.0,46.2,1673964.6,45.96,0.111259,0.707523,3256.62
920130.BJ,20260819,18387.0,18.0,330966.0,17.9,0.0320917,0.363062,5729.51
920128.BJ,20260819,900.0,18.44,16596.0,18.52,0.0037037,0.10661,2430.0
920126.BJ,20260819,4200.0,10.5,44100.0,10.6,0.0094027,0.166083,4466.8
920125.BJ,20260819,18371.0,131.0,2406601.0,134.89,0.0802279,0.872005,2289.85
920124.BJ,20260819,4050.0,13.1,53055.0,13.28,0.00528849,0.415756,7658.14
920123.BJ,20260819,1150.0,10.74,12351.0,10.78,0.00176964,0.140795,6498.49
920122.BJ,20260819,20170.0,22.74,458665.8,23.24,0.0539664,1.82256,3737.51
920121.BJ,20260819,100.0,28.42,2842.0,28.4,0.000838555,0.0537827,1192.53
920119.BJ,20260819,611.0,49.0,29939.0,49.22,0.00221615,0.259748,2757.03
920118.BJ,20260819,0.0,,0.0,20.69,0.0,0.0,3133.91
920117.BJ,20260819,120099.0,30.99,3721868.01,32.47,0.594138,1.59838,2021.4
920116.BJ,20260819,167325.0,53.7,8985352.5,50.9,0.0748039,7.00195,22368.5
920112.BJ,20260819,2000.0,16.48,32960.0,16.54,0.00573892,0.789657,3484.98
920111.BJ,20260819,46356.0,30.3,1404586.8,31.15,0.0615715,1.98188,7528.81
920110.BJ,20260819,950.0,26.67,25336.5,26.55,0.00585011,0.732292,1623.9
920108.BJ,20260819,7398.0,9.4,69541.2,9.36,0.0101387,1.28173,7296.77
920107.BJ,20260819,152944.0,23.07,3528418.08,24.07,0.810385,1.02039,1887.3
920106.BJ,20260819,200.0,37.49,7498.0,37.83,0.000458066,0.0411852,4366.19
920101.BJ,20260819,1000.0,17.41,17410.0,17.41,0.00256766,0.213002,3894.6
920100.BJ,20260819,23520.0,36.5,858480.0,37.24,0.0858451,1.24921,2739.82
920099.BJ,20260819,5600.0,18.14,101584.0,18.16,0.00950224,0.728359,5893.34
920098.BJ,20260819,2600.0,17.75,46150.0,17.68,0.0046952,0.342332,5537.57
920096.BJ,20260819,20200.0,38.9,785780.0,39.54,0.124691,1.36337,1620.0
920092.BJ,20260819,20035.0,28.63,573602.05,28.66,0.060792,0.485293,3295.67
920091.BJ,20260819,9230.0,31.87,294160.1,31.87,0.0636543,1.1374,1450.02
920090.BJ,20260819,10000.0,3.82,38200.0,3.85,0.00671444,0.239254,14893.3
920089.BJ,20260819,0.0,,0.0,10.31,0.0,0.0,11156.2
920037.BJ,20260819,1200.0,41.46,49752.0,41.51,0.0015328,0.126293,7828.79
920036.BJ,20260819,4085.0,30.54,124755.9,30.68,0.0312757,0.642307,1306.13
920035.BJ,20260819,4126.0,24.95,102943.7,25.17,0.0262188,0.603126,1573.68
920033.BJ,20260819,200.0,14.45,2890.0,14.56,0.000241452,0.0269123,8283.23
301696.SZ,20260819,36500.0,110.9,4047850.0,114.35,0.12133,1.13886,3008.34
301687.SZ,20260819,22400.0,51.0,1142400.0,52.14,0.0719035,0.679723,3115.28
301683.SZ,20260819,8100.0,103.1,835110.0,104.08,0.0567797,0.876587,1426.56
301682.SZ,20260819,15100.0,130.0,1963000.0,132.96,0.058785,0.79153,2568.68
301680.SZ,20260819,1300.0,97.1,126230.0,98.08,0.00773695,0.0977748,1680.25
301678.SZ,20260819,13300.0,46.86,623238.0,47.57,0.00957034,0.473978,13897.1
301677.SZ,20260819,14400.0,60.38,869472.0,61.15,0.0671641,0.307347,2144.0
301669.SZ,20260819,37500.0,30.19,1132125.0,30.69,0.0457945,0.473492,8188.75
301668.SZ,20260819,40700.0,37.7,1534390.0,38.3,0.167293,1.96556,2432.86
301667.SZ,20260819,31800.0,73.0,2321400.0,75.75,0.134009,0.892583,2372.98
301666.SZ,20260819,45700.0,438.8,20053160.0,466.12,0.172347,1.43245,2651.63
301665.SZ,20260819,13300.0,23.86,317338.0,23.94,0.0127676,0.322702,10417.0
301662.SZ,20260819,5600.0,70.54,395024.0,71.84,0.0125583,0.244027,4459.2
301658.SZ,20260819,4900.0,24.46,119854.0,24.69,0.00502994,0.0921403,9741.67
301656.SZ,20260819,19500.0,17.18,335010.0,17.3,0.00957624,0.370732,20362.9
301638.SZ,20260819,32400.0,22.63,733212.0,22.96,0.0129479,0.258074,25023.4
301636.SZ,20260819,2600.0,41.13,106938.0,40.98,0.00688169,0.304318,3778.14
301633.SZ,20260819,17100.0,53.32,911772.0,54.49,0.0670308,1.91145,2551.06
301632.SZ,20260819,26796.0,14.01,375411.96,14.1,0.0145779,0.297974,18381.2
301631.SZ,20260819,74020.0,71.12,5264302.4,73.8,0.169792,1.82948,4359.44
301630.SZ,20260819,18400.0,175.0,3220000.0,181.77,0.0877038,1.42784,2097.97
301629.SZ,20260819,6800.0,265.94,1808392.0,275.18,0.0354239,0.7272,1919.61
301628.SZ,20260819,92300.0,88.82,8198086.0,95.65,0.331112,3.14027,2787.58
301626.SZ,20260819,29300.0,290.0,8497000.0,293.96,0.0556833,1.00163,5261.9
301622.SZ,20260819,2100.0,42.41,89061.0,42.39,0.00324779,0.185134,6465.94
301618.SZ,20260819,5800.0,33.44,193952.0,33.55,0.0120453,0.4731,4815.14
301617.SZ,20260819,6900.0,50.0,345000.0,50.67,0.010007,0.36709,6895.2
301707.SZ,20260819,80740.0,84.04,6785389.6,85.38,0.298456,0.970294,2705.26
301717.SZ,20260819,103200.0,450.24,46464768.0,473.0,0.592206,1.51679,1742.64
302132.SZ,20260819,133900.0,60.27,8070153.0,60.06,0.0228471,1.60234,58606.9
920016.BJ,20260819,0.0,,0.0,13.21,0.0,0.0,3423.72
920030.BJ,20260819,0.0,,0.0,4.53,0.0,0.0,11247.4
920029.BJ,20260819,1000.0,35.52,35520.0,35.84,0.000496611,0.0785379,20136.5
920028.BJ,20260819,7981.0,13.95,111334.95,13.95,0.0122861,0.836366,6495.96
920027.BJ,20260819,2600.0,11.71,30446.0,11.71,0.00360866,0.264083,7204.89
920026.BJ,20260819,12567.0,18.87,237139.29,19.14,0.0145078,0.863039,8662.21
920023.BJ,20260819,296882.0,1.99,590795.18,2.04,0.110444,3.51881,26880.9
920022.BJ,20260819,400.0,19.75,7900.0,19.76,0.00240746,0.220753,1661.5
920021.BJ,20260819,116809.0,6.87,802477.83,6.87,0.0471851,0.62928,24755.5
920020.BJ,20260819,0.0,,0.0,15.59,0.0,0.0,5560.09
920019.BJ,20260819,18343.0,14.82,271843.26,14.98,0.0109487,1.04731,16753.6
920018.BJ,20260819,5600.0,15.69,87864.0,15.56,0.00974067,0.283759,5749.09
920017.BJ,20260819,10800.0,17.26,186408.0,17.36,0.0088113,0.228658,12257.0
920015.BJ,20260819,13426.0,42.0,563892.0,42.62,0.0335546,0.694461,4001.24
920000.BJ,20260819,200.0,14.15,2830.0,14.16,0.000347259,0.0170152,5759.39
920014.BJ,20260819,5000.0,8.94,44700.0,8.94,0.00745742,0.315349,6704.73
920012.BJ,20260819,31849.0,55.08,1754242.92,56.79,0.165042,1.83666,1929.75
920011.BJ,20260819,11224.0,20.12,225826.88,20.39,0.0603441,1.032,1860.0
920010.BJ,20260819,52821.0,8.63,455845.23,8.63,0.0303179,1.07421,17422.4
920009.BJ,20260819,100.0,36.66,3666.0,36.71,0.000992064,0.0216395,1008.0
920008.BJ,20260819,635.0,19.9,12636.5,20.13,0.00186388,0.0869417,3406.87
920007.BJ,20260819,100.0,37.37,3737.0,37.37,0.000939598,0.0624056,1064.29
920006.BJ,20260819,24936.0,17.5,436380.0,16.64,0.0521705,1.91565,4779.71
920005.BJ,20260819,400.0,24.75,9900.0,25.0,0.00104407,0.0933677,3831.17
920003.BJ,20260819,1500.0,16.95,25425.0,16.95,0.00770558,0.529292,1946.64
920002.BJ,20260819,23598.0,59.99,1415644.02,62.12,0.0529137,1.31436,4459.72
920001.BJ,20260819,85583.0,12.19,1043256.77,12.19,0.0950368,6.00377,9005.25
300809.SZ,20260819,48200.0,24.91,1200662.0,25.9,0.0320118,0.470593,15057.0
300808.SZ,20260819,5200.0,19.16,99632.0,19.54,0.00437344,0.232316,11890.0
300807.SZ,20260819,3700.0,37.35,138195.0,37.84,0.00712372,0.38576,5193.92
300113.SZ,20260819,230700.0,17.6,4060320.0,18.05,0.0453224,0.731116,50902.0
300111.SZ,20260819,134500.0,3.08,414260.0,3.1,0.0104489,0.354702,128721.0
300110.SZ,20260819,30700.0,2.87,88109.0,2.89,0.0025991,0.0741051,118118.0
300109.SZ,20260819,8800.0,13.86,121968.0,14.03,0.00170046,0.125485,51750.6
300107.SZ,20260819,15200.0,6.35,96520.0,6.41,0.00437099,0.118957,34774.7
300106.SZ,20260819,161700.0,10.61,1715637.0,10.89,0.0765146,0.977155,21133.2
300105.SZ,20260819,420300.0,8.23,3459069.0,8.44,0.0815338,0.993954,51549.2
300103.SZ,20260819,5800.0,8.17,47386.0,8.2,0.00182769,0.118498,31734.1
300102.SZ,20260819,907800.0,19.89,18056142.0,20.16,0.0991131,2.20166,91592.4
300101.SZ,20260819,51300.0,14.99,768987.0,14.92,0.00906394,0.76876,56597.9
300100.SZ,20260819,27100.0,23.2,628720.0,23.45,0.00486018,0.411354,55759.3
300099.SZ,20260819,97000.0,6.18,599460.0,6.18,0.0166862,0.812763,58131.8
300098.SZ,20260819,135900.0,4.57,621063.0,4.61,0.0088147,0.389652,154174.0
300097.SZ,20260819,169700.0,9.78,1659666.0,9.8,0.0643216,1.22415,26383.0
300096.SZ,20260819,100.0,9.57,957.0,9.5,2.32558e-05,0.00210449,43000.0
300095.SZ,20260819,14400.0,8.2,118080.0,8.21,0.004533,0.256679,31767.0
300094.SZ,20260819,1695400.0,3.07,5204878.0,3.12,0.153358,3.05015,110552.0
300093.SZ,20260819,162600.0,25.04,4071504.0,25.75,0.0703964,1.32359,23097.8
300092.SZ,20260819,6500.0,11.79,76635.0,11.87,0.00309721,0.0896862,20986.6
300091.SZ,20260819,5500.0,2.56,14080.0,2.58,0.000336305,0.0998178,163542.0
300088.SZ,20260819,1702900.0,7.61,12959069.0,7.87,0.0685133,1.38035,248550.0
300087.SZ,20260819,455300.0,5.96,2713588.0,6.03,0.0504602,2.49036,90229.6
300086.SZ,20260819,111500.0,6.9,769350.0,6.83,0.0253021,0.531511,44067.5
300085.SZ,20260819,256400.0,29.66,7604824.0,30.2,0.0393244,0.672806,65201.3
300084.SZ,20260819,33100.0,11.0,364100.0,11.12,0.00702843,0.251871,47094.4
300083.SZ,20260819,877400.0,13.55,11888770.0,13.98,0.0588022,1.02512,149212.0
300082.SZ,20260819,4200.0,7.69,32298.0,7.76,0.000619175,0.0852714,67832.1
300081.SZ,20260819,44700.0,3.09,138123.0,3.13,0.00739232,0.570816,60468.1
300112.SZ,20260819,21200.0,9.1,192920.0,9.22,0.00892281,0.127622,23759.3
300115.SZ,20260819,241300.0,28.4,6852920.0,28.88,0.0177775,0.68475,135733.0
300079.SZ,20260819,87000.0,4.45,387150.0,4.48,0.00678903,0.41598,128148.0
300118.SZ,20260819,298600.0,10.49,3132314.0,10.48,0.0322177,0.993851,92682.0
300145.SZ,20260819,331200.0,4.22,1397664.0,4.26,0.0173328,0.544541,191083.0
300144.SZ,20260819,272900.0,5.95,1623755.0,5.99,0.010571,1.11594,258160.0
300143.SZ,20260819,68100.0,8.09,550929.0,8.23,0.00818261,0.25942,83225.2
300142.SZ,20260819,460300.0,13.0,5983900.0,13.08,0.0291726,0.683528,157785.0
300141.SZ,20260819,114200.0,10.61,1211662.0,10.35,0.0448514,1.37013,25461.9
300140.SZ,20260819,56200.0,5.37,301794.0,5.39,0.00181568,0.452434,309527.0
300139.SZ,20260819,746686.0,45.17,33727806.62,46.44,0.319562,1.65051,23365.9
300138.SZ,20260819,8200.0,11.24,92168.0,11.28,0.00205868,0.118298,39831.3
300137.SZ,20260819,104600.0,12.3,1286580.0,12.58,0.0197346,0.43198,53003.4
300136.SZ,20260819,1363100.0,70.39,95948609.0,69.65,0.165184,2.8176,82520.0
300135.SZ,20260819,68500.0,3.32,227420.0,3.34,0.00743273,0.440892,92160.0
300134.SZ,20260819,24000.0,8.3,199200.0,8.38,0.00312704,0.141512,76749.8
300133.SZ,20260819,395100.0,6.9,2726190.0,7.01,0.0237427,0.669522,166409.0
300132.SZ,20260819,24400.0,6.35,154940.0,6.41,0.00480238,0.155783,50808.1
300131.SZ,20260819,1498000.0,17.0,25466000.0,17.65,0.143725,1.86834,104227.0
300130.SZ,20260819,23900.0,18.76,448364.0,18.92,0.00550478,0.188708,43416.8
300129.SZ,20260819,882800.0,8.48,7486144.0,8.29,0.122831,5.43248,71871.0
300128.SZ,20260819,237100.0,4.65,1102515.0,4.67,0.0182741,1.08338,129747.0
300127.SZ,20260819,20300.0,25.53,518259.0,25.78,0.00879488,0.39976,23081.6
300126.SZ,20260819,39300.0,6.27,246411.0,6.37,0.0186565,1.06719,21065.0
300125.SZ,20260819,18500.0,8.75,161875.0,8.8,0.00512735,0.193021,36081.0
300124.SZ,20260819,180800.0,61.8,11173440.0,62.18,0.0075011,0.803702,241031.0
300123.SZ,20260819,440800.0,4.45,1961560.0,4.38,0.0443452,1.75097,99402.0
300122.SZ,20260819,133300.0,12.42,1655586.0,12.48,0.00942512,0.460801,141431.0
300121.SZ,20260819,33100.0,9.76,323056.0,9.85,0.00770831,0.307532,42940.7
300120.SZ,20260819,801700.0,8.9,7135130.0,9.16,0.151996,0.991461,52744.7
300119.SZ,20260819,15900.0,18.98,301782.0,18.84,0.00476568,0.12264,33363.6
300080.SZ,20260819,45900.0,3.7,169830.0,3.74,0.00245346,0.349919,187083.0
300078.SZ,20260819,193400.0,3.09,597606.0,3.14,0.0173707,0.779608,111337.0
300011.SZ,20260819,24600.0,6.0,147600.0,5.96,0.00484962,0.609732,50725.6
300045.SZ,20260819,369900.0,13.98,5171202.0,13.63,0.0716426,2.68072,51631.3
300043.SZ,20260819,113500.0,4.61,523235.0,4.65,0.00912717,0.35614,124354.0
300042.SZ,20260819,147100.0,42.9,6310590.0,44.12,0.07341,0.724124,20038.2
300041.SZ,20260819,250900.0,11.22,2815098.0,11.35,0.0460854,1.21426,54442.4
300040.SZ,20260819,95500.0,6.0,573000.0,6.04,0.0184585,0.176854,51737.6
300039.SZ,20260819,269100.0,5.84,1571544.0,5.9,0.0293481,0.336662,91692.6
300037.SZ,20260819,81100.0,66.88,5423968.0,67.97,0.0148323,0.535077,54677.9
300036.SZ,20260819,41500.0,11.23,466045.0,11.36,0.00932474,0.453147,44505.3
300035.SZ,20260819,11100.0,13.45,149295.0,13.55,0.0019028,0.102449,58335.1
300034.SZ,20260819,165500.0,16.38,2710890.0,16.17,0.021576,1.71082,76705.7
300033.SZ,20260819,69965.0,229.0,16021985.0,231.9,0.0159588,0.558254,43841.1
300032.SZ,20260819,6000.0,3.73,22380.0,3.77,0.00074704,0.0395836,80317.0
300031.SZ,20260819,82500.0,21.95,1810875.0,22.16,0.023444,0.574713,35190.2
300030.SZ,20260819,29700.0,6.76,200772.0,6.83,0.01091,0.376309,27222.8
300027.SZ,20260819,392200.0,1.79,702038.0,1.81,0.015293,1.33262,256458.0
300026.SZ,20260819,680900.0,3.5,2383150.0,3.52,0.0226866,0.472863,300133.0
300025.SZ,20260819,56400.0,5.29,298356.0,5.29,0.0111319,0.40797,50665.4
300024.SZ,20260819,599700.0,16.2,9715140.0,16.66,0.0383148,1.33384,156519.0
300022.SZ,20260819,23600.0,8.27,195172.0,8.22,0.00477515,0.329265,49422.6
300021.SZ,20260819,744300.0,4.06,3021858.0,4.15,0.0852197,3.28522,87338.9
300020.SZ,20260819,4200.0,3.45,14490.0,3.45,0.000547885,0.0510555,76658.4
300019.SZ,20260819,37100.0,14.98,555758.0,15.16,0.0100648,0.483433,36861.0
300018.SZ,20260819,56300.0,11.71,659273.0,11.94,0.0154973,0.429186,36329.0
300017.SZ,20260819,2178719.0,16.24,35382396.56,16.85,0.0920662,0.730703,236647.0
300016.SZ,20260819,32200.0,8.55,275310.0,8.59,0.00572787,0.128742,56216.4
300015.SZ,20260819,420000.0,8.54,3586800.0,8.57,0.00527826,0.621021,795717.0
300014.SZ,20260819,310800.0,56.0,17404800.0,56.66,0.0147125,0.816629,211249.0
300013.SZ,20260819,5300.0,4.04,21412.0,4.07,0.000950292,0.031631,55772.3
300044.SZ,20260819,75900.0,5.19,393921.0,5.22,0.0106098,0.526066,71537.8
300046.SZ,20260819,63300.0,24.75,1566675.0,25.32,0.0267618,1.18871,23653.1
300077.SZ,20260819,595399.0,20.16,12003243.84,20.78,0.105133,1.25313,56632.8
300047.SZ,20260819,41100.0,9.42,387162.0,9.51,0.00707918,0.22131,58057.6
300076.SZ,20260819,2300.0,4.52,10396.0,4.52,0.000542453,0.0308433,42400.0
300075.SZ,20260819,326000.0,11.07,3608820.0,11.31,0.0632471,1.44319,51543.8
300074.SZ,20260819,45800.0,3.82,174956.0,3.85,0.00832971,0.300032,54983.9
300073.SZ,20260819,50900.0,41.7,2122530.0,42.09,0.0100599,0.498322,50597.1
300072.SZ,20260819,82400.0,3.74,308176.0,3.76,0.00353442,0.190294,233136.0
300071.SZ,20260819,246100.0,4.15,1021315.0,4.22,0.0260327,0.259279,94535.1
300070.SZ,20260819,126400.0,3.41,431024.0,3.42,0.00368002,0.453985,343477.0
300069.SZ,20260819,362600.0,31.52,11429152.0,28.88,0.309915,5.81188,11700.0
300068.SZ,20260819,689100.0,4.1,2825310.0,4.15,0.080721,1.61722,85368.2
300067.SZ,20260819,610200.0,5.4,3295080.0,5.49,0.0651044,0.543109,93726.4
300066.SZ,20260819,31900.0,5.17,164923.0,5.19,0.00319607,0.228804,99809.9
300065.SZ,20260819,1050300.0,17.48,18359244.0,17.65,0.159946,2.81486,65665.7
300063.SZ,20260819,144400.0,9.24,1334256.0,9.34,0.0230481,0.150342,62651.7
300062.SZ,20260819,74400.0,6.48,482112.0,6.55,0.0162318,0.202842,45835.8
300061.SZ,20260819,20000.0,6.45,129000.0,6.52,0.00321456,0.120719,62217.0
300059.SZ,20260819,1328200.0,19.17,25461594.0,19.23,0.00994661,0.608324,1335330.0
300058.SZ,20260819,2125100.0,14.81,31472731.0,14.81,0.0611024,0.45708,347793.0
300057.SZ,20260819,120400.0,6.5,782600.0,6.59,0.014489,0.476025,83097.6
300056.SZ,20260819,13800.0,8.45,116610.0,8.5,0.00358257,0.123635,38519.8
300055.SZ,20260819,14800.0,6.01,88948.0,6.05,0.00250027,0.123229,59193.6
300054.SZ,20260819,322600.0,78.13,25204738.0,81.48,0.043343,1.07538,74429.5
300053.SZ,20260819,525100.0,13.16,6910316.0,12.95,0.080683,3.66178,65081.9
300052.SZ,20260819,224000.0,10.96,2455040.0,11.24,0.0855448,0.925265,26185.1
300051.SZ,20260819,267400.0,8.45,2259530.0,8.67,0.0727786,0.572066,36741.6
300050.SZ,20260819,408600.0,7.0,2860200.0,6.94,0.0750393,1.87674,54451.5
300049.SZ,20260819,13200.0,43.48,573936.0,43.91,0.00565092,0.13471,23359.0
300048.SZ,20260819,126100.0,4.91,619151.0,4.98,0.011157,0.909798,113023.0
300146.SZ,20260819,78100.0,9.9,773190.0,9.89,0.00696812,0.513587,112082.0
300147.SZ,20260819,16000.0,7.1,113600.0,7.19,0.00243395,0.171828,65736.7
300148.SZ,20260819,18000.0,3.42,61560.0,3.45,0.00221099,0.0804766,81411.5
300245.SZ,20260819,16500.0,5.58,92070.0,5.61,0.00561887,0.33219,29365.4
300243.SZ,20260819,1932800.0,19.31,37322368.0,19.38,0.864212,5.72807,22364.9
300242.SZ,20260819,183100.0,4.16,761696.0,4.23,0.0288549,0.670954,63455.5
300241.SZ,20260819,255700.0,5.81,1485617.0,5.94,0.042584,1.08208,60046.1
300240.SZ,20260819,155300.0,6.08,944224.0,6.08,0.0427425,1.82293,36333.9
300239.SZ,20260819,54800.0,5.08,278384.0,5.14,0.00929165,0.761014,58977.7
300238.SZ,20260819,7800.0,12.0,93600.0,12.04,0.00294191,0.0909362,26513.4
300237.SZ,20260819,104200.0,1.96,204232.0,1.96,0.00722657,0.880044,144190.0
300236.SZ,20260819,120100.0,99.97,12006397.0,103.41,0.0431161,1.31771,27855.0
300235.SZ,20260819,16600.0,11.35,188410.0,11.37,0.00817199,0.262435,20313.3
300234.SZ,20260819,25700.0,9.67,248519.0,9.7,0.00747121,0.160595,34398.7
300233.SZ,20260819,64200.0,14.1,905220.0,14.2,0.01736,0.382486,36981.5
300232.SZ,20260819,80800.0,5.15,416120.0,5.2,0.00909398,0.638417,88850.0
300231.SZ,20260819,82700.0,8.37,692199.0,8.57,0.0185958,0.540296,44472.4
300230.SZ,20260819,2700.0,4.29,11583.0,4.3,0.000428692,0.0385113,62982.2
300229.SZ,20260819,107900.0,14.04,1514916.0,14.23,0.0123593,0.373669,87303.0
300228.SZ,20260819,78200.0,7.47,584154.0,7.49,0.0139917,0.573831,55890.4
300227.SZ,20260819,66700.0,11.88,792396.0,12.11,0.0146158,0.273352,45635.5
300226.SZ,20260819,43200.0,16.01,691632.0,16.24,0.0117488,0.519759,36769.7
300225.SZ,20260819,31700.0,7.82,247894.0,7.86,0.00671545,0.249912,47204.6
300224.SZ,20260819,27800.0,11.3,314140.0,11.41,0.00299804,0.230515,92727.4
300223.SZ,20260819,519800.0,145.0,75371000.0,152.75,0.122903,1.35222,42293.3
300222.SZ,20260819,44600.0,10.62,473652.0,10.78,0.0068393,0.226052,65211.4
300221.SZ,20260819,185200.0,13.5,2500200.0,13.87,0.040085,1.08554,46201.8
300220.SZ,20260819,29700.0,10.9,323730.0,10.88,0.0196664,1.27827,15101.9
300219.SZ,20260819,69800.0,6.99,487902.0,7.07,0.00987772,0.52692,70664.1
300218.SZ,20260819,4700.0,12.72,59784.0,12.81,0.00217315,0.20493,21627.6
300217.SZ,20260819,59800.0,4.47,267306.0,4.48,0.00481709,0.262071,124141.0
300244.SZ,20260819,43900.0,20.27,889853.0,20.47,0.00875445,0.147414,50145.9
300246.SZ,20260819,112000.0,18.3,2049600.0,18.29,0.0529576,0.437735,21149.0
300149.SZ,20260819,149500.0,10.8,1614600.0,10.77,0.0310433,0.284813,48158.5
300247.SZ,20260819,76800.0,3.74,287232.0,3.76,0.00955176,0.314863,80404.0
300276.SZ,20260819,127800.0,6.83,872874.0,6.92,0.0120894,0.317354,105712.0
300275.SZ,20260819,14000.0,8.92,124880.0,9.01,0.00515727,0.21599,27146.1
300274.SZ,20260819,317400.0,116.15,36866010.0,118.04,0.0199934,0.630249,158753.0
300272.SZ,20260819,21600.0,6.0,129600.0,6.02,0.00465044,0.11646,46447.2
300271.SZ,20260819,20300.0,5.52,112056.0,5.55,0.0025555,0.152554,79436.6
300270.SZ,20260819,153500.0,12.66,1943310.0,12.97,0.058828,0.74525,26093.0
300269.SZ,20260819,62300.0,4.88,304024.0,4.91,0.0118521,0.476856,52564.5
300268.SZ,20260819,180100.0,12.38,2229638.0,12.98,0.134697,3.73594,13370.8
300267.SZ,20260819,99500.0,3.2,318400.0,3.27,0.00699533,0.284028,142238.0
300266.SZ,20260819,74800.0,1.86,139128.0,1.88,0.00481636,0.272496,155304.0
300265.SZ,20260819,164800.0,14.42,2376416.0,14.79,0.0352664,0.743383,46730.0
300264.SZ,20260819,51100.0,6.62,338282.0,6.68,0.0137964,0.428672,37038.6
300263.SZ,20260819,506500.0,10.34,5237210.0,10.68,0.0519206,1.02011,97552.8
300261.SZ,20260819,38600.0,5.1,196860.0,5.18,0.00409405,0.213895,94283.0
300260.SZ,20260819,87900.0,60.29,5299491.0,62.27,0.0305594,0.466634,28763.7
300259.SZ,20260819,193200.0,4.2,811440.0,4.29,0.0167296,0.403657,115484.0
300258.SZ,20260819,92000.0,10.5,966000.0,10.72,0.0161434,1.07145,56989.2
300257.SZ,20260819,25000.0,19.14,478500.0,19.35,0.00261865,0.28992,95469.0
300256.SZ,20260819,70400.0,2.7,190080.0,2.71,0.0031381,0.382961,224339.0
300255.SZ,20260819,146800.0,26.33,3865244.0,26.55,0.0159978,0.286748,91762.3
300254.SZ,20260819,426800.0,8.98,3832664.0,9.18,0.187738,2.83703,22733.8
300253.SZ,20260819,284900.0,7.36,2096864.0,7.44,0.0153616,0.417257,185462.0
300252.SZ,20260819,109200.0,11.72,1279824.0,11.9,0.0195435,0.461229,55875.4
300251.SZ,20260819,232300.0,11.12,2583176.0,11.19,0.00837007,0.47749,277537.0
300250.SZ,20260819,31400.0,15.25,478850.0,15.52,0.0199461,0.312258,15742.4
300249.SZ,20260819,180300.0,12.92,2329476.0,13.18,0.0481944,0.705406,37411.0
300248.SZ,20260819,71800.0,8.85,635430.0,8.99,0.0175532,0.457203,40904.2
300215.SZ,20260819,33000.0,6.12,201960.0,6.21,0.00440532,0.337851,74909.4
300214.SZ,20260819,296700.0,12.29,3646443.0,12.65,0.0638198,0.458672,46490.3
300213.SZ,20260819,39100.0,6.3,246330.0,6.35,0.00707576,0.262168,55259.1
300212.SZ,20260819,127300.0,8.71,1108783.0,8.78,0.0182245,0.721003,69851.2
300177.SZ,20260819,9600.0,6.44,61824.0,6.36,0.00158337,0.121069,60630.3
300176.SZ,20260819,0.0,,0.0,5.23,,0.0,
300175.SZ,20260819,40300.0,6.22,250666.0,6.29,0.0085599,0.312246,47080.0
300174.SZ,20260819,174700.0,20.19,3527193.0,20.66,0.0482337,0.836194,36219.5
300173.SZ,20260819,49600.0,3.22,159712.0,3.26,0.00675082,1.0592,73472.6
300172.SZ,20260819,27200.0,4.6,125120.0,4.63,0.00519567,0.23983,52351.2
300171.SZ,20260819,148200.0,13.6,2015520.0,13.68,0.0263393,0.590119,56265.7
300170.SZ,20260819,336000.0,16.44,5523840.0,16.75,0.0337935,0.443758,99427.4
300169.SZ,20260819,13700.0,5.69,77953.0,5.73,0.0045404,0.124816,30173.6
300168.SZ,20260819,38600.0,5.09,196474.0,5.14,0.00268208,0.192125,143918.0
300167.SZ,20260819,49000.0,4.29,210210.0,4.34,0.0138385,0.29439,35408.5
300166.SZ,20260819,416200.0,13.93,5797666.0,14.22,0.0459504,0.641405,90575.9
300165.SZ,20260819,144300.0,5.1,735930.0,5.12,0.0343135,1.16169,42053.5
300164.SZ,20260819,1603700.0,11.18,17929366.0,10.85,0.274978,1.10484,58321.1
300163.SZ,20260819,288500.0,7.03,2028155.0,6.95,0.0631849,1.09566,45659.6
300162.SZ,20260819,338800.0,7.9,2676520.0,8.12,0.0990175,1.41029,34216.2
300161.SZ,20260819,171400.0,29.04,4977456.0,30.7,0.0879,1.38326,19499.4
300160.SZ,20260819,35900.0,4.38,157242.0,4.41,0.0047103,0.627032,76216.0
300159.SZ,20260819,100900.0,3.04,306736.0,3.03,0.00547671,0.261298,184235.0
300158.SZ,20260819,97600.0,5.5,536800.0,5.58,0.00984374,0.170941,99149.3
300157.SZ,20260819,222000.0,3.99,885780.0,4.05,0.0302683,0.484281,73344.1
300155.SZ,20260819,20300.0,4.22,85666.0,4.29,0.00616191,0.308917,32944.3
300154.SZ,20260819,84900.0,11.57,982293.0,11.79,0.0269392,0.466249,31515.4
300153.SZ,20260819,52500.0,23.51,1234275.0,23.95,0.0164923,0.426996,31833.0
300152.SZ,20260819,93100.0,1.65,153615.0,1.65,0.0130617,0.388115,71277.3
300151.SZ,20260819,181500.0,16.61,3014715.0,17.03,0.0492273,1.34759,36869.8
300150.SZ,20260819,55000.0,4.35,239250.0,4.32,0.0118621,1.17474,46366.3
300179.SZ,20260819,572500.0,37.12,21251200.0,39.12,0.153082,1.43154,37398.2
300180.SZ,20260819,20400.0,4.23,86292.0,4.24,0.00119112,0.0971858,171267.0
300181.SZ,20260819,112400.0,14.4,1618560.0,14.5,0.0186429,0.32212,60291.1
300197.SZ,20260819,1182800.0,2.08,2460224.0,2.11,0.0398891,0.477066,296522.0
300211.SZ,20260819,12000.0,7.37,88440.0,7.45,0.00402035,0.343802,29848.2
300210.SZ,20260819,44500.0,8.72,388040.0,8.87,0.00919004,0.557012,48422.0
300209.SZ,20260819,2306300.0,33.9,78183570.0,36.47,0.310442,1.51454,74290.9
300207.SZ,20260819,138300.0,18.04,2494932.0,18.22,0.00806919,0.340166,171393.0
300206.SZ,20260819,6600.0,11.98,79068.0,12.05,0.00195047,0.135528,33838.0
300205.SZ,20260819,100000.0,4.81,481000.0,4.87,0.0232528,3.46644,43005.6
300204.SZ,20260819,108200.0,24.0,2596800.0,24.24,0.0238502,0.282454,45366.4
300203.SZ,20260819,37900.0,12.95,490805.0,13.04,0.0084532,0.390333,44835.1
300201.SZ,20260819,81100.0,15.13,1227043.0,15.28,0.00808048,0.201976,100365.0
300200.SZ,20260819,54300.0,8.9,483270.0,8.92,0.012809,0.454583,42392.1
300199.SZ,20260819,137700.0,25.3,3483810.0,25.74,0.0184791,0.241411,74516.7
300198.SZ,20260819,7700.0,2.2,16940.0,2.21,0.000751596,0.0768938,102449.0
300196.SZ,20260819,73900.0,18.4,1359760.0,18.89,0.0299154,0.375808,24703.0
300182.SZ,20260819,431576.0,5.0,2157880.0,5.04,0.0191016,0.340855,225937.0
300195.SZ,20260819,8400.0,5.49,46116.0,5.55,0.00267631,0.0986381,31386.5
300194.SZ,20260819,18000.0,3.98,71640.0,4.0,0.00185884,0.0543525,96834.4
300193.SZ,20260819,359500.0,7.88,2832860.0,7.88,0.0857226,9.74442,41937.6
300192.SZ,20260819,47300.0,14.38,680174.0,14.6,0.0103856,0.218719,45544.0
300191.SZ,20260819,88800.0,34.14,3031632.0,33.64,0.0401456,0.550428,22119.5
300190.SZ,20260819,18700.0,3.66,68442.0,3.71,0.00198043,0.129646,94424.2
300189.SZ,20260819,11306300.0,6.41,72473383.0,6.23,1.27575,5.95005,88625.0
300188.SZ,20260819,47000.0,10.56,496320.0,10.65,0.00549381,0.384174,85550.9
300187.SZ,20260819,34900.0,4.62,161238.0,4.64,0.00543294,0.260918,64237.8
300185.SZ,20260819,365200.0,2.7,986040.0,2.71,0.00949445,0.651619,384646.0
300184.SZ,20260819,493600.0,12.43,6135448.0,12.79,0.0469188,0.829594,105203.0
300183.SZ,20260819,26300.0,10.43,274309.0,10.57,0.00708839,0.658197,37102.9
300012.SZ,20260819,266100.0,15.17,4036737.0,15.22,0.0185831,0.641036,143195.0
300010.SZ,20260819,131100.0,2.19,287109.0,2.22,0.00788177,0.491373,166333.0
300278.SZ,20260819,22500.0,3.93,88425.0,3.96,0.00159637,0.175957,140945.0
163409.SZ,20260819,0.0,,0.0,1.552,,0.0,
163406.SZ,20260819,5500.0,2.485,13667.5,2.5,,0.230203,
163402.SZ,20260819,6000.0,0.912,5472.0,0.916,,0.111215,
163302.SZ,20260819,0.0,,0.0,1.129,,0.0,
163208.SZ,20260819,87500.0,1.41,123375.0,1.383,,3.75277,
163118.SZ,20260819,0.0,,0.0,0.698,,0.0,
163116.SZ,20260819,0.0,,0.0,2.116,,0.0,
163115.SZ,20260819,0.0,,0.0,1.15,,0.0,
163114.SZ,20260819,0.0,,0.0,1.274,,0.0,
163113.SZ,20260819,0.0,,0.0,0.919,,0.0,
163111.SZ,20260819,0.0,,0.0,1.582,,0.0,
163110.SZ,20260819,0.0,,0.0,2.378,,0.0,
163109.SZ,20260819,0.0,,0.0,0.81,,0.0,
163005.SZ,20260819,0.0,,0.0,1.025,,,
163003.SZ,20260819,0.0,,0.0,0.672,,0.0,
163001.SZ,20260819,0.0,,0.0,1.505,,0.0,
162721.SZ,20260819,0.0,,0.0,1.289,,0.0,
162720.SZ,20260819,0.0,,0.0,1.46,,0.0,
162719.SZ,20260819,121400.0,3.045,369663.0,2.992,,1.353,
162715.SZ,20260819,0.0,,0.0,1.194,,0.0,
162712.SZ,20260819,0.0,,0.0,1.421,,0.0,
162711.SZ,20260819,0.0,,0.0,1.932,,0.0,
162703.SZ,20260819,35500.0,2.49,88395.0,2.527,,1.21022,
162607.SZ,20260819,1000.0,0.482,482.0,0.488,,0.283649,
162605.SZ,20260819,0.0,,0.0,1.719,,0.0,
162509.SZ,20260819,0.0,,0.0,1.02,,0.0,
162415.SZ,20260819,9713.0,2.838,27565.494,2.847,,0.678946,
162414.SZ,20260819,0.0,,0.0,1.948,,0.0,
163407.SZ,20260819,0.0,,0.0,2.75,,0.0,
163412.SZ,20260819,0.0,,0.0,4.3,,0.0,
162411.SZ,20260819,1300900.0,0.973,1265775.7,0.962,,1.36928,
163415.SZ,20260819,0.0,,0.0,5.39,,0.0,
165313.SZ,20260819,600.0,4.488,2692.8,4.503,,1.3384,
165311.SZ,20260819,0.0,,0.0,1.735,,,
165309.SZ,20260819,0.0,,0.0,1.973,,0.0,
164906.SZ,20260819,38600.0,0.951,36708.6,0.958,,0.46204,
164902.SZ,20260819,0.0,,0.0,1.172,,0.0,
164824.SZ,20260819,314500.0,1.298,408221.0,1.302,,3.11115,
164814.SZ,20260819,0.0,,0.0,1.098,,0.0,
164810.SZ,20260819,0.0,,0.0,1.033,,0.0,
164808.SZ,20260819,0.0,,0.0,1.1,,0.0,
164705.SZ,20260819,0.0,,0.0,1.142,,0.0,
164703.SZ,20260819,0.0,,0.0,0.872,,0.0,
164701.SZ,20260819,74800.0,1.679,125589.2,1.701,,0.482438,
164606.SZ,20260819,0.0,,0.0,1.244,,0.0,
164509.SZ,20260819,0.0,,0.0,0.73,,0.0,
164508.SZ,20260819,0.0,,0.0,1.354,,0.0,
164403.SZ,20260819,0.0,,0.0,0.942,,0.0,
164210.SZ,20260819,0.0,,0.0,1.26,,0.0,
164208.SZ,20260819,0.0,,0.0,1.414,,0.0,
164206.SZ,20260819,0.0,,0.0,1.654,,0.0,
164105.SZ,20260819,0.0,,0.0,1.618,,0.0,
163907.SZ,20260819,0.0,,0.0,0.796,,0.0,
163821.SZ,20260819,0.0,,0.0,2.076,,0.0,
163819.SZ,20260819,0.0,,0.0,1.213,,0.0,
163801.SZ,20260819,0.0,,0.0,0.855,,0.0,
163503.SZ,20260819,0.0,,0.0,0.43,,0.0,
163418.SZ,20260819,0.0,,0.0,0.866,,0.0,
163417.SZ,20260819,51400.0,2.148,110407.2,2.156,,1.17136,
162412.SZ,20260819,0.0,,0.0,0.611,,0.0,
162307.SZ,20260819,0.0,,0.0,1.592,,0.0,
300009.SZ,20260819,205400.0,8.6,1766440.0,8.68,0.0166958,0.503737,123025.0
161706.SZ,20260819,0.0,,0.0,4.06,,0.0,
161626.SZ,20260819,0.0,,0.0,1.087,,0.0,
161614.SZ,20260819,0.0,,0.0,1.126,,0.0,
161610.SZ,20260819,0.0,,0.0,1.92,,0.0,
161607.SZ,20260819,0.0,,0.0,1.208,,0.0,
161505.SZ,20260819,0.0,,0.0,1.368,,0.0,
161233.SZ,20260819,0.0,,0.0,1.807,,0.0,
161232.SZ,20260819,200.0,1.319,263.8,1.364,,0.607017,
161229.SZ,20260819,100.0,1.366,136.6,1.379,,0.553134,
161227.SZ,20260819,0.0,,0.0,1.691,,0.0,
161226.SZ,20260819,6208560.0,1.815,11268536.4,1.877,,4.09062,
161225.SZ,20260819,0.0,,0.0,2.488,,0.0,
161224.SZ,20260819,0.0,,0.0,1.383,,0.0,
161222.SZ,20260819,0.0,,0.0,2.945,,0.0,
161219.SZ,20260819,0.0,,0.0,3.186,,0.0,
161217.SZ,20260819,0.0,,0.0,2.299,,0.0,
161216.SZ,20260819,0.0,,0.0,1.393,,0.0,
161133.SZ,20260819,0.0,,0.0,1.821,,0.0,
161132.SZ,20260819,0.0,,0.0,3.027,,0.0,
161131.SZ,20260819,0.0,,0.0,1.064,,0.0,
161130.SZ,20260819,71446.0,4.606,329080.276,4.675,,1.41187,
161129.SZ,20260819,5073900.0,1.82,9234498.0,1.785,,1.17541,
161128.SZ,20260819,232000.0,7.0,1624000.0,7.11,,1.36036,
161127.SZ,20260819,9000.0,2.104,18936.0,2.095,,0.569437,
161126.SZ,20260819,58103.0,2.073,120447.519,2.081,,4.14536,
161125.SZ,20260819,106001.0,3.242,343655.242,3.272,,1.30064,
161124.SZ,20260819,27500.0,0.899,24722.5,0.9,,1.17828,
161123.SZ,20260819,0.0,,0.0,1.477,,0.0,
161631.SZ,20260819,0.0,,0.0,2.944,,0.0,
161713.SZ,20260819,0.0,,0.0,1.072,,0.0,
162216.SZ,20260819,0.0,,0.0,1.732,,0.0,
161715.SZ,20260819,0.0,,0.0,2.271,,0.0,
162215.SZ,20260819,0.0,,0.0,1.098,,0.0,
162207.SZ,20260819,0.0,,0.0,1.449,,0.0,
162108.SZ,20260819,0.0,,0.0,1.354,,0.0,
162105.SZ,20260819,0.0,,0.0,1.476,,0.0,
162006.SZ,20260819,0.0,,0.0,1.856,,0.0,
161914.SZ,20260819,27400.0,0.909,24906.6,0.936,,1.15222,
161912.SZ,20260819,0.0,,0.0,4.456,,0.0,
161908.SZ,20260819,0.0,,0.0,1.21,,0.0,
161903.SZ,20260819,0.0,,0.0,1.795,,0.0,
161837.SZ,20260819,0.0,,0.0,1.126,,0.0,
161834.SZ,20260819,0.0,,0.0,1.844,,0.0,
161831.SZ,20260819,0.0,,0.0,0.727,,0.0,
161820.SZ,20260819,500.0,1.16,580.0,1.16,,0.224228,
161816.SZ,20260819,0.0,,0.0,0.977,,0.0,
161815.SZ,20260819,117200.0,1.073,125755.6,1.077,,5.70246,
161812.SZ,20260819,0.0,,0.0,1.434,,0.0,
161811.SZ,20260819,0.0,,0.0,1.08,,0.0,
161810.SZ,20260819,0.0,,0.0,4.682,,0.0,
161729.SZ,20260819,0.0,,0.0,2.026,,0.0,
161728.SZ,20260819,0.0,,0.0,1.557,,0.0,
161727.SZ,20260819,0.0,,0.0,1.771,,0.0,
161726.SZ,20260819,3300.0,0.427,1409.1,0.428,,0.0332482,
161725.SZ,20260819,841700.0,0.557,468826.9,0.559,,0.917193,
161724.SZ,20260819,0.0,,0.0,2.349,,0.0,
161722.SZ,20260819,0.0,,0.0,1.569,,0.0,
161720.SZ,20260819,0.0,,0.0,1.141,,0.0,
161716.SZ,20260819,256460.0,1.658,425210.68,1.659,,2.50865,
165508.SZ,20260819,100.0,2.183,218.3,2.204,,0.155509,
165509.SZ,20260819,200.0,1.276,255.2,1.3,,0.699188,
165511.SZ,20260819,0.0,,0.0,2.306,,0.0,
200429.SZ,20260819,1000.0,9.37,9370.0,9.36,,,
200056.SZ,20260819,0.0,,0.0,0.5,,,
200055.SZ,20260819,0.0,,0.0,1.36,,,
200045.SZ,20260819,0.0,,0.0,3.87,,,
200037.SZ,20260819,0.0,,0.0,2.31,,,
200030.SZ,20260819,0.0,,0.0,2.78,,,
200029.SZ,20260819,0.0,,0.0,4.03,,,
200028.SZ,20260819,0.0,,0.0,11.92,,,
200026.SZ,20260819,0.0,,0.0,8.63,,,
200025.SZ,20260819,0.0,,0.0,3.91,,,
200020.SZ,20260819,0.0,,0.0,2.5,,,
200019.SZ,20260819,300.0,3.24,972.0,3.25,,,
200017.SZ,20260819,0.0,,0.0,1.42,,,
200016.SZ,20260819,0.0,,0.0,0.71,,,
200012.SZ,20260819,0.0,,0.0,1.39,,,
200011.SZ,20260819,0.0,,0.0,2.54,,,
180901.SZ,20260819,0.0,,0.0,5.305,,0.0,
180801.SZ,20260819,200.0,11.385,2277.0,11.385,,0.0626819,
180701.SZ,20260819,300.0,3.743,1122.9,3.776,,0.0235786,
180607.SZ,20260819,0.0,,0.0,5.273,,0.0,
180606.SZ,20260819,0.0,,0.0,3.645,,0.0,
180605.SZ,20260819,0.0,,0.0,4.066,,0.0,
180603.SZ,20260819,0.0,,0.0,4.272,,0.0,
180602.SZ,20260819,0.0,,0.0,3.606,,0.0,
180601.SZ,20260819,0.0,,0.0,9.289,,0.0,
180503.SZ,20260819,1400.0,2.909,4072.6,2.909,,0.231844,
180502.SZ,20260819,0.0,,0.0,3.49,,0.0,
180501.SZ,20260819,0.0,,0.0,3.213,,0.0,
200058.SZ,20260819,0.0,,0.0,1.53,,,
200468.SZ,20260819,0.0,,0.0,3.26,,,
165512.SZ,20260819,0.0,,0.0,1.259,,0.0,
200488.SZ,20260819,0.0,,0.0,0.57,,,
300008.SZ,20260819,202200.0,6.26,1265772.0,6.27,0.0122747,0.337172,164729.0
300007.SZ,20260819,120400.0,35.3,4250120.0,35.51,0.0425522,1.25999,28294.6
300006.SZ,20260819,41800.0,5.19,216942.0,5.16,0.003959,0.148733,105582.0
300005.SZ,20260819,476000.0,11.62,5531120.0,11.87,0.0543038,0.72118,87654.9
300004.SZ,20260819,1452200.0,9.08,13185976.0,9.15,0.302546,3.52136,47999.4
300003.SZ,20260819,68900.0,12.56,865384.0,12.58,0.00436376,0.195151,157891.0
300002.SZ,20260819,98600.0,8.15,803590.0,8.17,0.00532671,0.24684,185105.0
300001.SZ,20260819,161274.0,36.95,5959074.3,37.53,0.0156398,0.724987,103117.0
201872.SZ,20260819,0.0,,0.0,17.17,,,
200992.SZ,20260819,0.0,,0.0,1.76,,,
200869.SZ,20260819,0.0,,0.0,8.0,,,
200761.SZ,20260819,0.0,,0.0,0.9,,,
200726.SZ,20260819,0.0,,0.0,4.37,,,
200725.SZ,20260819,78400.0,5.23,410032.0,5.31,,,
200706.SZ,20260819,0.0,,0.0,2.8,,,
200625.SZ,20260819,0.0,,0.0,3.4,,,
200596.SZ,20260819,800.0,59.17,47336.0,59.18,,,
200581.SZ,20260819,0.0,,0.0,11.67,,,
200570.SZ,20260819,0.0,,0.0,2.01,,,
200553.SZ,20260819,0.0,,0.0,2.81,,,
200550.SZ,20260819,0.0,,0.0,9.36,,,
200541.SZ,20260819,0.0,,0.0,1.9,,,
200539.SZ,20260819,8300.0,1.88,15604.0,1.89,,,
200530.SZ,20260819,0.0,,0.0,1.57,,,
200521.SZ,20260819,5000.0,2.26,11300.0,2.27,,,
200512.SZ,20260819,0.0,,0.0,2.17,,,
200505.SZ,20260819,0.0,,0.0,1.98,,,
180402.SZ,20260819,0.0,,0.0,4.833,,0.0,
180401.SZ,20260819,0.0,,0.0,5.656,,0.0,
180306.SZ,20260819,0.0,,0.0,4.594,,0.0,
180305.SZ,20260819,0.0,,0.0,3.35,,0.0,
167301.SZ,20260819,186600.0,1.008,188092.8,1.017,,1.7551,
167003.SZ,20260819,0.0,,0.0,1.172,,0.0,
167002.SZ,20260819,200.0,5.543,1108.6,5.605,,0.114802,
167001.SZ,20260819,0.0,,0.0,1.901,,0.0,
166401.SZ,20260819,0.0,,0.0,1.142,,0.0,
166107.SZ,20260819,0.0,,0.0,1.467,,0.0,
166105.SZ,20260819,0.0,,0.0,1.008,,0.0,
166027.SZ,20260819,9800.0,0.836,8192.8,0.87,,5.71153,
166025.SZ,20260819,0.0,,0.0,0.686,,0.0,
166024.SZ,20260819,0.0,,0.0,1.045,,0.0,
166023.SZ,20260819,0.0,,0.0,1.37,,0.0,
166016.SZ,20260819,0.0,,0.0,1.128,,0.0,
166011.SZ,20260819,0.0,,0.0,1.87,,0.0,
166009.SZ,20260819,100.0,3.642,364.2,3.607,,1.39474,
166008.SZ,20260819,0.0,,0.0,1.146,,0.0,
166006.SZ,20260819,0.0,,0.0,2.459,,0.0,
166001.SZ,20260819,0.0,,0.0,1.669,,0.0,
165528.SZ,20260819,2900.0,2.72,7888.0,2.784,,4.00015,
165525.SZ,20260819,0.0,,0.0,0.718,,0.0,
165522.SZ,20260819,0.0,,0.0,1.497,,0.0,
165521.SZ,20260819,0.0,,0.0,1.243,,0.0,
165520.SZ,20260819,0.0,,0.0,2.869,,0.0,
165519.SZ,20260819,0.0,,0.0,1.117,,0.0,
165517.SZ,20260819,0.0,,0.0,1.037,,0.0,
165516.SZ,20260819,0.0,,0.0,8.526,,0.0,
165515.SZ,20260819,0.0,,0.0,1.339,,0.0,
165513.SZ,20260819,1900.0,1.022,1941.8,1.025,,0.252942,
167302.SZ,20260819,0.0,,0.0,1.004,,0.0,
167501.SZ,20260819,0.0,,0.0,1.06,,,
167506.SZ,20260819,0.0,,0.0,1.766,,0.0,
169106.SZ,20260819,0.0,,0.0,1.125,,0.0,
180303.SZ,20260819,1400.0,3.129,4380.6,3.129,,0.143143,
180302.SZ,20260819,0.0,,0.0,2.656,,0.0,
180301.SZ,20260819,0.0,,0.0,2.067,,0.0,
180203.SZ,20260819,0.0,,0.0,7.025,,0.0,
180202.SZ,20260819,200.0,4.655,931.0,4.655,,0.0312105,
180201.SZ,20260819,108.0,7.461,805.788,7.461,,0.0100178,
180106.SZ,20260819,0.0,,0.0,2.392,,0.0,
180105.SZ,20260819,0.0,,0.0,1.279,,0.0,
180103.SZ,20260819,2700.0,1.76,4752.0,1.793,,0.198124,
180102.SZ,20260819,209800.0,0.981,205813.8,0.986,,5.51587,
180101.SZ,20260819,1100.0,1.405,1545.5,1.405,,0.0394299,
169201.SZ,20260819,2600.0,1.98,5148.0,2.016,,2.53325,
169105.SZ,20260819,0.0,,0.0,2.19,,0.0,
167508.SZ,20260819,0.0,,0.0,1.649,,0.0,
169104.SZ,20260819,0.0,,0.0,2.922,,0.0,
169101.SZ,20260819,100.0,2.171,217.1,2.193,,0.027237,
168701.SZ,20260819,0.0,,0.0,1.01,,0.0,
168401.SZ,20260819,3100.0,6.343,19663.3,6.407,,0.32192,
168301.SZ,20260819,0.0,,0.0,0.839,,0.0,
168204.SZ,20260819,2900.0,2.115,6133.5,2.12,,0.654216,
168203.SZ,20260819,0.0,,0.0,1.168,,0.0,
168105.SZ,20260819,0.0,,0.0,2.493,,0.0,
168104.SZ,20260819,0.0,,0.0,0.828,,0.0,
168103.SZ,20260819,0.0,,0.0,1.394,,0.0,
168102.SZ,20260819,0.0,,0.0,1.12,,0.0,
168101.SZ,20260819,0.0,,0.0,1.469,,0.0,
300277.SZ,20260819,37300.0,12.28,458044.0,12.41,0.00487296,0.353487,76544.8
300279.SZ,20260819,25600.0,5.75,147200.0,5.75,0.00525728,0.284372,48694.4
300806.SZ,20260819,355380.0,52.53,18668111.4,54.02,0.0778201,1.14981,45666.9
300642.SZ,20260819,4800.0,13.58,65184.0,13.74,0.0034857,0.141965,13770.6
300640.SZ,20260819,33900.0,6.68,226452.0,6.72,0.0153568,0.313627,22074.9
300639.SZ,20260819,156000.0,6.02,939120.0,6.01,0.024754,0.571415,63020.2
300638.SZ,20260819,49800.0,19.6,976080.0,19.84,0.00938828,0.218176,53044.9
300637.SZ,20260819,12600.0,9.08,114408.0,9.18,0.00537234,0.263954,23453.5
300636.SZ,20260819,10900.0,7.14,77826.0,7.14,0.00296714,0.167359,36735.8
300635.SZ,20260819,27200.0,11.59,315248.0,11.81,0.0225887,0.914326,12041.4
300634.SZ,20260819,118000.0,20.6,2430800.0,21.01,0.0271718,0.44713,43427.4
300633.SZ,20260819,3200.0,20.25,64800.0,20.29,0.00123022,0.0776466,26011.6
300632.SZ,20260819,189000.0,19.51,3687390.0,19.98,0.0854448,1.29316,22119.6
300631.SZ,20260819,8000.0,21.54,172320.0,21.96,0.00657867,0.443379,12160.5
300629.SZ,20260819,42800.0,17.72,758416.0,17.68,0.0197427,0.658584,21678.9
300628.SZ,20260819,103100.0,39.82,4105442.0,40.04,0.0142036,0.974508,72587.1
300627.SZ,20260819,53500.0,28.98,1550430.0,28.76,0.00814144,0.512932,65713.2
300626.SZ,20260819,25800.0,33.0,851400.0,33.68,0.0143412,0.347248,17990.2
300625.SZ,20260819,11900.0,9.64,114716.0,9.72,0.00734696,0.885904,16197.2
300624.SZ,20260819,24900.0,54.16,1348584.0,54.78,0.0145416,0.27589,17123.3
300623.SZ,20260819,209400.0,28.88,6047472.0,29.58,0.0272885,0.860383,76735.7
300622.SZ,20260819,16800.0,14.86,249648.0,14.95,0.00770354,0.235109,21808.2
300621.SZ,20260819,11400.0,7.15,81510.0,7.18,0.00562882,0.294258,20252.9
300620.SZ,20260819,84800.0,309.01,26204048.0,323.88,0.0342853,0.624139,24733.6
300619.SZ,20260819,10200.0,26.42,269484.0,26.79,0.00535623,0.182136,19043.2
300618.SZ,20260819,69900.0,34.99,2445801.0,35.59,0.0256517,0.67695,27249.7
300617.SZ,20260819,38600.0,42.92,1656712.0,43.8,0.027785,0.554951,13892.4
300616.SZ,20260819,8400.0,10.82,90888.0,10.93,0.0054118,0.140519,15521.6
300615.SZ,20260819,888400.0,16.61,14756324.0,17.91,0.580323,2.47982,15308.7
300614.SZ,20260819,10000.0,10.72,107200.0,10.76,0.00623283,0.438801,16044.1
300613.SZ,20260819,115300.0,74.5,8589850.0,76.18,0.052483,0.75455,21969.0
300641.SZ,20260819,121300.0,14.33,1738229.0,14.77,0.0230808,2.13958,52554.5
300643.SZ,20260819,9400.0,19.1,179540.0,19.45,0.00406831,0.190142,23105.4
300611.SZ,20260819,1800.0,23.53,42354.0,23.73,0.00121373,0.0743979,14830.3
300644.SZ,20260819,8400.0,21.4,179760.0,21.61,0.0095224,0.608157,8821.31
300672.SZ,20260819,148600.0,178.0,26450800.0,185.25,0.0706483,1.10946,21033.8
300671.SZ,20260819,131300.0,61.76,8109088.0,64.38,0.0594696,1.01357,22078.5
300670.SZ,20260819,51500.0,6.47,333205.0,6.52,0.02292,0.664982,22469.4
300669.SZ,20260819,7700.0,24.29,187033.0,24.73,0.00421918,0.384058,18250.0
300668.SZ,20260819,224000.0,37.5,8400000.0,35.79,0.224688,2.40338,9969.39
300667.SZ,20260819,9600.0,14.5,139200.0,14.71,0.00556101,0.175636,17263.0
300666.SZ,20260819,191100.0,264.68,50580348.0,278.28,0.0864253,1.22478,22111.6
300665.SZ,20260819,20800.0,9.7,201760.0,9.7,0.00954081,0.306806,21801.1
300664.SZ,20260819,10000.0,4.62,46200.0,4.65,0.00137897,0.14677,72518.0
300663.SZ,20260819,733100.0,8.6,6304660.0,8.92,0.159235,1.58753,46038.8
300662.SZ,20260819,4400.0,19.98,87912.0,20.12,0.00224221,0.0838813,19623.5
300661.SZ,20260819,91000.0,114.17,10389470.0,116.92,0.0151208,0.543387,60181.9
300660.SZ,20260819,64300.0,27.54,1770822.0,27.9,0.0110685,0.807899,58092.8
300659.SZ,20260819,10900.0,10.21,111289.0,10.29,0.00575992,0.260652,18923.9
300658.SZ,20260819,25800.0,11.0,283800.0,11.03,0.0116825,0.397606,22084.4
300657.SZ,20260819,310700.0,35.88,11147916.0,37.05,0.0663175,1.13521,46850.4
300656.SZ,20260819,20500.0,28.99,594295.0,29.59,0.0151907,0.302961,13495.1
300655.SZ,20260819,327200.0,13.38,4377936.0,13.72,0.0291754,0.744244,112149.0
300654.SZ,20260819,40200.0,10.05,404010.0,10.13,0.0113998,0.283074,35263.6
300653.SZ,20260819,6700.0,14.95,100165.0,15.05,0.00372222,0.312212,18000.0
300652.SZ,20260819,3300.0,30.02,99066.0,30.35,0.00275648,0.185506,11971.8
300651.SZ,20260819,16400.0,17.39,285196.0,17.58,0.0158642,0.421423,10337.7
300650.SZ,20260819,35800.0,11.94,427452.0,12.15,0.0210161,0.600381,17034.5
300649.SZ,20260819,35200.0,26.92,947584.0,27.73,0.0331719,0.776836,10611.4
300648.SZ,20260819,1500.0,40.94,61410.0,40.94,0.00113048,0.0812166,13268.7
300647.SZ,20260819,70100.0,5.71,400271.0,5.73,0.0153512,0.442581,45664.2
300645.SZ,20260819,15300.0,13.03,199359.0,13.08,0.0109819,0.486746,13932.0
300612.SZ,20260819,17900.0,12.01,214979.0,12.09,0.00983457,0.249317,18201.1
300610.SZ,20260819,24500.0,10.41,255045.0,10.45,0.0147967,0.85342,16557.8
300548.SZ,20260819,90232.0,206.04,18591401.28,215.65,0.0306694,0.512697,29420.9
300579.SZ,20260819,8200.0,21.3,174660.0,21.6,0.00314812,0.287223,26047.3
300577.SZ,20260819,12400.0,18.19,225556.0,18.54,0.00872227,0.308661,14216.5
300576.SZ,20260819,282500.0,32.5,9181250.0,33.8,0.111185,1.15036,25408.1
300575.SZ,20260819,93700.0,5.96,558452.0,6.0,0.0270558,0.437571,34632.2
300573.SZ,20260819,26000.0,41.0,1066000.0,41.25,0.00955891,0.320809,27199.8
300572.SZ,20260819,6000.0,20.07,120420.0,20.37,0.00330984,0.151988,18127.8
300571.SZ,20260819,91400.0,33.0,3016200.0,33.9,0.0790403,0.81785,11563.7
300570.SZ,20260819,428400.0,190.71,81700164.0,199.27,0.222901,1.84343,19219.3
300569.SZ,20260819,21600.0,4.8,103680.0,4.79,0.00211838,0.221686,101965.0
300568.SZ,20260819,469100.0,14.51,6806641.0,14.71,0.0388147,0.600488,120856.0
300567.SZ,20260819,34100.0,231.52,7894832.0,238.62,0.0150187,0.476111,22705.0
300566.SZ,20260819,379500.0,28.4,10777800.0,30.13,0.167416,1.16514,22668.0
300565.SZ,20260819,21200.0,9.69,205428.0,9.78,0.00928989,0.305064,22820.5
300564.SZ,20260819,13300.0,12.35,164255.0,12.48,0.01175,0.566338,11319.2
300563.SZ,20260819,5500.0,23.65,130075.0,23.9,0.00433994,0.217223,12673.0
300562.SZ,20260819,18400.0,15.73,289432.0,15.95,0.0110227,0.110942,16692.8
300561.SZ,20260819,57800.0,15.77,911506.0,16.1,0.0239777,0.241438,24105.8
300560.SZ,20260819,12300.0,17.9,220170.0,18.12,0.00657878,0.092391,18696.5
300559.SZ,20260819,9100.0,10.7,97370.0,10.81,0.00292476,0.115564,31113.7
300558.SZ,20260819,678000.0,54.0,36612000.0,55.72,0.160667,3.79977,42199.1
300557.SZ,20260819,8800.0,26.66,234608.0,27.2,0.00562852,0.272764,15634.7
300556.SZ,20260819,13500.0,16.28,219780.0,16.39,0.0124416,0.351372,10850.7
300555.SZ,20260819,0.0,,0.0,13.42,0.0,0.0,19798.5
300554.SZ,20260819,15700.0,21.19,332683.0,21.63,0.0198496,0.563507,7909.49
300553.SZ,20260819,8100.0,45.67,369927.0,46.24,0.00951942,0.167701,8508.92
300552.SZ,20260819,65900.0,21.62,1424758.0,21.84,0.048783,0.785058,13508.8
300551.SZ,20260819,48700.0,10.21,497227.0,10.23,0.0143627,0.614093,33907.3
300550.SZ,20260819,0.0,,0.0,11.99,0.0,0.0,26231.6
300578.SZ,20260819,92100.0,16.09,1481889.0,16.72,0.0464644,2.06935,19821.6
300580.SZ,20260819,56700.0,21.62,1225854.0,22.13,0.0119977,0.409748,47259.2
300609.SZ,20260819,2900.0,26.5,76850.0,26.9,0.00241809,0.0859315,11992.9
300581.SZ,20260819,41500.0,10.32,428280.0,10.28,0.00754395,0.29701,55011.0
300608.SZ,20260819,124600.0,10.2,1270920.0,10.44,0.0409375,1.37372,30436.6
300607.SZ,20260819,250500.0,36.22,9073110.0,37.9,0.0742224,0.607292,33749.9
300606.SZ,20260819,43300.0,38.01,1645833.0,39.9,0.0367964,0.368395,11767.4
300605.SZ,20260819,56500.0,10.53,594945.0,10.6,0.0447054,0.562565,12638.3
300604.SZ,20260819,171882.0,289.51,49761557.82,301.03,0.0351158,0.93634,48947.1
300603.SZ,20260819,147800.0,8.35,1234130.0,8.55,0.039526,0.322516,37393.1
300602.SZ,20260819,301200.0,42.4,12770880.0,44.44,0.0750787,1.24031,40117.9
300601.SZ,20260819,36800.0,12.3,452640.0,12.38,0.00408709,0.220372,90039.7
300600.SZ,20260819,22100.0,10.3,227630.0,10.48,0.00751102,0.428436,29423.4
300599.SZ,20260819,20200.0,11.86,239572.0,12.02,0.00639204,0.224168,31601.8
300598.SZ,20260819,1618500.0,35.22,57003570.0,34.6,0.746124,19.2868,21692.1
300597.SZ,20260819,12400.0,7.77,96348.0,7.82,0.00456937,0.35155,27137.2
300596.SZ,20260819,26000.0,44.02,1144520.0,44.53,0.0113231,0.495739,22962.0
300595.SZ,20260819,43000.0,11.27,484610.0,11.26,0.00643236,0.392602,66849.5
300594.SZ,20260819,7700.0,14.69,113113.0,14.74,0.0084622,0.580687,9099.29
300593.SZ,20260819,183900.0,30.7,5645730.0,31.52,0.0408427,0.652041,45026.4
300592.SZ,20260819,46900.0,16.2,759780.0,16.53,0.0136382,0.249306,34388.6
300591.SZ,20260819,493000.0,8.33,4106690.0,8.41,0.140678,1.40571,35044.5
300590.SZ,20260819,59900.0,11.21,671479.0,11.36,0.0167405,0.329277,35781.5
300589.SZ,20260819,35300.0,13.61,480433.0,13.61,0.0150579,0.162542,23442.9
300588.SZ,20260819,11200.0,21.35,239120.0,21.76,0.00633405,0.390977,17682.2
300587.SZ,20260819,143000.0,5.27,753610.0,5.29,0.0135852,0.315792,105261.0
300586.SZ,20260819,80000.0,9.27,741600.0,9.53,0.0149646,0.439885,53459.6
300585.SZ,20260819,30700.0,16.0,491200.0,16.08,0.0179416,0.477251,17111.1
300584.SZ,20260819,3900.0,34.38,134082.0,34.59,0.00474973,0.0839119,8210.99
300583.SZ,20260819,13600.0,12.76,173536.0,12.88,0.00730598,0.488938,18614.9
300582.SZ,20260819,31400.0,11.41,358274.0,11.53,0.0141719,0.649433,22156.5
300673.SZ,20260819,600.0,13.37,8022.0,13.41,0.000373922,0.0253213,16046.1
300674.SZ,20260819,59700.0,15.37,917589.0,15.51,0.00849203,0.463473,70301.2
300675.SZ,20260819,17000.0,12.64,214880.0,12.75,0.0115909,0.974497,14666.7
300774.SZ,20260819,56000.0,10.94,612640.0,11.03,0.0274406,0.783336,20407.7
300772.SZ,20260819,18700.0,11.93,223091.0,11.99,0.00267956,0.155709,69787.6
300771.SZ,20260819,45500.0,11.53,524615.0,11.73,0.0240642,1.29644,18907.7
300770.SZ,20260819,2000.0,33.63,67260.0,33.68,0.000877814,0.131361,22783.9
300769.SZ,20260819,87800.0,47.11,4136258.0,48.11,0.0348748,0.695993,25175.7
300768.SZ,20260819,38000.0,15.3,581400.0,15.5,0.00903327,0.289549,42066.7
300767.SZ,20260819,57200.0,20.25,1158300.0,20.66,0.0238441,0.541038,23989.2
300766.SZ,20260819,180600.0,22.68,4096008.0,23.26,0.0504558,0.57094,35793.7
300765.SZ,20260819,180000.0,44.08,7934400.0,44.4,0.0128151,0.64622,140459.0
300763.SZ,20260819,48100.0,64.16,3086096.0,65.03,0.0149567,0.317794,32159.5
300762.SZ,20260819,1419100.0,34.0,48249400.0,33.59,0.225984,6.62344,62796.6
300761.SZ,20260819,96700.0,18.86,1823762.0,18.98,0.0151786,1.13683,63708.0
300760.SZ,20260819,44000.0,151.2,6652800.0,150.55,0.00363437,0.628203,121066.0
300759.SZ,20260819,291200.0,51.0,14851200.0,51.15,0.0205066,0.367947,142003.0
300758.SZ,20260819,11600.0,10.78,125048.0,10.86,0.00322453,0.176411,35974.2
300757.SZ,20260819,154675.0,520.0,80431000.0,546.51,0.0951455,2.33298,16256.7
300756.SZ,20260819,101400.0,30.76,3119064.0,30.46,0.0528136,2.43821,19199.6
300755.SZ,20260819,10700.0,11.49,122943.0,11.55,0.00256853,0.224098,41658.1
300753.SZ,20260819,15300.0,23.41,358173.0,23.71,0.0174073,0.10106,8789.4
300752.SZ,20260819,286100.0,11.62,3324482.0,11.83,0.128197,2.77388,22317.2
300751.SZ,20260819,108100.0,206.8,22355080.0,212.5,0.0560542,1.37544,19284.9
300750.SZ,20260819,393653.0,394.0,155099282.0,396.26,0.00924051,2.00989,426008.0
300749.SZ,20260819,17500.0,24.73,432775.0,24.97,0.0111185,0.200814,15739.6
300748.SZ,20260819,154764.0,27.69,4285415.16,28.08,0.0136955,0.804208,113003.0
300747.SZ,20260819,144300.0,36.58,5278494.0,37.7,0.0276448,0.763934,52197.8
300746.SZ,20260819,37300.0,14.05,524065.0,14.17,0.0166856,0.688904,22354.5
300745.SZ,20260819,10700.0,30.4,325280.0,30.82,0.00751872,0.175416,14231.2
300743.SZ,20260819,11600.0,14.98,173768.0,15.06,0.0091044,0.706705,12741.1
300773.SZ,20260819,141100.0,14.96,2110856.0,15.09,0.0137175,0.490321,102861.0
300775.SZ,20260819,145200.0,22.28,3235056.0,22.04,0.0273115,1.51393,53164.3
300676.SZ,20260819,35800.0,38.86,1391188.0,39.11,0.00860503,0.340088,41603.6
300776.SZ,20260819,107400.0,123.0,13210200.0,130.1,0.0598955,1.21198,17931.2
300805.SZ,20260819,27500.0,8.08,222200.0,8.19,0.00953698,0.26022,28835.1
300804.SZ,20260819,12000.0,43.85,526200.0,44.0,0.0436364,0.998773,2750.0
300803.SZ,20260819,43400.0,82.07,3561838.0,83.03,0.00716953,0.299987,60533.9
300802.SZ,20260819,34500.0,22.65,781425.0,23.16,0.0170488,0.41215,20236.0
300801.SZ,20260819,23500.0,23.41,550135.0,23.88,0.0170851,0.349883,13754.6
300800.SZ,20260819,13100.0,9.95,130345.0,10.04,0.00559097,0.541513,23430.7
300798.SZ,20260819,45700.0,7.31,334067.0,7.39,0.0112644,0.202117,40570.4
300797.SZ,20260819,332200.0,15.78,5242116.0,15.7,0.087033,3.22471,38169.4
300796.SZ,20260819,8600.0,6.7,57620.0,6.75,0.00238133,0.253578,36114.3
300795.SZ,20260819,487700.0,15.68,7647136.0,16.74,0.280311,0.99801,17398.5
300793.SZ,20260819,4100.0,11.15,45715.0,11.15,0.00110189,0.0872725,37208.8
300792.SZ,20260819,9800.0,24.2,237160.0,24.41,0.00459548,0.157113,21325.3
300791.SZ,20260819,12800.0,16.91,216448.0,17.06,0.00497249,0.303459,25741.6
300790.SZ,20260819,146480.0,19.87,2910557.6,20.61,0.031887,0.326065,45937.2
300789.SZ,20260819,6400.0,17.82,114048.0,17.88,0.00749987,0.186728,8533.49
300788.SZ,20260819,111700.0,26.82,2995794.0,27.04,0.0587426,1.61067,19015.2
300787.SZ,20260819,32400.0,10.44,338256.0,10.51,0.0164858,0.285306,19653.3
300786.SZ,20260819,50800.0,16.2,822960.0,16.48,0.0347008,0.702349,14639.4
300785.SZ,20260819,22500.0,37.85,851625.0,38.4,0.0183922,0.221084,12233.4
300784.SZ,20260819,2400.0,41.13,98712.0,41.13,0.0142729,0.420776,1681.5
300783.SZ,20260819,39200.0,17.48,685216.0,17.66,0.0139859,0.435863,28028.2
300782.SZ,20260819,110400.0,79.0,8721600.0,81.68,0.0246293,0.835924,44824.8
300781.SZ,20260819,4900.0,28.0,137200.0,28.3,0.00404499,0.0698871,12113.7
300780.SZ,20260819,66600.0,22.4,1491840.0,21.75,0.0619344,0.979183,10753.3
300779.SZ,20260819,59600.0,71.5,4261400.0,72.5,0.0262356,0.397626,22717.2
300778.SZ,20260819,6900.0,10.28,70932.0,10.38,0.00338891,0.206139,20360.5
300777.SZ,20260819,95900.0,25.38,2433942.0,25.18,0.0222554,1.35941,43090.7
300741.SZ,20260819,4900.0,13.59,66591.0,13.67,0.000795614,0.257485,61587.7
300740.SZ,20260819,180080.0,20.82,3749265.6,21.1,0.0440318,0.573939,40897.7
300739.SZ,20260819,52800.0,23.45,1238160.0,24.12,0.0174271,0.547431,30297.6
300738.SZ,20260819,489600.0,22.49,11011104.0,23.03,0.0497109,0.6507,98489.4
300703.SZ,20260819,8100.0,13.42,108702.0,13.56,0.00487152,0.214733,16627.2
300702.SZ,20260819,3000.0,22.53,67590.0,22.5,0.00142579,0.101775,21041.0
300701.SZ,20260819,17100.0,9.91,169461.0,9.96,0.00678158,0.615263,25215.4
300700.SZ,20260819,28000.0,19.79,554120.0,20.19,0.00787824,0.282683,35540.9
300699.SZ,20260819,299600.0,26.39,7906444.0,26.01,0.0364738,3.20817,82141.1
300698.SZ,20260819,19800.0,25.51,505098.0,25.91,0.0167024,0.573712,11854.6
300697.SZ,20260819,59700.0,14.48,864456.0,14.77,0.0180232,0.612446,33124.0
300696.SZ,20260819,34900.0,21.37,745813.0,21.73,0.0130666,0.397739,26709.4
300695.SZ,20260819,1500.0,51.49,77235.0,51.95,0.00146689,0.163395,10225.7
300694.SZ,20260819,17400.0,10.84,188616.0,10.88,0.00802643,0.592901,21678.4
300693.SZ,20260819,67300.0,44.04,2963892.0,44.66,0.0249607,0.299024,26962.4
300692.SZ,20260819,43300.0,9.49,410917.0,9.59,0.00843887,0.108418,51310.2
300691.SZ,20260819,4700.0,14.1,66270.0,14.27,0.00212922,0.120245,22073.8
300690.SZ,20260819,8300.0,21.1,175130.0,21.24,0.00743859,0.348469,11158.0
300689.SZ,20260819,17700.0,55.96,990492.0,57.98,0.0173966,0.704206,10174.4
300688.SZ,20260819,33500.0,31.14,1043190.0,31.5,0.0225774,0.325137,14837.8
300687.SZ,20260819,67200.0,29.26,1966272.0,29.91,0.0200081,0.351178,33586.4
300686.SZ,20260819,47800.0,14.59,697402.0,14.96,0.0281302,0.320415,16992.4
300685.SZ,20260819,22200.0,18.77,416694.0,18.82,0.00569857,0.178625,38957.2
300684.SZ,20260819,1270300.0,90.19,114568357.0,97.0,0.620945,6.80818,20457.5
300683.SZ,20260819,26100.0,30.12,786132.0,30.44,0.0213822,0.274141,12206.4
300682.SZ,20260819,150600.0,9.75,1468350.0,9.84,0.0145657,0.597472,103393.0
300681.SZ,20260819,39000.0,22.23,866970.0,22.46,0.0168981,0.504336,23079.5
300680.SZ,20260819,250700.0,22.98,5761086.0,22.45,0.11075,4.18513,22636.6
300679.SZ,20260819,739900.0,53.8,39806620.0,55.35,0.205847,2.67193,35944.1
300678.SZ,20260819,16800.0,22.35,375480.0,22.53,0.00576929,0.339824,29119.7
300677.SZ,20260819,28100.0,49.56,1392636.0,49.32,0.00603505,0.399394,46561.3
300705.SZ,20260819,105800.0,11.74,1242092.0,11.87,0.0285987,0.510549,36994.6
300706.SZ,20260819,110900.0,55.0,6099500.0,57.02,0.0974255,1.06559,11383.1
300707.SZ,20260819,11900.0,12.15,144585.0,12.28,0.00828803,0.36676,14358.1
300723.SZ,20260819,66500.0,38.06,2530990.0,38.26,0.015864,0.42281,41918.9
300737.SZ,20260819,146800.0,4.93,723724.0,4.99,0.0165469,0.713028,88717.7
300736.SZ,20260819,36900.0,30.56,1127664.0,30.81,0.0295892,0.596814,12470.7
300735.SZ,20260819,90900.0,20.2,1836180.0,20.5,0.0120013,0.705548,75741.7
300733.SZ,20260819,10600.0,14.6,154760.0,14.49,0.00362492,0.183859,29242.0
300732.SZ,20260819,19000.0,6.18,117420.0,6.23,0.00513306,0.414384,37015.0
300731.SZ,20260819,28400.0,39.82,1130888.0,40.43,0.0168796,0.356016,16825.1
300730.SZ,20260819,68400.0,11.58,792072.0,11.83,0.0330826,1.34932,20675.5
300729.SZ,20260819,1500.0,10.19,15285.0,10.25,0.000457199,0.0834296,32808.4
300727.SZ,20260819,11400.0,28.06,319884.0,28.41,0.00703231,0.417098,16210.9
300726.SZ,20260819,114900.0,54.28,6236772.0,56.33,0.0535818,0.831869,21443.8
300725.SZ,20260819,130800.0,52.0,6801600.0,52.33,0.0645224,0.383392,20272.0
300724.SZ,20260819,311800.0,64.4,20079920.0,65.2,0.108371,2.76111,28771.4
300722.SZ,20260819,22500.0,21.92,493200.0,21.72,0.00812989,0.960602,27675.6
300708.SZ,20260819,68300.0,8.0,546400.0,8.07,0.00946729,0.266713,72143.1
300721.SZ,20260819,36700.0,23.5,862450.0,24.11,0.0265266,0.380309,13835.2
300720.SZ,20260819,371000.0,84.0,31164000.0,87.77,0.201471,2.27279,18414.5
300719.SZ,20260819,40100.0,11.83,474383.0,11.74,0.022328,1.36619,17959.5
300718.SZ,20260819,147300.0,69.3,10207890.0,72.15,0.0749019,1.27138,19665.7
300717.SZ,20260819,7400.0,18.46,136604.0,18.63,0.00726534,0.364179,10185.3
300716.SZ,20260819,9300.0,16.5,153450.0,16.79,0.00581177,0.643337,16002.0
300715.SZ,20260819,33600.0,14.44,485184.0,14.57,0.0107362,0.351364,31295.9
300713.SZ,20260819,8200.0,13.15,107830.0,13.28,0.00917151,0.423909,8940.73
300712.SZ,20260819,2000.0,21.05,42100.0,21.24,0.00107101,0.142918,18674.0
300711.SZ,20260819,29613.0,17.46,517042.98,17.57,0.0119203,0.2585,24842.6
300710.SZ,20260819,4000.0,28.19,112760.0,28.49,0.00536337,0.196546,7458.0
300709.SZ,20260819,81900.0,39.65,3247335.0,40.87,0.0546568,0.761248,14984.4
300549.SZ,20260819,25200.0,14.22,358344.0,14.43,0.0249371,1.79244,10105.4
300547.SZ,20260819,35800.0,25.71,920418.0,26.3,0.0200871,0.450457,17822.4
300281.SZ,20260819,23700.0,6.27,148599.0,6.35,0.00596488,0.301083,39732.6
300386.SZ,20260819,548200.0,12.0,6578400.0,12.35,0.218617,3.9518,25075.8
300384.SZ,20260819,49500.0,12.43,615285.0,12.63,0.0224884,1.34255,22011.3
300383.SZ,20260819,420400.0,12.55,5276020.0,12.82,0.0234296,0.511778,179431.0
300382.SZ,20260819,287200.0,16.6,4767520.0,16.57,0.0442979,0.995152,64833.8
300381.SZ,20260819,165500.0,6.46,1069130.0,6.59,0.0345906,1.82166,47845.3
300380.SZ,20260819,1600.0,28.59,45744.0,28.93,0.00125623,0.0647801,12736.6
300378.SZ,20260819,21200.0,35.01,742212.0,35.31,0.00786604,0.169494,26951.3
300377.SZ,20260819,128900.0,13.88,1789132.0,14.06,0.0186562,0.459942,69092.2
300376.SZ,20260819,92300.0,4.61,425503.0,4.64,0.00396574,0.457709,232743.0
300375.SZ,20260819,51400.0,3.97,204058.0,4.01,0.00964982,0.517913,53265.3
300374.SZ,20260819,15600.0,10.7,166920.0,10.86,0.00634447,0.673377,24588.3
300373.SZ,20260819,207200.0,98.86,20483792.0,102.2,0.038219,1.59169,54213.8
300371.SZ,20260819,7700.0,10.5,80850.0,10.51,0.00550017,0.407224,13999.6
300370.SZ,20260819,44800.0,2.22,99456.0,2.24,0.00286909,0.204827,156147.0
300369.SZ,20260819,367900.0,7.39,2718781.0,7.61,0.0455489,0.47014,80770.3
300368.SZ,20260819,167100.0,8.0,1336800.0,8.1,0.0315913,0.478593,52894.3
300366.SZ,20260819,3100.0,5.13,15903.0,5.14,0.000584352,0.0560319,53050.2
300365.SZ,20260819,179400.0,4.72,846768.0,4.82,0.0350579,2.09727,51172.5
300364.SZ,20260819,180200.0,23.99,4322998.0,24.22,0.0272854,0.321862,66042.5
300363.SZ,20260819,203100.0,21.4,4346340.0,21.56,0.0409844,0.525552,49555.4
300360.SZ,20260819,23700.0,12.02,284874.0,11.94,0.00473738,0.519141,50027.7
300359.SZ,20260819,190200.0,4.1,779820.0,4.18,0.0300331,0.697122,63330.2
300358.SZ,20260819,47900.0,8.89,425831.0,8.95,0.00679564,0.196955,70486.4
300357.SZ,20260819,23600.0,24.59,580324.0,24.71,0.0048769,0.160594,48391.4
300355.SZ,20260819,66400.0,2.98,197872.0,2.99,0.00485987,0.172973,136629.0
300354.SZ,20260819,34000.0,30.84,1048560.0,30.78,0.0418158,1.60661,8130.9
300353.SZ,20260819,147000.0,19.3,2837100.0,19.73,0.0272191,0.831783,54006.1
300352.SZ,20260819,234200.0,2.31,541002.0,2.33,0.0183524,1.21087,127613.0
300385.SZ,20260819,70700.0,12.15,859005.0,12.05,0.0243237,0.887153,29066.3
300387.SZ,20260819,171600.0,7.6,1304160.0,7.73,0.0593861,2.02782,28895.7
300350.SZ,20260819,28100.0,4.32,121392.0,4.34,0.00595888,0.275686,47156.5
300388.SZ,20260819,3800.0,6.81,25878.0,6.86,0.000557968,0.0427765,68104.2
300417.SZ,20260819,26600.0,11.1,295260.0,11.16,0.0318218,1.12038,8359.04
300416.SZ,20260819,135900.0,15.6,2120040.0,15.57,0.0269042,0.978314,50512.5
300415.SZ,20260819,9600.0,20.59,197664.0,20.7,0.00211877,0.191141,45309.2
300414.SZ,20260819,19800.0,11.4,225720.0,11.52,0.00627235,0.191717,31567.1
300413.SZ,20260819,63600.0,15.08,959088.0,15.15,0.00622492,0.393322,102170.0
300412.SZ,20260819,34900.0,4.53,158097.0,4.56,0.00745947,0.333846,46786.2
300411.SZ,20260819,69500.0,7.73,537235.0,7.81,0.0224835,0.474532,30911.6
300410.SZ,20260819,86000.0,7.95,683700.0,8.15,0.0234259,0.495367,36711.5
300409.SZ,20260819,128800.0,18.99,2445912.0,19.08,0.0185003,0.494295,69620.6
300408.SZ,20260819,1070576.0,117.87,126188793.12,123.99,0.057256,1.65701,186981.0
300407.SZ,20260819,29600.0,11.58,342768.0,11.81,0.0114253,0.329532,25907.3
300406.SZ,20260819,21200.0,11.83,250796.0,11.82,0.00499666,0.362393,42428.3
300405.SZ,20260819,42400.0,5.7,241680.0,5.7,0.0193764,0.748475,21882.3
300404.SZ,20260819,883208.0,16.28,14378626.24,16.64,0.309338,1.12843,28551.6
300403.SZ,20260819,38800.0,9.85,382180.0,9.97,0.0088552,0.317505,43816.1
300402.SZ,20260819,6500.0,14.55,94575.0,14.64,0.00266811,0.304665,24361.8
300401.SZ,20260819,290200.0,15.31,4442962.0,15.56,0.0541387,0.685038,53603.0
300400.SZ,20260819,103800.0,29.51,3063138.0,30.6,0.0428029,0.791182,24250.7
300399.SZ,20260819,6900.0,17.44,120336.0,17.45,0.00349224,0.220881,19758.1
300398.SZ,20260819,320200.0,36.81,11786562.0,38.4,0.0564789,0.836192,56693.7
300397.SZ,20260819,133300.0,11.49,1531617.0,11.67,0.0326585,0.461244,40816.3
300396.SZ,20260819,6600.0,7.2,47520.0,7.2,0.00242375,0.230955,27230.5
300395.SZ,20260819,294600.0,90.0,26514000.0,93.65,0.057478,1.02645,51254.3
300394.SZ,20260819,997231.0,272.0,271246832.0,291.44,0.0916246,1.72788,108839.0
300393.SZ,20260819,88200.0,6.3,555660.0,6.37,0.00922686,0.53139,95590.5
300390.SZ,20260819,292600.0,63.24,18504024.0,63.82,0.0411249,0.684481,71149.1
300389.SZ,20260819,13200.0,12.38,163416.0,12.45,0.00601538,0.340697,21943.7
300351.SZ,20260819,24600.0,14.18,348828.0,14.39,0.00933878,0.287887,26341.8
300349.SZ,20260819,10100.0,10.44,105444.0,10.53,0.0027318,0.148428,36972.0
300546.SZ,20260819,71800.0,16.35,1173930.0,16.88,0.0532124,1.60211,13493.1
300314.SZ,20260819,822800.0,15.33,12613524.0,15.35,0.572417,3.41381,14374.1
300311.SZ,20260819,282300.0,5.85,1651455.0,5.98,0.0525298,0.399052,53740.9
300310.SZ,20260819,68300.0,4.31,294373.0,4.37,0.0098789,0.330879,69137.3
300308.SZ,20260819,529900.0,943.88,500162012.0,988.1,0.0477413,1.90853,110994.0
300307.SZ,20260819,238500.0,8.0,1908000.0,8.14,0.0303088,0.689435,78689.9
300306.SZ,20260819,7500.0,10.14,76050.0,10.16,0.00475881,0.282301,15760.2
300305.SZ,20260819,79400.0,6.17,489898.0,6.31,0.0246986,0.443703,32147.6
300304.SZ,20260819,181100.0,12.28,2223908.0,12.53,0.0211933,0.682398,85451.6
300303.SZ,20260819,573600.0,7.31,4193016.0,7.47,0.0431717,1.24561,132865.0
300302.SZ,20260819,356800.0,31.16,11117888.0,32.19,0.0967426,1.3177,36881.4
300301.SZ,20260819,42000.0,3.38,141960.0,3.39,0.00531781,0.472588,78979.9
300300.SZ,20260819,1263600.0,7.93,10020348.0,8.05,0.189501,2.54651,66680.5
300299.SZ,20260819,18500.0,5.35,98975.0,5.39,0.00268328,0.112435,68945.5
300298.SZ,20260819,8000.0,15.92,127360.0,15.92,0.00178571,0.12955,44800.1
300296.SZ,20260819,235900.0,5.33,1257347.0,5.35,0.0101846,0.621238,231624.0
300295.SZ,20260819,7900.0,12.03,95037.0,12.18,0.00471137,0.172343,16767.9
300294.SZ,20260819,14300.0,15.13,216359.0,15.15,0.0028359,0.179989,50424.9
300293.SZ,20260819,10900.0,16.06,175054.0,16.05,0.00322068,0.20136,33843.8
300292.SZ,20260819,609100.0,4.27,2600857.0,4.32,0.0545816,1.02911,111594.0
300291.SZ,20260819,44400.0,5.05,224220.0,5.11,0.00477489,0.147075,92986.5
300290.SZ,20260819,121000.0,5.79,700590.0,5.82,0.0189198,0.428181,63954.2
300289.SZ,20260819,14300.0,5.9,84370.0,5.93,0.00263276,0.203274,54315.6
300288.SZ,20260819,35000.0,9.89,346150.0,9.95,0.0136415,0.584858,25656.9
300287.SZ,20260819,106400.0,3.65,388360.0,3.71,0.00807103,0.276492,131830.0
300286.SZ,20260819,12000.0,20.7,248400.0,20.94,0.00577548,0.287741,20777.5
300285.SZ,20260819,1821621.0,70.32,128096388.72,74.26,0.213536,1.472,85307.3
300284.SZ,20260819,19700.0,5.31,104607.0,5.35,0.00164402,0.077522,119828.0
300283.SZ,20260819,287300.0,14.1,4050930.0,14.61,0.0756314,0.573689,37986.8
300313.SZ,20260819,1850600.0,14.6,27018760.0,12.88,0.937712,13.043,19735.3
300315.SZ,20260819,244600.0,4.09,1000414.0,4.13,0.00962431,0.416273,254148.0
300348.SZ,20260819,24300.0,9.13,221859.0,9.17,0.00332671,0.145032,73045.2
300316.SZ,20260819,93800.0,45.67,4283846.0,46.15,0.00761638,0.792069,123156.0
300347.SZ,20260819,95600.0,53.5,5114600.0,53.95,0.0168763,0.411872,56647.5
300346.SZ,20260819,780133.0,59.06,46074654.98,61.87,0.118925,1.72321,65599.0
300345.SZ,20260819,1150300.0,9.2,10582760.0,9.37,0.239421,1.32363,48045.0
300343.SZ,20260819,83400.0,5.8,483720.0,5.84,0.00782626,0.349022,106564.0
300342.SZ,20260819,531700.0,38.0,20204600.0,37.5,0.126488,3.23897,42035.7
300341.SZ,20260819,6500.0,12.89,83785.0,12.87,0.00126123,0.196985,51536.9
300340.SZ,20260819,7400.0,8.55,63270.0,8.65,0.00270603,0.187658,27346.3
300339.SZ,20260819,1025168.0,38.18,39140914.24,39.67,0.131823,3.70897,77768.6
300338.SZ,20260819,9900.0,2.89,28611.0,2.93,0.00282908,0.211942,34993.7
300337.SZ,20260819,399400.0,10.4,4153760.0,10.2,0.0561419,2.84289,71141.2
300335.SZ,20260819,20400.0,5.27,107508.0,5.32,0.0053103,0.149212,38415.9
300334.SZ,20260819,21400.0,8.69,185966.0,8.78,0.00708539,0.362148,30203.0
300333.SZ,20260819,891200.0,11.41,10168592.0,11.81,0.266205,1.51702,33478.0
300332.SZ,20260819,72800.0,4.78,347984.0,4.85,0.00896037,0.432363,81246.7
300331.SZ,20260819,43100.0,50.36,2170516.0,52.02,0.019403,0.370979,22213.1
300329.SZ,20260819,9200.0,11.98,110216.0,12.1,0.00364876,0.330373,25214.0
300328.SZ,20260819,311500.0,14.99,4669385.0,15.25,0.0453393,1.0287,68704.2
300327.SZ,20260819,51200.0,23.2,1187840.0,23.66,0.0151097,0.568432,33885.4
300326.SZ,20260819,31700.0,5.91,187347.0,5.94,0.00442294,0.572606,71671.8
300324.SZ,20260819,65600.0,3.69,242064.0,3.73,0.00383628,0.239354,170999.0
300323.SZ,20260819,620900.0,12.34,7661906.0,12.95,0.0522778,1.27031,118769.0
300322.SZ,20260819,86300.0,18.5,1596550.0,18.89,0.0195945,0.284489,44043.1
300321.SZ,20260819,9200.0,33.92,312064.0,34.49,0.0103725,0.315892,8869.59
300320.SZ,20260819,4400.0,8.82,38808.0,8.88,0.0009066,0.0537667,48533.0
300319.SZ,20260819,1762400.0,18.28,32216672.0,19.5,0.207032,1.03457,85127.0
300318.SZ,20260819,4800.0,5.03,24144.0,5.07,0.00060574,0.0565365,79241.9
300317.SZ,20260819,242900.0,4.2,1020180.0,4.26,0.0293034,0.216501,82891.3
300418.SZ,20260819,487200.0,43.5,21193200.0,44.48,0.0414524,0.794828,117532.0
300419.SZ,20260819,1000.0,9.08,9080.0,9.19,0.000271921,0.0151412,36775.4
300420.SZ,20260819,668300.0,7.75,5179325.0,8.07,0.0598688,0.713949,111627.0
300513.SZ,20260819,27200.0,7.37,200464.0,7.4,0.00867656,0.506997,31348.8
300511.SZ,20260819,1556500.0,6.2,9650300.0,6.39,0.285072,4.53915,54600.3
300510.SZ,20260819,105200.0,3.4,357680.0,3.43,0.0127563,0.546547,82469.1
300509.SZ,20260819,16900.0,8.63,145847.0,8.72,0.00683924,0.429622,24710.4
300508.SZ,20260819,27100.0,49.5,1341450.0,50.43,0.0330802,0.669515,8192.21
300507.SZ,20260819,20400.0,6.51,132804.0,6.56,0.00262094,0.288681,77834.7
300506.SZ,20260819,466400.0,5.68,2649152.0,5.8,0.063482,0.930089,73469.6
300505.SZ,20260819,460300.0,20.5,9436150.0,21.24,0.211767,2.14537,21736.1
300504.SZ,20260819,40900.0,14.87,608183.0,15.28,0.0187398,0.422498,21825.2
300503.SZ,20260819,242300.0,79.82,19340386.0,82.0,0.10045,1.18969,24121.4
300502.SZ,20260819,920414.0,432.0,397618848.0,452.21,0.073384,2.05069,125424.0
300501.SZ,20260819,25200.0,10.08,254016.0,10.18,0.00909016,0.863182,27722.3
300500.SZ,20260819,9400.0,9.39,88266.0,9.43,0.00560866,0.398009,16759.8
300499.SZ,20260819,118500.0,28.86,3419910.0,29.6,0.0436611,0.576899,27140.8
300498.SZ,20260819,401100.0,13.95,5595345.0,13.9,0.00674585,0.851835,594588.0
300497.SZ,20260819,162200.0,18.1,2935820.0,18.43,0.0355497,0.455411,45626.3
300496.SZ,20260819,116500.0,59.9,6978350.0,60.77,0.0315234,0.936396,36956.7
300494.SZ,20260819,31800.0,8.45,268710.0,8.52,0.00798297,0.342893,39834.8
300493.SZ,20260819,38200.0,12.58,480556.0,12.7,0.0075403,0.362527,50661.1
300492.SZ,20260819,57400.0,24.73,1419502.0,25.29,0.0208495,1.11963,27530.6
300491.SZ,20260819,75200.0,31.0,2331200.0,31.72,0.0477157,0.567743,15760.0
300490.SZ,20260819,17600.0,11.82,208032.0,11.98,0.00447549,0.137306,39325.3
300489.SZ,20260819,250100.0,241.41,60376641.0,249.34,0.180384,1.83869,13864.8
300488.SZ,20260819,10400.0,32.7,340080.0,33.21,0.00640973,0.275858,16225.3
300487.SZ,20260819,46500.0,67.5,3138750.0,68.86,0.0150965,0.812367,30801.9
300486.SZ,20260819,85500.0,20.59,1760445.0,20.79,0.0179243,1.05307,47700.6
300485.SZ,20260819,11000.0,9.86,108460.0,9.9,0.00401728,0.104828,27381.7
300484.SZ,20260819,14800.0,13.55,200540.0,13.48,0.00889676,0.235112,16635.3
300512.SZ,20260819,10700.0,7.22,77254.0,7.28,0.00330342,0.331282,32390.7
300514.SZ,20260819,20300.0,9.88,200564.0,9.96,0.012667,0.997842,16025.8
300421.SZ,20260819,31500.0,17.6,554400.0,17.8,0.0136776,0.552576,23030.3
300515.SZ,20260819,22300.0,16.65,371295.0,16.86,0.0110529,0.379916,20175.8
300545.SZ,20260819,72000.0,29.7,2138400.0,30.3,0.0602213,0.971789,11955.9
300543.SZ,20260819,127400.0,8.15,1038310.0,8.36,0.0509195,1.67963,25019.9
300542.SZ,20260819,2900.0,12.08,35032.0,12.0,0.00117133,0.0760601,24758.2
300541.SZ,20260819,37500.0,9.82,368250.0,9.91,0.00966382,0.305608,38804.5
300540.SZ,20260819,321000.0,34.24,10991040.0,33.45,0.155277,2.03369,20672.7
300539.SZ,20260819,18300.0,19.25,352275.0,19.65,0.0083988,0.326425,21788.8
300538.SZ,20260819,10300.0,15.78,162534.0,16.06,0.00851343,0.246483,12098.5
300537.SZ,20260819,58000.0,20.34,1179720.0,20.85,0.0382177,0.525732,15176.2
300536.SZ,20260819,81500.0,9.3,757950.0,9.45,0.0277904,0.84635,29326.7
300535.SZ,20260819,47200.0,16.44,775968.0,16.61,0.058156,0.99109,8116.1
300534.SZ,20260819,669800.0,19.0,12726200.0,19.35,0.22175,0.71763,30205.1
300533.SZ,20260819,13600.0,14.85,201960.0,14.92,0.00588839,0.233185,23096.3
300532.SZ,20260819,7900.0,6.94,54826.0,6.99,0.00130669,0.11337,60458.2
300531.SZ,20260819,68500.0,16.39,1122715.0,16.46,0.0219827,0.660022,31160.8
300530.SZ,20260819,67400.0,19.17,1292058.0,19.24,0.0391971,0.838195,17195.1
300529.SZ,20260819,26600.0,15.77,419482.0,15.81,0.00519124,0.26245,51240.2
300528.SZ,20260819,26700.0,13.35,356445.0,13.46,0.00716571,0.113184,37260.8
300527.SZ,20260819,43500.0,7.78,338430.0,7.81,0.00427825,0.975115,101677.0
300525.SZ,20260819,58800.0,8.41,494508.0,8.5,0.00953556,0.275159,61663.9
300523.SZ,20260819,8900.0,19.68,175152.0,19.82,0.00382581,0.552448,23263.0
300522.SZ,20260819,66800.0,14.55,971940.0,14.82,0.025389,0.376373,26310.6
300521.SZ,20260819,4000.0,23.7,94800.0,24.0,0.00270535,0.115174,14785.5
300520.SZ,20260819,25100.0,25.15,631265.0,25.56,0.0088938,0.275251,28221.9
300519.SZ,20260819,11100.0,14.46,160506.0,14.56,0.00972831,0.198176,11410.0
300518.SZ,20260819,29500.0,24.1,710950.0,24.63,0.0147964,0.370767,19937.2
300517.SZ,20260819,26500.0,10.26,271890.0,10.33,0.020993,0.72587,12623.3
300516.SZ,20260819,44200.0,33.27,1470534.0,33.06,0.0175397,0.687334,25200.0
300483.SZ,20260819,29500.0,23.02,679090.0,23.25,0.00766557,0.25019,38483.8
300482.SZ,20260819,8400.0,17.2,144480.0,17.25,0.00195319,0.142506,43006.6
300481.SZ,20260819,135100.0,14.81,2000831.0,15.12,0.0465778,0.89697,29005.2
300480.SZ,20260819,270600.0,34.16,9243696.0,35.47,0.100162,1.48118,27016.2
300449.SZ,20260819,10200.0,7.15,72930.0,7.21,0.00264224,0.0800504,38603.6
300448.SZ,20260819,56200.0,5.85,328770.0,5.92,0.00874617,0.414643,64256.7
300447.SZ,20260819,98600.0,14.0,1380400.0,13.93,0.0489445,3.61111,20145.3
300446.SZ,20260819,61100.0,13.85,846235.0,13.72,0.0163561,1.10752,37356.0
300445.SZ,20260819,2900.0,18.85,54665.0,19.09,0.00204128,0.171013,14206.8
300444.SZ,20260819,304700.0,10.55,3214585.0,10.66,0.0485623,0.506654,62744.2
300443.SZ,20260819,8200.0,20.43,167526.0,20.46,0.00337763,0.222316,24277.4
300442.SZ,20260819,358900.0,67.5,24225750.0,69.93,0.0219346,0.782005,163623.0
300441.SZ,20260819,159700.0,7.18,1146646.0,7.24,0.0255139,1.88354,62593.4
300440.SZ,20260819,354100.0,19.23,6809343.0,19.65,0.0804368,2.21273,44022.2
300439.SZ,20260819,800.0,9.41,7528.0,9.41,0.000273661,0.0192935,29233.2
300438.SZ,20260819,123700.0,64.01,7918037.0,65.55,0.0306064,0.581463,40416.4
300437.SZ,20260819,15700.0,11.23,176311.0,11.28,0.00903594,0.260919,17375.1
300436.SZ,20260819,9800.0,97.0,950600.0,97.43,0.00716783,0.144553,13672.2
300435.SZ,20260819,319600.0,18.33,5858268.0,18.15,0.0866419,2.5567,36887.5
300434.SZ,20260819,126800.0,12.5,1585000.0,12.68,0.0370636,0.373459,34211.5
300433.SZ,20260819,2397300.0,37.76,90522048.0,39.12,0.0482383,2.1193,496970.0
300432.SZ,20260819,174600.0,16.69,2914074.0,16.96,0.0103271,0.537197,169070.0
300430.SZ,20260819,81200.0,4.47,362964.0,4.53,0.0312487,1.21092,25985.0
300429.SZ,20260819,118700.0,10.77,1278399.0,11.0,0.0284147,0.711005,41774.2
300428.SZ,20260819,13800.0,18.69,257922.0,18.75,0.00231248,0.292882,59676.1
300427.SZ,20260819,66500.0,6.83,454195.0,6.92,0.0132205,0.258494,50300.5
300426.SZ,20260819,127800.0,6.39,816642.0,6.47,0.03195,0.280357,40000.0
300425.SZ,20260819,52700.0,3.97,209219.0,3.98,0.00774159,0.654043,68073.8
300424.SZ,20260819,24800.0,15.01,372248.0,15.0,0.00966937,0.32609,25648.0
300423.SZ,20260819,61000.0,5.93,361730.0,5.97,0.0183079,0.501751,33319.0
300422.SZ,20260819,32400.0,4.12,133488.0,4.16,0.00627004,0.160836,51674.3
300450.SZ,20260819,146400.0,34.82,5097648.0,35.24,0.00938814,0.507626,155941.0
300451.SZ,20260819,140000.0,3.53,494200.0,3.53,0.00917014,0.612186,152669.0
300452.SZ,20260819,105600.0,13.26,1400256.0,13.12,0.0531643,1.85828,19863.0
300467.SZ,20260819,13800.0,34.24,472512.0,34.77,0.00810707,0.169723,17022.2
300479.SZ,20260819,55900.0,14.66,819494.0,14.91,0.028386,0.979557,19692.8
300478.SZ,20260819,2300.0,30.32,69736.0,30.98,0.0018157,0.062826,12667.3
300477.SZ,20260819,263700.0,2.6,685620.0,2.63,0.0266091,1.05235,99101.3
300476.SZ,20260819,716533.0,256.05,183468274.65,269.4,0.0828175,1.79724,86519.5
300475.SZ,20260819,244298.0,165.07,40326270.86,173.58,0.0542841,0.711998,45003.6
300474.SZ,20260819,66700.0,51.36,3425712.0,52.28,0.0164094,0.849714,40647.4
300473.SZ,20260819,13900.0,22.5,312750.0,22.57,0.00923488,0.435864,15051.6
300472.SZ,20260819,2800.0,6.5,18200.0,6.59,0.00113846,0.10748,24594.5
300471.SZ,20260819,34200.0,9.88,337896.0,9.97,0.00912574,0.277387,37476.4
300470.SZ,20260819,4200.0,28.43,119406.0,28.58,0.00212836,0.196698,19733.5
300469.SZ,20260819,57300.0,58.51,3352623.0,60.18,0.0230942,0.941185,24811.4
300468.SZ,20260819,67600.0,20.61,1393236.0,20.92,0.0127598,0.364995,52979.0
300466.SZ,20260819,13000.0,7.42,96460.0,7.47,0.00289615,0.27799,44887.2
300453.SZ,20260819,63800.0,9.96,635448.0,10.13,0.0177291,0.306531,35986.0
300465.SZ,20260819,1357400.0,13.83,18772842.0,13.66,0.305893,6.03293,44374.9
300464.SZ,20260819,48300.0,7.04,340032.0,7.12,0.0136002,0.306901,35514.3
300463.SZ,20260819,25500.0,9.22,235110.0,9.29,0.00518716,0.211979,49159.9
300462.SZ,20260819,0.0,,0.0,11.29,0.0,0.0,13803.4
300461.SZ,20260819,8500.0,32.52,276420.0,33.27,0.00587377,0.103594,14471.1
300460.SZ,20260819,22500.0,8.5,191250.0,8.61,0.0080127,0.851315,28080.4
300459.SZ,20260819,219600.0,3.55,779580.0,3.56,0.00668047,0.253788,328719.0
300458.SZ,20260819,658000.0,33.91,22312780.0,34.58,0.0808148,1.12114,81420.8
300457.SZ,20260819,29300.0,20.2,591860.0,20.37,0.00461529,0.228531,63484.6
300456.SZ,20260819,220400.0,32.65,7196060.0,33.73,0.0368902,0.848008,59744.9
300455.SZ,20260819,112900.0,19.88,2244452.0,19.41,0.0159753,1.83644,70671.5
300454.SZ,20260819,60098.0,118.01,7092164.98,120.84,0.0208671,0.369789,28800.3
001369.SZ,20260819,61900.0,12.68,784892.0,12.84,0.029838,0.719232,20745.3
001367.SZ,20260819,23900.0,19.87,474893.0,19.78,0.0196486,1.42947,12163.7
600004.SH,20260819,25100.0,7.42,186242.0,7.42,0.00106054,0.349104,236672.0
603517.SH,20260819,35100.0,11.04,387504.0,11.13,0.00579206,1.23843,60600.2
603515.SH,20260819,14700.0,16.57,243579.0,16.53,0.00199254,1.3586,73775.1
603511.SH,20260819,900.0,12.75,11475.0,12.78,0.000223943,0.0580614,40188.7
603508.SH,20260819,21800.0,21.55,469790.0,21.55,0.00571767,0.631423,38127.4
603507.SH,20260819,15200.0,24.01,364952.0,24.3,0.0064324,0.165222,23630.4
603506.SH,20260819,678900.0,11.76,7983864.0,10.8,0.361544,21.1098,18777.8
603505.SH,20260819,71000.0,15.98,1134580.0,16.16,0.00843562,0.677458,84166.9
603501.SH,20260819,153500.0,89.05,13669175.0,90.54,0.0127179,0.904204,120696.0
603500.SH,20260819,26100.0,9.61,250821.0,9.7,0.00784705,0.312917,33260.9
603499.SH,20260819,16600.0,12.35,205010.0,12.48,0.00391849,0.403345,42363.2
603496.SH,20260819,175300.0,24.86,4357958.0,25.59,0.0547455,0.605722,32020.9
603489.SH,20260819,6500.0,27.85,181025.0,28.11,0.00277046,0.321181,23461.8
603488.SH,20260819,26600.0,8.46,225036.0,8.56,0.00910989,0.186385,29199.0
603486.SH,20260819,30200.0,61.19,1847938.0,61.9,0.00526726,0.524608,57335.3
603477.SH,20260819,61900.0,14.8,916120.0,14.86,0.0121356,0.355172,51007.1
603468.SH,20260819,101600.0,25.65,2606040.0,25.9,0.254073,1.19042,3998.86
603466.SH,20260819,449400.0,12.27,5514138.0,12.26,0.0755512,0.457535,59482.8
603459.SH,20260819,184375.0,90.05,16602969.0,94.81,0.233233,1.22901,7905.19
603458.SH,20260819,89100.0,10.18,907038.0,10.26,0.0291058,0.575653,30612.5
603456.SH,20260819,68500.0,16.8,1150800.0,16.82,0.00776899,0.137195,88171.0
603444.SH,20260819,7700.0,381.0,2933700.0,382.92,0.0106883,0.377647,7204.11
603439.SH,20260819,107300.0,12.7,1362710.0,12.72,0.0265699,0.462807,40384.0
603435.SH,20260819,21800.0,53.7,1170660.0,55.53,0.0610857,0.690478,3568.75
603429.SH,20260819,4800.0,8.01,38448.0,8.02,0.000915183,0.223037,52448.5
603421.SH,20260819,16400.0,5.96,97744.0,6.0,0.0025146,0.15238,65219.1
603418.SH,20260819,2000.0,44.3,88600.0,44.5,0.00483505,0.239091,4136.46
603416.SH,20260819,5900.0,48.77,287743.0,49.26,0.00422799,0.267445,13954.6
603409.SH,20260819,6700.0,17.95,120265.0,17.95,0.0124355,0.173672,5387.8
603516.SH,20260819,75400.0,101.0,7615400.0,102.0,0.0370938,1.56109,20326.8
603518.SH,20260819,18600.0,8.16,151776.0,8.17,0.00540581,0.333239,34407.4
603407.SH,20260819,108100.0,66.0,7134600.0,67.9,0.301014,1.27405,3591.2
603519.SH,20260819,10800.0,15.28,165024.0,15.43,0.00405515,0.132667,26632.8
603587.SH,20260819,11400.0,11.9,135660.0,11.87,0.00241166,0.730828,47270.3
603586.SH,20260819,96300.0,13.41,1291383.0,13.95,0.0491194,4.26076,19605.3
603585.SH,20260819,18800.0,10.2,191760.0,10.29,0.0069425,0.50527,27079.6
603583.SH,20260819,17200.0,24.49,421228.0,24.65,0.00449971,0.401627,38224.7
603580.SH,20260819,430100.0,65.0,27956500.0,64.02,0.329142,4.35512,13067.3
603579.SH,20260819,5200.0,18.53,96356.0,18.53,0.00258639,0.253319,20105.2
603578.SH,20260819,20900.0,13.3,277970.0,13.34,0.0115881,0.537509,18035.7
603577.SH,20260819,500.0,10.3,5150.0,10.38,0.000147432,0.0100718,33913.9
603569.SH,20260819,11300.0,5.9,66670.0,5.93,0.00187239,0.407829,60350.7
603568.SH,20260819,128300.0,14.7,1886010.0,14.99,0.00626325,1.33541,204846.0
603567.SH,20260819,236400.0,6.18,1460952.0,6.24,0.0251649,0.312278,93940.3
603566.SH,20260819,14900.0,10.55,157195.0,10.57,0.00430558,0.442275,34606.2
603565.SH,20260819,27900.0,10.88,303552.0,10.85,0.00132853,0.140387,210006.0
603559.SH,20260819,166000.0,9.41,1562060.0,9.53,0.0413679,0.676545,40127.7
603558.SH,20260819,32900.0,12.26,403354.0,12.2,0.00960197,0.744458,34263.8
603557.SH,20260819,0.0,,0.0,3.7,0.0,0.0,62343.7
603556.SH,20260819,63500.0,26.34,1672590.0,26.6,0.0130587,0.47316,48626.4
603551.SH,20260819,3500.0,9.26,32410.0,9.3,0.000921335,0.188921,37988.4
603538.SH,20260819,395900.0,30.1,11916590.0,30.75,0.117506,0.533053,33692.0
603536.SH,20260819,29500.0,10.09,297655.0,10.12,0.0122645,0.428407,24053.2
603535.SH,20260819,13400.0,6.32,84688.0,6.36,0.00262273,0.173551,51091.8
603533.SH,20260819,40500.0,21.35,864675.0,21.47,0.00922768,0.214719,43889.7
603530.SH,20260819,55800.0,51.13,2853054.0,51.88,0.0130537,0.840182,42746.5
603529.SH,20260819,10800.0,20.57,222156.0,20.63,0.00126944,0.319545,85076.6
603528.SH,20260819,17200.0,6.33,108876.0,6.39,0.0024365,0.23308,70593.0
603527.SH,20260819,41900.0,9.85,412715.0,10.05,0.0132189,0.794556,31697.1
603520.SH,20260819,15400.0,9.02,138908.0,9.08,0.00351269,0.17394,43841.0
603408.SH,20260819,20200.0,10.38,209676.0,10.44,0.00451323,1.06257,44757.3
603406.SH,20260819,237100.0,30.35,7195985.0,29.56,0.403782,13.1622,5871.98
603589.SH,20260819,24500.0,19.3,472850.0,19.41,0.00409617,0.365337,59811.9
603363.SH,20260819,667700.0,3.02,2016454.0,3.03,0.0311052,1.51669,214659.0
603359.SH,20260819,20700.0,2.18,45126.0,2.2,0.00464026,0.339062,44609.6
603358.SH,20260819,22800.0,47.43,1081404.0,47.9,0.00493752,0.15052,46177.1
603357.SH,20260819,4800.0,5.98,28704.0,6.0,0.000856312,0.164043,56054.3
603356.SH,20260819,17600.0,17.25,303600.0,17.41,0.0131993,0.668749,13334.0
603355.SH,20260819,2300.0,27.02,62146.0,27.15,0.000401118,0.119653,57339.7
603353.SH,20260819,23800.0,32.39,770882.0,33.11,0.0139657,0.432875,17041.8
603352.SH,20260819,12100.0,26.55,321255.0,26.86,0.0266912,0.601128,4533.33
603351.SH,20260819,7100.0,27.56,195676.0,27.83,0.00524221,0.345428,13543.9
603350.SH,20260819,4000.0,28.81,115240.0,28.9,0.00906526,0.608889,4412.45
603348.SH,20260819,2500.0,14.37,35925.0,14.5,0.00079497,0.124882,31447.7
603345.SH,20260819,19100.0,82.34,1572694.0,82.31,0.00651223,0.382416,29329.4
603344.SH,20260819,10100.0,23.42,236542.0,23.73,0.018693,0.4629,5403.1
603341.SH,20260819,109100.0,37.77,4120707.0,38.24,0.0407999,0.458347,26740.2
603339.SH,20260819,44400.0,14.1,626040.0,14.24,0.0143484,0.709723,30944.1
603338.SH,20260819,14000.0,56.59,792260.0,56.56,0.0027649,0.300672,50634.8
603337.SH,20260819,8900.0,40.07,356623.0,40.49,0.00190566,0.12317,46703.0
603336.SH,20260819,351000.0,9.38,3292380.0,9.72,0.0576621,1.46814,60871.9
603335.SH,20260819,118500.0,6.7,793950.0,6.75,0.0276776,1.18532,42814.5
603334.SH,20260819,8700.0,33.0,287100.0,33.38,0.0273441,0.383282,3181.67
603333.SH,20260819,55000.0,8.8,484000.0,8.91,0.00884916,0.311784,62152.8
603332.SH,20260819,21200.0,11.47,243164.0,11.47,0.00979906,0.679966,21634.7
603331.SH,20260819,7400.0,13.35,98790.0,13.38,0.00366018,0.155727,20217.6
603330.SH,20260819,12479900.0,10.07,125672593.0,11.19,2.88437,21.2118,43267.4
603329.SH,20260819,51700.0,10.47,541299.0,10.54,0.0250505,1.88473,20638.3
603328.SH,20260819,317700.0,11.29,3586833.0,11.65,0.0318196,1.05239,99844.3
603327.SH,20260819,45509.0,8.76,398659.0,8.85,0.00435301,0.193199,104546.0
603326.SH,20260819,227500.0,6.93,1576575.0,7.14,0.0712771,5.06653,31917.7
603360.SH,20260819,30600.0,13.35,408510.0,13.47,0.00433291,0.312005,70622.4
603365.SH,20260819,3500.0,17.4,60900.0,17.4,0.00134031,0.218234,26113.4
603402.SH,20260819,5000.0,61.56,307800.0,62.1,0.0198939,0.317565,2513.33
603366.SH,20260819,21700.0,6.96,151032.0,6.94,0.00266897,0.241175,81304.8
603400.SH,20260819,264080.0,48.44,12792035.0,48.14,0.728897,6.08909,3623.01
603399.SH,20260819,678061.0,14.62,9913252.0,15.4,0.132359,0.708043,51229.1
603398.SH,20260819,12400.0,10.99,136276.0,11.16,0.0028595,0.182,43364.2
603396.SH,20260819,13800.0,26.5,365700.0,26.5,0.00996192,0.22679,13852.7
603395.SH,20260819,2970700.0,29.0,86150300.0,26.36,4.57031,93.1674,6500.0
603393.SH,20260819,56100.0,24.12,1353132.0,24.08,0.0132336,0.532729,42392.1
603392.SH,20260819,20500.0,28.71,588555.0,28.8,0.00162133,0.292981,126439.0
603391.SH,20260819,14700.0,68.88,1012536.0,68.64,0.0646154,0.678686,2275.0
603390.SH,20260819,21200.0,10.2,216240.0,10.3,0.00603861,0.382041,35107.4
603389.SH,20260819,34700.0,47.47,1647209.0,47.95,0.0132064,1.40133,26275.2
603387.SH,20260819,57500.0,9.38,539350.0,9.42,0.0113378,0.502963,50715.4
603386.SH,20260819,17500.0,14.09,246575.0,14.27,0.00536279,0.266874,32632.3
603385.SH,20260819,19500.0,5.46,106470.0,5.5,0.00512262,0.735381,38066.5
603383.SH,20260819,11000.0,29.55,325050.0,29.92,0.00535602,0.310221,20537.6
603382.SH,20260819,62300.0,21.22,1322006.0,21.78,0.053946,0.926347,11548.6
603381.SH,20260819,8000.0,15.28,122240.0,15.32,0.00562835,0.229333,14213.8
603380.SH,20260819,10200.0,34.84,355368.0,35.49,0.00635747,0.379833,16044.1
603379.SH,20260819,26900.0,63.01,1694969.0,63.38,0.00440638,0.403891,61047.9
603378.SH,20260819,20700.0,5.45,112815.0,5.5,0.00482972,0.291787,42859.7
603377.SH,20260819,2500.0,2.94,7350.0,2.94,0.000345862,0.0999239,72283.1
603376.SH,20260819,42500.0,27.1,1151750.0,27.6,0.132809,2.23352,3200.08
603375.SH,20260819,16100.0,39.59,637399.0,39.68,0.0252427,1.13291,6378.09
603373.SH,20260819,7400.0,42.0,310800.0,42.11,0.0116348,0.275838,6360.22
603370.SH,20260819,1000.0,34.33,34330.0,34.62,0.00285796,0.177055,3499.0
603369.SH,20260819,257700.0,30.0,7731000.0,30.08,0.0206689,0.83059,124680.0
603368.SH,20260819,40500.0,16.68,675540.0,16.76,0.0101961,0.361422,39721.1
603367.SH,20260819,64800.0,14.7,952560.0,14.78,0.0143124,0.36078,45275.4
603588.SH,20260819,483266.0,13.69,6615912.0,13.93,0.0317263,0.888812,152323.0
603590.SH,20260819,3400.0,32.02,108868.0,32.27,0.00214886,0.126321,15822.3
688320.SH,20260819,15634.0,35.5,555007.0,35.83,0.0103527,0.268862,15101.4
603755.SH,20260819,4200.0,23.67,99414.0,23.68,0.00425904,0.608343,9861.37
603738.SH,20260819,561400.0,37.49,21046886.0,39.89,0.145483,1.08964,38588.8
603737.SH,20260819,49800.0,24.64,1227072.0,24.6,0.0056247,0.439884,88538.1
603733.SH,20260819,81800.0,22.27,1821686.0,22.79,0.0100091,0.756174,81725.3
603730.SH,20260819,17400.0,10.14,176436.0,10.19,0.000809832,0.158555,214859.0
603729.SH,20260819,0.0,,0.0,11.33,0.0,0.0,9216.51
603728.SH,20260819,65400.0,53.5,3498900.0,54.48,0.015613,1.13719,41888.2
603727.SH,20260819,5800.0,18.73,108634.0,18.9,0.00205879,0.210685,28171.9
603726.SH,20260819,60300.0,24.3,1465290.0,24.74,0.0326627,1.49601,18461.4
603725.SH,20260819,280600.0,12.3,3451380.0,12.69,0.092043,1.02779,30485.8
603722.SH,20260819,1300.0,30.56,39728.0,30.85,0.00135841,0.0990716,9570.01
603721.SH,20260819,166300.0,17.71,2945173.0,18.33,0.127923,1.98752,13000.0
603719.SH,20260819,36900.0,9.98,368262.0,10.09,0.00927174,0.764539,39798.3
603718.SH,20260819,109900.0,2.9,318710.0,2.91,0.0169343,1.27672,64898.0
603717.SH,20260819,274300.0,6.64,1821352.0,6.52,0.0945385,2.52587,29014.6
603716.SH,20260819,31900.0,16.57,528583.0,16.69,0.0141281,0.159572,22579.1
603713.SH,20260819,27600.0,68.2,1882320.0,68.98,0.0158576,0.654093,17404.9
603712.SH,20260819,34800.0,11.7,407160.0,11.78,0.00450777,0.407777,77200.0
603711.SH,20260819,61500.0,11.86,729390.0,11.83,0.0148956,0.632952,41287.4
603709.SH,20260819,642880.0,11.3,7264544.0,11.99,0.395273,13.2202,16264.2
603708.SH,20260819,1385300.0,9.89,13700617.0,10.27,0.217016,21.6693,63833.9
603707.SH,20260819,22300.0,7.93,176839.0,7.96,0.00138025,0.218146,161565.0
603706.SH,20260819,5300.0,19.48,103244.0,19.65,0.00279857,0.507284,18938.3
603703.SH,20260819,448700.0,10.31,4626097.0,10.19,0.108125,2.46384,41498.2
603701.SH,20260819,4100.0,19.93,81713.0,20.0,0.00156871,0.13865,26136.2
603700.SH,20260819,10600.0,11.76,124656.0,11.83,0.00530101,0.154699,19996.2
603699.SH,20260819,8600.0,52.87,454682.0,53.14,0.00113435,0.181136,75814.3
603698.SH,20260819,430200.0,24.6,10582920.0,24.23,0.0802627,2.78211,53599.0
603739.SH,20260819,521300.0,13.0,6776900.0,13.81,0.206024,7.51943,25302.9
603757.SH,20260819,40400.0,61.43,2481772.0,63.96,0.0216567,0.289826,18654.7
603696.SH,20260819,459800.0,13.51,6211898.0,14.45,0.195493,1.2904,23520.0
603758.SH,20260819,730800.0,12.38,9047304.0,12.84,0.168731,3.07657,43311.6
603815.SH,20260819,9900.0,5.27,52173.0,5.3,0.00159955,0.132954,61892.4
603813.SH,20260819,24200.0,32.6,788920.0,33.55,0.0230443,3.07316,10501.5
603811.SH,20260819,48900.0,7.62,372618.0,7.66,0.0106716,0.617602,45822.6
603810.SH,20260819,5100.0,12.39,63189.0,12.34,0.00308451,0.337692,16534.2
603809.SH,20260819,49900.0,9.3,464070.0,9.29,0.00542221,0.491916,92028.9
603808.SH,20260819,1100.0,8.52,9372.0,8.59,0.000302419,0.034573,36373.3
603806.SH,20260819,99800.0,15.61,1557878.0,15.73,0.00382559,0.492808,260875.0
603803.SH,20260819,122800.0,10.62,1304136.0,10.88,0.028902,0.4204,42488.4
603801.SH,20260819,334400.0,6.15,2056560.0,5.97,0.0769883,6.47383,43435.1
603800.SH,20260819,25200.0,71.3,1796760.0,73.05,0.0121154,0.406684,20800.0
603799.SH,20260819,951500.0,40.66,38687990.0,41.87,0.0504077,1.51688,188761.0
603798.SH,20260819,7200.0,13.39,96408.0,13.53,0.00280757,0.251916,25645.0
603797.SH,20260819,105300.0,4.87,512811.0,4.99,0.0182621,0.261106,57660.5
603790.SH,20260819,90700.0,26.1,2367270.0,26.67,0.0473976,1.24576,19136.0
603789.SH,20260819,2100.0,6.31,13251.0,6.3,0.000807692,0.0519454,26000.0
603788.SH,20260819,7600.0,13.92,105792.0,14.01,0.00340708,0.730182,22306.5
603787.SH,20260819,13600.0,10.11,137496.0,10.2,0.00590935,0.441432,23014.4
603786.SH,20260819,8600.0,42.52,365672.0,42.52,0.00212947,0.53957,40385.7
603779.SH,20260819,32400.0,8.01,259524.0,8.1,0.0097566,0.249246,33208.3
603778.SH,20260819,125100.0,10.36,1296036.0,10.38,0.01946,0.332052,64285.7
603777.SH,20260819,76900.0,14.24,1095056.0,14.5,0.0229947,1.02743,33442.4
603776.SH,20260819,8400.0,20.98,176232.0,21.18,0.00299187,0.373496,28076.1
603773.SH,20260819,658800.0,107.1,70557480.0,112.0,0.293219,3.14254,22467.9
603768.SH,20260819,16200.0,11.22,181764.0,11.32,0.00680799,0.74706,23795.6
603767.SH,20260819,269400.0,15.6,4202640.0,15.92,0.0872886,5.01749,30863.2
603766.SH,20260819,51500.0,13.76,708640.0,13.6,0.00250786,0.286301,205354.0
603759.SH,20260819,4200.0,7.49,31458.0,7.55,0.000909563,0.145539,46176.0
603697.SH,20260819,34200.0,9.89,338238.0,9.89,0.00799641,0.434788,42769.2
603693.SH,20260819,20700.0,11.53,238671.0,11.59,0.00232199,0.262153,89147.6
603595.SH,20260819,39000.0,27.03,1054170.0,27.55,0.0167784,1.69417,23244.2
603639.SH,20260819,7200.0,10.69,76968.0,10.71,0.00211841,0.468372,33987.8
603637.SH,20260819,173900.0,14.0,2434600.0,13.86,0.0728573,3.47943,23868.6
603636.SH,20260819,24900.0,7.09,176541.0,7.2,0.00429044,0.155589,58036.1
603633.SH,20260819,15300.0,6.48,99144.0,6.59,0.00358473,0.188611,42681.1
603630.SH,20260819,17000.0,14.71,250070.0,14.87,0.00754869,0.240724,22520.5
603629.SH,20260819,572000.0,128.4,73444800.0,136.47,0.15857,0.97417,36072.3
603628.SH,20260819,12000.0,9.66,115920.0,9.76,0.00440895,0.354752,27217.4
603626.SH,20260819,117100.0,16.6,1943860.0,16.92,0.0211037,0.289534,55488.0
603619.SH,20260819,240700.0,22.75,5475925.0,22.74,0.0520614,0.820966,46233.8
603618.SH,20260819,708500.0,28.0,19838000.0,29.5,0.102477,0.691081,69137.6
603617.SH,20260819,4700.0,6.88,32336.0,6.96,0.00121533,0.0722594,38672.6
603616.SH,20260819,71700.0,5.49,393633.0,5.53,0.0186576,0.92503,38429.3
603615.SH,20260819,5900.0,17.11,100949.0,17.25,0.00243983,0.0968748,24182.0
603613.SH,20260819,46500.0,18.4,855600.0,18.45,0.00645351,0.573704,72053.8
603612.SH,20260819,15600.0,16.74,261144.0,16.9,0.00313187,0.176333,49810.4
603611.SH,20260819,3700.0,16.99,62863.0,17.06,0.00143633,0.206835,25760.1
603610.SH,20260819,26700.0,15.81,422127.0,15.88,0.00756392,0.515374,35299.2
603609.SH,20260819,18800.0,6.38,119944.0,6.38,0.00207961,0.594619,90401.7
603608.SH,20260819,17000.0,20.26,344420.0,20.36,0.00399972,0.0953123,42503.0
603607.SH,20260819,6200.0,22.1,137020.0,22.41,0.00347306,0.11909,17851.7
603606.SH,20260819,42900.0,37.51,1609179.0,37.65,0.00520121,0.275735,82480.9
603605.SH,20260819,13500.0,56.71,765585.0,56.7,0.0034093,0.339936,39597.6
603602.SH,20260819,18400.0,11.44,210496.0,11.51,0.00796339,0.404631,23105.8
603601.SH,20260819,732300.0,10.0,7323000.0,10.0,0.0641052,1.18298,114234.0
603600.SH,20260819,26600.0,9.65,256690.0,9.65,0.00805004,0.695625,33043.3
603599.SH,20260819,38200.0,10.29,393078.0,10.3,0.00419656,0.376967,91026.9
603598.SH,20260819,60700.0,17.55,1065285.0,17.88,0.0225053,0.161706,26971.5
603596.SH,20260819,51100.0,25.75,1315825.0,26.08,0.00569269,0.421064,89764.2
603638.SH,20260819,36700.0,20.1,737670.0,20.21,0.00416717,0.501092,88069.4
603648.SH,20260819,2600.0,9.03,23478.0,9.08,0.000717414,0.116133,36241.3
603690.SH,20260819,456300.0,26.52,12101076.0,27.66,0.11915,1.06899,38296.4
603650.SH,20260819,232500.0,67.0,15577500.0,70.57,0.0378303,1.18341,61458.7
603689.SH,20260819,18500.0,7.46,138010.0,7.49,0.00353426,0.672915,52344.8
603688.SH,20260819,143000.0,49.68,7104240.0,51.5,0.0263994,1.08102,54167.8
603687.SH,20260819,157400.0,13.88,2184712.0,14.38,0.0286165,1.04679,55003.2
603686.SH,20260819,57800.0,13.15,760070.0,13.25,0.0139133,0.632505,41543.0
603685.SH,20260819,17600.0,26.96,474496.0,27.16,0.00873598,0.750043,20146.6
603683.SH,20260819,165000.0,16.66,2748900.0,16.88,0.0572428,0.826946,28824.6
603682.SH,20260819,46400.0,11.85,549840.0,12.01,0.00982011,0.146722,47250.0
603681.SH,20260819,41300.0,18.56,766528.0,18.87,0.0173718,0.580403,23774.2
603680.SH,20260819,9500.0,10.2,96900.0,10.25,0.00121217,0.239656,78371.9
603679.SH,20260819,35100.0,22.66,795366.0,22.73,0.0197539,0.344466,17768.6
603678.SH,20260819,367400.0,50.23,18454502.0,53.03,0.0772552,1.1255,47556.7
603677.SH,20260819,6000.0,13.91,83460.0,13.95,0.00311525,0.406004,19260.1
603676.SH,20260819,8100.0,9.37,75897.0,9.32,0.00186138,0.320868,43516.1
603669.SH,20260819,24900.0,6.2,154380.0,6.2,0.00349557,0.125449,71233.1
603668.SH,20260819,44800.0,10.6,474880.0,10.71,0.00885731,0.523355,50579.7
603667.SH,20260819,92300.0,55.17,5092191.0,56.7,0.0252046,0.556189,36620.3
603666.SH,20260819,23900.0,25.81,616859.0,26.32,0.0116284,0.765262,20553.0
603665.SH,20260819,13900.0,21.5,298850.0,21.55,0.0086784,0.774469,16016.8
603663.SH,20260819,494061.0,44.0,21738684.0,45.87,0.0832921,1.42888,59316.7
603662.SH,20260819,50600.0,54.13,2738978.0,55.01,0.018018,0.936183,28083.0
603661.SH,20260819,15300.0,34.18,522954.0,34.47,0.0110019,0.56549,13906.7
603660.SH,20260819,95100.0,12.29,1168779.0,12.47,0.0166406,0.340864,57149.3
603659.SH,20260819,118400.0,24.29,2875936.0,24.61,0.00552191,0.431472,214418.0
603658.SH,20260819,35900.0,34.34,1232806.0,34.36,0.00628254,0.694133,57142.5
603657.SH,20260819,59600.0,27.0,1609200.0,27.29,0.0440861,1.53889,13519.0
603656.SH,20260819,8300.0,17.8,147740.0,18.06,0.00453687,0.406937,18294.5
603655.SH,20260819,2400.0,33.8,81120.0,33.75,0.00226415,0.0701148,10600.0
603325.SH,20260819,0.0,,0.0,53.21,0.0,0.0,3418.32
603324.SH,20260819,18100.0,28.7,519470.0,29.45,0.0123572,0.456514,14647.4
603323.SH,20260819,88900.0,4.15,368935.0,4.15,0.00400379,0.407076,222040.0
603123.SH,20260819,149800.0,8.77,1313746.0,8.83,0.0229657,0.626503,65227.6
603121.SH,20260819,2500.0,12.7,31750.0,12.73,0.000738479,0.0509266,33853.4
603120.SH,20260819,6400.0,50.4,322560.0,51.15,0.0168865,0.300585,3790.0
603119.SH,20260819,40400.0,55.0,2222000.0,55.55,0.00854376,0.46933,47286.0
603118.SH,20260819,3259600.0,18.45,60139620.0,19.01,0.414035,2.63508,78727.6
603117.SH,20260819,28100.0,3.75,105375.0,3.78,0.0046896,0.419373,59919.8
603116.SH,20260819,10100.0,6.45,65145.0,6.45,0.00175286,0.193605,57620.1
603115.SH,20260819,82300.0,81.97,6746131.0,85.44,0.0336492,0.632699,24458.3
603113.SH,20260819,23300.0,4.69,109277.0,4.68,0.00274605,0.219129,84849.1
603112.SH,20260819,233400.0,16.56,3865104.0,16.59,0.0436583,3.33543,53460.7
603111.SH,20260819,3300.0,5.78,19074.0,5.78,0.000393985,0.069548,83759.5
603110.SH,20260819,147700.0,27.03,3992331.0,27.79,0.0733998,0.846973,20122.7
603109.SH,20260819,16400.0,17.8,291920.0,17.65,0.00785259,1.20837,20884.8
603108.SH,20260819,54000.0,9.98,538920.0,9.98,0.00893147,0.248615,60460.4
603107.SH,20260819,800.0,11.98,9584.0,11.99,0.00036668,0.0507478,21817.4
603106.SH,20260819,501600.0,7.66,3842256.0,7.9,0.0963652,0.836185,52052.0
603105.SH,20260819,7600.0,7.07,53732.0,7.1,0.00151997,0.131576,50001.1
603103.SH,20260819,16000.0,15.0,240000.0,15.15,0.00252286,0.21357,63420.0
603102.SH,20260819,287600.0,44.89,12910364.0,41.6,0.449375,4.48409,6400.0
603101.SH,20260819,40600.0,7.39,300034.0,7.38,0.00863095,0.461273,47040.0
603100.SH,20260819,13600.0,17.6,239360.0,17.65,0.00265864,0.333365,51153.9
603099.SH,20260819,15200.0,39.1,594320.0,39.18,0.00558093,0.192124,27235.6
603098.SH,20260819,8000.0,10.33,82640.0,10.44,0.00148478,0.152999,53880.0
603097.SH,20260819,27400.0,19.88,544712.0,20.08,0.0121953,0.813118,22467.7
603096.SH,20260819,11200.0,15.34,171808.0,15.34,0.00726166,0.642068,15423.5
603095.SH,20260819,197100.0,14.93,2942703.0,15.52,0.0763157,1.55337,25826.9
603093.SH,20260819,67185.0,11.68,784721.0,11.8,0.00761701,0.434915,88203.9
603092.SH,20260819,4700.0,48.93,229971.0,48.73,0.013595,0.374715,3457.17
603122.SH,20260819,272800.0,12.34,3366352.0,12.65,0.0685337,0.915992,39805.3
603124.SH,20260819,19300.0,140.0,2702000.0,144.9,0.0248683,0.396722,7760.88
603090.SH,20260819,13500.0,39.57,534195.0,39.82,0.0135,0.668759,10000.0
603125.SH,20260819,40900.0,24.0,981600.0,24.69,0.0101028,0.990443,40483.6
603168.SH,20260819,16100.0,5.61,90321.0,5.6,0.00432198,0.29072,37251.4
603167.SH,20260819,20600.0,8.73,179838.0,8.71,0.00439097,0.821759,46914.4
603166.SH,20260819,54600.0,11.92,650832.0,12.01,0.00852172,0.665558,64071.6
603165.SH,20260819,18000.0,13.99,251820.0,13.99,0.00575579,0.608355,31272.8
603163.SH,20260819,34900.0,87.0,3036300.0,90.58,0.0349,1.17338,10000.0
603162.SH,20260819,97700.0,11.88,1160676.0,12.17,0.0231326,0.258794,42234.7
603161.SH,20260819,18300.0,16.9,309270.0,16.9,0.00959377,0.23352,19074.9
603160.SH,20260819,26900.0,50.39,1355491.0,51.03,0.00577275,0.64605,46598.3
603159.SH,20260819,2200.0,21.3,46860.0,21.45,0.00157143,0.0860132,14000.0
603158.SH,20260819,73200.0,10.19,745908.0,10.36,0.0149153,0.246181,49077.0
603156.SH,20260819,198800.0,52.32,10401216.0,53.7,0.0157743,1.76624,126028.0
603155.SH,20260819,49700.0,14.45,718165.0,14.66,0.0108541,0.534586,45789.1
603153.SH,20260819,13800.0,13.09,180642.0,13.11,0.0034177,0.639851,40378.0
603151.SH,20260819,105000.0,15.52,1629600.0,15.22,0.0613025,1.38889,17128.2
603150.SH,20260819,2500.0,54.0,135000.0,54.4,0.00292456,0.199999,8548.3
603139.SH,20260819,4000.0,36.69,146760.0,36.97,0.00400481,0.213767,9988.0
603138.SH,20260819,11500.0,13.3,152950.0,13.5,0.00398831,0.151818,28834.3
603137.SH,20260819,352000.0,24.91,8768320.0,26.77,0.19242,1.04493,18293.3
603136.SH,20260819,31370.0,9.08999,285153.0,9.09,0.0116131,1.08384,27012.7
603135.SH,20260819,17000.0,9.47,160990.0,9.46,0.00270039,0.276112,62953.8
603132.SH,20260819,7000.0,18.98,132860.0,19.16,0.000715746,0.0833793,97800.0
603131.SH,20260819,232200.0,16.3,3784860.0,15.67,0.0689211,4.28523,33690.7
603130.SH,20260819,8000.0,41.94,335520.0,42.08,0.00581758,0.507479,13751.4
603129.SH,20260819,4900.0,305.0,1494500.0,306.99,0.00319254,0.242012,15348.3
603128.SH,20260819,17700.0,5.38,95226.0,5.38,0.00135213,0.267931,130905.0
603127.SH,20260819,128200.0,52.9,6781780.0,53.9,0.0204232,0.283031,62771.7
603126.SH,20260819,10500.0,6.06,63630.0,6.06,0.0017199,0.174658,61050.0
603091.SH,20260819,6720.0,48.8,327936.0,49.13,0.0152664,0.687407,4401.83
603089.SH,20260819,1499500.0,10.62,15924690.0,11.8,0.624705,34.0317,24003.3
603322.SH,20260819,18100.0,27.01,488881.0,27.35,0.0114857,0.234939,15758.7
603053.SH,20260819,6000.0,8.68,52080.0,8.73,0.000674999,0.215898,88889.0
603051.SH,20260819,12400.0,21.25,263500.0,21.54,0.00767171,0.425263,16163.3
603050.SH,20260819,26400.0,18.88,498432.0,19.16,0.00654568,0.479251,40331.9
603049.SH,20260819,16700.0,49.68,829656.0,49.88,0.00330706,0.713655,50498.0
603048.SH,20260819,4500.0,22.3,100350.0,22.29,0.00306373,0.219246,14688.0
603045.SH,20260819,72800.0,55.98,4075344.0,57.6,0.0537487,1.02757,13544.5
603043.SH,20260819,22400.0,13.73,307552.0,13.69,0.00398256,0.701858,56245.2
603042.SH,20260819,47500.0,13.67,649325.0,13.95,0.0227527,0.615548,20876.7
603041.SH,20260819,14100.0,11.16,157356.0,11.19,0.0076987,0.769065,18314.8
603040.SH,20260819,900.0,56.82,51138.0,57.56,0.000456042,0.0746738,19735.0
603039.SH,20260819,247140.0,42.6,10528164.0,44.07,0.0803344,0.639042,30763.9
603038.SH,20260819,37400.0,15.8,590920.0,16.01,0.0139201,0.343594,26867.7
603037.SH,20260819,12200.0,10.32,125904.0,10.34,0.00458388,0.376925,26615.0
603036.SH,20260819,22900.0,13.62,311898.0,13.74,0.0111162,0.476974,20600.6
603035.SH,20260819,4200.0,11.08,46536.0,11.11,0.00114645,0.125382,36634.7
603033.SH,20260819,16400.0,7.59,124476.0,7.65,0.0016197,0.234411,101253.0
603032.SH,20260819,3500.0,19.32,67620.0,19.51,0.00150291,0.0592514,23288.2
603031.SH,20260819,87100.0,40.69,3544099.0,42.5,0.0277044,0.615114,31439.0
603030.SH,20260819,268800.0,2.1,564480.0,2.08,0.0204111,0.958715,131693.0
603029.SH,20260819,20700.0,16.0,331200.0,16.15,0.0170592,0.895167,12134.2
603028.SH,20260819,31300.0,7.14,223482.0,7.09,0.0110138,1.01435,28419.0
603027.SH,20260819,30900.0,7.36,227424.0,7.36,0.00232202,0.247724,133074.0
603026.SH,20260819,54000.0,66.0,3564000.0,67.06,0.0232057,0.59644,23270.1
603025.SH,20260819,149700.0,14.36,2149692.0,14.5,0.0134965,0.640783,110917.0
603023.SH,20260819,80000.0,4.22,337600.0,4.17,0.0143339,0.802344,55811.7
603022.SH,20260819,13900.0,8.74,121486.0,8.77,0.00695,0.688836,20000.0
603021.SH,20260819,199600.0,5.32,1061872.0,5.24,0.0623851,1.82582,31994.8
603020.SH,20260819,21900.0,10.2,223380.0,10.31,0.00583008,0.311927,37563.8
603052.SH,20260819,79600.0,57.0,4537200.0,60.3,0.0423636,1.0139,18789.7
603055.SH,20260819,25000.0,9.03,225750.0,9.02,0.00281379,0.229372,88848.0
603088.SH,20260819,2900.0,9.23,26767.0,9.28,0.000662294,0.056836,43787.2
603057.SH,20260819,7400.0,22.21,164354.0,22.45,0.00179612,0.254997,41200.0
603087.SH,20260819,48500.0,72.0,3492000.0,72.58,0.00864285,0.199042,56115.7
603086.SH,20260819,70700.0,5.78,408646.0,5.77,0.0162599,1.20682,43481.3
603085.SH,20260819,2000.0,9.97,19940.0,10.01,0.000503651,0.0487407,39710.0
603083.SH,20260819,278896.0,177.99,49640699.0,186.05,0.1012,0.864945,27558.8
603082.SH,20260819,35600.0,43.0,1530800.0,43.61,0.0877779,0.798346,4055.69
603081.SH,20260819,9100.0,9.54,86814.0,9.46,0.00215385,0.240973,42249.9
603080.SH,20260819,9900.0,19.64,194436.0,19.83,0.00699647,0.54272,14150.0
603079.SH,20260819,2601860.0,13.28,34552701.0,14.73,1.37643,22.6754,18903.0
603078.SH,20260819,281200.0,36.55,10277860.0,38.12,0.0729183,0.863603,38563.7
603077.SH,20260819,887200.0,2.42,2147024.0,2.41,0.0100456,0.605345,883171.0
603076.SH,20260819,5500.0,21.21,116655.0,21.29,0.0045567,0.128442,12070.1
603075.SH,20260819,23800.0,19.3,459340.0,19.48,0.0561309,1.13748,4240.09
603073.SH,20260819,20300.0,16.62,337386.0,16.62,0.0398877,1.38674,5089.28
603072.SH,20260819,5600.0,32.43,181608.0,32.51,0.00443635,0.284274,12623.0
603071.SH,20260819,455200.0,13.15,5985880.0,13.2,0.0815837,11.8718,55795.4
603070.SH,20260819,2200.0,11.65,25630.0,11.67,0.000548628,0.0977984,40100.0
603069.SH,20260819,6200.0,13.27,82274.0,13.33,0.00196203,0.22823,31600.0
603068.SH,20260819,79000.0,41.32,3264280.0,42.38,0.0520465,0.655669,15178.7
603067.SH,20260819,335800.0,36.88,12384304.0,37.93,0.0444459,1.00358,75552.5
603066.SH,20260819,7700.0,9.18,70686.0,9.19,0.00261744,0.248671,29418.0
603065.SH,20260819,1177700.0,16.97,19985569.0,18.11,0.281096,2.90718,41896.8
603063.SH,20260819,123800.0,33.0,4085400.0,34.07,0.026783,0.473838,46223.3
603062.SH,20260819,1500.0,39.28,58920.0,39.1,0.00404606,0.530765,3707.31
603061.SH,20260819,25815.0,348.55,8997818.0,366.85,0.0296724,0.671875,8700.0
603060.SH,20260819,34800.0,5.51,191748.0,5.54,0.00432855,0.733091,80396.4
603059.SH,20260819,3700.0,25.21,93277.0,25.21,0.00368347,0.267139,10044.9
603058.SH,20260819,5100.0,9.52,48552.0,9.58,0.00122991,0.071755,41466.4
603169.SH,20260819,35500.0,6.57,233235.0,6.56,0.00271762,0.34569,130629.0
603170.SH,20260819,500.0,12.63,6315.0,12.6,0.000124997,0.0156605,40001.0
603171.SH,20260819,29000.0,44.04,1277160.0,44.49,0.00714479,0.314392,40589.0
603285.SH,20260819,121500.0,37.89,4603635.0,37.89,0.195034,1.66331,6229.68
603283.SH,20260819,282400.0,49.0,13837600.0,51.52,0.0801075,0.943881,35252.6
603282.SH,20260819,5100.0,15.45,78795.0,15.46,0.00381109,0.460463,13382.0
603281.SH,20260819,124200.0,19.0,2359800.0,19.63,0.0239474,2.20935,51863.7
603280.SH,20260819,136300.0,28.93,3943159.0,29.22,0.12573,3.57397,10840.7
603279.SH,20260819,8400.0,12.6,105840.0,12.63,0.00145739,0.17356,57637.3
603278.SH,20260819,224300.0,9.8,2198140.0,9.75,0.065631,1.54267,34175.9
603277.SH,20260819,31000.0,11.36,352160.0,11.57,0.00508408,0.25023,60974.6
603276.SH,20260819,8200.0,16.1,132020.0,16.09,0.0108642,0.325267,7547.74
603275.SH,20260819,1400.0,37.14,51996.0,36.97,0.00337057,0.221066,4153.6
603273.SH,20260819,2300.0,14.6,33580.0,14.6,0.00410286,0.108418,5605.84
603272.SH,20260819,46300.0,14.14,654682.0,14.21,0.0446795,0.956529,10362.7
603271.SH,20260819,3300.0,43.38,143154.0,43.73,0.00348926,0.167483,9457.6
603270.SH,20260819,16500.0,29.69,489885.0,30.14,0.0233325,0.44824,7071.67
603269.SH,20260819,98200.0,18.03,1770546.0,18.21,0.0227343,0.318879,43194.6
603268.SH,20260819,10800.0,184.76,1995408.0,184.81,0.00463023,0.206874,23325.0
603267.SH,20260819,91300.0,51.5,4701950.0,52.3,0.03951,0.956258,23108.1
603266.SH,20260819,5000.0,15.99,79950.0,16.06,0.00251399,0.340677,19888.7
603262.SH,20260819,31900.0,18.61,593659.0,18.75,0.0305708,0.839681,10434.8
603261.SH,20260819,13100.0,51.68,677008.0,52.53,0.0169021,0.391887,7750.5
603260.SH,20260819,97700.0,35.7,3487890.0,36.15,0.0082642,0.994746,118221.0
603259.SH,20260819,294700.0,167.0,49214900.0,167.18,0.0119154,0.467534,247328.0
603258.SH,20260819,16800.0,12.64,212352.0,12.82,0.00696109,0.58521,24134.1
603257.SH,20260819,1600.0,63.8,102080.0,64.29,0.0064257,0.133061,2490.0
603256.SH,20260819,203600.0,150.0,30540000.0,157.22,0.0231435,0.949478,87972.8
603255.SH,20260819,100.0,28.9,2890.0,28.97,0.000164812,0.0104105,6067.52
603248.SH,20260819,63100.0,19.49,1229819.0,19.61,0.0882456,1.77902,7150.5
603239.SH,20260819,14100.0,14.98,211218.0,14.98,0.00520833,0.463091,27072.0
603284.SH,20260819,39292.0,42.16,1656551.0,43.06,0.208405,0.928053,1885.37
603286.SH,20260819,47900.0,44.27,2120533.0,44.74,0.0409807,1.18341,11688.4
603172.SH,20260819,6300.0,17.92,112896.0,17.92,0.00472335,0.414899,13338.0
603288.SH,20260819,54300.0,35.57,1931451.0,35.55,0.00097665,0.493232,555982.0
603321.SH,20260819,20600.0,6.38,131428.0,6.39,0.00597856,0.624249,34456.4
603320.SH,20260819,16400.0,17.01,278964.0,16.93,0.0109959,1.05977,14914.6
603319.SH,20260819,42300.0,28.3,1197090.0,28.66,0.0124724,0.375052,33915.0
603318.SH,20260819,1140200.0,9.48,10809096.0,9.6,0.248371,3.40352,45907.1
603317.SH,20260819,24700.0,14.76,364572.0,14.75,0.00232563,0.209461,106208.0
603316.SH,20260819,72900.0,14.5,1057050.0,14.95,0.0275861,0.783657,26426.4
603315.SH,20260819,13700.0,11.86,162482.0,11.96,0.00427636,0.204311,32036.6
603313.SH,20260819,200300.0,6.13,1227839.0,6.23,0.0351042,0.925061,57058.7
603312.SH,20260819,3100.0,31.47,97557.0,31.47,0.00608804,0.200564,5091.95
603311.SH,20260819,17900.0,30.57,547203.0,31.12,0.00758848,0.497225,23588.4
603310.SH,20260819,11800.0,14.85,175230.0,14.85,0.00608216,0.628431,19401.0
603309.SH,20260819,9200.0,11.78,108376.0,11.84,0.00315207,0.163002,29187.1
603308.SH,20260819,152389.0,49.32,7515825.0,50.02,0.0224415,0.966188,67905.1
603307.SH,20260819,3000.0,25.8,77400.0,25.8,0.00308801,0.475111,9715.0
603306.SH,20260819,114800.0,74.0,8495200.0,77.2,0.0348411,0.797076,32949.6
603305.SH,20260819,122700.0,11.92,1462584.0,11.98,0.0106169,0.868748,115571.0
603303.SH,20260819,2700.0,23.58,63666.0,23.59,0.000566103,0.13263,47694.5
603301.SH,20260819,3100.0,86.17,267127.0,86.4,0.00117479,0.163121,26387.6
603300.SH,20260819,158800.0,4.85,770180.0,4.89,0.00794322,0.252498,199919.0
603299.SH,20260819,37900.0,9.11,345269.0,9.2,0.00485582,0.704362,78050.6
603298.SH,20260819,7100.0,26.3,186730.0,26.26,0.000542063,0.184513,130981.0
603297.SH,20260819,8800.0,107.96,950048.0,109.0,0.00794732,0.632981,11072.9
603296.SH,20260819,216400.0,82.8,17917920.0,84.85,0.0270976,0.688884,79859.6
603293.SH,20260819,2000.0,36.31,72620.0,36.74,0.00569857,0.119188,3509.65
603291.SH,20260819,2700.0,9.05,24435.0,9.01,0.000637965,0.0836529,42322.1
603290.SH,20260819,103500.0,88.3,9139050.0,91.19,0.0432198,1.71982,23947.3
603289.SH,20260819,51000.0,8.94,455940.0,8.95,0.0173825,0.489214,29339.8
603238.SH,20260819,13100.0,12.42,162702.0,12.42,0.00737991,0.60317,17750.9
603237.SH,20260819,24600.0,14.26,350796.0,14.45,0.0129605,1.88639,18980.7
603236.SH,20260819,171680.0,61.01,10474197.0,62.32,0.0426055,0.658184,40295.3
603235.SH,20260819,12300.0,23.18,285114.0,23.41,0.00280963,1.65204,43778.0
603201.SH,20260819,7300.0,16.0,116800.0,16.15,0.00387567,0.168624,18835.5
603200.SH,20260819,9100.0,36.56,332696.0,37.02,0.00518577,0.244355,17548.0
603199.SH,20260819,2600.0,32.61,84786.0,32.65,0.00234911,0.223986,11068.0
603198.SH,20260819,20900.0,39.6,827640.0,40.1,0.0026125,0.231025,80000.0
603197.SH,20260819,20700.0,30.81,637767.0,31.25,0.00980336,0.855155,21115.2
603196.SH,20260819,900.0,20.97,18873.0,21.0,0.000379766,0.0485736,23698.8
603195.SH,20260819,58800.0,39.0,2293200.0,39.35,0.00326637,1.46828,180016.0
603194.SH,20260819,3800.0,33.7,128060.0,33.79,0.00240465,0.385808,15802.7
603193.SH,20260819,5800.0,21.28,123424.0,21.34,0.00561274,0.226186,10333.6
603192.SH,20260819,7500.0,20.66,154950.0,20.85,0.00537995,0.404987,13940.6
603191.SH,20260819,87300.0,15.08,1316484.0,15.45,0.0264574,0.370874,32996.5
603190.SH,20260819,13300.0,16.68,221844.0,16.74,0.00791667,0.780798,16800.0
603189.SH,20260819,7500.0,9.21,69075.0,9.3,0.00278243,0.260697,26954.8
603188.SH,20260819,158200.0,4.66,737212.0,4.69,0.0277461,0.33884,57017.0
603187.SH,20260819,146100.0,11.19,1634859.0,11.24,0.0382099,1.24018,38236.2
603186.SH,20260819,516300.0,174.99,90347337.0,184.2,0.329293,2.99382,15679.1
603185.SH,20260819,24500.0,17.24,422380.0,17.29,0.00360813,0.219559,67902.2
603183.SH,20260819,59400.0,4.73,280962.0,4.73,0.011948,0.351355,49715.3
603182.SH,20260819,57100.0,13.28,758288.0,13.06,0.0347007,2.66444,16455.0
603181.SH,20260819,62800.0,12.77,801956.0,12.93,0.0106676,0.967034,58870.0
603180.SH,20260819,34700.0,15.25,529175.0,15.56,0.0224949,1.433,15425.7
603179.SH,20260819,60200.0,38.88,2340576.0,39.62,0.00842903,0.245206,71419.9
603178.SH,20260819,89800.0,17.46,1567908.0,17.75,0.0379846,0.613591,23641.2
603177.SH,20260819,124000.0,10.65,1320600.0,10.76,0.0607272,1.09902,20419.2
603176.SH,20260819,23500.0,4.85,113975.0,4.9,0.0050886,0.619584,46181.7
603175.SH,20260819,5500.0,94.0,517000.0,96.37,0.0120948,0.198537,4547.42
603173.SH,20260819,5900.0,32.33,190747.0,32.7,0.0036875,0.62046,16000.0
603202.SH,20260819,6700.0,52.24,350008.0,52.42,0.013343,0.770636,5021.36
603203.SH,20260819,99000.0,45.02,4456980.0,46.71,0.0303462,1.2228,32623.5
603205.SH,20260819,2400.0,22.05,52920.0,22.07,0.00580552,0.307589,4134.0
603220.SH,20260819,280800.0,19.42,5453136.0,20.03,0.0523531,0.619734,53635.8
603233.SH,20260819,10900.0,17.96,195764.0,17.91,0.000957102,0.129759,113885.0
603232.SH,20260819,152300.0,14.93,2273839.0,15.61,0.0658452,0.867683,23130.0
603231.SH,20260819,9300.0,16.17,150381.0,16.18,0.00875163,0.507119,10626.6
603230.SH,20260819,10100.0,9.22,93122.0,9.26,0.00285696,0.437425,35352.3
603229.SH,20260819,23100.0,8.13,187803.0,8.16,0.00278214,0.253414,83029.7
603228.SH,20260819,310300.0,92.1,28578630.0,97.9,0.0316016,0.524231,98191.4
603227.SH,20260819,182800.0,7.92,1447776.0,7.98,0.0170571,2.27123,107169.0
603226.SH,20260819,14900.0,48.38,720862.0,48.85,0.00419138,0.371847,35549.2
603225.SH,20260819,37600.0,19.11,718536.0,19.11,0.00225346,0.346411,166855.0
603223.SH,20260819,19400.0,10.94,212236.0,11.04,0.00274857,0.226985,70582.2
603222.SH,20260819,42700.0,8.77,374479.0,8.81,0.00813193,0.202347,52509.1
603221.SH,20260819,603500.0,27.0,16294500.0,30.0,0.249102,1.86575,24227.0
603219.SH,20260819,4700.0,14.36,67492.0,14.41,0.000837193,0.159507,56140.0
603206.SH,20260819,8900.0,14.15,125935.0,14.21,0.00291612,0.181368,30520.0
603218.SH,20260819,14300.0,9.8,140140.0,9.78,0.00138978,0.23912,102894.0
603217.SH,20260819,13600.0,26.3,357680.0,26.77,0.00653571,0.328811,20808.8
603216.SH,20260819,58000.0,21.0,1218000.0,21.43,0.0260452,1.72474,22269.0
603215.SH,20260819,800.0,14.5,11600.0,14.59,0.000427286,0.0726708,18722.8
603214.SH,20260819,6900.0,13.93,96117.0,13.93,0.00498051,0.399295,13854.0
603213.SH,20260819,8700.0,13.67,118929.0,13.69,0.00195552,0.457061,44489.4
603212.SH,20260819,43900.0,11.83,519337.0,11.92,0.0100345,0.416821,43749.1
603211.SH,20260819,32200.0,28.32,911904.0,28.7,0.0118466,0.508359,27180.8
603210.SH,20260819,3100.0,13.8,42780.0,13.83,0.00133232,0.107229,23267.8
603209.SH,20260819,98600.0,13.4,1321240.0,13.48,0.0306695,3.58051,32149.2
603208.SH,20260819,8300.0,11.28,93624.0,11.25,0.00471914,0.372591,17587.9
603207.SH,20260819,3100.0,23.38,72478.0,23.54,0.00567735,0.131561,5460.29
603816.SH,20260819,11400.0,23.9,272460.0,23.87,0.00139726,0.150576,81588.0
603817.SH,20260819,11800.0,5.69,67142.0,5.71,0.00206987,0.18133,57008.4
603818.SH,20260819,86800.0,3.71,322028.0,3.71,0.012643,0.49659,68654.4
688141.SH,20260819,89541.0,135.8,12159668.0,143.58,0.0198838,0.538424,45032.2
688138.SH,20260819,87584.0,35.15,3078578.0,36.75,0.0278221,0.816035,31480.0
688137.SH,20260819,54425.0,59.99,3264956.0,59.99,0.0778418,0.716391,6991.75
688136.SH,20260819,20916.0,20.75,434007.0,20.56,0.0103552,0.43418,20198.5
688135.SH,20260819,96803.0,26.99,2612713.0,27.25,0.0415278,0.823203,23310.4
688133.SH,20260819,9594.0,23.48,225267.0,23.87,0.00583445,0.153681,16443.7
688132.SH,20260819,15918.0,13.35,212505.0,13.54,0.0104569,1.67377,15222.5
688131.SH,20260819,24799.0,100.4,2489820.0,100.4,0.0116299,0.372953,21323.4
688130.SH,20260819,22795.0,24.73,563720.0,25.32,0.037812,0.698297,6028.51
688129.SH,20260819,1900.0,21.31,40489.0,21.31,0.00157704,0.181083,12047.9
688128.SH,20260819,1980.0,22.3101,44174.0,22.48,0.000489493,0.119028,40450.0
688127.SH,20260819,46995.0,69.51,3266622.0,72.01,0.011578,0.692901,40589.8
688126.SH,20260819,1546885.0,26.88,41580269.0,27.79,0.0544275,1.60494,284210.0
688125.SH,20260819,3338.0,132.71,442986.0,134.52,0.00406065,0.291322,8220.35
688123.SH,20260819,103700.0,140.9,14611330.0,150.0,0.0652601,0.808055,15890.3
688122.SH,20260819,75772.0,51.6,3909835.0,51.19,0.0116633,0.907305,64966.4
688121.SH,20260819,214500.0,2.07,444015.0,2.13,0.105839,2.71956,20266.7
688120.SH,20260819,76773.0,280.0,21496440.0,288.68,0.0154696,0.717904,49628.1
688119.SH,20260819,56484.0,4.01,226501.0,4.01,0.0050208,0.64797,112500.0
688118.SH,20260819,18795.0,21.05,395635.0,21.46,0.0201411,0.381964,9331.67
688117.SH,20260819,68409.0,27.31,1868250.0,27.35,0.031047,0.697413,22034.0
688116.SH,20260819,17401.0,32.7,569013.0,32.96,0.00474747,0.329782,36653.2
688115.SH,20260819,6973.0,71.2001,496478.0,72.65,0.0074707,0.189115,9333.8
688114.SH,20260819,26084.0,62.44,1628685.0,62.7,0.00627566,0.195853,41563.8
688113.SH,20260819,5115.0,35.9801,184038.0,36.13,0.00794285,1.04171,6439.76
688112.SH,20260819,151685.0,69.0,10466265.0,69.83,0.0950426,4.43562,15959.7
688111.SH,20260819,76114.0,253.99,19332195.0,258.6,0.0164034,0.748094,46401.3
688110.SH,20260819,318480.0,119.0,37899120.0,124.15,0.0719928,1.90007,44237.7
688139.SH,20260819,24238.0,28.96,701932.0,28.97,0.00765831,0.872904,31649.3
688143.SH,20260819,180075.0,136.57,24592843.0,145.8,0.147151,0.861228,12237.4
688108.SH,20260819,10907.0,18.67,203634.0,18.82,0.00260963,0.0712339,41795.2
688146.SH,20260819,314740.0,279.9,88095726.0,290.28,0.217106,1.59958,14497.1
688177.SH,20260819,46012.0,20.35,936344.0,20.74,0.0111119,0.603119,41408.0
688176.SH,20260819,11510.0,12.85,147904.0,12.94,0.00201156,0.0746445,57219.2
688175.SH,20260819,9358.0,19.7,184353.0,19.94,0.00556652,0.386276,16811.2
688173.SH,20260819,34591.0,14.0,484274.0,14.26,0.008409,0.441079,41135.7
688172.SH,20260819,51576.0,57.06,2942927.0,58.96,0.00430247,0.394763,119875.0
688171.SH,20260819,3100.0,27.94,86614.0,28.3,0.00265296,0.180133,11685.1
688170.SH,20260819,47316.0,54.0,2555064.0,56.27,0.0457779,0.983102,10336.0
688169.SH,20260819,38969.0,119.71,4664979.0,120.8,0.015014,0.589255,25955.1
688168.SH,20260819,55724.0,37.5,2089650.0,39.46,0.0515681,1.67379,10805.9
688167.SH,20260819,176671.0,274.88,48563324.0,288.5,0.135756,1.3119,13013.9
688166.SH,20260819,42719.0,38.31,1636565.0,38.65,0.00980255,0.195199,43579.5
688165.SH,20260819,113177.0,18.25,2065480.0,18.12,0.0216906,1.45259,52178.0
688163.SH,20260819,7200.0,35.38,254736.0,35.27,0.00665311,0.643275,10822.0
688162.SH,20260819,3500.0,22.92,80220.0,23.29,0.00255287,0.342276,13710.1
688161.SH,20260819,0.0,,0.0,22.24,0.0,0.0,40000.0
688160.SH,20260819,7495.0,113.97,854205.0,116.39,0.00821683,0.410391,9121.52
688159.SH,20260819,36102.0,33.76,1218804.0,34.62,0.0388985,0.980546,9281.07
688158.SH,20260819,270188.0,33.98,9180988.0,35.0,0.0659198,0.752898,40987.4
688157.SH,20260819,3720.0,19.3199,71870.0,19.36,0.0019817,0.151079,18771.7
688156.SH,20260819,8800.0,20.62,181456.0,20.71,0.0087376,0.328582,10071.4
688155.SH,20260819,15020.0,61.0,916220.0,61.71,0.0117934,0.801334,12736.0
688153.SH,20260819,18005.0,26.84,483254.0,27.16,0.00430571,0.388436,41816.5
688152.SH,20260819,244189.0,34.17,8343938.0,34.98,0.23964,10.687,10189.8
688151.SH,20260819,7666.0,16.6301,127486.0,16.67,0.00222525,0.204832,34450.0
688150.SH,20260819,61261.0,42.0,2572962.0,43.23,0.0152225,0.630215,40243.8
688148.SH,20260819,109953.0,6.6,725690.0,6.67,0.0215521,0.449465,51017.3
688147.SH,20260819,65880.0,123.18,8115098.0,129.66,0.0141841,0.538697,46446.3
688109.SH,20260819,1400.0,75.54,105756.0,76.09,0.0017757,0.124328,7884.23
688107.SH,20260819,23957.0,33.1,792977.0,33.99,0.00597656,0.366242,40084.9
688036.SH,20260819,70054.0,56.01,3923725.0,56.27,0.00608538,0.427823,115118.0
688072.SH,20260819,56302.0,725.0,40818950.0,755.46,0.0199163,0.890742,28269.3
688070.SH,20260819,13108.0,36.56,479228.0,37.09,0.0148246,0.743583,8842.05
688069.SH,20260819,4121.0,31.66,130471.0,31.59,0.00263099,0.0961101,15663.3
688068.SH,20260819,12727.0,110.48,1406079.0,111.21,0.0137212,0.252361,9275.41
688067.SH,20260819,8213.0,22.6601,186107.0,22.83,0.0120779,0.9998,6800.0
688066.SH,20260819,112005.0,9.37,1049487.0,9.33,0.0425342,1.51969,26332.9
688065.SH,20260819,17919.0,46.8,838609.0,46.88,0.00307159,0.342788,58337.8
688063.SH,20260819,23198.0,45.03,1044606.0,45.39,0.00945471,0.464111,24535.9
688062.SH,20260819,23927.0,32.93,787916.0,33.19,0.0103922,0.208777,23024.0
688061.SH,20260819,27608.0,38.52,1063460.0,39.64,0.0240301,1.57925,11488.9
688060.SH,20260819,1663.0,34.9501,58122.0,35.16,0.00276288,0.478083,6019.07
688059.SH,20260819,39122.0,93.5,3657907.0,96.9,0.0298618,0.645696,13101.0
688058.SH,20260819,4301.0,23.2299,99912.0,23.58,0.00567141,0.494822,7583.65
688057.SH,20260819,5183.0,18.58,96300.0,18.78,0.0018779,0.103877,27600.0
688056.SH,20260819,13999.0,43.91,614696.0,45.88,0.0207539,1.11651,6745.25
688055.SH,20260819,108761.0,3.93,427431.0,3.98,0.00326283,0.679715,333333.0
688053.SH,20260819,30272.0,35.7,1080710.0,34.86,0.030272,7.95325,10000.0
688052.SH,20260819,15653.0,230.18,3603008.0,237.07,0.0109148,0.447987,14341.0
688051.SH,20260819,4300.0,24.64,105952.0,25.01,0.0055603,0.380516,7733.4
688050.SH,20260819,15686.0,41.2,646263.0,41.58,0.00810907,0.317825,19343.8
688049.SH,20260819,27072.0,41.3,1118074.0,42.06,0.0153804,0.461153,17601.6
688048.SH,20260819,153434.0,317.78,48758257.0,336.95,0.08704,1.41254,17628.0
688047.SH,20260819,25673.0,111.85,2871525.0,113.77,0.00640224,0.616112,40100.0
688046.SH,20260819,92504.0,39.6,3663158.0,40.0,0.0225517,0.416415,41018.6
688045.SH,20260819,27704.0,64.11,1776103.0,66.21,0.0392536,0.830348,7057.7
688041.SH,20260819,242243.0,273.05,66144451.0,280.08,0.010422,1.19543,232434.0
688039.SH,20260819,1890.0,35.3,66717.0,35.58,0.00170884,0.121303,11060.1
688038.SH,20260819,4754.0,18.3199,87093.0,18.99,0.00408513,0.233608,11637.3
688071.SH,20260819,16715.0,35.64,595723.0,36.64,0.0197135,0.479551,8478.97
688073.SH,20260819,17370.0,79.0,1372230.0,79.65,0.0191125,0.224822,9088.29
688106.SH,20260819,145594.0,28.87,4203299.0,29.99,0.0274418,0.62923,53055.5
688075.SH,20260819,1000.0,29.77,29770.0,29.85,0.000786889,0.154757,12708.3
688105.SH,20260819,32066.0,22.83,732067.0,23.15,0.0062025,0.165543,51698.5
688103.SH,20260819,17716.0,74.74,1324094.0,77.15,0.0185867,0.671425,9531.56
688102.SH,20260819,1664830.0,41.65,69340170.0,40.0,0.213767,6.66587,77880.7
688101.SH,20260819,11014.0,15.43,169946.0,15.55,0.00331735,0.5054,33201.2
688100.SH,20260819,44319.0,26.2,1161158.0,26.61,0.00901369,0.739875,49168.5
688099.SH,20260819,75098.0,97.0,7284506.0,98.35,0.0177402,0.607083,42332.0
688098.SH,20260819,11353.0,8.39998,95365.0,8.41,0.00276468,0.224049,41064.4
688097.SH,20260819,62339.0,49.88,3109469.0,50.65,0.0139571,0.793276,44664.8
688096.SH,20260819,12560.0,8.85,111156.0,8.93,0.00537313,0.230849,23375.6
688095.SH,20260819,17927.0,62.89,1127429.0,64.26,0.0196225,0.338951,9135.95
688093.SH,20260819,24667.0,26.17,645535.0,26.72,0.00879762,1.0471,28038.3
688092.SH,20260819,2400.0,22.49,53976.0,22.87,0.00290333,0.393807,8266.37
688091.SH,20260819,4073.0,40.74,165934.0,41.26,0.00197045,0.0981449,20670.4
688090.SH,20260819,36892.0,69.99,2582071.0,73.42,0.0232431,0.518208,15872.2
688089.SH,20260819,7112.0,7.57002,53838.0,7.6,0.00427507,0.312809,16636.0
688088.SH,20260819,25153.0,32.99,829797.0,33.38,0.0062699,0.412486,40117.0
688087.SH,20260819,1884.0,39.94,75247.0,40.34,0.00101157,0.0999653,18624.5
688085.SH,20260819,1671.0,13.3501,22308.0,13.47,0.00047659,0.0405924,35061.6
688084.SH,20260819,2700.0,47.0,126900.0,47.08,0.00356864,0.175989,7565.91
688083.SH,20260819,26130.0,55.15,1441070.0,56.0,0.0154026,0.522958,16964.6
688082.SH,20260819,65873.0,324.01,21343511.0,337.4,0.0137979,0.910749,47741.3
688081.SH,20260819,7726.0,29.66,229153.0,29.89,0.00749806,0.502679,10304.0
688080.SH,20260819,6500.0,36.5,237250.0,37.26,0.00882479,0.682512,7365.61
688079.SH,20260819,90500.0,16.69,1510445.0,17.37,0.0223661,0.657985,40463.0
688078.SH,20260819,10049.0,22.66,227710.0,23.02,0.013786,1.66286,7289.3
688077.SH,20260819,81483.0,31.7,2583011.0,32.26,0.0711776,1.97748,11447.9
688076.SH,20260819,700.0,27.39,19173.0,27.5,0.000220948,0.0397049,31681.6
688178.SH,20260819,6723.0,29.31,197051.0,29.52,0.00790961,0.500834,8499.78
688179.SH,20260819,54637.0,23.01,1257197.0,23.64,0.0150928,0.244053,36200.6
688180.SH,20260819,71261.0,38.69,2757088.0,39.1,0.00929822,0.265446,76639.4
688286.SH,20260819,36533.0,49.0,1790117.0,50.75,0.0466497,0.466156,7831.35
688283.SH,20260819,3217.0,29.4601,94773.0,29.61,0.00264122,0.272968,12180.0
688282.SH,20260819,8300.0,64.68,536844.0,64.28,0.00932277,0.690916,8902.93
688281.SH,20260819,22860.0,47.98,1096823.0,48.19,0.00599058,0.831914,38159.9
688280.SH,20260819,51545.0,5.60999,289167.0,5.67,0.00990214,0.495884,52054.4
688279.SH,20260819,43781.0,181.0,7924361.0,185.48,0.0467955,2.39624,9355.81
688278.SH,20260819,168627.0,63.38,10687579.0,60.16,0.041311,3.19877,40818.9
688277.SH,20260819,38474.0,16.8,646363.0,17.04,0.00824835,0.494383,46644.5
688276.SH,20260819,0.0,,0.0,15.65,0.0,0.0,41365.8
688275.SH,20260819,24799.0,82.06,2035006.0,83.66,0.0196633,0.729887,12611.8
688273.SH,20260819,900.0,31.72,28548.0,31.78,0.0009,0.090055,10000.0
688272.SH,20260819,12273.0,30.24,371136.0,29.83,0.0161487,0.883169,7600.0
688271.SH,20260819,28688.0,109.31,3135885.0,109.17,0.00348089,0.538458,82415.8
688270.SH,20260819,629483.0,71.0,44693293.0,68.55,0.210168,10.2563,29951.5
688269.SH,20260819,1600.0,31.88,51008.0,31.88,0.00122414,0.138237,13070.4
688268.SH,20260819,31218.0,152.5,4760745.0,159.89,0.0244498,0.435623,12768.2
688267.SH,20260819,4157.0,19.19,79773.0,19.33,0.00182216,0.226237,22813.6
688266.SH,20260819,16555.0,118.02,1953821.0,120.02,0.00625406,0.270154,26470.8
688265.SH,20260819,21198.0,46.3,981467.0,46.3,0.0271896,0.440612,7796.35
688262.SH,20260819,108417.0,28.29,3067117.0,29.19,0.032267,1.1223,33600.0
688261.SH,20260819,80093.0,73.48,5885234.0,76.1,0.0655981,1.24057,12209.7
688260.SH,20260819,123103.0,113.03,13914332.0,123.9,0.102586,1.39805,12000.0
688259.SH,20260819,6496.0,31.8899,207157.0,32.0,0.00581558,0.496662,11170.0
688258.SH,20260819,21621.0,106.0,2291826.0,109.62,0.0178476,0.598838,12114.2
688257.SH,20260819,119539.0,62.25,7441303.0,64.78,0.033648,0.791901,35526.3
688256.SH,20260819,172309.0,1130.56,194805663.0,1162.5,0.0274249,1.47743,62829.3
688255.SH,20260819,13817.0,27.0,373059.0,27.8,0.012577,0.494724,10985.9
688253.SH,20260819,2963.0,60.3399,178787.0,60.93,0.00216302,0.102944,13698.4
688285.SH,20260819,13705.0,7.64998,104843.0,7.61,0.00364214,0.698546,37629.0
688288.SH,20260819,5000.0,18.47,92350.0,18.5,0.00500933,0.433711,9981.37
688181.SH,20260819,86942.0,39.88,3467247.0,41.38,0.0653552,1.44869,13303.0
688289.SH,20260819,20184.0,15.91,321127.0,15.89,0.00348368,0.210008,57938.8
688318.SH,20260819,16919.0,77.63,1313422.0,79.03,0.0047185,0.243731,35856.7
688317.SH,20260819,40205.0,18.11,728113.0,18.5,0.0211779,1.04188,18984.4
688316.SH,20260819,21941.0,50.88,1116358.0,52.41,0.0458076,0.420188,4789.81
688315.SH,20260819,8710.0,15.5,135005.0,15.66,0.00209274,0.0591157,41620.0
688314.SH,20260819,0.0,,0.0,33.36,0.0,0.0,8162.83
688313.SH,20260819,175267.0,154.0,26991118.0,162.3,0.0387771,0.702842,45198.6
688312.SH,20260819,81009.0,51.0,4131459.0,53.12,0.0552152,1.35416,14671.5
688311.SH,20260819,151457.0,25.0,3786425.0,24.33,0.086494,3.95795,17510.7
688310.SH,20260819,3290.0,14.99,49317.0,15.04,0.00200213,0.258695,16432.5
688309.SH,20260819,3832.0,74.9901,287362.0,75.84,0.00482612,0.134679,7940.13
688308.SH,20260819,135273.0,102.44,13857366.0,107.3,0.0851943,1.40767,15878.2
688307.SH,20260819,28079.0,51.55,1447472.0,53.3,0.0225927,0.463291,12428.4
688306.SH,20260819,37311.0,9.38,349977.0,9.43,0.00303766,0.40368,122828.0
688305.SH,20260819,72194.0,67.52,4874539.0,68.74,0.054604,0.923358,13221.4
688303.SH,20260819,86270.0,18.1,1561487.0,18.26,0.00404559,0.734282,213244.0
688302.SH,20260819,3233.0,38.52,124535.0,37.89,0.00326514,0.193987,9901.56
688301.SH,20260819,32790.0,97.7,3203583.0,100.3,0.0104624,0.431666,31340.9
688300.SH,20260819,125593.0,152.01,19091392.0,160.0,0.052012,0.782517,24146.9
688299.SH,20260819,17996.0,13.15,236647.0,13.34,0.00626181,0.416267,28739.3
688298.SH,20260819,800.0,19.37,15496.0,19.54,0.000396825,0.056895,20160.0
688297.SH,20260819,78823.0,40.45,3188390.0,40.57,0.0116775,1.53253,67500.0
688296.SH,20260819,109293.0,27.28,2981513.0,28.7,0.101769,1.48232,10739.3
688295.SH,20260819,45789.0,42.39,1940996.0,42.12,0.00508767,0.834756,90000.0
688293.SH,20260819,8961.0,64.0,573504.0,64.55,0.00764814,0.158138,11716.6
688292.SH,20260819,6042.0,17.6101,106400.0,17.74,0.00381558,0.218149,15835.1
688291.SH,20260819,15678.0,42.68,669137.0,43.86,0.0152708,0.965497,10266.7
688290.SH,20260819,3001.0,67.6001,202868.0,69.4,0.00293669,0.294827,10219.0
688252.SH,20260819,16809.0,21.11,354838.0,21.42,0.00410957,0.21673,40902.1
688251.SH,20260819,3100.0,22.04,68324.0,22.25,0.003103,0.220354,9990.33
688249.SH,20260819,179584.0,42.8,7686195.0,43.86,0.014837,0.762982,121038.0
688248.SH,20260819,17021.0,47.33,805604.0,48.63,0.00301417,0.348194,56470.0
688210.SH,20260819,45136.0,31.3,1412757.0,31.56,0.0277486,1.07584,16266.1
688209.SH,20260819,18684.0,22.63,422819.0,23.08,0.00430721,0.23446,43378.4
688208.SH,20260819,31195.0,26.33,821364.0,26.63,0.00465468,0.355107,67018.6
688207.SH,20260819,45887.0,20.59,944813.0,21.21,0.0177188,0.367892,25897.3
688206.SH,20260819,59884.0,41.07,2459436.0,41.9,0.0137167,0.638725,43657.9
688205.SH,20260819,109678.0,164.8,18074934.0,175.5,0.068877,0.834917,15923.7
688203.SH,20260819,61789.0,11.53,712427.0,12.02,0.0304863,0.726388,20267.8
688202.SH,20260819,40844.0,108.51,4431982.0,108.5,0.0304007,0.407946,13435.2
688201.SH,20260819,0.0,,0.0,7.21,0.0,0.0,31715.4
688200.SH,20260819,15660.0,425.11,6657223.0,437.9,0.00779887,0.394799,20079.8
688199.SH,20260819,9190.0,23.8,218722.0,24.28,0.00570003,0.235456,16122.7
688198.SH,20260819,321.0,78.8006,25295.0,79.29,0.000233034,0.0370605,13774.8
688197.SH,20260819,197.0,36.7513,7240.0,37.16,0.000307789,0.00942366,6400.49
688196.SH,20260819,18139.0,35.99,652823.0,36.11,0.0142613,1.04637,12719.1
688195.SH,20260819,177215.0,173.52,30750347.0,185.9,0.0978602,1.21537,18109.0
688193.SH,20260819,488.0,47.9898,23419.0,48.17,0.00121787,0.106611,4006.99
688192.SH,20260819,33150.0,60.1,1992315.0,61.24,0.00718755,0.34067,46121.4
688191.SH,20260819,51368.0,22.5,1155780.0,23.25,0.0156608,0.526728,32800.3
688190.SH,20260819,1907.0,75.8301,144608.0,76.62,0.00158917,0.17945,12000.0
688189.SH,20260819,6245.0,6.66005,41592.0,6.74,0.00228898,0.090794,27282.9
688188.SH,20260819,20450.0,105.88,2165246.0,107.15,0.00504244,0.696161,40555.7
688187.SH,20260819,72269.0,49.0,3541181.0,49.83,0.00831723,1.23489,86890.8
688186.SH,20260819,12451.0,14.21,176929.0,14.21,0.00443903,0.324817,28048.9
688185.SH,20260819,1822.0,55.6098,101321.0,55.94,0.00159303,0.0714774,11437.3
688184.SH,20260819,0.0,,0.0,11.45,0.0,0.0,9816.79
688183.SH,20260819,206745.0,110.0,22741950.0,114.76,0.0246833,1.32568,83759.1
688182.SH,20260819,113198.0,31.09,3519326.0,31.4,0.0282995,1.14418,40000.0
688211.SH,20260819,0.0,,0.0,31.68,0.0,0.0,13109.3
688212.SH,20260819,10130.0,30.45,308459.0,30.7,0.00752236,0.164913,13466.5
688213.SH,20260819,32622.0,98.68,3219139.0,99.84,0.0100838,0.480023,32350.9
688230.SH,20260819,14684.0,56.8,834051.0,57.78,0.0124864,1.20727,11760.0
688247.SH,20260819,91458.0,9.96,910922.0,10.06,0.0201743,0.523544,45334.0
688246.SH,20260819,4977.0,17.9799,89486.0,18.1,0.00361738,0.189345,13758.6
688244.SH,20260819,2648.0,15.23,40329.0,15.38,0.00175409,0.159815,15096.2
688239.SH,20260819,164177.0,49.99,8207208.0,48.61,0.0859958,5.02576,19091.3
688238.SH,20260819,62969.0,7.11001,447710.0,7.16,0.00972595,0.209155,64743.3
688237.SH,20260819,12107.0,60.98,738285.0,62.44,0.0134999,0.507238,8968.2
688236.SH,20260819,4628.0,14.7401,68217.0,14.75,0.00160456,0.193162,28842.8
688235.SH,20260819,19657.0,293.03,5760091.0,293.78,0.0170848,0.312913,11505.5
688234.SH,20260819,127554.0,115.0,14668710.0,120.65,0.0296837,0.875103,42971.1
688233.SH,20260819,115470.0,125.02,14436059.0,134.2,0.0678016,0.954797,17030.6
688232.SH,20260819,5576.0,18.46,102933.0,18.61,0.00173177,0.277006,32198.2
688231.SH,20260819,22766.0,31.72,722138.0,31.76,0.00712374,0.697041,31957.9
688229.SH,20260819,2300.0,69.98,160954.0,69.8,0.00518018,0.190169,4440.0
688215.SH,20260819,9733.0,46.36,451222.0,46.72,0.0107724,0.658058,9035.13
688228.SH,20260819,9094.0,77.0,700238.0,78.73,0.0134625,0.273248,6755.08
688227.SH,20260819,18715.0,79.0,1478485.0,81.17,0.0165538,0.54839,11305.5
688226.SH,20260819,17779.0,30.0,533370.0,30.91,0.00941806,0.37627,18877.6
688225.SH,20260819,34141.0,12.59,429835.0,12.54,0.00853504,0.497927,40001.0
688223.SH,20260819,246261.0,4.48,1103249.0,4.48,0.002398,0.324856,1026940.0
688222.SH,20260819,77918.0,37.7,2937509.0,37.66,0.0194464,0.298059,40068.0
688221.SH,20260819,45602.0,21.46,978619.0,21.83,0.0121742,0.249951,37457.9
688220.SH,20260819,48925.0,101.12,4947296.0,103.5,0.0116961,0.561877,41830.1
688219.SH,20260819,5636.0,10.5701,59573.0,10.63,0.00102547,0.115156,54960.0
688218.SH,20260819,5886.0,46.7,274876.0,47.25,0.00505343,0.157203,11647.5
688217.SH,20260819,7309.0,23.7199,173369.0,23.96,0.0130855,0.8,5585.59
688216.SH,20260819,12894.0,32.42,418023.0,33.13,0.0121365,0.335754,10624.2
688037.SH,20260819,39791.0,347.5,13827373.0,356.5,0.0197213,0.771327,20176.7
688035.SH,20260819,60279.0,70.0,4219530.0,71.65,0.0423784,0.65687,14224.0
603819.SH,20260819,115300.0,14.08,1623424.0,14.49,0.0529554,1.59713,21773.0
603987.SH,20260819,1400.0,7.57,10598.0,7.59,0.00032052,0.0341868,43679.1
603985.SH,20260819,88900.0,17.96,1596644.0,18.33,0.0201652,0.595721,44085.8
603983.SH,20260819,11300.0,28.0,316400.0,28.23,0.00281796,0.276208,40100.0
603982.SH,20260819,16400.0,6.15,100860.0,6.15,0.00482987,0.44739,33955.4
603980.SH,20260819,106400.0,7.0,744800.0,7.08,0.0157203,0.297677,67683.3
603979.SH,20260819,62300.0,74.0,4610200.0,76.88,0.00998729,0.704233,62379.3
603978.SH,20260819,63900.0,19.9,1271610.0,19.67,0.0302708,0.935328,21109.4
603977.SH,20260819,58200.0,12.0,698400.0,12.06,0.00936833,0.813449,62124.2
603976.SH,20260819,6100.0,28.25,172325.0,28.33,0.00355448,0.194709,17161.5
603970.SH,20260819,32900.0,10.81,355649.0,10.83,0.0122396,1.44689,26880.0
603969.SH,20260819,31600.0,7.3,230680.0,7.37,0.00371086,0.198682,85155.4
603968.SH,20260819,13500.0,10.55,142425.0,10.54,0.00660211,0.74477,20448.0
603967.SH,20260819,6100.0,11.47,69967.0,11.47,0.00175962,0.307871,34666.7
603966.SH,20260819,17600.0,7.89,138864.0,7.89,0.00338659,0.367379,51969.7
603960.SH,20260819,51000.0,16.1,821100.0,16.56,0.019451,1.25944,26219.8
603959.SH,20260819,2500.0,5.0,12500.0,5.01,0.000509893,0.0179087,49029.9
603958.SH,20260819,1161800.0,19.88,23096584.0,18.46,0.529632,39.4028,21936.0
603956.SH,20260819,129800.0,6.94,900812.0,7.07,0.0227757,0.288829,56990.6
603955.SH,20260819,7600.0,19.56,148656.0,19.7,0.00559976,0.333458,13572.0
603950.SH,20260819,42300.0,61.47,2600181.0,63.92,0.0130608,0.511525,32386.9
603949.SH,20260819,11700.0,14.45,169065.0,14.57,0.00556599,0.519312,21020.5
603948.SH,20260819,11100.0,20.77,230547.0,20.76,0.00683122,1.00829,16248.9
603939.SH,20260819,12000.0,24.06,288720.0,24.0,0.000989778,0.0964386,121239.0
603938.SH,20260819,163700.0,44.5,7284650.0,46.5,0.0427835,0.971703,38262.4
603937.SH,20260819,36300.0,11.7,424710.0,11.72,0.0173774,0.905552,20889.2
603936.SH,20260819,3145500.0,18.57,58411935.0,19.12,0.49897,5.72614,63039.8
603933.SH,20260819,7900.0,20.6,162740.0,20.82,0.00380641,0.16994,20754.5
603931.SH,20260819,47300.0,37.62,1779426.0,38.77,0.0237023,0.632483,19955.8
603986.SH,20260819,1134635.0,417.0,473142795.0,436.74,0.169731,2.12322,66849.2
603988.SH,20260819,35200.0,20.0,704000.0,20.36,0.014966,0.26088,23520.0
603928.SH,20260819,74000.0,13.09,968660.0,13.43,0.0217197,0.384274,34070.4
603989.SH,20260819,445400.0,29.44,13112576.0,30.98,0.111691,1.00837,39878.0
605066.SH,20260819,74600.0,7.6,566960.0,7.71,0.0148477,0.441421,50243.3
605060.SH,20260819,33100.0,44.8,1482880.0,46.38,0.0138561,0.69795,23888.4
605058.SH,20260819,37500.0,27.45,1029375.0,27.93,0.0262375,1.94657,14292.5
605056.SH,20260819,7600.0,14.79,112404.0,14.91,0.00188402,0.125029,40339.3
605055.SH,20260819,3000.0,9.61,28830.0,9.73,0.000681818,0.0892061,44000.0
605050.SH,20260819,11000.0,10.55,116050.0,10.56,0.00223201,0.521534,49282.9
605033.SH,20260819,173200.0,19.24,3332368.0,19.72,0.128107,2.69208,13520.0
605028.SH,20260819,1600.0,24.95,39920.0,25.21,0.001,0.0838349,16000.0
605020.SH,20260819,135400.0,34.0,4603600.0,34.69,0.0269226,1.03163,50292.4
605018.SH,20260819,4000.0,12.79,51160.0,12.85,0.000850945,0.0884654,47006.6
605016.SH,20260819,18300.0,20.27,370941.0,20.44,0.00435702,0.201099,42001.2
605011.SH,20260819,14500.0,17.35,251575.0,17.32,0.00362409,0.239295,40010.0
605009.SH,20260819,8200.0,23.91,196062.0,24.12,0.00381471,0.753818,21495.7
605008.SH,20260819,18000.0,12.55,225900.0,12.62,0.00278654,0.417441,64596.2
605007.SH,20260819,3100.0,15.61,48391.0,15.76,0.000653213,0.04443,47457.7
605006.SH,20260819,349600.0,14.71,5142616.0,15.37,0.0534883,0.883723,65360.1
605005.SH,20260819,3800.0,15.86,60268.0,15.85,0.000947631,0.288851,40100.0
605003.SH,20260819,79400.0,23.24,1845256.0,22.43,0.0721818,7.44796,11000.0
605001.SH,20260819,12600.0,5.73,72198.0,5.75,0.00320704,0.319851,39288.6
603999.SH,20260819,14300.0,5.66,80938.0,5.71,0.00248264,0.181191,57600.0
603998.SH,20260819,165400.0,10.29,1701966.0,10.37,0.0376696,0.514969,43908.1
603997.SH,20260819,104500.0,12.2,1274900.0,12.21,0.0082137,0.531646,127226.0
603995.SH,20260819,83500.0,27.08,2261180.0,27.53,0.0229642,0.895762,36361.0
603993.SH,20260819,1883127.0,18.3,34461224.0,18.82,0.0107849,0.840444,1746080.0
603992.SH,20260819,17500.0,21.66,379050.0,21.87,0.00394997,0.424387,44304.2
603991.SH,20260819,20300.0,137.5,2791250.0,140.55,0.0226723,1.08033,8953.65
603990.SH,20260819,94200.0,23.57,2220294.0,23.66,0.0308604,0.261098,30524.5
603929.SH,20260819,68500.0,175.18,11999830.0,182.95,0.0321054,1.04889,21336.0
603927.SH,20260819,71700.0,13.2,946440.0,13.39,0.00862774,0.714162,83104.0
688033.SH,20260819,4500.0,6.12,27540.0,6.1,0.000800429,0.111763,56219.9
603880.SH,20260819,1073600.0,9.29,9973744.0,9.39,0.371434,6.17154,28904.2
603878.SH,20260819,31600.0,5.07,160212.0,5.08,0.00563129,0.34193,56115.0
603877.SH,20260819,12400.0,12.95,160580.0,13.03,0.0026421,0.551756,46932.4
603876.SH,20260819,43100.0,22.51,970181.0,22.8,0.00463806,0.205925,92926.7
603871.SH,20260819,27900.0,12.23,341217.0,12.16,0.00203946,0.412814,136801.0
603869.SH,20260819,6000.0,8.69,52140.0,8.82,0.00122794,0.679668,48862.2
603868.SH,20260819,2700.0,30.8,83160.0,30.84,0.000619835,0.274517,43560.0
603867.SH,20260819,7800.0,29.11,227058.0,29.38,0.00361636,0.164128,21568.7
603866.SH,20260819,41900.0,4.26,178494.0,4.28,0.00261921,0.399387,159972.0
603863.SH,20260819,11300.0,12.83,144979.0,12.8,0.00552162,0.17901,20465.0
603861.SH,20260819,22700.0,12.39,281253.0,12.55,0.00429447,0.23084,52858.6
603860.SH,20260819,9700.0,26.42,256274.0,26.42,0.0145471,1.30642,6668.0
603859.SH,20260819,19600.0,41.45,812420.0,41.82,0.00800988,0.319921,24469.8
603858.SH,20260819,22600.0,15.67,354142.0,15.79,0.00214306,0.280728,105457.0
603856.SH,20260819,42900.0,11.25,482625.0,11.35,0.0152097,1.68237,28205.6
603855.SH,20260819,300.0,16.23,4869.0,16.3,8.94101e-05,0.0277331,33553.2
603848.SH,20260819,16900.0,13.28,224432.0,13.33,0.00419973,0.667425,40240.7
603843.SH,20260819,113300.0,6.65,753445.0,6.72,0.0161944,0.998386,69962.3
603839.SH,20260819,23400.0,7.16,167544.0,7.18,0.00604626,0.713927,38701.6
603838.SH,20260819,2200.0,9.7,21340.0,9.76,0.000687466,0.0855592,32001.6
603836.SH,20260819,8500.0,8.89,75565.0,8.99,0.00304737,0.289776,27892.9
603833.SH,20260819,128500.0,32.47,4172395.0,32.01,0.0212142,2.58131,60572.7
603829.SH,20260819,2500.0,15.22,38050.0,15.37,0.00134217,0.0706824,18626.6
603828.SH,20260819,16700.0,4.31,71977.0,4.34,0.0028023,0.863917,59594.0
603826.SH,20260819,31800.0,17.48,555864.0,17.66,0.00373345,0.410812,85176.0
603825.SH,20260819,1500.0,8.04,12060.0,8.04,0.000592098,0.0702996,25333.7
603823.SH,20260819,553000.0,91.0,50323000.0,85.9,0.132815,2.75704,41636.8
603822.SH,20260819,4000.0,57.06,228240.0,58.2,0.00520658,0.615612,7682.59
603879.SH,20260819,60400.0,5.45,329180.0,5.45,0.0168084,0.737539,35934.4
603881.SH,20260819,583200.0,27.79,16207128.0,28.35,0.0676525,0.683811,86205.2
603926.SH,20260819,8400.0,16.73,140532.0,16.76,0.00363891,0.164546,23083.9
603882.SH,20260819,25100.0,28.73,721123.0,28.94,0.00545493,0.217158,46013.5
603922.SH,20260819,5200.0,13.2,68640.0,13.2,0.00290179,0.245457,17920.0
603920.SH,20260819,166000.0,39.68,6586880.0,40.69,0.0230366,0.456899,72059.2
603919.SH,20260819,21700.0,16.39,355663.0,16.55,0.00427788,0.198253,50726.0
603918.SH,20260819,47700.0,10.42,497034.0,10.52,0.0130646,0.135849,36510.8
603917.SH,20260819,13400.0,12.55,168170.0,12.57,0.00657378,0.527512,20384.0
603916.SH,20260819,273900.0,12.1,3314190.0,12.14,0.0651634,1.60498,42032.8
603915.SH,20260819,44200.0,13.9,614380.0,13.88,0.00673132,0.938279,65663.2
603912.SH,20260819,219600.0,8.33,1829268.0,8.59,0.0404922,0.503885,54232.6
603909.SH,20260819,22300.0,9.51,212073.0,9.56,0.00855477,1.38417,26067.3
603908.SH,20260819,14600.0,19.1,278860.0,19.1,0.0156775,1.63918,9312.7
603906.SH,20260819,133500.0,19.74,2635290.0,20.03,0.0237124,0.594235,56299.6
603903.SH,20260819,51700.0,14.49,749133.0,14.76,0.0202491,0.379597,25531.9
603901.SH,20260819,15300.0,9.71,148563.0,9.74,0.0026894,0.213466,56889.9
603900.SH,20260819,32100.0,6.1,195810.0,6.16,0.00936614,0.478435,34272.4
603899.SH,20260819,7100.0,22.47,159537.0,22.47,0.000775282,0.29633,91579.5
603898.SH,20260819,60300.0,11.36,685008.0,11.62,0.0200846,1.56084,30022.9
603897.SH,20260819,103800.0,31.0,3217800.0,32.1,0.050282,0.361103,20643.6
603896.SH,20260819,4700.0,15.19,71393.0,15.25,0.00237082,0.225425,19824.4
603895.SH,20260819,5400.0,25.8,139320.0,26.08,0.0049963,0.359903,10808.0
603893.SH,20260819,214100.0,192.08,41124328.0,198.05,0.0506039,1.44283,42309.0
603890.SH,20260819,549013.0,19.18,10530069.0,20.27,0.122868,1.04125,44683.2
603889.SH,20260819,31000.0,5.72,177320.0,5.72,0.00329039,0.486796,94213.7
603888.SH,20260819,24900.0,16.16,402384.0,16.23,0.00335484,0.295477,74221.2
603887.SH,20260819,1230600.0,9.88,12158328.0,10.33,0.204409,1.77891,60202.9
603886.SH,20260819,84500.0,11.06,934570.0,11.21,0.0352083,1.49835,24000.0
603885.SH,20260819,43000.0,10.51,451930.0,10.55,0.00198248,0.43083,216901.0
603883.SH,20260819,83000.0,13.26,1100580.0,13.27,0.010937,0.276914,75889.0
605068.SH,20260819,35200.0,18.15,638880.0,18.38,0.0217018,0.542226,16219.8
605069.SH,20260819,21900.0,10.76,235644.0,10.81,0.0103449,0.587566,21169.8
605077.SH,20260819,39600.0,11.26,445896.0,11.21,0.0132251,1.1258,29943.0
688001.SH,20260819,96831.0,57.0,5519367.0,59.45,0.0205339,0.934012,47156.6
605598.SH,20260819,89500.0,30.0,2685000.0,28.92,0.0368287,3.15014,24301.7
605589.SH,20260819,355300.0,41.01,14570853.0,42.62,0.0420017,0.907933,84591.9
605588.SH,20260819,9500.0,48.52,460940.0,49.51,0.012996,0.767914,7309.96
605580.SH,20260819,74500.0,18.75,1396875.0,18.75,0.0266071,1.7954,28000.0
605577.SH,20260819,614800.0,10.77,6621396.0,10.76,0.13833,9.81313,44444.4
605567.SH,20260819,14700.0,9.2,135240.0,9.23,0.00735,0.611161,20000.0
605566.SH,20260819,12300.0,27.11,333453.0,27.71,0.00922454,0.432104,13334.0
605555.SH,20260819,13800.0,12.46,171948.0,12.46,0.00285083,0.416488,48406.9
605507.SH,20260819,8600.0,15.72,135192.0,15.74,0.00109925,0.132034,78235.3
605500.SH,20260819,9400.0,7.12,66928.0,7.12,0.00226834,0.285364,41440.0
605499.SH,20260819,43600.0,122.96,5361056.0,122.57,0.00644954,0.586363,67601.7
605488.SH,20260819,49500.0,30.68,1518660.0,30.98,0.0179362,0.632589,27597.8
605399.SH,20260819,16000.0,11.11,177760.0,11.11,0.00514396,0.522384,31104.4
605398.SH,20260819,19400.0,20.42,396148.0,20.78,0.0119226,0.503973,16271.6
605389.SH,20260819,1500.0,75.02,112530.0,76.02,0.000846755,0.180159,17714.7
605388.SH,20260819,163600.0,6.14,1004504.0,6.31,0.0272447,0.680029,60048.4
605378.SH,20260819,4800.0,14.25,68400.0,14.35,0.00183664,0.317574,26134.6
605377.SH,20260819,23400.0,8.79,205686.0,8.88,0.00420357,0.3598,55667.0
605376.SH,20260819,162200.0,159.37,25849814.0,169.15,0.0620031,1.02775,26160.0
605369.SH,20260819,4200.0,17.52,73584.0,17.48,0.0019108,0.254254,21980.3
605368.SH,20260819,7300.0,6.65,48545.0,6.67,0.0010215,0.162992,71463.6
605366.SH,20260819,82900.0,8.28,686412.0,8.48,0.0107268,0.348196,77282.8
605365.SH,20260819,11000.0,14.13,155430.0,14.18,0.00219118,0.333556,50201.3
605358.SH,20260819,1043100.0,48.14,50214834.0,49.62,0.135082,2.16052,77219.9
605339.SH,20260819,39500.0,14.74,582230.0,14.82,0.00930966,0.954385,42429.1
605338.SH,20260819,30000.0,19.74,592200.0,20.07,0.0125226,0.974584,23956.7
605337.SH,20260819,26100.0,9.85,257085.0,9.89,0.00669055,0.456225,39010.3
605599.SH,20260819,56900.0,15.6,887640.0,15.89,0.00731571,0.716117,77777.8
688002.SH,20260819,105427.0,171.0,18028017.0,174.84,0.0226457,0.948155,46555.0
605080.SH,20260819,3100.0,20.38,63178.0,20.45,0.00220874,0.255228,14035.1
688003.SH,20260819,91176.0,85.98,7839312.0,90.2,0.0468092,1.29497,19478.2
688032.SH,20260819,1478.0,77.2997,114249.0,77.7,0.00119123,0.177363,12407.4
688031.SH,20260819,38898.0,111.6,4341017.0,115.5,0.032111,0.482129,12113.6
688030.SH,20260819,1800.0,17.58,31644.0,17.58,0.000998691,0.0452646,18023.6
688029.SH,20260819,3500.0,72.8,254800.0,73.16,0.00186321,0.13407,18784.7
688028.SH,20260819,49173.0,93.0,4573089.0,97.69,0.0325759,0.683195,15094.9
688027.SH,20260819,8875.0,408.8,3628100.0,415.2,0.0110421,0.59416,8037.44
688026.SH,20260819,29808.0,16.57,493919.0,16.74,0.0212429,0.397837,14032.0
688025.SH,20260819,29411.0,404.0,11882044.0,419.99,0.0309428,0.694586,9504.94
688023.SH,20260819,10246.0,39.31,402770.0,39.8,0.0100279,0.338478,10217.5
688022.SH,20260819,16899.0,8.25002,139417.0,8.28,0.00960835,0.966296,17587.8
688021.SH,20260819,3000.0,21.08,63240.0,21.25,0.003926,0.294182,7641.37
688020.SH,20260819,31874.0,142.0,4526108.0,149.64,0.0386806,0.628761,8240.3
688019.SH,20260819,70499.0,264.0,18611736.0,272.98,0.0308723,1.06499,22835.7
688018.SH,20260819,29369.0,111.95,3287860.0,113.58,0.0125303,0.663111,23438.4
688017.SH,20260819,121887.0,366.57,44680118.0,380.8,0.066485,1.16301,18333.0
688016.SH,20260819,8692.0,92.28,802098.0,92.16,0.00705164,0.603689,12326.2
688015.SH,20260819,200.0,15.91,3182.0,15.92,0.000105999,0.0172895,18868.1
688013.SH,20260819,2292.0,26.0999,59821.0,26.24,0.0028242,0.183555,8115.56
688012.SH,20260819,239797.0,382.84,91803883.0,398.33,0.0254508,1.10229,94219.7
688011.SH,20260819,10447.0,88.49,924455.0,88.35,0.0105352,0.428579,9916.25
688010.SH,20260819,39859.0,28.14,1121632.0,28.32,0.0248247,1.02914,16056.2
688009.SH,20260819,129529.0,4.92,637283.0,4.91,0.00150248,0.660742,862102.0
688008.SH,20260819,712182.0,208.01,148140978.0,218.0,0.0622121,1.62304,114476.0
688007.SH,20260819,20500.0,10.99,225295.0,11.08,0.00446025,0.394472,45961.6
688006.SH,20260819,169110.0,24.3,4109373.0,25.1,0.0280135,1.26555,60367.2
688005.SH,20260819,66002.0,27.1,1788654.0,27.5,0.00923597,0.608112,71461.9
688004.SH,20260819,8074.0,22.78,183926.0,23.2,0.0100814,0.264019,8008.8
605336.SH,20260819,9100.0,10.85,98735.0,10.91,0.0049615,0.281901,18341.2
605333.SH,20260819,253400.0,19.0,4814600.0,18.66,0.0546073,9.78491,46404.0
605319.SH,20260819,1200.0,25.0,30000.0,25.02,0.000344677,0.0574622,34815.2
605318.SH,20260819,8400.0,82.72,694848.0,84.57,0.00668103,0.548343,12572.9
605177.SH,20260819,6700.0,19.18,128506.0,19.0,0.00589517,0.200664,11365.2
605169.SH,20260819,84300.0,10.63,896109.0,10.84,0.0298006,2.41779,28288.0
605168.SH,20260819,72600.0,46.2,3354120.0,47.29,0.0344375,1.17321,21081.7
605167.SH,20260819,29100.0,14.48,421368.0,14.53,0.00570692,0.347079,50990.8
605166.SH,20260819,20300.0,8.34,169302.0,8.4,0.00644989,0.395363,31473.4
605162.SH,20260819,473900.0,9.7,4596830.0,9.72,0.107012,1.80673,44284.6
605158.SH,20260819,14200.0,7.31,103802.0,7.35,0.00277658,0.531846,51142.0
605155.SH,20260819,11400.0,14.7,167580.0,14.71,0.00608232,0.458057,18742.8
605151.SH,20260819,6700.0,19.36,129712.0,19.33,0.00497941,0.541148,13455.4
605138.SH,20260819,11300.0,5.86,66218.0,5.91,0.00203394,0.321657,55557.2
605136.SH,20260819,24300.0,8.1,196830.0,8.13,0.00606804,0.255278,40045.9
605133.SH,20260819,133600.0,28.86,3855696.0,29.02,0.0473561,1.69033,28211.8
605128.SH,20260819,28200.0,25.08,707256.0,25.15,0.00898127,0.425443,31398.7
605123.SH,20260819,104900.0,82.95,8701455.0,80.69,0.0865719,6.22065,12117.1
605122.SH,20260819,37900.0,11.58,438882.0,11.73,0.0219896,1.68491,17235.4
605118.SH,20260819,8000.0,30.0,240000.0,30.36,0.00195662,0.312843,40886.9
605117.SH,20260819,73460.0,96.0,7052160.0,98.42,0.00576957,0.402204,127323.0
605116.SH,20260819,3500.0,20.3,71050.0,20.39,0.00086168,0.0740162,40618.3
605111.SH,20260819,196300.0,61.0,11974300.0,63.5,0.0472633,0.90133,41533.3
605108.SH,20260819,15600.0,12.7,198120.0,12.66,0.006,0.696208,26000.0
605100.SH,20260819,6300.0,34.5,217350.0,35.25,0.00264812,0.136644,23790.5
605099.SH,20260819,3300.0,33.31,109923.0,33.32,0.000820638,0.321206,40212.6
605098.SH,20260819,5200.0,55.9,290680.0,56.61,0.00436055,0.251269,11925.1
605090.SH,20260819,441100.0,37.47,16528017.0,37.21,0.0624901,2.66213,70587.2
605089.SH,20260819,2400.0,20.66,49584.0,20.77,0.00173913,0.272157,13800.0
605088.SH,20260819,6300.0,21.38,134694.0,21.55,0.00313131,0.21374,20119.4
605086.SH,20260819,900.0,23.99,21591.0,24.02,0.000502232,0.0907672,17920.0
605178.SH,20260819,35300.0,67.23,2373219.0,69.89,0.0356278,0.73886,9908.0
605179.SH,20260819,758000.0,34.75,26340500.0,38.61,0.189027,2.22092,40100.0
605180.SH,20260819,1471400.0,11.79,17347806.0,13.1,0.870651,28.9936,16900.0
605266.SH,20260819,7300.0,16.79,122567.0,16.85,0.00472361,0.315926,15454.3
605305.SH,20260819,3900.0,38.4,149760.0,38.77,0.00183512,0.135557,21252.0
605303.SH,20260819,11600.0,21.8,252880.0,22.23,0.00719436,0.347447,16123.7
605300.SH,20260819,8000.0,10.08,80640.0,10.08,0.00176057,0.239917,45439.9
605299.SH,20260819,84000.0,12.92,1085280.0,12.94,0.0206054,0.952867,40765.9
605298.SH,20260819,700.0,47.21,33047.0,47.47,0.000375837,0.0831664,18625.1
605296.SH,20260819,10500.0,31.13,326865.0,31.12,0.00202709,0.356375,51798.4
605289.SH,20260819,19000.0,114.53,2176070.0,116.74,0.0124603,0.461673,15248.4
605288.SH,20260819,3800.0,61.0,231800.0,61.8,0.00386656,0.116146,9827.85
605287.SH,20260819,49500.0,38.75,1918125.0,39.89,0.0353571,1.26565,14000.0
605286.SH,20260819,101800.0,26.96,2744528.0,27.52,0.0605952,1.03562,16800.0
605277.SH,20260819,17900.0,14.94,267426.0,15.11,0.00463495,0.321346,38619.6
605268.SH,20260819,955900.0,10.01,9568559.0,10.16,0.216979,28.2053,44055.0
605259.SH,20260819,2500.0,18.15,45375.0,18.18,0.00144944,0.351037,17248.0
605183.SH,20260819,0.0,,0.0,14.68,0.0,0.0,41242.9
605258.SH,20260819,18400.0,27.47,505448.0,27.74,0.0209091,1.27975,8800.0
605255.SH,20260819,49300.0,70.51,3476143.0,73.3,0.0367691,4.78469,13408.0
605228.SH,20260819,8600.0,11.08,95288.0,11.17,0.00180242,0.188564,47713.5
605222.SH,20260819,54800.0,20.48,1122304.0,20.93,0.0132717,0.809978,41290.8
605218.SH,20260819,4000.0,14.41,57640.0,14.53,0.0018794,0.170312,21283.3
605208.SH,20260819,27335.0,14.86,406198.0,15.12,0.00828484,0.265382,32994.0
605199.SH,20260819,100.0,5.91,591.0,5.91,2.49932e-05,0.00631058,40010.9
605198.SH,20260819,12500.0,67.71,846375.0,68.39,0.00462046,0.425443,27053.6
605196.SH,20260819,32100.0,35.5,1139550.0,35.91,0.00632699,0.215371,50735.1
605189.SH,20260819,70200.0,15.6,1095120.0,15.93,0.0294667,0.416476,23823.5
605188.SH,20260819,83800.0,13.0,1089400.0,13.23,0.0165043,1.36992,50774.6
605186.SH,20260819,1400.0,27.66,38724.0,27.7,0.00102941,0.0519307,13600.0
603019.SH,20260819,328664.0,87.91,28892852.0,89.87,0.0224642,0.668531,146305.0
603018.SH,20260819,15700.0,5.28,82896.0,5.27,0.00191663,0.228279,81914.8
603017.SH,20260819,158800.0,9.96,1581648.0,9.7,0.0574966,4.15191,27619.0
600476.SH,20260819,300.0,9.59,2877.0,9.6,0.000186254,0.0146014,16107.0
600470.SH,20260819,177900.0,5.67,1008693.0,5.73,0.0341066,0.907035,52160.0
600469.SH,20260819,39600.0,5.22,206712.0,5.26,0.00467953,0.416928,84623.9
600468.SH,20260819,68600.0,6.02,412972.0,6.09,0.00630668,0.26379,108774.0
600467.SH,20260819,871900.0,2.37,2066403.0,2.39,0.0596785,2.49405,146099.0
600463.SH,20260819,10000.0,8.12,81200.0,8.13,0.00333333,0.35503,30000.0
600461.SH,20260819,30700.0,8.87,272309.0,8.84,0.00239067,0.428212,128416.0
600460.SH,20260819,1320200.0,33.59,44345518.0,34.88,0.0793355,1.53716,166407.0
600459.SH,20260819,610300.0,22.32,13621896.0,22.82,0.0803337,1.47689,75970.6
600458.SH,20260819,55800.0,11.5,641700.0,11.63,0.00641993,0.367056,86916.9
600456.SH,20260819,83700.0,27.65,2314305.0,27.37,0.0175186,1.61809,47777.8
600455.SH,20260819,15000.0,24.09,361350.0,24.29,0.0240161,1.25374,6245.8
600452.SH,20260819,73459.0,9.09,667742.0,9.1,0.0047808,0.254418,153654.0
600449.SH,20260819,74600.0,11.8,880280.0,11.92,0.0156008,0.270146,47818.1
600448.SH,20260819,83400.0,2.92,243528.0,2.92,0.0132419,0.801229,62982.0
600446.SH,20260819,23400.0,10.67,249678.0,10.74,0.00248601,0.147492,94126.8
600444.SH,20260819,94700.0,14.33,1357051.0,13.95,0.0646761,4.83276,14642.2
600439.SH,20260819,20600.0,1.86,38316.0,1.87,0.00181981,0.114377,113199.0
600438.SH,20260819,563400.0,12.61,7104474.0,12.78,0.0125145,0.69488,450199.0
600436.SH,20260819,25100.0,128.06,3214306.0,128.76,0.00416033,0.509862,60331.7
600435.SH,20260819,113400.0,11.12,1261008.0,11.17,0.00749823,0.319305,151236.0
600433.SH,20260819,130900.0,3.33,435897.0,3.36,0.00747881,0.35072,175028.0
600429.SH,20260819,50400.0,4.7,236880.0,4.73,0.00336548,0.269929,149756.0
600428.SH,20260819,110200.0,12.09,1332318.0,12.09,0.00450663,0.220052,244529.0
600426.SH,20260819,81500.0,20.94,1706610.0,21.04,0.00296409,0.235533,274958.0
600425.SH,20260819,22800.0,3.62,82536.0,3.62,0.00142082,0.173437,160470.0
600423.SH,20260819,0.0,,0.0,2.87,0.0,0.0,79869.5
600422.SH,20260819,26600.0,8.65,230090.0,8.68,0.00351398,0.133048,75697.6
600475.SH,20260819,30700.0,14.77,453439.0,14.98,0.00325596,0.158219,94288.6
600477.SH,20260819,318100.0,2.41,766621.0,2.43,0.0134847,0.867159,235897.0
600419.SH,20260819,77600.0,9.1,706160.0,9.09,0.0245947,0.908451,31551.5
600478.SH,20260819,57800.0,4.88,282064.0,4.9,0.00341221,0.286558,169392.0
600510.SH,20260819,14600.0,6.61,96506.0,6.61,0.00141469,0.213025,103203.0
600509.SH,20260819,294400.0,7.45,2193280.0,7.59,0.0214203,1.40194,137440.0
600508.SH,20260819,25700.0,8.72,224104.0,8.74,0.00254001,0.405888,101181.0
600507.SH,20260819,112700.0,4.19,472213.0,4.21,0.00487206,0.559182,231319.0
600506.SH,20260819,51400.0,14.89,765346.0,15.03,0.0205909,1.29305,24962.5
600505.SH,20260819,55000.0,10.62,584100.0,10.74,0.0150864,0.649315,36456.8
600503.SH,20260819,90900.0,2.15,195435.0,2.15,0.00567313,0.339321,160229.0
600502.SH,20260819,105700.0,4.42,467194.0,4.44,0.00615776,0.412554,171653.0
600501.SH,20260819,123400.0,15.09,1862106.0,14.82,0.0288436,2.58244,42782.4
600500.SH,20260819,1903900.0,5.4,10281060.0,5.5,0.0530585,1.33523,358831.0
600499.SH,20260819,101300.0,14.3,1448590.0,14.43,0.00528194,0.309892,191786.0
600498.SH,20260819,912540.0,39.5,36045330.0,40.95,0.0717619,0.954454,127162.0
600497.SH,20260819,774600.0,9.94,7699524.0,10.18,0.0153679,0.576493,504038.0
600496.SH,20260819,37700.0,3.2,120640.0,3.23,0.00189435,0.124029,199013.0
600495.SH,20260819,120500.0,4.11,495255.0,4.16,0.00997359,0.444698,120819.0
600493.SH,20260819,30900.0,6.03,186327.0,6.1,0.0113603,0.604045,27200.0
600491.SH,20260819,2564500.0,1.56,4000620.0,1.54,0.167641,1.62525,152976.0
600490.SH,20260819,290600.0,7.01,2037106.0,7.14,0.0145838,0.508526,199262.0
600489.SH,20260819,1115600.0,24.66,27510696.0,25.35,0.0230148,1.40973,484731.0
600488.SH,20260819,176600.0,6.09,1075494.0,6.15,0.0161738,0.193152,109189.0
600487.SH,20260819,3146687.0,62.01,195126061.0,65.41,0.128245,1.23962,245365.0
600486.SH,20260819,17800.0,55.89,994842.0,55.89,0.00440472,0.355148,40411.2
600483.SH,20260819,144800.0,10.23,1481304.0,10.31,0.00520836,1.03014,278015.0
600482.SH,20260819,33700.0,32.99,1111763.0,33.23,0.00148573,0.187652,226825.0
600481.SH,20260819,100400.0,4.36,437744.0,4.41,0.00486387,0.20705,206420.0
600480.SH,20260819,49950.0,8.72,435564.0,8.78,0.00411726,0.452234,121319.0
600479.SH,20260819,16400.0,9.87,161868.0,9.91,0.00391869,0.26662,41850.7
600420.SH,20260819,20400.0,8.62,175848.0,8.65,0.00152106,0.192994,134117.0
600418.SH,20260819,366200.0,21.88,8012456.0,22.14,0.0162454,0.413898,225418.0
600333.SH,20260819,29900.0,6.42,191958.0,6.41,0.00490944,0.341314,60903.1
600372.SH,20260819,444100.0,11.25,4996125.0,11.16,0.00917771,2.37722,483890.0
600370.SH,20260819,20800.0,1.48,30784.0,1.49,0.00051707,0.112883,402266.0
600369.SH,20260819,95600.0,4.04,386224.0,4.04,0.00143865,0.330059,664511.0
600368.SH,20260819,167600.0,3.97,665372.0,3.98,0.0104122,1.1718,160965.0
600367.SH,20260819,1191200.0,37.0,44074400.0,38.23,0.369969,3.20866,32197.3
600366.SH,20260819,265300.0,12.2,3236660.0,12.42,0.0241392,0.574598,109904.0
600365.SH,20260819,0.0,,0.0,2.75,0.0,0.0,42728.0
600363.SH,20260819,211100.0,19.87,4194557.0,20.17,0.0468187,0.3968,45088.8
600362.SH,20260819,575801.0,45.01,25916803.0,46.6,0.0277461,0.993534,207525.0
600361.SH,20260819,148300.0,3.61,535363.0,3.62,0.00397303,0.462964,373266.0
600360.SH,20260819,487200.0,10.93,5325096.0,11.23,0.0507344,0.905227,96029.5
600359.SH,20260819,771600.0,6.84,5277744.0,6.93,0.202247,6.60485,38151.3
600358.SH,20260819,16000.0,5.15,82400.0,5.15,0.00316871,0.331642,50493.7
600356.SH,20260819,13100.0,8.89,116459.0,8.88,0.00438521,0.255281,29873.1
600354.SH,20260819,4412400.0,7.02,30975048.0,6.99,0.835995,8.16682,52780.2
600353.SH,20260819,1837500.0,36.52,67105500.0,37.54,0.221703,2.8547,82881.1
600352.SH,20260819,197100.0,12.88,2538648.0,13.03,0.0060584,0.328222,325333.0
600351.SH,20260819,79600.0,7.03,559588.0,7.09,0.0115029,0.242304,69200.0
600350.SH,20260819,31800.0,10.56,335808.0,10.54,0.000657763,0.24052,483457.0
600348.SH,20260819,103600.0,8.93,925148.0,8.92,0.00287179,0.404113,360750.0
600346.SH,20260819,71000.0,17.82,1265220.0,17.96,0.00100865,0.232533,703910.0
600345.SH,20260819,43500.0,47.86,2081910.0,48.86,0.0205616,0.607778,21155.9
600343.SH,20260819,617367.0,21.0,12964707.0,20.42,0.0967347,3.29554,63820.6
600340.SH,20260819,457300.0,1.1,503030.0,1.1,0.0117457,1.03618,389336.0
600339.SH,20260819,792600.0,3.37,2671062.0,3.39,0.0141963,1.39796,558315.0
600338.SH,20260819,308600.0,13.28,4098208.0,13.54,0.0337559,0.919542,91421.0
600337.SH,20260819,34500.0,3.01,103845.0,3.06,0.00240084,0.243908,143700.0
600336.SH,20260819,13900.0,6.27,87153.0,6.28,0.00174182,0.297752,79801.5
600371.SH,20260819,1076800.0,8.42,9066656.0,8.14,0.368039,12.54,29257.8
600373.SH,20260819,18700.0,7.02,131274.0,7.03,0.0013879,0.170779,134736.0
600416.SH,20260819,64500.0,8.81,568245.0,8.79,0.00437056,0.471614,147578.0
600375.SH,20260819,56800.0,3.95,224360.0,3.95,0.00388327,0.309821,146269.0
600415.SH,20260819,341700.0,12.25,4185825.0,12.3,0.00623135,0.365187,548356.0
600410.SH,20260819,372900.0,14.76,5504004.0,15.07,0.0340084,0.553891,109649.0
600409.SH,20260819,22600.0,6.75,152550.0,6.74,0.00109478,0.091495,206435.0
600408.SH,20260819,128900.0,2.89,372521.0,2.87,0.0128029,0.379151,100680.0
600406.SH,20260819,224400.0,23.45,5262180.0,23.54,0.00280214,0.487333,800818.0
600405.SH,20260819,55500.0,4.53,251415.0,4.6,0.00905635,0.390706,61283.0
600403.SH,20260819,1139700.0,6.42,7316874.0,6.2,0.04767,1.07913,239081.0
600400.SH,20260819,260000.0,3.34,868400.0,3.32,0.0113469,0.447452,229137.0
600399.SH,20260819,216600.0,4.38,948708.0,4.38,0.0109832,0.749187,197210.0
600398.SH,20260819,94400.0,5.89,556016.0,5.86,0.00196553,0.403312,480277.0
600397.SH,20260819,1375600.0,17.8,24485680.0,18.84,0.138955,1.09575,98996.0
600396.SH,20260819,1204700.0,15.34,18480098.0,15.59,0.0818017,0.449116,147271.0
600395.SH,20260819,144400.0,5.25,758100.0,5.18,0.00672684,0.503645,214662.0
600392.SH,20260819,681800.0,23.02,15695036.0,23.63,0.0388972,0.89266,175283.0
600391.SH,20260819,78100.0,32.04,2502324.0,31.7,0.0236574,1.11466,33012.9
600390.SH,20260819,96000.0,4.83,463680.0,4.85,0.00213425,0.371076,449807.0
600389.SH,20260819,31800.0,18.85,599430.0,19.05,0.00738419,0.254226,43065.0
600388.SH,20260819,31700.0,17.28,547776.0,17.3,0.00249597,0.223247,127005.0
600386.SH,20260819,50300.0,3.37,169511.0,3.37,0.0062376,0.657463,80640.0
600383.SH,20260819,372600.0,2.19,815994.0,2.2,0.00825325,0.391855,451458.0
600382.SH,20260819,48300.0,6.2,299460.0,6.23,0.00695556,0.432444,69440.8
600381.SH,20260819,1700.0,4.51,7667.0,4.54,0.000289578,0.0269837,58706.1
600380.SH,20260819,24600.0,10.19,250674.0,10.16,0.00134466,0.14423,182945.0
600379.SH,20260819,325400.0,14.85,4832190.0,15.33,0.0985459,1.27453,33020.2
600378.SH,20260819,596700.0,47.37,28265679.0,49.36,0.055633,1.02853,107257.0
600377.SH,20260819,30100.0,11.9,358190.0,11.89,0.00079165,0.46716,380218.0
600376.SH,20260819,3604105.0,4.1,14776831.0,4.33,0.139718,1.85456,257957.0
600511.SH,20260819,6100.0,27.04,164944.0,27.03,0.00110238,0.135742,55334.6
600512.SH,20260819,94300.0,2.03,191429.0,2.04,0.00594051,0.40287,158741.0
600513.SH,20260819,41300.0,18.05,745465.0,18.23,0.0144681,0.149872,28545.6
600622.SH,20260819,37000.0,2.2,81400.0,2.21,0.00246718,0.175629,149969.0
600620.SH,20260819,62900.0,4.35,273615.0,4.33,0.00916005,1.36321,68667.7
600619.SH,20260819,79800.0,14.27,1138746.0,14.42,0.0101118,0.351908,78917.5
600618.SH,20260819,18400.0,10.35,190440.0,10.23,0.00245386,0.336297,74984.0
600617.SH,20260819,92200.0,3.5,322700.0,3.52,0.00519278,0.273171,177554.0
600616.SH,20260819,51000.0,4.32,220320.0,4.33,0.00762326,0.479916,66900.5
600615.SH,20260819,9900.0,9.35,92565.0,9.47,0.0043948,0.558669,22526.6
600613.SH,20260819,10462500.0,8.19,85687875.0,7.76,2.18278,31.9734,47932.0
600612.SH,20260819,3500.0,34.49,120715.0,34.49,0.00110372,0.182265,31711.0
600611.SH,20260819,1013000.0,4.71,4771230.0,4.67,0.0647981,0.609066,156332.0
600610.SH,20260819,211700.0,7.05,1492485.0,7.09,0.0298705,1.5249,70872.7
600609.SH,20260819,84300.0,3.22,271446.0,3.23,0.00646196,0.46442,130456.0
600606.SH,20260819,659900.0,1.26,831474.0,1.27,0.00469539,0.527878,1405420.0
600605.SH,20260819,16100.0,25.48,410228.0,25.72,0.00780483,0.55562,20628.2
600604.SH,20260819,351600.0,4.66,1638456.0,4.68,0.0249813,0.722365,140745.0
600603.SH,20260819,414500.0,4.8,1989600.0,4.81,0.0359248,2.669,115380.0
600602.SH,20260819,494200.0,18.56,9172352.0,19.27,0.0460019,0.594592,107430.0
600601.SH,20260819,1744655.0,12.81,22349031.0,13.14,0.0418353,0.906901,417029.0
600600.SH,20260819,21900.0,51.68,1131792.0,51.63,0.00308831,0.437025,70912.6
600598.SH,20260819,3621800.0,13.57,49147826.0,13.46,0.203737,8.88134,177768.0
600597.SH,20260819,25600.0,6.78,173568.0,6.77,0.00185715,0.237006,137846.0
600596.SH,20260819,191100.0,11.18,2136498.0,11.29,0.0141598,0.656241,134960.0
600595.SH,20260819,941400.0,6.15,5789610.0,6.25,0.0234886,0.687921,400790.0
600594.SH,20260819,209500.0,3.88,812860.0,3.93,0.0267085,0.509347,78439.4
600593.SH,20260819,21900.0,39.97,875343.0,40.1,0.0170031,0.353373,12880.0
600592.SH,20260819,48600.0,15.0,729000.0,15.07,0.0121636,0.76815,39955.4
600590.SH,20260819,110300.0,8.7,959610.0,8.84,0.0130754,0.358529,84357.0
600589.SH,20260819,610300.0,8.1,4943430.0,8.29,0.0412792,0.707876,147847.0
600621.SH,20260819,28300.0,12.9,365070.0,12.95,0.00266755,0.325685,106090.0
600623.SH,20260819,25100.0,8.26,207326.0,8.27,0.00133793,0.204138,187603.0
600515.SH,20260819,194800.0,2.85,555180.0,2.85,0.00212293,0.29294,917601.0
600624.SH,20260819,2400.0,4.3,10320.0,4.32,0.00035328,0.0538865,67934.7
600662.SH,20260819,21700.0,4.25,92225.0,4.25,0.000953108,0.18514,227676.0
600661.SH,20260819,160700.0,8.97,1441479.0,9.18,0.0560812,1.43922,28654.9
600660.SH,20260819,164800.0,54.91,9049168.0,56.16,0.00822771,1.78896,200299.0
600658.SH,20260819,30900.0,3.92,121128.0,3.95,0.00276242,0.245379,111859.0
600657.SH,20260819,26800.0,2.57,68876.0,2.57,0.000939731,0.113734,285188.0
600655.SH,20260819,37400.0,4.58,171292.0,4.59,0.000961478,0.372843,388985.0
600654.SH,20260819,234800.0,2.89,678572.0,2.91,0.0101319,0.388465,231743.0
600653.SH,20260819,26400.0,1.68,44352.0,1.68,0.00135636,0.155453,194638.0
600651.SH,20260819,94900.0,5.85,555165.0,5.9,0.00378536,0.528218,250703.0
600650.SH,20260819,21100.0,10.66,224926.0,10.69,0.0054025,0.342183,39056.0
600649.SH,20260819,45500.0,3.72,169260.0,3.72,0.00182599,0.203094,249180.0
600648.SH,20260819,1800.0,8.95,16110.0,8.99,0.000158204,0.0889048,113777.0
600645.SH,20260819,362900.0,22.11,8023719.0,22.45,0.0775808,1.19263,46777.0
600644.SH,20260819,91300.0,9.03,824439.0,9.13,0.0157871,0.251725,57832.1
600643.SH,20260819,88300.0,3.9,344370.0,3.91,0.00555223,0.678415,159035.0
600642.SH,20260819,91400.0,8.46,773244.0,8.47,0.00186766,0.358952,489381.0
600641.SH,20260819,1100600.0,33.95,37365370.0,35.8,0.118264,1.2437,93063.0
600640.SH,20260819,60000.0,10.72,643200.0,10.79,0.00758005,0.616408,79155.1
600639.SH,20260819,16600.0,9.45,156870.0,9.44,0.0019524,0.510335,85023.7
600638.SH,20260819,10600.0,4.91,52046.0,4.91,0.00157411,0.110786,67339.7
600637.SH,20260819,385100.0,8.05,3100055.0,8.07,0.0114548,1.08388,336190.0
600635.SH,20260819,220000.0,4.65,1023000.0,4.68,0.00909545,0.755929,241879.0
600633.SH,20260819,78300.0,10.4,814320.0,10.5,0.00617472,0.310569,126807.0
600630.SH,20260819,15100.0,6.69,101019.0,6.73,0.0035541,0.175766,42486.2
600629.SH,20260819,383200.0,16.75,6418600.0,17.02,0.0333274,1.10365,114980.0
600628.SH,20260819,5900.0,6.22,36698.0,6.27,0.000912077,0.0742237,64687.5
600626.SH,20260819,27400.0,3.57,97818.0,3.58,0.00207459,0.324853,132074.0
600588.SH,20260819,237500.0,11.29,2681375.0,11.44,0.00695055,0.335045,341700.0
600587.SH,20260819,28200.0,12.45,351090.0,12.38,0.00464852,0.325805,60664.5
600586.SH,20260819,45300.0,4.24,192072.0,4.25,0.00319613,0.336678,141734.0
600585.SH,20260819,82200.0,17.41,1431102.0,17.43,0.00206665,0.435878,397746.0
600548.SH,20260819,4900.0,8.31,40719.0,8.31,0.00028581,0.205215,171443.0
600547.SH,20260819,986700.0,29.74,29344458.0,30.61,0.0272988,1.44755,361444.0
600546.SH,20260819,103100.0,13.3,1371230.0,13.23,0.00520062,0.476444,198246.0
600545.SH,20260819,768700.0,4.45,3420715.0,4.53,0.0429943,0.912866,178791.0
600543.SH,20260819,0.0,,0.0,4.04,0.0,0.0,32112.0
600540.SH,20260819,1173700.0,4.17,4894329.0,4.29,0.201883,3.18883,58137.7
600539.SH,20260819,81100.0,14.3,1159730.0,14.55,0.0352609,0.668394,23000.0
600538.SH,20260819,14600.0,5.21,76066.0,5.27,0.00278521,0.130601,52419.8
600537.SH,20260819,204600.0,2.16,441936.0,2.19,0.0172846,1.17136,118372.0
600536.SH,20260819,3033931.0,33.98,103092975.0,34.45,0.359617,14.8487,84365.6
600535.SH,20260819,27600.0,15.33,423108.0,15.39,0.00184745,0.176967,149395.0
600533.SH,20260819,60500.0,2.16,130680.0,2.16,0.0057619,0.479377,105000.0
600531.SH,20260819,465400.0,12.97,6036238.0,13.36,0.0384863,0.87752,120926.0
600530.SH,20260819,2500.0,3.75,9375.0,3.76,0.000322614,0.0286941,77492.0
600529.SH,20260819,13700.0,19.02,260574.0,19.01,0.00206445,0.142264,66361.4
600528.SH,20260819,143600.0,6.92,993712.0,6.97,0.00646395,1.84082,222155.0
600527.SH,20260819,63100.0,2.16,136296.0,2.17,0.00364369,0.153232,173176.0
600526.SH,20260819,42200.0,4.55,192010.0,4.55,0.00483387,0.572768,87300.7
600525.SH,20260819,113000.0,5.5,621500.0,5.58,0.00856852,0.592142,131878.0
600523.SH,20260819,31000.0,11.8,365800.0,11.9,0.00767242,0.440359,40404.5
600522.SH,20260819,3201200.0,33.88,108456656.0,35.29,0.0937957,1.06406,341295.0
600521.SH,20260819,184220.0,17.09,3148320.0,17.09,0.0123039,0.452228,149725.0
600520.SH,20260819,30100.0,25.53,768453.0,26.05,0.0189989,0.43039,15843.0
600519.SH,20260819,31500.0,1300.0,40950000.0,1297.99,0.00251984,0.734544,125008.0
600518.SH,20260819,1059285.0,1.39,1472406.0,1.39,0.00766357,0.41186,1382240.0
600517.SH,20260819,33200.0,4.92,163344.0,4.92,0.000580578,0.219511,571844.0
600516.SH,20260819,174600.0,5.2,907920.0,5.23,0.00433684,0.271459,402597.0
600549.SH,20260819,584700.0,56.2,32860140.0,58.11,0.0376271,0.949506,155393.0
600550.SH,20260819,77800.0,11.57,900146.0,11.67,0.00422475,0.21066,184153.0
600551.SH,20260819,7300.0,6.94,50662.0,6.97,0.00107661,0.193238,67805.5
600571.SH,20260819,14200.0,10.16,144272.0,10.31,0.00310212,0.159002,45775.2
600584.SH,20260819,1859127.0,81.11,150793791.0,85.42,0.103896,1.30811,178941.0
600583.SH,20260819,1070900.0,5.92,6339728.0,6.02,0.0242211,2.13869,442135.0
600582.SH,20260819,40200.0,4.83,194166.0,4.82,0.000971346,0.230292,413859.0
600581.SH,20260819,60120.0,2.28001,137074.0,2.28,0.00392198,1.02728,153290.0
600580.SH,20260819,790360.0,36.6,28927176.0,37.87,0.0507411,1.31237,155763.0
600579.SH,20260819,58300.0,7.17,418011.0,7.16,0.0118112,0.976276,49360.1
600578.SH,20260819,770200.0,5.63,4336226.0,5.7,0.0115048,0.348443,669462.0
600577.SH,20260819,835069.0,8.45,7056333.0,8.63,0.0374166,1.33687,223181.0
600576.SH,20260819,27400.0,5.39,147686.0,5.41,0.00414906,0.350533,66039.0
600575.SH,20260819,248800.0,3.33,828504.0,3.33,0.00640204,0.742354,388626.0
600573.SH,20260819,253900.0,10.19,2587241.0,10.02,0.10156,5.14152,25000.0
600572.SH,20260819,698500.0,4.56,3185160.0,4.58,0.0275892,0.328681,253179.0
600570.SH,20260819,72900.0,21.5,1567350.0,21.69,0.00384971,0.315195,189365.0
600552.SH,20260819,986400.0,18.63,18376632.0,19.58,0.104424,1.54417,94460.7
600569.SH,20260819,18700.0,1.76,32912.0,1.76,0.000651019,0.112825,287242.0
600568.SH,20260819,73900.0,2.23,164797.0,2.22,0.00442762,0.969088,166907.0
600567.SH,20260819,8344600.0,1.35,11265210.0,1.34,0.134472,14.4975,620546.0
600566.SH,20260819,17900.0,24.07,430853.0,24.01,0.00194842,0.338566,91869.1
600563.SH,20260819,65300.0,133.2,8697960.0,136.28,0.0290222,1.1082,22500.0
600562.SH,20260819,25600.0,26.39,675584.0,26.55,0.00206143,0.238941,124186.0
600561.SH,20260819,34100.0,5.68,193688.0,5.68,0.0119869,1.00396,28447.7
600560.SH,20260819,4600.0,11.2,51520.0,11.23,0.00205683,0.255317,22364.6
600559.SH,20260819,21400.0,11.78,252092.0,11.76,0.00233944,0.136339,91474.7
600558.SH,20260819,145800.0,4.85,707130.0,4.87,0.0162432,0.50847,89760.5
600557.SH,20260819,10600.0,12.53,132818.0,12.52,0.00187227,0.0944389,56615.9
600556.SH,20260819,279400.0,4.76,1329944.0,4.81,0.0154557,0.44486,180775.0
600335.SH,20260819,25000.0,5.03,125750.0,5.03,0.00168072,0.267685,148746.0
600332.SH,20260819,18000.0,21.04,378720.0,21.03,0.00128033,0.20711,140589.0
600664.SH,20260819,3408044.0,9.02,30740557.0,9.12,0.13532,0.805987,251851.0
600126.SH,20260819,900400.0,6.75,6077700.0,6.88,0.0266612,0.574734,337719.0
600123.SH,20260819,109130.0,7.36,803197.0,7.33,0.00740748,0.500602,147324.0
600121.SH,20260819,1143200.0,3.98,4549936.0,3.91,0.093827,2.25203,121841.0
600120.SH,20260819,168700.0,4.89,824943.0,4.89,0.00493942,0.459137,341538.0
600119.SH,20260819,10500.0,4.56,47880.0,4.57,0.00287458,0.422547,36527.0
600118.SH,20260819,1967000.0,72.0,141624000.0,69.0,0.166344,5.9147,118249.0
600117.SH,20260819,41500.0,2.29,95035.0,2.3,0.00127492,0.293296,325512.0
600116.SH,20260819,36700.0,6.34,232678.0,6.36,0.00191931,0.306837,191214.0
600115.SH,20260819,1689200.0,3.49,5895308.0,3.5,0.0099219,1.48834,1702500.0
600114.SH,20260819,178800.0,30.11,5383668.0,30.59,0.0290079,1.20068,61638.3
600113.SH,20260819,293400.0,36.01,10565334.0,35.2,0.0713121,5.08258,41143.1
600111.SH,20260819,353500.0,41.5,14670250.0,42.06,0.00977852,0.546458,361507.0
600110.SH,20260819,1483164.0,10.18,15098610.0,10.58,0.085476,1.09331,173518.0
600109.SH,20260819,65000.0,8.52,553800.0,8.55,0.00175421,0.32518,370536.0
600108.SH,20260819,8212900.0,3.7,30387730.0,3.56,0.421842,11.7739,194692.0
600107.SH,20260819,5700.0,5.84,33288.0,5.84,0.00158333,0.280473,36000.0
600106.SH,20260819,3800.0,4.34,16492.0,4.37,0.000285924,0.0394757,132902.0
600105.SH,20260819,1548200.0,40.08,62051856.0,42.16,0.105896,0.840115,146199.0
600104.SH,20260819,146700.0,10.0,1467000.0,10.01,0.00127618,0.428645,1149530.0
600103.SH,20260819,441600.0,2.97,1311552.0,3.0,0.0199609,0.482356,221233.0
600101.SH,20260819,16900.0,7.96,134524.0,8.0,0.00308472,0.160439,54786.2
600100.SH,20260819,70200.0,6.84,480168.0,6.88,0.00209534,0.315211,335030.0
600099.SH,20260819,14200.0,9.05,128510.0,9.06,0.00648047,0.506781,21912.0
600098.SH,20260819,47800.0,6.22,297316.0,6.23,0.00136343,0.286195,350586.0
600097.SH,20260819,102300.0,8.74,894102.0,8.74,0.0424593,2.44189,24093.7
600096.SH,20260819,380800.0,30.65,11671520.0,30.71,0.0208888,1.29701,182299.0
600095.SH,20260819,61400.0,7.85,481990.0,7.87,0.00214746,0.214102,285919.0
600094.SH,20260819,102300.0,4.01,410223.0,4.03,0.00481133,0.385319,212623.0
600125.SH,20260819,56200.0,5.49,308538.0,5.48,0.00430479,0.750242,130552.0
600127.SH,20260819,4590000.0,7.82,35893800.0,7.11,0.715195,12.9997,64178.3
600088.SH,20260819,10600.0,11.51,122006.0,11.56,0.00266528,0.183663,39770.6
600128.SH,20260819,18700.0,8.26,154462.0,8.28,0.00757798,0.630229,24676.8
600165.SH,20260819,4145600.0,3.2,13265920.0,2.94,0.565633,108.083,73291.4
600163.SH,20260819,48800.0,5.05,246440.0,5.05,0.00256438,0.292356,190300.0
600162.SH,20260819,2718900.0,4.22,11473758.0,4.3,0.0831865,1.03937,326844.0
600161.SH,20260819,49000.0,12.41,608090.0,12.36,0.00247804,0.353908,197737.0
600160.SH,20260819,222700.0,39.46,8787742.0,40.0,0.00824892,0.6059,269975.0
600159.SH,20260819,92800.0,2.5,232000.0,2.51,0.0111807,0.574073,83000.3
600158.SH,20260819,62200.0,6.98,434156.0,7.01,0.00648245,0.246441,95951.3
600157.SH,20260819,3224160.0,1.55,4997448.0,1.56,0.0147777,0.99259,2181780.0
600156.SH,20260819,93500.0,8.15,762025.0,8.25,0.0232523,0.386302,40211.1
600155.SH,20260819,71500.0,5.81,415415.0,5.81,0.00323012,0.307974,221354.0
600153.SH,20260819,85600.0,8.72,746432.0,8.72,0.00295219,0.556594,289954.0
600152.SH,20260819,102200.0,8.08,825776.0,8.17,0.0193166,0.790042,52907.9
600151.SH,20260819,326600.0,10.96,3579536.0,10.83,0.0227714,1.25187,143425.0
600150.SH,20260819,303900.0,33.43,10159377.0,33.49,0.00500539,0.496095,607145.0
600149.SH,20260819,87500.0,4.93,431375.0,4.93,0.0230166,1.47515,38016.0
600148.SH,20260819,9600.0,15.41,147936.0,15.5,0.00678366,0.866592,14151.6
600143.SH,20260819,697800.0,16.3,11374140.0,16.47,0.0264837,1.50445,263483.0
600141.SH,20260819,528000.0,32.82,17328960.0,33.49,0.0439363,1.34301,120174.0
600138.SH,20260819,3400.0,7.0,23800.0,7.03,0.000469717,0.0492118,72384.0
600137.SH,20260819,8500.0,18.2,154700.0,18.2,0.00874327,0.822165,9721.76
600136.SH,20260819,16300.0,1.44,23472.0,1.44,0.00083887,0.167852,194309.0
600135.SH,20260819,44200.0,7.55,333710.0,7.5,0.00798833,0.829303,55330.7
600133.SH,20260819,130500.0,8.3,1083150.0,8.39,0.0122393,0.718471,106624.0
600132.SH,20260819,21000.0,42.88,900480.0,42.6,0.0043391,0.759754,48397.1
600131.SH,20260819,12300.0,15.7,193110.0,15.73,0.00102851,0.225843,119591.0
600130.SH,20260819,58900.0,4.43,260927.0,4.46,0.00785333,0.26744,75000.0
600129.SH,20260819,106400.0,16.28,1732192.0,16.4,0.0192957,0.235623,55141.8
600089.SH,20260819,432500.0,20.65,8931125.0,20.77,0.00855962,0.612351,505279.0
600085.SH,20260819,12500.0,24.21,302625.0,24.17,0.000911431,0.179358,137147.0
600331.SH,20260819,196400.0,12.5,2455000.0,12.76,0.00966535,0.388205,203200.0
600038.SH,20260819,17300.0,26.31,455163.0,26.25,0.0025862,0.331296,66893.5
600036.SH,20260819,749100.0,38.55,28877805.0,38.29,0.00363131,1.33559,2062890.0
600035.SH,20260819,42600.0,3.37,143562.0,3.38,0.00264577,0.50995,161012.0
600033.SH,20260819,42900.0,3.52,151008.0,3.51,0.00156318,0.2171,274440.0
600032.SH,20260819,116000.0,6.88,798080.0,6.94,0.00482394,0.398653,240468.0
600031.SH,20260819,251800.0,18.98,4779164.0,18.97,0.00297131,0.422791,847439.0
600030.SH,20260819,834900.0,27.29,22784421.0,27.39,0.00685662,0.825309,1217660.0
600029.SH,20260819,738900.0,5.0,3694500.0,5.01,0.00548269,1.65336,1347700.0
600028.SH,20260819,974300.0,5.07,4939701.0,5.06,0.00102826,0.595995,9475250.0
600027.SH,20260819,693100.0,4.52,3132812.0,4.55,0.00752088,1.34611,921568.0
600026.SH,20260819,533200.0,18.3,9757560.0,18.0,0.013929,1.2531,382799.0
600025.SH,20260819,101100.0,9.67,977637.0,9.65,0.000542641,0.515085,1863110.0
600023.SH,20260819,118800.0,4.87,578556.0,4.87,0.00088599,0.480024,1340870.0
600022.SH,20260819,715860.0,1.31,937777.0,1.32,0.006691,0.936929,1069880.0
600021.SH,20260819,79700.0,13.97,1113409.0,13.97,0.00282436,0.225632,282188.0
600020.SH,20260819,118600.0,3.74,443564.0,3.74,0.00527728,0.900508,224737.0
600019.SH,20260819,231600.0,5.85,1354860.0,5.84,0.00108153,0.22669,2141410.0
600018.SH,20260819,124300.0,5.12,636416.0,5.11,0.000534699,0.369899,2324670.0
600017.SH,20260819,30000.0,2.67,80100.0,2.67,0.000975402,0.129077,307565.0
600016.SH,20260819,1238100.0,3.4,4209540.0,3.39,0.00349133,0.727705,3546210.0
600015.SH,20260819,288200.0,6.61,1905002.0,6.59,0.00187298,0.602687,1538720.0
600012.SH,20260819,26100.0,15.87,414207.0,15.84,0.00223919,0.40023,116560.0
600011.SH,20260819,5156700.0,6.7,34549890.0,6.89,0.0468889,7.26161,1099770.0
600010.SH,20260819,3295300.0,2.21,7282613.0,2.22,0.010522,1.18348,3131820.0
600009.SH,20260819,55200.0,23.06,1272912.0,23.0,0.00222561,0.666238,248022.0
600008.SH,20260819,107400.0,2.82,302868.0,2.81,0.0014631,0.217594,734059.0
600007.SH,20260819,3300.0,18.58,61314.0,18.53,0.000327614,0.171366,100728.0
600006.SH,20260819,42300.0,5.38,227574.0,5.33,0.002115,0.377837,200000.0
600037.SH,20260819,131900.0,6.88,907472.0,6.91,0.00947709,0.964468,139178.0
600039.SH,20260819,55200.0,8.49,468648.0,8.44,0.000634804,0.461287,869559.0
600084.SH,20260819,6200.0,4.09,25358.0,4.11,0.000551736,0.265718,112373.0
600048.SH,20260819,358500.0,5.25,1882125.0,5.24,0.00299488,0.271112,1197040.0
600082.SH,20260819,6500.0,2.81,18265.0,2.81,0.00102469,0.135504,63433.5
600081.SH,20260819,5300.0,10.25,54325.0,10.34,0.000958363,0.143653,55302.6
600080.SH,20260819,20700.0,4.76,98532.0,4.79,0.00554558,1.02958,37327.0
600079.SH,20260819,10600.0,17.92,189952.0,17.91,0.000686894,0.15651,154318.0
600078.SH,20260819,371657.0,11.09,4121676.0,11.47,0.056093,1.57758,66257.3
600076.SH,20260819,343500.0,3.1,1064850.0,3.16,0.0255477,1.79691,134454.0
600075.SH,20260819,36000.0,4.54,163440.0,4.58,0.00210798,0.233427,170780.0
600073.SH,20260819,100100.0,5.4,540540.0,5.44,0.0106747,0.51443,93772.9
600072.SH,20260819,44900.0,8.81,395569.0,8.8,0.0041446,0.330993,108334.0
600071.SH,20260819,15300.0,16.13,246789.0,16.12,0.00543374,0.658574,28157.4
600067.SH,20260819,154000.0,2.78,428120.0,2.81,0.0110659,0.879648,139167.0
600066.SH,20260819,34300.0,29.69,1018367.0,29.59,0.00154927,0.126582,221394.0
600064.SH,20260819,31400.0,7.6,238640.0,7.58,0.00181467,0.275275,173034.0
600063.SH,20260819,548900.0,5.98,3282422.0,5.98,0.0265284,1.32205,206911.0
600062.SH,20260819,17400.0,15.92,277008.0,15.97,0.00167594,0.159498,103823.0
600061.SH,20260819,86300.0,6.26,540238.0,6.27,0.00134968,0.302142,639410.0
600060.SH,20260819,24100.0,26.14,629974.0,26.16,0.00185361,0.306832,130017.0
600059.SH,20260819,375900.0,8.18,3074862.0,8.18,0.0412378,1.50259,91154.2
600058.SH,20260819,40800.0,10.69,436152.0,10.71,0.00380629,0.300104,107191.0
600057.SH,20260819,98300.0,6.3,619290.0,6.28,0.00469771,0.766945,209251.0
600056.SH,20260819,112900.0,9.34,1054486.0,9.44,0.00755006,0.551739,149535.0
600055.SH,20260819,14100.0,11.22,158202.0,11.3,0.00200552,0.229212,70306.1
600054.SH,20260819,5400.0,11.13,60102.0,11.16,0.00105202,0.136346,51330.0
600053.SH,20260819,5600.0,7.09,39704.0,7.1,0.00129169,0.474135,43354.1
600052.SH,20260819,56300.0,3.91,220133.0,3.95,0.00666908,0.471807,84419.5
600051.SH,20260819,27300.0,6.37,173901.0,6.36,0.00878152,0.551394,31088.0
600050.SH,20260819,8909700.0,4.18,37242546.0,4.3,0.0287499,7.29911,3099040.0
600166.SH,20260819,1046500.0,2.88,3013920.0,2.89,0.0132177,0.904154,791740.0
600167.SH,20260819,10900.0,5.61,61149.0,5.62,0.000481695,0.157059,226284.0
600168.SH,20260819,83800.0,4.42,370396.0,4.4,0.0084357,1.17511,99339.8
600289.SH,20260819,13800.0,4.48,61824.0,4.48,0.0024385,0.641333,56592.3
600287.SH,20260819,17200.0,4.78,82216.0,4.82,0.00393776,0.631551,43679.6
600285.SH,20260819,53100.0,19.73,1047663.0,19.73,0.0093735,0.209848,56649.0
600284.SH,20260819,85100.0,5.1,434010.0,5.09,0.00877088,0.361622,97025.6
600283.SH,20260819,100.0,7.94,794.0,7.94,1.78309e-05,0.00512804,56082.5
600282.SH,20260819,130000.0,4.71,612300.0,4.72,0.00210865,0.357778,616509.0
600281.SH,20260819,3426900.0,4.66,15969354.0,4.87,0.666191,16.5761,51440.2
600280.SH,20260819,195400.0,3.03,592062.0,3.04,0.0173176,0.729946,112833.0
600279.SH,20260819,25000.0,4.25,106250.0,4.25,0.00210639,0.402458,118687.0
600278.SH,20260819,7400.0,6.25,46250.0,6.26,0.000859946,0.174389,86051.9
600276.SH,20260819,295800.0,52.67,15579786.0,52.37,0.00463709,0.382675,637900.0
600273.SH,20260819,43600.0,6.83,297788.0,6.85,0.00332492,0.327577,131131.0
600272.SH,20260819,1089900.0,20.0,21798000.0,20.93,0.681188,1.93287,16000.0
600271.SH,20260819,86700.0,6.87,595629.0,6.86,0.00467919,0.809632,185288.0
600269.SH,20260819,24600.0,3.77,92742.0,3.77,0.00105335,0.128267,233541.0
600268.SH,20260819,81200.0,10.9,885080.0,11.01,0.0079961,0.485763,101550.0
600267.SH,20260819,453200.0,14.0,6344800.0,14.05,0.0383979,0.63654,118027.0
600266.SH,20260819,1289100.0,4.31,5556021.0,4.23,0.062103,1.79964,207574.0
600265.SH,20260819,13400.0,22.8,305520.0,22.96,0.0103236,1.02463,12980.0
600262.SH,20260819,33000.0,14.8,488400.0,14.92,0.0138655,0.502511,23800.0
600261.SH,20260819,143800.0,3.2,460160.0,3.2,0.0107711,1.01572,133505.0
600259.SH,20260819,46200.0,87.9,4060980.0,90.2,0.0137322,0.355635,33643.6
600258.SH,20260819,48400.0,12.02,581768.0,12.05,0.00433458,0.353025,111660.0
600257.SH,20260819,625700.0,5.65,3535205.0,5.7,0.130019,2.47453,48123.7
600256.SH,20260819,544400.0,6.15,3348060.0,6.12,0.00851689,0.545137,639200.0
600255.SH,20260819,288800.0,3.29,950152.0,3.3,0.0159898,0.482661,180615.0
600252.SH,20260819,105400.0,2.26,238204.0,2.27,0.00331013,0.125291,318416.0
600251.SH,20260819,321800.0,10.45,3362810.0,10.43,0.041416,2.03533,77699.4
600288.SH,20260819,1283114.0,11.67,14973940.0,11.98,0.293753,2.37011,43680.0
600292.SH,20260819,32100.0,12.12,389052.0,12.12,0.00730735,0.351888,43928.4
600169.SH,20260819,168200.0,2.05,344810.0,2.05,0.00504629,1.71851,333314.0
600293.SH,20260819,238900.0,2.84,678476.0,2.87,0.0205923,0.967021,116015.0
600330.SH,20260819,2309733.0,27.5,63517658.0,29.39,0.18726,1.63895,123343.0
600329.SH,20260819,9500.0,35.93,341335.0,35.86,0.00167522,0.30254,56708.9
600328.SH,20260819,39000.0,6.31,246090.0,6.33,0.00265974,0.323254,146631.0
600327.SH,20260819,115900.0,3.94,456646.0,3.95,0.0130993,0.295769,88478.0
600326.SH,20260819,299200.0,7.12,2130304.0,7.22,0.0219602,0.655837,136246.0
600325.SH,20260819,219800.0,2.34,514332.0,2.35,0.00798648,0.246745,275215.0
600323.SH,20260819,14800.0,29.3,433640.0,29.21,0.00181518,0.348913,81534.7
600322.SH,20260819,49200.0,2.69,132348.0,2.7,0.00444967,0.205914,110570.0
600320.SH,20260819,88900.0,4.09,363601.0,4.1,0.00268563,0.291005,331021.0
600319.SH,20260819,35700.0,6.27,223839.0,6.25,0.00920793,1.17223,38770.9
600318.SH,20260819,15600.0,6.46,100776.0,6.5,0.00304255,0.169678,51272.8
600316.SH,20260819,25600.0,28.86,738816.0,29.01,0.00356986,0.185672,71711.5
600315.SH,20260819,12000.0,17.29,207480.0,17.37,0.00178511,0.17911,67222.6
600313.SH,20260819,9273783.0,7.46,69182421.0,6.78,0.856939,22.0735,108220.0
600312.SH,20260819,56600.0,19.83,1122378.0,20.06,0.00417121,0.303653,135692.0
600310.SH,20260819,147000.0,4.16,611520.0,4.19,0.0100293,0.228256,146571.0
600309.SH,20260819,124300.0,73.01,9075143.0,73.27,0.00397065,0.457238,313047.0
600308.SH,20260819,81200.0,3.24,263088.0,3.24,0.00535313,1.0164,151687.0
600307.SH,20260819,286700.0,1.44,412848.0,1.45,0.00457742,0.840004,626336.0
600305.SH,20260819,30100.0,6.86,206486.0,6.86,0.00272902,0.432137,110296.0
600303.SH,20260819,149100.0,2.9,432390.0,2.91,0.022007,0.600949,67751.2
600302.SH,20260819,34800.0,6.59,229332.0,6.49,0.0100575,0.731918,34601.0
600301.SH,20260819,100300.0,48.22,4836466.0,49.82,0.0364283,0.844681,27533.6
600300.SH,20260819,294100.0,3.3,970530.0,3.32,0.0181864,0.965517,161714.0
600299.SH,20260819,317400.0,8.67,2751858.0,8.66,0.0103059,0.718543,307978.0
600298.SH,20260819,34000.0,42.73,1452820.0,42.73,0.00396663,0.223345,85715.0
600295.SH,20260819,16600.0,12.8,212480.0,12.82,0.000840261,0.196321,197558.0
600250.SH,20260819,27700.0,8.38,232126.0,8.47,0.00885574,0.555689,31279.1
600249.SH,20260819,46300.0,5.32,246316.0,5.36,0.00841818,0.671554,55000.0
600248.SH,20260819,87600.0,2.86,250536.0,2.87,0.0023639,0.426593,370574.0
600246.SH,20260819,886700.0,13.01,11535967.0,13.55,0.0469051,0.821556,189041.0
600203.SH,20260819,83300.0,10.0,833000.0,10.15,0.0140475,0.440585,59298.8
600202.SH,20260819,23900.0,4.99,119261.0,5.01,0.00623466,0.503029,38334.1
600201.SH,20260819,23000.0,13.47,309810.0,13.47,0.00209105,0.136332,109993.0
600199.SH,20260819,337800.0,7.5,2533500.0,7.46,0.0513532,1.26305,65779.7
600198.SH,20260819,505500.0,7.63,3856965.0,7.72,0.0388264,1.14383,130195.0
600197.SH,20260819,7300.0,10.45,76285.0,10.46,0.00154277,0.10872,47317.5
600196.SH,20260819,89800.0,23.96,2151608.0,24.03,0.00423887,0.288933,211849.0
600195.SH,20260819,147300.0,6.78,998694.0,6.81,0.0144249,2.25998,102115.0
600192.SH,20260819,101700.0,6.93,704781.0,7.03,0.0230222,0.795624,44174.8
600191.SH,20260819,149200.0,10.8,1611360.0,10.91,0.0307672,0.955985,48493.2
600189.SH,20260819,25400.0,7.51,190754.0,7.53,0.00355146,0.317848,71519.8
600188.SH,20260819,314200.0,22.6,7100920.0,22.42,0.00527062,0.569557,596135.0
600187.SH,20260819,520200.0,1.33,691866.0,1.34,0.0322349,2.36014,161378.0
600186.SH,20260819,3215033.0,12.32,39609207.0,12.9,0.179697,0.850927,178914.0
600185.SH,20260819,97900.0,4.59,449361.0,4.61,0.00519362,0.524962,188501.0
600184.SH,20260819,113500.0,18.2,2065700.0,18.64,0.0194774,0.810015,58272.7
600183.SH,20260819,1059100.0,132.0,139801200.0,139.41,0.0439142,1.40818,241175.0
600182.SH,20260819,6100.0,13.67,83387.0,13.74,0.00358824,0.243797,17000.0
600180.SH,20260819,209100.0,1.53,319923.0,1.55,0.019243,1.0009,108663.0
600179.SH,20260819,417700.0,4.28,1787756.0,4.29,0.0108149,0.544026,386228.0
600178.SH,20260819,19700.0,9.38,184786.0,9.45,0.00422315,0.341669,46647.6
600177.SH,20260819,39600.0,7.86,311256.0,7.84,0.000879327,0.161974,450344.0
600176.SH,20260819,2769200.0,42.67,118161764.0,44.91,0.0697253,1.11331,397159.0
600173.SH,20260819,5800.0,6.23,36134.0,6.25,0.000828079,0.0956994,70041.6
600172.SH,20260819,3582400.0,13.58,48648992.0,14.32,0.279177,2.31235,128320.0
600171.SH,20260819,102700.0,23.15,2377505.0,23.48,0.0144868,0.736873,70892.3
600170.SH,20260819,151771.0,2.25,341485.0,2.26,0.00170799,0.149763,888594.0
600206.SH,20260819,1783000.0,56.11,100044130.0,57.72,0.210619,1.63844,84655.3
600207.SH,20260819,51100.0,4.46,227906.0,4.48,0.00469103,0.319008,108931.0
600208.SH,20260819,260600.0,2.97,773982.0,2.99,0.00306301,0.242085,850798.0
600229.SH,20260819,26800.0,5.11,136948.0,5.11,0.00405626,0.77702,66070.8
600243.SH,20260819,300.0,3.86,1158.0,3.86,6.83605e-05,0.0036121,43885.0
600241.SH,20260819,21800.0,7.39,161102.0,7.39,0.00740735,0.661592,29430.2
600239.SH,20260819,27400.0,1.4,38360.0,1.41,0.00170643,0.191131,160569.0
600238.SH,20260819,80900.0,4.65,376185.0,4.71,0.0181687,1.80923,44527.2
600237.SH,20260819,251100.0,8.72,2189592.0,8.92,0.0402007,0.826286,62461.6
600236.SH,20260819,36100.0,10.28,371108.0,10.37,0.000457984,0.181688,788238.0
600235.SH,20260819,19600.0,5.71,111916.0,5.74,0.00557928,0.462242,35130.0
600234.SH,20260819,4300.0,22.33,96019.0,22.43,0.00163796,0.125223,26252.1
600233.SH,20260819,65600.0,19.29,1265424.0,19.25,0.00191588,0.387258,342402.0
600232.SH,20260819,16200.0,6.43,104166.0,6.43,0.00444178,0.406908,36471.9
600231.SH,20260819,80900.0,1.69,136721.0,1.69,0.00285222,0.573459,283638.0
600230.SH,20260819,46300.0,15.07,697741.0,15.22,0.0111846,0.252769,41396.1
600228.SH,20260819,117100.0,8.75,1024625.0,8.82,0.0281465,0.43876,41603.7
600210.SH,20260819,77400.0,6.0,464400.0,6.0,0.00510306,0.630097,151674.0
600227.SH,20260819,5685100.0,3.7,21034870.0,3.75,0.444983,3.30644,127760.0
600226.SH,20260819,1750800.0,6.2,10854960.0,6.43,0.0588627,1.1157,297438.0
600223.SH,20260819,19900.0,5.53,110047.0,5.56,0.00195757,0.258902,101657.0
600222.SH,20260819,226300.0,8.23,1862449.0,8.36,0.0404567,0.584418,55936.3
600221.SH,20260819,1846500.0,1.31,2418915.0,1.32,0.00430967,0.971083,4284550.0
600219.SH,20260819,1413800.0,4.83,6828654.0,4.91,0.0123114,0.781459,1148370.0
600218.SH,20260819,3700.0,7.67,28379.0,7.69,0.000849403,0.0914187,43560.0
600217.SH,20260819,3500.0,3.11,10885.0,3.11,0.000211142,0.035387,165765.0
600216.SH,20260819,1623400.0,13.53,21964602.0,13.76,0.170635,2.51982,95138.9
600215.SH,20260819,17400.0,6.7,116580.0,6.71,0.00380842,0.17838,45688.3
600212.SH,20260819,36500.0,5.72,208780.0,5.74,0.00687149,0.362273,53118.0
600211.SH,20260819,7700.0,38.69,297913.0,38.8,0.00238894,0.136383,32231.9
600663.SH,20260819,87000.0,9.55,830850.0,9.57,0.00221125,0.380227,393442.0
600665.SH,20260819,24100.0,3.51,84591.0,3.54,0.00278896,0.143467,86412.2
603016.SH,20260819,2400.0,29.04,69696.0,29.04,0.00161987,0.0982029,14816.0
601279.SH,20260819,10000.0,3.23,32300.0,3.23,0.000630602,0.119738,158579.0
601236.SH,20260819,20800.0,6.82,141856.0,6.81,0.000443191,0.211616,469323.0
601233.SH,20260819,83400.0,23.82,1986588.0,23.92,0.00351206,0.247379,237467.0
601231.SH,20260819,296600.0,27.77,8236582.0,28.69,0.0124156,0.955092,238894.0
601229.SH,20260819,300200.0,9.58,2875916.0,9.53,0.00211274,0.48927,1420900.0
601228.SH,20260819,34500.0,3.03,104535.0,3.04,0.000457285,0.220258,754453.0
601226.SH,20260819,27100.0,6.18,167478.0,6.25,0.00233174,0.333666,116222.0
601225.SH,20260819,318200.0,25.92,8247744.0,25.5,0.0032821,0.899123,969500.0
601222.SH,20260819,53000.0,5.5,291500.0,5.51,0.00259649,0.404678,204122.0
601218.SH,20260819,71500.0,4.53,323895.0,4.56,0.00737849,0.243855,96903.4
601216.SH,20260819,66100.0,4.42,292162.0,4.43,0.000783359,0.179137,843802.0
601212.SH,20260819,1329800.0,5.47,7274006.0,5.6,0.0179587,0.716106,740477.0
601211.SH,20260819,1099300.0,17.9,19677470.0,17.75,0.00817377,1.68458,1344910.0
601208.SH,20260819,977297.0,47.5,46421608.0,49.48,0.0967446,1.35511,101018.0
601200.SH,20260819,10500.0,6.95,72975.0,6.95,0.000779956,0.172488,134623.0
601199.SH,20260819,337500.0,6.39,2156625.0,6.46,0.0360881,1.43238,93521.0
601198.SH,20260819,454200.0,13.62,6186204.0,13.48,0.0140513,2.71171,323245.0
601188.SH,20260819,11400.0,2.85,32490.0,2.86,0.000873249,0.0867231,130547.0
601187.SH,20260819,193500.0,7.16,1385460.0,7.12,0.00734797,0.991208,263338.0
601186.SH,20260819,109100.0,6.01,655691.0,6.01,0.000948428,0.392417,1150320.0
601179.SH,20260819,425100.0,13.44,5713344.0,13.62,0.00829321,0.331823,512588.0
601177.SH,20260819,54600.0,13.42,732732.0,13.63,0.013568,1.02962,40241.6
601169.SH,20260819,648400.0,4.97,3222548.0,4.96,0.00306674,0.798129,2114300.0
601168.SH,20260819,574200.0,37.66,21624372.0,38.95,0.0240957,0.754828,238300.0
601166.SH,20260819,1110200.0,17.97,19950294.0,17.85,0.00524598,1.55515,2116290.0
601163.SH,20260819,11600.0,12.99,150684.0,13.01,0.00145,0.510812,80000.0
601162.SH,20260819,447978.0,3.62,1621680.0,3.64,0.00521028,0.230565,859797.0
601158.SH,20260819,8000.0,4.1,32800.0,4.1,0.000166666,0.140235,480003.0
601238.SH,20260819,62800.0,5.1,320280.0,5.1,0.000850522,0.313914,738370.0
601288.SH,20260819,7293700.0,6.63,48357231.0,6.6,0.00228468,1.75738,31924400.0
601155.SH,20260819,200300.0,11.17,2237351.0,11.14,0.00888003,0.629197,225562.0
601298.SH,20260819,91600.0,8.83,808828.0,8.74,0.00169879,1.5118,539208.0
601555.SH,20260819,86500.0,7.97,689405.0,7.98,0.0017409,0.290554,496870.0
601528.SH,20260819,123700.0,4.85,599945.0,4.85,0.00666569,0.890297,185577.0
601519.SH,20260819,103800.0,7.9,820020.0,7.95,0.00521828,0.359558,198916.0
601518.SH,20260819,14400.0,2.77,39888.0,2.78,0.000761682,0.153225,189055.0
601515.SH,20260819,68100.0,3.35,228135.0,3.4,0.00353864,0.442591,192447.0
601512.SH,20260819,8300.0,7.85,65155.0,7.8,0.000553743,0.322528,149889.0
601500.SH,20260819,16700.0,4.04,67468.0,4.05,0.00105496,0.141904,158300.0
601456.SH,20260819,75900.0,8.85,671715.0,8.86,0.00173407,0.472563,437698.0
601399.SH,20260819,177000.0,3.19,564630.0,3.21,0.00245371,0.318006,721356.0
601398.SH,20260819,3581900.0,7.71,27616449.0,7.67,0.00132854,1.12694,26961200.0
601390.SH,20260819,324594.0,4.33,1405492.0,4.34,0.0015971,0.451552,2032390.0
601388.SH,20260819,76600.0,3.33,255078.0,3.36,0.00347988,0.233559,220122.0
601377.SH,20260819,273000.0,5.82,1588860.0,5.82,0.00316119,0.565395,863599.0
601375.SH,20260819,144700.0,4.03,583141.0,4.04,0.00419722,0.464592,344752.0
601369.SH,20260819,36400.0,8.9,323960.0,8.92,0.00213338,0.360738,170621.0
601368.SH,20260819,12800.0,4.55,58240.0,4.56,0.00144965,0.328604,88297.3
601366.SH,20260819,2153800.0,3.73,8033674.0,3.75,0.224415,9.08741,95974.1
601360.SH,20260819,660300.0,9.06,5982318.0,9.16,0.00943345,0.696931,699956.0
601339.SH,20260819,47900.0,7.92,379368.0,7.9,0.00319425,0.483959,149957.0
601336.SH,20260819,74600.0,57.75,4308150.0,57.94,0.00357718,0.606105,208544.0
601333.SH,20260819,177300.0,2.91,515943.0,2.91,0.00313681,0.351063,565224.0
601330.SH,20260819,13300.0,7.03,93499.0,7.02,0.00134466,0.176482,98909.5
601328.SH,20260819,1632100.0,7.05,11506305.0,7.01,0.00625987,1.20327,2607240.0
601326.SH,20260819,39400.0,3.39,133566.0,3.39,0.000828156,0.191109,475756.0
601319.SH,20260819,210600.0,6.91,1455246.0,6.91,0.000593277,0.439022,3549780.0
601318.SH,20260819,390200.0,51.66,20157732.0,51.32,0.00366039,0.701788,1066010.0
601311.SH,20260819,33200.0,7.74,256968.0,7.76,0.00283,0.348915,117315.0
601156.SH,20260819,28800.0,18.65,537120.0,18.83,0.00304892,0.24929,94459.6
601139.SH,20260819,34600.0,6.27,216942.0,6.28,0.00120275,0.208323,287674.0
600995.SH,20260819,14900.0,12.54,186846.0,12.57,0.000466207,0.137082,319601.0
601065.SH,20260819,4400.0,6.76,29744.0,6.79,0.000684531,0.108432,64277.6
601059.SH,20260819,60700.0,16.4,995480.0,16.3,0.00187172,1.25615,324300.0
601058.SH,20260819,46800.0,13.89,650052.0,13.89,0.00142331,0.205167,328810.0
601038.SH,20260819,65100.0,12.98,844998.0,13.03,0.00889703,1.03043,73170.5
601033.SH,20260819,19900.0,14.44,287356.0,14.43,0.00829167,0.65601,24000.0
601026.SH,20260819,93900.0,16.0,1502400.0,16.37,0.0845293,0.681532,11108.6
601022.SH,20260819,32200.0,8.36,269192.0,8.35,0.00246058,0.47427,130863.0
601021.SH,20260819,16300.0,44.29,721927.0,44.27,0.0016661,0.396279,97833.3
601020.SH,20260819,183900.0,21.2,3898680.0,21.7,0.0224278,0.678907,81996.5
601019.SH,20260819,11300.0,6.87,77631.0,6.86,0.000541473,0.1461,208690.0
601018.SH,20260819,134600.0,3.33,448218.0,3.33,0.000691875,0.275873,1945440.0
601016.SH,20260819,276100.0,3.43,947023.0,3.43,0.00457251,0.14982,603826.0
601015.SH,20260819,419700.0,3.4,1426980.0,3.37,0.0205484,1.00973,204250.0
601012.SH,20260819,485900.0,12.75,6195225.0,12.84,0.00641193,0.484388,757806.0
601011.SH,20260819,7303100.0,2.99,21836269.0,2.76,0.381231,18.5422,191566.0
601010.SH,20260819,946700.0,1.45,1372715.0,1.47,0.0523416,4.67528,180870.0
601009.SH,20260819,596200.0,11.51,6862262.0,11.47,0.00482223,1.51241,1236360.0
601008.SH,20260819,22400.0,4.38,98112.0,4.4,0.00180552,0.292355,124064.0
601007.SH,20260819,45000.0,6.7,301500.0,6.76,0.0115385,0.776061,39000.0
601006.SH,20260819,311600.0,4.75,1480100.0,4.74,0.00156875,0.354686,1986290.0
601005.SH,20260819,107200.0,1.19,127568.0,1.2,0.00128945,0.181815,831364.0
601003.SH,20260819,116800.0,3.75,438000.0,3.76,0.00455753,0.643713,256279.0
601002.SH,20260819,59400.0,5.33,316602.0,5.34,0.00622354,0.51786,95444.1
601001.SH,20260819,119900.0,17.65,2116235.0,17.39,0.00716377,0.779138,167370.0
601000.SH,20260819,84300.0,4.56,384408.0,4.53,0.00142256,0.247657,592593.0
600999.SH,20260819,233400.0,18.01,4203534.0,18.05,0.0031447,0.491407,742200.0
600998.SH,20260819,95300.0,4.94,470782.0,4.96,0.00188995,0.254623,504247.0
600997.SH,20260819,72400.0,5.55,401820.0,5.51,0.00455977,0.814058,158780.0
601061.SH,20260819,65000.0,11.82,768300.0,12.05,0.00132653,0.346729,490000.0
601066.SH,20260819,74900.0,25.21,1888229.0,25.43,0.00115308,0.290854,649567.0
601138.SH,20260819,1495877.0,64.1,95885716.0,66.2,0.00753815,1.10425,1984410.0
601068.SH,20260819,31300.0,4.46,139598.0,4.5,0.00122285,0.218401,255959.0
601137.SH,20260819,115400.0,18.21,2101434.0,18.61,0.0125691,0.656751,91812.7
601136.SH,20260819,14200.0,13.97,198374.0,13.98,0.000519512,0.161105,273333.0
601133.SH,20260819,126300.0,26.97,3406311.0,27.9,0.0240853,0.884103,52438.7
601128.SH,20260819,282300.0,6.14,1733322.0,6.12,0.00773811,0.854852,364818.0
601127.SH,20260819,150100.0,51.4,7715140.0,51.84,0.00963908,0.665033,155720.0
601126.SH,20260819,271700.0,45.3,12308010.0,47.11,0.0329299,0.906913,82508.5
601121.SH,20260819,60400.0,7.39,446356.0,7.43,0.00755,0.3977,80000.0
601118.SH,20260819,1565000.0,5.7,8920500.0,5.69,0.0365703,2.11864,427943.0
601117.SH,20260819,426800.0,7.45,3179660.0,7.5,0.00701043,0.872706,608807.0
601116.SH,20260819,1303400.0,11.83,15419222.0,11.77,0.237986,9.79472,54767.8
601113.SH,20260819,51300.0,3.34,171342.0,3.38,0.0046461,0.652575,110415.0
601112.SH,20260819,42700.0,15.58,665266.0,15.72,0.0233667,0.920958,18273.8
601111.SH,20260819,181200.0,5.84,1058208.0,5.86,0.00155695,0.374327,1163810.0
601108.SH,20260819,630800.0,8.75,5519500.0,8.83,0.0135838,0.577546,464377.0
601107.SH,20260819,23500.0,5.52,129720.0,5.5,0.00108658,0.328385,216274.0
601106.SH,20260819,124900.0,3.08,384692.0,3.08,0.00182129,0.273634,685778.0
601101.SH,20260819,816200.0,13.27,10830974.0,13.03,0.0566806,1.737,144000.0
601100.SH,20260819,16400.0,107.83,1768412.0,107.99,0.00122313,0.283274,134082.0
601099.SH,20260819,1138500.0,3.4,3870900.0,3.42,0.0167026,0.732587,681632.0
601098.SH,20260819,34100.0,10.13,345433.0,10.17,0.00189866,0.467969,179600.0
601096.SH,20260819,41900.0,4.24,177656.0,4.26,0.00255025,0.224357,164298.0
601089.SH,20260819,18100.0,17.13,310053.0,17.12,0.00377083,0.365188,48000.0
601088.SH,20260819,197200.0,46.0,9071200.0,45.7,0.0011958,0.775111,1649100.0
601086.SH,20260819,94800.0,7.92,750816.0,7.96,0.0142342,0.850345,66600.0
601083.SH,20260819,26800.0,11.41,305788.0,11.34,0.0138059,0.695584,19412.0
601077.SH,20260819,202300.0,6.66,1347318.0,6.63,0.00228892,0.398017,883824.0
601069.SH,20260819,227300.0,27.48,6246204.0,28.5,0.0256203,1.02493,88718.8
601566.SH,20260819,51300.0,8.64,443232.0,8.7,0.00892737,0.869264,57463.7
601567.SH,20260819,33000.0,15.18,500940.0,15.22,0.0023484,0.260889,140521.0
601568.SH,20260819,49800.0,3.7,184260.0,3.71,0.00125371,0.396878,397222.0
601965.SH,20260819,7000.0,13.89,97230.0,13.94,0.000701118,0.124097,99840.6
601958.SH,20260819,214700.0,22.1,4744870.0,22.59,0.00665405,0.554633,322660.0
601956.SH,20260819,53600.0,4.95,265320.0,5.01,0.00862268,1.16414,62161.7
601952.SH,20260819,813400.0,9.04,7353136.0,9.38,0.0590276,3.50462,137800.0
601949.SH,20260819,13900.0,5.22,72558.0,5.25,0.000730054,0.0931404,190397.0
601939.SH,20260819,1210400.0,10.48,12684992.0,10.43,0.0126167,1.05367,959366.0
601933.SH,20260819,2234000.0,3.22,7193480.0,3.27,0.0250307,1.5486,892504.0
601929.SH,20260819,240900.0,2.31,556479.0,2.35,0.006903,0.287443,348979.0
601928.SH,20260819,17300.0,9.21,159333.0,9.19,0.000679791,0.242043,254490.0
601921.SH,20260819,116400.0,7.63,888132.0,7.67,0.005238,1.33176,222222.0
601919.SH,20260819,634000.0,16.3,10334200.0,16.31,0.00504916,0.762734,1255650.0
601918.SH,20260819,122200.0,10.29,1257438.0,10.27,0.00471716,0.372142,259054.0
601916.SH,20260819,397400.0,2.91,1156434.0,2.9,0.00184456,0.394201,2154440.0
601908.SH,20260819,451800.0,3.04,1373472.0,3.08,0.0187112,0.681345,241460.0
601901.SH,20260819,275700.0,6.85,1888545.0,6.84,0.00334908,0.647337,823210.0
601900.SH,20260819,11500.0,12.0,138000.0,12.0,0.0013039,0.20608,88197.0
601899.SH,20260819,3329100.0,32.5,108195750.0,33.56,0.0161593,1.49759,2060180.0
601898.SH,20260819,314200.0,14.48,4549616.0,14.37,0.00343313,0.855706,915200.0
601890.SH,20260819,116000.0,8.76,1016160.0,8.81,0.0120909,0.221891,95940.0
601888.SH,20260819,150900.0,53.9,8133510.0,53.88,0.00772865,0.643918,195248.0
601886.SH,20260819,218800.0,12.6,2756880.0,12.73,0.0193115,0.535673,113300.0
601882.SH,20260819,94300.0,20.71,1952953.0,21.15,0.0180651,0.626355,52200.0
601881.SH,20260819,130300.0,12.03,1567509.0,12.05,0.00179887,0.577624,724342.0
601880.SH,20260819,362910.0,1.46,529849.0,1.47,0.00197094,0.597981,1841310.0
601878.SH,20260819,62400.0,9.24,576576.0,9.25,0.00136429,0.316012,457380.0
601877.SH,20260819,76500.0,24.61,1882665.0,24.75,0.00355985,0.509973,214897.0
601872.SH,20260819,1115200.0,18.3,20408160.0,17.98,0.0138113,1.43281,807454.0
601869.SH,20260819,173400.0,364.42,63190428.0,383.6,0.0426738,1.27794,40633.8
601963.SH,20260819,53800.0,10.81,581578.0,10.78,0.00264496,0.727699,203406.0
601966.SH,20260819,31900.0,10.9,347710.0,10.92,0.0021797,0.436371,146350.0
601577.SH,20260819,46600.0,9.23,430118.0,9.22,0.00115901,0.40405,402068.0
601968.SH,20260819,9300.0,4.41,41013.0,4.43,0.000728966,0.18084,127578.0
603015.SH,20260819,15723.0,11.16,175469.0,11.33,0.00388972,0.301573,40421.9
603014.SH,20260819,9100.0,33.08,301028.0,33.33,0.00896685,0.552683,10148.5
603013.SH,20260819,13900.0,16.81,233659.0,16.73,0.00273504,0.605178,50822.0
603012.SH,20260819,197400.0,9.09,1794366.0,9.15,0.0305336,0.333086,64650.0
603011.SH,20260819,446700.0,24.5,10944150.0,25.44,0.0903493,0.60552,49441.4
603010.SH,20260819,265300.0,11.97,3175641.0,12.25,0.0464804,2.81231,57077.8
603009.SH,20260819,60800.0,47.3,2875840.0,48.06,0.0175525,0.429548,34639.0
603008.SH,20260819,15000.0,7.99,119850.0,7.95,0.00407285,0.245775,36829.2
603007.SH,20260819,35900.0,4.79,171961.0,4.83,0.00516481,0.172201,69508.9
603006.SH,20260819,15000.0,11.44,171600.0,11.34,0.00589961,0.774428,25425.4
603005.SH,20260819,322300.0,33.57,10819611.0,34.73,0.0494195,0.916775,65217.2
603004.SH,20260819,12900.0,20.32,262128.0,20.32,0.021909,0.501932,5888.0
603002.SH,20260819,1600500.0,17.07,27320535.0,17.84,0.141128,1.97875,113408.0
603001.SH,20260819,182900.0,7.69,1406501.0,7.86,0.0456132,1.49206,40098.0
603000.SH,20260819,24800.0,16.25,403000.0,16.35,0.00224294,0.141728,110569.0
601999.SH,20260819,96100.0,6.32,607352.0,6.34,0.0174437,0.481749,55091.5
601998.SH,20260819,277800.0,7.85,2180730.0,7.81,0.0006815,0.655652,4076300.0
601997.SH,20260819,128700.0,5.62,723294.0,5.61,0.00352005,0.426382,365620.0
601996.SH,20260819,115600.0,2.5,289000.0,2.53,0.010313,0.500519,112091.0
601995.SH,20260819,140300.0,34.2,4798260.0,34.3,0.00479897,0.744417,292354.0
601992.SH,20260819,338300.0,1.39,470237.0,1.4,0.0040592,0.965816,833416.0
601991.SH,20260819,2134104.0,6.1,13018034.0,6.16,0.0172159,0.343947,1239610.0
601990.SH,20260819,37000.0,6.59,243830.0,6.6,0.000874348,0.26462,423172.0
601988.SH,20260819,2767300.0,6.02,16659146.0,6.03,0.00131298,1.14682,21076600.0
601985.SH,20260819,359400.0,8.82,3169908.0,8.82,0.00190327,0.596419,1888330.0
601975.SH,20260819,1367000.0,3.74,5112580.0,3.7,0.0292073,1.17262,468034.0
601969.SH,20260819,74800.0,9.4,703120.0,9.5,0.00379219,0.449655,197248.0
601868.SH,20260819,4907400.0,2.53,12415722.0,2.53,0.0151329,2.25206,3242870.0
601866.SH,20260819,307600.0,2.4,738240.0,2.39,0.00316773,0.657017,971043.0
601865.SH,20260819,94900.0,10.45,991705.0,10.51,0.00499204,0.317603,190103.0
601860.SH,20260819,170000.0,2.52,428400.0,2.52,0.00478646,0.471274,355169.0
601686.SH,20260819,5800.0,5.14,29812.0,5.15,0.000392065,0.144622,147935.0
601678.SH,20260819,841900.0,6.71,5649149.0,6.85,0.0412022,0.689253,204334.0
601677.SH,20260819,227400.0,16.35,3717990.0,16.64,0.0182902,0.818697,124329.0
601669.SH,20260819,635300.0,4.67,2966851.0,4.68,0.00486018,0.690253,1307150.0
601668.SH,20260819,1194100.0,4.36,5206276.0,4.36,0.00288986,0.659696,4132040.0
601666.SH,20260819,433900.0,9.55,4143745.0,9.29,0.0175713,1.03546,246937.0
601665.SH,20260819,58600.0,6.41,375626.0,6.4,0.000952251,0.166284,615384.0
601658.SH,20260819,1270000.0,4.94,6273800.0,4.93,0.00175105,1.31687,7252780.0
601636.SH,20260819,872100.0,6.13,5345973.0,6.3,0.0294762,1.17733,295865.0
601633.SH,20260819,29000.0,15.31,443990.0,15.33,0.000466226,0.264697,622016.0
601628.SH,20260819,152400.0,36.87,5618988.0,36.95,0.000731864,0.568121,2082350.0
601619.SH,20260819,405010.0,4.25,1721293.0,4.28,0.0164312,0.445765,246489.0
601618.SH,20260819,156800.0,2.56,401408.0,2.56,0.000878302,0.24363,1785260.0
601616.SH,20260819,38700.0,3.73,144351.0,3.76,0.00453334,0.200782,85367.5
601615.SH,20260819,545900.0,11.62,6343358.0,11.48,0.0241389,0.902521,226150.0
601611.SH,20260819,356400.0,10.99,3916836.0,11.06,0.0118255,0.896235,301383.0
601609.SH,20260819,1045600.0,11.89,12432184.0,11.95,0.0604869,1.60439,172864.0
601608.SH,20260819,608100.0,4.95,3010095.0,4.93,0.0132786,1.99426,457955.0
601607.SH,20260819,52600.0,16.37,861062.0,16.43,0.00188584,0.456988,278921.0
601606.SH,20260819,223800.0,34.34,7685292.0,33.7,0.0309019,0.727666,72422.8
601601.SH,20260819,179600.0,30.05,5396980.0,29.98,0.0026238,0.525832,684504.0
601600.SH,20260819,1694900.0,9.27,15711723.0,9.45,0.0128369,0.797764,1320330.0
601599.SH,20260819,73100.0,3.04,222224.0,3.05,0.00629878,0.414634,116054.0
601598.SH,20260819,55300.0,6.61,365533.0,6.65,0.00107223,0.435458,515747.0
601595.SH,20260819,26900.0,16.8,451920.0,16.82,0.00600178,0.329645,44820.0
601588.SH,20260819,43900.0,1.71,75069.0,1.72,0.00165038,0.113706,266000.0
601579.SH,20260819,155800.0,18.74,2919692.0,18.76,0.0324947,0.482614,47946.3
601688.SH,20260819,398500.0,19.06,7595410.0,19.1,0.00545386,0.630014,730676.0
601689.SH,20260819,183200.0,50.08,9174656.0,51.1,0.0105418,0.857851,173784.0
601696.SH,20260819,82000.0,11.79,966780.0,11.84,0.00295176,0.223935,277800.0
601799.SH,20260819,9800.0,92.01,901698.0,92.81,0.00343042,0.407656,28567.9
601858.SH,20260819,23700.0,23.37,553869.0,23.6,0.0029981,0.127649,79050.0
601857.SH,20260819,1277831.0,11.05,14120033.0,10.92,0.000789164,1.12951,16192200.0
601838.SH,20260819,60400.0,18.08,1092032.0,18.0,0.00142505,0.466224,423844.0
601828.SH,20260819,217100.0,2.18,473278.0,2.18,0.00600985,0.49257,361240.0
601827.SH,20260819,9600.0,8.3,79680.0,8.34,0.000574186,0.0857255,167193.0
601825.SH,20260819,175900.0,8.59,1510981.0,8.56,0.00186487,0.536444,943230.0
601818.SH,20260819,1264400.0,2.99,3780556.0,2.98,0.0027246,0.902903,4640680.0
601816.SH,20260819,1117100.0,4.93,5507303.0,4.9,0.00228326,0.961503,4892570.0
601811.SH,20260819,5100.0,12.03,61353.0,12.02,0.000644018,0.299019,79190.4
601808.SH,20260819,156900.0,12.3,1929870.0,12.29,0.00529984,0.998754,296047.0
601801.SH,20260819,53000.0,5.42,287260.0,5.42,0.00270694,0.651075,195793.0
601800.SH,20260819,203400.0,5.87,1193958.0,5.87,0.00173507,0.900792,1172290.0
601798.SH,20260819,8800.0,7.8,68640.0,7.8,0.00248217,0.206831,35452.8
601698.SH,20260819,1232200.0,27.63,34045686.0,27.06,0.0291687,6.20942,422439.0
601789.SH,20260819,644500.0,4.28,2758460.0,4.35,0.0593026,0.54867,108680.0
601788.SH,20260819,122400.0,14.38,1760112.0,14.45,0.00313308,0.584049,390670.0
601778.SH,20260819,328600.0,3.78,1242108.0,3.82,0.00882611,0.251853,372304.0
601777.SH,20260819,80600.0,8.17,658502.0,8.18,0.00178275,0.367523,452110.0
601766.SH,20260819,899700.0,6.02,5416194.0,6.04,0.00369824,0.759544,2432780.0
601728.SH,20260819,643600.0,6.57,4228452.0,6.57,0.000829064,0.509515,7762970.0
601727.SH,20260819,261200.0,6.68,1744816.0,6.69,0.00207045,0.556034,1261560.0
601718.SH,20260819,353600.0,1.84,650624.0,1.85,0.0081081,1.01251,436107.0
601717.SH,20260819,69400.0,15.19,1054186.0,15.17,0.00450016,0.477048,154217.0
601702.SH,20260819,146200.0,16.6,2426920.0,16.7,0.0146415,1.38,99853.1
601700.SH,20260819,9450581.0,7.18,67855172.0,7.31,0.829903,4.54758,113876.0
601699.SH,20260819,212300.0,16.76,3558148.0,16.49,0.00709699,0.711663,299141.0
600996.SH,20260819,37800.0,6.69,252882.0,6.75,0.00303176,0.238875,124680.0
600993.SH,20260819,8900.0,22.95,204255.0,22.93,0.00206824,0.181557,43031.8
600666.SH,20260819,622100.0,3.75,2332875.0,3.82,0.0241889,0.440775,257185.0
600776.SH,20260819,35500.0,12.76,452980.0,12.89,0.00371339,0.319914,95600.0
600774.SH,20260819,12600.0,7.31,92106.0,7.3,0.00427292,0.313064,29488.0
600773.SH,20260819,213200.0,10.88,2319616.0,11.06,0.0224047,1.14218,95158.7
600771.SH,20260819,21300.0,13.67,291171.0,13.71,0.00435146,0.192601,48949.1
600770.SH,20260819,244000.0,5.21,1271240.0,5.29,0.0187692,1.08504,130000.0
600769.SH,20260819,65800.0,16.03,1054774.0,16.31,0.0175477,0.490098,37497.7
600768.SH,20260819,53900.0,15.3,824670.0,15.27,0.0402999,0.79627,13374.7
600765.SH,20260819,300000.0,13.46,4038000.0,13.4,0.0193237,2.40931,155249.0
600764.SH,20260819,10100.0,17.8,179780.0,17.9,0.00142128,0.162264,71062.9
600763.SH,20260819,34800.0,35.9,1249320.0,36.0,0.0077802,0.263556,44728.9
600761.SH,20260819,23200.0,16.74,388368.0,16.76,0.00260471,0.252173,89069.3
600760.SH,20260819,54900.0,44.0,2415600.0,43.94,0.00194024,0.361116,282955.0
600759.SH,20260819,2232400.0,2.55,5692620.0,2.56,0.0538747,1.39803,414369.0
600758.SH,20260819,426000.0,3.38,1439880.0,3.35,0.0322546,0.823949,132074.0
600757.SH,20260819,29300.0,7.64,223852.0,7.63,0.00241451,0.46284,121350.0
600756.SH,20260819,304400.0,15.0,4566000.0,15.54,0.093922,1.04777,32409.9
600755.SH,20260819,92100.0,5.64,519444.0,5.65,0.00431957,0.855061,213216.0
600754.SH,20260819,36100.0,18.99,685539.0,19.03,0.00398435,0.375483,90604.4
600753.SH,20260819,600.0,9.95,5970.0,9.9,0.000260522,0.041481,23030.7
600751.SH,20260819,39200.0,3.16,123872.0,3.17,0.0015234,0.147198,257319.0
600750.SH,20260819,21000.0,23.79,499590.0,23.7,0.00333956,0.495951,62882.5
600749.SH,20260819,21200.0,13.71,290652.0,13.8,0.00934063,0.412977,22696.6
600748.SH,20260819,24800.0,3.89,96472.0,3.92,0.00134449,0.201355,184456.0
600746.SH,20260819,39200.0,6.68,261856.0,6.73,0.00335662,0.300228,116784.0
600745.SH,20260819,378100.0,16.85,6370985.0,17.14,0.0296812,0.92406,127387.0
600744.SH,20260819,301400.0,6.72,2025408.0,6.76,0.0148391,0.152901,203112.0
600743.SH,20260819,85400.0,2.27,193858.0,2.26,0.00364008,0.243551,234610.0
600742.SH,20260819,3300.0,7.56,24948.0,7.61,0.000444111,0.0756899,74305.8
600775.SH,20260819,51200.0,9.72,497664.0,9.84,0.00762088,0.224044,67183.9
600777.SH,20260819,42600.0,4.17,177642.0,4.18,0.000669164,0.199527,636615.0
600740.SH,20260819,315500.0,3.62,1142110.0,3.59,0.012314,1.08863,256212.0
600778.SH,20260819,24000.0,5.62,134880.0,5.62,0.00771171,0.471585,31121.5
600812.SH,20260819,532700.0,5.2,2770040.0,5.16,0.031048,1.9285,171573.0
600810.SH,20260819,14400.0,6.37,91728.0,6.38,0.0013324,0.155898,108075.0
600809.SH,20260819,34500.0,120.21,4147245.0,120.52,0.00282795,0.360624,121996.0
600808.SH,20260819,168400.0,2.48,417632.0,2.49,0.00282183,0.316114,596775.0
600807.SH,20260819,35100.0,2.59,90909.0,2.6,0.00445987,0.283581,78701.8
600805.SH,20260819,14000.0,4.43,62020.0,4.44,0.00164653,0.268293,85027.5
600803.SH,20260819,20900.0,17.7,369930.0,17.7,0.000680399,0.403832,307173.0
600802.SH,20260819,21700.0,4.62,100254.0,4.62,0.00473542,0.414444,45824.8
600801.SH,20260819,23100.0,22.76,525756.0,22.78,0.0017217,0.24287,134170.0
600800.SH,20260819,734200.0,3.37,2474254.0,3.43,0.0661602,1.14128,110973.0
600798.SH,20260819,117100.0,3.26,381746.0,3.29,0.00970549,0.822917,120653.0
600797.SH,20260819,37400.0,7.02,262548.0,7.05,0.00363981,0.091492,102753.0
600796.SH,20260819,6600.0,5.15,33990.0,5.19,0.00211893,0.117771,31147.8
600795.SH,20260819,1075800.0,5.03,5411274.0,5.03,0.00603175,0.936126,1783560.0
600794.SH,20260819,54400.0,3.18,172992.0,3.18,0.00453276,0.503178,120015.0
600793.SH,20260819,32200.0,14.7,473340.0,14.7,0.018202,0.433627,17690.4
600792.SH,20260819,99900.0,3.65,364635.0,3.65,0.00900062,0.683507,110992.0
600791.SH,20260819,160400.0,7.65,1227060.0,7.77,0.0354621,0.67946,45231.4
600790.SH,20260819,35200.0,3.36,118272.0,3.36,0.00240143,0.340107,146579.0
600789.SH,20260819,76300.0,7.51,573013.0,7.52,0.00755223,0.212516,101030.0
600787.SH,20260819,48300.0,4.58,221214.0,4.58,0.00222572,0.356273,217008.0
600785.SH,20260819,25600.0,9.1,232960.0,9.17,0.00810425,0.26325,31588.4
600784.SH,20260819,26300.0,8.16,214608.0,8.2,0.00389253,0.2381,67565.2
600783.SH,20260819,2362200.0,20.19,47692818.0,18.35,0.317347,9.32991,74435.9
600782.SH,20260819,117100.0,2.72,318512.0,2.71,0.0037226,0.359466,314565.0
600780.SH,20260819,56000.0,5.89,329840.0,5.88,0.00488442,0.755896,114650.0
600779.SH,20260819,5300.0,27.8,147340.0,27.89,0.00108717,0.154425,48750.3
600741.SH,20260819,47200.0,15.36,724992.0,15.32,0.00149712,0.375932,315272.0
600739.SH,20260819,141406.0,10.62,1501732.0,10.64,0.00928887,1.09624,152232.0
600992.SH,20260819,104000.0,10.35,1076400.0,10.08,0.0424334,1.52618,24509.0
600706.SH,20260819,14400.0,8.0,115200.0,8.0,0.00566862,0.28335,25403.0
600703.SH,20260819,2435100.0,14.15,34456665.0,14.83,0.0488092,1.37428,498902.0
600702.SH,20260819,18200.0,35.79,651378.0,36.03,0.00548274,0.142771,33195.1
600699.SH,20260819,111900.0,20.8,2327520.0,21.1,0.00801765,0.562379,139567.0
600698.SH,20260819,40200.0,6.86,275772.0,6.91,0.00484074,0.131747,83045.2
600697.SH,20260819,17300.0,10.75,185975.0,10.84,0.0111343,0.690825,15537.6
600694.SH,20260819,21820.0,14.52,316826.0,14.52,0.00576039,0.769355,37879.4
600693.SH,20260819,850900.0,9.75,8296275.0,9.71,0.0979225,0.927221,86895.3
600692.SH,20260819,52400.0,6.19,324356.0,6.21,0.0205482,1.05526,25501.1
600691.SH,20260819,727100.0,2.52,1832292.0,2.53,0.0306072,2.92353,237559.0
600690.SH,20260819,129800.0,21.59,2802382.0,21.65,0.00207579,0.36186,625303.0
600689.SH,20260819,9300.0,10.64,98952.0,10.67,0.00611021,0.446043,15220.4
600688.SH,20260819,214400.0,2.83,606752.0,2.83,0.00292544,0.383445,732881.0
600686.SH,20260819,25800.0,11.4,294120.0,11.44,0.00359809,0.17205,71704.7
600685.SH,20260819,37700.0,25.8,972660.0,25.92,0.00458953,0.372484,82143.5
600684.SH,20260819,53400.0,3.39,181026.0,3.42,0.00625688,0.389847,85346.1
600683.SH,20260819,877200.0,10.35,9079020.0,10.76,0.118416,1.70362,74077.8
600682.SH,20260819,37800.0,5.78,218484.0,5.81,0.00324725,0.176986,116406.0
600681.SH,20260819,122300.0,3.47,424381.0,3.49,0.00912817,0.65728,133981.0
600679.SH,20260819,4000.0,9.55,38200.0,9.6,0.00116383,0.211954,34369.4
600678.SH,20260819,142100.0,5.53,785813.0,5.47,0.0407175,2.35183,34899.0
600676.SH,20260819,18500.0,6.65,123025.0,6.64,0.00179875,0.248038,102849.0
600675.SH,20260819,185100.0,2.25,416475.0,2.27,0.00306146,0.520003,604614.0
600674.SH,20260819,57000.0,15.37,876090.0,15.33,0.00116933,0.207141,487461.0
600673.SH,20260819,273300.0,35.45,9688485.0,36.7,0.00910527,0.522112,300156.0
600671.SH,20260819,5000.0,21.18,105900.0,21.28,0.00410608,0.113181,12177.1
600668.SH,20260819,54100.0,7.4,400340.0,7.47,0.0131024,0.585951,41290.1
600667.SH,20260819,3125598.0,21.65,67669197.0,23.0,0.14944,0.75623,209154.0
600704.SH,20260819,160300.0,4.87,780661.0,4.87,0.00309987,0.650792,517118.0
600707.SH,20260819,5869200.0,10.35,60746220.0,10.8,0.163594,4.00177,358767.0
600738.SH,20260819,885600.0,4.35,3852360.0,4.11,0.116424,10.4531,76066.6
600708.SH,20260819,11700.0,3.14,36738.0,3.15,0.000525777,0.0609679,222528.0
600737.SH,20260819,2490100.0,15.36,38247936.0,15.08,0.116422,3.98475,213885.0
600736.SH,20260819,286500.0,6.85,1962525.0,6.91,0.0248851,0.974001,115129.0
600735.SH,20260819,21700.0,5.94,128898.0,5.96,0.00510046,0.439911,42545.2
600734.SH,20260819,197100.0,1.67,329157.0,1.67,0.0090502,0.701497,217785.0
600733.SH,20260819,422500.0,5.1,2154750.0,5.16,0.00698931,0.457094,604495.0
600732.SH,20260819,98600.0,12.34,1216724.0,12.45,0.00468352,0.269577,210525.0
600731.SH,20260819,119000.0,5.95,708050.0,6.0,0.0219686,2.09889,54168.3
600730.SH,20260819,100000.0,10.78,1078000.0,10.88,0.0170458,0.709395,58665.6
600729.SH,20260819,12700.0,19.26,244602.0,19.32,0.00659799,0.279622,19248.3
600728.SH,20260819,79500.0,4.56,362520.0,4.61,0.00372785,0.323135,213260.0
600727.SH,20260819,79000.0,7.49,591710.0,7.56,0.0149456,0.676192,52858.3
600726.SH,20260819,582200.0,5.89,3429158.0,5.95,0.00778828,0.304871,747534.0
600725.SH,20260819,27300.0,3.26,88998.0,3.26,0.00221506,0.216572,123247.0
600724.SH,20260819,67100.0,5.08,340868.0,5.14,0.00464378,0.825661,144494.0
600722.SH,20260819,3709827.0,12.6,46743820.0,13.02,0.545306,3.14304,68032.0
600721.SH,20260819,2815300.0,13.0,36598900.0,13.5,0.732107,2.13175,38454.8
600720.SH,20260819,1900.0,5.1,9690.0,5.1,0.000188296,0.0296004,100905.0
600719.SH,20260819,21200.0,7.19,152428.0,7.2,0.00523975,0.154179,40460.0
600718.SH,20260819,30400.0,8.07,245328.0,8.12,0.00254087,0.340974,119644.0
600717.SH,20260819,40200.0,4.24,170448.0,4.24,0.00138908,0.238343,289400.0
600716.SH,20260819,11300.0,3.54,40002.0,3.54,0.00120719,0.216804,93606.1
600715.SH,20260819,231400.0,1.62,374868.0,1.62,0.0080842,0.311709,286237.0
600714.SH,20260819,151200.0,15.81,2390472.0,16.44,0.0524679,1.14945,28817.6
600713.SH,20260819,49100.0,5.32,261212.0,5.32,0.00380675,0.244927,128981.0
600712.SH,20260819,110600.0,5.54,612724.0,5.51,0.0205329,0.69702,53864.8
600711.SH,20260819,897000.0,11.56,10369320.0,11.94,0.0290234,0.798007,309061.0
600710.SH,20260819,25500.0,10.29,262395.0,10.29,0.00195141,0.317867,130675.0
600814.SH,20260819,18600.0,6.85,127410.0,6.85,0.00253034,0.328829,73507.9
600815.SH,20260819,287500.0,3.94,1132750.0,3.98,0.0162055,0.326344,177409.0
600816.SH,20260819,339000.0,2.48,840720.0,2.49,0.00619842,0.304107,546914.0
600955.SH,20260819,90200.0,12.71,1146442.0,12.95,0.0164,2.42485,55000.0
600939.SH,20260819,10200.0,2.56,26112.0,2.57,0.000536144,0.103657,190248.0
600938.SH,20260819,345300.0,33.78,11664234.0,33.58,0.0115485,0.790949,299000.0
600936.SH,20260819,1203000.0,4.86,5846580.0,4.91,0.0719917,1.1627,167103.0
600935.SH,20260819,18100.0,2.28,41268.0,2.29,0.000516051,0.132469,350740.0
600933.SH,20260819,25100.0,14.12,354412.0,14.15,0.00255858,0.258875,98101.3
600930.SH,20260819,469200.0,4.02,1886184.0,4.03,0.00436742,0.286422,1074320.0
600929.SH,20260819,24100.0,5.3,127730.0,5.3,0.00146941,0.168461,164011.0
600928.SH,20260819,75400.0,3.51,264654.0,3.5,0.00170459,0.468076,442335.0
600927.SH,20260819,33000.0,12.83,423390.0,12.91,0.00227516,0.770455,145044.0
600926.SH,20260819,96300.0,16.63,1601469.0,16.56,0.00132846,0.274677,724900.0
600925.SH,20260819,4900.0,4.33,21217.0,4.33,0.000305097,0.0697983,160605.0
600919.SH,20260819,795500.0,11.79,9378945.0,11.71,0.00433484,1.14613,1835130.0
600918.SH,20260819,192700.0,5.53,1065631.0,5.54,0.00422326,0.628552,456282.0
600917.SH,20260819,1600.0,4.84,7744.0,4.83,0.000102496,0.0387538,156104.0
600916.SH,20260819,167700.0,7.59,1272843.0,7.67,0.00998214,0.636724,168000.0
600909.SH,20260819,752600.0,8.2,6171320.0,8.32,0.0149795,0.714386,502421.0
600908.SH,20260819,126000.0,5.34,672840.0,5.32,0.00630217,0.939686,199931.0
600906.SH,20260819,47800.0,6.51,311178.0,6.54,0.00225022,0.175632,212424.0
600905.SH,20260819,398300.0,3.71,1477693.0,3.71,0.00139326,0.615369,2858760.0
600903.SH,20260819,547900.0,6.36,3484644.0,6.42,0.047071,2.00449,116399.0
600901.SH,20260819,244900.0,6.6,1616340.0,6.64,0.00422938,0.772974,579045.0
600900.SH,20260819,724300.0,28.24,20454232.0,28.12,0.00296017,0.989702,2446820.0
600897.SH,20260819,9900.0,14.77,146223.0,14.79,0.00237448,1.06725,41693.4
600895.SH,20260819,240000.0,32.4,7776000.0,32.51,0.015497,0.828987,154869.0
600894.SH,20260819,4900.0,7.8,38220.0,7.82,0.000581158,0.168753,84314.4
600893.SH,20260819,214000.0,37.04,7926560.0,37.01,0.00802964,0.741815,266512.0
600892.SH,20260819,162200.0,3.88,629336.0,3.82,0.0289995,0.291394,55932.0
600941.SH,20260819,32000.0,95.84,3066880.0,95.74,0.00354465,0.365698,90276.8
600956.SH,20260819,13500.0,7.19,97065.0,7.19,0.000574936,0.217611,234809.0
600817.SH,20260819,21800.0,9.41,205138.0,9.4,0.00411715,0.819159,52949.2
600958.SH,20260819,259200.0,8.96,2322432.0,9.0,0.00347012,0.596422,746948.0
600990.SH,20260819,20300.0,18.31,371693.0,18.33,0.00754611,0.402984,26901.3
600989.SH,20260819,420300.0,23.61,9923283.0,23.55,0.00573134,0.643741,733336.0
600988.SH,20260819,371700.0,40.8,15165360.0,42.21,0.0223389,0.6291,166391.0
600987.SH,20260819,164100.0,6.53,1071573.0,6.67,0.0160753,3.4233,102082.0
600986.SH,20260819,425400.0,7.35,3126690.0,7.46,0.0286007,0.392999,148737.0
600985.SH,20260819,208200.0,17.55,3653910.0,17.13,0.00773041,0.694898,269326.0
600983.SH,20260819,5300.0,7.64,40492.0,7.64,0.00069151,0.236183,76643.9
600982.SH,20260819,87400.0,4.87,425638.0,4.9,0.00782014,0.360141,111763.0
600981.SH,20260819,71000.0,2.41,171110.0,2.42,0.0031662,0.408495,224243.0
600980.SH,20260819,8600.0,19.94,171484.0,20.02,0.00454393,0.295488,18926.4
600979.SH,20260819,42200.0,3.88,163736.0,3.9,0.0033986,0.103513,124169.0
600977.SH,20260819,202500.0,11.93,2415825.0,12.02,0.0108463,0.373121,186700.0
600976.SH,20260819,3400.0,28.54,97036.0,28.51,0.00221789,0.109655,15329.9
600975.SH,20260819,193800.0,5.04,976752.0,5.05,0.0155082,1.45259,124966.0
600973.SH,20260819,200000.0,6.1,1220000.0,6.13,0.014584,0.929701,137137.0
600971.SH,20260819,44700.0,8.35,373245.0,8.36,0.00372498,0.317753,120000.0
600970.SH,20260819,36600.0,7.72,282552.0,7.74,0.00139598,0.253282,262181.0
600969.SH,20260819,23200.0,8.81,204392.0,8.91,0.00626941,0.220106,37005.0
600968.SH,20260819,232900.0,4.0,931600.0,4.0,0.00229117,0.664994,1016510.0
600967.SH,20260819,59600.0,11.23,669308.0,11.19,0.00350219,0.260703,170179.0
600966.SH,20260819,48800.0,4.76,232288.0,4.81,0.00365039,0.514415,133684.0
600965.SH,20260819,360900.0,2.96,1068264.0,3.05,0.044082,4.30598,81870.1
600963.SH,20260819,43500.0,3.34,145290.0,3.36,0.00247501,0.149345,175757.0
600962.SH,20260819,32000.0,25.8,825600.0,26.13,0.012204,0.306046,26221.0
600961.SH,20260819,630900.0,28.05,17696745.0,29.26,0.0839172,1.24063,75181.2
600960.SH,20260819,29300.0,3.99,116907.0,4.01,0.00308254,0.323476,95051.6
600959.SH,20260819,73700.0,3.04,224048.0,3.04,0.00147379,0.239523,500072.0
600889.SH,20260819,22100.0,14.0,309400.0,14.19,0.00603255,0.834016,36634.6
600888.SH,20260819,460100.0,10.15,4670015.0,10.27,0.0296249,0.848743,155309.0
600887.SH,20260819,381600.0,25.25,9635400.0,25.15,0.00606298,0.797867,629393.0
600886.SH,20260819,143400.0,13.79,1977486.0,13.74,0.00192375,0.557997,745418.0
600851.SH,20260819,41300.0,8.75,361375.0,8.87,0.00559464,0.369059,73820.6
600850.SH,20260819,31600.0,14.69,464204.0,14.83,0.00387142,0.253307,81623.9
600848.SH,20260819,12500.0,8.51,106375.0,8.52,0.000522158,0.173104,239391.0
600847.SH,20260819,18900.0,12.73,240597.0,12.89,0.0123298,1.12814,15328.7
600846.SH,20260819,8600.0,12.09,103974.0,12.17,0.00137653,0.17645,62476.2
600845.SH,20260819,213100.0,17.8,3793180.0,18.02,0.00998569,0.742665,213405.0
600844.SH,20260819,321000.0,3.51,1126710.0,3.56,0.0390164,0.924038,82273.1
600843.SH,20260819,7100.0,7.1,50410.0,7.06,0.00151314,0.10894,46922.3
600841.SH,20260819,56100.0,5.84,327624.0,5.9,0.00537859,0.418638,104302.0
600839.SH,20260819,1001500.0,7.0,7010500.0,7.11,0.0217012,0.837612,461496.0
600838.SH,20260819,7700.0,7.55,58135.0,7.62,0.00192076,0.097642,40088.2
600835.SH,20260819,24400.0,18.91,461404.0,19.04,0.0030254,0.459571,80650.4
600834.SH,20260819,1500.0,7.32,10980.0,7.34,0.000314214,0.0990177,47738.2
600833.SH,20260819,224900.0,11.1,2496390.0,11.29,0.100813,0.751063,22308.6
600831.SH,20260819,9500.0,3.36,31920.0,3.36,0.00133625,0.0880383,71094.7
600830.SH,20260819,29400.0,8.12,238728.0,8.13,0.00647117,0.797253,45432.3
600829.SH,20260819,1193000.0,11.66,13910380.0,11.9,0.205729,2.2336,57988.9
600828.SH,20260819,5200.0,4.0,20800.0,4.02,0.000300342,0.0368881,173136.0
600827.SH,20260819,69600.0,7.57,526872.0,7.62,0.00433794,0.536668,160445.0
600826.SH,20260819,26300.0,7.89,207507.0,7.87,0.00363168,0.702677,72418.4
600825.SH,20260819,12700.0,5.02,63754.0,5.04,0.00121544,0.140386,104489.0
600824.SH,20260819,952600.0,3.72,3543672.0,3.75,0.0903772,4.2604,105403.0
600822.SH,20260819,4600.0,8.48,39008.0,8.46,0.00116118,0.151525,39614.8
600821.SH,20260819,996200.0,6.2,6176440.0,6.31,0.0506373,0.747586,196732.0
600820.SH,20260819,41400.0,5.37,222318.0,5.37,0.00131675,0.323108,314410.0
600819.SH,20260819,22400.0,5.57,124768.0,5.57,0.00283811,0.338206,78925.7
600818.SH,20260819,2900.0,7.1,20590.0,7.11,0.0012187,0.0804337,23795.8
600853.SH,20260819,15800.0,3.28,51824.0,3.28,0.00155865,0.18475,101370.0
600854.SH,20260819,110600.0,4.55,503230.0,4.56,0.0212914,1.89874,51945.9
600855.SH,20260819,49400.0,12.84,634296.0,12.75,0.0105637,0.828083,46764.0
600872.SH,20260819,29200.0,18.78,548376.0,18.85,0.00378735,0.271897,77098.8
600885.SH,20260819,61900.0,35.57,2201783.0,35.84,0.00399976,0.38156,154759.0
600884.SH,20260819,369400.0,11.88,4388472.0,11.99,0.0201296,0.738532,183511.0
600883.SH,20260819,138600.0,7.84,1086624.0,7.93,0.0587069,2.92495,23608.8
600882.SH,20260819,19400.0,20.92,405848.0,20.86,0.00381549,0.257692,50845.4
600881.SH,20260819,4359700.0,2.03,8850191.0,2.03,0.134885,0.918846,323215.0
600880.SH,20260819,63700.0,3.88,247156.0,3.92,0.00582784,0.35903,109303.0
600879.SH,20260819,4298382.0,17.11,73545316.0,16.36,0.130282,6.48542,329930.0
600877.SH,20260819,55700.0,12.94,720758.0,13.09,0.00470416,0.320007,118406.0
600876.SH,20260819,29700.0,7.12,211464.0,7.13,0.00750616,1.04517,39567.5
600875.SH,20260819,281200.0,27.16,7637392.0,27.58,0.012424,0.607054,226337.0
600874.SH,20260819,30200.0,5.62,169724.0,5.59,0.00245445,0.580185,123042.0
600873.SH,20260819,102100.0,7.77,793317.0,7.8,0.00364091,0.382609,280424.0
600871.SH,20260819,1165000.0,2.27,2644550.0,2.29,0.00859968,0.777855,1354700.0
600857.SH,20260819,29700.0,20.6,611820.0,21.09,0.01324,0.279314,22432.0
600869.SH,20260819,1448000.0,16.37,23703760.0,17.1,0.0652442,1.02612,221935.0
600868.SH,20260819,358200.0,2.7,967140.0,2.74,0.018871,0.321201,189815.0
600867.SH,20260819,88400.0,8.35,738140.0,8.36,0.00451356,0.22278,195854.0
600866.SH,20260819,49300.0,4.44,218892.0,4.45,0.00296725,0.24889,166147.0
600865.SH,20260819,10300.0,8.86,91258.0,8.92,0.00273761,0.140588,37624.0
600864.SH,20260819,431000.0,5.39,2323090.0,5.45,0.0207155,1.07238,208057.0
600863.SH,20260819,873900.0,4.91,4290849.0,4.92,0.0123724,0.440369,706332.0
600862.SH,20260819,180500.0,17.97,3243585.0,17.83,0.0129572,1.73585,139305.0
600861.SH,20260819,2400.0,12.89,30936.0,12.94,0.000423944,0.0878978,56611.3
600860.SH,20260819,164400.0,8.67,1425348.0,8.87,0.0370236,0.884906,44404.1
600859.SH,20260819,16200.0,9.89,160218.0,9.92,0.0014415,0.111891,112383.0
600858.SH,20260819,46100.0,4.96,228656.0,4.98,0.00890739,0.62577,51754.8
688319.SH,20260819,74047.0,28.21,2088866.0,28.71,0.0182648,0.803408,40540.9
688321.SH,20260819,25968.0,29.97,778261.0,30.04,0.0063677,0.183933,40780.8
001366.SZ,20260819,368000.0,13.0,4784000.0,13.49,0.229027,11.8139,16068.0
588040.SH,20260819,103200.0,1.77,182664.0,1.821,,0.91662,
588020.SH,20260819,3912000.0,0.899,3516888.0,0.927,,1.09367,
588010.SH,20260819,841900.0,1.132,953031.0,1.169,,0.447469,
588000.SH,20260819,32070300.0,1.845,59169704.0,1.888,,0.914977,
563990.SH,20260819,0.0,,0.0,1.256,,0.0,
563980.SH,20260819,0.0,,0.0,0.964,,0.0,
563960.SH,20260819,0.0,,0.0,0.972,,0.0,
563930.SH,20260819,0.0,,0.0,1.072,,0.0,
563900.SH,20260819,100.0,1.16,116.0,1.165,,0.000477555,
563890.SH,20260819,0.0,,0.0,1.055,,0.0,
563880.SH,20260819,248400.0,1.28,317952.0,1.299,,0.262988,
563870.SH,20260819,54800.0,0.681004,37319.0,0.668,,5.78596,
563860.SH,20260819,0.0,,0.0,1.345,,0.0,
563850.SH,20260819,11900.0,0.977983,11638.0,0.976,,0.576472,
563830.SH,20260819,0.0,,0.0,1.174,,0.0,
563800.SH,20260819,325100.0,1.238,402474.0,1.257,,0.0989509,
563790.SH,20260819,2860100.0,0.92,2631292.0,0.894,,4.60557,
563780.SH,20260819,0.0,,0.0,1.224,,0.0,
563770.SH,20260819,6000.0,1.183,7098.0,1.194,,0.0815034,
563760.SH,20260819,0.0,,0.0,1.178,,0.0,
563750.SH,20260819,0.0,,0.0,1.142,,0.0,
563700.SH,20260819,14900.0,1.04799,15615.0,1.046,,0.255411,
563690.SH,20260819,0.0,,0.0,1.002,,0.0,
563680.SH,20260819,0.0,,0.0,1.202,,0.0,
563670.SH,20260819,0.0,,0.0,0.673,,0.0,
563660.SH,20260819,0.0,,0.0,1.292,,0.0,
563650.SH,20260819,0.0,,0.0,1.327,,0.0,
563630.SH,20260819,144600.0,1.317,190438.0,1.314,,5.29841,
588030.SH,20260819,336600.0,1.871,629779.0,1.925,,0.319294,
588050.SH,20260819,1060200.0,1.797,1905179.0,1.835,,0.443307,
563600.SH,20260819,600.0,1.06833,641.0,1.074,,0.0189468,
588060.SH,20260819,3647300.0,1.11,4048503.0,1.138,,1.04431,
588330.SH,20260819,320100.0,1.18,377718.0,1.201,,0.520657,
588320.SH,20260819,63100.0,1.82501,115158.0,1.87,,1.06239,
588310.SH,20260819,0.0,,0.0,1.272,,0.0,
588300.SH,20260819,342400.0,1.187,406429.0,1.223,,0.848653,
588290.SH,20260819,302500.0,3.636,1099890.0,3.74,,0.43569,
588280.SH,20260819,92400.0,1.252,115685.0,1.287,,0.352272,
588270.SH,20260819,24500.0,1.748,42826.0,1.793,,0.138027,
588260.SH,20260819,0.0,,0.0,2.739,,0.0,
588250.SH,20260819,39300.0,1.08601,42680.0,1.093,,0.360532,
588240.SH,20260819,1200.0,1.73833,2086.0,1.759,,0.00349845,
588230.SH,20260819,501900.0,1.856,931526.0,1.913,,0.798422,
588220.SH,20260819,1816100.0,1.881,3416084.0,1.932,,0.572258,
588210.SH,20260819,43000.0,1.881,80883.0,1.939,,0.494253,
588200.SH,20260819,22912606.0,1.24,28411631.0,1.275,,0.735721,
588190.SH,20260819,75400.0,1.882,141903.0,1.92,,0.109945,
588180.SH,20260819,292100.0,1.142,333578.0,1.166,,1.17153,
588170.SH,20260819,84251300.0,1.066,89811886.0,1.104,,1.27077,
588160.SH,20260819,349800.0,1.164,407167.0,1.197,,0.154624,
588150.SH,20260819,103100.0,1.247,128566.0,1.274,,0.324588,
588140.SH,20260819,6800.0,1.27103,8643.0,1.285,,0.0975579,
588130.SH,20260819,71400.0,1.07,76398.0,1.072,,0.0530491,
588120.SH,20260819,50700.0,0.958008,48571.0,0.979,,0.0662533,
588110.SH,20260819,829500.0,0.665001,551618.0,0.683,,0.770354,
588100.SH,20260819,114400.0,0.915,104676.0,0.946,,0.965983,
588090.SH,20260819,596600.0,1.8,1073880.0,1.841,,0.705817,
588080.SH,20260819,5514000.0,1.793,9886602.0,1.832,,0.647558,
588070.SH,20260819,105900.0,2.276,241028.0,2.373,,1.54409,
563620.SH,20260819,0.0,,0.0,1.085,,0.0,
563590.SH,20260819,0.0,,0.0,0.971,,0.0,
588360.SH,20260819,2400.0,1.27583,3062.0,1.291,,0.0136854,
562990.SH,20260819,0.0,,0.0,0.991,,0.0,
562960.SH,20260819,48700.0,1.13,55031.0,1.134,,0.141697,
562950.SH,20260819,348300.0,1.612,561460.0,1.666,,0.540003,
562930.SH,20260819,467800.0,0.73,341494.0,0.739,,0.329801,
562920.SH,20260819,0.0,,0.0,0.961,,0.0,
562910.SH,20260819,8600.0,0.87,7482.0,0.877,,0.0766494,
562900.SH,20260819,637700.0,0.703,448303.0,0.703,,3.07952,
562890.SH,20260819,0.0,,0.0,1.413,,0.0,
562880.SH,20260819,14800.0,0.785,11618.0,0.796,,0.0412702,
562870.SH,20260819,10000.0,0.911,9110.0,0.915,,0.0824126,
562860.SH,20260819,0.0,,0.0,0.671,,0.0,
562850.SH,20260819,0.0,,0.0,1.273,,0.0,
562820.SH,20260819,269700.0,1.002,270239.0,1.042,,0.831683,
562810.SH,20260819,11700.0,1.16598,13642.0,1.172,,0.230482,
562800.SH,20260819,1783800.0,0.968,1726718.0,0.987,,0.700235,
562700.SH,20260819,5400.0,1.25407,6772.0,1.253,,0.0412317,
562660.SH,20260819,61500.0,1.892,116358.0,1.926,,0.198236,
562600.SH,20260819,4700.0,0.788936,3708.0,0.79,,0.0135612,
562590.SH,20260819,7306000.0,1.087,7941622.0,1.127,,1.22737,
562580.SH,20260819,0.0,,0.0,1.086,,0.0,
562570.SH,20260819,34200.0,1.41801,48496.0,1.427,,0.0716353,
562560.SH,20260819,9900.0,2.42101,23968.0,2.422,,2.19162,
562550.SH,20260819,58700.0,1.13,66331.0,1.131,,0.0729368,
562530.SH,20260819,38400.0,1.25401,48154.0,1.265,,0.420566,
562520.SH,20260819,1000.0,1.4,1400.0,1.421,,0.0172185,
562510.SH,20260819,203300.0,0.566999,115271.0,0.568,,0.349746,
562500.SH,20260819,5866500.0,1.02,5983830.0,1.037,,0.995165,
562390.SH,20260819,0.0,,0.0,0.895,,0.0,
562970.SH,20260819,12600.0,1.045,13167.0,1.041,,0.077598,
563000.SH,20260819,3200.0,1.15594,3699.0,1.159,,0.0199677,
563580.SH,20260819,0.0,,0.0,1.13,,0.0,
563010.SH,20260819,0.0,,0.0,2.238,,0.0,
563570.SH,20260819,0.0,,0.0,0.732,,0.0,
563560.SH,20260819,200.0,1.26,252.0,1.271,,0.00398498,
563550.SH,20260819,0.0,,0.0,1.299,,0.0,
563530.SH,20260819,4145000.0,1.227,5085915.0,1.19,,4.92793,
563520.SH,20260819,0.0,,0.0,1.229,,0.0,
563510.SH,20260819,1400.0,0.992143,1389.0,0.993,,0.0153328,
563500.SH,20260819,123000.0,0.642,78966.0,0.65,,0.775201,
563390.SH,20260819,0.0,,0.0,1.227,,0.0,
563380.SH,20260819,1514100.0,0.985,1491389.0,0.966,,3.42195,
563360.SH,20260819,3297900.0,1.31,4320249.0,1.329,,0.0970547,
563350.SH,20260819,0.0,,0.0,1.448,,0.0,
563330.SH,20260819,12200.0,4.25803,51948.0,4.329,,0.1834,
563320.SH,20260819,36800.0,0.897011,33010.0,0.88,,0.363065,
563300.SH,20260819,3443900.0,1.448,4986767.0,1.461,,0.628521,
563280.SH,20260819,0.0,,0.0,1.455,,0.0,
563230.SH,20260819,15262000.0,1.217,18573854.0,1.186,,7.72924,
563220.SH,20260819,12000.0,1.29,15480.0,1.31,,0.00787592,
563210.SH,20260819,79400.0,2.15599,171186.0,2.2,,0.941733,
563200.SH,20260819,29100.0,1.52601,44407.0,1.555,,0.300773,
563180.SH,20260819,100.0,1.14,114.0,1.142,,0.00201839,
563150.SH,20260819,400.0,1.34,536.0,1.346,,0.0237547,
563090.SH,20260819,2000.0,1.438,2876.0,1.442,,0.0577234,
563080.SH,20260819,15700.0,1.40102,21996.0,1.412,,0.060233,
563060.SH,20260819,6800.0,1.09206,7426.0,1.092,,0.153464,
563050.SH,20260819,14900.0,1.36799,20383.0,1.398,,0.208045,
563030.SH,20260819,0.0,,0.0,1.639,,0.0,
563020.SH,20260819,2382200.0,1.156,2753823.0,1.155,,1.18231,
588350.SH,20260819,900.0,1.80444,1624.0,1.84,,0.0617716,
588370.SH,20260819,48400.0,1.81099,87652.0,1.885,,1.31588,
688322.SH,20260819,115133.0,111.0,12779763.0,115.11,0.0359494,1.01028,32026.4
589630.SH,20260819,4200.0,0.829048,3482.0,0.842,,0.0111896,
589580.SH,20260819,0.0,,0.0,1.68,,0.0,
589560.SH,20260819,0.0,,0.0,1.012,,0.0,
589550.SH,20260819,800.0,1.3775,1102.0,1.38,,0.0434575,
589520.SH,20260819,308000.0,0.625,192500.0,0.64,,0.689819,
589500.SH,20260819,0.0,,0.0,1.715,,0.0,
589420.SH,20260819,4400.0,0.81,3564.0,0.819,,0.0270613,
589410.SH,20260819,32300.0,0.882012,28489.0,0.892,,0.337694,
589400.SH,20260819,34000.0,0.792,26928.0,0.813,,0.30875,
589390.SH,20260819,76900.0,0.795007,61136.0,0.813,,0.260405,
589380.SH,20260819,0.0,,0.0,1.518,,0.0,
589360.SH,20260819,115900.0,0.903003,104658.0,0.924,,0.135984,
589350.SH,20260819,76200.0,0.804003,61265.0,0.823,,0.366476,
589330.SH,20260819,218100.0,0.927001,202179.0,0.928,,3.81579,
589320.SH,20260819,4200.0,0.905952,3805.0,0.914,,0.107179,
589310.SH,20260819,41100.0,0.85399,35099.0,0.88,,1.391,
589300.SH,20260819,2800.0,1.84893,5177.0,1.849,,0.197014,
589290.SH,20260819,11600.0,0.833966,9674.0,0.847,,0.164915,
589280.SH,20260819,300.0,0.976667,293.0,0.987,,0.00457746,
589270.SH,20260819,3000.0,1.204,3612.0,1.22,,0.0935985,
589260.SH,20260819,0.0,,0.0,1.334,,0.0,
589250.SH,20260819,15700.0,1.28803,20222.0,1.33,,0.271729,
589230.SH,20260819,1800.0,0.9,1620.0,0.921,,0.00969929,
589220.SH,20260819,186900.0,1.06,198114.0,1.08,,0.48944,
589210.SH,20260819,84400.0,0.705,59502.0,0.724,,0.137627,
589200.SH,20260819,0.0,,0.0,1.454,,0.0,
589190.SH,20260819,508800.0,0.677999,344966.0,0.694,,0.551049,
589180.SH,20260819,201800.0,1.851,373532.0,1.91,,0.742636,
589600.SH,20260819,12300.0,1.67098,20553.0,1.693,,0.126213,
589660.SH,20260819,75100.0,1.668,125267.0,1.705,,0.185856,
589160.SH,20260819,264800.0,1.335,353508.0,1.387,,0.961607,
589680.SH,20260819,184900.0,1.603,296395.0,1.645,,0.146495,
000017.SZ,20260819,7200.0,6.01,43272.0,6.03,0.00163331,0.123109,44082.2
000016.SZ,20260819,75500.0,2.38,179690.0,2.39,0.00472882,0.469243,159659.0
000014.SZ,20260819,11400.0,10.17,115938.0,10.11,0.00470984,0.192941,24204.6
000012.SZ,20260819,257300.0,3.8,977740.0,3.81,0.0131321,1.07109,195932.0
000011.SZ,20260819,11000.0,8.24,90640.0,8.24,0.00208937,0.103292,52647.6
000010.SZ,20260819,219300.0,1.5,328950.0,1.52,0.0238987,1.31503,91762.2
000009.SZ,20260819,62800.0,7.66,481048.0,7.69,0.00243787,0.186064,257602.0
000008.SZ,20260819,119100.0,2.4,285840.0,2.42,0.00438465,0.422175,271630.0
000007.SZ,20260819,171700.0,11.7,2008890.0,11.69,0.0495601,1.90491,34644.8
000006.SZ,20260819,110200.0,7.34,808868.0,7.31,0.00816305,0.364467,134998.0
000002.SZ,20260819,1476100.0,3.1,4575910.0,3.1,0.015191,1.02782,971694.0
000001.SZ,20260819,690900.0,11.08,7655172.0,11.05,0.0035603,0.872514,1940570.0
589990.SH,20260819,300.0,1.75,525.0,1.765,,0.0048597,
589980.SH,20260819,5200.0,1.91904,9979.0,1.997,,0.189194,
589960.SH,20260819,10600.0,0.916981,9720.0,0.932,,0.0311538,
589950.SH,20260819,11800.0,1.42203,16780.0,1.445,,0.387131,
589900.SH,20260819,20500.0,1.662,34071.0,1.69,,0.133804,
589890.SH,20260819,0.0,,0.0,1.68,,0.0,
589880.SH,20260819,0.0,,0.0,1.674,,0.0,
589860.SH,20260819,500.0,1.68,840.0,1.685,,0.0026722,
589850.SH,20260819,853700.0,1.68,1434216.0,1.718,,1.16867,
589820.SH,20260819,0.0,,0.0,1.323,,0.0,
589800.SH,20260819,177200.0,1.666,295215.0,1.701,,0.337759,
589780.SH,20260819,400.0,1.28,512.0,1.305,,0.0232715,
589770.SH,20260819,900.0,1.68111,1513.0,1.713,,0.0077309,
589720.SH,20260819,4589200.0,0.969,4446935.0,0.973,,0.377834,
589700.SH,20260819,79200.0,2.293,181606.0,2.388,,1.332,
589170.SH,20260819,14100.0,1.11603,15736.0,1.156,,0.206639,
589150.SH,20260819,31500.0,1.25702,39596.0,1.295,,0.191691,
588380.SH,20260819,237800.0,1.185,281793.0,1.209,,0.254874,
588810.SH,20260819,204100.0,2.642,539232.0,2.732,,0.477053,
588790.SH,20260819,633600.0,0.835,529056.0,0.849,,0.228388,
588780.SH,20260819,1423200.0,1.028,1463050.0,1.053,,0.855501,
588770.SH,20260819,16000.0,1.964,31424.0,2.0,,0.200378,
588760.SH,20260819,507400.0,0.790999,401353.0,0.805,,0.26109,
588750.SH,20260819,663400.0,2.47,1638598.0,2.553,,0.634933,
588730.SH,20260819,40900.0,1.551,63436.0,1.586,,0.0629197,
588720.SH,20260819,4400.0,1.77,7788.0,1.822,,0.0745149,
588710.SH,20260819,13420642.0,1.097,14722444.0,1.14,,1.49046,
588700.SH,20260819,78200.0,1.05301,82345.0,1.053,,0.0774427,
588690.SH,20260819,0.0,,0.0,1.295,,0.0,
588680.SH,20260819,2600.0,2.66885,6939.0,2.766,,0.139591,
588670.SH,20260819,0.0,,0.0,1.895,,0.0,
588660.SH,20260819,0.0,,0.0,1.964,,0.0,
588550.SH,20260819,33700.0,1.437,48427.0,1.457,,0.862382,
588530.SH,20260819,900.0,0.995556,896.0,1.003,,0.00575596,
588520.SH,20260819,0.0,,0.0,1.52,,0.0,
588510.SH,20260819,425300.0,0.885001,376391.0,0.913,,2.62175,
588500.SH,20260819,211000.0,2.658,560838.0,2.781,,2.83246,
588480.SH,20260819,138700.0,0.928998,128852.0,0.955,,1.5299,
588470.SH,20260819,67900.0,0.871001,59141.0,0.902,,0.400847,
588460.SH,20260819,183600.0,2.15,394740.0,2.2,,0.659864,
588450.SH,20260819,15000.0,2.253,33795.0,2.342,,0.321249,
588430.SH,20260819,0.0,,0.0,1.311,,0.0,
588420.SH,20260819,106000.0,1.236,131016.0,1.27,,0.74971,
588410.SH,20260819,0.0,,0.0,1.282,,0.0,
588400.SH,20260819,157400.0,1.188,186991.0,1.202,,0.468506,
588390.SH,20260819,500.0,1.29,645.0,1.29,,0.00704682,
588800.SH,20260819,678800.0,1.84,1248992.0,1.907,,0.455834,
588820.SH,20260819,53300.0,2.033,108359.0,2.052,,0.384647,
589130.SH,20260819,695200.0,1.47,1021944.0,1.516,,0.400586,
588830.SH,20260819,113000.0,1.293,146109.0,1.316,,0.144503,
589120.SH,20260819,832500.0,0.895001,745088.0,0.9,,0.312727,
589110.SH,20260819,700.0,0.97,679.0,0.987,,0.00820935,
589100.SH,20260819,542700.0,0.95,515565.0,0.988,,0.905975,
589090.SH,20260819,35600.0,1.11101,39552.0,1.134,,0.729347,
589080.SH,20260819,1900.0,1.66105,3156.0,1.685,,0.00954808,
589070.SH,20260819,147500.0,1.117,164758.0,1.146,,0.0691585,
589060.SH,20260819,113200.0,1.758,199006.0,1.77,,2.36351,
589050.SH,20260819,0.0,,0.0,1.462,,0.0,
589030.SH,20260819,329600.0,1.182,389587.0,1.226,,0.558424,
589020.SH,20260819,7249500.0,1.3,9424350.0,1.346,,0.810073,
589010.SH,20260819,136100.0,1.482,201700.0,1.502,,0.246603,
589000.SH,20260819,155200.0,1.66,257632.0,1.692,,0.273713,
588990.SH,20260819,48100.0,3.84701,185041.0,3.981,,0.380871,
588980.SH,20260819,10800.0,1.73704,18760.0,1.765,,0.520161,
588960.SH,20260819,3600.0,1.20306,4331.0,1.215,,0.0503501,
588950.SH,20260819,346300.0,1.825,631998.0,1.873,,0.745347,
588940.SH,20260819,1081800.0,0.9,973620.0,0.927,,0.723558,
588930.SH,20260819,25800.0,1.63298,42131.0,1.666,,0.0977558,
588920.SH,20260819,376000.0,1.19,447440.0,1.223,,1.2377,
588910.SH,20260819,0.0,,0.0,1.598,,0.0,
588900.SH,20260819,500.0,1.918,959.0,1.978,,0.012576,
588890.SH,20260819,143800.0,4.188,602234.0,4.32,,0.380561,
588880.SH,20260819,0.0,,0.0,1.912,,0.0,
588870.SH,20260819,543700.0,1.774,964524.0,1.816,,0.914862,
588860.SH,20260819,61500.0,0.697008,42866.0,0.701,,0.306356,
588850.SH,20260819,111000.0,1.904,211344.0,1.969,,0.931771,
588840.SH,20260819,15900.0,1.62503,25838.0,1.657,,0.289946,
562380.SH,20260819,0.0,,0.0,1.323,,0.0,
562360.SH,20260819,43400.0,1.113,48304.0,1.122,,0.235135,
562350.SH,20260819,25000.0,1.09,27250.0,1.091,,0.174608,
560100.SH,20260819,0.0,,0.0,1.382,,0.0,
560080.SH,20260819,66500.0,0.981008,65237.0,0.984,,0.105316,
560070.SH,20260819,100.0,1.17,117.0,1.173,,0.00686272,
560060.SH,20260819,0.0,,0.0,0.943,,0.0,
560050.SH,20260819,180400.0,1.125,202950.0,1.129,,0.240676,
560030.SH,20260819,0.0,,0.0,1.289,,0.0,
560020.SH,20260819,12800.0,1.11203,14234.0,1.112,,0.270826,
560010.SH,20260819,137300.0,3.255,446912.0,3.305,,0.0728378,
551900.SH,20260819,0.0,,0.0,101.777,,0.0,
551800.SH,20260819,0.0,,0.0,101.082,,0.0,
551580.SH,20260819,0.0,,0.0,102.187,,0.0,
551560.SH,20260819,0.0,,0.0,101.917,,0.0,
551550.SH,20260819,0.0,,0.0,101.736,,0.0,
551520.SH,20260819,110.0,102.027,11223.0,102.028,,0.000165004,
551510.SH,20260819,0.0,,0.0,102.352,,0.0,
551500.SH,20260819,0.0,,0.0,102.188,,0.0,
551300.SH,20260819,0.0,,0.0,102.16,,0.0,
551060.SH,20260819,0.0,,0.0,101.92,,0.0,
551030.SH,20260819,100.0,101.9,10190.0,101.886,,0.000132526,
551000.SH,20260819,0.0,,0.0,101.963,,0.0,
530880.SH,20260819,100.0,1.11,111.0,1.106,,0.0102946,
530800.SH,20260819,0.0,,0.0,1.227,,0.0,
530680.SH,20260819,0.0,,0.0,1.19,,0.0,
530580.SH,20260819,400.0,1.1925,477.0,1.193,,0.00633852,
530530.SH,20260819,0.0,,0.0,1.195,,0.0,
530380.SH,20260819,0.0,,0.0,1.146,,0.0,
530300.SH,20260819,4300.0,1.25093,5379.0,1.26,,0.221319,
530280.SH,20260819,0.0,,0.0,1.226,,0.0,
560090.SH,20260819,66600.0,1.15601,76990.0,1.157,,0.0747145,
560110.SH,20260819,204000.0,1.18,240720.0,1.193,,0.862577,
530100.SH,20260819,0.0,,0.0,1.201,,0.0,
560120.SH,20260819,0.0,,0.0,1.22,,0.0,
560450.SH,20260819,50000.0,0.932,46600.0,0.935,,0.321367,
560420.SH,20260819,0.0,,0.0,0.956,,0.0,
560410.SH,20260819,0.0,,0.0,0.893,,0.0,
560400.SH,20260819,30000.0,0.983,29490.0,0.978,,0.125824,
560390.SH,20260819,393800.0,0.906,356783.0,0.92,,0.30252,
560380.SH,20260819,0.0,,0.0,1.302,,0.0,
560370.SH,20260819,0.0,,0.0,0.907,,0.0,
560360.SH,20260819,19300.0,1.26699,24453.0,1.28,,0.28008,
560350.SH,20260819,12500.0,1.29304,16163.0,1.3,,0.0653675,
560330.SH,20260819,0.0,,0.0,1.218,,0.0,
560320.SH,20260819,0.0,,0.0,0.958,,0.0,
560310.SH,20260819,0.0,,0.0,0.802,,0.0,
560300.SH,20260819,800.0,2.39,1912.0,2.353,,0.115778,
560290.SH,20260819,10700.0,0.83,8881.0,0.843,,0.143017,
560280.SH,20260819,31600.0,1.55,48980.0,1.559,,0.0292922,
560270.SH,20260819,1200.0,0.943333,1132.0,0.943,,0.0123454,
560260.SH,20260819,68600.0,0.895,61397.0,0.896,,0.324503,
560250.SH,20260819,0.0,,0.0,1.0,,0.0,
560230.SH,20260819,1000.0,0.801,801.0,0.801,,0.0280164,
560220.SH,20260819,23500.0,1.44302,33911.0,1.473,,0.350999,
560210.SH,20260819,90200.0,0.821996,74144.0,0.822,,1.00377,
560190.SH,20260819,0.0,,0.0,1.018,,0.0,
560180.SH,20260819,0.0,,0.0,1.228,,0.0,
560170.SH,20260819,47000.0,1.279,60113.0,1.308,,0.204647,
560160.SH,20260819,23400.0,0.947009,22160.0,0.95,,0.462866,
560150.SH,20260819,0.0,,0.0,1.11,,0.0,
560130.SH,20260819,0.0,,0.0,0.942,,0.0,
530180.SH,20260819,0.0,,0.0,1.221,,0.0,
530080.SH,20260819,0.0,,0.0,1.254,,0.0,
562340.SH,20260819,0.0,,0.0,1.481,,0.0,
520760.SH,20260819,26600.0,0.971015,25829.0,0.973,,0.180558,
520740.SH,20260819,5200.0,0.945,4914.0,0.946,,0.0753955,
520730.SH,20260819,0.0,,0.0,0.792,,0.0,
520720.SH,20260819,0.0,,0.0,0.769,,0.0,
520710.SH,20260819,21600.0,0.926019,20002.0,0.936,,0.0378172,
520700.SH,20260819,508000.0,1.6,812800.0,1.602,,0.15105,
520690.SH,20260819,212700.0,0.738002,156973.0,0.734,,0.152871,
520680.SH,20260819,15000.0,0.837,12555.0,0.842,,0.2435,
520670.SH,20260819,200.0,0.795,159.0,0.794,,0.00163712,
520660.SH,20260819,32000.0,0.98,31360.0,0.984,,0.0574324,
520650.SH,20260819,388900.0,0.611,237618.0,0.615,,0.260758,
520630.SH,20260819,384300.0,0.682001,262093.0,0.682,,1.40442,
520620.SH,20260819,30800.0,0.818994,25225.0,0.824,,1.37315,
520610.SH,20260819,0.0,,0.0,0.936,,0.0,
520600.SH,20260819,304400.0,1.036,315358.0,1.044,,0.268173,
520590.SH,20260819,20700.0,0.801014,16581.0,0.808,,0.163071,
520580.SH,20260819,241100.0,0.942999,227357.0,0.954,,9.17246,
520570.SH,20260819,959800.0,0.751,720810.0,0.756,,1.04735,
520560.SH,20260819,0.0,,0.0,0.827,,0.0,
520550.SH,20260819,13800.0,1.09899,15166.0,1.099,,0.0391791,
520530.SH,20260819,207800.0,0.831001,172682.0,0.834,,0.734679,
520520.SH,20260819,25500.0,0.956,24378.0,0.96,,0.917273,
520510.SH,20260819,141800.0,0.955,135419.0,0.956,,0.0625576,
520500.SH,20260819,3152200.0,1.409,4441450.0,1.414,,0.311993,
518890.SH,20260819,200.0,9.035,1807.0,9.09,,0.0030515,
518880.SH,20260819,2306600.0,8.957,20660216.0,9.078,,0.470069,
518860.SH,20260819,3100.0,8.98194,27844.0,9.101,,0.0448754,
518850.SH,20260819,205900.0,9.06,1865454.0,9.169,,0.326285,
520750.SH,20260819,55500.0,0.909009,50450.0,0.928,,0.091981,
520770.SH,20260819,5400.0,0.955,5157.0,0.943,,0.179316,
530060.SH,20260819,771200.0,1.003,773514.0,1.009,,1.6094,
520780.SH,20260819,0.0,,0.0,0.846,,0.0,
530050.SH,20260819,0.0,,0.0,1.196,,0.0,
530000.SH,20260819,0.0,,0.0,1.395,,0.0,
526070.SH,20260819,1000.0,1.048,1048.0,0.996,,0.0157789,
526050.SH,20260819,74100.0,1.09501,81140.0,1.108,,0.130479,
526030.SH,20260819,74400.0,0.885995,65918.0,0.9,,0.207884,
526010.SH,20260819,3900.0,1.04103,4060.0,1.041,,0.0304443,
526000.SH,20260819,504600.0,1.203,607034.0,1.228,,0.114247,
520990.SH,20260819,1221100.0,0.977,1193015.0,0.978,,1.64437,
520980.SH,20260819,1265500.0,0.89,1126295.0,0.899,,0.493715,
520970.SH,20260819,111000.0,0.892,99012.0,0.892,,0.0738529,
520960.SH,20260819,0.0,,0.0,0.917,,0.0,
520950.SH,20260819,5000.0,0.85,4250.0,0.851,,0.0229238,
520940.SH,20260819,1300.0,1.01615,1321.0,1.013,,0.0292291,
520930.SH,20260819,26700.0,0.968015,25846.0,0.97,,0.113961,
520920.SH,20260819,751300.0,0.696,522905.0,0.703,,0.346187,
520910.SH,20260819,3000.0,0.652,1956.0,0.652,,0.00583604,
520900.SH,20260819,35800.0,0.987011,35335.0,0.989,,0.0669593,
520890.SH,20260819,0.0,,0.0,1.33,,0.0,
520880.SH,20260819,3289000.0,0.453,1489917.0,0.453,,0.43083,
520870.SH,20260819,502000.0,1.038,521076.0,1.043,,1.12301,
520860.SH,20260819,500.0,0.812,406.0,0.809,,0.002452,
520850.SH,20260819,244400.0,0.899002,219716.0,0.903,,0.40657,
520840.SH,20260819,6500.0,0.782,5083.0,0.787,,0.0133101,
520830.SH,20260819,229000.0,0.895,204955.0,0.894,,2.27501,
520820.SH,20260819,0.0,,0.0,0.933,,0.0,
520810.SH,20260819,2600.0,1.02808,2673.0,1.028,,0.0339671,
520790.SH,20260819,0.0,,0.0,0.852,,0.0,
560460.SH,20260819,100.0,0.9,90.0,0.898,,0.00155734,
560470.SH,20260819,54800.0,0.9,49320.0,0.92,,0.342052,
560480.SH,20260819,12200.0,0.891967,10882.0,0.893,,0.123067,
561700.SH,20260819,3200.0,1.09312,3498.0,1.098,,0.0359116,
561660.SH,20260819,85200.0,0.935,79662.0,0.923,,2.03559,
561630.SH,20260819,0.0,,0.0,1.045,,0.0,
561620.SH,20260819,0.0,,0.0,1.046,,0.0,
561600.SH,20260819,34700.0,0.768991,26684.0,0.788,,0.133458,
561590.SH,20260819,28500.0,1.53902,43862.0,1.555,,0.537497,
561580.SH,20260819,1261700.0,1.238,1561985.0,1.235,,1.95529,
561570.SH,20260819,9000.0,1.397,12573.0,1.394,,0.0597656,
561560.SH,20260819,160500.0,1.26,202230.0,1.261,,0.293161,
561550.SH,20260819,358300.0,1.455,521327.0,1.478,,0.84137,
561510.SH,20260819,100.0,0.96,96.0,0.963,,0.00441837,
561500.SH,20260819,0.0,,0.0,0.831,,0.0,
561490.SH,20260819,0.0,,0.0,1.026,,0.0,
561470.SH,20260819,1000.0,1.048,1048.0,1.041,,0.0296623,
561460.SH,20260819,36600.0,0.858005,31403.0,0.867,,0.129811,
561450.SH,20260819,52100.0,0.96501,50277.0,0.957,,1.41861,
561430.SH,20260819,0.0,,0.0,1.054,,0.0,
561420.SH,20260819,0.0,,0.0,1.088,,0.0,
561400.SH,20260819,1534.0,1.00978,1549.0,1.02,,0.0220842,
561390.SH,20260819,400.0,1.02,408.0,1.032,,0.000396985,
561380.SH,20260819,973600.0,0.769,748698.0,0.78,,0.838799,
561370.SH,20260819,49700.0,1.41801,70475.0,1.454,,2.65041,
561360.SH,20260819,205700.0,1.485,305465.0,1.48,,0.424839,
561350.SH,20260819,11500.0,1.276,14674.0,1.298,,0.0490259,
561330.SH,20260819,232600.0,0.963001,223994.0,0.985,,0.256397,
561320.SH,20260819,500.0,0.942,471.0,0.94,,0.051471,
561310.SH,20260819,14000.0,0.736,10304.0,0.758,,0.136155,
561300.SH,20260819,110700.0,1.088,120442.0,1.09,,0.566422,
561680.SH,20260819,0.0,,0.0,0.983,,0.0,
561750.SH,20260819,0.0,,0.0,1.197,,0.0,
560490.SH,20260819,29700.0,0.96101,28542.0,0.988,,0.2826,
561760.SH,20260819,2400.0,1.365,3276.0,1.363,,0.049496,
562330.SH,20260819,0.0,,0.0,1.25,,0.0,
562320.SH,20260819,0.0,,0.0,1.317,,0.0,
562310.SH,20260819,207400.0,1.093,226688.0,1.115,,0.943696,
562300.SH,20260819,0.0,,0.0,0.698,,0.0,
562080.SH,20260819,200.0,0.62,124.0,0.619,,0.000414762,
562070.SH,20260819,0.0,,0.0,1.072,,0.0,
562060.SH,20260819,51000.0,0.612,31212.0,0.611,,0.0797966,
562050.SH,20260819,0.0,,0.0,0.979,,0.0,
562030.SH,20260819,3800.0,0.521053,1980.0,0.527,,0.0660227,
562010.SH,20260819,0.0,,0.0,0.909,,0.0,
562000.SH,20260819,3400.0,0.615882,2094.0,0.621,,0.0514825,
561990.SH,20260819,0.0,,0.0,1.037,,0.0,
561980.SH,20260819,3592500.0,0.741,2662043.0,0.765,,0.672929,
561960.SH,20260819,0.0,,0.0,1.276,,0.0,
561950.SH,20260819,0.0,,0.0,1.451,,0.0,
561930.SH,20260819,800.0,1.605,1284.0,1.606,,0.00691618,
561920.SH,20260819,0.0,,0.0,0.679,,0.0,
561910.SH,20260819,364900.0,0.761,277689.0,0.769,,0.343596,
561900.SH,20260819,0.0,,0.0,1.008,,0.0,
561890.SH,20260819,0.0,,0.0,1.04,,0.0,
561880.SH,20260819,0.0,,0.0,1.321,,0.0,
561870.SH,20260819,0.0,,0.0,1.182,,0.0,
561810.SH,20260819,0.0,,0.0,1.018,,0.0,
561800.SH,20260819,91700.0,1.04,95368.0,1.066,,0.504639,
561790.SH,20260819,0.0,,0.0,1.267,,0.0,
561780.SH,20260819,0.0,,0.0,1.623,,0.0,
561770.SH,20260819,0.0,,0.0,1.292,,0.0,
561280.SH,20260819,0.0,,0.0,1.662,,0.0,
561260.SH,20260819,0.0,,0.0,1.257,,0.0,
561250.SH,20260819,21400.0,1.05,22470.0,1.065,,0.216183,
561230.SH,20260819,0.0,,0.0,1.365,,0.0,
560820.SH,20260819,0.0,,0.0,1.229,,0.0,
560810.SH,20260819,0.0,,0.0,1.298,,0.0,
560800.SH,20260819,50300.0,1.20799,60762.0,1.242,,0.975888,
560790.SH,20260819,21600.0,0.86,18576.0,0.865,,0.328505,
560780.SH,20260819,5032400.0,1.13,5686612.0,1.176,,0.632661,
560770.SH,20260819,458600.0,1.022,468689.0,1.033,,1.68638,
560750.SH,20260819,0.0,,0.0,1.379,,0.0,
560730.SH,20260819,1000.0,1.018,1018.0,1.02,,0.032011,
560720.SH,20260819,0.0,,0.0,0.978,,0.0,
560710.SH,20260819,100900.0,0.907998,91617.0,0.912,,0.235709,
560700.SH,20260819,0.0,,0.0,1.203,,0.0,
560690.SH,20260819,2500.0,2.2552,5638.0,2.262,,0.104795,
560680.SH,20260819,82100.0,0.738002,60590.0,0.737,,0.410551,
560670.SH,20260819,25000.0,1.039,25975.0,1.036,,0.206206,
560660.SH,20260819,64600.0,1.13,72998.0,1.154,,0.741251,
560630.SH,20260819,55300.0,1.16099,64203.0,1.173,,0.638244,
560620.SH,20260819,0.0,,0.0,0.949,,0.0,
560610.SH,20260819,183200.0,1.208,221306.0,1.228,,0.196745,
560590.SH,20260819,1100.0,1.48636,1635.0,1.498,,0.0809562,
560580.SH,20260819,7400.0,1.09095,8073.0,1.094,,0.0642354,
560570.SH,20260819,50100.0,0.988004,49499.0,0.989,,0.183626,
560560.SH,20260819,0.0,,0.0,0.699,,0.0,
560550.SH,20260819,0.0,,0.0,0.985,,0.0,
560530.SH,20260819,33800.0,1.25,42250.0,1.259,,0.0671792,
560520.SH,20260819,0.0,,0.0,1.089,,0.0,
560510.SH,20260819,225500.0,1.208,272404.0,1.228,,0.605441,
560500.SH,20260819,0.0,,0.0,1.436,,0.0,
560830.SH,20260819,9800.0,0.89602,8781.0,0.898,,0.0403762,
560850.SH,20260819,1000.0,1.402,1402.0,1.408,,0.0473826,
560860.SH,20260819,620600.0,1.626,1009096.0,1.663,,0.290372,
561050.SH,20260819,12700.0,0.904016,11481.0,0.918,,0.0876757,
561220.SH,20260819,0.0,,0.0,1.935,,0.0,
561200.SH,20260819,0.0,,0.0,1.516,,0.0,
561190.SH,20260819,0.0,,0.0,0.988,,0.0,
561180.SH,20260819,0.0,,0.0,1.358,,0.0,
561170.SH,20260819,36400.0,1.13599,41350.0,1.137,,0.101419,
561160.SH,20260819,76600.0,0.761005,58293.0,0.776,,0.145101,
561130.SH,20260819,0.0,,0.0,1.097,,0.0,
561120.SH,20260819,0.0,,0.0,1.273,,0.0,
561100.SH,20260819,130300.0,1.691,220337.0,1.729,,0.352913,
561090.SH,20260819,156800.0,1.276,200077.0,1.281,,1.89851,
561080.SH,20260819,0.0,,0.0,1.195,,0.0,
561060.SH,20260819,0.0,,0.0,1.157,,0.0,
561030.SH,20260819,0.0,,0.0,0.903,,0.0,
560870.SH,20260819,0.0,,0.0,0.953,,0.0,
561020.SH,20260819,0.0,,0.0,1.039,,0.0,
561010.SH,20260819,14000.0,0.891,12474.0,0.898,,0.0761324,
561000.SH,20260819,20000.0,1.32,26400.0,1.344,,0.466969,
560990.SH,20260819,0.0,,0.0,1.225,,0.0,
560980.SH,20260819,16900.0,0.684024,11560.0,0.689,,0.0563425,
560970.SH,20260819,6000.0,0.97,5820.0,0.975,,0.408291,
560950.SH,20260819,0.0,,0.0,1.418,,0.0,
560930.SH,20260819,12200.0,0.88,10736.0,0.88,,0.125783,
560920.SH,20260819,0.0,,0.0,1.004,,0.0,
560910.SH,20260819,20400.0,0.80598,16442.0,0.803,,0.161977,
560900.SH,20260819,10200.0,0.988039,10078.0,0.987,,0.0368929,
560880.SH,20260819,0.0,,0.0,1.537,,0.0,
000019.SZ,20260819,1360600.0,6.92,9415352.0,6.96,0.326905,6.86763,41620.6
000020.SZ,20260819,2094100.0,13.7,28689170.0,12.49,1.15591,58.1914,18116.5
000021.SZ,20260819,1516700.0,39.75,60288825.0,41.6,0.0963501,1.219,157416.0
000912.SZ,20260819,152400.0,3.78,576072.0,3.76,0.00971939,0.858366,156800.0
000910.SZ,20260819,12800.0,5.33,68224.0,5.34,0.00233926,0.319318,54718.1
000909.SZ,20260819,35600.0,4.19,149164.0,4.23,0.00813323,1.30501,43771.1
000908.SZ,20260819,223800.0,7.01,1568838.0,7.09,0.0254383,0.695606,87977.4
000906.SZ,20260819,56000.0,5.3,296800.0,5.32,0.00798586,1.07428,70124.0
000905.SZ,20260819,86300.0,8.59,741317.0,8.67,0.0116337,0.990876,74180.8
000903.SZ,20260819,118600.0,1.85,219410.0,1.86,0.00617624,0.867976,192026.0
000902.SZ,20260819,264300.0,13.75,3634125.0,13.78,0.0231277,2.07199,114278.0
000901.SZ,20260819,464200.0,15.2,7055840.0,14.95,0.0581563,3.72821,79819.3
000900.SZ,20260819,10200.0,3.68,37536.0,3.68,0.000672053,0.136107,151774.0
000899.SZ,20260819,54700.0,10.22,559034.0,10.28,0.00560636,0.412451,97567.8
000898.SZ,20260819,69600.0,1.99,138504.0,2.0,0.000874649,0.242446,795748.0
000897.SZ,20260819,21400.0,1.77,37878.0,1.77,0.00132324,0.066787,161724.0
000895.SZ,20260819,36700.0,25.0,917500.0,24.98,0.0010594,0.38135,346421.0
000893.SZ,20260819,231100.0,47.99,11090489.0,47.49,0.0284674,2.18923,81180.6
000892.SZ,20260819,223800.0,3.9,872820.0,3.94,0.031484,0.435015,71083.6
000890.SZ,20260819,33200.0,7.23,240036.0,7.38,0.00791435,0.304434,41949.1
000889.SZ,20260819,328900.0,3.89,1279421.0,3.97,0.0378113,0.483559,86984.5
000888.SZ,20260819,14000.0,9.68,135520.0,9.73,0.00265698,0.228445,52691.3
000887.SZ,20260819,1445500.0,21.8,31511900.0,22.33,0.109977,1.38172,131437.0
000886.SZ,20260819,16300.0,4.56,74328.0,4.58,0.00166696,0.125328,97782.8
000885.SZ,20260819,11000.0,12.7,139700.0,12.74,0.00171319,0.403015,64207.8
000883.SZ,20260819,90400.0,4.45,402280.0,4.45,0.00139515,0.422131,647959.0
000882.SZ,20260819,301300.0,1.46,439898.0,1.46,0.0110151,0.413654,273534.0
000881.SZ,20260819,16500.0,6.52,107580.0,6.56,0.00182576,0.203721,90373.2
000880.SZ,20260819,116020.0,24.77,2873815.4,25.25,0.0511041,0.564063,22702.7
000878.SZ,20260819,335900.0,16.18,5434862.0,16.56,0.0167647,0.869445,200362.0
000877.SZ,20260819,86900.0,3.7,321530.0,3.68,0.00122214,0.890138,711049.0
000911.SZ,20260819,496300.0,5.11,2536093.0,5.08,0.123976,5.36749,40032.0
000913.SZ,20260819,43100.0,11.31,487461.0,11.37,0.00828683,1.12042,52010.3
000875.SZ,20260819,153700.0,4.99,766963.0,5.01,0.00459852,0.413324,334238.0
000915.SZ,20260819,12500.0,25.95,324375.0,25.96,0.00533772,0.555136,23418.2
000957.SZ,20260819,13200.0,10.51,138732.0,10.53,0.00222633,0.147909,59290.4
000955.SZ,20260819,31900.0,4.29,136851.0,4.3,0.00592592,0.329846,53831.3
000953.SZ,20260819,35100.0,6.1,214110.0,6.16,0.00958696,0.458001,36612.2
000952.SZ,20260819,58000.0,6.36,368880.0,6.4,0.0168607,0.731188,34399.5
000951.SZ,20260819,78900.0,21.1,1664790.0,21.27,0.00674939,1.17435,116899.0
000950.SZ,20260819,578800.0,5.83,3374404.0,5.82,0.0337931,0.816994,171278.0
000949.SZ,20260819,85900.0,6.42,551478.0,6.45,0.0051858,0.216126,165644.0
000948.SZ,20260819,89300.0,14.08,1257344.0,14.09,0.0229475,0.608464,38914.9
000938.SZ,20260819,3265841.0,37.5,122469037.5,39.25,0.114187,1.10197,286007.0
000937.SZ,20260819,42170.0,4.62,194825.4,4.6,0.00111657,0.287289,377673.0
000936.SZ,20260819,1507900.0,5.9,8896610.0,6.15,0.170214,1.58262,88588.7
000935.SZ,20260819,18900.0,22.8,430920.0,23.13,0.00247564,0.476316,76344.0
000933.SZ,20260819,836200.0,25.8,21573960.0,26.38,0.0372046,1.68292,224757.0
000932.SZ,20260819,553800.0,3.6,1993680.0,3.61,0.00808159,0.859488,685261.0
000931.SZ,20260819,47400.0,4.28,202872.0,4.29,0.00631134,0.364363,75103.0
000930.SZ,20260819,988500.0,5.0,4942500.0,5.11,0.0532497,3.3872,185635.0
000929.SZ,20260819,8400.0,8.86,74424.0,8.95,0.0045221,0.381789,18575.4
000928.SZ,20260819,36700.0,4.99,183133.0,4.99,0.00255816,0.344323,143463.0
000927.SZ,20260819,83700.0,2.42,202554.0,2.42,0.00138339,0.253484,605035.0
000926.SZ,20260819,178400.0,2.14,381776.0,2.15,0.0113399,0.519523,157321.0
000925.SZ,20260819,426100.0,8.21,3498281.0,8.29,0.0634878,1.60455,67115.2
000923.SZ,20260819,93300.0,15.5,1446150.0,15.71,0.014859,0.507217,62790.1
000922.SZ,20260819,8600.0,11.91,102426.0,12.02,0.00121998,0.0986109,70492.9
000921.SZ,20260819,21516.0,25.4,546506.4,25.74,0.00232917,0.170727,92376.3
000920.SZ,20260819,43600.0,11.59,505324.0,11.78,0.00922559,0.639188,47259.9
000919.SZ,20260819,188800.0,6.75,1274400.0,6.8,0.0303651,0.89868,62176.7
000917.SZ,20260819,1020300.0,7.33,7478799.0,7.16,0.0719809,1.73047,141746.0
000876.SZ,20260819,625200.0,7.13,4457676.0,7.19,0.0138933,1.56637,450001.0
000869.SZ,20260819,100.0,17.21,1721.0,17.21,2.19726e-05,0.0109421,45511.2
000762.SZ,20260819,122100.0,22.7,2771670.0,23.13,0.0234447,0.933279,52080.1
000811.SZ,20260819,277100.0,41.92,11616032.0,43.67,0.0283219,0.705724,97839.6
000809.SZ,20260819,22600.0,3.4,76840.0,3.42,0.00274009,0.189805,82479.1
000807.SZ,20260819,979800.0,25.99,25465002.0,26.57,0.0282532,1.14373,346792.0
000803.SZ,20260819,26400.0,7.2,190080.0,7.28,0.00574178,0.248381,45978.8
000802.SZ,20260819,10491700.0,4.44,46583148.0,4.84,1.46626,5.62045,71554.4
000801.SZ,20260819,29300.0,11.36,332848.0,11.38,0.00288395,0.331961,101597.0
000800.SZ,20260819,38400.0,6.14,235776.0,6.15,0.000780355,0.3454,492084.0
000799.SZ,20260819,39400.0,39.3,1548420.0,39.54,0.0121269,0.401222,32489.8
000798.SZ,20260819,988700.0,8.93,8829091.0,8.9,0.270258,7.77873,36583.6
000797.SZ,20260819,79200.0,2.4,190080.0,2.41,0.00504293,0.32586,157052.0
000796.SZ,20260819,65100.0,3.85,250635.0,3.85,0.00489193,0.250701,133076.0
000795.SZ,20260819,36400.0,8.53,310492.0,8.6,0.00326092,0.312026,111625.0
000793.SZ,20260819,130300.0,2.17,282751.0,2.18,0.00488985,1.17705,266470.0
000792.SZ,20260819,528600.0,27.7,14642220.0,28.19,0.00998956,0.812941,529153.0
000791.SZ,20260819,51000.0,7.34,374340.0,7.37,0.0026348,0.199884,193563.0
000790.SZ,20260819,105000.0,4.13,433650.0,4.15,0.0168644,0.587163,62261.5
000789.SZ,20260819,10600.0,4.09,43354.0,4.1,0.00132929,0.351302,79742.0
000788.SZ,20260819,76400.0,5.74,438536.0,5.73,0.0128191,0.220668,59598.7
000786.SZ,20260819,59300.0,18.44,1093492.0,18.44,0.0035099,0.328384,168951.0
000785.SZ,20260819,99400.0,2.24,222656.0,2.25,0.00171247,0.185142,580448.0
000783.SZ,20260819,722000.0,8.81,6360820.0,8.89,0.0130559,0.57766,553007.0
000782.SZ,20260819,5000.0,7.76,38800.0,7.78,0.000946719,0.0327922,52814.0
000779.SZ,20260819,1997800.0,10.81,21596218.0,10.99,0.429844,1.76589,46477.3
000778.SZ,20260819,198700.0,3.75,745125.0,3.76,0.00510335,0.49356,389352.0
000777.SZ,20260819,52700.0,17.29,911183.0,17.54,0.013745,0.807609,38341.1
000776.SZ,20260819,130100.0,20.96,2726896.0,21.1,0.00220357,0.212869,590405.0
000768.SZ,20260819,142500.0,21.5,3063750.0,21.5,0.00513252,0.579735,277641.0
000767.SZ,20260819,1397800.0,3.5,4892300.0,3.54,0.0479973,0.660677,291225.0
000810.SZ,20260819,42400.0,9.61,407464.0,9.72,0.00381774,0.276899,111061.0
000812.SZ,20260819,57100.0,3.56,203276.0,3.59,0.00755161,0.433098,75613.0
000868.SZ,20260819,35400.0,3.52,124608.0,3.52,0.00376791,0.310606,93951.4
000813.SZ,20260819,80700.0,3.45,278415.0,3.45,0.00384879,0.186633,209676.0
000863.SZ,20260819,98200.0,4.04,396728.0,4.12,0.00844211,0.525417,116322.0
000862.SZ,20260819,35900.0,5.28,189552.0,5.28,0.00571686,0.133407,62796.7
000860.SZ,20260819,77700.0,10.71,832167.0,10.78,0.010475,0.682174,74176.7
000859.SZ,20260819,582200.0,9.05,5268910.0,9.33,0.0649831,0.647091,89592.5
000858.SZ,20260819,125300.0,72.56,9091768.0,72.56,0.00322812,0.411343,388151.0
000856.SZ,20260819,19900.0,8.15,162185.0,8.22,0.00876652,0.58717,22700.0
000852.SZ,20260819,2822300.0,5.79,16341117.0,5.79,0.297003,21.7379,95025.9
000850.SZ,20260819,28600.0,4.13,118118.0,4.14,0.00303167,0.375099,94337.5
000848.SZ,20260819,160600.0,8.25,1324950.0,8.32,0.0158913,0.760875,101061.0
000839.SZ,20260819,360700.0,2.74,988318.0,2.76,0.00920194,0.37992,391983.0
000838.SZ,20260819,659500.0,2.6,1714700.0,2.65,0.0625851,0.856182,105377.0
000837.SZ,20260819,1613900.0,11.15,17994985.0,11.48,0.160204,2.95153,100740.0
000833.SZ,20260819,413600.0,21.76,8999936.0,21.7,0.0911612,1.9516,45370.2
000831.SZ,20260819,183400.0,61.0,11187400.0,62.49,0.017282,0.343852,106122.0
000830.SZ,20260819,45400.0,11.98,543892.0,12.07,0.00238423,0.145481,190418.0
000829.SZ,20260819,102500.0,8.19,839475.0,8.27,0.0100085,0.437406,102413.0
000828.SZ,20260819,5100.0,9.75,49725.0,9.73,0.000490612,0.12854,103952.0
000826.SZ,20260819,304300.0,1.88,572084.0,1.89,0.0213521,0.747484,142516.0
000825.SZ,20260819,316600.0,3.38,1070108.0,3.38,0.00555804,1.03966,569625.0
000823.SZ,20260819,595500.0,15.15,9021825.0,15.77,0.100095,1.183,59493.2
000822.SZ,20260819,24100.0,4.37,105317.0,4.36,0.00269246,0.204392,89509.2
000821.SZ,20260819,32400.0,6.99,226476.0,7.07,0.00535847,0.476945,60465.1
000820.SZ,20260819,199500.0,3.35,668325.0,3.37,0.0671792,0.481903,29696.7
000819.SZ,20260819,4400.0,12.21,53724.0,12.22,0.00120212,0.0915858,36602.0
000818.SZ,20260819,179200.0,12.58,2254336.0,12.9,0.0272253,0.842147,65821.1
000816.SZ,20260819,463900.0,2.88,1336032.0,2.91,0.0322263,1.17147,143951.0
000815.SZ,20260819,1310316.0,16.64,21803658.24,17.87,0.188463,0.905924,69526.3
000958.SZ,20260819,53100.0,5.34,283554.0,5.36,0.000986362,0.371196,538342.0
000959.SZ,20260819,22000.0,3.52,77440.0,3.51,0.000295238,0.0782264,745161.0
000960.SZ,20260819,587500.0,37.3,21913750.0,38.93,0.0357049,1.2302,164543.0
001308.SZ,20260819,7200.0,18.16,130752.0,18.32,0.00147772,0.389565,48723.7
001301.SZ,20260819,275660.0,59.94,16523060.4,56.66,0.105987,5.3499,26008.9
001300.SZ,20260819,18400.0,11.58,213072.0,11.54,0.00754792,0.33098,24377.6
001299.SZ,20260819,11900.0,10.04,119476.0,10.09,0.0042068,0.466812,28287.5
001298.SZ,20260819,37500.0,17.9,671250.0,18.18,0.00920427,0.580442,40741.9
001296.SZ,20260819,24500.0,19.41,475545.0,19.82,0.0302534,0.958584,8098.27
001289.SZ,20260819,17100.0,15.55,265905.0,15.63,0.000339156,0.410918,504193.0
001288.SZ,20260819,6600.0,25.7,169620.0,25.94,0.00434574,0.186164,15187.3
001287.SZ,20260819,201900.0,23.98,4841562.0,24.54,0.0265693,1.0052,75990.0
001286.SZ,20260819,61200.0,10.67,653004.0,10.66,0.00453333,0.402672,135000.0
001285.SZ,20260819,4200.0,41.07,172494.0,41.45,0.0101213,0.508508,4149.68
001283.SZ,20260819,8900.0,44.18,393202.0,44.81,0.00860744,0.302719,10339.9
001282.SZ,20260819,3600.0,16.19,58284.0,16.31,0.00235714,0.166832,15272.7
001280.SZ,20260819,81800.0,67.25,5501050.0,68.6,0.0470853,1.13364,17372.7
001279.SZ,20260819,1900.0,25.15,47785.0,25.2,0.00475,0.333175,4000.0
001278.SZ,20260819,15900.0,16.39,260601.0,16.34,0.0186377,0.895358,8531.09
001277.SZ,20260819,3600.0,29.95,107820.0,29.97,0.00790349,0.429873,4554.95
001270.SZ,20260819,406300.0,123.68,50251184.0,119.55,0.198386,6.00151,20480.3
001269.SZ,20260819,26900.0,19.5,524550.0,19.7,0.0139804,1.33808,19241.2
001268.SZ,20260819,6800.0,20.3,138040.0,20.62,0.00720815,0.188301,9433.76
001267.SZ,20260819,275400.0,38.81,10688274.0,40.59,0.0452546,0.578622,60855.7
001266.SZ,20260819,8500.0,35.01,297585.0,35.87,0.014618,0.355563,5814.76
001260.SZ,20260819,181600.0,18.3,3323280.0,19.71,0.157913,2.90731,11500.0
001259.SZ,20260819,4000.0,47.89,191560.0,48.15,0.00841317,0.387406,4754.45
001258.SZ,20260819,1315500.0,13.28,17469840.0,13.35,0.140948,0.802484,93332.2
001257.SZ,20260819,138800.0,24.5,3400600.0,25.31,0.101352,1.26218,13694.8
001256.SZ,20260819,28300.0,24.68,698444.0,25.16,0.0264702,0.780032,10691.3
001255.SZ,20260819,10600.0,26.24,278144.0,26.47,0.0137185,0.977929,7726.78
001306.SZ,20260819,1800.0,55.93,100674.0,56.3,0.0116129,0.287866,1550.0
001309.SZ,20260819,177700.0,415.4,73816580.0,437.33,0.107678,0.974542,16502.9
000962.SZ,20260819,349900.0,54.34,19013566.0,56.36,0.0695597,1.07878,50302.1
001311.SZ,20260819,27400.0,18.37,503338.0,18.38,0.0150656,0.33793,18187.2
001365.SZ,20260819,18600.0,37.45,696570.0,37.89,0.0323447,0.363294,5750.56
001360.SZ,20260819,33900.0,17.33,587487.0,17.5,0.0270153,0.440434,12548.4
001359.SZ,20260819,65200.0,93.95,6125540.0,96.2,0.108143,1.46328,6029.08
001358.SZ,20260819,87500.0,26.92,2355500.0,27.44,0.171648,2.17052,5097.63
001356.SZ,20260819,289900.0,9.28,2690272.0,9.25,0.136941,3.72698,21169.7
001339.SZ,20260819,56000.0,83.9,4698400.0,86.08,0.0345893,0.612637,16190.0
001338.SZ,20260819,48900.0,8.74,427386.0,8.75,0.00974626,0.921181,50173.1
001337.SZ,20260819,217600.0,46.74,10170624.0,48.18,0.0518095,1.27153,42000.0
001336.SZ,20260819,17500.0,18.66,326550.0,18.76,0.0272167,1.33899,6429.87
001335.SZ,20260819,1700.0,32.06,54502.0,32.15,0.00665518,0.290957,2554.4
001333.SZ,20260819,38900.0,21.02,817678.0,21.16,0.0303906,2.60008,12800.0
001332.SZ,20260819,8300.0,31.78,263774.0,31.89,0.0123503,0.65209,6720.49
001331.SZ,20260819,93500.0,50.04,4678740.0,50.13,0.0327113,0.820558,28583.4
001330.SZ,20260819,588200.0,4.85,2852770.0,4.92,0.0505827,0.837671,116285.0
001328.SZ,20260819,4100.0,29.18,119638.0,29.41,0.00253529,0.234423,16171.7
001326.SZ,20260819,5600.0,63.56,355936.0,64.57,0.0233165,0.338794,2401.73
001325.SZ,20260819,4200.0,37.57,157794.0,37.82,0.0214286,0.373624,1960.0
001324.SZ,20260819,13200.0,19.07,251724.0,19.25,0.00956522,0.579287,13800.0
001323.SZ,20260819,24100.0,18.68,450188.0,18.98,0.00774302,0.45344,31124.8
001322.SZ,20260819,2200.0,6.14,13508.0,6.13,0.000280036,0.063697,78561.2
001319.SZ,20260819,4100.0,20.05,82205.0,20.08,0.0064603,0.293258,6346.46
001318.SZ,20260819,630300.0,11.8,7437540.0,11.86,0.222989,7.34982,28266.0
001317.SZ,20260819,16500.0,54.29,895785.0,54.47,0.0193024,0.296503,8548.14
001316.SZ,20260819,1900.0,27.13,51547.0,27.02,0.00126357,0.0929148,15036.8
001314.SZ,20260819,3900.0,57.31,223509.0,58.43,0.00314264,0.140207,12409.9
001313.SZ,20260819,277200.0,8.01,2220372.0,8.07,0.039648,1.1044,69915.3
001312.SZ,20260819,14900.0,17.95,267455.0,18.08,0.0260671,0.385523,5716.03
001248.SZ,20260819,509700.0,12.6,6422220.0,12.68,0.0479761,0.730704,106240.0
001239.SZ,20260819,7100.0,12.11,85981.0,12.12,0.00622807,0.450989,11400.0
001238.SZ,20260819,800.0,25.32,20256.0,25.48,0.000551215,0.134896,14513.4
001237.SZ,20260819,8000.0,54.16,433280.0,54.7,0.0229516,0.417557,3485.6
001202.SZ,20260819,19927.0,13.6,271007.2,13.82,0.0170573,0.945726,11682.4
001201.SZ,20260819,51500.0,12.07,621605.0,12.07,0.0242345,1.85456,21250.7
000999.SZ,20260819,18700.0,24.49,457963.0,24.49,0.00112468,0.196912,166269.0
000998.SZ,20260819,3552400.0,9.45,33570180.0,9.22,0.270266,9.39689,131441.0
000997.SZ,20260819,63400.0,17.79,1127886.0,17.95,0.00629318,0.450992,100744.0
000995.SZ,20260819,36800.0,10.73,394864.0,10.81,0.0207431,0.290071,17740.8
000993.SZ,20260819,3700.0,9.91,36667.0,9.94,0.000807946,0.0437464,45795.1
000990.SZ,20260819,125420.0,6.6,827772.0,6.68,0.00737187,0.229808,170133.0
000989.SZ,20260819,45500.0,9.35,425425.0,9.41,0.00655474,0.117042,69415.4
000988.SZ,20260819,777400.0,107.48,83554952.0,111.95,0.0773543,1.34355,100499.0
000987.SZ,20260819,264600.0,7.54,1995084.0,7.52,0.00527791,1.21957,501334.0
000985.SZ,20260819,11600.0,16.09,186644.0,16.09,0.00894789,0.826406,12964.0
000983.SZ,20260819,436800.0,6.89,3009552.0,6.81,0.00769411,0.816866,567707.0
000981.SZ,20260819,1652912.0,2.73,4512449.76,2.77,0.0173746,0.682536,951336.0
000980.SZ,20260819,578300.0,1.66,959978.0,1.68,0.0114685,0.626757,504250.0
000978.SZ,20260819,11600.0,6.09,70644.0,6.12,0.002478,0.176617,46812.0
000977.SZ,20260819,661700.0,78.5,51943450.0,80.97,0.0451108,0.699762,146683.0
000975.SZ,20260819,382300.0,26.31,10058313.0,26.97,0.0151512,0.803401,252324.0
000973.SZ,20260819,184900.0,13.57,2509093.0,13.74,0.0182754,0.296609,101175.0
000972.SZ,20260819,1560400.0,3.8,5929520.0,3.91,0.202312,5.13643,77128.4
000970.SZ,20260819,259900.0,13.08,3399492.0,13.34,0.0213782,0.712922,121573.0
000969.SZ,20260819,85800.0,17.25,1480050.0,17.47,0.00823931,0.380115,104135.0
000968.SZ,20260819,176000.0,7.14,1256640.0,7.1,0.0181912,0.793238,96750.3
000967.SZ,20260819,871600.0,8.8,7670080.0,9.07,0.0259585,0.69732,335767.0
000966.SZ,20260819,150100.0,4.04,606404.0,4.05,0.00431194,0.336384,348104.0
000965.SZ,20260819,46800.0,3.18,148824.0,3.19,0.00421686,0.297637,110983.0
000963.SZ,20260819,154100.0,28.76,4431916.0,28.94,0.00879058,0.500392,175301.0
001203.SZ,20260819,54800.0,26.8,1468640.0,27.19,0.00419615,0.313877,130596.0
001205.SZ,20260819,24900.0,14.38,358062.0,14.53,0.0149564,0.659007,16648.4
001206.SZ,20260819,17000.0,16.81,285770.0,17.0,0.015908,0.360313,10686.4
001222.SZ,20260819,23500.0,14.93,350855.0,15.06,0.0207967,0.353519,11299.9
001236.SZ,20260819,14400.0,7.48,107712.0,7.49,0.00189954,0.164144,75807.8
001234.SZ,20260819,17000.0,22.58,383860.0,22.7,0.0185822,0.421122,9148.55
001233.SZ,20260819,3400.0,44.26,150484.0,44.7,0.00901543,0.204147,3771.31
001232.SZ,20260819,78200.0,164.0,12824800.0,168.51,0.176897,0.881614,4420.65
001231.SZ,20260819,11500.0,20.99,241385.0,21.09,0.0225654,0.955959,5096.29
001230.SZ,20260819,104300.0,21.39,2230977.0,21.69,0.0948365,1.17274,10997.9
001229.SZ,20260819,244100.0,48.0,11716800.0,50.19,0.330978,4.71573,7375.12
001228.SZ,20260819,3700.0,27.63,102231.0,27.83,0.00463284,0.351524,7986.46
001227.SZ,20260819,82100.0,2.12,174052.0,2.11,0.00194665,0.147728,421750.0
001226.SZ,20260819,2200.0,46.68,102696.0,46.84,0.00648463,0.293467,3392.64
001225.SZ,20260819,1400.0,45.0,63000.0,45.61,0.00665438,0.110382,2103.88
001223.SZ,20260819,3800.0,41.52,157776.0,41.94,0.00544141,0.13791,6983.48
001221.SZ,20260819,14200.0,41.75,592850.0,41.76,0.0184729,0.439283,7686.96
001207.SZ,20260819,60500.0,17.2,1040600.0,17.24,0.0206751,0.80751,29262.2
001220.SZ,20260819,4400.0,31.33,137852.0,31.7,0.0190703,0.315607,2307.25
001219.SZ,20260819,61100.0,12.88,786968.0,12.94,0.0321245,1.53567,19019.8
001218.SZ,20260819,8500.0,25.12,213520.0,25.13,0.0070988,0.43599,11973.9
001217.SZ,20260819,6000.0,9.91,59460.0,10.0,0.00182605,0.195267,32857.9
001216.SZ,20260819,19100.0,14.8,282680.0,14.93,0.00777836,0.518741,24555.3
001215.SZ,20260819,11271.0,32.99,371830.29,33.27,0.0116314,0.588523,9690.16
001213.SZ,20260819,20500.0,3.51,71955.0,3.51,0.00046125,0.395407,444444.0
001212.SZ,20260819,12200.0,34.74,423828.0,35.18,0.0070176,0.326997,17384.9
001211.SZ,20260819,45000.0,23.28,1047600.0,23.47,0.0482108,0.862664,9334.01
001210.SZ,20260819,126500.0,27.3,3453450.0,27.87,0.0948135,1.3062,13342.0
001209.SZ,20260819,17900.0,17.56,314324.0,17.71,0.0186275,0.715004,9609.46
001208.SZ,20260819,737800.0,15.6,11509680.0,15.42,0.231479,4.16527,31873.4
000766.SZ,20260819,16100.0,16.2,260820.0,16.27,0.00166665,0.0973473,96600.8
000761.SZ,20260819,59900.0,2.33,139567.0,2.32,0.00161526,0.448135,370839.0
000025.SZ,20260819,900.0,14.99,13491.0,15.08,0.000229137,0.0175155,39277.8
000525.SZ,20260819,762400.0,4.58,3491792.0,4.68,0.0685759,2.99597,111176.0
000523.SZ,20260819,1210000.0,3.13,3787300.0,3.04,0.0913097,4.05224,132516.0
000521.SZ,20260819,17000.0,4.85,82450.0,4.85,0.00194235,0.327466,87523.0
000520.SZ,20260819,699400.0,4.15,2902510.0,4.19,0.069105,2.87238,101208.0
000519.SZ,20260819,231400.0,14.96,3461744.0,15.04,0.0166169,0.666834,139256.0
000518.SZ,20260819,1137500.0,3.65,4151875.0,3.68,0.110487,1.49047,102954.0
000517.SZ,20260819,90200.0,2.29,206558.0,2.3,0.0036196,0.231951,249199.0
000516.SZ,20260819,144800.0,4.25,615400.0,4.22,0.00656742,0.493286,220482.0
000514.SZ,20260819,9600.0,3.96,38016.0,3.97,0.00113775,0.0973815,84377.1
000513.SZ,20260819,16500.0,29.63,488895.0,29.72,0.00290421,0.267258,56814.0
000510.SZ,20260819,241900.0,16.26,3933294.0,17.01,0.0398773,0.542451,60661.0
000509.SZ,20260819,101900.0,3.36,342384.0,3.43,0.00949563,0.434206,107312.0
000507.SZ,20260819,144200.0,5.01,722442.0,5.03,0.0159804,1.76972,90235.4
000506.SZ,20260819,1194900.0,17.26,20623974.0,18.52,0.128663,1.15582,92870.7
000505.SZ,20260819,3131850.0,6.93,21703720.5,6.79,0.495248,12.4567,63238.0
000504.SZ,20260819,26200.0,8.6,225320.0,8.59,0.00796056,0.269426,32912.2
000503.SZ,20260819,33400.0,6.95,232130.0,7.01,0.00341097,0.21748,97919.3
000501.SZ,20260819,37900.0,7.23,274017.0,7.23,0.00493301,0.587149,76829.4
000498.SZ,20260819,34500.0,4.91,169395.0,4.92,0.00238038,0.553714,144935.0
000488.SZ,20260819,40600.0,1.87,75922.0,1.88,0.00239638,0.463077,169422.0
000430.SZ,20260819,83100.0,6.65,552615.0,6.73,0.0224257,0.942489,37055.6
000429.SZ,20260819,26400.0,13.14,346896.0,13.14,0.00202558,0.385329,130333.0
000428.SZ,20260819,592200.0,4.19,2481318.0,4.28,0.05812,0.859254,101893.0
000426.SZ,20260819,675568.0,36.92,24941970.56,38.81,0.0380558,1.1535,177521.0
000425.SZ,20260819,361900.0,7.99,2891581.0,8.04,0.00402086,0.327986,900056.0
000423.SZ,20260819,10900.0,51.6,562440.0,51.49,0.00170659,0.228208,63870.0
000422.SZ,20260819,189200.0,12.82,2425544.0,12.93,0.0177272,0.646517,106729.0
000421.SZ,20260819,27200.0,5.53,150416.0,5.57,0.00473623,0.423834,57429.6
000524.SZ,20260819,46800.0,9.49,444132.0,9.5,0.00698542,0.790143,66996.7
000526.SZ,20260819,530900.0,37.31,19807879.0,35.54,0.43705,11.5119,12147.4
000419.SZ,20260819,46700.0,4.97,232099.0,4.99,0.00859115,0.607022,54358.3
000528.SZ,20260819,82997.0,8.07,669785.79,8.08,0.00407847,0.372757,203500.0
000560.SZ,20260819,4469800.0,2.22,9922956.0,2.16,0.191145,3.84733,233844.0
000559.SZ,20260819,233100.0,11.92,2778552.0,12.08,0.00703306,0.724454,331435.0
000558.SZ,20260819,23400.0,3.44,80496.0,3.45,0.0018158,0.118374,128868.0
000557.SZ,20260819,42100.0,3.62,152402.0,3.64,0.00288768,0.63598,145792.0
000555.SZ,20260819,63500.0,10.38,659130.0,10.55,0.00651528,0.293746,97463.2
000554.SZ,20260819,67000.0,6.54,438180.0,6.53,0.0186471,0.407141,35930.5
000553.SZ,20260819,213400.0,5.6,1195040.0,5.6,0.00980216,2.84791,217707.0
000552.SZ,20260819,569600.0,2.54,1446784.0,2.53,0.0152879,0.989956,372581.0
000551.SZ,20260819,649400.0,13.71,8903274.0,14.0,0.134073,2.19035,48436.2
000550.SZ,20260819,2500.0,16.18,40450.0,16.21,0.000482194,0.085535,51846.3
000548.SZ,20260819,36900.0,4.47,164943.0,4.47,0.00739159,0.806366,49921.6
000547.SZ,20260819,1106200.0,16.02,17721324.0,15.92,0.0696108,2.48821,158912.0
000546.SZ,20260819,157300.0,4.61,725153.0,4.74,0.0225777,1.07551,69670.5
000545.SZ,20260819,149500.0,2.52,376740.0,2.52,0.0151715,0.551962,98540.3
000544.SZ,20260819,1500.0,7.27,10905.0,7.31,0.000153896,0.0531545,97468.4
000543.SZ,20260819,206900.0,7.5,1551750.0,7.54,0.00912715,1.05687,226686.0
000541.SZ,20260819,23300.0,4.9,114170.0,4.91,0.00189355,0.383362,123049.0
000539.SZ,20260819,221300.0,5.48,1212724.0,5.52,0.00866014,0.17909,255539.0
000538.SZ,20260819,28200.0,49.56,1397592.0,49.5,0.00159058,0.370219,177293.0
000537.SZ,20260819,187900.0,7.74,1454346.0,7.79,0.00914036,0.378094,205572.0
000536.SZ,20260819,83400.0,3.23,269382.0,3.26,0.00301837,0.208277,276308.0
000534.SZ,20260819,25000.0,28.91,722750.0,29.2,0.00497475,0.226991,50253.8
000533.SZ,20260819,900363.0,11.3,10174101.9,11.65,0.131459,0.788208,68490.2
000532.SZ,20260819,3700.0,11.15,41255.0,11.25,0.00107699,0.0930382,34355.0
000531.SZ,20260819,49300.0,5.66,279038.0,5.7,0.0054191,0.598914,90974.5
000530.SZ,20260819,69000.0,4.92,339480.0,4.98,0.0114978,0.56737,60011.7
000529.SZ,20260819,12400.0,5.0,62000.0,5.04,0.00217588,0.268661,56988.4
000420.SZ,20260819,163800.0,3.71,607698.0,3.73,0.00666386,0.394253,245804.0
000417.SZ,20260819,125500.0,5.94,745470.0,5.99,0.0161098,0.463822,77902.7
000759.SZ,20260819,667200.0,6.91,4610352.0,6.99,0.101753,0.794086,65570.6
000069.SZ,20260819,729700.0,1.78,1298866.0,1.77,0.0105775,1.70126,689860.0
000066.SZ,20260819,1865400.0,14.8,27607920.0,15.23,0.057832,1.24074,322555.0
000065.SZ,20260819,15600.0,9.06,141336.0,9.08,0.00146476,0.113623,106502.0
000063.SZ,20260819,1655600.0,34.66,57383096.0,35.11,0.0411061,0.941281,402762.0
000062.SZ,20260819,116700.0,23.34,2723778.0,23.81,0.0111685,0.589128,104490.0
000061.SZ,20260819,439900.0,6.05,2661395.0,6.12,0.0245164,1.32381,179431.0
000060.SZ,20260819,853600.0,6.51,5556936.0,6.64,0.0192204,0.849297,444112.0
000059.SZ,20260819,44800.0,4.6,206080.0,4.61,0.00280103,0.26048,159941.0
000058.SZ,20260819,7000.0,6.77,47390.0,6.77,0.000710848,0.102878,98473.9
000056.SZ,20260819,250800.0,1.96,491568.0,1.95,0.0277516,1.31237,90373.3
000055.SZ,20260819,34700.0,3.56,123532.0,3.58,0.00513424,0.387178,67585.4
000050.SZ,20260819,172800.0,6.64,1147392.0,6.72,0.00709431,0.729093,243576.0
000049.SZ,20260819,128800.0,24.24,3122112.0,24.6,0.033495,1.19412,38453.5
000048.SZ,20260819,119500.0,23.13,2764035.0,23.61,0.0225769,0.531928,52930.3
000045.SZ,20260819,234600.0,10.3,2416380.0,10.13,0.0513323,4.74138,45702.2
000042.SZ,20260819,35900.0,8.99,322741.0,8.97,0.00540579,0.520353,66410.2
000039.SZ,20260819,812300.0,9.45,7676235.0,9.56,0.0352958,1.27361,230141.0
000037.SZ,20260819,76800.0,9.76,749568.0,9.86,0.022661,0.301088,33890.8
000036.SZ,20260819,49900.0,4.02,200598.0,4.04,0.00355671,0.174133,140298.0
000035.SZ,20260819,66400.0,4.67,310088.0,4.7,0.0028707,0.237176,231303.0
000034.SZ,20260819,427580.0,24.75,10582605.0,25.53,0.050354,0.843743,84914.8
000032.SZ,20260819,239100.0,15.49,3703659.0,15.8,0.0196761,0.543709,121518.0
000031.SZ,20260819,166300.0,2.16,359208.0,2.16,0.0038798,0.404866,428630.0
000030.SZ,20260819,23800.0,4.37,104006.0,4.38,0.00142438,0.27621,167091.0
000029.SZ,20260819,90700.0,22.8,2067960.0,22.91,0.010172,1.38338,89166.0
000028.SZ,20260819,9400.0,19.88,186872.0,19.9,0.00178755,0.228431,52585.8
000027.SZ,20260819,51700.0,6.17,318989.0,6.18,0.00108673,0.283317,475739.0
000026.SZ,20260819,133700.0,22.96,3069752.0,23.19,0.0366743,0.740163,36456.1
000068.SZ,20260819,67500.0,3.05,205875.0,3.08,0.00670527,0.521834,100667.0
000070.SZ,20260819,531300.0,14.93,7932309.0,15.35,0.0620151,0.849899,85672.7
000415.SZ,20260819,98600.0,4.62,455532.0,4.63,0.00182833,0.216324,539291.0
000078.SZ,20260819,711300.0,1.63,1159419.0,1.65,0.0270949,0.96664,262522.0
000411.SZ,20260819,28500.0,9.82,279870.0,9.88,0.00505556,0.492037,56373.6
000410.SZ,20260819,825800.0,5.31,4384998.0,5.39,0.0418971,1.58947,197102.0
000409.SZ,20260819,12800.0,8.63,110464.0,8.7,0.00216775,0.273663,59047.4
000408.SZ,20260819,140600.0,77.0,10826200.0,78.72,0.0089617,0.848538,156890.0
000407.SZ,20260819,104800.0,4.11,430728.0,4.14,0.0119664,0.701475,87578.2
000404.SZ,20260819,37800.0,7.06,266868.0,7.12,0.00545466,0.19998,69298.5
000403.SZ,20260819,22400.0,10.63,238112.0,10.68,0.00238125,0.134821,94068.4
000402.SZ,20260819,88700.0,2.46,218202.0,2.47,0.00296789,0.159097,298865.0
000401.SZ,20260819,60200.0,3.52,211904.0,3.53,0.0022878,0.719238,263135.0
000400.SZ,20260819,31300.0,22.09,691417.0,22.2,0.00308354,0.239006,101507.0
000338.SZ,20260819,533600.0,29.69,15842584.0,30.51,0.0107659,0.689718,495639.0
000333.SZ,20260819,200682.0,83.51,16758953.82,83.58,0.00291487,0.947973,688476.0
000301.SZ,20260819,94500.0,13.03,1231335.0,13.01,0.00143,0.432165,660837.0
000166.SZ,20260819,664300.0,4.42,2936206.0,4.42,0.00294779,1.30374,2253550.0
000159.SZ,20260819,10300.0,5.75,59225.0,5.8,0.00214285,0.091733,48066.8
000158.SZ,20260819,2093662.0,13.43,28117880.66,14.07,0.13185,4.47981,158791.0
000157.SZ,20260819,186400.0,6.93,1291752.0,6.93,0.00263662,0.435529,706967.0
000156.SZ,20260819,28800.0,6.72,193536.0,6.73,0.00169424,0.349803,169988.0
000155.SZ,20260819,189100.0,12.02,2272982.0,12.15,0.0102428,0.453481,184617.0
000153.SZ,20260819,15904154.0,7.35,116895531.9,6.68,3.46595,142.869,45886.9
000151.SZ,20260819,75100.0,10.15,762265.0,10.15,0.0243883,1.45373,30793.5
000100.SZ,20260819,4959800.0,5.11,25344578.0,5.24,0.0246572,0.864864,2011500.0
000099.SZ,20260819,44100.0,14.04,619164.0,13.98,0.00568467,0.596042,77577.0
000096.SZ,20260819,58700.0,7.93,465491.0,7.95,0.0114907,0.409245,51084.8
000090.SZ,20260819,2900.0,3.46,10034.0,3.48,0.00015521,0.0192423,186843.0
000089.SZ,20260819,20800.0,6.46,134368.0,6.46,0.00101425,0.21328,205077.0
000088.SZ,20260819,37800.0,4.48,169344.0,4.49,0.00119511,0.236097,316289.0
000561.SZ,20260819,54500.0,7.59,413655.0,7.57,0.00702096,0.716165,77624.7
000563.SZ,20260819,65800.0,2.96,194768.0,2.96,0.00128667,0.192558,511397.0
000564.SZ,20260819,9329100.0,1.54,14366814.0,1.54,0.0618031,2.17323,1509490.0
000713.SZ,20260819,913000.0,6.26,5715380.0,6.5,0.148693,6.24542,61401.5
000711.SZ,20260819,5044900.0,6.0,30269400.0,5.88,0.211856,3.549,238129.0
000710.SZ,20260819,49300.0,8.81,434333.0,8.92,0.0149607,0.230328,32953.0
000709.SZ,20260819,147200.0,2.08,306176.0,2.08,0.00142423,0.219157,1033540.0
000708.SZ,20260819,27100.0,14.08,381568.0,14.12,0.000536938,0.219081,504714.0
000707.SZ,20260819,37100.0,4.63,171773.0,4.66,0.00673684,0.611709,55070.4
000705.SZ,20260819,127600.0,7.06,900856.0,7.08,0.0452538,1.58192,28196.5
000703.SZ,20260819,809801.0,17.51,14179615.51,17.47,0.0212972,1.10326,380239.0
000702.SZ,20260819,62900.0,5.58,350982.0,5.59,0.0181464,1.07903,34662.5
000701.SZ,20260819,37400.0,5.13,191862.0,5.17,0.00560093,0.38353,66774.7
000700.SZ,20260819,187800.0,11.95,2244210.0,12.24,0.0204572,0.539236,91801.5
000698.SZ,20260819,60300.0,3.5,211050.0,3.53,0.00767454,1.17573,78571.4
000697.SZ,20260819,53900.0,8.55,460845.0,8.51,0.00825285,0.866566,65310.7
000695.SZ,20260819,86200.0,14.12,1217144.0,13.98,0.0388619,0.697822,22181.1
000692.SZ,20260819,485500.0,4.36,2116780.0,4.34,0.0911167,0.758221,53283.3
000691.SZ,20260819,11400.0,10.46,119244.0,10.57,0.00352646,0.0958636,32327.0
000690.SZ,20260819,50000.0,4.68,234000.0,4.69,0.00229941,0.119899,217447.0
000688.SZ,20260819,45200.0,31.62,1429224.0,32.16,0.00381414,0.207068,118506.0
000686.SZ,20260819,65400.0,7.96,520584.0,7.97,0.00279433,0.375763,234045.0
000685.SZ,20260819,54800.0,10.99,602252.0,11.02,0.00439602,0.508521,124658.0
000683.SZ,20260819,123000.0,5.96,733080.0,6.0,0.00368422,0.153411,333857.0
000682.SZ,20260819,45300.0,11.75,532275.0,11.83,0.00337909,0.297662,134060.0
000681.SZ,20260819,83700.0,17.6,1473120.0,17.75,0.0123792,0.268297,67613.5
000680.SZ,20260819,66000.0,10.32,681120.0,10.36,0.00502065,0.294357,131457.0
000679.SZ,20260819,13700.0,6.08,83296.0,6.09,0.003844,0.232151,35640.0
000678.SZ,20260819,1450400.0,10.19,14779576.0,10.51,0.315571,5.85728,45961.2
000677.SZ,20260819,447000.0,1.66,742020.0,1.68,0.0517374,1.62109,86397.8
000676.SZ,20260819,1266200.0,6.6,8356920.0,6.66,0.10057,0.834077,125903.0
000712.SZ,20260819,76900.0,8.76,673644.0,8.85,0.00858514,0.188704,89573.4
000715.SZ,20260819,49400.0,5.2,256880.0,5.22,0.010164,0.220829,48603.1
000565.SZ,20260819,22100.0,5.97,131937.0,5.97,0.00509695,0.359561,43359.2
000716.SZ,20260819,2939100.0,5.54,16282614.0,5.81,0.399484,4.9143,73572.4
000758.SZ,20260819,295600.0,5.93,1752908.0,6.04,0.0149086,1.09966,198275.0
000757.SZ,20260819,64700.0,4.26,275622.0,4.29,0.0121453,0.693109,53271.6
000756.SZ,20260819,51400.0,13.88,713432.0,13.98,0.0103027,0.373893,49889.9
000755.SZ,20260819,12200.0,4.74,57828.0,4.75,0.000831453,0.267311,146731.0
000753.SZ,20260819,118300.0,4.75,561925.0,4.82,0.0119316,0.759822,99148.1
000752.SZ,20260819,0.0,,0.0,9.01,0.0,0.0,26375.8
000751.SZ,20260819,660400.0,4.95,3268980.0,5.08,0.0408757,1.2518,161563.0
000750.SZ,20260819,96100.0,3.71,356531.0,3.72,0.00165798,0.274691,579620.0
000739.SZ,20260819,82400.0,22.31,1838344.0,22.39,0.00711584,0.240416,115798.0
000738.SZ,20260819,93400.0,18.5,1727900.0,18.39,0.00710167,0.930384,131518.0
000737.SZ,20260819,1466700.0,14.12,20709804.0,14.42,0.0770108,1.98275,190454.0
000736.SZ,20260819,504300.0,4.62,2329866.0,4.45,0.0675012,2.01198,74709.8
000735.SZ,20260819,7963100.0,6.15,48973065.0,6.18,0.691903,14.135,115090.0
000733.SZ,20260819,124900.0,40.29,5032221.0,40.8,0.0225413,0.952848,55409.5
000731.SZ,20260819,47000.0,6.16,289520.0,6.16,0.00856374,0.573987,54882.6
000729.SZ,20260819,23800.0,12.42,295596.0,12.47,0.000948356,0.121874,250961.0
000728.SZ,20260819,66900.0,7.07,472983.0,7.08,0.00153308,0.39551,436378.0
000727.SZ,20260819,270400.0,2.25,608400.0,2.26,0.00596967,0.352672,452957.0
000726.SZ,20260819,4700.0,5.86,27542.0,5.87,0.000797507,0.134365,58933.6
000725.SZ,20260819,44407976.0,6.2,275329451.2,6.47,0.125563,2.37493,3536710.0
000723.SZ,20260819,597700.0,3.56,2127812.0,3.54,0.013599,1.17154,439518.0
000722.SZ,20260819,23000.0,13.37,307510.0,13.34,0.00495521,0.151849,46415.8
000721.SZ,20260819,98600.0,6.62,652732.0,6.65,0.0192443,0.88296,51236.0
000720.SZ,20260819,367400.0,3.8,1396120.0,3.87,0.0292392,0.405628,125653.0
000719.SZ,20260819,7300.0,12.29,89717.0,12.27,0.00109421,0.227943,66714.8
000718.SZ,20260819,45600.0,1.89,86184.0,1.9,0.0019984,0.167313,228183.0
000717.SZ,20260819,71200.0,2.21,157352.0,2.21,0.00293783,0.497216,242356.0
000672.SZ,20260819,145000.0,14.15,2051750.0,14.49,0.0149578,0.919378,96939.5
000670.SZ,20260819,2050100.0,7.49,15355249.0,7.74,0.246866,2.87955,83045.0
000669.SZ,20260819,53600.0,4.13,221368.0,4.19,0.00787762,0.451905,68040.9
000668.SZ,20260819,17200.0,22.29,383388.0,22.76,0.0117133,0.178891,14684.2
000608.SZ,20260819,91700.0,7.72,707924.0,7.85,0.0123017,0.232347,74542.8
000607.SZ,20260819,18800.0,3.66,68808.0,3.68,0.00212421,0.162134,88503.3
000605.SZ,20260819,122000.0,5.86,714920.0,6.04,0.0345944,3.89866,35265.9
000603.SZ,20260819,768548.0,31.11,23909528.28,33.07,0.115274,1.19563,66671.6
000601.SZ,20260819,141200.0,6.33,893796.0,6.38,0.0134715,0.258091,104814.0
000600.SZ,20260819,968400.0,8.0,7747200.0,8.11,0.0888399,3.21807,109005.0
000599.SZ,20260819,56100.0,4.74,265914.0,4.77,0.00686875,0.429063,81674.2
000598.SZ,20260819,52900.0,7.14,377706.0,7.13,0.00177302,0.401365,298361.0
000597.SZ,20260819,2235800.0,5.23,11693234.0,5.51,0.158657,6.20547,140920.0
000596.SZ,20260819,20100.0,95.3,1915530.0,96.3,0.00491924,0.234331,40860.0
000595.SZ,20260819,170100.0,5.74,976374.0,5.76,0.0149387,0.314426,113866.0
000593.SZ,20260819,390700.0,26.12,10205084.0,26.95,0.108987,1.1981,35848.3
000592.SZ,20260819,5532382.0,6.66,36845664.12,6.82,0.288883,3.51208,191509.0
000591.SZ,20260819,93000.0,4.28,398040.0,4.29,0.00238254,0.230798,390340.0
000590.SZ,20260819,19500.0,9.03,176085.0,9.06,0.00814677,0.760812,23935.9
000589.SZ,20260819,79400.0,4.27,339038.0,4.27,0.00514212,0.359318,154411.0
000586.SZ,20260819,12900.0,12.71,163959.0,12.94,0.00674721,0.21205,19119.0
000582.SZ,20260819,266600.0,11.18,2980588.0,11.17,0.0123606,0.455776,215685.0
000581.SZ,20260819,19900.0,17.5,348250.0,17.49,0.0025066,0.380249,79390.5
000576.SZ,20260819,38800.0,7.3,283240.0,7.34,0.0089439,0.617691,43381.5
000573.SZ,20260819,18700.0,3.67,68629.0,3.68,0.00295435,0.116518,63296.5
000572.SZ,20260819,176400.0,3.83,675612.0,3.89,0.0107413,0.543862,164225.0
000571.SZ,20260819,175700.0,6.2,1089340.0,6.22,0.021585,0.375691,81399.2
000570.SZ,20260819,67000.0,5.11,342370.0,5.11,0.012057,0.669281,55569.2
000568.SZ,20260819,32800.0,86.4,2833920.0,86.62,0.00222968,0.290494,147106.0
000567.SZ,20260819,23300.0,6.13,142829.0,6.15,0.00119577,0.171671,194854.0
000566.SZ,20260819,790700.0,5.27,4166989.0,5.29,0.0609762,0.517263,129674.0
000609.SZ,20260819,48800.0,10.58,516304.0,10.8,0.0167664,0.77676,29105.8
000610.SZ,20260819,1800.0,5.82,10476.0,5.85,0.000764324,0.0819261,23550.2
000612.SZ,20260819,177000.0,11.1,1964700.0,11.23,0.0148465,0.498381,119220.0
000636.SZ,20260819,1999900.0,59.5,118994050.0,62.34,0.17285,1.2025,115701.0
000665.SZ,20260819,176100.0,3.94,693834.0,3.99,0.0154865,0.374486,113712.0
000663.SZ,20260819,82900.0,5.64,467556.0,5.69,0.0270649,1.42436,30630.1
000661.SZ,20260819,22100.0,82.43,1821703.0,82.8,0.00553033,0.263182,39961.5
000659.SZ,20260819,105300.0,2.8,294840.0,2.82,0.00819007,0.366625,128570.0
000657.SZ,20260819,1217591.0,68.8,83770260.8,72.94,0.0837724,1.19989,145345.0
000656.SZ,20260819,1169700.0,1.24,1450428.0,1.25,0.0154165,0.563777,758735.0
000655.SZ,20260819,6200.0,6.9,42780.0,6.91,0.00104142,0.118703,59534.0
000652.SZ,20260819,76000.0,3.45,262200.0,3.47,0.00521182,0.629016,145822.0
000651.SZ,20260819,265000.0,40.38,10700700.0,40.06,0.00479898,0.884465,552201.0
000650.SZ,20260819,148500.0,5.45,809325.0,5.46,0.0111538,0.62091,133139.0
000639.SZ,20260819,1522300.0,1.69,2572687.0,1.72,0.141029,2.2757,107943.0
000637.SZ,20260819,15900.0,3.97,63123.0,3.97,0.00436107,0.23058,36458.9
000635.SZ,20260819,18100.0,6.49,117469.0,6.48,0.0049343,0.430308,36682.0
000615.SZ,20260819,3900.0,3.32,12948.0,3.34,0.000421499,0.0677988,92526.8
000633.SZ,20260819,60300.0,5.36,323208.0,5.38,0.015658,0.881527,38510.6
000632.SZ,20260819,88200.0,3.75,330750.0,3.75,0.0189481,0.84977,46548.2
000631.SZ,20260819,20600.0,2.93,60358.0,2.95,0.000895652,0.13456,230000.0
000630.SZ,20260819,3636200.0,6.45,23453490.0,6.68,0.0326322,1.35351,1114300.0
000629.SZ,20260819,525600.0,3.04,1597824.0,3.06,0.00565743,0.668398,929044.0
000628.SZ,20260819,153483.0,42.31,6493865.73,43.39,0.0798398,1.47413,19223.9
000626.SZ,20260819,179600.0,7.92,1422432.0,8.04,0.0356128,1.70693,50431.3
000625.SZ,20260819,160300.0,7.11,1139733.0,7.13,0.00193899,0.340894,826721.0
000623.SZ,20260819,43900.0,17.91,786249.0,17.98,0.00368608,0.380816,119097.0
000620.SZ,20260819,22503400.0,3.25,73136050.0,3.41,0.481691,5.66208,467175.0
000619.SZ,20260819,25700.0,4.8,123360.0,4.84,0.00713889,0.582531,36000.0
000617.SZ,20260819,213500.0,6.77,1445395.0,6.79,0.0016888,0.38761,1264210.0
518800.SH,20260819,65500.0,9.384,614652.0,9.516,,0.0914568,
518680.SH,20260819,26000.0,9.392,244192.0,9.507,,0.137567,
518660.SH,20260819,61000.0,9.013,549793.0,9.105,,0.190014,
900904.SH,20260819,0.0,,0.0,0.483,,,
900902.SH,20260819,100.0,0.17,17.0,0.165,,,
900901.SH,20260819,12100.0,0.700992,8482.0,0.705,,,
689009.SH,20260819,44028.0,44.0,1937232.0,44.29,0.0783094,0.397889,5622.31
688981.SH,20260819,911896.0,130.87,119339830.0,134.98,0.0456048,1.45506,199956.0
688836.SH,20260819,1353022.0,1100.0,1488324200.0,150.8,,,
688828.SH,20260819,97948.0,92.33,9043539.0,97.1,0.376158,0.962619,2603.9
688826.SH,20260819,127409.0,1000.25,127440852.0,1152.0,1.67253,2.05917,761.776
688825.SH,20260819,12065826.0,57.1,688958665.0,59.19,0.267949,2.5844,450304.0
688820.SH,20260819,204278.0,146.8,29988010.0,153.62,0.118146,1.51503,17290.3
688819.SH,20260819,2388.0,21.67,51748.0,21.8,0.000245654,0.123419,97210.0
688818.SH,20260819,448436.0,53.5,23991326.0,51.21,0.315753,5.46941,14202.1
688816.SH,20260819,1600.0,50.47,80752.0,50.8,0.00779119,0.267272,2053.6
688813.SH,20260819,34356.0,122.0,4191432.0,127.57,0.114227,0.590237,3007.7
688811.SH,20260819,82524.0,23.5,1939314.0,23.45,0.0895772,1.21488,9212.61
688809.SH,20260819,17153.0,495.02,8491078.0,512.8,0.0661974,1.02103,2591.19
688808.SH,20260819,12891.0,2250.0,29004750.0,2372.0,0.0668061,1.4389,1929.61
688807.SH,20260819,45629.0,314.75,14361728.0,332.1,0.285181,1.31038,1600.0
688806.SH,20260819,19207.0,26.76,513979.0,26.75,0.0376418,0.244773,5102.57
688805.SH,20260819,200.0,40.51,8102.0,40.9,0.000596374,0.0162145,3353.6
688802.SH,20260819,6967.0,755.0,5260085.0,770.11,0.0376013,0.481651,1852.86
688800.SH,20260819,205930.0,61.0,12561730.0,63.7,0.0714075,1.27737,28838.7
688799.SH,20260819,3600.0,45.1,162360.0,45.02,0.00269386,0.107147,13363.7
688798.SH,20260819,16587.0,55.1,913944.0,56.09,0.0122194,0.591129,13574.3
688797.SH,20260819,42686.0,336.17,14349753.0,353.3,0.146222,1.02614,2919.27
688796.SH,20260819,15410.0,138.04,2127196.0,140.98,0.0399145,0.343621,3860.75
688795.SH,20260819,11642.0,569.0,6624298.0,578.9,0.0385172,0.873569,3022.55
688793.SH,20260819,9552.0,21.18,202311.0,21.15,0.0112372,0.29943,8500.31
900903.SH,20260819,0.0,,0.0,0.186,,,
900905.SH,20260819,0.0,,0.0,2.9,,,
688789.SH,20260819,2400.0,46.33,111192.0,46.58,0.00133144,0.169484,18025.6
900906.SH,20260819,0.0,,0.0,0.212,,,
900939.SH,20260819,0.0,,0.0,0.47,,,
900938.SH,20260819,13600.0,0.226985,3087.0,0.227,,,
900937.SH,20260819,0.0,,0.0,0.215,,,
900936.SH,20260819,1000.0,1.188,1188.0,1.19,,,
900934.SH,20260819,1200.0,1.50333,1804.0,1.5,,,
900932.SH,20260819,23700.0,0.394008,9338.0,0.393,,,
900929.SH,20260819,0.0,,0.0,0.946,,,
900928.SH,20260819,0.0,,0.0,0.597,,,
900927.SH,20260819,0.0,,0.0,0.329,,,
900926.SH,20260819,3400.0,0.899118,3057.0,0.902,,,
900925.SH,20260819,1000.0,1.478,1478.0,1.48,,,
900924.SH,20260819,0.0,,0.0,0.308,,,
900923.SH,20260819,10000.0,0.582,5820.0,0.581,,,
900922.SH,20260819,400.0,0.5925,237.0,0.598,,,
900921.SH,20260819,0.0,,0.0,0.184,,,
900920.SH,20260819,0.0,,0.0,0.3,,,
900918.SH,20260819,0.0,,0.0,0.315,,,
900917.SH,20260819,0.0,,0.0,0.26,,,
900916.SH,20260819,0.0,,0.0,0.521,,,
900915.SH,20260819,0.0,,0.0,0.266,,,
900914.SH,20260819,200.0,0.435,87.0,0.44,,,
900913.SH,20260819,19000.0,0.226,4294.0,0.225,,,
900912.SH,20260819,0.0,,0.0,0.64,,,
900911.SH,20260819,0.0,,0.0,0.708,,,
900910.SH,20260819,10000.0,0.631,6310.0,0.636,,,
900909.SH,20260819,9000.0,0.501,4509.0,0.501,,,
900908.SH,20260819,0.0,,0.0,0.655,,,
688790.SH,20260819,3655.0,100.01,365537.0,102.6,0.0288345,0.645664,1267.58
688788.SH,20260819,7600.0,30.45,231420.0,30.9,0.00347184,0.285286,21890.4
688679.SH,20260819,20883.0,38.55,805040.0,40.05,0.0158577,0.321154,13169.0
688719.SH,20260819,14674.0,52.12,764809.0,53.12,0.0163549,0.274891,8972.23
688717.SH,20260819,20470.0,60.6,1240482.0,61.83,0.0206668,0.152138,9904.78
688716.SH,20260819,0.0,,0.0,29.23,0.0,0.0,6992.72
688712.SH,20260819,3241.0,34.0,110194.0,34.27,0.00710746,0.116055,4560.0
688711.SH,20260819,157733.0,26.0,4101058.0,27.35,0.072771,1.83468,21675.3
688710.SH,20260819,5805.0,98.3001,570632.0,98.3,0.00640065,0.179362,9069.4
688709.SH,20260819,26074.0,27.28,711299.0,27.66,0.0117585,0.579257,22174.6
688708.SH,20260819,2239.0,43.51,97419.0,43.86,0.00156854,0.202634,14274.4
688707.SH,20260819,19667.0,10.48,206110.0,10.49,0.00386582,0.374998,50874.0
688702.SH,20260819,108105.0,417.69,45154377.0,435.87,0.0532558,1.14882,20299.2
688701.SH,20260819,6915.0,8.32003,57533.0,8.34,0.00514979,0.339469,13427.7
688700.SH,20260819,79782.0,60.5,4826811.0,62.45,0.0267365,0.560263,29840.1
688699.SH,20260819,18966.0,63.03,1195427.0,65.07,0.0172317,0.368992,11006.5
688698.SH,20260819,4734.0,49.12,232534.0,49.83,0.00220152,0.154014,21503.3
688697.SH,20260819,26150.0,15.0,392250.0,15.24,0.00408424,0.298214,64026.7
688696.SH,20260819,3307.0,70.98,234731.0,71.49,0.00472294,0.463135,7002.0
688695.SH,20260819,6688.0,19.48,130282.0,19.65,0.0125254,0.554524,5339.55
688693.SH,20260819,15186.0,82.17,1247834.0,85.18,0.0390341,0.274674,3890.44
688692.SH,20260819,34357.0,251.0,8623607.0,257.89,0.0463253,2.25464,7416.47
688691.SH,20260819,23043.0,67.78,1561855.0,69.97,0.0315809,0.528755,7296.5
688690.SH,20260819,70497.0,44.29,3122312.0,45.1,0.0174578,0.68269,40381.5
688689.SH,20260819,65207.0,41.28,2691745.0,42.78,0.0449989,0.804578,14490.8
688687.SH,20260819,610.0,18.2607,11139.0,18.26,0.000356841,0.0127219,17094.4
688686.SH,20260819,6914.0,121.0,836594.0,123.6,0.0056563,0.547244,12223.5
688685.SH,20260819,33152.0,42.49,1408628.0,43.5,0.0225752,0.533625,14685.2
688683.SH,20260819,52882.0,32.61,1724482.0,33.27,0.032826,2.777,16109.8
688682.SH,20260819,7000.0,33.5,234500.0,33.15,0.0068736,0.554641,10183.9
688681.SH,20260819,14771.0,16.65,245937.0,16.96,0.014112,1.0486,10467.0
688718.SH,20260819,3440.0,14.4201,49605.0,14.35,0.00197981,0.170046,17375.4
688720.SH,20260819,82163.0,71.01,5834395.0,74.1,0.105082,1.75857,7818.94
688787.SH,20260819,6666.0,111.2,741259.0,114.5,0.0110501,0.275243,6032.52
688721.SH,20260819,36901.0,43.85,1618109.0,45.67,0.0669063,0.75964,5515.33
688786.SH,20260819,35232.0,28.98,1021023.0,29.97,0.0203277,0.554501,17332.0
688785.SH,20260819,8821.0,284.44,2509045.0,294.23,0.0651263,1.35173,1354.44
688783.SH,20260819,835010.0,34.76,29024948.0,35.96,0.310528,2.54534,26890.0
688781.SH,20260819,7498.0,40.0,299920.0,40.6,0.0183617,0.394603,4083.51
688779.SH,20260819,230729.0,8.47,1954275.0,8.55,0.0119597,0.732102,192922.0
688778.SH,20260819,10429.0,47.7,497463.0,48.35,0.00206641,0.210101,50469.1
688777.SH,20260819,57475.0,94.01,5403225.0,96.55,0.0073012,0.368448,78719.9
688776.SH,20260819,7282.0,50.35,366649.0,49.69,0.00671874,0.489824,10838.3
688775.SH,20260819,58151.0,124.99,7268293.0,126.27,0.0224211,1.17154,25935.8
688772.SH,20260819,66724.0,14.62,975505.0,14.77,0.00586183,0.351558,113828.0
688768.SH,20260819,400.0,44.02,17608.0,44.23,0.000458382,0.0721048,8726.35
688767.SH,20260819,11705.0,41.0,479905.0,41.84,0.00783817,0.365811,14933.3
688766.SH,20260819,319034.0,448.15,142975087.0,466.81,0.214544,2.01515,14870.4
688765.SH,20260819,6042.0,38.5,232617.0,38.82,0.00839507,0.144563,7197.08
688759.SH,20260819,5034.0,27.62,139039.0,27.89,0.00699167,0.0840698,7200.0
688758.SH,20260819,24449.0,28.37,693618.0,28.65,0.00819931,0.203104,29818.4
688757.SH,20260819,51543.0,33.54,1728752.0,35.04,0.0284422,0.379185,18122.0
688755.SH,20260819,2800.0,28.2,78960.0,28.0,0.00350582,0.247158,7986.72
688750.SH,20260819,5811.0,14.52,84376.0,14.55,0.00249487,0.234739,23291.8
688739.SH,20260819,1232.0,20.3896,25120.0,20.44,0.000295834,0.0613755,41645.0
688737.SH,20260819,6001.0,18.1,108618.0,18.35,0.00501905,0.536946,11956.5
688733.SH,20260819,41000.0,32.5,1332500.0,33.24,0.0205231,0.553816,19977.5
688729.SH,20260819,165306.0,26.48,4377303.0,27.33,0.00945558,0.533043,174824.0
688728.SH,20260819,295117.0,16.62,4904845.0,17.11,0.0113559,0.780125,259879.0
688727.SH,20260819,22854.0,50.8,1160983.0,51.87,0.0423001,0.489467,5402.82
688726.SH,20260819,40422.0,47.4,1916003.0,48.35,0.0183799,0.507667,21992.4
688722.SH,20260819,30585.0,14.53,444400.0,14.53,0.0136476,1.33264,22410.5
900940.SH,20260819,0.0,,0.0,0.217,,,
900941.SH,20260819,300.0,0.48,144.0,0.48,,,
900942.SH,20260819,0.0,,0.0,0.678,,,
501219.SH,20260819,0.0,,0.0,1.7,,0.0,
501217.SH,20260819,0.0,,0.0,1.076,,0.0,
501216.SH,20260819,0.0,,0.0,0.938,,0.0,
501215.SH,20260819,0.0,,0.0,1.118,,0.0,
501213.SH,20260819,0.0,,0.0,0.911,,0.0,
501212.SH,20260819,0.0,,0.0,1.044,,0.0,
501211.SH,20260819,0.0,,0.0,1.07,,0.0,
501210.SH,20260819,0.0,,0.0,1.313,,0.0,
501209.SH,20260819,0.0,,0.0,0.487,,0.0,
501208.SH,20260819,0.0,,0.0,1.385,,0.0,
501207.SH,20260819,0.0,,0.0,0.845,,0.0,
501206.SH,20260819,0.0,,0.0,0.96,,0.0,
501205.SH,20260819,81600.0,0.968995,79070.0,0.997,,0.866688,
501203.SH,20260819,0.0,,0.0,1.613,,0.0,
501202.SH,20260819,0.0,,0.0,1.32,,0.0,
501201.SH,20260819,4400.0,2.53091,11136.0,2.577,,0.390437,
501200.SH,20260819,29320.0,1.50999,44273.0,1.557,,4.49644,
501189.SH,20260819,0.0,,0.0,1.004,,0.0,
501188.SH,20260819,0.0,,0.0,1.156,,0.0,
501186.SH,20260819,0.0,,0.0,0.82,,0.0,
501099.SH,20260819,100.0,3.3,330.0,3.318,,0.0290817,
501098.SH,20260819,1065.0,1.82441,1943.0,1.864,,1.20502,
501097.SH,20260819,0.0,,0.0,2.105,,0.0,
501096.SH,20260819,75100.0,1.62501,122038.0,1.678,,1.94587,
501095.SH,20260819,600.0,0.953333,572.0,0.958,,0.240085,
501093.SH,20260819,0.0,,0.0,1.228,,0.0,
501092.SH,20260819,0.0,,0.0,1.328,,0.0,
501091.SH,20260819,0.0,,0.0,1.038,,0.0,
501218.SH,20260819,0.0,,0.0,0.979,,0.0,
501220.SH,20260819,0.0,,0.0,0.962,,0.0,
900943.SH,20260819,1200.0,0.44,528.0,0.445,,,
501222.SH,20260819,0.0,,0.0,1.041,,0.0,
506006.SH,20260819,44800.0,1.361,60973.0,1.405,,1.87438,
506005.SH,20260819,54900.0,1.539,84491.0,1.555,,0.814579,
506003.SH,20260819,587400.0,1.308,768319.0,1.317,,20.589,
506002.SH,20260819,112400.0,2.229,250540.0,2.277,,1.93851,
506001.SH,20260819,32000.0,1.798,57536.0,1.854,,1.79425,
506000.SH,20260819,123400.0,1.326,163628.0,1.351,,1.69963,
502056.SH,20260819,0.0,,0.0,0.699,,0.0,
502053.SH,20260819,0.0,,0.0,1.08,,0.0,
502048.SH,20260819,0.0,,0.0,1.267,,0.0,
502023.SH,20260819,0.0,,0.0,1.562,,0.0,
502013.SH,20260819,0.0,,0.0,1.457,,0.0,
502010.SH,20260819,0.0,,0.0,1.252,,0.0,
502006.SH,20260819,0.0,,0.0,1.603,,0.0,
502003.SH,20260819,0.0,,0.0,1.433,,0.0,
502000.SH,20260819,0.0,,0.0,2.091,,0.0,
501312.SH,20260819,377971.0,2.33,880672.0,2.369,,1.79043,
501311.SH,20260819,0.0,,0.0,0.964,,0.0,
501310.SH,20260819,0.0,,0.0,1.312,,0.0,
501307.SH,20260819,0.0,,0.0,1.263,,0.0,
501306.SH,20260819,0.0,,0.0,1.245,,0.0,
501305.SH,20260819,0.0,,0.0,1.295,,0.0,
501303.SH,20260819,0.0,,0.0,0.98,,0.0,
501302.SH,20260819,0.0,,0.0,1.149,,0.0,
501301.SH,20260819,500.0,1.22,610.0,1.221,,0.141474,
501300.SH,20260819,24500.0,0.92702,22712.0,0.927,,0.199817,
501227.SH,20260819,7000.0,1.068,7476.0,1.07,,0.245944,
501225.SH,20260819,268100.0,3.636,974812.0,3.789,,2.22695,
501090.SH,20260819,0.0,,0.0,1.082,,0.0,
501089.SH,20260819,0.0,,0.0,1.046,,0.0,
501088.SH,20260819,0.0,,0.0,0.786,,0.0,
501087.SH,20260819,0.0,,0.0,1.324,,0.0,
501036.SH,20260819,0.0,,0.0,1.562,,0.0,
501032.SH,20260819,1900.0,1.8,3420.0,1.875,,0.749135,
501031.SH,20260819,0.0,,0.0,0.529,,0.0,
501030.SH,20260819,200.0,0.54,108.0,0.546,,0.345423,
501029.SH,20260819,0.0,,0.0,1.749,,0.0,
501028.SH,20260819,545.0,1.45505,793.0,1.455,,0.934903,
501026.SH,20260819,148000.0,2.529,374292.0,2.641,,3.10962,
501025.SH,20260819,222500.0,1.83,407175.0,1.826,,0.898838,
501022.SH,20260819,0.0,,0.0,2.843,,0.0,
501021.SH,20260819,0.0,,0.0,1.348,,0.0,
501019.SH,20260819,0.0,,0.0,1.234,,0.0,
501018.SH,20260819,2212600.0,1.866,4128712.0,1.836,,0.724465,
501017.SH,20260819,0.0,,0.0,1.36,,0.0,
501016.SH,20260819,0.0,,0.0,1.176,,0.0,
501015.SH,20260819,23300.0,3.14798,73348.0,3.276,,0.920834,
501012.SH,20260819,200.0,0.995,199.0,1.001,,0.182753,
501011.SH,20260819,0.0,,0.0,1.032,,0.0,
501010.SH,20260819,0.0,,0.0,1.288,,0.0,
501009.SH,20260819,0.0,,0.0,1.317,,0.0,
501008.SH,20260819,0.0,,0.0,0.803,,0.0,
501007.SH,20260819,200.0,0.83,166.0,0.836,,0.138108,
501005.SH,20260819,600.0,1.14167,685.0,1.141,,0.0216143,
501001.SH,20260819,0.0,,0.0,1.619,,0.0,
900948.SH,20260819,3100.0,2.8829,8937.0,2.884,,,
900947.SH,20260819,4220.0,0.257109,1085.0,0.257,,,
900946.SH,20260819,0.0,,0.0,0.195,,,
900945.SH,20260819,0.0,,0.0,0.205,,,
501037.SH,20260819,0.0,,0.0,1.531,,0.0,
501038.SH,20260819,0.0,,0.0,1.539,,0.0,
501043.SH,20260819,0.0,,0.0,1.627,,0.0,
501070.SH,20260819,0.0,,0.0,1.223,,0.0,
501085.SH,20260819,73900.0,3.212,237367.0,3.303,,0.721861,
501083.SH,20260819,0.0,,0.0,2.112,,0.0,
501082.SH,20260819,0.0,,0.0,4.18,,0.0,
501081.SH,20260819,0.0,,0.0,3.124,,0.0,
501080.SH,20260819,61526.0,1.62999,100287.0,1.691,,0.555296,
501079.SH,20260819,0.0,,0.0,4.857,,0.0,
501078.SH,20260819,0.0,,0.0,3.12,,0.0,
501077.SH,20260819,0.0,,0.0,3.317,,0.0,
501076.SH,20260819,0.0,,0.0,1.786,,0.0,
501075.SH,20260819,0.0,,0.0,3.515,,0.0,
501073.SH,20260819,0.0,,0.0,2.227,,0.0,
501071.SH,20260819,0.0,,0.0,0.962,,0.0,
501065.SH,20260819,0.0,,0.0,1.264,,0.0,
501045.SH,20260819,0.0,,0.0,1.594,,0.0,
501064.SH,20260819,0.0,,0.0,3.582,,0.0,
501062.SH,20260819,500.0,2.124,1062.0,2.19,,0.0211941,
501061.SH,20260819,0.0,,0.0,2.294,,0.0,
501060.SH,20260819,0.0,,0.0,2.363,,0.0,
501059.SH,20260819,0.0,,0.0,2.249,,0.0,
501058.SH,20260819,600.0,2.19333,1316.0,2.194,,2.3469,
501057.SH,20260819,0.0,,0.0,2.232,,0.0,
501053.SH,20260819,0.0,,0.0,1.075,,0.0,
501051.SH,20260819,0.0,,0.0,2.161,,0.0,
501050.SH,20260819,0.0,,0.0,1.745,,0.0,
501048.SH,20260819,0.0,,0.0,1.092,,0.0,
501047.SH,20260819,0.0,,0.0,1.098,,0.0,
688680.SH,20260819,6663.0,34.7199,231339.0,35.06,0.00682888,0.584568,9757.1
688678.SH,20260819,163678.0,19.5,3191721.0,20.03,0.0406042,0.997427,40310.6
508000.SH,20260819,0.0,,0.0,1.798,,0.0,
688458.SH,20260819,14748.0,34.2,504382.0,34.63,0.0157343,0.932176,9373.16
688455.SH,20260819,5210.0,15.32,79817.0,15.44,0.00310062,0.348926,16803.1
688450.SH,20260819,16660.0,34.76,579102.0,35.62,0.0340482,0.892592,4893.07
688449.SH,20260819,110396.0,68.41,7552190.0,71.03,0.0376516,0.693897,29320.4
688448.SH,20260819,12863.0,62.37,802265.0,63.58,0.0131903,0.430294,9751.89
688443.SH,20260819,4947.0,26.3101,130156.0,26.44,0.00345003,0.113575,14339.0
688439.SH,20260819,5700.0,39.25,223725.0,39.47,0.00285,0.378929,20000.0
688435.SH,20260819,7166.0,31.7,227162.0,32.15,0.0127854,0.368629,5604.81
688433.SH,20260819,67208.0,99.01,6654264.0,98.08,0.0161722,1.21632,41557.8
688432.SH,20260819,662511.0,46.0,30475506.0,49.48,0.0529881,0.939611,125030.0
688429.SH,20260819,2200.0,10.56,23232.0,10.57,0.000549999,0.143951,40000.1
688428.SH,20260819,14039.0,31.7,445036.0,31.76,0.00514583,0.0952865,27282.3
688426.SH,20260819,6600.0,19.05,125730.0,19.32,0.00588091,0.431258,11222.8
688425.SH,20260819,57010.0,4.11,234311.0,4.12,0.0010689,0.481342,533350.0
688420.SH,20260819,6600.0,22.3,147180.0,22.49,0.00746353,1.39122,8843.0
688419.SH,20260819,48095.0,50.44,2425912.0,53.15,0.0419854,0.824439,11455.2
688418.SH,20260819,60778.0,38.38,2332660.0,37.35,0.031564,1.48928,19255.5
688416.SH,20260819,48885.0,78.83,3853605.0,81.51,0.0453139,0.863775,10788.1
688411.SH,20260819,8694.0,208.36,1811482.0,211.08,0.00655783,0.454852,13257.4
688410.SH,20260819,61549.0,11.17,687502.0,11.17,0.0137558,0.486595,44744.1
688409.SH,20260819,53610.0,218.54,11715929.0,230.04,0.0175075,0.657212,30621.1
688408.SH,20260819,4940.0,25.9599,128242.0,26.28,0.00225503,0.172231,21906.6
688403.SH,20260819,312124.0,24.72,7715705.0,25.96,0.0314293,0.548262,99309.8
688401.SH,20260819,61601.0,72.11,4442048.0,74.92,0.0318599,1.05569,19335.0
688400.SH,20260819,86777.0,49.84,4324966.0,50.85,0.0189678,0.719592,45749.6
688399.SH,20260819,3786.0,29.1999,110551.0,29.34,0.00305002,0.188207,12413.0
688398.SH,20260819,5200.0,22.2,115440.0,22.1,0.00309867,0.339918,16781.4
688396.SH,20260819,265892.0,63.0,16751196.0,65.01,0.0200188,1.31825,132821.0
688456.SH,20260819,98645.0,88.7,8749812.0,92.31,0.0951621,1.17657,10366.0
688459.SH,20260819,2600.0,8.05,20930.0,8.07,0.000541667,0.16687,48000.0
688393.SH,20260819,2688.0,19.8999,53491.0,20.18,0.00287279,0.148348,9356.77
688466.SH,20260819,4546.0,13.67,62144.0,13.94,0.00372153,0.543894,12215.4
688512.SH,20260819,22231.0,14.63,325240.0,15.0,0.00684936,0.14632,32457.0
688511.SH,20260819,2174.0,22.9301,49850.0,23.1,0.0016263,0.148445,13367.8
688510.SH,20260819,13355.0,24.7,329869.0,24.76,0.00513807,0.253727,25992.3
688509.SH,20260819,44990.0,4.18,188058.0,4.22,0.011692,0.97645,38479.2
688508.SH,20260819,60111.0,90.61,5446658.0,94.22,0.0453941,0.743781,13242.0
688507.SH,20260819,58513.0,179.89,10525904.0,187.98,0.118843,0.812472,4923.57
688506.SH,20260819,3360.0,303.0,1018080.0,301.24,0.000813808,0.182098,41287.4
688505.SH,20260819,70627.0,8.55,603861.0,8.68,0.00993946,0.310985,71057.2
688503.SH,20260819,601062.0,93.16,55994936.0,102.12,0.248338,2.54516,24203.4
688502.SH,20260819,30139.0,450.02,13563153.0,472.0,0.0570806,1.30593,5280.07
688501.SH,20260819,7800.0,13.47,105066.0,13.48,0.00448491,0.389074,17391.6
688500.SH,20260819,11623.0,36.72,426797.0,37.76,0.0155144,0.746038,7491.74
688499.SH,20260819,18659.0,35.5,662395.0,36.1,0.0110586,0.445585,16872.9
688498.SH,20260819,50192.0,1529.6,76773683.0,1613.5,0.0408423,1.17228,12289.2
688496.SH,20260819,110476.0,0.899996,99428.0,0.93,0.0464291,0.709263,23794.6
688489.SH,20260819,5340.0,23.87,127466.0,24.22,0.00317333,0.513304,16827.7
688488.SH,20260819,2600.0,17.3,44980.0,17.3,0.000617896,0.0248534,42078.3
688486.SH,20260819,18566.0,46.35,860534.0,47.54,0.00993566,0.388362,18686.2
688485.SH,20260819,222529.0,87.4,19449035.0,89.99,0.148064,1.72755,15029.2
688484.SH,20260819,34695.0,37.85,1313206.0,38.82,0.00807592,0.350471,42961.1
688480.SH,20260819,0.0,,0.0,81.6,0.0,0.0,9532.62
688479.SH,20260819,20011.0,34.98,699985.0,35.51,0.0231276,0.618212,8652.44
688478.SH,20260819,67543.0,54.01,3647997.0,55.54,0.0488147,0.890122,13836.6
688475.SH,20260819,7921.0,29.57,234224.0,29.71,0.00100584,0.183669,78750.0
688472.SH,20260819,123261.0,10.38,1279449.0,10.48,0.00338337,0.392403,364314.0
688469.SH,20260819,2844279.0,9.2,26167367.0,9.44,0.0484561,1.79782,586980.0
688468.SH,20260819,21821.0,6.29,137254.0,6.33,0.00544018,0.807727,40110.8
688395.SH,20260819,10098.0,22.75,229730.0,22.86,0.0116608,0.567977,8659.77
688392.SH,20260819,114661.0,192.53,22075682.0,204.71,0.0990734,1.37206,11573.3
688677.SH,20260819,329118.0,91.0,29949738.0,96.54,0.274546,2.51478,11987.7
688358.SH,20260819,1903.0,29.68,56481.0,29.62,0.00169948,0.189107,11197.6
688356.SH,20260819,2647.0,78.2301,207075.0,78.69,0.00436434,0.137711,6065.07
688355.SH,20260819,4100.0,17.91,73431.0,18.05,0.00330762,0.411181,12395.6
688353.SH,20260819,41898.0,102.0,4273596.0,104.3,0.0262683,0.513922,15950.0
688352.SH,20260819,144013.0,19.6,2822655.0,20.31,0.0393032,0.568825,36641.6
688351.SH,20260819,8508.0,20.27,172457.0,20.3,0.0018079,0.241885,47060.0
688350.SH,20260819,4869.0,29.8899,145534.0,30.5,0.00339908,0.311146,14324.5
688349.SH,20260819,43913.0,14.5,636739.0,14.4,0.00280381,0.763122,156619.0
688348.SH,20260819,5432.0,32.41,176051.0,32.74,0.00347587,0.441112,15627.7
688347.SH,20260819,411680.0,254.8,104896064.0,264.52,0.100964,1.49611,40775.0
688345.SH,20260819,6506.0,55.8899,363620.0,56.8,0.00641705,0.263741,10138.6
688343.SH,20260819,23269.0,59.71,1389392.0,60.9,0.00647074,0.278789,35960.3
688339.SH,20260819,3400.0,17.31,58854.0,17.48,0.00173658,0.131757,19578.7
688338.SH,20260819,16841.0,30.51,513819.0,30.94,0.0158664,0.881691,10614.2
688337.SH,20260819,70263.0,47.0,3302361.0,48.38,0.0377927,1.65376,18591.7
688336.SH,20260819,20798.0,48.0,998304.0,48.34,0.00232062,0.166235,89622.5
688335.SH,20260819,1400.0,20.9,29260.0,21.08,0.000945725,0.0511361,14803.5
688334.SH,20260819,8292.0,18.3,151744.0,18.25,0.00265624,0.600034,31217.1
688333.SH,20260819,258462.0,115.81,29932484.0,114.35,0.0942184,2.72208,27432.2
688332.SH,20260819,62966.0,99.8,6284007.0,103.19,0.035278,1.39684,17848.5
688331.SH,20260819,19013.0,132.42,2517701.0,133.52,0.00534229,0.233905,35589.6
688330.SH,20260819,6937.0,33.79,234401.0,33.73,0.004955,0.69102,14000.0
688329.SH,20260819,14200.0,20.18,286556.0,20.46,0.0183938,1.19708,7720.0
688328.SH,20260819,53500.0,81.02,4334570.0,85.0,0.05664,0.683375,9445.63
688327.SH,20260819,70856.0,10.63,753199.0,10.67,0.00848709,0.379327,83486.8
688326.SH,20260819,657.0,65.4003,42968.0,66.08,0.000588586,0.0571101,11162.4
688325.SH,20260819,0.0,,0.0,113.9,0.0,0.0,8218.14
688323.SH,20260819,275149.0,30.14,8292991.0,30.31,0.137301,1.67737,20039.8
688357.SH,20260819,64.0,27.3125,1748.0,27.37,6.39617e-05,0.0145189,10006.0
688359.SH,20260819,43580.0,105.0,4575900.0,108.88,0.0437198,1.03218,9968.01
688391.SH,20260819,9795.0,26.0,254670.0,26.32,0.00847363,0.790082,11559.4
688360.SH,20260819,24722.0,16.36,404452.0,16.66,0.00937342,0.53699,26374.6
688390.SH,20260819,36843.0,68.25,2514535.0,69.48,0.015154,0.430047,24312.3
688389.SH,20260819,605.0,11.2595,6812.0,11.2,0.000141195,0.0288983,42848.6
688388.SH,20260819,189087.0,29.4,5559158.0,30.47,0.0286536,0.627834,65990.7
688387.SH,20260819,2669027.0,15.6,41636821.0,14.79,0.132341,5.08718,201678.0
688386.SH,20260819,9258.0,55.96,518078.0,57.1,0.0101736,0.457831,9100.0
688385.SH,20260819,226397.0,56.9,12881989.0,57.86,0.0419728,1.68594,53938.9
688383.SH,20260819,10551.0,130.0,1371630.0,134.78,0.0103801,0.592305,10164.7
688382.SH,20260819,92075.0,21.33,1963960.0,21.51,0.0158862,0.445018,57959.2
688381.SH,20260819,45401.0,34.02,1544542.0,35.25,0.0183438,0.525083,24750.0
688380.SH,20260819,161721.0,45.35,7334047.0,46.75,0.0403934,1.01962,40036.5
688379.SH,20260819,26835.0,56.0,1502760.0,56.89,0.0297884,0.602284,9008.55
688378.SH,20260819,49578.0,49.74,2466010.0,50.14,0.0205752,0.531852,24096.1
688377.SH,20260819,2800.0,20.79,58212.0,21.0,0.00119878,0.13309,23357.1
688376.SH,20260819,18564.0,71.5,1327326.0,73.41,0.0137255,1.00531,13525.2
688375.SH,20260819,77709.0,87.7,6815079.0,85.52,0.0130381,2.17555,59601.5
688373.SH,20260819,15586.0,5.37001,83697.0,5.39,0.00237509,0.0989598,65622.8
688372.SH,20260819,63146.0,130.11,8215926.0,135.01,0.0373653,0.903487,16899.7
688371.SH,20260819,34787.0,30.45,1059264.0,31.5,0.0103696,0.388919,33547.2
688370.SH,20260819,1500.0,23.51,35265.0,23.76,0.00109403,0.26703,13710.8
688369.SH,20260819,29347.0,20.67,606602.0,20.96,0.0254708,0.497441,11521.8
688368.SH,20260819,16552.0,133.0,2201416.0,137.54,0.01338,0.491904,12370.7
688367.SH,20260819,1200.0,31.39,37668.0,31.4,0.00136948,0.0995652,8762.46
688366.SH,20260819,2370.0,31.8899,75579.0,31.95,0.00122132,0.246802,19405.2
688365.SH,20260819,82574.0,15.42,1273291.0,15.55,0.0193704,0.669008,42629.1
688363.SH,20260819,4711.0,36.56,172234.0,36.6,0.000978039,0.140736,48167.8
688362.SH,20260819,294920.0,69.59,20523483.0,73.4,0.0650716,0.931937,45322.4
688361.SH,20260819,44548.0,360.2,16046190.0,371.96,0.0126538,0.39387,35205.2
688513.SH,20260819,2638.0,46.2502,122008.0,47.56,0.00149434,0.0881617,17653.2
688515.SH,20260819,46086.0,155.0,7143330.0,161.93,0.0925061,1.36384,4981.94
688516.SH,20260819,31577.0,43.5,1373600.0,44.25,0.0100321,0.465125,31476.0
688628.SH,20260819,36510.0,76.06,2776951.0,78.8,0.032666,0.888764,11176.8
688626.SH,20260819,1788.0,45.1499,80728.0,45.23,0.0011175,0.0750508,16000.0
688625.SH,20260819,18589.0,61.29,1139320.0,63.0,0.00715879,0.316546,25966.7
688623.SH,20260819,1042.0,60.6996,63249.0,61.96,0.00293359,0.0952037,3551.96
688622.SH,20260819,220.0,106.35,23397.0,107.66,0.000312209,0.0825256,7046.55
688621.SH,20260819,7709.0,67.2699,518584.0,67.9,0.00688304,0.213509,11200.0
688620.SH,20260819,90058.0,16.28,1466144.0,16.52,0.022974,0.717636,39200.0
688619.SH,20260819,5144.0,14.79,76080.0,14.93,0.00277397,0.182552,18543.8
688618.SH,20260819,63301.0,30.58,1935745.0,31.79,0.0575213,2.04016,11004.8
688617.SH,20260819,5642.0,225.3,1271143.0,224.6,0.00398646,0.392157,14152.9
688616.SH,20260819,10384.0,10.89,113082.0,10.88,0.00578888,0.653881,17937.8
688615.SH,20260819,13889.0,116.72,1621124.0,118.63,0.0102624,0.188855,13533.8
688613.SH,20260819,13511.0,15.28,206448.0,15.44,0.00986143,0.527946,13700.9
688612.SH,20260819,19371.0,35.42,686121.0,35.73,0.00754618,0.271495,25669.9
688611.SH,20260819,7606.0,68.48,520859.0,68.65,0.00495862,0.603192,15339.0
688610.SH,20260819,13454.0,180.14,2423604.0,185.0,0.0328687,0.687964,4093.26
688609.SH,20260819,205798.0,9.3,1913921.0,9.56,0.0411596,0.844917,50000.0
688608.SH,20260819,15704.0,107.0,1680328.0,107.96,0.00662935,0.39339,23688.6
688607.SH,20260819,2938.0,44.0,129272.0,44.1,0.00370356,0.147404,7932.9
688606.SH,20260819,1016.0,48.3898,49164.0,48.4,0.00134295,0.166973,7565.44
688605.SH,20260819,51389.0,77.5,3982648.0,80.75,0.0474279,1.14395,10835.2
688603.SH,20260819,55222.0,112.2,6195908.0,118.15,0.0442752,0.861677,12472.5
688602.SH,20260819,28264.0,7.0,197848.0,7.03,0.00544193,0.510852,51937.5
688601.SH,20260819,14896.0,48.26,718881.0,49.4,0.011142,0.337511,13369.3
688600.SH,20260819,41006.0,27.77,1138737.0,28.28,0.0304405,1.19626,13470.8
688599.SH,20260819,200052.0,13.04,2608678.0,13.17,0.00853986,0.617048,234257.0
688598.SH,20260819,313355.0,36.13,11321516.0,38.37,0.153926,1.2448,20357.6
688597.SH,20260819,39250.0,6.98,273965.0,7.06,0.0116795,0.294016,33606.0
688627.SH,20260819,47021.0,526.0,24733046.0,565.22,0.0499542,0.830044,9412.82
688629.SH,20260819,172614.0,148.18,25577943.0,156.22,0.037444,1.07095,46099.3
688517.SH,20260819,18000.0,16.31,293580.0,16.5,0.0131759,0.366931,13661.3
688630.SH,20260819,43676.0,448.0,19566848.0,471.2,0.033153,0.917608,13174.1
688676.SH,20260819,178783.0,71.5,12782985.0,73.9,0.038884,1.15882,45978.6
688671.SH,20260819,600.0,24.72,14832.0,24.62,0.00111582,0.0469815,5377.21
688670.SH,20260819,4300.0,15.71,67553.0,15.85,0.00349026,0.357569,12320.0
688669.SH,20260819,134479.0,79.8,10731424.0,81.2,0.110834,2.64049,12133.3
688668.SH,20260819,55863.0,259.06,14471869.0,274.3,0.0401111,0.925815,13927.1
688667.SH,20260819,8603.0,96.6,831050.0,97.7,0.0163259,1.51432,5269.55
688665.SH,20260819,2539.0,47.4699,120526.0,47.91,0.00250908,0.508771,10119.2
688663.SH,20260819,73311.0,55.39,4060696.0,58.3,0.0371669,1.27055,19724.8
688662.SH,20260819,263526.0,97.55,25706961.0,105.76,0.229741,1.76072,11470.6
688661.SH,20260819,49062.0,102.0,5004324.0,107.0,0.0323015,1.14201,15188.8
688660.SH,20260819,59013.0,8.46,499250.0,8.51,0.00442597,0.351192,133333.0
688659.SH,20260819,10782.0,10.41,112241.0,10.57,0.00673875,0.332431,16000.0
688658.SH,20260819,21596.0,13.39,289170.0,13.51,0.00479911,0.157918,45000.0
688657.SH,20260819,6205.0,34.01,211032.0,34.72,0.0103946,0.292248,5969.45
688656.SH,20260819,6037.0,98.4,594041.0,101.2,0.0095043,1.09463,6351.86
688655.SH,20260819,213070.0,43.34,9234454.0,45.01,0.159735,2.02126,13339.0
688653.SH,20260819,60353.0,13.98,843735.0,14.35,0.0190742,0.51739,31641.2
688652.SH,20260819,18908.0,158.68,3000321.0,162.63,0.0156588,0.377501,12075.0
688651.SH,20260819,6786.0,23.3,158114.0,23.65,0.0144328,0.509795,4701.81
688648.SH,20260819,18491.0,32.7,604656.0,33.24,0.0265947,0.493655,6952.89
688646.SH,20260819,3749.0,74.9901,281138.0,76.33,0.006173,0.0984604,6073.22
688639.SH,20260819,67833.0,17.1,1159944.0,17.36,0.0271206,1.16521,25011.6
688638.SH,20260819,98.0,33.1224,3246.0,33.12,0.000370356,0.0192017,2646.1
688636.SH,20260819,53841.0,21.1,1136045.0,21.05,0.0309598,0.892033,17390.6
688635.SH,20260819,28569.0,336.0,9599184.0,350.1,0.160893,0.58306,1775.65
688633.SH,20260819,10988.0,24.5,269206.0,24.77,0.00644833,0.454179,17040.1
688631.SH,20260819,3306.0,40.66,134422.0,41.14,0.00202239,0.317859,16347.0
688596.SH,20260819,386533.0,68.26,26384743.0,70.95,0.121677,1.50094,31767.0
688595.SH,20260819,25876.0,28.3,732291.0,29.19,0.0179578,0.562134,14409.4
688593.SH,20260819,298288.0,34.59,10317782.0,35.63,0.0649116,1.7263,45952.9
688592.SH,20260819,4900.0,25.7,125930.0,25.7,0.00885508,0.421386,5533.55
688557.SH,20260819,5229.0,22.58,118071.0,22.85,0.00352543,0.159727,14832.3
688556.SH,20260819,98131.0,8.72,855702.0,8.88,0.011812,0.595052,83077.4
688553.SH,20260819,9550.0,12.32,117656.0,12.43,0.0018821,0.0728225,50741.2
688552.SH,20260819,9048.0,27.57,249453.0,27.59,0.00268289,0.291293,33724.8
688551.SH,20260819,46203.0,41.5,1917425.0,42.62,0.0423902,1.18432,10899.5
688550.SH,20260819,179198.0,41.02,7350702.0,42.21,0.101778,2.95387,17606.8
688549.SH,20260819,1106110.0,27.1,29975581.0,29.29,0.187693,0.958022,58931.9
688548.SH,20260819,131068.0,39.43,5168011.0,40.73,0.00993392,0.386745,131940.0
688545.SH,20260819,158076.0,89.92,14214194.0,94.65,0.0867358,1.02819,18225.0
688543.SH,20260819,39763.0,39.6,1574615.0,39.45,0.0158665,0.671475,25061.0
688539.SH,20260819,175018.0,30.3,5303045.0,29.25,0.0941362,5.63501,18592.0
688538.SH,20260819,392787.0,2.32,911266.0,2.33,0.00682842,0.730042,575224.0
688536.SH,20260819,40874.0,285.0,11649090.0,294.18,0.0301322,1.28025,13564.9
688535.SH,20260819,58422.0,107.0,6251154.0,111.22,0.0437507,0.786239,13353.4
688533.SH,20260819,3000.0,21.4,64200.0,21.42,0.00181832,0.402452,16498.7
688531.SH,20260819,42576.0,142.81,6080279.0,150.23,0.0370939,0.753128,11477.9
688530.SH,20260819,105389.0,65.41,6893494.0,69.02,0.151033,0.763373,6977.88
688529.SH,20260819,12700.0,16.24,206248.0,16.14,0.00755161,0.984168,16817.6
688528.SH,20260819,9700.0,9.77,94769.0,9.86,0.00577381,0.603322,16800.0
688526.SH,20260819,13456.0,13.22,177888.0,13.47,0.00288676,0.762151,46612.8
688525.SH,20260819,419898.0,240.55,101006464.0,253.18,0.0890432,1.39432,47156.7
688523.SH,20260819,144236.0,50.57,7294015.0,49.45,0.0354493,3.72292,40688.0
688522.SH,20260819,18725.0,19.53,365699.0,19.52,0.010875,0.418923,17218.4
688521.SH,20260819,251630.0,207.13,52120122.0,213.3,0.0478461,1.26928,52591.5
688520.SH,20260819,11783.0,38.53,453999.0,38.44,0.00264587,0.339934,44533.6
688519.SH,20260819,93959.0,292.04,27439786.0,311.5,0.0399519,1.2089,23518.0
688518.SH,20260819,33097.0,20.4,675179.0,20.76,0.00969662,0.347311,34132.5
688558.SH,20260819,7747.0,32.5199,251932.0,33.38,0.00586894,0.54402,13200.0
688559.SH,20260819,182123.0,54.14,9860139.0,56.55,0.0735081,1.58577,24775.9
688560.SH,20260819,8868.0,12.08,107125.0,12.2,0.00440532,0.310707,20130.2
688578.SH,20260819,31554.0,118.0,3723372.0,118.84,0.007012,0.332664,45000.0
688591.SH,20260819,18486.0,28.18,520935.0,28.56,0.0109218,0.409805,16925.8
688590.SH,20260819,2706.0,13.01,35205.0,13.14,0.00096122,0.0380835,28151.7
688589.SH,20260819,13950.0,18.65,260168.0,18.94,0.00959894,0.308437,14532.9
688588.SH,20260819,11172.0,9.68,108145.0,9.65,0.00286454,0.365726,39001.0
688586.SH,20260819,13130.0,10.58,138915.0,10.61,0.00165921,0.278851,79133.9
688585.SH,20260819,188390.0,190.0,35794100.0,188.97,0.046705,2.98374,40336.2
688584.SH,20260819,251762.0,30.8,7754270.0,31.59,0.0733358,1.63874,34330.0
688583.SH,20260819,7371.0,88.5001,652334.0,90.21,0.0170922,0.200913,4312.48
688582.SH,20260819,38289.0,44.2,1692374.0,45.01,0.00953081,0.613174,40173.9
688581.SH,20260819,3286.0,54.0,177444.0,54.15,0.00797994,0.434309,4117.83
688580.SH,20260819,1500.0,49.7,74550.0,49.76,0.00156623,0.104438,9577.13
688579.SH,20260819,7686.0,7.96995,61257.0,8.04,0.00192145,0.212558,40001.0
688577.SH,20260819,3361.0,44.7501,150405.0,44.71,0.00215737,0.253144,15579.2
688561.SH,20260819,41511.0,25.69,1066418.0,26.14,0.0060844,0.526981,68225.3
688576.SH,20260819,0.0,,0.0,42.42,0.0,0.0,3231.85
688575.SH,20260819,43758.0,9.55,417889.0,9.6,0.00765819,0.251992,57138.8
688573.SH,20260819,2756.0,16.3901,45171.0,16.39,0.00517887,0.186247,5321.62
688571.SH,20260819,20528.0,8.85001,181673.0,9.01,0.00483956,0.24372,42417.1
688570.SH,20260819,4900.0,15.06,73794.0,15.14,0.00260361,0.358431,18820.0
688569.SH,20260819,233781.0,19.0,4441839.0,17.39,0.110972,28.5526,21066.7
688568.SH,20260819,179127.0,37.92,6792496.0,36.26,0.022167,2.27127,80807.9
688567.SH,20260819,20526.0,9.83002,201771.0,9.86,0.00167956,0.236083,122210.0
688566.SH,20260819,2851.0,26.51,75580.0,26.79,0.00141769,0.0895581,20110.2
688565.SH,20260819,15187.0,11.05,167816.0,11.05,0.0101429,1.07959,14973.0
688563.SH,20260819,33061.0,51.28,1695368.0,50.96,0.0243916,2.42619,13554.3
688562.SH,20260819,124337.0,14.77,1836457.0,14.43,0.0310843,4.40799,40000.0
506008.SH,20260819,122700.0,1.34,164418.0,1.35,,3.92686,
508001.SH,20260819,0.0,,0.0,4.766,,0.0,
518600.SH,20260819,106000.0,9.325,988450.0,9.46,,0.316275,
515330.SH,20260819,62100.0,1.36501,84767.0,1.376,,0.65776,
515310.SH,20260819,1800.0,1.415,2547.0,1.42,,0.00999826,
515300.SH,20260819,24000.0,1.284,30816.0,1.285,,0.0281476,
515290.SH,20260819,286100.0,1.444,413128.0,1.44,,0.515939,
515260.SH,20260819,756900.0,0.88,666072.0,0.909,,1.12092,
515250.SH,20260819,66000.0,0.964,63624.0,0.972,,0.366065,
515230.SH,20260819,3355700.0,0.709,2379191.0,0.718,,0.801796,
515220.SH,20260819,8481700.0,1.277,10831131.0,1.269,,1.51312,
515210.SH,20260819,144000.0,1.172,168768.0,1.175,,0.215805,
515200.SH,20260819,0.0,,0.0,2.67,,0.0,
515190.SH,20260819,0.0,,0.0,1.718,,0.0,
515180.SH,20260819,3129100.0,1.423,4452709.0,1.42,,1.50197,
515170.SH,20260819,429000.0,0.47,201630.0,0.472,,0.209793,
515160.SH,20260819,0.0,,0.0,1.669,,0.0,
515150.SH,20260819,0.0,,0.0,1.57,,0.0,
515130.SH,20260819,1600.0,1.56875,2510.0,1.581,,0.029391,
515120.SH,20260819,6201000.0,0.686,4253886.0,0.687,,0.551757,
515110.SH,20260819,0.0,,0.0,1.653,,0.0,
515100.SH,20260819,346100.0,1.402,485232.0,1.401,,0.474928,
515090.SH,20260819,0.0,,0.0,1.433,,0.0,
515080.SH,20260819,1698300.0,1.57,2666331.0,1.568,,0.848437,
515070.SH,20260819,1280200.0,1.16,1485032.0,1.188,,1.01727,
515060.SH,20260819,942300.0,0.589,555015.0,0.593,,1.30215,
515050.SH,20260819,10108900.0,1.066,10776087.0,1.101,,0.94853,
515040.SH,20260819,54600.0,1.07,58422.0,1.093,,0.758898,
515030.SH,20260819,73200.0,1.664,121805.0,1.684,,0.0822102,
515020.SH,20260819,222900.0,1.722,383834.0,1.718,,0.31013,
515010.SH,20260819,283300.0,1.235,349876.0,1.24,,0.624591,
515320.SH,20260819,20100.0,1.61,32361.0,1.64,,0.186492,
515350.SH,20260819,0.0,,0.0,6.42,,0.0,
513990.SH,20260819,0.0,,0.0,1.12,,0.0,
515360.SH,20260819,0.0,,0.0,6.897,,0.0,
515800.SH,20260819,159400.0,1.314,209452.0,1.324,,0.258631,
515790.SH,20260819,1198000.0,0.88,1054240.0,0.89,,0.469943,
515770.SH,20260819,0.0,,0.0,1.438,,0.0,
515760.SH,20260819,0.0,,0.0,1.374,,0.0,
515750.SH,20260819,1100.0,2.11182,2323.0,2.127,,0.0214075,
515730.SH,20260819,0.0,,0.0,0.853,,0.0,
515720.SH,20260819,921500.0,0.688,633992.0,0.699,,7.60536,
515710.SH,20260819,30500.0,0.503016,15342.0,0.504,,0.0699448,
515700.SH,20260819,27800.0,2.22601,61883.0,2.251,,0.145356,
515680.SH,20260819,0.0,,0.0,1.698,,0.0,
515660.SH,20260819,0.0,,0.0,5.978,,0.0,
515650.SH,20260819,308500.0,1.066,328861.0,1.063,,0.451485,
515640.SH,20260819,0.0,,0.0,0.968,,0.0,
515630.SH,20260819,58100.0,1.24601,72393.0,1.246,,0.141706,
515600.SH,20260819,0.0,,0.0,1.689,,0.0,
515590.SH,20260819,0.0,,0.0,1.982,,0.0,
515580.SH,20260819,0.0,,0.0,1.455,,0.0,
515560.SH,20260819,0.0,,0.0,0.989,,0.0,
515550.SH,20260819,0.0,,0.0,1.832,,0.0,
515530.SH,20260819,0.0,,0.0,4.508,,0.0,
515480.SH,20260819,0.0,,0.0,1.058,,0.0,
515460.SH,20260819,0.0,,0.0,0.918,,0.0,
515450.SH,20260819,3375500.0,1.393,4702072.0,1.392,,2.61042,
515400.SH,20260819,798800.0,0.887001,708536.0,0.907,,0.485002,
515390.SH,20260819,371600.0,1.383,513923.0,1.394,,0.444267,
515380.SH,20260819,0.0,,0.0,5.556,,0.0,
515370.SH,20260819,58500.0,0.84,49140.0,0.85,,0.26952,
515000.SH,20260819,383900.0,1.338,513658.0,1.37,,0.322325,
513980.SH,20260819,1907700.0,0.62,1182774.0,0.625,,0.305442,
513080.SH,20260819,92500.0,1.79101,165668.0,1.804,,0.298639,
513550.SH,20260819,33200.0,1.12901,37483.0,1.129,,0.0921295,
513520.SH,20260819,1245200.0,2.292,2853998.0,2.338,,0.892322,
513500.SH,20260819,2439960.0,2.654,6475654.0,2.688,,1.15861,
513400.SH,20260819,1570700.0,1.335,2096885.0,1.339,,1.05374,
513390.SH,20260819,475100.0,2.424,1151642.0,2.455,,0.951454,
513380.SH,20260819,811800.0,0.538,436748.0,0.544,,0.278181,
513360.SH,20260819,905200.0,0.47,425444.0,0.468,,0.510617,
513350.SH,20260819,7888100.0,1.319,10404404.0,1.306,,1.0805,
513330.SH,20260819,47939500.0,0.381,18264950.0,0.385,,1.39881,
513320.SH,20260819,0.0,,0.0,1.104,,0.0,
513300.SH,20260819,1705500.0,2.689,4586090.0,2.719,,1.36708,
513290.SH,20260819,576700.0,1.704,982697.0,1.684,,0.940874,
513280.SH,20260819,27200.0,1.11699,30382.0,1.119,,0.0347238,
513260.SH,20260819,724600.0,1.136,823146.0,1.151,,0.366513,
513240.SH,20260819,549200.0,1.035,568422.0,1.053,,0.508334,
513230.SH,20260819,200.0,0.875,175.0,0.873,,0.00100612,
513220.SH,20260819,18600.0,0.963011,17912.0,0.968,,0.0582276,
513210.SH,20260819,17100.0,1.5,25650.0,1.512,,0.390645,
513200.SH,20260819,255900.0,1.075,275093.0,1.071,,0.147339,
513190.SH,20260819,74000.0,1.748,129352.0,1.748,,0.0451584,
513180.SH,20260819,41140300.0,0.591,24313917.0,0.599,,1.16756,
513170.SH,20260819,15300.0,1.56902,24006.0,1.576,,0.855724,
513160.SH,20260819,986000.0,0.986,972196.0,0.997,,0.535877,
513150.SH,20260819,50500.0,0.988,49894.0,0.988,,0.11523,
513140.SH,20260819,26200.0,1.66698,43675.0,1.662,,0.136857,
513130.SH,20260819,55207803.0,0.583,32186149.0,0.591,,1.67792,
513120.SH,20260819,28248300.0,1.283,36242569.0,1.282,,0.468142,
513110.SH,20260819,2307300.0,2.482,5726719.0,2.51,,3.1268,
513530.SH,20260819,1849900.0,1.594,2948741.0,1.593,,1.24991,
513560.SH,20260819,130900.0,1.148,150273.0,1.161,,0.662169,
513970.SH,20260819,195300.0,0.825003,161123.0,0.828,,0.742144,
513580.SH,20260819,576400.0,0.589001,339500.0,0.596,,0.547773,
513950.SH,20260819,2600.0,1.27,3302.0,1.271,,0.00868708,
513930.SH,20260819,0.0,,0.0,1.041,,0.0,
513920.SH,20260819,15000.0,1.535,23025.0,1.536,,0.0340743,
513910.SH,20260819,31600.0,1.53601,48538.0,1.537,,0.045873,
513900.SH,20260819,3200.0,0.991875,3174.0,1.0,,0.0237071,
513890.SH,20260819,143900.0,0.906998,130517.0,0.917,,0.509207,
513880.SH,20260819,1243000.0,2.142,2662506.0,2.182,,0.919912,
513870.SH,20260819,926400.0,2.065,1913016.0,2.09,,2.37244,
513860.SH,20260819,265300.0,0.62,164486.0,0.624,,0.129958,
513850.SH,20260819,1045900.0,1.828,1911905.0,1.836,,2.08085,
513830.SH,20260819,0.0,,0.0,1.203,,0.0,
513820.SH,20260819,103900.0,1.241,128940.0,1.244,,0.233975,
513810.SH,20260819,0.0,,0.0,1.736,,0.0,
513800.SH,20260819,403100.0,1.846,744123.0,1.891,,0.940445,
513780.SH,20260819,1390500.0,1.661,2309621.0,1.66,,0.336144,
513770.SH,20260819,9264500.0,0.361,3344485.0,0.364,,0.74028,
513750.SH,20260819,413100.0,1.464,604778.0,1.469,,0.112253,
513730.SH,20260819,363400.0,1.159,421181.0,1.167,,1.04768,
513720.SH,20260819,0.0,,0.0,0.673,,0.0,
513700.SH,20260819,207300.0,0.636001,131843.0,0.635,,0.0828371,
513690.SH,20260819,87000.0,1.14,99180.0,1.141,,0.0924818,
513660.SH,20260819,130800.0,1.499,196069.0,1.509,,0.19828,
513650.SH,20260819,2787700.0,1.99,5547523.0,2.012,,2.04932,
513630.SH,20260819,580600.0,1.578,916187.0,1.581,,0.289112,
513620.SH,20260819,31100.0,1.10399,34334.0,1.104,,0.0941511,
513600.SH,20260819,53900.0,2.76501,149034.0,2.782,,0.143713,
513590.SH,20260819,3400.0,0.770882,2621.0,0.777,,0.10654,
515810.SH,20260819,7100.0,1.74197,12368.0,1.762,,0.0819973,
515840.SH,20260819,0.0,,0.0,1.054,,0.0,
515850.SH,20260819,70000.0,1.34,93800.0,1.344,,0.131993,
517010.SH,20260819,0.0,,0.0,1.144,,0.0,
516980.SH,20260819,0.0,,0.0,1.06,,0.0,
516970.SH,20260819,147000.0,1.108,162876.0,1.121,,0.461313,
516960.SH,20260819,0.0,,0.0,0.928,,0.0,
516950.SH,20260819,20500.0,1.036,21238.0,1.039,,0.356984,
516930.SH,20260819,0.0,,0.0,0.524,,0.0,
516920.SH,20260819,189600.0,1.488,282125.0,1.536,,0.679443,
516910.SH,20260819,23400.0,1.17902,27589.0,1.179,,0.181925,
516900.SH,20260819,128700.0,0.502999,64736.0,0.501,,0.962088,
516890.SH,20260819,0.0,,0.0,0.834,,0.0,
516880.SH,20260819,345900.0,0.745999,258041.0,0.758,,1.8806,
516860.SH,20260819,320400.0,1.066,341546.0,1.071,,0.812448,
516850.SH,20260819,0.0,,0.0,0.964,,0.0,
516840.SH,20260819,3400.0,0.755882,2570.0,0.758,,0.0555623,
516830.SH,20260819,20000.0,1.061,21220.0,1.061,,0.419192,
516820.SH,20260819,152900.0,0.365003,55809.0,0.365,,0.114182,
516810.SH,20260819,169700.0,0.765003,129821.0,0.764,,0.161136,
516800.SH,20260819,27500.0,1.01502,27913.0,1.047,,0.3258,
516790.SH,20260819,100.0,0.53,53.0,0.526,,0.0017336,
516780.SH,20260819,170200.0,0.885999,150797.0,0.896,,0.179007,
516770.SH,20260819,278800.0,1.152,321178.0,1.165,,0.6479,
516760.SH,20260819,170700.0,0.59,100713.0,0.588,,2.06271,
516750.SH,20260819,9000.0,0.585,5265.0,0.588,,0.0585057,
516730.SH,20260819,0.0,,0.0,0.982,,0.0,
516720.SH,20260819,0.0,,0.0,1.18,,0.0,
516710.SH,20260819,0.0,,0.0,0.805,,0.0,
516700.SH,20260819,60200.0,0.928007,55866.0,0.944,,0.243996,
516670.SH,20260819,449300.0,0.617,277218.0,0.616,,0.64163,
517000.SH,20260819,0.0,,0.0,1.024,,0.0,
517030.SH,20260819,0.0,,0.0,1.158,,0.0,
515860.SH,20260819,210200.0,2.108,443102.0,2.175,,5.09408,
517050.SH,20260819,5000.0,0.675,3375.0,0.685,,0.147511,
517990.SH,20260819,0.0,,0.0,0.929,,0.0,
517950.SH,20260819,0.0,,0.0,1.226,,0.0,
517900.SH,20260819,2200.0,1.50409,3309.0,1.501,,0.0107879,
517880.SH,20260819,0.0,,0.0,0.755,,0.0,
517850.SH,20260819,0.0,,0.0,1.387,,0.0,
517800.SH,20260819,1300.0,1.02923,1338.0,1.037,,0.0258835,
517770.SH,20260819,800.0,0.895,716.0,0.9,,0.00930282,
517660.SH,20260819,0.0,,0.0,1.314,,0.0,
517550.SH,20260819,0.0,,0.0,0.664,,0.0,
517520.SH,20260819,2512500.0,2.034,5110425.0,2.081,,0.495536,
517400.SH,20260819,693500.0,1.609,1115842.0,1.642,,1.26906,
517390.SH,20260819,3000.0,2.01,6030.0,2.021,,0.0613909,
517380.SH,20260819,348700.0,0.893,311389.0,0.895,,0.206251,
517360.SH,20260819,0.0,,0.0,0.966,,0.0,
517350.SH,20260819,0.0,,0.0,0.973,,0.0,
517330.SH,20260819,0.0,,0.0,1.0,,0.0,
517300.SH,20260819,2500.0,0.96,2400.0,0.968,,0.21025,
517200.SH,20260819,2800.0,0.602857,1688.0,0.607,,0.105731,
517180.SH,20260819,5400.0,1.48593,8024.0,1.496,,0.127905,
517170.SH,20260819,0.0,,0.0,1.021,,0.0,
517160.SH,20260819,0.0,,0.0,0.985,,0.0,
517130.SH,20260819,2100.0,0.99,2079.0,1.003,,0.026694,
517120.SH,20260819,103400.0,0.782998,80962.0,0.781,,0.301229,
517110.SH,20260819,139700.0,0.811997,113436.0,0.813,,0.180689,
517100.SH,20260819,0.0,,0.0,1.034,,0.0,
517090.SH,20260819,300.0,1.57667,473.0,1.589,,0.0080654,
517080.SH,20260819,0.0,,0.0,1.015,,0.0,
516660.SH,20260819,200.0,1.02,204.0,1.022,,0.0147161,
516650.SH,20260819,182300.0,1.845,336344.0,1.882,,0.14789,
516640.SH,20260819,1014600.0,1.525,1547265.0,1.585,,0.838618,
516630.SH,20260819,986900.0,1.681,1658979.0,1.727,,2.56283,
516200.SH,20260819,0.0,,0.0,1.033,,0.0,
516190.SH,20260819,13000.0,0.997,12961.0,1.008,,0.0840239,
516180.SH,20260819,3200.0,0.725,2320.0,0.736,,0.0313839,
516160.SH,20260819,120700.0,2.595,313217.0,2.616,,0.242762,
516150.SH,20260819,236300.0,1.822,430539.0,1.839,,0.222977,
516130.SH,20260819,16500.0,0.682,11253.0,0.682,,0.0969116,
516120.SH,20260819,201400.0,0.885998,178440.0,0.896,,0.202429,
516110.SH,20260819,13700.0,1.12701,15440.0,1.13,,0.0646115,
516100.SH,20260819,83500.0,1.03101,86089.0,1.042,,0.217124,
516090.SH,20260819,143700.0,0.515004,74006.0,0.519,,0.196409,
516080.SH,20260819,2132000.0,0.73,1556360.0,0.732,,0.547139,
516070.SH,20260819,100.0,0.6,60.0,0.603,,0.00219552,
516060.SH,20260819,78600.0,0.633995,49832.0,0.64,,0.397043,
516050.SH,20260819,400.0,1.445,578.0,1.475,,0.00662976,
516020.SH,20260819,38200.0,0.865,33043.0,0.873,,0.0401589,
516010.SH,20260819,189100.0,1.091,206308.0,1.1,,0.175337,
516000.SH,20260819,249700.0,0.978999,244456.0,0.995,,0.555136,
515990.SH,20260819,0.0,,0.0,1.534,,0.0,
515980.SH,20260819,1442200.0,1.07,1543154.0,1.098,,0.580312,
515970.SH,20260819,27000.0,0.861,23247.0,0.87,,0.0353666,
515960.SH,20260819,0.0,,0.0,0.878,,0.0,
515950.SH,20260819,12800.0,0.992969,12710.0,0.993,,0.10266,
515920.SH,20260819,17000.0,1.251,21267.0,1.264,,1.148,
515910.SH,20260819,0.0,,0.0,0.705,,0.0,
515900.SH,20260819,1300.0,1.66231,2161.0,1.667,,0.0365583,
515890.SH,20260819,0.0,,0.0,1.466,,0.0,
515880.SH,20260819,71204641.0,0.687,48917588.0,0.709,,1.33102,
516210.SH,20260819,0.0,,0.0,1.365,,0.0,
516220.SH,20260819,1000.0,0.911,911.0,0.915,,0.0108023,
516230.SH,20260819,400.0,0.82,328.0,0.82,,0.00400307,
516460.SH,20260819,0.0,,0.0,1.232,,0.0,
516620.SH,20260819,132700.0,0.824001,109345.0,0.83,,0.334777,
516610.SH,20260819,2200.0,0.435,957.0,0.437,,0.0221541,
516600.SH,20260819,0.0,,0.0,0.627,,0.0,
516590.SH,20260819,0.0,,0.0,1.144,,0.0,
516580.SH,20260819,400.0,0.615,246.0,0.616,,0.00764184,
516570.SH,20260819,39900.0,1.03501,41297.0,1.035,,0.125783,
516560.SH,20260819,5400.0,0.777037,4196.0,0.777,,0.144158,
516550.SH,20260819,32600.0,0.716012,23342.0,0.717,,0.27132,
516530.SH,20260819,200.0,1.015,203.0,1.015,,0.0248114,
516520.SH,20260819,137500.0,1.078,148225.0,1.092,,0.376472,
516510.SH,20260819,692900.0,1.728,1197331.0,1.768,,0.627881,
516500.SH,20260819,0.0,,0.0,0.673,,0.0,
516440.SH,20260819,0.0,,0.0,0.975,,0.0,
516250.SH,20260819,0.0,,0.0,0.974,,0.0,
516390.SH,20260819,10000.0,0.886,8860.0,0.898,,0.231611,
516380.SH,20260819,0.0,,0.0,0.908,,0.0,
516370.SH,20260819,16400.0,0.915976,15022.0,0.916,,0.106334,
516360.SH,20260819,2300.0,1.09,2507.0,1.106,,0.0735106,
516350.SH,20260819,698100.0,1.735,1211204.0,1.794,,0.526967,
516330.SH,20260819,0.0,,0.0,1.652,,0.0,
516320.SH,20260819,20000.0,0.986,19720.0,0.98,,0.370033,
516310.SH,20260819,968600.0,1.33,1288238.0,1.328,,0.783057,
516300.SH,20260819,100.0,3.3,330.0,3.332,,0.00235229,
516290.SH,20260819,121100.0,0.549001,66484.0,0.552,,0.586275,
516270.SH,20260819,1400.0,0.610714,855.0,0.617,,0.0100358,
516260.SH,20260819,0.0,,0.0,1.429,,0.0,
513090.SH,20260819,9515600.0,1.807,17194689.0,1.818,,0.668333,
513070.SH,20260819,80800.0,1.106,89365.0,1.11,,0.105204,
508002.SH,20260819,0.0,,0.0,2.576,,0.0,
510530.SH,20260819,0.0,,0.0,9.182,,0.0,
510500.SH,20260819,1938200.0,8.085,15670347.0,8.185,,0.705912,
510410.SH,20260819,128600.0,1.971,253471.0,1.978,,1.7499,
510390.SH,20260819,0.0,,0.0,5.419,,0.0,
510380.SH,20260819,200.0,1.405,281.0,1.425,,0.00217537,
510370.SH,20260819,0.0,,0.0,1.061,,0.0,
510360.SH,20260819,160500.0,1.81,290505.0,1.829,,0.378364,
510350.SH,20260819,1200.0,4.97333,5968.0,5.036,,0.0421049,
510330.SH,20260819,461700.0,4.951,2285877.0,4.991,,0.380202,
510320.SH,20260819,3000.0,1.28,3840.0,1.286,,0.0190345,
510310.SH,20260819,745500.0,4.61,3436755.0,4.646,,0.551569,
510300.SH,20260819,4818500.0,4.748,22878238.0,4.787,,0.602938,
510290.SH,20260819,0.0,,0.0,2.743,,0.0,
510270.SH,20260819,0.0,,0.0,1.543,,0.0,
510230.SH,20260819,31600.0,1.28801,40701.0,1.289,,0.0572929,
510210.SH,20260819,8702200.0,1.013,8815329.0,1.019,,1.01304,
510200.SH,20260819,25300.0,1.17502,29728.0,1.175,,0.791308,
510190.SH,20260819,0.0,,0.0,4.352,,0.0,
510180.SH,20260819,31600.0,4.00801,126653.0,4.039,,0.192848,
510170.SH,20260819,206500.0,1.39,287035.0,1.406,,2.52827,
510160.SH,20260819,0.0,,0.0,0.897,,0.0,
510150.SH,20260819,158500.0,0.511003,80994.0,0.511,,0.287403,
510140.SH,20260819,23400.0,1.035,24219.0,1.037,,0.268842,
510130.SH,20260819,0.0,,0.0,7.463,,0.0,
510100.SH,20260819,151000.0,2.973,448923.0,3.002,,0.160541,
510090.SH,20260819,0.0,,0.0,2.515,,0.0,
510060.SH,20260819,0.0,,0.0,2.623,,0.0,
510050.SH,20260819,2298500.0,3.03,6964455.0,3.047,,0.569089,
510510.SH,20260819,43500.0,2.61,113535.0,2.651,,0.202371,
510550.SH,20260819,0.0,,0.0,2.099,,0.0,
510030.SH,20260819,0.0,,0.0,1.039,,0.0,
510560.SH,20260819,0.0,,0.0,2.052,,0.0,
511070.SH,20260819,0.0,,0.0,102.863,,0.0,
511060.SH,20260819,0.0,,0.0,108.743,,0.0,
511030.SH,20260819,0.0,,0.0,108.303,,0.0,
511020.SH,20260819,2000.0,118.287,236574.0,118.287,,0.0097311,
511010.SH,20260819,3300.0,141.285,466241.0,141.283,,0.0205494,
510990.SH,20260819,200.0,1.06,212.0,1.069,,0.00455662,
510980.SH,20260819,834190.0,1.406,1172871.0,1.415,,1.33322,
510950.SH,20260819,20000.0,0.996,19920.0,1.0,,0.0930006,
510910.SH,20260819,90900.0,0.991001,90082.0,0.995,,0.230786,
510900.SH,20260819,215800.0,1.04,224432.0,1.045,,0.201291,
510880.SH,20260819,4067500.0,3.35,13626125.0,3.34,,3.06287,
510850.SH,20260819,500.0,3.598,1799.0,3.606,,0.0156066,
510810.SH,20260819,0.0,,0.0,0.844,,0.0,
510800.SH,20260819,0.0,,0.0,1.407,,0.0,
510770.SH,20260819,600.0,0.941667,565.0,0.958,,0.0144488,
510760.SH,20260819,1961900.0,1.345,2638756.0,1.351,,1.18696,
510720.SH,20260819,1004100.0,1.053,1057317.0,1.051,,0.946416,
510710.SH,20260819,0.0,,0.0,4.343,,0.0,
510680.SH,20260819,0.0,,0.0,3.215,,0.0,
510670.SH,20260819,0.0,,0.0,1.011,,0.0,
510660.SH,20260819,600.0,2.61333,1568.0,2.623,,0.00850839,
510650.SH,20260819,1500.0,2.82533,4238.0,2.822,,0.185181,
510630.SH,20260819,0.0,,0.0,0.821,,0.0,
510600.SH,20260819,0.0,,0.0,3.906,,0.0,
510590.SH,20260819,0.0,,0.0,8.87,,0.0,
510580.SH,20260819,92100.0,4.227,389307.0,4.301,,0.304483,
510570.SH,20260819,0.0,,0.0,1.288,,0.0,
510040.SH,20260819,0.0,,0.0,1.182,,0.0,
510020.SH,20260819,0.0,,0.0,3.959,,0.0,
513060.SH,20260819,5145200.0,0.575,2958490.0,0.575,,0.418666,
508055.SH,20260819,0.0,,0.0,3.277,,0.0,
508048.SH,20260819,0.0,,0.0,3.019,,0.0,
508039.SH,20260819,0.0,,0.0,3.363,,0.0,
508036.SH,20260819,0.0,,0.0,7.516,,0.0,
508033.SH,20260819,0.0,,0.0,6.327,,0.0,
508031.SH,20260819,0.0,,0.0,3.814,,0.0,
508030.SH,20260819,0.0,,0.0,6.463,,0.0,
508029.SH,20260819,0.0,,0.0,2.369,,0.0,
508028.SH,20260819,0.0,,0.0,9.659,,0.0,
508027.SH,20260819,0.0,,0.0,2.448,,0.0,
508026.SH,20260819,0.0,,0.0,3.604,,0.0,
508022.SH,20260819,0.0,,0.0,2.424,,0.0,
508021.SH,20260819,0.0,,0.0,3.06,,0.0,
508020.SH,20260819,0.0,,0.0,5.115,,0.0,
508019.SH,20260819,0.0,,0.0,1.203,,0.0,
508018.SH,20260819,1901.0,5.80484,11035.0,5.789,,0.160253,
508017.SH,20260819,300.0,3.60667,1082.0,3.59,,0.041354,
508016.SH,20260819,0.0,,0.0,4.193,,0.0,
508015.SH,20260819,0.0,,0.0,5.367,,0.0,
508012.SH,20260819,0.0,,0.0,1.812,,0.0,
508011.SH,20260819,0.0,,0.0,3.363,,0.0,
508010.SH,20260819,900.0,2.30889,2078.0,2.309,,0.109429,
508009.SH,20260819,0.0,,0.0,5.753,,0.0,
508008.SH,20260819,0.0,,0.0,7.52,,0.0,
508007.SH,20260819,0.0,,0.0,8.103,,0.0,
508006.SH,20260819,0.0,,0.0,3.432,,0.0,
508005.SH,20260819,0.0,,0.0,3.959,,0.0,
508003.SH,20260819,500.0,3.292,1646.0,3.291,,0.0690491,
508050.SH,20260819,0.0,,0.0,6.393,,0.0,
508056.SH,20260819,900.0,2.24111,2017.0,2.24,,0.0258908,
510010.SH,20260819,0.0,,0.0,1.746,,0.0,
508058.SH,20260819,300.0,3.82,1146.0,3.833,,0.0315381,
508603.SH,20260819,0.0,,0.0,3.862,,0.0,
508602.SH,20260819,0.0,,0.0,6.328,,0.0,
508601.SH,20260819,200.0,2.935,587.0,2.949,,0.029784,
508600.SH,20260819,3300.0,3.57212,11788.0,3.569,,1.02318,
508099.SH,20260819,39100.0,1.069,41798.0,1.073,,0.29854,
508098.SH,20260819,400.0,3.26,1304.0,3.274,,0.0354384,
508097.SH,20260819,0.0,,0.0,1.939,,0.0,
508096.SH,20260819,0.0,,0.0,9.237,,0.0,
508093.SH,20260819,0.0,,0.0,8.241,,0.0,
508092.SH,20260819,0.0,,0.0,2.8,,0.0,
508091.SH,20260819,0.0,,0.0,5.405,,0.0,
508090.SH,20260819,0.0,,0.0,3.321,,0.0,
508089.SH,20260819,0.0,,0.0,4.222,,0.0,
508088.SH,20260819,100.0,3.38,338.0,3.379,,0.00741341,
508087.SH,20260819,100.0,10.55,1055.0,10.594,,0.0294011,
508086.SH,20260819,200.0,4.25,850.0,4.266,,0.0981114,
508085.SH,20260819,0.0,,0.0,3.435,,0.0,
508084.SH,20260819,0.0,,0.0,3.719,,0.0,
508082.SH,20260819,0.0,,0.0,3.82,,0.0,
508080.SH,20260819,0.0,,0.0,2.43,,0.0,
508078.SH,20260819,0.0,,0.0,1.781,,0.0,
508077.SH,20260819,0.0,,0.0,2.675,,0.0,
508069.SH,20260819,0.0,,0.0,5.301,,0.0,
508068.SH,20260819,700.0,3.88,2716.0,3.88,,0.0545925,
508066.SH,20260819,0.0,,0.0,5.871,,0.0,
508060.SH,20260819,300.0,3.63,1089.0,3.629,,0.00757516,
508059.SH,20260819,0.0,,0.0,7.93,,0.0,
511090.SH,20260819,32100.0,119.39,3832419.0,119.503,,0.0872139,
511100.SH,20260819,1900.0,110.869,210651.0,110.89,,0.00203557,
511110.SH,20260819,600.0,103.157,61894.0,103.156,,0.000835677,
512680.SH,20260819,23200.0,1.19401,27701.0,1.195,,0.0599198,
512660.SH,20260819,2635800.0,1.169,3081250.0,1.169,,1.39608,
512650.SH,20260819,0.0,,0.0,1.394,,0.0,
512640.SH,20260819,200.0,2.33,466.0,2.332,,0.0142721,
512630.SH,20260819,5173000.0,1.228,6352444.0,1.191,,4.7922,
512620.SH,20260819,432000.0,0.904,390528.0,0.904,,3.60834,
512600.SH,20260819,125600.0,0.578002,72597.0,0.578,,0.505541,
512580.SH,20260819,15100.0,1.22702,18528.0,1.235,,0.279925,
512570.SH,20260819,542200.0,1.084,587745.0,1.085,,0.340585,
512560.SH,20260819,205800.0,0.735,151263.0,0.736,,0.323875,
512550.SH,20260819,400.0,1.85,740.0,1.864,,0.00984102,
512530.SH,20260819,0.0,,0.0,1.606,,0.0,
512520.SH,20260819,0.0,,0.0,1.506,,0.0,
512510.SH,20260819,14500.0,2.41303,34989.0,2.45,,0.211053,
512500.SH,20260819,232200.0,4.551,1056742.0,4.631,,0.232126,
512480.SH,20260819,11970700.0,1.1,13167770.0,1.132,,0.892469,
512460.SH,20260819,21900.0,0.887991,19447.0,0.897,,0.117338,
512450.SH,20260819,1800.0,0.907778,1634.0,0.906,,0.0491629,
512430.SH,20260819,0.0,,0.0,0.913,,0.0,
512420.SH,20260819,0.0,,0.0,0.995,,0.0,
512410.SH,20260819,39200.0,1.07401,42101.0,1.067,,0.297045,
512400.SH,20260819,4520000.0,1.891,8547320.0,1.933,,0.717732,
512390.SH,20260819,0.0,,0.0,1.251,,0.0,
512380.SH,20260819,0.0,,0.0,1.646,,0.0,
512370.SH,20260819,0.0,,0.0,1.235,,0.0,
512360.SH,20260819,0.0,,0.0,1.838,,0.0,
512330.SH,20260819,38300.0,1.97,75451.0,2.0,,0.861662,
512290.SH,20260819,246500.0,1.083,266960.0,1.084,,0.212239,
512670.SH,20260819,648800.0,0.787999,511254.0,0.786,,0.846238,
512690.SH,20260819,6885300.0,0.431,2967564.0,0.433,,0.436648,
511120.SH,20260819,0.0,,0.0,101.833,,0.0,
512700.SH,20260819,726300.0,1.479,1074198.0,1.477,,1.14379,
513050.SH,20260819,11402000.0,1.103,12576406.0,1.116,,0.61767,
513040.SH,20260819,1074100.0,0.949,1019321.0,0.956,,0.162509,
513030.SH,20260819,831600.0,1.94,1613304.0,1.965,,0.357143,
513020.SH,20260819,59300.0,0.966003,57284.0,0.978,,0.0567788,
513010.SH,20260819,9362300.0,0.61,5711003.0,0.618,,0.869399,
513000.SH,20260819,611200.0,2.294,1402093.0,2.338,,0.86426,
512990.SH,20260819,0.0,,0.0,2.089,,0.0,
512980.SH,20260819,1781900.0,0.83,1478977.0,0.838,,0.382434,
512970.SH,20260819,0.0,,0.0,1.541,,0.0,
512960.SH,20260819,500.0,1.478,739.0,1.49,,0.0249563,
512950.SH,20260819,2700.0,1.52815,4126.0,1.537,,0.0346966,
512940.SH,20260819,263700.0,0.851001,224409.0,0.86,,0.456112,
512930.SH,20260819,1132100.0,0.652,738129.0,0.666,,0.528358,
512910.SH,20260819,0.0,,0.0,1.365,,0.0,
512900.SH,20260819,52300.0,1.066,55752.0,1.069,,0.106654,
512890.SH,20260819,21186500.0,1.164,24661086.0,1.161,,4.19339,
512880.SH,20260819,21683383.0,1.074,23287953.0,1.077,,1.14321,
512870.SH,20260819,0.0,,0.0,1.503,,0.0,
512820.SH,20260819,182000.0,1.411,256802.0,1.408,,0.234375,
512810.SH,20260819,252100.0,0.678001,170924.0,0.678,,0.723761,
512800.SH,20260819,15966700.0,0.804,12837227.0,0.802,,1.59839,
512770.SH,20260819,0.0,,0.0,2.774,,0.0,
512760.SH,20260819,5785700.0,1.17,6769269.0,1.202,,1.27398,
512750.SH,20260819,0.0,,0.0,1.421,,0.0,
512730.SH,20260819,0.0,,0.0,1.642,,0.0,
512720.SH,20260819,4900.0,1.21306,5944.0,1.229,,0.0109897,
512710.SH,20260819,6683100.0,0.635,4243769.0,0.634,,2.03856,
512260.SH,20260819,0.0,,0.0,1.952,,0.0,
512250.SH,20260819,0.0,,0.0,1.244,,0.0,
512240.SH,20260819,0.0,,0.0,1.183,,0.0,
512220.SH,20260819,39700.0,3.96,157212.0,4.115,,0.773596,
511860.SH,20260819,0.0,,0.0,99.999,,0.0,
511850.SH,20260819,0.0,,0.0,100.003,,0.0,
511830.SH,20260819,0.0,,0.0,100.0,,0.0,
511820.SH,20260819,0.0,,0.0,100.0,,0.0,
511810.SH,20260819,0.0,,0.0,100.002,,0.0,
511800.SH,20260819,100.0,100.01,10001.0,100.005,,0.27967,
511770.SH,20260819,0.0,,0.0,100.0,,0.0,
511700.SH,20260819,21502.0,100.005,2150308.0,100.008,,2.13895,
511690.SH,20260819,300.0,100.0,30000.0,100.003,,0.305096,
511670.SH,20260819,0.0,,0.0,99.998,,0.0,
511660.SH,20260819,5400.0,100.004,540022.0,100.004,,0.149676,
511650.SH,20260819,0.0,,0.0,100.0,,0.0,
511620.SH,20260819,0.0,,0.0,100.005,,0.0,
511600.SH,20260819,0.0,,0.0,100.0,,0.0,
511580.SH,20260819,5400.0,109.66,592164.0,109.653,,0.0128456,
511520.SH,20260819,3900.0,118.627,462645.0,118.632,,0.0226853,
511380.SH,20260819,642700.0,13.753,8839053.0,13.786,,0.141439,
511360.SH,20260819,2052400.0,113.82,233604168.0,113.815,,1.01939,
511270.SH,20260819,800.0,121.312,97050.0,121.313,,0.00469213,
511260.SH,20260819,13800.0,135.871,1875020.0,135.871,,0.0496336,
511220.SH,20260819,79400.0,10.41,826554.0,10.408,,0.0779026,
511200.SH,20260819,100.0,103.25,10325.0,103.22,,0.000162984,
511190.SH,20260819,0.0,,0.0,102.695,,0.0,
511180.SH,20260819,247200.0,12.66,3129552.0,12.669,,0.20588,
511160.SH,20260819,910.0,102.041,92857.0,102.037,,0.0305587,
511150.SH,20260819,0.0,,0.0,102.208,,0.0,
511130.SH,20260819,14500.0,108.974,1580123.0,109.06,,0.0659624,
511880.SH,20260819,4374210.0,100.711,440531063.0,100.707,,3.01099,
511900.SH,20260819,0.0,,0.0,99.999,,0.0,
511910.SH,20260819,0.0,,0.0,99.999,,0.0,
512070.SH,20260819,1820600.0,0.775,1410965.0,0.777,,0.229088,
512200.SH,20260819,332100.0,1.229,408151.0,1.233,,0.313882,
512190.SH,20260819,0.0,,0.0,2.983,,0.0,
512180.SH,20260819,0.0,,0.0,1.746,,0.0,
512170.SH,20260819,9952800.0,0.352,3503386.0,0.353,,0.548754,
512160.SH,20260819,0.0,,0.0,1.568,,0.0,
512150.SH,20260819,0.0,,0.0,1.948,,0.0,
512140.SH,20260819,5000.0,0.912,4560.0,0.912,,0.0442725,
512130.SH,20260819,0.0,,0.0,1.181,,0.0,
512120.SH,20260819,75700.0,0.49,37093.0,0.493,,0.208851,
512100.SH,20260819,4397500.0,3.161,13900498.0,3.213,,0.455725,
512090.SH,20260819,0.0,,0.0,2.046,,0.0,
512080.SH,20260819,0.0,,0.0,1.345,,0.0,
512060.SH,20260819,0.0,,0.0,1.249,,0.0,
511920.SH,20260819,0.0,,0.0,100.001,,0.0,
512050.SH,20260819,1027400.0,1.239,1272949.0,1.253,,0.0807774,
512040.SH,20260819,206900.0,1.225,253453.0,1.226,,0.129429,
512030.SH,20260819,0.0,,0.0,1.154,,0.0,
512020.SH,20260819,0.0,,0.0,1.335,,0.0,
512010.SH,20260819,17249345.0,0.4,6899738.0,0.401,,1.31655,
512000.SH,20260819,8498900.0,0.514,4368435.0,0.515,,0.42536,
511990.SH,20260819,2670775.0,99.998,267072158.0,100.002,,3.23682,
511980.SH,20260819,0.0,,0.0,100.045,,0.0,
511970.SH,20260819,0.0,,0.0,99.997,,0.0,
511960.SH,20260819,0.0,,0.0,99.999,,0.0,
511950.SH,20260819,0.0,,0.0,99.998,,0.0,
511930.SH,20260819,0.0,,0.0,99.998,,0.0,
920992.BJ,20260819,2989.0,11.69,34941.41,11.8,0.00609785,0.361008,4901.73
