ts_code,trade_date,vol,price,amount,pre_close,turnover_rate,volume_ratio,float_share
600000.SH,20260821,210400.0,9.09,1912536.0,9.11,0.000631721,0.345638,3330580.0
159210.SZ,20260821,6900.0,0.856,5906.4,0.857,,0.0347535,
159208.SZ,20260821,10700.0,1.018,10892.6,1.02,,0.0741983,
159207.SZ,20260821,229300.0,1.156,265070.8,1.157,,0.203257,
159206.SZ,20260821,1929799.0,1.329,2564702.871,1.339,,0.320409,
159205.SZ,20260821,379500.0,1.711,649324.5,1.72,,0.538589,
159203.SZ,20260821,0.0,,0.0,1.362,,0.0,
159202.SZ,20260821,517000.0,0.821,424457.0,0.826,,0.308077,
159201.SZ,20260821,560200.0,1.181,661596.2,1.184,,0.275542,
159200.SZ,20260821,7400.0,102.085,755429.0,102.085,,0.0183712,
159199.SZ,20260821,0.0,,0.0,0.899,,0.0,
159198.SZ,20260821,152800.0,1.224,187027.2,1.228,,0.130404,
159197.SZ,20260821,200.0,0.904,180.8,0.904,,0.00242344,
159196.SZ,20260821,537800.0,1.225,658805.0,1.224,,0.252554,
159195.SZ,20260821,0.0,,0.0,0.906,,0.0,
159193.SZ,20260821,0.0,,0.0,0.794,,0.0,
159192.SZ,20260821,0.0,,0.0,0.953,,0.0,
159191.SZ,20260821,0.0,,0.0,0.956,,0.0,
159190.SZ,20260821,0.0,,0.0,0.853,,0.0,
159189.SZ,20260821,19100.0,0.895,17094.5,0.891,,0.120263,
159188.SZ,20260821,100.0,0.948,94.8,0.947,,0.0271251,
159187.SZ,20260821,0.0,,0.0,0.858,,0.0,
159186.SZ,20260821,0.0,,0.0,0.772,,0.0,
159185.SZ,20260821,276300.0,1.086,300061.8,1.091,,0.191949,
159183.SZ,20260821,0.0,,0.0,0.862,,0.0,
159182.SZ,20260821,0.0,,0.0,0.924,,0.0,
159181.SZ,20260821,600.0,0.891,534.6,0.888,,0.00885535,
159180.SZ,20260821,0.0,,0.0,1.017,,0.0,
159179.SZ,20260821,1100.0,0.852,937.2,0.853,,0.00808086,
159209.SZ,20260821,54800.0,1.139,62417.2,1.142,,0.0689443,
159211.SZ,20260821,0.0,,0.0,1.442,,0.0,
159177.SZ,20260821,0.0,,0.0,0.941,,0.0,
159212.SZ,20260821,0.0,,0.0,1.468,,0.0,
159242.SZ,20260821,3500.0,2.08,7280.0,2.094,,0.00600274,
159241.SZ,20260821,114500.0,1.001,114614.5,1.003,,0.122909,
159240.SZ,20260821,0.0,,0.0,1.292,,0.0,
159239.SZ,20260821,76000.0,0.803,61028.0,0.805,,0.832984,
159238.SZ,20260821,9800.0,1.3,12740.0,1.3,,0.213558,
159237.SZ,20260821,6100.0,0.887,5410.7,0.895,,0.0498418,
159236.SZ,20260821,0.0,,0.0,1.205,,0.0,
159235.SZ,20260821,0.0,,0.0,1.231,,0.0,
159233.SZ,20260821,0.0,,0.0,1.202,,0.0,
159232.SZ,20260821,55800.0,1.199,66904.2,1.203,,0.0390622,
159231.SZ,20260821,56500.0,0.479,27063.5,0.481,,0.330797,
159230.SZ,20260821,0.0,,0.0,0.935,,0.0,
159229.SZ,20260821,100.0,1.21,121.0,1.211,,0.00264401,
159228.SZ,20260821,0.0,,0.0,1.029,,0.0,
159227.SZ,20260821,536000.0,0.97,519920.0,0.975,,0.236205,
159226.SZ,20260821,300.0,1.268,380.4,1.267,,0.00168932,
159225.SZ,20260821,0.0,,0.0,1.242,,0.0,
159223.SZ,20260821,100.0,1.138,113.8,1.14,,0.00176408,
159222.SZ,20260821,6000.0,1.264,7584.0,1.264,,0.00837368,
159221.SZ,20260821,0.0,,0.0,1.173,,0.0,
159220.SZ,20260821,23400.0,0.583,13642.2,0.585,,0.0927647,
159219.SZ,20260821,0.0,,0.0,1.382,,0.0,
159218.SZ,20260821,275300.0,1.309,360367.7,1.319,,0.245463,
159217.SZ,20260821,1307600.0,1.203,1573042.8,1.227,,0.17343,
159216.SZ,20260821,0.0,,0.0,1.479,,0.0,
159215.SZ,20260821,3800.0,1.301,4943.8,1.304,,0.0222565,
159213.SZ,20260821,54300.0,1.15,62445.0,1.15,,0.165205,
159178.SZ,20260821,1200.0,1.037,1244.4,1.041,,0.00846716,
159176.SZ,20260821,0.0,,0.0,0.986,,0.0,
159245.SZ,20260821,28100.0,0.809,22732.9,0.808,,1.08031,
159141.SZ,20260821,64500.0,1.141,73594.5,1.149,,0.0719045,
159139.SZ,20260821,1500.0,1.231,1846.5,1.229,,0.00431642,
159138.SZ,20260821,0.0,,0.0,0.907,,0.0,
159137.SZ,20260821,38800.0,1.001,38838.8,1.007,,0.0407157,
159136.SZ,20260821,0.0,,0.0,1.023,,0.0,
159135.SZ,20260821,0.0,,0.0,0.808,,0.0,
159133.SZ,20260821,2000.0,1.093,2186.0,1.096,,0.00520118,
159132.SZ,20260821,57000.0,0.999,56943.0,1.01,,0.12214,
159131.SZ,20260821,7946400.0,0.955,7588812.0,0.959,,0.480077,
159130.SZ,20260821,15700.0,0.971,15244.7,0.976,,0.110299,
159129.SZ,20260821,500.0,1.073,536.5,1.071,,0.00298274,
159128.SZ,20260821,20100.0,0.754,15155.4,0.754,,0.0288832,
159127.SZ,20260821,5600.0,0.973,5448.8,0.973,,0.081938,
159126.SZ,20260821,0.0,,0.0,0.959,,0.0,
159125.SZ,20260821,25000.0,0.739,18475.0,0.745,,0.0528555,
159123.SZ,20260821,0.0,,0.0,0.909,,0.0,
159122.SZ,20260821,0.0,,0.0,0.902,,0.0,
159121.SZ,20260821,854800.0,0.762,651357.6,0.768,,2.41707,
159120.SZ,20260821,10600.0,0.756,8013.6,0.76,,0.0796949,
159119.SZ,20260821,100.0,0.979,97.9,0.98,,0.00156979,
159118.SZ,20260821,0.0,,0.0,0.964,,0.0,
159117.SZ,20260821,0.0,,0.0,1.011,,0.0,
159116.SZ,20260821,0.0,,0.0,102.34,,0.0,
159115.SZ,20260821,0.0,,0.0,102.151,,0.0,
159113.SZ,20260821,0.0,,0.0,102.149,,0.0,
159112.SZ,20260821,0.0,,0.0,102.149,,0.0,
159111.SZ,20260821,0.0,,0.0,102.299,,0.0,
159110.SZ,20260821,0.0,,0.0,102.336,,0.0,
159140.SZ,20260821,40000.0,1.225,49000.0,1.233,,0.0693984,
159142.SZ,20260821,194400.0,1.169,227253.6,1.176,,0.253041,
159175.SZ,20260821,1900.0,0.912,1732.8,0.915,,0.00846913,
159143.SZ,20260821,5600.0,0.954,5342.4,0.954,,0.308122,
159173.SZ,20260821,0.0,,0.0,0.887,,0.0,
159172.SZ,20260821,11200.0,0.826,9251.2,0.833,,0.0791862,
159171.SZ,20260821,0.0,,0.0,0.797,,0.0,
159170.SZ,20260821,12900.0,0.874,11274.6,0.879,,0.0418227,
159169.SZ,20260821,153600.0,1.035,158976.0,1.039,,0.539561,
159168.SZ,20260821,126900.0,0.865,109768.5,0.866,,0.365994,
159167.SZ,20260821,22200.0,0.988,21933.6,0.994,,0.0332113,
159166.SZ,20260821,0.0,,0.0,0.859,,0.0,
159165.SZ,20260821,0.0,,0.0,0.866,,0.0,
159163.SZ,20260821,20600.0,0.768,15820.8,0.767,,0.290375,
159162.SZ,20260821,30000.0,0.829,24870.0,0.828,,0.320178,
159161.SZ,20260821,4200.0,0.935,3927.0,0.941,,0.514201,
159160.SZ,20260821,14800.0,0.845,12506.0,0.846,,0.0860731,
159159.SZ,20260821,0.0,,0.0,1.004,,0.0,
159158.SZ,20260821,19400.0,0.983,19070.2,0.986,,0.065052,
159157.SZ,20260821,274000.0,0.833,228242.0,0.833,,0.237919,
159156.SZ,20260821,0.0,,0.0,0.887,,0.0,
159155.SZ,20260821,0.0,,0.0,0.864,,0.0,
159153.SZ,20260821,1600.0,1.183,1892.8,1.188,,0.0136545,
159152.SZ,20260821,100.0,0.786,78.6,0.787,,0.000361326,
159151.SZ,20260821,17600.0,0.932,16403.2,0.939,,0.113746,
159150.SZ,20260821,0.0,,0.0,1.615,,0.0,
159149.SZ,20260821,0.0,,0.0,0.863,,0.0,
159148.SZ,20260821,31100.0,1.0,31100.0,0.993,,0.187851,
159147.SZ,20260821,300.0,0.86,258.0,0.864,,0.000764185,
159146.SZ,20260821,21500.0,0.994,21371.0,0.997,,0.0901232,
159145.SZ,20260821,0.0,,0.0,0.835,,0.0,
159243.SZ,20260821,17000.0,1.257,21369.0,1.26,,0.046152,
159246.SZ,20260821,113000.0,1.162,131306.0,1.169,,0.0706812,
159400.SZ,20260821,0.0,,0.0,101.185,,0.0,
159366.SZ,20260821,291500.0,1.494,435501.0,1.511,,0.139907,
159363.SZ,20260821,574600.0,1.24,712504.0,1.243,,0.0504486,
159362.SZ,20260821,0.0,,0.0,1.305,,0.0,
159361.SZ,20260821,246500.0,1.238,305167.0,1.24,,0.0217458,
159360.SZ,20260821,0.0,,0.0,1.314,,0.0,
159359.SZ,20260821,700.0,1.275,892.5,1.276,,0.00240762,
159358.SZ,20260821,0.0,,0.0,1.316,,0.0,
159357.SZ,20260821,0.0,,0.0,1.284,,0.0,
159356.SZ,20260821,0.0,,0.0,1.293,,0.0,
159355.SZ,20260821,0.0,,0.0,1.043,,0.0,
159353.SZ,20260821,1900.0,1.228,2333.2,1.235,,0.00117704,
159352.SZ,20260821,123700.0,1.262,156109.4,1.266,,0.00453701,
159351.SZ,20260821,700.0,1.215,850.5,1.216,,0.00017488,
159350.SZ,20260821,0.0,,0.0,1.576,,0.0,
159339.SZ,20260821,100.0,1.227,122.7,1.227,,0.000131651,
159338.SZ,20260821,1076800.0,1.215,1308312.0,1.217,,0.0376707,
159337.SZ,20260821,9100.0,1.788,16270.8,1.798,,0.075512,
159336.SZ,20260821,400.0,1.213,485.2,1.211,,0.00896395,
159335.SZ,20260821,0.0,,0.0,1.487,,0.0,
159333.SZ,20260821,6800.0,1.348,9166.4,1.355,,0.0888631,
159332.SZ,20260821,23900.0,1.216,29062.4,1.217,,1.56762,
159331.SZ,20260821,9300.0,1.314,12220.2,1.314,,0.205548,
159330.SZ,20260821,37200.0,1.434,53344.8,1.439,,0.175332,
159329.SZ,20260821,86000.0,0.907,78002.0,0.906,,0.346064,
159328.SZ,20260821,0.0,,0.0,1.04,,0.0,
159327.SZ,20260821,882000.0,1.165,1027530.0,1.176,,0.386062,
159326.SZ,20260821,422600.0,1.663,702783.8,1.672,,0.0882638,
159325.SZ,20260821,204400.0,2.133,435985.2,2.145,,0.273073,
159365.SZ,20260821,0.0,,0.0,1.016,,0.0,
159367.SZ,20260821,0.0,,0.0,1.734,,0.0,
159322.SZ,20260821,110300.0,1.79,197437.0,1.758,,0.987341,
159368.SZ,20260821,10300.0,0.668,6880.4,0.669,,0.00438046,
159398.SZ,20260821,0.0,,0.0,102.494,,0.0,
159397.SZ,20260821,0.0,,0.0,103.169,,0.0,
159396.SZ,20260821,0.0,,0.0,103.363,,0.0,
159395.SZ,20260821,0.0,,0.0,103.523,,0.0,
159393.SZ,20260821,0.0,,0.0,4.938,,0.0,
159392.SZ,20260821,0.0,,0.0,0.915,,0.0,
159391.SZ,20260821,0.0,,0.0,1.098,,0.0,
159390.SZ,20260821,0.0,,0.0,1.25,,0.0,
159389.SZ,20260821,0.0,,0.0,1.819,,0.0,
159388.SZ,20260821,283400.0,1.014,287367.6,1.018,,0.168012,
159387.SZ,20260821,6200.0,0.736,4563.2,0.74,,0.00172639,
159386.SZ,20260821,0.0,,0.0,1.28,,0.0,
159385.SZ,20260821,0.0,,0.0,1.796,,0.0,
159383.SZ,20260821,15000.0,1.719,25785.0,1.719,,0.252675,
159382.SZ,20260821,7800.0,2.626,20482.8,2.639,,0.00808218,
159381.SZ,20260821,186700.0,1.168,218065.6,1.175,,0.044371,
159380.SZ,20260821,6300.0,1.351,8511.3,1.358,,0.0816642,
159379.SZ,20260821,0.0,,0.0,1.358,,0.0,
159378.SZ,20260821,20000.0,0.985,19700.0,0.991,,0.0709014,
159377.SZ,20260821,939600.0,1.044,980942.4,1.076,,2.50456,
159376.SZ,20260821,0.0,,0.0,1.322,,0.0,
159375.SZ,20260821,5400.0,0.732,3952.8,0.739,,0.0249579,
159373.SZ,20260821,0.0,,0.0,1.761,,0.0,
159372.SZ,20260821,0.0,,0.0,1.848,,0.0,
159371.SZ,20260821,1800.0,1.724,3103.2,1.728,,0.0321006,
159370.SZ,20260821,0.0,,0.0,1.83,,0.0,
159369.SZ,20260821,32800.0,1.403,46018.4,1.408,,0.10871,
159323.SZ,20260821,91400.0,1.085,99169.0,1.081,,0.0536523,
159321.SZ,20260821,314500.0,1.7,534650.0,1.672,,0.820821,
159247.SZ,20260821,577100.0,1.042,601338.2,1.051,,0.895448,
159281.SZ,20260821,15000.0,0.953,14295.0,0.955,,0.0590388,
159279.SZ,20260821,31300.0,1.402,43882.6,1.408,,0.0502932,
159278.SZ,20260821,354100.0,0.934,330729.4,0.941,,0.190414,
159277.SZ,20260821,3200.0,1.002,3206.4,1.001,,0.0753207,
159276.SZ,20260821,0.0,,0.0,1.102,,0.0,
159275.SZ,20260821,0.0,,0.0,0.859,,0.0,
159273.SZ,20260821,36900.0,1.403,51770.7,1.418,,0.222643,
159272.SZ,20260821,1078600.0,0.792,854251.2,0.798,,0.435672,
159271.SZ,20260821,5600.0,0.97,5432.0,0.975,,0.0769322,
159270.SZ,20260821,0.0,,0.0,1.124,,0.0,
159269.SZ,20260821,52700.0,0.877,46217.9,0.881,,0.0463355,
159268.SZ,20260821,1600.0,0.792,1267.2,0.798,,0.00740931,
159267.SZ,20260821,152600.0,0.824,125742.4,0.827,,0.116112,
159266.SZ,20260821,100.0,0.971,97.1,0.969,,0.00106077,
159265.SZ,20260821,2700.0,0.823,2222.1,0.827,,0.0237744,
159263.SZ,20260821,606900.0,1.149,697328.1,1.151,,0.291281,
159262.SZ,20260821,156200.0,0.864,134956.8,0.868,,0.0447018,
159261.SZ,20260821,0.0,,0.0,1.394,,0.0,
159260.SZ,20260821,200.0,0.84,168.0,0.841,,0.000883079,
159259.SZ,20260821,468000.0,1.313,614484.0,1.321,,0.137378,
159258.SZ,20260821,61800.0,1.068,66002.4,1.079,,0.168613,
159257.SZ,20260821,7000.0,0.833,5831.0,0.83,,0.0810848,
159256.SZ,20260821,97000.0,0.81,78570.0,0.816,,0.0793362,
159255.SZ,20260821,1500.0,0.836,1254.0,0.835,,0.0393515,
159253.SZ,20260821,288200.0,0.974,280706.8,0.98,,3.92837,
159251.SZ,20260821,31400.0,0.795,24963.0,0.796,,0.108171,
159249.SZ,20260821,0.0,,0.0,1.383,,0.0,
159248.SZ,20260821,7200.0,1.728,12441.6,1.726,,0.0605629,
159280.SZ,20260821,7500.0,0.717,5377.5,0.725,,0.0930974,
159283.SZ,20260821,29500.0,0.832,24544.0,0.841,,0.243693,
159320.SZ,20260821,155700.0,0.618,96222.6,0.623,,0.166734,
159285.SZ,20260821,6700.0,0.791,5299.7,0.795,,0.0810449,
159318.SZ,20260821,4100.0,1.325,5432.5,1.33,,0.905117,
159316.SZ,20260821,2044800.0,1.181,2414908.8,1.198,,0.241694,
159315.SZ,20260821,107800.0,1.8,194040.0,1.776,,0.629418,
159312.SZ,20260821,0.0,,0.0,1.201,,0.0,
159311.SZ,20260821,0.0,,0.0,1.449,,0.0,
159310.SZ,20260821,39800.0,2.811,111877.8,2.83,,0.460295,
159309.SZ,20260821,65200.0,1.406,91671.2,1.403,,0.174626,
159307.SZ,20260821,261600.0,1.029,269186.4,1.03,,0.333451,
159306.SZ,20260821,0.0,,0.0,1.133,,0.0,
159305.SZ,20260821,6000.0,0.811,4866.0,0.817,,0.0150576,
159303.SZ,20260821,48800.0,1.639,79983.2,1.657,,0.0673343,
159302.SZ,20260821,4400.0,1.337,5882.8,1.336,,0.0737246,
159301.SZ,20260821,35600.0,0.958,34104.8,0.958,,0.154624,
159300.SZ,20260821,39900.0,4.971,198342.9,4.986,,0.27705,
159299.SZ,20260821,1500.0,0.682,1023.0,0.681,,0.00569114,
159298.SZ,20260821,0.0,,0.0,1.224,,0.0,
159297.SZ,20260821,466400.0,0.754,351665.6,0.766,,0.125265,
159296.SZ,20260821,0.0,,0.0,1.008,,0.0,
159295.SZ,20260821,10000.0,1.048,10480.0,1.057,,0.118145,
159293.SZ,20260821,0.0,,0.0,1.073,,0.0,
159292.SZ,20260821,0.0,,0.0,1.19,,0.0,
159291.SZ,20260821,0.0,,0.0,1.184,,0.0,
159290.SZ,20260821,11800.0,1.145,13511.0,1.151,,0.348603,
159289.SZ,20260821,1100.0,1.097,1206.7,1.097,,0.0304272,
159288.SZ,20260821,0.0,,0.0,0.996,,0.0,
159287.SZ,20260821,600.0,1.112,667.2,1.123,,0.00999207,
159286.SZ,20260821,472000.0,0.768,362496.0,0.78,,0.350234,
159109.SZ,20260821,6400.0,0.836,5350.4,0.84,,0.0552382,
159108.SZ,20260821,0.0,,0.0,0.96,,0.0,
159107.SZ,20260821,418700.0,0.738,309000.6,0.743,,0.361522,
123276.SZ,20260821,5420.0,163.711,887313.62,164.96,,,
123274.SZ,20260821,2230.0,144.996,323341.08,143.316,,,
123273.SZ,20260821,11040.0,333.5,3681840.0,332.0,,,
123272.SZ,20260821,240.0,153.5,36840.0,153.294,,,
123271.SZ,20260821,510.0,160.5,81855.0,160.5,,,
123270.SZ,20260821,2200.0,238.256,524163.2,237.89,,,
123269.SZ,20260821,110.0,146.0,16060.0,146.259,,,
123268.SZ,20260821,1260.0,184.0,231840.0,184.999,,,
123267.SZ,20260821,980.0,314.627,308334.46,313.127,,,
123266.SZ,20260821,60.0,139.5,8370.0,139.587,,,
123265.SZ,20260821,170.0,135.301,23001.17,135.298,,,
123264.SZ,20260821,140.0,123.38,17273.2,123.251,,,
123263.SZ,20260821,360.0,146.2,52632.0,145.95,,,
123262.SZ,20260821,70.0,132.096,9246.72,132.096,,,
123261.SZ,20260821,11630.0,160.0,1860800.0,160.506,,,
123260.SZ,20260821,110.0,139.7,15367.0,139.734,,,
123259.SZ,20260821,230.0,152.28,35024.4,152.2,,,
123258.SZ,20260821,7160.0,347.001,2484527.16,345.908,,,
123257.SZ,20260821,140.0,153.45,21483.0,153.38,,,
123255.SZ,20260821,1700.0,412.243,700813.1,417.034,,,
123253.SZ,20260821,170.0,133.399,22677.83,133.21,,,
123252.SZ,20260821,130.0,135.7,17641.0,135.6,,,
123250.SZ,20260821,70.0,124.697,8728.79,124.697,,,
123247.SZ,20260821,100.0,186.268,18626.8,186.269,,,
123245.SZ,20260821,1760.0,292.1,514096.0,292.899,,,
123243.SZ,20260821,4820.0,205.0,988100.0,205.7,,,
123241.SZ,20260821,1690.0,848.66,1434235.4,865.53,,,
123237.SZ,20260821,110.0,134.667,14813.37,134.729,,,
123275.SZ,20260821,1200.0,140.999,169198.8,140.819,,,
123277.SZ,20260821,2360.0,141.283,333427.88,142.08,,,
123229.SZ,20260821,350.0,130.749,45762.15,130.749,,,
123278.SZ,20260821,5260.0,159.16,837181.6,160.7,,,
127067.SZ,20260821,14541.0,199.0,2893659.0,195.0,,,
127064.SZ,20260821,220.0,136.01,29922.2,136.01,,,
127062.SZ,20260821,240.0,123.57,29656.8,123.565,,,
127061.SZ,20260821,2100.0,111.002,233104.2,111.211,,,
127060.SZ,20260821,140.0,129.967,18195.38,129.676,,,
127059.SZ,20260821,30.0,130.613,3918.39,130.381,,,
127056.SZ,20260821,10.0,129.319,1293.19,129.321,,,
127055.SZ,20260821,2570.0,189.732,487611.24,190.762,,,
127054.SZ,20260821,500.0,124.9,62450.0,124.9,,,
127053.SZ,20260821,670.0,176.969,118569.23,176.969,,,
127050.SZ,20260821,0.0,,0.0,130.958,,,
127049.SZ,20260821,630.0,115.156,72548.28,114.851,,,
127047.SZ,20260821,120.0,137.4,16488.0,137.4,,,
127046.SZ,20260821,10.0,129.75,1297.5,129.62,,,
127045.SZ,20260821,390.0,117.497,45823.83,117.5,,,
127044.SZ,20260821,210.0,116.448,24454.08,116.32,,,
127040.SZ,20260821,30.0,122.39,3671.7,122.243,,,
127038.SZ,20260821,80.0,122.82,9825.6,122.82,,,
127037.SZ,20260821,380.0,528.0,200640.0,528.799,,,
127034.SZ,20260821,1660.0,122.077,202647.82,121.91,,,
127033.SZ,20260821,0.0,,0.0,89.726,,,
127031.SZ,20260821,210.0,120.499,25304.79,120.499,,,
127030.SZ,20260821,30.0,118.721,3561.63,118.721,,,
127027.SZ,20260821,400.0,111.77,44708.0,111.656,,,
127025.SZ,20260821,40.0,105.687,4227.48,105.687,,,
123280.SZ,20260821,14745.0,156.55,2308329.75,157.2,,,
123279.SZ,20260821,6760.0,169.1,1143116.0,171.8,,,
123235.SZ,20260821,9740.0,160.1,1559374.0,162.13,,,
123225.SZ,20260821,390.0,139.172,54277.08,139.171,,,
159106.SZ,20260821,0.0,,0.0,1.055,,0.0,
123160.SZ,20260821,480.0,157.0,75360.0,156.9,,,
123157.SZ,20260821,1500.0,136.5,204750.0,136.2,,,
123155.SZ,20260821,100.0,132.267,13226.7,132.268,,,
123154.SZ,20260821,10.0,126.499,1264.99,126.499,,,
123151.SZ,20260821,290.0,120.021,34806.09,120.022,,,
123150.SZ,20260821,210.0,135.74,28505.4,135.88,,,
123149.SZ,20260821,190.0,131.73,25028.7,131.998,,,
123144.SZ,20260821,690.0,129.72,89506.8,129.72,,,
123142.SZ,20260821,110.0,124.47,13691.7,124.343,,,
123138.SZ,20260821,260.0,127.94,33264.4,128.102,,,
123133.SZ,20260821,170.0,130.087,22114.79,129.741,,,
123131.SZ,20260821,2260.0,284.999,644097.74,287.458,,,
123124.SZ,20260821,70.0,139.999,9799.93,140.0,,,
123122.SZ,20260821,50.0,128.206,6410.3,128.207,,,
123119.SZ,20260821,28830.0,125.5,3618165.0,126.817,,,
123118.SZ,20260821,6710.0,878.87,5897217.7,849.0,,,
123117.SZ,20260821,300.0,113.2,33960.0,113.326,,,
123114.SZ,20260821,100.0,126.369,12636.9,126.536,,,
123113.SZ,20260821,100.0,114.814,11481.4,114.84,,,
123112.SZ,20260821,17560.0,151.8,2665608.0,151.99,,,
123109.SZ,20260821,70.0,123.444,8641.08,123.615,,,
123107.SZ,20260821,190.0,112.9,21451.0,113.019,,,
123104.SZ,20260821,300.0,130.553,39165.9,130.932,,,
123092.SZ,20260821,740.0,120.5,89170.0,120.397,,,
123091.SZ,20260821,390.0,134.92,52618.8,135.055,,,
123090.SZ,20260821,270.0,111.567,30123.09,111.56,,,
123088.SZ,20260821,100.0,116.45,11645.0,116.6,,,
123080.SZ,20260821,20.0,125.482,2509.64,125.482,,,
123158.SZ,20260821,480.0,239.218,114824.64,238.8,,,
123165.SZ,20260821,360.0,132.2,47592.0,131.8,,,
123224.SZ,20260821,1340.0,135.75,181905.0,135.75,,,
123168.SZ,20260821,30.0,127.777,3833.31,127.624,,,
123223.SZ,20260821,720.0,137.6,99072.0,138.48,,,
123222.SZ,20260821,200.0,149.4,29880.0,149.472,,,
123220.SZ,20260821,80.0,131.596,10527.68,131.596,,,
123216.SZ,20260821,50.0,123.46,6173.0,123.426,,,
123215.SZ,20260821,70.0,123.898,8672.86,123.899,,,
123214.SZ,20260821,250.0,130.37,32592.5,130.5,,,
123213.SZ,20260821,5760.0,305.146,1757640.96,298.0,,,
123211.SZ,20260821,520.0,154.73,80459.6,154.396,,,
123209.SZ,20260821,90.0,162.3,14607.0,162.55,,,
123207.SZ,20260821,640.0,227.173,145390.72,227.173,,,
123199.SZ,20260821,40.0,144.597,5783.88,144.742,,,
123196.SZ,20260821,200.0,125.4,25080.0,125.4,,,
123195.SZ,20260821,7740.0,184.0,1424160.0,185.516,,,
123194.SZ,20260821,520.0,140.0,72800.0,139.77,,,
123193.SZ,20260821,310.0,128.221,39748.51,128.062,,,
123192.SZ,20260821,0.0,,0.0,124.927,,,
123189.SZ,20260821,1360.0,142.097,193251.92,142.097,,,
123187.SZ,20260821,440.0,180.0,79200.0,179.524,,,
123183.SZ,20260821,110.0,130.866,14395.26,130.867,,,
123180.SZ,20260821,190.0,128.37,24390.3,128.37,,,
123179.SZ,20260821,100.0,121.214,12121.4,121.455,,,
123178.SZ,20260821,1110.0,144.144,159999.84,145.0,,,
123176.SZ,20260821,3510.0,446.807,1568292.57,448.552,,,
123175.SZ,20260821,530.0,116.669,61834.57,116.67,,,
123173.SZ,20260821,80.0,137.219,10977.52,137.433,,,
123172.SZ,20260821,50.0,130.37,6518.5,130.5,,,
123171.SZ,20260821,110.0,132.621,14588.31,132.621,,,
127068.SZ,20260821,30.0,123.651,3709.53,123.651,,,
127069.SZ,20260821,1090.0,129.933,141626.97,129.449,,,
127070.SZ,20260821,1110.0,330.34,366677.4,331.384,,,
159063.SZ,20260821,208000.0,1.037,215696.0,1.049,,0.937218,
159061.SZ,20260821,0.0,,0.0,0.912,,0.0,
159060.SZ,20260821,0.0,,0.0,1.022,,0.0,
159059.SZ,20260821,200.0,1.011,202.2,1.01,,0.00238918,
159058.SZ,20260821,0.0,,0.0,0.967,,0.0,
159057.SZ,20260821,0.0,,0.0,1.04,,0.0,
159056.SZ,20260821,47700.0,1.045,49846.5,1.052,,0.416468,
159055.SZ,20260821,0.0,,0.0,0.918,,0.0,
159053.SZ,20260821,7900.0,0.904,7141.6,0.906,,0.0414394,
159052.SZ,20260821,0.0,,0.0,0.844,,0.0,
159051.SZ,20260821,30001.0,1.041,31231.041,1.057,,0.724255,
159050.SZ,20260821,49400.0,0.838,41397.2,0.846,,0.100023,
159049.SZ,20260821,500.0,1.029,514.5,1.019,,0.00729745,
159048.SZ,20260821,73400.0,0.842,61802.8,0.853,,0.294962,
159046.SZ,20260821,100.0,0.903,90.3,0.901,,0.000742649,
159045.SZ,20260821,0.0,,0.0,0.809,,0.0,
159042.SZ,20260821,0.0,,0.0,1.0,,0.0,
159041.SZ,20260821,200.0,1.02,204.0,1.021,,0.00378107,
159040.SZ,20260821,4800.0,1.114,5347.2,1.116,,0.0828604,
159039.SZ,20260821,148600.0,0.818,121554.8,0.829,,0.234594,
159038.SZ,20260821,321400.0,0.939,301794.6,0.94,,0.666137,
159037.SZ,20260821,0.0,,0.0,1.0,,0.0,
159036.SZ,20260821,300.0,0.929,278.7,0.93,,0.00162989,
159035.SZ,20260821,0.0,,0.0,0.824,,0.0,
159033.SZ,20260821,26900.0,0.977,26281.3,0.993,,0.0641823,
159032.SZ,20260821,93100.0,0.883,82207.3,0.886,,0.584226,
159031.SZ,20260821,1300.0,0.954,1240.2,0.971,,0.00858528,
159030.SZ,20260821,238100.0,0.857,204051.7,0.877,,0.512371,
159062.SZ,20260821,5900.0,0.824,4861.6,0.825,,0.0560302,
159065.SZ,20260821,0.0,,0.0,0.927,,0.0,
127072.SZ,20260821,210.0,134.0,28140.0,134.083,,,
159066.SZ,20260821,0.0,,0.0,0.916,,0.0,
159105.SZ,20260821,203500.0,0.977,198819.5,0.978,,0.136991,
159103.SZ,20260821,10600.0,0.643,6815.8,0.642,,0.0996205,
159102.SZ,20260821,135100.0,0.85,114835.0,0.859,,0.154028,
159101.SZ,20260821,50200.0,0.768,38553.6,0.768,,0.0244231,
159100.SZ,20260821,155200.0,1.048,162649.6,1.052,,0.548371,
159099.SZ,20260821,13000.0,0.967,12571.0,0.978,,0.082687,
159098.SZ,20260821,0.0,,0.0,1.001,,0.0,
159095.SZ,20260821,0.0,,0.0,0.946,,0.0,
159093.SZ,20260821,0.0,,0.0,1.034,,0.0,
159091.SZ,20260821,5400.0,1.054,5691.6,1.054,,0.144016,
159087.SZ,20260821,0.0,,0.0,1.039,,0.0,
159086.SZ,20260821,0.0,,0.0,1.022,,0.0,
159085.SZ,20260821,300.0,1.032,309.6,1.037,,0.0137872,
159083.SZ,20260821,100.0,0.999,99.9,0.999,,0.000979532,
159082.SZ,20260821,25600.0,0.996,25497.6,0.996,,,
159079.SZ,20260821,0.0,,0.0,1.002,,0.0,
159078.SZ,20260821,1000.0,0.933,933.0,0.934,,0.0132359,
159077.SZ,20260821,0.0,,0.0,0.967,,0.0,
159076.SZ,20260821,0.0,,0.0,0.858,,0.0,
159075.SZ,20260821,0.0,,0.0,0.911,,0.0,
159073.SZ,20260821,100095.0,1.011,101196.045,1.03,,0.0564867,
159072.SZ,20260821,59000.0,1.117,65903.0,1.133,,0.285646,
159071.SZ,20260821,0.0,,0.0,0.832,,0.0,
159070.SZ,20260821,0.0,,0.0,0.943,,0.0,
159069.SZ,20260821,0.0,,0.0,1.024,,0.0,
159068.SZ,20260821,800.0,0.989,791.2,0.995,,0.00897715,
159067.SZ,20260821,0.0,,0.0,1.003,,0.0,
159029.SZ,20260821,517800.0,0.929,481036.2,0.922,,2.80393,
159028.SZ,20260821,10001.0,0.795,7950.795,0.794,,0.174581,
159027.SZ,20260821,0.0,,0.0,0.907,,0.0,
159026.SZ,20260821,0.0,,0.0,0.927,,0.0,
128044.SZ,20260821,0.0,,0.0,71.372,,,
127115.SZ,20260821,4560.0,167.5,763800.0,167.8,,,
127114.SZ,20260821,40.0,138.7,5548.0,138.905,,,
127113.SZ,20260821,210.0,161.999,34019.79,162.0,,,
127112.SZ,20260821,610.0,160.0,97600.0,159.564,,,
127111.SZ,20260821,160.0,140.84,22534.4,140.7,,,
127110.SZ,20260821,0.0,,0.0,135.699,,,
127109.SZ,20260821,240.0,166.583,39979.92,166.3,,,
127108.SZ,20260821,240.0,124.495,29878.8,124.5,,,
127105.SZ,20260821,70.0,131.001,9170.07,131.24,,,
127104.SZ,20260821,110.0,144.056,15846.16,144.474,,,
127103.SZ,20260821,500.0,135.64,67820.0,135.502,,,
127102.SZ,20260821,70.0,122.096,8546.72,121.998,,,
127099.SZ,20260821,0.0,,0.0,135.868,,,
127098.SZ,20260821,10.0,122.82,1228.2,122.839,,,
127096.SZ,20260821,3390.0,544.02,1844227.8,548.4,,,
127095.SZ,20260821,340.0,144.381,49089.54,144.194,,,
127093.SZ,20260821,240.0,130.3,31272.0,130.03,,,
127092.SZ,20260821,220.0,272.0,59840.0,272.0,,,
127089.SZ,20260821,190.0,122.3,23237.0,122.182,,,
127088.SZ,20260821,80.0,173.9,13912.0,174.076,,,
127085.SZ,20260821,190.0,121.349,23056.31,121.237,,,
127084.SZ,20260821,90.0,142.03,12782.7,142.0,,,
127083.SZ,20260821,0.0,,0.0,118.51,,,
127082.SZ,20260821,290.0,135.4,39266.0,135.35,,,
127080.SZ,20260821,1490.0,266.0,396340.0,269.3,,,
127078.SZ,20260821,370.0,150.277,55602.49,150.277,,,
128127.SZ,20260821,0.0,,0.0,114.721,,,
128129.SZ,20260821,0.0,,0.0,107.938,,,
128134.SZ,20260821,880.0,119.3,104984.0,119.24,,,
159010.SZ,20260821,5800.0,0.927,5376.6,0.929,,0.0771086,
159023.SZ,20260821,0.0,,0.0,1.067,,0.0,
159022.SZ,20260821,0.0,,0.0,0.981,,0.0,
159021.SZ,20260821,0.0,,0.0,0.998,,0.0,
159020.SZ,20260821,500.0,0.912,456.0,0.91,,0.00576862,
159019.SZ,20260821,100.0,0.933,93.3,0.931,,0.000529906,
159018.SZ,20260821,26800.0,0.998,26746.4,0.915,,0.486843,
159017.SZ,20260821,0.0,,0.0,0.927,,0.0,
159016.SZ,20260821,50900.0,0.992,50492.8,0.992,,0.182588,
159015.SZ,20260821,600.0,0.917,550.2,0.917,,0.0115919,
159013.SZ,20260821,3000.0,0.993,2979.0,1.003,,0.106697,
159012.SZ,20260821,0.0,,0.0,0.902,,0.0,
159011.SZ,20260821,100.0,1.062,106.2,1.06,,0.00257216,
159009.SZ,20260821,0.0,,0.0,0.88,,0.0,
128135.SZ,20260821,90.0,114.691,10322.19,114.696,,,
159008.SZ,20260821,0.0,,0.0,0.994,,0.0,
159007.SZ,20260821,100.0,0.88,88.0,0.882,,0.000558302,
159005.SZ,20260821,8700.0,100.0,870000.0,100.001,,10.3654,
159003.SZ,20260821,2046.0,100.0,204600.0,100.002,,0.536808,
159001.SZ,20260821,548485.0,100.0,54848500.0,100.001,,7.73699,
158012.SZ,20260821,1900.0,0.935,1776.5,0.937,,0.0125786,
158009.SZ,20260821,200.0,0.994,198.8,0.986,,0.00211062,
158006.SZ,20260821,0.0,,0.0,1.026,,0.0,
158003.SZ,20260821,22200.0,1.031,22888.2,1.033,,0.0147711,
128142.SZ,20260821,0.0,,0.0,114.5,,,
128138.SZ,20260821,0.0,,0.0,130.33,,,
128136.SZ,20260821,670.0,114.1,76447.0,113.989,,,
159399.SZ,20260821,60100.0,1.013,60881.3,1.014,,0.0401821,
159500.SZ,20260821,30500.0,1.17,35685.0,1.177,,0.158401,
161119.SZ,20260821,6400.0,1.803,11539.2,1.803,,0.0755975,
159937.SZ,20260821,155200.0,9.274,1439324.8,9.209,,0.18,
159935.SZ,20260821,0.0,,0.0,2.472,,0.0,
159934.SZ,20260821,317243.0,9.714,3081698.502,9.644,,0.303941,
159933.SZ,20260821,0.0,,0.0,2.84,,0.0,
159931.SZ,20260821,0.0,,0.0,1.833,,0.0,
159930.SZ,20260821,20000.0,1.747,34940.0,1.738,,0.041205,
159929.SZ,20260821,780600.0,1.387,1082692.2,1.409,,1.06401,
159928.SZ,20260821,432700.0,0.669,289476.3,0.669,,0.0883,
159925.SZ,20260821,5300.0,4.72,25016.0,4.724,,0.0239212,
159923.SZ,20260821,0.0,,0.0,2.173,,0.0,
159922.SZ,20260821,53400.0,3.174,169491.6,3.19,,0.0480953,
159920.SZ,20260821,380100.0,1.514,575471.4,1.516,,0.232359,
159919.SZ,20260821,71800.0,4.85,348230.0,4.857,,0.0500227,
159918.SZ,20260821,0.0,,0.0,2.474,,0.0,
159916.SZ,20260821,0.0,,0.0,5.127,,0.0,
159915.SZ,20260821,12522506.0,3.502,43853816.012,3.512,,0.743438,
159913.SZ,20260821,0.0,,0.0,2.465,,0.0,
159912.SZ,20260821,0.0,,0.0,1.93,,0.0,
159910.SZ,20260821,0.0,,0.0,2.368,,0.0,
159909.SZ,20260821,2000.0,1.308,2616.0,1.313,,0.0393307,
159908.SZ,20260821,9600.0,3.263,31324.8,3.274,,0.0281992,
159907.SZ,20260821,13100.0,1.052,13781.2,1.064,,0.174836,
159906.SZ,20260821,10000.0,1.701,17010.0,1.709,,0.056059,
159905.SZ,20260821,17100.0,1.683,28779.3,1.687,,0.0794427,
159903.SZ,20260821,224800.0,1.7,382160.0,1.708,,0.513067,
159902.SZ,20260821,4900.0,4.561,22348.9,4.572,,0.210131,
159901.SZ,20260821,85800.0,3.614,310081.2,3.623,,0.0882015,
159899.SZ,20260821,133000.0,0.702,93366.0,0.707,,0.31069,
159936.SZ,20260821,0.0,,0.0,1.912,,0.0,
159938.SZ,20260821,514200.0,0.676,347599.2,0.687,,0.664334,
159896.SZ,20260821,0.0,,0.0,1.273,,0.0,
159939.SZ,20260821,5000.0,1.093,5465.0,1.096,,0.0193066,
159976.SZ,20260821,0.0,,0.0,1.286,,0.0,
159975.SZ,20260821,0.0,,0.0,0.763,,0.0,
159974.SZ,20260821,0.0,,0.0,1.763,,0.0,
159973.SZ,20260821,0.0,,0.0,1.955,,0.0,
159972.SZ,20260821,600.0,119.805,71883.0,119.796,,0.00497894,
159971.SZ,20260821,204300.0,1.214,248020.2,1.22,,0.214362,
159970.SZ,20260821,0.0,,0.0,1.036,,0.0,
159968.SZ,20260821,0.0,,0.0,10.3,,0.0,
159967.SZ,20260821,5131800.0,0.794,4074649.2,0.794,,0.514082,
159966.SZ,20260821,0.0,,0.0,0.547,,0.0,
159965.SZ,20260821,0.0,,0.0,1.621,,0.0,
159964.SZ,20260821,0.0,,0.0,2.295,,0.0,
159961.SZ,20260821,0.0,,0.0,2.224,,0.0,
159960.SZ,20260821,0.0,,0.0,0.878,,0.0,
159959.SZ,20260821,0.0,,0.0,1.618,,0.0,
159958.SZ,20260821,0.0,,0.0,2.121,,0.0,
159957.SZ,20260821,173200.0,2.289,396454.8,2.301,,0.185671,
159956.SZ,20260821,0.0,,0.0,2.226,,0.0,
159954.SZ,20260821,10600.0,0.939,9953.4,0.939,,0.6101,
159952.SZ,20260821,784800.0,2.12,1663776.0,2.134,,0.212899,
159949.SZ,20260821,5260900.0,1.643,8643658.7,1.643,,0.515625,
159948.SZ,20260821,1600.0,3.86,6176.0,3.877,,0.00569982,
159945.SZ,20260821,700.0,1.377,963.9,1.39,,0.0156962,
159944.SZ,20260821,0.0,,0.0,1.501,,0.0,
159943.SZ,20260821,45500.0,1.535,69842.5,1.545,,0.177558,
159941.SZ,20260821,0.0,,0.0,1.647,,0.0,
159940.SZ,20260821,0.0,,0.0,1.198,,0.0,
159898.SZ,20260821,64500.0,0.501,32314.5,0.508,,0.181413,
159895.SZ,20260821,0.0,,0.0,1.367,,0.0,
159980.SZ,20260821,520100.0,2.141,1113534.1,2.13,,0.327751,
159855.SZ,20260821,87700.0,0.715,62705.5,0.719,,0.609974,
159851.SZ,20260821,972000.0,0.602,585144.0,0.602,,0.254672,
159850.SZ,20260821,0.0,,0.0,0.829,,0.0,
159849.SZ,20260821,25800.0,0.533,13751.4,0.549,,0.518676,
159848.SZ,20260821,11500.0,0.845,9717.5,0.848,,0.297958,
159847.SZ,20260821,922700.0,0.423,390302.1,0.43,,1.03936,
159845.SZ,20260821,679200.0,3.138,2131329.6,3.16,,0.105429,
159843.SZ,20260821,91700.0,0.542,49701.4,0.546,,0.734851,
159842.SZ,20260821,475200.0,1.009,479476.8,1.01,,0.16207,
159841.SZ,20260821,502000.0,0.964,483928.0,0.963,,0.181682,
159840.SZ,20260821,676500.0,0.763,516169.5,0.765,,0.87911,
159839.SZ,20260821,5465400.0,0.395,2158833.0,0.406,,2.98854,
159838.SZ,20260821,52200.0,0.609,31789.8,0.619,,0.66999,
159837.SZ,20260821,1894700.0,0.534,1011769.8,0.545,,1.95621,
159836.SZ,20260821,20000.0,1.278,25560.0,1.284,,0.844181,
159835.SZ,20260821,440500.0,0.712,313636.0,0.725,,1.14776,
159834.SZ,20260821,27900.0,9.718,271132.2,9.65,,0.174792,
159831.SZ,20260821,9200.0,9.38,86296.0,9.317,,0.061961,
159830.SZ,20260821,15600.0,9.703,151366.8,9.645,,0.227234,
159828.SZ,20260821,1407300.0,0.442,622026.6,0.447,,0.841119,
159827.SZ,20260821,600.0,0.792,475.2,0.791,,0.0144735,
159825.SZ,20260821,441700.0,0.73,322441.0,0.732,,0.224759,
159824.SZ,20260821,0.0,,0.0,1.085,,0.0,
159822.SZ,20260821,178700.0,0.605,108113.5,0.604,,1.88056,
159821.SZ,20260821,100.0,1.316,131.6,1.318,,0.00543892,
159820.SZ,20260821,0.0,,0.0,1.365,,0.0,
159819.SZ,20260821,519700.0,1.722,894923.4,1.73,,0.148839,
159816.SZ,20260821,0.0,,0.0,114.0,,0.0,
159852.SZ,20260821,2763100.0,0.674,1862329.4,0.679,,0.279104,
159856.SZ,20260821,200.0,0.593,118.6,0.593,,0.00650466,
159892.SZ,20260821,5915400.0,0.817,4832881.8,0.826,,0.579686,
159857.SZ,20260821,220100.0,0.725,159572.5,0.727,,0.244431,
159891.SZ,20260821,338700.0,0.392,132770.4,0.397,,1.05158,
159890.SZ,20260821,11400.0,1.695,19323.0,1.711,,0.0710319,
159889.SZ,20260821,1100.0,0.878,965.8,0.876,,0.0851209,
159888.SZ,20260821,0.0,,0.0,1.013,,0.0,
159887.SZ,20260821,318900.0,1.336,426050.4,1.34,,0.352092,
159886.SZ,20260821,5000.0,0.91,4550.0,0.916,,0.128454,
159885.SZ,20260821,0.0,,0.0,0.718,,0.0,
159883.SZ,20260821,2366900.0,0.45,1065105.0,0.456,,1.00482,
159881.SZ,20260821,20600.0,0.923,19013.8,0.921,,0.145506,
159880.SZ,20260821,81800.0,0.968,79182.4,0.968,,0.225708,
159877.SZ,20260821,100.0,0.527,52.7,0.528,,0.000871913,
159876.SZ,20260821,71800.0,0.983,70579.4,0.983,,0.0703351,
159875.SZ,20260821,298800.0,0.59,176292.0,0.593,,0.289445,
159873.SZ,20260821,106600.0,0.537,57244.2,0.544,,0.464447,
159872.SZ,20260821,0.0,,0.0,0.826,,0.0,
159871.SZ,20260821,235200.0,0.97,228144.0,0.962,,0.603375,
159870.SZ,20260821,776200.0,0.806,625617.2,0.807,,0.220544,
159869.SZ,20260821,1648400.0,1.076,1773678.4,1.08,,0.30896,
159867.SZ,20260821,82700.0,0.547,45236.9,0.55,,0.106128,
159866.SZ,20260821,1100100.0,1.664,1830566.4,1.686,,0.637539,
159865.SZ,20260821,1739500.0,0.538,935851.0,0.541,,0.417857,
159864.SZ,20260821,10000.0,0.555,5550.0,0.556,,0.0517857,
159863.SZ,20260821,77600.0,0.565,43844.0,0.571,,1.27327,
159862.SZ,20260821,20200.0,0.548,11069.6,0.548,,0.472336,
159861.SZ,20260821,0.0,,0.0,1.037,,0.0,
159859.SZ,20260821,12173160.0,0.425,5173593.0,0.435,,1.75634,
159858.SZ,20260821,1092500.0,0.731,798617.5,0.755,,1.6482,
159977.SZ,20260821,123400.0,1.812,223600.8,1.823,,0.0877635,
159981.SZ,20260821,460600.0,1.571,723602.6,1.564,,0.228403,
159501.SZ,20260821,0.0,,0.0,2.091,,0.0,
160919.SZ,20260821,0.0,,0.0,3.631,,0.0,
160916.SZ,20260821,0.0,,0.0,4.68,,0.0,
160910.SZ,20260821,0.0,,0.0,0.935,,0.0,
160813.SZ,20260821,0.0,,0.0,1.855,,0.0,
160812.SZ,20260821,300.0,2.46,738.0,2.42,,0.705534,
160807.SZ,20260821,0.0,,0.0,1.902,,0.0,
160806.SZ,20260821,0.0,,0.0,2.11,,0.0,
160805.SZ,20260821,0.0,,0.0,0.749,,0.0,
160726.SZ,20260821,0.0,,0.0,1.206,,0.0,
160723.SZ,20260821,1579969.0,2.115,3341634.435,2.077,,0.575461,
160722.SZ,20260821,0.0,,0.0,2.24,,0.0,
160719.SZ,20260821,54560.0,1.995,108847.2,1.98,,1.17424,
160717.SZ,20260821,0.0,,0.0,0.732,,0.0,
160716.SZ,20260821,0.0,,0.0,2.058,,0.0,
160706.SZ,20260821,100.0,1.188,118.8,1.189,,0.007219,
160644.SZ,20260821,432700.0,1.732,749436.4,1.746,,0.414521,
160643.SZ,20260821,0.0,,0.0,1.143,,0.0,
160642.SZ,20260821,200.0,2.568,513.6,2.669,,4.23298,
160641.SZ,20260821,0.0,,0.0,106.24,,0.0,
160639.SZ,20260821,0.0,,0.0,0.838,,0.0,
160638.SZ,20260821,0.0,,0.0,3.038,,0.0,
160637.SZ,20260821,700.0,1.611,1127.7,1.643,,0.795628,
160635.SZ,20260821,0.0,,0.0,0.94,,0.0,
160633.SZ,20260821,0.0,,0.0,1.048,,0.0,
160632.SZ,20260821,10100.0,0.266,2686.6,0.267,,0.121237,
160631.SZ,20260821,0.0,,0.0,1.373,,0.0,
160630.SZ,20260821,0.0,,0.0,0.951,,0.0,
160629.SZ,20260821,0.0,,0.0,1.029,,0.0,
160918.SZ,20260821,0.0,,0.0,2.605,,0.0,
160921.SZ,20260821,0.0,,0.0,1.4,,0.0,
160626.SZ,20260821,200.0,1.61,322.0,1.61,,0.230288,
160924.SZ,20260821,100.0,1.019,101.9,1.021,,0.0835905,
161117.SZ,20260821,0.0,,0.0,1.041,,0.0,
161116.SZ,20260821,402300.0,1.668,671036.4,1.653,,3.02042,
161115.SZ,20260821,15400.0,1.755,27027.0,1.756,,1.05858,
161040.SZ,20260821,0.0,,0.0,2.18,,0.0,
161039.SZ,20260821,100.0,2.632,263.2,2.663,,0.203825,
161038.SZ,20260821,0.0,,0.0,1.638,,0.0,
161037.SZ,20260821,0.0,,0.0,2.839,,0.0,
161036.SZ,20260821,0.0,,0.0,0.64,,0.0,
161035.SZ,20260821,0.0,,0.0,1.37,,0.0,
161033.SZ,20260821,0.0,,0.0,1.71,,0.0,
161032.SZ,20260821,0.0,,0.0,2.306,,0.0,
161031.SZ,20260821,0.0,,0.0,1.51,,0.0,
161030.SZ,20260821,0.0,,0.0,1.022,,0.0,
161029.SZ,20260821,0.0,,0.0,1.785,,0.0,
161028.SZ,20260821,0.0,,0.0,1.02,,0.0,
161027.SZ,20260821,0.0,,0.0,1.011,,0.0,
161026.SZ,20260821,0.0,,0.0,1.2,,0.0,
161025.SZ,20260821,0.0,,0.0,1.419,,0.0,
161024.SZ,20260821,1100.0,1.077,1184.7,1.076,,0.104219,
161019.SZ,20260821,0.0,,0.0,1.223,,0.0,
161017.SZ,20260821,0.0,,0.0,2.56,,0.0,
161015.SZ,20260821,0.0,,0.0,1.309,,0.0,
161014.SZ,20260821,0.0,,0.0,1.468,,0.0,
161010.SZ,20260821,0.0,,0.0,1.192,,0.0,
161005.SZ,20260821,20400.0,3.178,64831.2,3.178,,0.956873,
160926.SZ,20260821,0.0,,0.0,1.096,,0.0,
160925.SZ,20260821,0.0,,0.0,1.327,,0.0,
160628.SZ,20260821,0.0,,0.0,0.494,,0.0,
160625.SZ,20260821,0.0,,0.0,0.824,,0.0,
159982.SZ,20260821,0.0,,0.0,2.119,,0.0,
160222.SZ,20260821,0.0,,0.0,0.667,,0.0,
160220.SZ,20260821,25000.0,4.783,119575.0,4.702,,7.7715,
160219.SZ,20260821,0.0,,0.0,0.602,,0.0,
160218.SZ,20260821,0.0,,0.0,0.58,,0.0,
160216.SZ,20260821,35300.0,0.654,23086.2,0.649,,1.08358,
160215.SZ,20260821,0.0,,0.0,3.697,,0.0,
160212.SZ,20260821,574.0,3.434,1971.116,3.547,,0.89084,
160211.SZ,20260821,0.0,,0.0,2.631,,0.0,
160143.SZ,20260821,0.0,,0.0,1.612,,0.0,
160142.SZ,20260821,0.0,,0.0,1.07,,0.0,
160140.SZ,20260821,15500.0,1.454,22537.0,1.455,,0.435034,
160135.SZ,20260821,0.0,,0.0,0.997,,0.0,
160133.SZ,20260821,0.0,,0.0,4.397,,0.0,
160128.SZ,20260821,0.0,,0.0,1.026,,0.0,
160127.SZ,20260821,0.0,,0.0,0.862,,0.0,
160125.SZ,20260821,0.0,,0.0,1.579,,0.0,
160119.SZ,20260821,0.0,,0.0,2.22,,0.0,
160106.SZ,20260821,0.0,,0.0,1.6,,0.0,
160105.SZ,20260821,4700.0,1.3,6110.0,1.315,,13.8215,
159998.SZ,20260821,43700.0,0.962,42039.4,0.969,,0.0354693,
159997.SZ,20260821,20900.0,2.073,43325.7,2.079,,0.0411833,
159996.SZ,20260821,26700.0,1.418,37860.6,1.418,,0.0432535,
159995.SZ,20260821,5833400.0,1.152,6720076.8,1.151,,0.707583,
159994.SZ,20260821,416500.0,1.252,521458.0,1.254,,0.211211,
159993.SZ,20260821,118100.0,1.149,135696.9,1.148,,0.159507,
159992.SZ,20260821,27735865.0,0.914,25350580.61,0.935,,1.92208,
159991.SZ,20260821,100.0,0.823,82.3,0.827,,0.00189917,
159985.SZ,20260821,367900.0,2.201,809747.9,2.212,,0.22287,
160221.SZ,20260821,1100.0,2.299,2528.9,2.278,,0.220027,
160223.SZ,20260821,0.0,,0.0,1.942,,0.0,
160622.SZ,20260821,0.0,,0.0,1.145,,0.0,
160225.SZ,20260821,0.0,,0.0,1.776,,0.0,
160621.SZ,20260821,0.0,,0.0,1.392,,0.0,
160620.SZ,20260821,0.0,,0.0,2.851,,0.0,
160618.SZ,20260821,0.0,,0.0,1.635,,0.0,
160617.SZ,20260821,0.0,,0.0,1.115,,,
160616.SZ,20260821,0.0,,0.0,2.314,,0.0,
160615.SZ,20260821,0.0,,0.0,1.397,,0.0,
160613.SZ,20260821,0.0,,0.0,1.21,,0.0,
160611.SZ,20260821,0.0,,0.0,1.29,,0.0,
160610.SZ,20260821,0.0,,0.0,1.29,,0.0,
160607.SZ,20260821,0.0,,0.0,0.874,,0.0,
160529.SZ,20260821,0.0,,0.0,1.482,,0.0,
160527.SZ,20260821,0.0,,0.0,0.843,,0.0,
160526.SZ,20260821,0.0,,0.0,1.32,,0.0,
160518.SZ,20260821,0.0,,0.0,2.651,,0.0,
160515.SZ,20260821,0.0,,0.0,1.034,,0.0,
160513.SZ,20260821,0.0,,0.0,2.214,,0.0,
160512.SZ,20260821,0.0,,0.0,2.876,,0.0,
160505.SZ,20260821,0.0,,0.0,1.099,,0.0,
160421.SZ,20260821,700.0,1.655,1158.5,1.603,,0.802855,
160416.SZ,20260821,25000.0,2.205,55125.0,2.191,,0.444431,
160326.SZ,20260821,0.0,,0.0,0.917,,0.0,
160325.SZ,20260821,0.0,,0.0,1.686,,0.0,
160324.SZ,20260821,200.0,3.225,645.0,3.263,,0.0167947,
160323.SZ,20260821,100.0,1.757,175.7,1.757,,0.0106443,
160322.SZ,20260821,0.0,,0.0,1.071,,0.0,
160314.SZ,20260821,0.0,,0.0,1.371,,0.0,
160311.SZ,20260821,0.0,,0.0,1.44,,0.0,
159814.SZ,20260821,3700.0,0.721,2667.7,0.724,,0.00543792,
159813.SZ,20260821,2075300.0,0.735,1525345.5,0.737,,0.409196,
159812.SZ,20260821,300.0,9.242,2772.6,9.19,,0.0103463,
159610.SZ,20260821,0.0,,0.0,1.275,,0.0,
159608.SZ,20260821,439600.0,1.086,477405.6,1.084,,0.424781,
159607.SZ,20260821,445600.0,0.823,366728.8,0.826,,0.36559,
159606.SZ,20260821,0.0,,0.0,1.358,,0.0,
159605.SZ,20260821,638900.0,0.829,529648.1,0.83,,0.246731,
159603.SZ,20260821,1200.0,1.693,2031.6,1.693,,0.0144019,
159602.SZ,20260821,0.0,,0.0,1.091,,0.0,
159601.SZ,20260821,23000.0,1.131,26013.0,1.125,,0.0311875,
159600.SZ,20260821,0.0,,0.0,101.626,,0.0,
159599.SZ,20260821,309700.0,2.798,866540.6,2.8,,0.411697,
159597.SZ,20260821,540400.0,0.799,431779.6,0.807,,1.13089,
159596.SZ,20260821,0.0,,0.0,0.655,,0.0,
159595.SZ,20260821,4500.0,1.372,6174.0,1.38,,0.00602982,
159593.SZ,20260821,10000.0,1.367,13670.0,1.369,,0.0216383,
159592.SZ,20260821,0.0,,0.0,1.354,,0.0,
159591.SZ,20260821,0.0,,0.0,1.39,,0.0,
159590.SZ,20260821,161900.0,0.874,141500.6,0.883,,0.240833,
159589.SZ,20260821,390900.0,1.097,428817.3,1.103,,3.86118,
159588.SZ,20260821,800.0,1.258,1006.4,1.258,,0.0043328,
159587.SZ,20260821,246400.0,1.183,291491.2,1.203,,0.33762,
159586.SZ,20260821,7100.0,1.039,7376.9,1.042,,0.0666465,
159583.SZ,20260821,724700.0,1.64,1188508.0,1.648,,0.200277,
159582.SZ,20260821,413600.0,0.766,316817.6,0.772,,0.258244,
159581.SZ,20260821,132100.0,1.066,140818.6,1.067,,0.58375,
159578.SZ,20260821,0.0,,0.0,1.188,,0.0,
159577.SZ,20260821,294900.0,1.615,476263.5,1.637,,0.692379,
159576.SZ,20260821,4900.0,1.55,7595.0,1.55,,0.154515,
159575.SZ,20260821,0.0,,0.0,1.407,,0.0,
159609.SZ,20260821,5100.0,0.495,2524.5,0.497,,0.0379095,
159611.SZ,20260821,1080600.0,1.027,1109776.2,1.029,,0.263829,
159572.SZ,20260821,10800.0,1.44,15552.0,1.453,,0.101721,
159612.SZ,20260821,30000.0,2.039,61170.0,2.063,,0.133397,
159643.SZ,20260821,3216900.0,0.574,1846500.6,0.613,,5.18532,
159642.SZ,20260821,0.0,,0.0,0.942,,0.0,
159641.SZ,20260821,0.0,,0.0,0.995,,0.0,
159640.SZ,20260821,0.0,,0.0,0.936,,0.0,
159639.SZ,20260821,300.0,0.96,288.0,0.958,,0.00671792,
159638.SZ,20260821,48400.0,0.812,39300.8,0.812,,0.0966192,
159637.SZ,20260821,3500.0,0.812,2842.0,0.812,,0.0210027,
159636.SZ,20260821,946000.0,0.541,511786.0,0.542,,0.218534,
159635.SZ,20260821,100.0,0.993,99.3,0.993,,0.000367873,
159633.SZ,20260821,150000.0,3.232,484800.0,3.247,,0.0510525,
159632.SZ,20260821,1041300.0,2.423,2523069.9,2.452,,0.906243,
159631.SZ,20260821,0.0,,0.0,1.249,,0.0,
159630.SZ,20260821,0.0,,0.0,1.368,,0.0,
159629.SZ,20260821,73900.0,3.149,232711.1,3.168,,0.0353217,
159628.SZ,20260821,32900.0,1.378,45336.2,1.384,,0.0474653,
159627.SZ,20260821,0.0,,0.0,1.301,,0.0,
159625.SZ,20260821,6600.0,1.182,7801.2,1.187,,0.0239887,
159623.SZ,20260821,0.0,,0.0,0.977,,0.0,
159622.SZ,20260821,10882600.0,1.21,13167946.0,1.25,,8.24745,
159621.SZ,20260821,0.0,,0.0,1.16,,0.0,
159620.SZ,20260821,0.0,,0.0,1.278,,0.0,
159619.SZ,20260821,100.0,0.937,93.7,0.936,,0.00339352,
159618.SZ,20260821,0.0,,0.0,0.668,,0.0,
159617.SZ,20260821,0.0,,0.0,1.374,,0.0,
159616.SZ,20260821,300.0,0.797,239.1,0.796,,0.00202053,
159615.SZ,20260821,83700.0,1.171,98012.7,1.186,,0.0710602,
159613.SZ,20260821,14600.0,0.858,12526.8,0.862,,0.118931,
159573.SZ,20260821,0.0,,0.0,1.452,,0.0,
159571.SZ,20260821,0.0,,0.0,1.442,,0.0,
159811.SZ,20260821,15900.0,2.934,46650.6,2.938,,0.19388,
159536.SZ,20260821,16800.0,1.367,22965.6,1.374,,0.148662,
159533.SZ,20260821,0.0,,0.0,1.913,,0.0,
159532.SZ,20260821,30800.0,1.617,49803.6,1.621,,0.10648,
159531.SZ,20260821,729600.0,1.431,1044057.6,1.439,,0.51636,
159530.SZ,20260821,2712200.0,1.312,3558406.4,1.32,,0.356798,
159529.SZ,20260821,473400.0,1.29,610686.0,1.305,,1.35682,
159528.SZ,20260821,100.0,1.238,123.8,1.238,,0.034715,
159527.SZ,20260821,44600.0,0.703,31353.8,0.709,,0.15088,
159526.SZ,20260821,201200.0,1.407,283088.4,1.416,,0.85939,
159525.SZ,20260821,22400.0,1.098,24595.2,1.101,,0.116399,
159523.SZ,20260821,100.0,1.265,126.5,1.265,,0.00141108,
159521.SZ,20260821,0.0,,0.0,1.259,,0.0,
159520.SZ,20260821,0.0,,0.0,0.924,,0.0,
159519.SZ,20260821,0.0,,0.0,1.772,,0.0,
159518.SZ,20260821,2196700.0,1.265,2778825.5,1.254,,0.697125,
159517.SZ,20260821,0.0,,0.0,1.35,,0.0,
159516.SZ,20260821,16704245.0,0.727,12143986.115,0.733,,0.284225,
159515.SZ,20260821,2100.0,1.202,2524.2,1.202,,0.122538,
159513.SZ,20260821,273300.0,1.781,486747.3,1.803,,0.2495,
159512.SZ,20260821,207500.0,1.038,215385.0,1.05,,1.30561,
159511.SZ,20260821,13900.0,2.381,33095.9,2.381,,0.155512,
159510.SZ,20260821,100.0,1.256,125.6,1.256,,0.00338194,
159509.SZ,20260821,0.0,,0.0,2.792,,0.0,
159508.SZ,20260821,201100.0,0.862,173348.2,0.898,,1.05938,
159507.SZ,20260821,473900.0,0.867,410871.3,0.867,,0.605363,
159506.SZ,20260821,1018200.0,1.32,1344024.0,1.342,,0.21176,
159505.SZ,20260821,2200.0,1.573,3460.6,1.592,,0.0843842,
159502.SZ,20260821,3454300.0,1.625,5613237.5,1.688,,2.19043,
159535.SZ,20260821,100.0,1.477,147.7,1.478,,0.0014563,
159537.SZ,20260821,40300.0,0.88,35464.0,0.888,,0.595386,
159570.SZ,20260821,5049794.0,1.486,7503993.884,1.509,,0.295514,
159538.SZ,20260821,6000.0,0.894,5364.0,0.896,,0.0399017,
159569.SZ,20260821,144000.0,1.416,203904.0,1.418,,0.220385,
159568.SZ,20260821,257400.0,1.168,300643.2,1.171,,0.370419,
159567.SZ,20260821,5127200.0,0.721,3696711.2,0.73,,0.318124,
159566.SZ,20260821,105100.0,1.829,192227.9,1.83,,0.0596169,
159565.SZ,20260821,300.0,1.281,384.3,1.281,,0.00139438,
159563.SZ,20260821,0.0,,0.0,1.821,,0.0,
159562.SZ,20260821,1148000.0,2.405,2760940.0,2.37,,0.825556,
159561.SZ,20260821,708600.0,1.365,967239.0,1.374,,0.881285,
159560.SZ,20260821,29400.0,2.275,66885.0,2.285,,0.249183,
159559.SZ,20260821,141000.0,1.187,167367.0,1.195,,0.128646,
159558.SZ,20260821,5232500.0,1.145,5991212.5,1.15,,0.292288,
159557.SZ,20260821,44200.0,1.51,66742.0,1.523,,0.0654751,
159556.SZ,20260821,0.0,,0.0,1.21,,0.0,
159555.SZ,20260821,0.0,,0.0,1.736,,0.0,
159553.SZ,20260821,0.0,,0.0,1.807,,0.0,
159552.SZ,20260821,244700.0,2.214,541765.8,2.236,,0.289711,
159551.SZ,20260821,29300.0,1.239,36302.7,1.24,,0.143113,
159550.SZ,20260821,39400.0,0.809,31874.6,0.812,,0.645982,
159549.SZ,20260821,9000.0,1.19,10710.0,1.194,,0.152151,
159547.SZ,20260821,5800.0,1.207,7000.6,1.207,,0.00486335,
159546.SZ,20260821,133900.0,0.764,102299.6,0.768,,0.192627,
159545.SZ,20260821,178000.0,1.328,236384.0,1.331,,0.265116,
159543.SZ,20260821,0.0,,0.0,1.481,,0.0,
159542.SZ,20260821,0.0,,0.0,1.33,,0.0,
159541.SZ,20260821,0.0,,0.0,1.545,,0.0,
159540.SZ,20260821,0.0,,0.0,1.907,,0.0,
159539.SZ,20260821,10400.0,1.8,18720.0,1.769,,0.47399,
159645.SZ,20260821,1285500.0,0.649,834289.5,0.682,,10.2953,
159647.SZ,20260821,163300.0,0.913,149092.9,0.922,,0.585517,
159649.SZ,20260821,0.0,,0.0,110.292,,0.0,
159770.SZ,20260821,240100.0,0.982,235778.2,0.988,,0.132566,
159767.SZ,20260821,10400.0,0.768,7987.2,0.771,,0.241235,
159766.SZ,20260821,1543600.0,0.558,861328.8,0.56,,0.758663,
159763.SZ,20260821,0.0,,0.0,0.734,,0.0,
159761.SZ,20260821,300.0,0.811,243.3,0.811,,0.00298242,
159760.SZ,20260821,9100.0,0.609,5541.9,0.618,,0.350156,
159758.SZ,20260821,5700.0,1.14,6498.0,1.143,,0.0180336,
159757.SZ,20260821,0.0,,0.0,0.79,,0.0,
159755.SZ,20260821,895500.0,0.945,846247.5,0.947,,0.248378,
159752.SZ,20260821,1700.0,0.611,1038.7,0.611,,0.0292803,
159751.SZ,20260821,101100.0,0.906,91596.6,0.909,,0.318108,
159750.SZ,20260821,51300.0,0.885,45400.5,0.89,,0.0981156,
159748.SZ,20260821,2628000.0,0.865,2273220.0,0.887,,2.25417,
159747.SZ,20260821,5600.0,1.202,6731.2,1.205,,0.0225173,
159745.SZ,20260821,540900.0,0.528,285595.2,0.534,,0.637061,
159743.SZ,20260821,0.0,,0.0,1.39,,0.0,
159742.SZ,20260821,1310500.0,0.601,787610.5,0.604,,0.682486,
159741.SZ,20260821,241100.0,0.588,141766.8,0.59,,0.195675,
159740.SZ,20260821,8091100.0,0.586,4741384.6,0.589,,0.595873,
159739.SZ,20260821,306300.0,0.782,239526.6,0.792,,1.11937,
159738.SZ,20260821,100.0,2.04,204.0,2.04,,0.000740883,
159736.SZ,20260821,63100.0,0.593,37418.3,0.596,,0.199044,
159735.SZ,20260821,199500.0,0.681,135859.5,0.683,,0.846914,
159732.SZ,20260821,121100.0,1.36,164696.0,1.369,,0.0387263,
159731.SZ,20260821,1300.0,0.944,1227.2,0.943,,0.00261313,
159730.SZ,20260821,0.0,,0.0,1.025,,0.0,
159729.SZ,20260821,0.0,,0.0,0.706,,0.0,
159728.SZ,20260821,6200.0,0.764,4736.8,0.768,,0.0768659,
159768.SZ,20260821,306300.0,0.441,135078.3,0.446,,0.306821,
159773.SZ,20260821,100.0,1.317,131.7,1.323,,0.00198214,
159650.SZ,20260821,200.0,107.958,21591.6,107.948,,0.00317544,
159775.SZ,20260821,100.0,0.786,78.6,0.787,,0.000398943,
159810.SZ,20260821,11100.0,1.4,15540.0,1.406,,0.288462,
159808.SZ,20260821,0.0,,0.0,1.36,,0.0,
159807.SZ,20260821,350500.0,0.907,317903.5,0.917,,0.759786,
159806.SZ,20260821,300.0,0.709,212.7,0.709,,0.00137593,
159805.SZ,20260821,85900.0,1.13,97067.0,1.139,,0.224504,
159804.SZ,20260821,0.0,,0.0,1.624,,0.0,
159801.SZ,20260821,646300.0,1.14,736782.0,1.142,,0.316359,
159800.SZ,20260821,0.0,,0.0,1.423,,0.0,
159798.SZ,20260821,69600.0,0.856,59577.6,0.859,,0.477292,
159797.SZ,20260821,40200.0,0.69,27738.0,0.697,,0.427166,
159796.SZ,20260821,449400.0,0.852,382888.8,0.857,,0.171269,
159795.SZ,20260821,0.0,,0.0,0.865,,0.0,
159793.SZ,20260821,500.0,0.784,392.0,0.79,,0.0321052,
159792.SZ,20260821,17327100.0,0.593,10274970.3,0.597,,0.559417,
159791.SZ,20260821,0.0,,0.0,1.105,,0.0,
159790.SZ,20260821,2500.0,0.709,1772.5,0.711,,0.00659013,
159788.SZ,20260821,2300.0,1.243,2858.9,1.241,,0.0398347,
159787.SZ,20260821,0.0,,0.0,0.591,,0.0,
159786.SZ,20260821,43300.0,1.142,49448.6,1.142,,0.410386,
159783.SZ,20260821,149500.0,1.1,164450.0,1.1,,0.0857017,
159782.SZ,20260821,22200.0,1.093,24264.6,1.096,,0.0652283,
159781.SZ,20260821,424900.0,1.09,463141.0,1.095,,0.0910434,
159780.SZ,20260821,270700.0,1.088,294521.6,1.096,,0.171753,
159779.SZ,20260821,500.0,1.427,713.5,1.428,,0.00768769,
159778.SZ,20260821,0.0,,0.0,1.194,,0.0,
159777.SZ,20260821,0.0,,0.0,1.248,,0.0,
159776.SZ,20260821,9000.0,1.243,11187.0,1.242,,0.0315051,
159726.SZ,20260821,2000.0,1.375,2750.0,1.367,,0.0229652,
159725.SZ,20260821,20100.0,0.749,15054.9,0.758,,0.223971,
159723.SZ,20260821,0.0,,0.0,1.09,,0.0,
159721.SZ,20260821,0.0,,0.0,1.058,,0.0,
159681.SZ,20260821,215400.0,1.615,347871.0,1.619,,0.327272,
159680.SZ,20260821,273200.0,1.668,455697.6,1.67,,0.33916,
159679.SZ,20260821,0.0,,0.0,1.266,,0.0,
159678.SZ,20260821,0.0,,0.0,1.549,,0.0,
159677.SZ,20260821,1000.0,1.437,1437.0,1.441,,0.0183986,
159676.SZ,20260821,2800.0,1.609,4505.2,1.619,,0.0222914,
159675.SZ,20260821,0.0,,0.0,1.436,,0.0,
159673.SZ,20260821,900.0,1.282,1153.8,1.283,,0.0020089,
159672.SZ,20260821,200.0,0.632,126.4,0.634,,0.00353157,
159671.SZ,20260821,28000.0,1.33,37240.0,1.33,,0.0991474,
159670.SZ,20260821,0.0,,0.0,0.868,,0.0,
159669.SZ,20260821,800.0,1.093,874.4,1.093,,0.0228753,
159667.SZ,20260821,827100.0,0.656,542577.6,0.66,,0.241881,
159666.SZ,20260821,15700.0,0.982,15417.4,0.98,,0.0676159,
159665.SZ,20260821,20500.0,2.414,49487.0,2.429,,0.0823815,
159663.SZ,20260821,27900.0,0.979,27314.1,0.99,,0.0337494,
159662.SZ,20260821,0.0,,0.0,0.98,,0.0,
159661.SZ,20260821,0.0,,0.0,1.429,,0.0,
159660.SZ,20260821,473000.0,2.34,1106820.0,2.37,,1.01054,
159659.SZ,20260821,962600.0,2.32,2233232.0,2.349,,1.06601,
159658.SZ,20260821,300.0,1.716,514.8,1.716,,0.00677997,
159657.SZ,20260821,1950985.0,0.63,1229120.55,0.66,,11.7369,
159656.SZ,20260821,0.0,,0.0,1.213,,0.0,
159655.SZ,20260821,619400.0,1.978,1225173.2,2.002,,0.685284,
159653.SZ,20260821,0.0,,0.0,1.191,,0.0,
159652.SZ,20260821,256500.0,1.649,422968.5,1.636,,0.257976,
159651.SZ,20260821,0.0,,0.0,108.032,,0.0,
159682.SZ,20260821,140200.0,1.596,223759.2,1.6,,0.0784689,
159685.SZ,20260821,0.0,,0.0,1.459,,0.0,
159686.SZ,20260821,0.0,,0.0,1.287,,0.0,
159706.SZ,20260821,0.0,,0.0,0.932,,0.0,
159720.SZ,20260821,0.0,,0.0,0.715,,0.0,
159719.SZ,20260821,0.0,,0.0,1.595,,0.0,
159718.SZ,20260821,70700.0,0.931,65821.7,0.931,,0.194975,
159717.SZ,20260821,0.0,,0.0,1.043,,0.0,
159716.SZ,20260821,0.0,,0.0,1.121,,0.0,
159715.SZ,20260821,72600.0,1.166,84651.6,1.172,,0.135948,
159713.SZ,20260821,161000.0,1.26,202860.0,1.27,,0.339832,
159712.SZ,20260821,0.0,,0.0,1.256,,0.0,
159711.SZ,20260821,1000.0,1.346,1346.0,1.356,,0.00306989,
159709.SZ,20260821,0.0,,0.0,1.693,,0.0,
159708.SZ,20260821,0.0,,0.0,0.815,,0.0,
159707.SZ,20260821,388200.0,0.494,191770.8,0.498,,0.249302,
159703.SZ,20260821,0.0,,0.0,0.913,,0.0,
159687.SZ,20260821,809300.0,1.82,1472926.0,1.83,,0.908353,
159701.SZ,20260821,0.0,,0.0,1.245,,0.0,
159700.SZ,20260821,0.0,,0.0,101.65,,0.0,
159699.SZ,20260821,115800.0,0.908,105146.4,0.912,,0.731952,
159698.SZ,20260821,1836800.0,0.919,1688019.2,0.931,,0.880643,
159697.SZ,20260821,23400.0,1.333,31192.2,1.33,,0.066257,
159696.SZ,20260821,140500.0,2.018,283529.0,2.033,,0.33115,
159695.SZ,20260821,124300.0,0.942,117090.6,0.948,,0.167568,
159692.SZ,20260821,213200.0,1.187,253068.4,1.188,,0.273183,
159691.SZ,20260821,47200.0,1.213,57253.6,1.212,,0.0488499,
159690.SZ,20260821,800.0,1.985,1588.0,1.964,,0.00582667,
159689.SZ,20260821,100.0,0.637,63.7,0.637,,0.00304344,
159688.SZ,20260821,390800.0,0.78,304824.0,0.784,,0.316192,
123076.SZ,20260821,340.0,125.001,42500.34,125.166,,,
123072.SZ,20260821,0.0,,0.0,119.69,,,
123071.SZ,20260821,30.0,114.644,3439.32,114.628,,,
002334.SZ,20260821,34100.0,6.39,217899.0,6.45,0.00463938,0.31463,73501.2
002332.SZ,20260821,50400.0,8.53,429912.0,8.61,0.00511897,0.41028,98457.4
002331.SZ,20260821,22700.0,6.89,156403.0,6.89,0.00564566,0.28509,40207.9
002330.SZ,20260821,14400.0,4.07,58608.0,4.11,0.00226718,0.0498108,63514.9
002329.SZ,20260821,1158100.0,3.52,4076512.0,3.51,0.177734,0.636866,65159.3
002328.SZ,20260821,37400.0,7.05,263670.0,7.1,0.00655352,0.160504,57068.6
002327.SZ,20260821,3500.0,6.58,23030.0,6.63,0.000712855,0.0943126,49098.3
002326.SZ,20260821,249900.0,20.0,4998000.0,20.16,0.0307846,0.517797,81176.9
002324.SZ,20260821,24700.0,8.88,219336.0,8.91,0.00318186,0.158587,77627.6
002323.SZ,20260821,807000.0,1.27,1024890.0,1.27,0.0380572,2.77287,212049.0
002322.SZ,20260821,121700.0,11.68,1421456.0,11.79,0.0346348,0.403388,35138.1
002321.SZ,20260821,55200.0,2.03,112056.0,2.04,0.00259903,0.139777,212387.0
002320.SZ,20260821,37700.0,6.48,244296.0,6.49,0.0016862,0.253196,223580.0
002319.SZ,20260821,86500.0,11.2,968800.0,11.2,0.0412942,0.831129,20947.3
002318.SZ,20260821,12600.0,19.28,242928.0,19.28,0.00132072,0.171272,95402.5
002317.SZ,20260821,303800.0,26.65,8096270.0,27.39,0.0398888,0.752931,76161.7
002316.SZ,20260821,74700.0,4.42,330174.0,4.44,0.0219232,0.765691,34073.5
002315.SZ,20260821,55400.0,25.19,1395526.0,25.37,0.0210716,0.705045,26291.3
002314.SZ,20260821,52600.0,2.14,112564.0,2.16,0.00393029,0.246007,133832.0
002313.SZ,20260821,730400.0,8.55,6244920.0,8.78,0.195096,7.25072,37437.9
002312.SZ,20260821,16900.0,8.21,138749.0,8.27,0.000896725,0.0723721,188464.0
002311.SZ,20260821,19700.0,46.3,912110.0,46.4,0.00119102,0.283131,165404.0
002310.SZ,20260821,220300.0,2.3,506690.0,2.32,0.00500795,0.219267,439901.0
002309.SZ,20260821,494700.0,2.96,1464312.0,2.99,0.02056,0.331592,240613.0
002307.SZ,20260821,45900.0,2.89,132651.0,2.91,0.00281747,0.236603,162912.0
002306.SZ,20260821,82300.0,1.95,160485.0,1.95,0.0101269,1.14983,81268.9
002305.SZ,20260821,120000.0,2.09,250800.0,2.11,0.00692,0.782789,173410.0
002304.SZ,20260821,14800.0,39.41,583268.0,39.41,0.000982469,0.281901,150641.0
002333.SZ,20260821,2137400.0,5.46,11670204.0,5.71,0.320686,12.3013,66650.9
002335.SZ,20260821,52700.0,29.69,1564663.0,29.92,0.00798806,0.226462,65973.5
002302.SZ,20260821,16500.0,4.66,76890.0,4.7,0.00130708,0.213996,126235.0
002337.SZ,20260821,7300.0,4.62,33726.0,4.62,0.0012415,0.101635,58799.7
002366.SZ,20260821,74000.0,5.62,415880.0,5.63,0.00399923,0.183726,185036.0
002365.SZ,20260821,3445100.0,15.93,54880443.0,15.76,1.40451,8.37909,24528.8
002364.SZ,20260821,177600.0,39.1,6944160.0,39.73,0.031822,0.331218,55810.4
002363.SZ,20260821,16400.0,6.43,105452.0,6.43,0.0039446,0.39207,41575.8
002362.SZ,20260821,600.0,15.6,9360.0,15.74,0.000289026,0.0230876,20759.4
002361.SZ,20260821,2278900.0,10.27,23404303.0,10.25,0.281687,1.68587,80901.9
002360.SZ,20260821,3000.0,5.43,16290.0,5.41,0.000921603,0.0852893,32552.0
002358.SZ,20260821,12900.0,5.28,68112.0,5.31,0.00138746,0.0882564,92975.6
002357.SZ,20260821,21700.0,10.8,234360.0,10.86,0.00692234,0.136655,31347.8
002356.SZ,20260821,47600.0,2.7,128520.0,2.71,0.00363013,0.241314,131125.0
002355.SZ,20260821,23500.0,4.77,112095.0,4.83,0.00380156,0.105036,61816.7
002354.SZ,20260821,1116500.0,7.26,8105790.0,7.29,0.0686784,0.469292,162569.0
002353.SZ,20260821,63800.0,152.47,9727586.0,153.25,0.00923205,0.272063,69107.0
002352.SZ,20260821,33250.0,32.75,1088937.5,32.84,0.000692836,0.17834,479912.0
002351.SZ,20260821,34600.0,10.01,346346.0,10.08,0.00655997,0.410458,52744.2
002350.SZ,20260821,23100.0,14.49,334719.0,14.55,0.00435396,0.22977,53055.1
002349.SZ,20260821,147600.0,7.1,1047960.0,7.2,0.0181286,0.752998,81418.1
002348.SZ,20260821,16600.0,11.27,187082.0,11.31,0.00183723,0.0741393,90353.3
002347.SZ,20260821,13900.0,5.9,82010.0,5.92,0.00281728,0.0684508,49338.3
002346.SZ,20260821,266478.0,23.11,6158306.58,23.67,0.0603471,1.45574,44157.5
002345.SZ,20260821,261700.0,10.18,2664106.0,10.17,0.0301766,0.980692,86722.9
002344.SZ,20260821,23200.0,3.88,90016.0,3.9,0.0018107,0.206905,128127.0
002343.SZ,20260821,428200.0,5.03,2153846.0,5.09,0.0903985,3.80999,47368.0
002342.SZ,20260821,157500.0,7.41,1167075.0,7.41,0.0164975,0.338648,95469.0
002340.SZ,20260821,258300.0,6.46,1668618.0,6.46,0.00508867,0.359834,507598.0
002339.SZ,20260821,22500.0,7.1,159750.0,7.1,0.00470003,0.215569,47872.0
002338.SZ,20260821,7200.0,42.6,306720.0,42.8,0.003,0.122241,24000.0
002303.SZ,20260821,237300.0,4.65,1103445.0,4.61,0.0245428,0.5181,96688.1
002301.SZ,20260821,7500.0,7.42,55650.0,7.46,0.00104458,0.0523463,71798.9
002368.SZ,20260821,25800.0,13.9,358620.0,14.02,0.00415983,0.223551,62021.8
002268.SZ,20260821,7200.0,13.57,97704.0,13.56,0.000851814,0.0893365,84525.4
002266.SZ,20260821,231300.0,4.8,1110240.0,4.82,0.00477637,0.372764,484259.0
002265.SZ,20260821,25200.0,18.47,465444.0,18.67,0.0024394,0.148225,103304.0
002264.SZ,20260821,60200.0,6.58,396116.0,6.65,0.00924862,0.266614,65090.8
002263.SZ,20260821,115800.0,2.94,340452.0,2.96,0.006165,0.311793,187835.0
002262.SZ,20260821,61500.0,22.54,1386210.0,22.79,0.00695877,0.428244,88377.6
002261.SZ,20260821,119800.0,25.44,3047712.0,25.67,0.0104528,0.187271,114611.0
002259.SZ,20260821,200200.0,3.76,752752.0,3.76,0.0266107,1.29416,75232.8
002258.SZ,20260821,95300.0,14.68,1399004.0,14.81,0.0119252,0.263731,79914.9
002256.SZ,20260821,150900.0,3.31,499479.0,3.34,0.00749126,0.247199,201435.0
002255.SZ,20260821,36900.0,7.76,286344.0,7.78,0.0057842,0.269855,63794.5
002254.SZ,20260821,31399.0,12.11,380241.89,12.18,0.00369151,0.164428,85057.3
002253.SZ,20260821,2700.0,9.48,25596.0,9.5,0.00128603,0.0742087,20994.9
002252.SZ,20260821,363700.0,4.99,1814863.0,5.03,0.00552043,0.718106,658826.0
002251.SZ,20260821,218800.0,3.61,789868.0,3.64,0.00984489,0.208505,222247.0
002250.SZ,20260821,54500.0,15.85,863825.0,16.11,0.00608955,0.363744,89497.6
002249.SZ,20260821,68400.0,7.01,479484.0,7.03,0.00366997,0.179861,186378.0
002248.SZ,20260821,929700.0,9.81,9120357.0,10.08,0.302346,1.33074,30749.6
002247.SZ,20260821,295300.0,2.38,702814.0,2.39,0.0458868,1.67588,64354.1
002246.SZ,20260821,99500.0,19.97,1987015.0,19.98,0.0181227,0.667579,54903.5
002245.SZ,20260821,304000.0,17.96,5459840.0,18.0,0.0188926,0.38408,160910.0
002244.SZ,20260821,362900.0,9.41,3414889.0,9.46,0.0131602,0.917182,275755.0
002243.SZ,20260821,438800.0,7.28,3194464.0,7.16,0.0365009,4.09171,120216.0
002242.SZ,20260821,61500.0,8.95,550425.0,8.99,0.0080742,0.762131,76168.6
002241.SZ,20260821,1588200.0,22.44,35639208.0,22.02,0.0504878,2.90512,314571.0
002240.SZ,20260821,128700.0,31.65,4073355.0,31.67,0.0140978,0.358654,91290.9
002239.SZ,20260821,83400.0,2.45,204330.0,2.46,0.00255346,0.171333,326615.0
002238.SZ,20260821,32800.0,6.05,198440.0,6.06,0.00408693,0.592548,80255.9
002267.SZ,20260821,21400.0,7.0,149800.0,6.97,0.00192433,0.336018,111208.0
002269.SZ,20260821,250500.0,1.43,358215.0,1.44,0.0106881,0.70507,234373.0
002300.SZ,20260821,39400.0,6.66,262404.0,6.7,0.00545484,0.154844,72229.5
002270.SZ,20260821,6600.0,19.26,127116.0,19.3,0.000736434,0.0465068,89621.1
002299.SZ,20260821,125900.0,16.25,2045875.0,16.48,0.0103315,0.994466,121860.0
002298.SZ,20260821,72200.0,7.95,573990.0,7.98,0.0109269,0.183542,66075.7
002297.SZ,20260821,282700.0,17.18,4856786.0,17.29,0.0493278,0.537276,57310.5
002296.SZ,20260821,11900.0,8.73,103887.0,8.77,0.00342529,0.166722,34741.5
002295.SZ,20260821,14300.0,8.93,127699.0,8.9,0.00571025,0.466524,25042.7
002294.SZ,20260821,186700.0,33.97,6342199.0,34.53,0.0167509,0.670599,111457.0
002293.SZ,20260821,4300.0,11.35,48805.0,11.36,0.000517923,0.0792585,83024.0
002292.SZ,20260821,76900.0,8.03,617507.0,8.09,0.00755489,0.213571,101788.0
002291.SZ,20260821,62600.0,5.19,324894.0,5.24,0.00720264,0.24678,86912.5
002290.SZ,20260821,178739.0,67.89,12134590.71,65.59,0.0722683,2.23568,24732.7
002289.SZ,20260821,47300.0,41.5,1962950.0,41.5,0.0172356,0.69612,27443.1
002287.SZ,20260821,18200.0,20.45,372190.0,20.67,0.0031877,0.629063,57094.5
002286.SZ,20260821,84200.0,8.18,688756.0,8.3,0.0227759,0.817955,36969.0
002285.SZ,20260821,1072600.0,2.17,2327542.0,2.16,0.0543023,1.98649,197524.0
002284.SZ,20260821,215300.0,9.46,2036738.0,9.55,0.029405,0.582009,73218.8
002283.SZ,20260821,20400.0,8.78,179112.0,8.83,0.00203425,0.0932904,100283.0
002282.SZ,20260821,25700.0,5.96,153172.0,5.96,0.00508906,0.654904,50500.5
002281.SZ,20260821,98000.0,173.26,16979480.0,173.15,0.0124677,0.24964,78603.0
002279.SZ,20260821,140400.0,6.32,887328.0,6.33,0.0176493,0.189169,79549.9
002278.SZ,20260821,17400.0,7.96,138504.0,8.0,0.00484948,0.156263,35880.1
002277.SZ,20260821,94300.0,5.65,532795.0,5.69,0.00676387,0.660128,139417.0
002276.SZ,20260821,43400.0,10.1,438340.0,10.16,0.00430847,0.276579,100732.0
002275.SZ,20260821,25416.0,13.5,343116.0,13.62,0.00456217,0.992801,55710.3
002274.SZ,20260821,577200.0,5.9,3405480.0,5.92,0.0615451,2.91184,93784.9
002273.SZ,20260821,107800.0,26.99,2909522.0,27.13,0.00789118,0.227001,136608.0
002272.SZ,20260821,55400.0,14.31,792774.0,14.44,0.013574,0.161462,40813.3
002271.SZ,20260821,360500.0,11.28,4066440.0,11.37,0.0184808,0.579612,195067.0
002367.SZ,20260821,8000.0,5.36,42880.0,5.37,0.00100683,0.0700696,79457.6
002369.SZ,20260821,89600.0,5.6,501760.0,5.68,0.0158247,0.445331,56620.4
123065.SZ,20260821,3160.0,115.31,364379.6,115.361,,,
002468.SZ,20260821,58000.0,14.37,833460.0,14.39,0.00392877,0.355978,147629.0
002466.SZ,20260821,129400.0,45.9,5939460.0,46.03,0.00876858,0.34469,147572.0
002465.SZ,20260821,282400.0,9.71,2742104.0,9.8,0.0113968,0.544089,247789.0
002463.SZ,20260821,110300.0,113.67,12537801.0,114.32,0.00573639,0.274559,192281.0
002462.SZ,20260821,10300.0,12.26,126278.0,12.34,0.00353381,0.255104,29147.0
002461.SZ,20260821,2900.0,8.7,25230.0,8.74,0.000131024,0.0627502,221333.0
002460.SZ,20260821,103200.0,51.15,5278680.0,51.27,0.00852035,0.335251,121122.0
002459.SZ,20260821,72800.0,7.24,527072.0,7.3,0.00220154,0.225471,330678.0
002458.SZ,20260821,232000.0,9.15,2122800.0,9.24,0.024007,0.405533,96638.6
002457.SZ,20260821,60800.0,10.53,640224.0,10.52,0.0182434,0.37507,33327.0
002456.SZ,20260821,289400.0,6.77,1959238.0,6.83,0.00872313,0.365132,331762.0
002455.SZ,20260821,38500.0,7.1,273350.0,7.16,0.00582617,0.134946,66081.2
002454.SZ,20260821,41700.0,4.94,205998.0,4.95,0.00475293,0.432393,87735.4
002453.SZ,20260821,10000.0,4.39,43900.0,4.39,0.00165934,0.0823595,60265.0
002452.SZ,20260821,17600.0,11.07,194832.0,11.16,0.00341584,0.152054,51524.6
002451.SZ,20260821,36100.0,7.22,260642.0,7.24,0.00822044,0.539484,43914.9
002449.SZ,20260821,29400.0,6.4,188160.0,6.43,0.00475361,0.365933,61847.7
002448.SZ,20260821,350400.0,12.42,4351968.0,12.36,0.0603608,0.992223,58050.9
002446.SZ,20260821,72200.0,8.41,607202.0,8.52,0.00851639,0.219129,84777.7
002445.SZ,20260821,0.0,,0.0,3.06,,0.0,
002444.SZ,20260821,11500.0,30.35,349025.0,30.51,0.00100285,0.149556,114673.0
002443.SZ,20260821,165700.0,9.38,1554266.0,9.47,0.0318326,0.60541,52053.6
002442.SZ,20260821,33600.0,4.91,164976.0,4.95,0.00683607,0.470925,49151.1
002441.SZ,20260821,14300.0,7.8,111540.0,7.81,0.00358797,0.328422,39855.4
002440.SZ,20260821,144100.0,12.54,1807014.0,12.54,0.0152268,0.347071,94635.9
002439.SZ,20260821,40000.0,13.23,529200.0,13.31,0.00548999,0.201616,72859.9
002438.SZ,20260821,11200.0,13.77,154224.0,13.91,0.00238867,0.136249,46888.1
002437.SZ,20260821,27354756.0,4.7,128567353.2,4.73,1.30251,3.80901,210015.0
002467.SZ,20260821,87400.0,4.49,392426.0,4.53,0.00639446,0.110289,136681.0
002469.SZ,20260821,217600.0,6.08,1323008.0,6.03,0.0346275,1.52962,62840.3
002434.SZ,20260821,24600.0,5.78,142188.0,5.78,0.00187597,0.14618,131132.0
002470.SZ,20260821,433100.0,1.91,827221.0,1.92,0.0131812,0.309898,328574.0
002500.SZ,20260821,43700.0,5.21,227677.0,5.22,0.00121735,0.28846,358977.0
002498.SZ,20260821,277400.0,6.22,1725428.0,6.22,0.00833835,0.307433,332680.0
002497.SZ,20260821,123300.0,18.5,2281050.0,18.6,0.0116366,0.371304,105959.0
002496.SZ,20260821,103800.0,2.11,219018.0,2.09,0.00878693,0.423027,118130.0
002495.SZ,20260821,22600.0,2.39,54014.0,2.4,0.00325687,0.121545,69391.8
002494.SZ,20260821,59800.0,4.85,290030.0,4.85,0.0208529,0.798048,28677.0
002493.SZ,20260821,131800.0,13.57,1788526.0,13.53,0.00141143,0.217615,933807.0
002492.SZ,20260821,27300.0,5.49,149877.0,5.49,0.00686215,0.518273,39783.5
002491.SZ,20260821,7999342.0,20.06,160466800.52,19.27,0.679945,3.59222,117647.0
002490.SZ,20260821,544200.0,8.0,4353600.0,7.85,0.100457,0.901117,54172.2
002489.SZ,20260821,48900.0,2.71,132519.0,2.72,0.00255614,0.20096,191304.0
002488.SZ,20260821,96900.0,8.19,793611.0,8.19,0.0105316,0.421699,92008.4
002487.SZ,20260821,38500.0,38.75,1491875.0,39.19,0.0061022,0.219654,63092.0
002486.SZ,20260821,383200.0,2.55,977160.0,2.56,0.0467068,0.957846,82043.8
002485.SZ,20260821,29900.0,5.93,177307.0,5.98,0.00549632,1.1995,54400.0
002484.SZ,20260821,205500.0,59.7,12268350.0,59.97,0.0250466,0.35953,82047.0
002483.SZ,20260821,30400.0,5.46,165984.0,5.47,0.00343406,0.138686,88525.1
002482.SZ,20260821,421900.0,1.27,535813.0,1.28,0.0112696,0.868745,374371.0
002481.SZ,20260821,15700.0,4.18,65626.0,4.22,0.0014041,0.101785,111815.0
002480.SZ,20260821,73700.0,5.36,395032.0,5.4,0.00960276,1.09703,76748.8
002479.SZ,20260821,232400.0,5.81,1350244.0,5.79,0.026927,1.22526,86307.3
002478.SZ,20260821,103500.0,6.3,652050.0,6.35,0.0143208,0.445255,72272.4
002476.SZ,20260821,34700.0,4.87,168989.0,4.9,0.00566993,0.212841,61200.0
002475.SZ,20260821,198500.0,52.98,10516530.0,53.34,0.00270987,0.18397,732508.0
002474.SZ,20260821,77900.0,6.06,472074.0,6.14,0.0147306,0.150183,52883.2
002472.SZ,20260821,215700.0,35.5,7657350.0,35.92,0.028814,0.80803,74859.5
002471.SZ,20260821,363000.0,5.19,1883970.0,5.21,0.0270079,0.524968,134405.0
002436.SZ,20260821,408800.0,33.5,13694800.0,33.81,0.0269314,0.328848,151793.0
002432.SZ,20260821,245900.0,69.01,16969559.0,69.66,0.0528508,1.09753,46527.2
002370.SZ,20260821,506100.0,5.72,2894892.0,5.83,0.0678762,0.793375,74562.2
002399.SZ,20260821,1223000.0,11.51,14076730.0,11.28,0.0980595,18.1449,124720.0
002397.SZ,20260821,122600.0,3.51,430326.0,3.55,0.0189242,0.636446,64784.8
002396.SZ,20260821,448298.0,30.6,13717918.8,30.15,0.0591879,0.437388,75741.5
002395.SZ,20260821,6200.0,12.21,75702.0,12.28,0.00231183,0.20869,26818.6
002394.SZ,20260821,12300.0,9.61,118203.0,9.59,0.00380662,0.34809,32312.1
002393.SZ,20260821,95860.0,14.84,1422562.4,15.1,0.0319302,2.31969,30021.7
002392.SZ,20260821,22000.0,7.36,161920.0,7.41,0.00190057,0.147673,115755.0
002391.SZ,20260821,17200.0,5.13,88236.0,5.17,0.00370611,0.185755,46409.8
002390.SZ,20260821,213700.0,3.12,666744.0,3.16,0.0110852,0.635964,192779.0
002389.SZ,20260821,29900.0,17.57,525343.0,17.61,0.00303627,0.195943,98476.1
002388.SZ,20260821,44600.0,5.86,261356.0,5.93,0.00881034,0.107527,50622.3
002387.SZ,20260821,518400.0,7.1,3680640.0,7.24,0.0371623,3.06843,139496.0
002386.SZ,20260821,63200.0,5.76,364032.0,5.76,0.00485629,0.559529,130140.0
002385.SZ,20260821,1766400.0,3.31,5846784.0,3.41,0.0495399,0.836345,356561.0
002384.SZ,20260821,213300.0,198.08,42250464.0,197.67,0.015386,0.345346,138632.0
002383.SZ,20260821,500.0,6.84,3420.0,6.82,6.75347e-05,0.00557446,74036.0
002382.SZ,20260821,38800.0,5.96,231248.0,6.01,0.00388859,0.273327,99779.2
002381.SZ,20260821,13900.0,5.49,76311.0,5.5,0.00431642,0.341682,32202.7
002380.SZ,20260821,3200.0,27.0,86400.0,27.22,0.00225029,0.0751198,14220.4
002379.SZ,20260821,324543.0,17.65,5728183.95,17.6,0.0285595,0.57703,113637.0
002378.SZ,20260821,73700.0,25.2,1857240.0,25.2,0.00616674,0.236071,119512.0
002377.SZ,20260821,73200.0,2.69,196908.0,2.69,0.00839043,0.353298,87242.3
002376.SZ,20260821,68700.0,6.75,463725.0,6.75,0.0087242,0.294367,78746.5
002375.SZ,20260821,45900.0,3.63,166617.0,3.65,0.00346312,0.336024,132539.0
002374.SZ,20260821,23900.0,3.05,72895.0,3.05,0.00220234,0.154869,108521.0
002373.SZ,20260821,56600.0,7.58,429028.0,7.6,0.00410861,0.352204,137759.0
002372.SZ,20260821,50000.0,8.51,425500.0,8.5,0.00340111,0.465671,147011.0
002371.SZ,20260821,25200.0,712.0,17942400.0,712.55,0.00347534,0.303161,72511.0
002398.SZ,20260821,13900.0,4.1,56990.0,4.12,0.00231767,0.139266,59974.1
002400.SZ,20260821,780100.0,6.41,5000441.0,6.48,0.0451927,0.535677,172616.0
002431.SZ,20260821,94900.0,1.34,127166.0,1.35,0.00526519,0.473783,180240.0
002401.SZ,20260821,0.0,,0.0,12.13,0.0,0.0,37135.0
002430.SZ,20260821,59300.0,22.87,1356191.0,22.87,0.00606378,0.474424,97793.8
002429.SZ,20260821,1152000.0,8.05,9273600.0,8.32,0.0254623,1.58079,452433.0
002428.SZ,20260821,380200.0,103.0,39160600.0,103.56,0.0582204,0.407376,65303.6
002427.SZ,20260821,1090400.0,4.57,4983128.0,4.61,0.110755,5.06061,98451.8
002426.SZ,20260821,364100.0,2.56,932096.0,2.59,0.0107006,0.401499,340260.0
002425.SZ,20260821,123200.0,3.04,374528.0,3.08,0.0133886,0.227348,92018.6
002424.SZ,20260821,10900.0,4.51,49159.0,4.52,0.000946281,0.147736,115188.0
002423.SZ,20260821,46500.0,9.03,419895.0,9.05,0.00201814,0.361836,230411.0
002422.SZ,20260821,284600.0,45.9,13063140.0,47.15,0.0219157,0.861729,129861.0
002421.SZ,20260821,1010500.0,3.06,3092130.0,3.1,0.0496268,0.442816,203620.0
002420.SZ,20260821,30200.0,5.77,174254.0,5.83,0.00746219,0.377651,40470.7
002419.SZ,20260821,5900.0,4.65,27435.0,4.67,0.000516982,0.0453247,114124.0
002418.SZ,20260821,213700.0,3.51,750087.0,3.56,0.018805,0.208449,113640.0
002416.SZ,20260821,287400.0,9.56,2747544.0,9.41,0.0234822,1.63376,122390.0
002415.SZ,20260821,168500.0,33.92,5715520.0,34.07,0.00186268,0.245588,904609.0
002414.SZ,20260821,146100.0,13.0,1899300.0,13.09,0.00429881,0.251618,339861.0
002413.SZ,20260821,270200.0,7.64,2064328.0,7.71,0.0208579,0.501702,129543.0
002412.SZ,20260821,7148148.0,10.19,72839628.12,9.26,1.43582,28.3017,49784.5
002410.SZ,20260821,32100.0,9.05,290505.0,9.11,0.00204443,0.129659,157012.0
002409.SZ,20260821,89200.0,137.89,12299788.0,138.38,0.0280043,0.340443,31852.3
002408.SZ,20260821,51300.0,5.21,267273.0,5.23,0.00186472,0.182417,275109.0
002407.SZ,20260821,528300.0,35.48,18744084.0,36.01,0.0488751,0.296938,108092.0
002406.SZ,20260821,12700.0,6.56,83312.0,6.6,0.0022591,0.110617,56217.1
002405.SZ,20260821,129100.0,6.3,813330.0,6.33,0.00548019,0.346355,235576.0
002404.SZ,20260821,15600.0,6.09,95004.0,6.1,0.00342448,0.227397,45554.3
002403.SZ,20260821,7800.0,9.37,73086.0,9.44,0.00262484,0.205378,29716.1
002402.SZ,20260821,196800.0,18.91,3721488.0,19.01,0.0240446,0.629837,81847.9
002237.SZ,20260821,261500.0,15.11,3951265.0,15.0,0.0219314,0.870822,119236.0
002236.SZ,20260821,304500.0,16.03,4881135.0,16.14,0.0127345,0.633178,239114.0
002235.SZ,20260821,176800.0,8.69,1536392.0,8.71,0.0319377,0.304177,55357.8
002073.SZ,20260821,771400.0,5.89,4543546.0,5.7,0.0760741,5.89282,101401.0
002069.SZ,20260821,27800.0,3.45,95910.0,3.47,0.0039143,0.19673,71021.6
002068.SZ,20260821,101400.0,7.6,770640.0,7.62,0.0137963,0.429344,73497.9
002067.SZ,20260821,195400.0,3.97,775738.0,4.02,0.0146082,0.275873,133760.0
002066.SZ,20260821,0.0,,0.0,21.48,0.0,0.0,23100.0
002065.SZ,20260821,96000.0,6.85,657600.0,6.9,0.00330133,0.174992,290792.0
002064.SZ,20260821,177000.0,11.7,2070900.0,11.81,0.00357432,0.374209,495199.0
002063.SZ,20260821,25100.0,5.31,133281.0,5.33,0.00141875,0.113,176916.0
002062.SZ,20260821,24400.0,7.73,188612.0,7.83,0.00216947,0.0895317,112470.0
002061.SZ,20260821,20200.0,3.5,70700.0,3.51,0.000777181,0.138732,259914.0
002060.SZ,20260821,112600.0,3.24,364824.0,3.25,0.00720495,0.894828,156281.0
002059.SZ,20260821,22000.0,4.47,98340.0,4.49,0.00223794,0.33307,98304.6
002058.SZ,20260821,12100.0,16.0,193600.0,16.16,0.00845515,0.468945,14310.8
002057.SZ,20260821,98600.0,8.54,842044.0,8.53,0.0130888,0.630748,75331.4
002056.SZ,20260821,76300.0,21.38,1631294.0,21.48,0.00469533,0.269934,162502.0
002055.SZ,20260821,228100.0,5.77,1316137.0,5.87,0.0384013,2.08239,59399.0
002054.SZ,20260821,39300.0,7.18,282174.0,7.23,0.010234,0.503535,38401.2
002053.SZ,20260821,19700.0,9.16,180452.0,9.17,0.00213962,0.156819,92072.3
002052.SZ,20260821,20200.0,8.36,168872.0,8.35,0.00293014,0.1714,68938.7
002051.SZ,20260821,80200.0,8.29,664858.0,8.33,0.0065394,0.370271,122641.0
002050.SZ,20260821,146300.0,35.98,5263874.0,36.14,0.00396365,0.232744,369104.0
002049.SZ,20260821,68300.0,62.51,4269433.0,62.81,0.00810086,0.250009,84312.0
002048.SZ,20260821,104700.0,18.85,1973595.0,19.0,0.0147846,0.497693,70817.0
002047.SZ,20260821,564700.0,3.1,1750570.0,3.14,0.0372454,0.600083,151616.0
002046.SZ,20260821,34900.0,47.29,1650421.0,48.0,0.0065827,0.224392,53017.8
002045.SZ,20260821,67900.0,8.29,562891.0,8.28,0.0120878,0.424922,56172.5
002044.SZ,20260821,1058500.0,4.71,4985535.0,4.81,0.0273216,0.954856,387423.0
002043.SZ,20260821,54600.0,13.48,736008.0,13.6,0.00677331,0.314751,80610.6
002072.SZ,20260821,11500.0,7.23,83145.0,7.26,0.00312898,0.232969,36753.2
002074.SZ,20260821,25600.0,26.31,673536.0,26.42,0.00147403,0.131058,173674.0
002041.SZ,20260821,441800.0,9.71,4289878.0,10.18,0.0502045,0.80943,88000.0
002075.SZ,20260821,72000.0,3.64,262080.0,3.65,0.00328194,0.256626,219382.0
002104.SZ,20260821,522800.0,10.06,5259368.0,10.01,0.0871767,1.38315,59970.2
002103.SZ,20260821,6200.0,6.53,40486.0,6.58,0.00159738,0.10376,38813.6
002102.SZ,20260821,88400.0,2.2,194480.0,2.19,0.00415033,0.901056,212995.0
002101.SZ,20260821,43600.0,8.65,377140.0,8.61,0.00658399,1.08058,66221.2
002100.SZ,20260821,26700.0,7.16,191172.0,7.17,0.00195568,0.138864,136525.0
002099.SZ,20260821,165800.0,5.43,900294.0,5.48,0.0102545,0.871406,161684.0
002098.SZ,20260821,11400.0,7.09,80826.0,7.1,0.00318436,0.194827,35800.0
002097.SZ,20260821,23200.0,7.1,164720.0,7.1,0.00216291,0.123722,107263.0
002096.SZ,20260821,6900.0,9.28,64032.0,9.28,0.000556255,0.118991,124044.0
002095.SZ,20260821,8300.0,14.03,116449.0,14.23,0.00329747,0.422435,25170.8
002094.SZ,20260821,9700.0,4.61,44717.0,4.65,0.00140487,0.0765035,69045.4
002093.SZ,20260821,12300.0,6.61,81303.0,6.63,0.00122084,0.109736,100750.0
002092.SZ,20260821,116100.0,4.42,513162.0,4.45,0.00450762,0.249936,257564.0
002091.SZ,20260821,43100.0,7.77,334887.0,7.78,0.00268976,0.31795,160237.0
002090.SZ,20260821,7000.0,9.1,63700.0,9.13,0.00175796,0.0937011,39818.9
002088.SZ,20260821,24500.0,8.21,201145.0,8.21,0.00484224,0.33059,50596.5
002086.SZ,20260821,329100.0,1.99,654909.0,2.01,0.0208122,0.229378,158129.0
002085.SZ,20260821,40300.0,10.16,409448.0,10.23,0.00189799,0.191705,212330.0
002084.SZ,20260821,0.0,,0.0,3.59,,0.0,
002083.SZ,20260821,174500.0,10.31,1799095.0,10.42,0.0184401,0.264107,94630.8
002082.SZ,20260821,37000.0,9.77,361490.0,9.97,0.00651583,0.306452,56784.8
002081.SZ,20260821,4697100.0,5.44,25552224.0,5.55,0.177635,0.897766,264424.0
002080.SZ,20260821,137600.0,53.0,7292800.0,53.59,0.00819963,0.252382,167812.0
002079.SZ,20260821,67300.0,9.48,638004.0,9.54,0.0082971,0.233134,81112.6
002078.SZ,20260821,33900.0,13.93,472227.0,14.04,0.00122093,0.27937,277658.0
002077.SZ,20260821,51700.0,12.16,628672.0,12.27,0.00890844,0.222921,58034.9
002076.SZ,20260821,68200.0,2.06,140492.0,2.07,0.00654341,0.242212,104227.0
002042.SZ,20260821,56700.0,3.75,212625.0,3.77,0.00333396,0.259116,170068.0
002040.SZ,20260821,700700.0,8.77,6145139.0,9.12,0.144155,3.53794,48607.5
002234.SZ,20260821,17000.0,7.83,133110.0,7.83,0.00564018,0.272621,30140.9
002007.SZ,20260821,1309500.0,13.37,17508015.0,13.54,0.0832198,7.72415,157354.0
002005.SZ,20260821,45100.0,2.4,108240.0,2.4,0.00257424,0.215423,175197.0
002004.SZ,20260821,1195000.0,4.63,5532850.0,4.56,0.0633835,3.85263,188535.0
002003.SZ,20260821,9000.0,10.48,94320.0,10.52,0.000880539,0.0635675,102210.0
002001.SZ,20260821,171800.0,28.0,4810400.0,28.25,0.00565717,0.423117,303685.0
001979.SZ,20260821,290000.0,7.61,2206900.0,7.64,0.00326955,0.430003,886971.0
001965.SZ,20260821,38800.0,9.16,355408.0,9.17,0.000571,0.265482,679510.0
001914.SZ,20260821,19800.0,8.84,175032.0,8.89,0.00187906,0.243132,105372.0
001896.SZ,20260821,114700.0,11.71,1343137.0,11.82,0.00751746,0.146269,152578.0
001872.SZ,20260821,4400.0,22.9,100760.0,22.89,0.000191117,0.170568,230225.0
001696.SZ,20260821,207200.0,15.19,3147368.0,15.39,0.0232447,0.315993,89138.5
001400.SZ,20260821,51400.0,78.1,4014340.0,82.25,0.11118,1.47608,4623.15
001399.SZ,20260821,137900.0,22.8,3144120.0,23.03,0.0320276,0.276438,43056.7
001396.SZ,20260821,300.0,33.2,9960.0,33.2,0.00132057,0.045437,2271.74
001395.SZ,20260821,71300.0,29.7,2117610.0,29.21,0.134526,5.5691,5300.1
001393.SZ,20260821,4800.0,42.09,202032.0,42.25,0.00999164,0.205162,4804.02
001391.SZ,20260821,169000.0,4.12,696280.0,4.13,0.0111231,0.777111,151935.0
001390.SZ,20260821,2500.0,17.55,43875.0,17.55,0.00210474,0.202212,11877.9
001389.SZ,20260821,18200.0,152.8,2780960.0,152.87,0.0119456,0.240987,15235.7
001388.SZ,20260821,62400.0,21.2,1322880.0,21.47,0.0498727,0.938415,12511.9
001387.SZ,20260821,11300.0,12.05,136165.0,12.15,0.00970002,0.493398,11649.5
001386.SZ,20260821,11100.0,15.59,173049.0,15.55,0.0103215,0.163563,10754.3
001382.SZ,20260821,6500.0,16.75,108875.0,16.89,0.0103175,0.316189,6300.0
001380.SZ,20260821,4600.0,16.56,76176.0,16.51,0.00197652,0.273528,23273.2
001379.SZ,20260821,13300.0,16.35,217455.0,16.51,0.0197629,0.623567,6729.77
001378.SZ,20260821,26400.0,19.9,525360.0,20.08,0.0313015,0.504958,8434.09
001376.SZ,20260821,31300.0,10.2,319260.0,10.34,0.0146233,0.220582,21404.2
001373.SZ,20260821,8400.0,28.13,236292.0,28.35,0.0200188,0.620972,4196.05
002006.SZ,20260821,29700.0,13.13,389961.0,13.26,0.00571502,0.443356,51968.3
002008.SZ,20260821,146789.0,91.0,13357799.0,91.56,0.0153428,0.299921,95672.7
002039.SZ,20260821,107300.0,18.91,2029043.0,19.02,0.0250961,2.12931,42755.7
002009.SZ,20260821,34600.0,16.41,567786.0,16.48,0.0097727,0.261919,35404.8
002038.SZ,20260821,6739453.0,7.08,47715327.24,6.44,0.791098,24.1655,85191.1
002037.SZ,20260821,32100.0,6.7,215070.0,6.78,0.00663383,0.529569,48388.4
002036.SZ,20260821,394600.0,6.55,2584630.0,6.66,0.0373863,0.968525,105547.0
002035.SZ,20260821,63200.0,4.85,306520.0,4.89,0.00808145,0.382339,78203.8
002034.SZ,20260821,6600.0,13.78,90948.0,13.83,0.00128268,0.11616,51454.7
002033.SZ,20260821,26300.0,8.95,235385.0,8.96,0.00478634,0.158047,54948.0
002032.SZ,20260821,7700.0,41.38,318626.0,41.37,0.000963121,0.503415,79948.4
002031.SZ,20260821,949400.0,5.1,4841940.0,5.12,0.0496128,0.418404,191362.0
002030.SZ,20260821,1533200.0,5.84,8953888.0,5.97,0.109245,5.23767,140345.0
002029.SZ,20260821,158300.0,8.74,1383542.0,8.75,0.02379,0.693487,66540.6
002028.SZ,20260821,21800.0,172.0,3749600.0,173.63,0.00356923,0.189908,61077.5
002027.SZ,20260821,294300.0,4.95,1456785.0,4.97,0.00203778,0.151856,1444220.0
002026.SZ,20260821,100.0,10.38,1038.0,10.4,2.27018e-05,0.00216609,44049.4
002025.SZ,20260821,58900.0,60.29,3551081.0,60.78,0.0129772,0.253156,45387.1
002024.SZ,20260821,62800.0,1.18,74104.0,1.18,0.000683136,0.28995,919290.0
002023.SZ,20260821,189500.0,9.99,1893105.0,10.18,0.0258118,0.733181,73416.0
002022.SZ,20260821,484500.0,5.61,2718045.0,5.8,0.0942013,4.67193,51432.4
002021.SZ,20260821,123200.0,2.65,326480.0,2.64,0.0103058,0.49039,119544.0
002020.SZ,20260821,115900.0,13.67,1584353.0,13.85,0.016009,0.591832,72396.8
002019.SZ,20260821,139800.0,10.58,1479084.0,10.71,0.0165931,0.69745,84251.8
002017.SZ,20260821,155500.0,13.42,2086810.0,13.21,0.0268064,1.57605,58008.6
002016.SZ,20260821,23100.0,4.62,106722.0,4.61,0.00285504,0.244031,80909.6
002015.SZ,20260821,72300.0,13.91,1005693.0,14.03,0.00445382,0.108876,162332.0
002014.SZ,20260821,9200.0,10.94,100648.0,10.95,0.00150689,0.250712,61052.8
002012.SZ,20260821,44800.0,6.58,294784.0,6.61,0.00958032,0.394118,46762.5
002011.SZ,20260821,39700.0,9.91,393427.0,9.9,0.00373994,0.443079,106152.0
002010.SZ,20260821,80500.0,4.65,374325.0,4.67,0.0029195,0.568088,275732.0
002105.SZ,20260821,32500.0,5.81,188825.0,5.86,0.00891703,0.489335,36447.1
002106.SZ,20260821,43100.0,10.12,436172.0,10.21,0.00611432,0.227583,70490.2
002107.SZ,20260821,85300.0,6.33,539949.0,6.48,0.0149283,0.675074,57139.6
002202.SZ,20260821,1804500.0,19.24,34718580.0,19.84,0.0536494,0.869906,336350.0
002200.SZ,20260821,43400.0,6.7,290780.0,6.77,0.0221739,0.976611,19572.6
002199.SZ,20260821,28900.0,12.18,352002.0,12.14,0.0125145,0.434488,23093.2
002198.SZ,20260821,32700.0,3.37,110199.0,3.37,0.0064436,0.652447,50748.0
002197.SZ,20260821,51900.0,6.51,337869.0,6.57,0.0097191,0.195271,53400.0
002196.SZ,20260821,50600.0,10.27,519662.0,10.32,0.0103228,0.227388,49017.9
002195.SZ,20260821,354600.0,6.3,2233980.0,6.35,0.00631429,0.283092,561583.0
002194.SZ,20260821,117300.0,9.85,1155405.0,10.03,0.0229604,0.302346,51087.9
002193.SZ,20260821,9300.0,4.61,42873.0,4.63,0.0035535,0.183514,26171.4
002192.SZ,20260821,64200.0,65.92,4232064.0,65.92,0.0247764,0.349988,25911.8
002191.SZ,20260821,5000.0,3.69,18450.0,3.7,0.000356451,0.0412708,140272.0
002190.SZ,20260821,20600.0,22.88,471328.0,23.02,0.00574249,0.15036,35872.9
002189.SZ,20260821,1700.0,18.18,30906.0,18.18,0.000650942,0.0659084,26116.0
002188.SZ,20260821,91000.0,5.42,493220.0,5.49,0.0353586,0.732606,25736.3
002187.SZ,20260821,24700.0,5.3,130910.0,5.33,0.00352407,0.305345,70089.5
002186.SZ,20260821,7400.0,9.46,70004.0,9.47,0.00241198,0.17086,30680.2
002185.SZ,20260821,932300.0,17.25,16082175.0,17.35,0.0280589,0.315976,332265.0
002184.SZ,20260821,18000.0,9.99,179820.0,10.07,0.00748844,0.332798,24037.0
002183.SZ,20260821,234300.0,4.36,1021548.0,4.38,0.00902197,0.516261,259699.0
002182.SZ,20260821,23200.0,11.7,271440.0,11.76,0.00268051,0.166288,86550.5
002181.SZ,20260821,69300.0,8.3,575190.0,8.34,0.00610822,0.241303,113454.0
002180.SZ,20260821,17300.0,17.75,307075.0,17.82,0.00127179,0.0820351,136029.0
002179.SZ,20260821,33100.0,34.03,1126393.0,34.19,0.00157887,0.139659,209643.0
002178.SZ,20260821,98500.0,4.43,436355.0,4.48,0.0138385,0.552301,71178.3
002177.SZ,20260821,323900.0,5.62,1820318.0,5.51,0.047412,1.3477,68316.0
002176.SZ,20260821,59500.0,8.8,523600.0,8.84,0.00350049,0.10358,169976.0
002175.SZ,20260821,37000.0,2.61,96570.0,2.62,0.00289791,0.175712,127678.0
002174.SZ,20260821,72100.0,12.16,876736.0,12.3,0.00736271,0.12583,97925.9
002201.SZ,20260821,23000.0,8.0,184000.0,8.03,0.00382045,0.178377,60202.3
002203.SZ,20260821,31400.0,18.35,576190.0,18.37,0.00141944,0.163175,221214.0
002108.SZ,20260821,78300.0,4.26,333558.0,4.28,0.00475122,0.439238,164800.0
002204.SZ,20260821,41400.0,5.21,215694.0,5.21,0.00214356,0.253741,193137.0
002233.SZ,20260821,16300.0,7.07,115241.0,7.06,0.00138886,0.136427,117362.0
002232.SZ,20260821,1400.0,13.82,19348.0,13.76,0.000342677,0.0409687,40854.8
002230.SZ,20260821,219400.0,39.64,8697016.0,39.91,0.0100184,0.583873,218997.0
002229.SZ,20260821,319000.0,10.75,3429250.0,10.82,0.0646854,0.299416,49315.6
002228.SZ,20260821,109100.0,3.11,339301.0,3.11,0.00902159,0.608708,120932.0
002227.SZ,20260821,317600.0,6.55,2080280.0,6.79,0.129139,15.5426,24593.7
002226.SZ,20260821,16000.0,5.02,80320.0,5.02,0.00060402,0.0833473,264892.0
002225.SZ,20260821,97000.0,3.49,338530.0,3.51,0.00994944,0.296051,97492.9
002224.SZ,20260821,97300.0,3.64,354172.0,3.67,0.0120663,0.878765,80638.0
002223.SZ,20260821,31500.0,26.17,824355.0,26.27,0.00334291,0.332575,94229.3
002222.SZ,20260821,77000.0,63.52,4891040.0,63.59,0.0164477,0.275159,46815.2
002221.SZ,20260821,342700.0,5.73,1963671.0,5.64,0.0234583,1.50583,146089.0
002219.SZ,20260821,1586000.0,2.3,3647800.0,2.35,0.0484701,0.559587,327212.0
002218.SZ,20260821,91600.0,3.81,348996.0,3.83,0.00660096,0.24072,138768.0
002217.SZ,20260821,740600.0,1.44,1066464.0,1.45,0.010174,0.745758,727934.0
002216.SZ,20260821,18900.0,12.61,238329.0,12.68,0.00299761,0.162546,63050.2
002215.SZ,20260821,315700.0,9.35,2951795.0,9.43,0.0390688,1.04553,80806.2
002214.SZ,20260821,89100.0,14.21,1266111.0,14.35,0.0186239,0.872909,47841.7
002213.SZ,20260821,87000.0,29.21,2541270.0,29.4,0.0420863,0.750748,20671.8
002212.SZ,20260821,144900.0,6.15,891135.0,6.19,0.0124181,0.296317,116684.0
002211.SZ,20260821,33200.0,3.71,123172.0,3.74,0.00767673,0.680161,43247.6
002210.SZ,20260821,93800.0,2.21,207298.0,2.23,0.0035326,0.178821,265527.0
002209.SZ,20260821,2106200.0,13.16,27717592.0,11.96,1.33431,37.1277,15784.9
002208.SZ,20260821,123980.0,10.72,1329065.6,10.84,0.0154382,0.362762,80307.2
002207.SZ,20260821,43000.0,5.63,242090.0,5.65,0.016487,0.599166,26081.2
002206.SZ,20260821,29800.0,5.22,155556.0,5.21,0.00281938,0.482176,105697.0
002205.SZ,20260821,12400.0,10.56,130944.0,10.64,0.00667229,0.555565,18584.3
002173.SZ,20260821,550600.0,18.98,10450388.0,19.06,0.130826,1.19563,42086.5
002172.SZ,20260821,4390500.0,4.13,18132765.0,4.44,0.573816,2.61546,76514.1
002171.SZ,20260821,188900.0,9.42,1779438.0,9.52,0.0117057,0.42137,161374.0
002170.SZ,20260821,32500.0,11.17,363025.0,11.21,0.00411979,0.190854,78887.5
002137.SZ,20260821,29800.0,7.5,223500.0,7.6,0.00751654,0.141237,39645.9
002136.SZ,20260821,2200.0,11.78,25916.0,11.87,0.00102585,0.0454815,21445.6
002135.SZ,20260821,47300.0,5.82,275286.0,5.86,0.00453121,0.44572,104387.0
002134.SZ,20260821,16400.0,20.81,341284.0,21.13,0.00662204,0.252201,24765.8
002133.SZ,20260821,39600.0,2.71,107316.0,2.73,0.00514372,0.287093,76987.0
002132.SZ,20260821,162700.0,4.4,715880.0,4.46,0.0116282,0.260973,139919.0
002131.SZ,20260821,2250500.0,4.57,10284785.0,4.6,0.0384386,0.369579,585480.0
002130.SZ,20260821,46000.0,16.12,741520.0,16.28,0.00401063,0.213081,114695.0
002129.SZ,20260821,624700.0,9.49,5928403.0,9.53,0.0154644,0.448929,403960.0
002128.SZ,20260821,14800.0,26.79,396492.0,26.92,0.00066025,0.208502,224157.0
002127.SZ,20260821,526000.0,2.87,1509620.0,2.86,0.0263694,1.29812,199473.0
002126.SZ,20260821,17900.0,39.7,710630.0,39.96,0.00225115,0.113658,79514.8
002125.SZ,20260821,59600.0,12.61,751556.0,12.68,0.00946749,0.333619,62952.3
002124.SZ,20260821,603800.0,2.32,1400816.0,2.34,0.030616,0.599193,197217.0
002123.SZ,20260821,29000.0,7.8,226200.0,7.84,0.0040248,0.143078,72053.2
002122.SZ,20260821,93500.0,2.74,256190.0,2.75,0.00470388,0.479608,198772.0
002121.SZ,20260821,47400.0,4.87,230838.0,4.89,0.00335776,0.231619,141166.0
002120.SZ,20260821,148500.0,6.64,986040.0,6.67,0.00527507,0.611563,281513.0
002119.SZ,20260821,114000.0,23.12,2635680.0,23.34,0.030377,0.296436,37528.4
002117.SZ,20260821,13500.0,7.82,105570.0,7.87,0.00257857,0.236435,52354.6
002116.SZ,20260821,14200.0,7.08,100536.0,7.12,0.00257175,0.477305,55215.3
002115.SZ,20260821,475000.0,10.43,4954250.0,10.43,0.0636502,0.646612,74626.6
002114.SZ,20260821,23600.0,7.17,169212.0,7.19,0.00729767,0.383742,32339.1
002112.SZ,20260821,145000.0,15.6,2262000.0,15.85,0.0553267,0.549767,26208.0
002111.SZ,20260821,19200.0,9.38,180096.0,9.42,0.00392838,0.26306,48875.2
002110.SZ,20260821,30600.0,2.93,89658.0,2.94,0.00125974,0.137461,242908.0
002109.SZ,20260821,0.0,,0.0,2.62,0.0,0.0,127627.0
002138.SZ,20260821,108900.0,48.54,5286006.0,48.41,0.0142103,0.282817,76634.5
002139.SZ,20260821,52200.0,9.48,494856.0,9.52,0.00487354,0.28044,107109.0
002140.SZ,20260821,18000.0,9.07,163260.0,9.07,0.00254611,0.31334,70696.1
002157.SZ,20260821,481100.0,2.94,1414434.0,2.96,0.00617771,0.342116,778767.0
002169.SZ,20260821,36200.0,12.69,459378.0,12.75,0.00477148,0.173798,75867.4
002168.SZ,20260821,116700.0,3.77,439959.0,3.82,0.0148821,2.30134,78416.3
002167.SZ,20260821,216000.0,16.17,3492720.0,16.4,0.0284693,0.293425,75871.3
002166.SZ,20260821,78700.0,6.85,539095.0,6.94,0.0106555,0.581253,73858.5
002165.SZ,20260821,1277700.0,7.5,9582750.0,7.79,0.175609,1.10242,72758.4
002164.SZ,20260821,17400.0,11.06,192444.0,11.13,0.0036267,0.10182,47977.5
002163.SZ,20260821,75900.0,8.14,617826.0,8.11,0.0094456,0.411399,80354.9
002162.SZ,20260821,8800.0,4.04,35552.0,4.07,0.00095827,0.0511052,91832.2
002161.SZ,20260821,12300.0,5.7,70110.0,5.75,0.00166304,0.0931448,73960.9
002160.SZ,20260821,44300.0,3.87,171441.0,3.9,0.00429793,0.289321,103073.0
002159.SZ,20260821,29300.0,13.4,392620.0,13.48,0.0211594,1.14863,13847.3
002158.SZ,20260821,11200.0,26.0,291200.0,26.23,0.00209908,0.138127,53356.7
002156.SZ,20260821,748100.0,63.82,47743742.0,63.15,0.0492997,0.554239,151745.0
002141.SZ,20260821,834600.0,6.21,5182866.0,6.27,0.0807988,0.458982,103294.0
002155.SZ,20260821,0.0,,0.0,24.56,,0.0,
002154.SZ,20260821,77900.0,4.18,325622.0,4.2,0.00660098,0.243146,118013.0
002153.SZ,20260821,146400.0,7.63,1117032.0,7.72,0.00915135,0.245526,159976.0
002152.SZ,20260821,51500.0,9.44,486160.0,9.46,0.00207483,0.171559,248213.0
002151.SZ,20260821,53200.0,27.7,1473640.0,27.95,0.012014,0.384232,44281.5
002150.SZ,20260821,5900.0,22.1,130390.0,22.28,0.00164573,0.0560082,35850.4
002149.SZ,20260821,114300.0,36.55,4177665.0,36.71,0.0234154,0.214966,48813.9
002148.SZ,20260821,35800.0,6.19,221602.0,6.26,0.00793745,0.24263,45102.7
002146.SZ,20260821,1129500.0,1.16,1310220.0,1.16,0.0288762,0.789854,391152.0
002145.SZ,20260821,172600.0,4.29,740454.0,4.31,0.00453438,0.459706,380647.0
002144.SZ,20260821,6000.0,10.88,65280.0,10.9,0.00435914,0.205833,13764.2
002142.SZ,20260821,208900.0,34.18,7140202.0,34.18,0.00316545,0.668391,659938.0
002501.SZ,20260821,179500.0,1.26,226170.0,1.26,0.00506137,0.874786,354647.0
002506.SZ,20260821,909400.0,2.55,2318970.0,2.57,0.0155601,0.49154,584444.0
002507.SZ,20260821,18100.0,11.37,205797.0,11.39,0.0015776,0.175071,114731.0
002879.SZ,20260821,29500.0,16.03,472885.0,15.96,0.021511,0.231186,13713.9
002877.SZ,20260821,27400.0,7.35,201390.0,7.35,0.0113922,0.716665,24051.5
002876.SZ,20260821,12500.0,30.0,375000.0,30.15,0.00839255,0.21812,14894.2
002875.SZ,20260821,7400.0,13.23,97902.0,13.34,0.00348382,0.19409,21241.1
002873.SZ,20260821,123800.0,8.49,1051062.0,8.65,0.0516499,1.24265,23969.1
002872.SZ,20260821,4100.0,5.29,21689.0,5.3,0.0019077,0.158829,21491.8
002871.SZ,20260821,11100.0,16.55,183705.0,16.52,0.00743636,0.328947,14926.7
002870.SZ,20260821,5400.0,47.16,254664.0,47.54,0.00416241,0.0888356,12973.3
002869.SZ,20260821,8600.0,15.82,136052.0,15.87,0.00545972,0.379805,15751.7
002868.SZ,20260821,4200.0,22.38,93996.0,22.4,0.00390941,0.24774,10743.3
002867.SZ,20260821,7500.0,12.33,92475.0,12.33,0.000695026,0.11842,107910.0
002866.SZ,20260821,6200.0,14.51,89962.0,14.69,0.0033738,0.0679426,18376.9
002865.SZ,20260821,38900.0,41.67,1620963.0,41.68,0.0174027,0.370637,22352.8
002864.SZ,20260821,66000.0,22.17,1463220.0,22.56,0.0669393,1.66458,9859.67
002863.SZ,20260821,112500.0,4.66,524250.0,4.69,0.0187662,0.293324,59948.4
002862.SZ,20260821,14200.0,13.36,189712.0,13.47,0.0110439,0.498163,12857.7
002861.SZ,20260821,24100.0,16.01,385841.0,15.98,0.0160487,0.51343,15016.8
002860.SZ,20260821,139700.0,17.62,2461514.0,17.82,0.0406171,0.861545,34394.4
002859.SZ,20260821,84600.0,66.31,5609826.0,66.7,0.0197518,0.388114,42831.5
002858.SZ,20260821,16600.0,11.61,192726.0,11.68,0.0112609,0.612429,14741.2
002857.SZ,20260821,12600.0,18.39,231714.0,18.6,0.00979895,0.244719,12858.5
002856.SZ,20260821,17500.0,13.9,243250.0,14.04,0.0141238,0.378298,12390.4
002855.SZ,20260821,21900.0,9.91,217029.0,10.04,0.00889422,0.86404,24622.7
002853.SZ,20260821,800.0,20.47,16376.0,20.7,0.000621577,0.0478093,12870.5
002852.SZ,20260821,310700.0,8.27,2569489.0,8.49,0.108705,2.1222,28581.9
002851.SZ,20260821,55000.0,118.83,6535650.0,118.28,0.0111859,0.188931,49168.9
002850.SZ,20260821,8500.0,180.0,1530000.0,180.46,0.00405417,0.144661,20966.1
002849.SZ,20260821,10900.0,17.62,192058.0,17.7,0.00498066,0.107188,21884.7
002878.SZ,20260821,22900.0,12.31,281899.0,12.31,0.00970757,0.533571,23589.8
002880.SZ,20260821,302000.0,22.2,6704400.0,21.89,0.133157,17.2643,22680.0
002847.SZ,20260821,35700.0,44.9,1602930.0,45.19,0.0146389,0.693085,24387.1
002881.SZ,20260821,6900.0,37.71,260199.0,38.02,0.00377006,0.0942403,18302.1
002911.SZ,20260821,25600.0,10.76,275456.0,10.76,0.00202046,0.555575,126704.0
002910.SZ,20260821,12900.0,9.44,121776.0,9.52,0.00754113,0.182394,17106.2
002909.SZ,20260821,27100.0,5.17,140107.0,5.19,0.00712414,0.422503,38039.7
002908.SZ,20260821,2000.0,6.9,13800.0,6.94,0.000621437,0.0386423,32183.5
002907.SZ,20260821,592900.0,14.48,8585192.0,15.15,0.176555,2.01761,33581.7
002906.SZ,20260821,0.0,,0.0,25.66,,0.0,
002905.SZ,20260821,6200.0,7.74,47988.0,7.72,0.00177427,0.106432,34944.0
002903.SZ,20260821,793345.0,31.7,25149036.5,30.67,0.737543,4.67773,10756.6
002902.SZ,20260821,30300.0,24.75,749925.0,24.89,0.0170577,0.227674,17763.2
002901.SZ,20260821,11300.0,44.01,497313.0,44.4,0.003918,0.633655,28841.2
002900.SZ,20260821,3478700.0,13.77,47901699.0,15.3,2.15904,10.0594,16112.2
002899.SZ,20260821,8100.0,19.16,155196.0,19.39,0.00548049,0.324875,14779.7
002897.SZ,20260821,25300.0,56.16,1420848.0,56.52,0.0137185,0.297736,18442.3
002896.SZ,20260821,134130.0,67.15,9006829.5,68.76,0.0682517,0.888549,19652.3
002895.SZ,20260821,37000.0,32.6,1206200.0,32.6,0.00617337,0.423933,59934.9
002893.SZ,20260821,30300.0,9.88,299364.0,9.89,0.0149424,0.474167,20277.9
002892.SZ,20260821,4900.0,9.06,44394.0,9.06,0.000977802,0.066549,50112.4
002891.SZ,20260821,13100.0,29.45,385795.0,29.53,0.00406962,0.140797,32189.8
002890.SZ,20260821,8500.0,14.49,123165.0,14.56,0.00526392,0.527141,16147.7
002889.SZ,20260821,48700.0,12.48,607776.0,12.63,0.0193834,1.33476,25124.6
002888.SZ,20260821,4900.0,17.5,85750.0,17.59,0.00654005,0.257417,7492.3
002887.SZ,20260821,36500.0,9.21,336165.0,9.29,0.0168024,0.531567,21723.1
002886.SZ,20260821,189100.0,19.22,3634502.0,19.31,0.0904446,1.86412,20907.8
002885.SZ,20260821,16500.0,28.03,462495.0,28.31,0.00695452,0.0758507,23725.6
002884.SZ,20260821,9100.0,16.11,146601.0,16.18,0.00333245,0.465754,27307.2
002883.SZ,20260821,700.0,9.17,6419.0,9.18,0.000456573,0.0542375,15331.6
002882.SZ,20260821,23200.0,20.7,480240.0,21.02,0.00940099,0.274709,24678.3
002848.SZ,20260821,36600.0,13.16,481656.0,13.2,0.0221254,0.656222,16542.1
002846.SZ,20260821,2300.0,10.17,23391.0,10.24,0.000847483,0.0399057,27139.2
002777.SZ,20260821,25300.0,12.5,316250.0,12.6,0.00625446,0.331858,40451.1
002812.SZ,20260821,21800.0,55.84,1217312.0,55.84,0.0026501,0.109184,82261.1
002810.SZ,20260821,35500.0,20.93,743015.0,21.27,0.0109895,0.567222,32303.5
002809.SZ,20260821,52300.0,8.5,444550.0,8.48,0.0307701,0.694736,16997.0
002807.SZ,20260821,4403800.0,4.05,17835390.0,3.97,0.162891,11.4933,270353.0
002806.SZ,20260821,8500.0,13.75,116875.0,13.74,0.00488211,0.148315,17410.5
002805.SZ,20260821,41800.0,18.59,777062.0,18.62,0.014992,0.333672,27881.5
002803.SZ,20260821,5200.0,18.48,96096.0,18.54,0.00174752,0.0480118,29756.4
002802.SZ,20260821,7700.0,11.66,89782.0,11.65,0.0051442,0.346641,14968.3
002801.SZ,20260821,0.0,,0.0,27.01,0.0,0.0,11580.3
002800.SZ,20260821,43900.0,13.51,593089.0,13.61,0.0296937,1.11426,14784.3
002799.SZ,20260821,36600.0,6.71,245586.0,6.77,0.0114362,0.753462,32003.6
002798.SZ,20260821,19400.0,5.76,111744.0,5.74,0.00375424,0.266035,51674.9
002797.SZ,20260821,76600.0,6.3,482580.0,6.32,0.00182277,0.191929,420240.0
002796.SZ,20260821,9500.0,29.88,283860.0,29.89,0.00417209,0.109513,22770.4
002795.SZ,20260821,13200.0,7.07,93324.0,7.03,0.00303847,0.0736958,43442.9
002793.SZ,20260821,285100.0,5.25,1496775.0,5.31,0.0262539,0.65504,108593.0
002792.SZ,20260821,160500.0,31.3,5023650.0,31.73,0.0475099,0.294915,33782.4
002791.SZ,20260821,28200.0,15.16,427512.0,15.15,0.0129533,0.7049,21770.5
002790.SZ,20260821,21300.0,5.9,125670.0,5.95,0.00817039,0.464512,26069.8
002789.SZ,20260821,900.0,9.84,8856.0,9.97,0.000575179,0.0585344,15647.3
002788.SZ,20260821,143600.0,11.35,1629860.0,11.43,0.0376062,0.869361,38185.2
002787.SZ,20260821,32000.0,21.27,680640.0,21.4,0.0128989,0.217624,24808.3
002786.SZ,20260821,4400.0,7.56,33264.0,7.6,0.000890486,0.0757684,49411.2
002785.SZ,20260821,600.0,32.5,19500.0,32.5,0.000310085,0.0142553,19349.5
002783.SZ,20260821,18200.0,7.8,141960.0,7.83,0.00394694,0.15751,46111.7
002782.SZ,20260821,11400.0,15.0,171000.0,15.11,0.00232693,0.103603,48991.6
002780.SZ,20260821,32100.0,13.16,422436.0,13.27,0.0245691,0.98261,13065.2
002779.SZ,20260821,7600.0,74.14,563464.0,74.15,0.00458361,0.209121,16580.8
002811.SZ,20260821,446800.0,13.32,5951376.0,13.32,0.158111,2.52276,28258.7
002813.SZ,20260821,3900.0,20.3,79170.0,20.3,0.00325293,0.281019,11989.2
002845.SZ,20260821,35900.0,13.14,471726.0,13.22,0.0143466,0.455577,25023.4
002815.SZ,20260821,172100.0,12.85,2211485.0,12.93,0.0221452,0.394252,77714.2
002843.SZ,20260821,18200.0,15.33,279006.0,15.58,0.00727428,0.206889,25019.7
002842.SZ,20260821,280800.0,37.71,10588968.0,37.38,0.104596,0.748728,26846.2
002841.SZ,20260821,10500.0,49.51,519855.0,49.51,0.00201402,0.176648,52134.5
002840.SZ,20260821,90000.0,8.23,740700.0,8.3,0.0112976,0.335237,79662.8
002839.SZ,20260821,137500.0,4.37,600875.0,4.36,0.00563058,0.488919,244202.0
002838.SZ,20260821,33300.0,24.23,806859.0,24.22,0.00791666,0.264209,42063.2
002837.SZ,20260821,105100.0,52.92,5561892.0,52.93,0.00929712,0.282937,113046.0
002836.SZ,20260821,16300.0,9.92,161696.0,10.07,0.00707465,0.650872,23040.0
002835.SZ,20260821,33400.0,12.48,416832.0,12.56,0.0262399,0.88871,12728.7
002833.SZ,20260821,30100.0,18.3,550830.0,18.4,0.0102707,0.927475,29306.7
002832.SZ,20260821,6900.0,24.98,172362.0,24.97,0.00177187,0.0769856,38941.8
002831.SZ,20260821,11500.0,25.35,291525.0,25.55,0.00161014,0.103414,71422.2
002830.SZ,20260821,5600.0,13.52,75712.0,13.65,0.00603224,0.166778,9283.45
002829.SZ,20260821,40600.0,19.56,794136.0,19.79,0.0277982,0.532579,14605.3
002828.SZ,20260821,45100.0,12.04,543004.0,12.05,0.0224392,0.250885,20098.8
002827.SZ,20260821,928000.0,55.5,51504000.0,57.78,0.336233,5.32236,27599.9
002826.SZ,20260821,137400.0,17.49,2403126.0,17.78,0.0743791,2.50775,18472.9
002825.SZ,20260821,2800.0,8.9,24920.0,9.03,0.00109108,0.0744783,25662.7
002824.SZ,20260821,54900.0,23.84,1308816.0,23.96,0.0242731,0.306676,22617.6
002823.SZ,20260821,42400.0,12.59,533816.0,12.76,0.0190101,0.520763,22304.0
002822.SZ,20260821,7100.0,3.16,22436.0,3.19,0.000664205,0.0978862,106895.0
002821.SZ,20260821,428800.0,178.12,76377856.0,182.4,0.135249,3.01117,31704.4
002820.SZ,20260821,909700.0,9.5,8642150.0,9.94,0.452884,5.36789,20086.8
002819.SZ,20260821,44400.0,21.6,959040.0,21.85,0.0186757,0.794322,23774.1
002818.SZ,20260821,13200.0,10.92,144144.0,10.95,0.00442456,0.479241,29833.5
002817.SZ,20260821,29500.0,6.65,196175.0,6.72,0.010171,0.618841,29003.9
002816.SZ,20260821,300.0,25.0,7500.0,25.0,0.0003,0.0205793,10000.0
002912.SZ,20260821,20700.0,18.85,390195.0,19.02,0.0127603,0.614954,16222.2
002913.SZ,20260821,11600.0,58.21,675236.0,58.79,0.00379781,0.181607,30543.9
002915.SZ,20260821,12900.0,16.86,217494.0,16.86,0.00447801,0.142383,28807.4
003013.SZ,20260821,16100.0,18.27,294147.0,18.56,0.00400023,0.155162,40247.6
003011.SZ,20260821,4000.0,20.73,82920.0,20.71,0.00520528,0.154929,7684.51
003010.SZ,20260821,138900.0,29.16,4050324.0,29.16,0.0614215,1.25723,22614.2
003009.SZ,20260821,19100.0,46.63,890633.0,46.83,0.0115977,0.432317,16468.7
003008.SZ,20260821,2900.0,19.6,56840.0,19.49,0.00361506,0.245479,8022.01
003007.SZ,20260821,2800.0,37.16,104048.0,37.16,0.00385741,0.137842,7258.77
003006.SZ,20260821,29300.0,13.49,395257.0,13.5,0.00683664,0.419112,42857.3
003005.SZ,20260821,2900.0,13.53,39237.0,13.53,0.00228386,0.0928633,12697.8
003004.SZ,20260821,3000.0,70.88,212640.0,71.41,0.00436409,0.187709,6874.28
003003.SZ,20260821,22500.0,10.98,247050.0,11.07,0.0191008,0.835928,11779.6
003002.SZ,20260821,9000.0,15.91,143190.0,16.1,0.00492214,0.276051,18284.7
003001.SZ,20260821,6800.0,15.86,107848.0,15.9,0.00594579,0.0675657,11436.7
003000.SZ,20260821,3900.0,10.4,40560.0,10.43,0.00126599,0.0866817,30806.0
002999.SZ,20260821,32800.0,6.0,196800.0,6.04,0.00954754,0.355474,34354.4
002998.SZ,20260821,11700.0,7.76,90792.0,7.78,0.0043254,0.131762,27049.5
002997.SZ,20260821,84300.0,27.75,2339325.0,27.19,0.040273,2.46487,20932.1
002996.SZ,20260821,44300.0,6.21,275103.0,6.21,0.00966452,0.647702,45837.8
002995.SZ,20260821,15500.0,16.73,259315.0,16.87,0.0137879,0.26912,11241.7
002993.SZ,20260821,10000.0,37.48,374800.0,37.76,0.00419381,0.151078,23844.7
002992.SZ,20260821,200.0,34.1,6820.0,34.52,0.000128012,0.0136139,15623.5
002991.SZ,20260821,600.0,42.11,25266.0,42.2,0.00120159,0.0799735,4993.37
002990.SZ,20260821,39100.0,50.2,1962820.0,50.5,0.0283295,0.312927,13801.9
002989.SZ,20260821,46200.0,24.66,1139292.0,25.0,0.0233528,0.46277,19783.5
002988.SZ,20260821,13700.0,21.8,298660.0,21.92,0.00548429,0.138556,24980.4
002987.SZ,20260821,78500.0,10.95,859575.0,10.98,0.00774219,0.593151,101393.0
002986.SZ,20260821,23300.0,13.39,311987.0,13.45,0.00771939,0.436741,30183.7
002985.SZ,20260821,8900.0,25.07,223123.0,25.23,0.00268931,0.246126,33093.9
002984.SZ,20260821,32800.0,14.15,464120.0,14.21,0.00459435,0.317121,71392.0
003012.SZ,20260821,9400.0,4.77,44838.0,4.77,0.000828495,0.136685,113459.0
003015.SZ,20260821,23700.0,12.25,290325.0,12.41,0.00959348,0.315441,24704.3
002916.SZ,20260821,9900.0,342.98,3395502.0,345.0,0.00148915,0.107912,66480.9
003016.SZ,20260821,7700.0,6.98,53746.0,6.99,0.00187401,0.210144,41088.3
123064.SZ,20260821,320.0,109.914,35172.48,109.913,,,
003816.SZ,20260821,224200.0,3.86,865412.0,3.87,0.000569973,0.24437,3933520.0
003043.SZ,20260821,10300.0,72.86,750458.0,73.77,0.0109554,0.170466,9401.72
003042.SZ,20260821,168900.0,14.2,2398380.0,14.46,0.136982,1.87986,12330.1
003041.SZ,20260821,16400.0,40.56,665184.0,40.56,0.0119863,1.11865,13682.3
003040.SZ,20260821,1364200.0,12.48,17025216.0,11.63,0.29861,8.22878,45685.0
003039.SZ,20260821,3500.0,11.94,41790.0,11.96,0.000566784,0.12841,61751.9
003038.SZ,20260821,7800.0,10.7,83460.0,10.75,0.00481388,0.187595,16203.1
003037.SZ,20260821,11500.0,5.61,64515.0,5.66,0.00191963,0.396153,59907.5
003036.SZ,20260821,60900.0,52.27,3183243.0,53.1,0.0281162,0.660663,21660.1
003035.SZ,20260821,50200.0,5.16,259032.0,5.18,0.00132528,0.204688,378788.0
003033.SZ,20260821,2200.0,65.03,143066.0,65.54,0.00272467,0.0588016,8074.36
003032.SZ,20260821,1978800.0,11.5,22756200.0,11.95,0.695581,2.40266,28448.2
003031.SZ,20260821,46900.0,128.19,6012111.0,129.13,0.0137878,0.299215,34015.7
003030.SZ,20260821,2600.0,21.85,56810.0,21.97,0.00321151,0.0747706,8095.89
003029.SZ,20260821,5500.0,16.25,89375.0,16.33,0.00312324,0.168375,17609.9
003028.SZ,20260821,6800.0,22.4,152320.0,22.39,0.00961897,0.812226,7069.36
003027.SZ,20260821,10000.0,16.32,163200.0,16.43,0.00953644,0.633625,10486.1
003026.SZ,20260821,7800.0,29.22,227916.0,29.35,0.00539565,0.0952746,14456.1
003025.SZ,20260821,300.0,12.27,3681.0,12.28,0.0001325,0.00814877,22641.6
003023.SZ,20260821,27300.0,27.65,754845.0,27.63,0.0259702,0.331708,10512.0
003022.SZ,20260821,21100.0,20.12,424532.0,20.26,0.0015812,0.195988,133443.0
003021.SZ,20260821,42200.0,67.55,2850610.0,68.04,0.0203539,0.861669,20733.1
003020.SZ,20260821,181400.0,18.5,3355900.0,18.98,0.107625,1.31616,16854.8
003019.SZ,20260821,7000.0,23.64,165480.0,23.67,0.00404792,0.13446,17292.8
003018.SZ,20260821,30100.0,38.79,1167579.0,39.11,0.0105795,0.25607,28451.2
003017.SZ,20260821,12700.0,22.23,282321.0,22.42,0.015213,0.39494,8348.11
002983.SZ,20260821,2600.0,19.41,50466.0,19.41,0.00201028,0.140945,12933.5
002982.SZ,20260821,16000.0,12.48,199680.0,12.62,0.0122991,0.345397,13009.1
002981.SZ,20260821,4800.0,23.34,112032.0,23.47,0.00394786,0.225914,12158.5
002980.SZ,20260821,42500.0,98.03,4166275.0,97.99,0.04196,0.352242,10128.7
002946.SZ,20260821,12500.0,15.93,199125.0,15.94,0.00146935,0.141235,85071.5
002945.SZ,20260821,54900.0,14.01,769149.0,14.11,0.00203333,0.487462,270000.0
002943.SZ,20260821,50400.0,35.0,1764000.0,35.33,0.0266875,0.446346,18885.2
002942.SZ,20260821,15600.0,15.7,244920.0,15.84,0.0112426,0.781931,13875.8
002941.SZ,20260821,14900.0,10.34,154066.0,10.37,0.00204179,0.194192,72975.1
002940.SZ,20260821,495500.0,27.86,13804630.0,28.41,0.267441,5.07898,18527.5
002939.SZ,20260821,42800.0,7.92,338976.0,7.94,0.00118801,0.193739,360266.0
002938.SZ,20260821,53200.0,87.57,4658724.0,87.57,0.00230221,0.205374,231083.0
002937.SZ,20260821,55600.0,29.45,1637420.0,30.03,0.0176404,0.596588,31518.5
002936.SZ,20260821,730600.0,1.78,1300468.0,1.78,0.0103936,0.85451,702930.0
002935.SZ,20260821,41700.0,15.62,651354.0,15.62,0.010046,0.748664,41509.1
002933.SZ,20260821,18800.0,26.33,495004.0,26.59,0.0160829,1.03268,11689.4
002932.SZ,20260821,1700.0,15.2,25840.0,15.29,0.00108908,0.170628,15609.5
002931.SZ,20260821,26500.0,47.22,1251330.0,47.23,0.0130815,0.259434,20257.6
002930.SZ,20260821,3400.0,8.66,29444.0,8.7,0.000784462,0.0463594,43341.8
002929.SZ,20260821,268300.0,54.19,14539177.0,55.21,0.123886,1.40269,21657.0
002928.SZ,20260821,208200.0,6.1,1270020.0,6.15,0.0162881,1.07439,127824.0
002927.SZ,20260821,63900.0,16.0,1022400.0,16.19,0.0289519,1.04988,22071.1
002926.SZ,20260821,49600.0,8.25,409200.0,8.26,0.00188952,0.379966,262500.0
002925.SZ,20260821,61600.0,22.0,1355200.0,22.19,0.00842626,0.374017,73104.8
002923.SZ,20260821,139600.0,11.93,1665428.0,11.76,0.0540907,1.67138,25808.5
002922.SZ,20260821,346100.0,24.6,8514060.0,25.3,0.0918037,1.70462,37700.0
002921.SZ,20260821,17500.0,21.55,377125.0,21.5,0.0136247,0.263284,12844.3
002920.SZ,20260821,11600.0,84.37,978692.0,84.69,0.00194428,0.126564,59662.2
002919.SZ,20260821,11600.0,17.3,200680.0,17.54,0.00439048,0.305257,26420.8
002918.SZ,20260821,32500.0,9.91,322075.0,9.99,0.0151724,0.221658,21420.5
002917.SZ,20260821,10900.0,10.29,112161.0,10.27,0.00418354,0.359845,26054.5
002947.SZ,20260821,16400.0,56.9,933160.0,57.42,0.00827014,0.258684,19830.4
002948.SZ,20260821,192100.0,5.97,1146837.0,5.98,0.00545399,0.475197,352219.0
002949.SZ,20260821,25900.0,10.7,277130.0,10.74,0.0170478,0.918081,15192.6
002966.SZ,20260821,54200.0,8.63,467746.0,8.65,0.00123308,0.145643,439548.0
002979.SZ,20260821,76800.0,54.49,4184832.0,54.54,0.0344728,0.46159,22278.5
002978.SZ,20260821,2200.0,25.81,56782.0,25.8,0.000595755,0.0908152,36928.0
002977.SZ,20260821,4100.0,19.99,81959.0,20.24,0.0061518,0.462173,6664.72
002976.SZ,20260821,1900.0,22.65,43035.0,22.75,0.00156084,0.0385212,12172.9
002975.SZ,20260821,42800.0,96.8,4143040.0,95.7,0.0309555,0.382121,13826.3
002973.SZ,20260821,30900.0,10.51,324759.0,10.62,0.00972759,0.451664,31765.3
002972.SZ,20260821,4800.0,13.45,64560.0,13.63,0.0035649,0.064045,13464.6
002971.SZ,20260821,121600.0,41.6,5058560.0,42.37,0.0755258,0.578969,16100.5
002970.SZ,20260821,2800.0,49.49,138572.0,49.7,0.00221543,0.0858698,12638.6
002969.SZ,20260821,183400.0,12.79,2345686.0,12.9,0.0167836,0.491942,109274.0
002968.SZ,20260821,25700.0,9.28,238496.0,9.34,0.0120651,0.7744,21301.1
002967.SZ,20260821,28800.0,17.44,502272.0,17.51,0.00476924,0.632394,60387.0
002965.SZ,20260821,59100.0,30.1,1778910.0,30.13,0.0310374,0.382261,19041.6
002950.SZ,20260821,46400.0,9.5,440800.0,9.57,0.0108002,0.63971,42962.1
002963.SZ,20260821,35400.0,17.12,606048.0,17.18,0.0237042,0.533568,14934.0
002962.SZ,20260821,30800.0,12.6,388080.0,12.74,0.0147216,0.259999,20921.6
002961.SZ,20260821,17800.0,18.36,326808.0,18.35,0.00373219,0.370329,47693.1
002960.SZ,20260821,7300.0,8.42,61466.0,8.45,0.000753783,0.0593927,96844.9
002959.SZ,20260821,1200.0,33.81,40572.0,33.68,0.000858404,0.10952,13979.4
002958.SZ,20260821,992300.0,2.93,2907439.0,2.94,0.0182423,1.56304,543956.0
002957.SZ,20260821,70800.0,40.8,2888640.0,40.72,0.0169103,0.282422,41867.9
002956.SZ,20260821,11220.0,17.27,193769.4,17.43,0.00359028,0.24553,31251.1
002955.SZ,20260821,7600.0,35.0,266000.0,34.83,0.00388455,0.136605,19564.7
002953.SZ,20260821,1018100.0,10.71,10903851.0,11.16,0.375252,5.5234,27131.1
002952.SZ,20260821,7200.0,19.7,141840.0,19.85,0.00546925,0.323514,13164.5
002951.SZ,20260821,53400.0,15.88,847992.0,16.07,0.0133127,0.300012,40112.2
002778.SZ,20260821,6000.0,15.63,93780.0,15.63,0.0048611,0.33382,12342.9
002775.SZ,20260821,29400.0,3.47,102018.0,3.49,0.00506183,0.19568,58081.8
002508.SZ,20260821,26000.0,16.3,423800.0,16.34,0.00278506,0.23566,93355.2
002601.SZ,20260821,14500.0,15.5,224750.0,15.57,0.000729522,0.098692,198760.0
002599.SZ,20260821,6900.0,5.83,40227.0,5.87,0.0016692,0.0921228,41337.1
002598.SZ,20260821,46100.0,6.43,296423.0,6.5,0.0160891,2.86938,28653.0
002597.SZ,20260821,5600.0,19.93,111608.0,19.99,0.000987225,0.11931,56724.7
002596.SZ,20260821,39400.0,3.22,126868.0,3.2,0.00343647,0.202997,114653.0
002595.SZ,20260821,1700.0,49.61,84337.0,49.65,0.000147572,0.0403096,115198.0
002594.SZ,20260821,118000.0,90.35,10661300.0,90.48,0.00338437,0.477285,348661.0
002593.SZ,20260821,36800.0,4.45,163760.0,4.46,0.00656552,0.3416,56050.4
002592.SZ,20260821,111900.0,6.5,727350.0,6.47,0.0425733,2.20865,26284.1
002591.SZ,20260821,37700.0,6.29,237133.0,6.35,0.0168671,0.53584,22351.2
002590.SZ,20260821,6000.0,9.25,55500.0,9.27,0.00121223,0.0707453,49495.7
002589.SZ,20260821,3774700.0,3.26,12305522.0,3.38,0.276415,1.63049,136559.0
002588.SZ,20260821,301700.0,7.88,2377396.0,7.96,0.0351371,1.58844,85863.7
002587.SZ,20260821,39600.0,5.32,210672.0,5.37,0.00743365,0.277625,53271.3
002586.SZ,20260821,49300.0,4.31,212483.0,4.4,0.00453326,0.506286,108752.0
002585.SZ,20260821,304000.0,9.78,2973120.0,9.76,0.0342822,0.318097,88675.7
002584.SZ,20260821,46200.0,8.0,369600.0,8.06,0.00986281,0.230987,46842.7
002583.SZ,20260821,180600.0,8.03,1450218.0,8.02,0.0140794,1.06066,128272.0
002582.SZ,20260821,246900.0,10.46,2582574.0,10.59,0.0717233,0.507175,34424.0
002581.SZ,20260821,506800.0,5.5,2787400.0,5.72,0.12645,2.01163,40079.1
002580.SZ,20260821,301400.0,19.5,5877300.0,19.92,0.0666817,0.369093,45199.8
002579.SZ,20260821,1784500.0,15.62,27873890.0,15.29,0.305873,2.86274,58341.2
002578.SZ,20260821,397800.0,3.74,1487772.0,3.75,0.0461934,0.688357,86116.3
002577.SZ,20260821,25000.0,18.25,456250.0,18.41,0.00890716,0.384016,28067.3
002576.SZ,20260821,9600.0,13.99,134304.0,14.1,0.00592492,0.295685,16202.8
002575.SZ,20260821,76100.0,4.91,373651.0,4.97,0.0130236,0.137506,58432.6
002574.SZ,20260821,19100.0,4.65,88815.0,4.66,0.00361742,0.323883,52800.0
002573.SZ,20260821,256800.0,3.15,808920.0,3.19,0.0181741,1.18644,141300.0
002600.SZ,20260821,399200.0,12.02,4798384.0,12.2,0.00554446,0.370954,719998.0
002602.SZ,20260821,351700.0,13.71,4821807.0,13.84,0.00517447,0.310953,679683.0
002571.SZ,20260821,4300.0,10.65,45795.0,10.65,0.00144147,0.074294,29830.6
002603.SZ,20260821,282200.0,17.16,4842552.0,17.38,0.0205008,0.880028,137653.0
002635.SZ,20260821,109100.0,15.47,1687777.0,15.62,0.027583,0.486153,39553.3
002634.SZ,20260821,1600.0,4.31,6896.0,4.28,0.000361798,0.0461215,44223.5
002633.SZ,20260821,12800.0,14.35,183680.0,14.47,0.00855821,0.837411,14956.4
002632.SZ,20260821,429000.0,8.42,3612180.0,8.69,0.0746719,2.5717,57451.4
002631.SZ,20260821,81600.0,8.67,707472.0,8.67,0.0102826,0.280964,79357.2
002630.SZ,20260821,87600.0,1.64,143664.0,1.64,0.00813719,0.874724,107654.0
002629.SZ,20260821,15800.0,4.7,74260.0,4.7,0.00436158,0.162139,36225.4
002628.SZ,20260821,43900.0,4.86,213354.0,4.9,0.00582394,0.104125,75378.5
002627.SZ,20260821,34300.0,6.48,222264.0,6.53,0.00491293,0.529985,69815.8
002626.SZ,20260821,60500.0,16.34,988570.0,16.48,0.00992029,0.603883,60986.1
002625.SZ,20260821,192218.0,28.0,5382104.0,28.31,0.0089214,0.942127,215457.0
002624.SZ,20260821,201900.0,11.08,2237052.0,11.15,0.0110465,0.437608,182773.0
002623.SZ,20260821,1400.0,15.3,21420.0,15.31,0.000726759,0.0450683,19263.6
002622.SZ,20260821,220500.0,2.53,557865.0,2.56,0.0262508,0.73764,83997.5
002620.SZ,20260821,5600.0,4.88,27328.0,4.92,0.00177175,0.122744,31607.2
002617.SZ,20260821,416300.0,6.1,2539430.0,6.19,0.0221717,0.508614,187762.0
002616.SZ,20260821,97100.0,4.77,463167.0,4.81,0.0165282,1.01593,58748.0
002615.SZ,20260821,200.0,6.55,1310.0,6.56,6.61776e-05,0.00285856,30221.7
002614.SZ,20260821,30200.0,4.98,150396.0,5.0,0.00684395,0.479991,44126.6
002613.SZ,20260821,63400.0,3.33,211122.0,3.34,0.00819469,0.321679,77367.2
002612.SZ,20260821,27100.0,15.36,416256.0,15.48,0.01065,0.335213,25445.9
002611.SZ,20260821,96400.0,14.7,1417080.0,14.75,0.00960195,0.288282,100396.0
002609.SZ,20260821,4100.0,7.69,31529.0,7.69,0.000893519,0.0803712,45886.0
002608.SZ,20260821,62100.0,7.0,434700.0,7.04,0.00164369,0.406526,377808.0
002607.SZ,20260821,341300.0,2.02,689426.0,2.03,0.00615683,0.245,554344.0
002606.SZ,20260821,383400.0,13.24,5076216.0,13.39,0.090995,1.81842,42134.2
002605.SZ,20260821,12900.0,17.59,226911.0,17.67,0.00381394,0.231889,33823.2
002572.SZ,20260821,28100.0,8.19,230139.0,8.21,0.00431336,0.231699,65146.4
002570.SZ,20260821,20500.0,4.48,91840.0,4.5,0.00189816,0.088242,108000.0
002774.SZ,20260821,57700.0,16.11,929547.0,16.15,0.0204778,0.294708,28176.8
002539.SZ,20260821,117100.0,12.8,1498880.0,12.82,0.0131604,0.624454,88979.4
002537.SZ,20260821,206900.0,5.76,1191744.0,5.69,0.0176729,1.20832,117072.0
002536.SZ,20260821,1421500.0,44.83,63725845.0,42.7,0.260671,3.32711,54532.3
002535.SZ,20260821,102500.0,2.49,255225.0,2.51,0.0137345,0.852743,74629.9
002534.SZ,20260821,20400.0,15.32,312528.0,15.48,0.00247164,0.214438,82536.3
002533.SZ,20260821,4100.0,11.22,46002.0,11.22,0.000634533,0.0671885,64614.4
002532.SZ,20260821,417000.0,12.4,5170800.0,12.4,0.0101537,0.500192,410686.0
002531.SZ,20260821,70100.0,6.07,425507.0,6.11,0.00392325,0.211787,178679.0
002530.SZ,20260821,8200.0,7.04,57728.0,7.04,0.00117965,0.0637187,69512.3
002529.SZ,20260821,34900.0,7.02,244998.0,7.05,0.0134231,0.832524,26000.0
002528.SZ,20260821,60600.0,5.1,309060.0,5.12,0.00577022,0.371429,105022.0
002527.SZ,20260821,34200.0,11.12,380304.0,11.13,0.00646639,0.496439,52888.9
002526.SZ,20260821,85300.0,2.64,225192.0,2.66,0.00481585,0.41534,177123.0
002524.SZ,20260821,102700.0,3.96,406692.0,4.0,0.0201658,0.791266,50927.9
002523.SZ,20260821,69800.0,3.32,231736.0,3.34,0.00494494,0.349028,141154.0
002522.SZ,20260821,200100.0,5.09,1018509.0,5.14,0.02211,0.662694,90502.0
002521.SZ,20260821,27700.0,6.79,188083.0,6.78,0.00660824,0.536937,41917.4
002520.SZ,20260821,291900.0,5.9,1722210.0,5.99,0.0406863,0.362016,71744.0
002519.SZ,20260821,49100.0,5.24,257284.0,5.27,0.00437049,0.17976,112344.0
002518.SZ,20260821,30100.0,32.66,983066.0,32.75,0.00532615,0.274467,56513.6
002517.SZ,20260821,297200.0,16.49,4900828.0,16.65,0.0157325,0.398785,188909.0
002516.SZ,20260821,11300.0,5.16,58308.0,5.17,0.000773708,0.0931563,146050.0
002515.SZ,20260821,654300.0,8.07,5280201.0,8.08,0.0593818,0.54351,110185.0
002514.SZ,20260821,165600.0,1.71,283176.0,1.73,0.0298899,0.538278,55403.3
002513.SZ,20260821,41800.0,5.28,220704.0,5.36,0.0144616,0.663041,28904.1
002512.SZ,20260821,149600.0,4.01,599896.0,4.05,0.0136689,0.442843,109445.0
002511.SZ,20260821,116400.0,7.21,839244.0,7.19,0.00920155,1.15025,126500.0
002510.SZ,20260821,26800.0,5.42,145256.0,5.46,0.00266707,0.157148,100485.0
002538.SZ,20260821,5600.0,7.22,40432.0,7.23,0.000656509,0.0456927,85299.6
002540.SZ,20260821,45800.0,5.12,234496.0,5.12,0.00533674,0.666241,85820.1
002569.SZ,20260821,0.0,,0.0,12.13,0.0,0.0,14001.0
002541.SZ,20260821,58500.0,20.65,1208025.0,20.65,0.0117901,0.594064,49618.0
002568.SZ,20260821,17100.0,18.34,313614.0,18.55,0.00224377,0.138404,76210.9
002567.SZ,20260821,40000.0,3.67,146800.0,3.7,0.00279395,0.183136,143167.0
002566.SZ,20260821,83000.0,6.91,573530.0,7.02,0.0358082,0.940493,23179.0
002565.SZ,20260821,78700.0,8.43,663441.0,8.52,0.00742484,0.172954,105996.0
002564.SZ,20260821,17000.0,4.35,73950.0,4.4,0.00197927,0.178058,85890.4
002563.SZ,20260821,57800.0,5.87,339286.0,5.88,0.00261126,0.270556,221349.0
002562.SZ,20260821,273500.0,4.95,1353825.0,5.01,0.0336194,0.617293,81351.9
002561.SZ,20260821,10100.0,6.74,68074.0,6.78,0.00243703,0.231726,41444.0
002560.SZ,20260821,173500.0,5.99,1039265.0,6.09,0.0273941,0.784391,63334.8
002559.SZ,20260821,54600.0,9.43,514878.0,9.45,0.0108332,0.248033,50400.5
002558.SZ,20260821,321400.0,26.01,8359614.0,26.41,0.0169109,0.43742,190055.0
002557.SZ,20260821,13300.0,18.82,250306.0,18.82,0.00263748,0.205826,50426.9
002556.SZ,20260821,66100.0,5.13,339093.0,5.18,0.00707678,0.371267,93404.1
002555.SZ,20260821,98300.0,18.42,1810686.0,18.54,0.00619268,0.245685,158736.0
002554.SZ,20260821,69000.0,2.83,195270.0,2.82,0.00517447,0.375536,133347.0
002553.SZ,20260821,93200.0,15.2,1416640.0,15.41,0.0363765,0.538489,25621.0
002552.SZ,20260821,687600.0,57.0,39193200.0,57.04,0.186593,1.70566,36850.3
002551.SZ,20260821,105700.0,3.31,349867.0,3.35,0.0172943,0.391794,61118.2
002550.SZ,20260821,413500.0,7.01,2898635.0,7.1,0.0433635,0.737289,95356.7
002549.SZ,20260821,29100.0,13.57,394887.0,13.57,0.00420302,0.186093,69236.0
002548.SZ,20260821,106400.0,4.18,444752.0,4.22,0.0132261,0.275823,80447.1
002547.SZ,20260821,142200.0,2.52,358344.0,2.53,0.012871,0.488805,110481.0
002546.SZ,20260821,43100.0,7.86,338766.0,7.93,0.00537925,0.167773,80122.7
002545.SZ,20260821,44800.0,17.25,772800.0,17.33,0.00396403,0.235952,113016.0
002544.SZ,20260821,26200.0,15.99,418938.0,16.15,0.00385029,0.190062,68046.8
002543.SZ,20260821,2485000.0,7.64,18985400.0,7.6,0.375594,9.82576,66161.8
002542.SZ,20260821,182500.0,1.8,328500.0,1.82,0.0103738,0.665299,175924.0
002636.SZ,20260821,184300.0,61.5,11334450.0,61.71,0.0254447,0.38474,72431.5
002637.SZ,20260821,227000.0,12.04,2733080.0,12.1,0.0488199,0.817813,46497.5
002638.SZ,20260821,75600.0,3.7,279720.0,3.75,0.0055889,0.226211,135268.0
002737.SZ,20260821,38400.0,13.62,523008.0,13.62,0.00657535,0.629923,58400.0
002735.SZ,20260821,71100.0,11.15,792765.0,11.08,0.0249422,0.562062,28505.9
002734.SZ,20260821,51900.0,14.6,757740.0,14.7,0.0119085,0.348933,43582.2
002733.SZ,20260821,17500.0,18.29,320075.0,18.29,0.00474431,0.164607,36886.3
002732.SZ,20260821,4200.0,13.86,58212.0,13.99,0.00268257,0.268762,15656.6
002731.SZ,20260821,6899000.0,1.16,8002840.0,1.29,3.00405,23.0418,22965.6
002730.SZ,20260821,27100.0,21.11,572081.0,21.04,0.00783169,0.318135,34603.0
002729.SZ,20260821,25900.0,13.59,351981.0,13.56,0.0147611,0.693631,17546.1
002728.SZ,20260821,204500.0,9.23,1887535.0,9.45,0.0407932,1.10824,50130.9
002727.SZ,20260821,15000.0,11.8,177000.0,11.9,0.00381762,0.130589,39291.5
002726.SZ,20260821,3034500.0,2.94,8921430.0,2.95,0.223073,2.40234,136032.0
002725.SZ,20260821,9500.0,11.17,106115.0,11.19,0.00381582,0.152446,24896.3
002724.SZ,20260821,533800.0,5.93,3165434.0,5.9,0.0940161,0.93329,56777.5
002723.SZ,20260821,10000.0,7.1,71000.0,7.12,0.00315408,0.106103,31705.0
002722.SZ,20260821,24300.0,12.95,314685.0,13.01,0.0109284,0.689587,22235.7
002721.SZ,20260821,1560100.0,2.63,4103063.0,2.59,0.0586641,1.27131,265938.0
002719.SZ,20260821,5100.0,6.05,30855.0,6.05,0.00315063,0.214823,16187.2
002718.SZ,20260821,1500.0,86.4,129600.0,86.4,0.001559,0.140088,9621.53
002717.SZ,20260821,462900.0,0.97,449013.0,0.98,0.0269354,1.10277,171855.0
002716.SZ,20260821,2570000.0,9.65,24800500.0,9.47,0.110658,1.33607,232248.0
002715.SZ,20260821,8100.0,14.26,115506.0,14.27,0.00586957,0.199166,13800.0
002714.SZ,20260821,360800.0,39.56,14273248.0,39.82,0.0109983,0.721659,328050.0
002713.SZ,20260821,44000.0,9.35,411400.0,9.45,0.00835706,0.258779,52650.1
002712.SZ,20260821,28500.0,4.67,133095.0,4.71,0.00526899,0.242185,54090.0
002709.SZ,20260821,470400.0,37.25,17522400.0,37.08,0.0311727,0.846767,150901.0
002708.SZ,20260821,11600.0,10.75,124700.0,10.87,0.00224521,0.0444192,51665.7
002707.SZ,20260821,178700.0,5.27,941749.0,5.3,0.0206592,1.08665,86498.8
002706.SZ,20260821,336300.0,10.0,3363000.0,10.12,0.0367545,0.453386,91499.0
002736.SZ,20260821,125900.0,9.88,1243892.0,9.86,0.00130976,0.680539,961243.0
002738.SZ,20260821,26800.0,51.41,1377788.0,51.63,0.00376926,0.15749,71101.5
002639.SZ,20260821,41400.0,11.31,468234.0,11.31,0.00627621,0.20636,65963.4
002739.SZ,20260821,530000.0,8.46,4483800.0,8.5,0.0252391,0.350046,209991.0
002773.SZ,20260821,255100.0,22.25,5675975.0,22.45,0.0371447,2.71938,68677.3
002772.SZ,20260821,96900.0,10.65,1031985.0,10.74,0.0260739,0.481256,37163.7
002771.SZ,20260821,11700.0,12.35,144495.0,12.45,0.00670431,0.262497,17451.5
002769.SZ,20260821,13800.0,6.87,94806.0,6.9,0.00369963,0.254613,37301.0
002768.SZ,20260821,91100.0,65.93,6006223.0,65.5,0.0361138,0.865341,25225.8
002767.SZ,20260821,3100.0,18.17,56327.0,18.21,0.00237942,0.101233,13028.4
002766.SZ,20260821,52300.0,4.12,215476.0,4.15,0.00610284,0.102772,85697.8
002765.SZ,20260821,20000.0,6.98,139600.0,7.02,0.00335649,0.261709,59586.0
002763.SZ,20260821,96800.0,7.36,712448.0,7.61,0.0318781,1.86334,30365.6
002762.SZ,20260821,46100.0,10.08,464688.0,10.21,0.0218092,0.283926,21137.8
002761.SZ,20260821,152300.0,7.21,1098083.0,7.26,0.0140785,1.54936,108179.0
002760.SZ,20260821,24500.0,17.44,427280.0,17.5,0.0226876,0.918773,10798.9
002759.SZ,20260821,183000.0,17.5,3202500.0,17.62,0.0365235,0.638709,50104.8
002758.SZ,20260821,95500.0,8.07,770685.0,8.17,0.0184275,0.9319,51824.8
002757.SZ,20260821,46100.0,16.05,739905.0,16.25,0.0163444,0.278821,28205.3
002756.SZ,20260821,9383.0,46.03,431899.49,46.2,0.00242406,0.0945719,38707.8
002755.SZ,20260821,590200.0,13.99,8256898.0,14.0,0.0635888,4.33089,92815.0
002753.SZ,20260821,41600.0,6.65,276640.0,6.64,0.0140641,0.758712,29578.9
002752.SZ,20260821,30000.0,5.89,176700.0,5.93,0.00307526,0.351872,97552.7
002749.SZ,20260821,64000.0,8.83,565120.0,8.82,0.0117579,1.02698,54431.7
002748.SZ,20260821,25000.0,11.7,292500.0,11.73,0.0104167,0.629266,24000.0
002747.SZ,20260821,729400.0,32.88,23982672.0,32.77,0.0932218,0.93549,78243.5
002746.SZ,20260821,178000.0,6.32,1124960.0,6.32,0.0250819,1.00059,70967.6
002745.SZ,20260821,113700.0,10.95,1245015.0,11.05,0.0106852,0.233173,106409.0
002743.SZ,20260821,2813900.0,4.59,12915801.0,4.42,0.647512,15.8043,43457.1
002742.SZ,20260821,2039700.0,4.15,8464755.0,4.34,0.389314,5.12309,52392.1
002741.SZ,20260821,135500.0,25.27,3424085.0,25.56,0.0315097,0.351227,43002.7
002705.SZ,20260821,31400.0,11.29,354506.0,11.3,0.00388791,0.58568,80763.1
002703.SZ,20260821,99300.0,13.3,1320690.0,13.44,0.016944,0.22967,58604.8
002702.SZ,20260821,66500.0,4.85,322525.0,4.91,0.0144961,0.214742,45874.4
002701.SZ,20260821,21600.0,4.68,101088.0,4.69,0.000844622,0.109246,255736.0
002667.SZ,20260821,7059300.0,19.21,135609153.0,17.46,2.9835,63.5178,23661.1
002666.SZ,20260821,33700.0,4.19,141203.0,4.22,0.00673101,0.369201,50066.8
002664.SZ,20260821,7700.0,15.11,116347.0,15.23,0.00191092,0.131101,40294.7
002663.SZ,20260821,72300.0,1.65,119295.0,1.66,0.00423521,0.28196,170712.0
002662.SZ,20260821,103900.0,3.15,327285.0,3.16,0.00692675,1.00017,149998.0
002661.SZ,20260821,109400.0,8.02,877388.0,8.13,0.0354714,2.15377,30841.7
002660.SZ,20260821,18000.0,7.43,133740.0,7.48,0.00519702,0.366551,34635.2
002659.SZ,20260821,17800.0,4.41,78498.0,4.44,0.00297521,0.126419,59827.8
002658.SZ,20260821,79900.0,7.78,621622.0,7.85,0.0222835,0.406268,35856.1
002657.SZ,20260821,7800.0,14.79,115362.0,14.8,0.00232055,0.098815,33612.7
002656.SZ,20260821,19700.0,2.94,57918.0,2.93,0.00286905,0.190599,68663.8
002655.SZ,20260821,175000.0,33.82,5918500.0,34.34,0.0481752,0.466449,36325.7
002654.SZ,20260821,133000.0,13.13,1746290.0,13.15,0.0157351,0.206817,84524.3
002653.SZ,20260821,49300.0,67.28,3316904.0,69.28,0.00918429,0.764885,53678.6
002652.SZ,20260821,49900.0,3.92,195608.0,3.94,0.00974488,0.363231,51206.4
002651.SZ,20260821,238700.0,7.74,1847538.0,7.82,0.0422131,0.682054,56546.4
002650.SZ,20260821,500.0,6.06,3030.0,6.07,4.51652e-05,0.0179815,110705.0
002649.SZ,20260821,31000.0,9.37,290470.0,9.46,0.00577965,0.111909,53636.5
002648.SZ,20260821,125200.0,27.09,3391668.0,27.1,0.00371902,0.215766,336648.0
002647.SZ,20260821,185100.0,12.4,2295240.0,12.52,0.0182312,0.558671,101529.0
002646.SZ,20260821,13000.0,6.86,89180.0,6.9,0.00273109,0.261559,47600.1
002645.SZ,20260821,223500.0,19.1,4268850.0,19.2,0.0328573,0.486517,68021.4
002644.SZ,20260821,271600.0,8.37,2273292.0,8.52,0.0531864,1.31478,51065.7
002643.SZ,20260821,51400.0,13.85,711890.0,13.98,0.00569709,0.237418,90221.5
002642.SZ,20260821,18800.0,7.02,131976.0,7.03,0.00284168,0.153428,66158.0
002641.SZ,20260821,6400.0,3.91,25024.0,3.93,0.000564377,0.0882936,113399.0
002640.SZ,20260821,492300.0,3.14,1545822.0,3.2,0.0317969,0.603691,154826.0
002668.SZ,20260821,122900.0,9.3,1142970.0,9.37,0.0113365,0.245945,108411.0
002669.SZ,20260821,30200.0,12.01,362702.0,12.09,0.00997629,0.226289,30271.8
002670.SZ,20260821,64300.0,10.9,700870.0,10.95,0.00396094,0.423293,162335.0
002687.SZ,20260821,106900.0,6.05,646745.0,6.13,0.0258591,0.317289,41339.4
002700.SZ,20260821,18800.0,6.32,118816.0,6.31,0.0087529,0.22876,21478.6
002698.SZ,20260821,34100.0,11.9,405790.0,11.93,0.00403962,0.139831,84413.8
002697.SZ,20260821,59600.0,4.53,269988.0,4.56,0.00519122,0.255878,114809.0
002696.SZ,20260821,96300.0,6.02,579726.0,6.06,0.02881,0.358457,33425.9
002695.SZ,20260821,10900.0,11.2,122080.0,11.22,0.00213117,0.126728,51145.5
002694.SZ,20260821,0.0,,0.0,2.07,0.0,0.0,71879.8
002693.SZ,20260821,1352600.0,9.68,13093168.0,9.98,0.329114,5.86544,41098.2
002692.SZ,20260821,10800.0,4.14,44712.0,4.17,0.00150474,0.0902831,71773.4
002691.SZ,20260821,35300.0,4.09,144377.0,4.15,0.0105066,1.53197,33597.9
002690.SZ,20260821,11000.0,15.58,171380.0,15.56,0.00253604,0.165671,43374.7
002689.SZ,20260821,28300.0,2.81,79523.0,2.81,0.00271356,0.558667,104291.0
002688.SZ,20260821,101500.0,5.3,537950.0,5.36,0.0135793,0.927782,74746.4
002686.SZ,20260821,621900.0,6.25,3886875.0,6.11,0.118972,4.03309,52272.9
002671.SZ,20260821,29100.0,3.94,114654.0,3.93,0.00527751,0.354095,55139.6
002685.SZ,20260821,128900.0,5.33,687037.0,5.39,0.0127933,0.329646,100756.0
002683.SZ,20260821,55600.0,29.82,1657992.0,29.85,0.00834135,0.523445,66655.9
002682.SZ,20260821,253900.0,4.5,1142550.0,4.55,0.0451483,0.325561,56236.9
002681.SZ,20260821,58400.0,4.36,254624.0,4.38,0.00372149,0.185387,156926.0
002679.SZ,20260821,8700.0,9.28,80736.0,9.33,0.00369026,0.220405,23575.6
002678.SZ,20260821,381600.0,4.87,1858392.0,4.89,0.028109,2.0602,135757.0
002677.SZ,20260821,15900.0,6.82,108438.0,6.86,0.00288299,0.242982,55151.0
002676.SZ,20260821,76200.0,5.07,386334.0,5.06,0.0105837,0.402635,71997.6
002675.SZ,20260821,172800.0,13.16,2274048.0,13.39,0.0232451,1.6486,74338.4
002674.SZ,20260821,116500.0,28.02,3264330.0,28.41,0.0398204,0.398857,29256.4
002673.SZ,20260821,58800.0,6.48,381024.0,6.49,0.00131556,0.277738,446958.0
002672.SZ,20260821,15200.0,3.62,55024.0,3.65,0.00167934,0.239988,90511.8
161118.SZ,20260821,0.0,,0.0,1.545,,0.0,
161121.SZ,20260821,0.0,,0.0,1.633,,0.0,
600004.SH,20260821,23900.0,7.54,180206.0,7.55,0.00100984,0.293651,236672.0
301177.SZ,20260821,60100.0,23.22,1395522.0,22.94,0.0150246,4.54294,40000.9
301175.SZ,20260821,52900.0,5.42,286718.0,5.43,0.00850646,0.419843,62188.0
301173.SZ,20260821,1800.0,31.87,57366.0,31.94,0.00583872,0.200948,3082.87
301172.SZ,20260821,2350.0,17.4,40890.0,17.56,0.00141321,0.0504415,16628.8
301171.SZ,20260821,558833.0,35.98,20106811.34,36.51,0.111347,0.790216,50188.5
301170.SZ,20260821,3300.0,22.99,75867.0,23.15,0.00868336,0.456811,3800.37
301169.SZ,20260821,5900.0,51.59,304381.0,51.59,0.00819342,0.396877,7200.9
301168.SZ,20260821,1600.0,41.75,66800.0,41.08,0.00167867,0.151401,9531.33
301167.SZ,20260821,4900.0,13.99,68551.0,14.07,0.00463512,0.282768,10571.5
301166.SZ,20260821,294000.0,33.83,9946020.0,34.06,0.521087,9.75965,5642.05
301165.SZ,20260821,98100.0,122.99,12065319.0,123.3,0.00880898,0.350127,111364.0
301163.SZ,20260821,2400.0,23.27,55848.0,23.54,0.00438551,0.229278,5472.56
301162.SZ,20260821,1900.0,36.78,69882.0,36.9,0.00156808,0.0583912,12116.7
301161.SZ,20260821,19600.0,27.92,547232.0,28.41,0.0253894,0.490092,7719.76
301160.SZ,20260821,18800.0,44.0,827200.0,44.65,0.016971,0.260017,11077.7
301159.SZ,20260821,44100.0,32.0,1411200.0,32.57,0.083184,1.64697,5301.5
301158.SZ,20260821,61100.0,15.25,931775.0,15.46,0.0321318,0.330477,19015.4
301157.SZ,20260821,9200.0,63.35,582820.0,61.69,0.0445352,1.09725,2065.78
301156.SZ,20260821,69300.0,11.76,814968.0,11.91,0.0585836,0.643217,11829.3
301155.SZ,20260821,2700.0,42.49,114723.0,42.49,0.00219052,0.076897,12325.8
301153.SZ,20260821,3000.0,16.82,50460.0,16.85,0.000904289,0.0857045,33175.2
301152.SZ,20260821,9100.0,18.85,171535.0,19.06,0.0128207,0.271945,7097.92
301151.SZ,20260821,700.0,16.28,11396.0,16.28,0.000414584,0.0219584,16884.4
301150.SZ,20260821,16500.0,37.76,623040.0,38.1,0.00543051,0.0973554,30383.9
301149.SZ,20260821,23500.0,7.79,183065.0,7.8,0.00690951,0.367016,34011.1
301148.SZ,20260821,1200.0,51.21,61452.0,51.49,0.00203828,0.0736218,5887.31
301141.SZ,20260821,2900.0,40.26,116754.0,40.73,0.00651501,0.0944305,4451.26
301139.SZ,20260821,43200.0,3.59,155088.0,3.63,0.0567174,0.287575,7616.71
301176.SZ,20260821,9400.0,45.35,426290.0,45.91,0.00572983,0.151522,16405.4
301178.SZ,20260821,5300.0,36.32,192496.0,36.05,0.00771609,0.268763,6868.76
301137.SZ,20260821,9400.0,31.2,293280.0,31.53,0.00517014,0.236382,18181.3
301179.SZ,20260821,3700.0,19.93,73741.0,19.95,0.00155806,0.109559,23747.5
301209.SZ,20260821,1600.0,59.29,94864.0,59.82,0.00119442,0.0300595,13395.6
301208.SZ,20260821,7700.0,29.2,224840.0,29.5,0.0114208,0.41711,6742.09
301207.SZ,20260821,455200.0,18.55,8443960.0,20.25,0.0757848,4.79127,60064.8
301206.SZ,20260821,14700.0,24.5,360150.0,24.78,0.0112838,0.773021,13027.6
301205.SZ,20260821,80600.0,300.01,24180806.0,299.5,0.0962443,0.901149,8374.52
301203.SZ,20260821,9000.0,34.18,307620.0,34.08,0.020528,1.11553,4384.25
301202.SZ,20260821,1200.0,36.55,43860.0,36.68,0.00150721,0.0376501,7961.75
301201.SZ,20260821,211100.0,36.51,7707261.0,38.77,0.194483,1.81591,10854.4
301200.SZ,20260821,11300.0,286.9,3241970.0,286.93,0.00265734,0.292255,42523.8
301199.SZ,20260821,19200.0,17.73,340416.0,17.8,0.0106859,0.993875,17967.6
301198.SZ,20260821,21400.0,12.25,262150.0,12.33,0.0137572,0.801778,15555.4
301197.SZ,20260821,4100.0,24.65,101065.0,24.42,0.00377014,0.205202,10874.9
301196.SZ,20260821,28300.0,88.0,2490400.0,90.34,0.0262534,0.32802,10779.6
301195.SZ,20260821,2400.0,26.2,62880.0,26.41,0.00273692,0.209697,8768.98
301193.SZ,20260821,1900.0,18.1,34390.0,18.11,0.00103159,0.0742849,18418.1
301192.SZ,20260821,6000.0,19.86,119160.0,20.07,0.0121925,0.555256,4921.08
301191.SZ,20260821,11000.0,89.91,989010.0,90.7,0.0150566,0.193277,7305.77
301190.SZ,20260821,171300.0,19.65,3366045.0,20.85,0.119703,1.78746,14310.4
301189.SZ,20260821,12980.0,50.95,661331.0,51.34,0.00821824,0.266722,15794.1
301188.SZ,20260821,78216.0,38.24,2990979.84,38.54,0.0292356,0.323318,26753.7
301187.SZ,20260821,1200.0,14.71,17652.0,14.79,0.000470711,0.0497132,25493.4
301186.SZ,20260821,1000.0,34.0,34000.0,34.07,0.000926929,0.0730439,10788.3
301185.SZ,20260821,600.0,16.26,9756.0,16.35,0.00043269,0.0345609,13866.7
301183.SZ,20260821,48700.0,227.23,11066101.0,225.38,0.0829648,0.789346,5869.96
301182.SZ,20260821,4000.0,65.39,261560.0,65.7,0.00457749,0.136421,8738.42
301181.SZ,20260821,1600.0,22.52,36032.0,22.52,0.00136477,0.0628519,11723.6
301180.SZ,20260821,2400.0,11.55,27720.0,11.63,0.00146218,0.0758401,16413.8
301138.SZ,20260821,600.0,26.67,16002.0,26.91,0.000875144,0.0775354,6856.01
301136.SZ,20260821,8100.0,11.27,91287.0,11.39,0.00294655,0.159153,27489.7
301211.SZ,20260821,1095875.0,12.9,14136787.5,13.48,0.262425,3.28448,41759.5
301101.SZ,20260821,5400.0,29.44,158976.0,29.64,0.00278203,0.320028,19410.3
301099.SZ,20260821,14900.0,49.11,731739.0,49.45,0.0129594,0.211661,11497.4
301098.SZ,20260821,11300.0,8.59,97067.0,8.62,0.00585533,0.147998,19298.7
301097.SZ,20260821,18000.0,35.02,630360.0,35.92,0.0459568,2.23559,3916.72
301096.SZ,20260821,35600.0,49.88,1775728.0,50.9,0.0428451,1.10843,8309.0
301095.SZ,20260821,9400.0,73.63,692122.0,73.85,0.00543289,0.160593,17302.0
301093.SZ,20260821,148430.0,80.45,11941193.5,82.96,0.0729443,2.52312,20348.4
301092.SZ,20260821,4600.0,44.44,204424.0,44.84,0.00754848,0.143624,6093.94
301091.SZ,20260821,12400.0,18.4,228160.0,18.48,0.00235169,0.193865,52728.0
301090.SZ,20260821,75300.0,6.77,509781.0,6.78,0.0051192,0.904494,147093.0
301089.SZ,20260821,321000.0,24.25,7784250.0,25.75,0.354814,5.34188,9047.01
301088.SZ,20260821,4800.0,12.77,61296.0,12.71,0.00255319,0.293136,18800.0
301087.SZ,20260821,8200.0,49.57,406474.0,50.09,0.00422699,0.467503,19399.1
301086.SZ,20260821,4000.0,118.6,474400.0,119.97,0.00573387,0.121738,6976.09
301085.SZ,20260821,36000.0,57.99,2087640.0,59.95,0.0611084,0.572724,5891.17
301083.SZ,20260821,1700.0,13.9,23630.0,14.08,0.00198575,0.0973569,8560.99
301082.SZ,20260821,18500.0,9.43,174455.0,9.5,0.00678382,0.18279,27270.8
301081.SZ,20260821,44900.0,13.37,600313.0,13.47,0.0200016,0.894043,22448.3
301080.SZ,20260821,494900.0,96.0,47510400.0,96.66,0.390185,2.11303,12683.7
301079.SZ,20260821,19700.0,27.46,540962.0,27.63,0.0256066,0.59825,7693.34
301078.SZ,20260821,32300.0,7.06,228038.0,7.1,0.00255954,0.176426,126195.0
301077.SZ,20260821,7600.0,21.23,161348.0,21.23,0.00795217,0.126518,9557.14
301076.SZ,20260821,2300.0,20.03,46069.0,20.19,0.00150774,0.0671132,15254.6
301075.SZ,20260821,6700.0,54.45,364815.0,54.42,0.008375,0.655008,8000.0
301073.SZ,20260821,17100.0,18.2,311220.0,18.34,0.00961805,0.380512,17779.1
301072.SZ,20260821,4500.0,42.54,191430.0,42.54,0.00670242,0.125668,6713.99
301071.SZ,20260821,54200.0,58.38,3164196.0,58.57,0.0289763,0.323122,18704.9
301070.SZ,20260821,7700.0,63.81,491337.0,63.82,0.0090787,0.229931,8481.39
301100.SZ,20260821,3500.0,16.15,56525.0,16.12,0.00394468,0.251067,8872.7
301102.SZ,20260821,7200.0,9.38,67536.0,9.49,0.0017734,0.358096,40600.0
301135.SZ,20260821,3400.0,16.75,56950.0,16.83,0.00336687,0.205166,10098.4
301103.SZ,20260821,9500.0,17.18,163210.0,17.32,0.00781034,0.369348,12163.4
301133.SZ,20260821,4200.0,27.3,114660.0,27.55,0.00377915,0.143088,11113.6
301132.SZ,20260821,35100.0,35.91,1260441.0,36.5,0.0370509,0.607838,9473.44
301131.SZ,20260821,8000.0,34.01,272080.0,34.13,0.0204317,0.945902,3915.49
301130.SZ,20260821,617638.0,33.04,20406759.52,33.45,1.04654,4.48651,5901.74
301129.SZ,20260821,38900.0,23.58,917262.0,23.98,0.0576531,0.523903,6747.25
301128.SZ,20260821,14400.0,106.86,1538784.0,108.0,0.0113039,0.272181,12738.9
301127.SZ,20260821,187600.0,18.87,3540012.0,18.45,0.0286665,0.359881,65442.2
301126.SZ,20260821,89700.0,10.2,914940.0,10.33,0.0650621,1.68788,13786.8
301125.SZ,20260821,15400.0,12.01,184954.0,12.04,0.00876096,0.394085,17578.0
301123.SZ,20260821,13000.0,71.6,930800.0,72.37,0.0078768,0.111156,16504.2
301122.SZ,20260821,155200.0,39.23,6088496.0,39.0,0.205181,3.03811,7564.07
301121.SZ,20260821,3300.0,34.55,114015.0,34.45,0.00429908,0.296362,7676.07
301120.SZ,20260821,65400.0,14.42,943068.0,14.58,0.0289688,0.626048,22576.0
301119.SZ,20260821,500.0,21.13,10565.0,21.44,0.000424614,0.0289267,11775.4
301118.SZ,20260821,12000.0,21.93,263160.0,22.14,0.0113279,0.510381,10593.3
301117.SZ,20260821,20800.0,17.48,363584.0,17.76,0.0179535,0.228109,11585.5
301116.SZ,20260821,27800.0,9.5,264100.0,9.51,0.00619186,0.167119,44897.7
301115.SZ,20260821,2500.0,31.18,77950.0,30.58,0.00167558,0.0381686,14920.2
301113.SZ,20260821,3700.0,16.61,61457.0,16.74,0.00516297,0.322532,7166.42
301112.SZ,20260821,700.0,30.33,21231.0,30.34,0.000634825,0.0548964,11026.7
301111.SZ,20260821,88400.0,21.43,1894412.0,21.77,0.05525,0.860151,16000.0
301110.SZ,20260821,2100.0,35.09,73689.0,35.07,0.00230469,0.0626933,9111.85
301109.SZ,20260821,2900.0,13.46,39034.0,13.49,0.000464529,0.0977298,62428.9
301108.SZ,20260821,2700.0,36.75,99225.0,37.15,0.00416452,0.18318,6483.34
301107.SZ,20260821,5100.0,19.84,101184.0,20.01,0.00628383,0.193024,8116.07
301106.SZ,20260821,318300.0,22.54,7174482.0,22.54,0.222649,3.25535,14296.1
301105.SZ,20260821,1200.0,47.29,56748.0,47.29,0.00605678,0.218502,1981.25
301210.SZ,20260821,30800.0,24.0,739200.0,24.29,0.0500419,0.800978,6154.85
301212.SZ,20260821,20600.0,23.61,486366.0,24.03,0.0219733,0.804014,9375.0
301368.SZ,20260821,3900.0,39.63,154557.0,39.63,0.00324729,0.15776,12010.0
301323.SZ,20260821,5800.0,70.0,406000.0,70.09,0.00845941,0.387875,6856.27
301321.SZ,20260821,8500.0,37.17,315945.0,37.32,0.00575819,0.137684,14761.6
301320.SZ,20260821,4800.0,13.12,62976.0,13.07,0.00420281,0.268287,11420.9
301319.SZ,20260821,55000.0,112.31,6177050.0,112.62,0.039996,0.335357,13751.4
301318.SZ,20260821,8000.0,20.65,165200.0,20.66,0.00858542,0.858272,9318.12
301317.SZ,20260821,1600.0,42.34,67744.0,42.56,0.00306533,0.0741067,5219.67
301316.SZ,20260821,27900.0,38.84,1083636.0,39.15,0.00713104,0.196024,39124.7
301315.SZ,20260821,6500.0,39.65,257725.0,40.21,0.00738636,0.160354,8800.0
301314.SZ,20260821,3300.0,42.84,141372.0,42.71,0.0180749,0.445117,1825.74
301313.SZ,20260821,23300.0,33.38,777754.0,33.82,0.0296613,0.437101,7855.35
301312.SZ,20260821,5500.0,68.53,376915.0,69.63,0.00648785,0.0862498,8477.39
301311.SZ,20260821,22500.0,13.28,298800.0,13.28,0.009375,1.34896,24000.0
301310.SZ,20260821,11200.0,51.38,575456.0,51.37,0.0114825,0.15359,9753.99
301309.SZ,20260821,800.0,29.71,23768.0,29.88,0.00132055,0.0491058,6058.09
301308.SZ,20260821,59100.0,379.02,22400082.0,379.01,0.0209685,0.349756,28185.2
301307.SZ,20260821,6600.0,51.35,338910.0,51.96,0.00606722,0.0791281,10878.1
301306.SZ,20260821,5700.0,86.12,490884.0,87.0,0.00978331,0.132984,5826.25
301305.SZ,20260821,19200.0,24.27,465984.0,24.39,0.0154401,0.256719,12435.2
301303.SZ,20260821,14300.0,13.91,198913.0,14.08,0.0140043,0.381213,10211.2
301302.SZ,20260821,14700.0,21.57,317079.0,21.73,0.0105763,0.393618,13899.0
301301.SZ,20260821,316900.0,9.25,2931325.0,9.45,0.0511144,1.33959,61998.2
301300.SZ,20260821,1300.0,32.2,41860.0,32.23,0.00332696,0.14866,3907.48
301299.SZ,20260821,4600.0,43.6,200560.0,43.97,0.0100306,0.402395,4585.97
301298.SZ,20260821,7500.0,12.71,95325.0,12.76,0.00693268,0.51362,10818.3
301297.SZ,20260821,23600.0,34.59,816324.0,34.66,0.00446778,0.155927,52822.7
301296.SZ,20260821,16900.0,6.39,107991.0,6.43,0.00395292,0.612748,42753.2
301295.SZ,20260821,9400.0,37.5,352500.0,38.26,0.0319728,0.279179,2940.0
301293.SZ,20260821,37400.0,52.12,1949288.0,53.05,0.0181565,0.376362,20598.7
301322.SZ,20260821,1000.0,39.52,39520.0,40.1,0.00103936,0.0208672,9621.27
301325.SZ,20260821,6000.0,29.43,176580.0,29.76,0.00416977,0.397962,14389.3
301291.SZ,20260821,23200.0,37.0,858400.0,37.36,0.0141769,0.205086,16364.7
301326.SZ,20260821,7100.0,109.36,776456.0,108.28,0.00985086,0.29058,7207.49
301366.SZ,20260821,75200.0,57.5,4324000.0,56.76,0.0642755,0.542628,11699.6
301365.SZ,20260821,1300.0,38.09,49517.0,38.46,0.00105293,0.0210417,12346.6
301363.SZ,20260821,94400.0,16.83,1588752.0,17.0,0.0180832,0.485791,52203.0
301362.SZ,20260821,6100.0,119.0,725900.0,119.67,0.0148982,0.145441,4094.47
301361.SZ,20260821,1700.0,26.28,44676.0,26.62,0.00301761,0.131077,5633.6
301360.SZ,20260821,99900.0,57.49,5743251.0,55.79,0.293353,3.68469,3405.45
301359.SZ,20260821,5600.0,16.71,93576.0,16.8,0.00787102,0.374831,7114.7
301358.SZ,20260821,278800.0,65.9,18372920.0,64.96,0.0364764,0.955677,76433.0
301357.SZ,20260821,11100.0,89.82,997002.0,89.82,0.0116597,0.232637,9520.0
301356.SZ,20260821,7300.0,19.67,143591.0,19.7,0.00576176,0.406487,12669.8
301355.SZ,20260821,4300.0,10.08,43344.0,10.1,0.00307763,0.199212,13971.8
301353.SZ,20260821,10200.0,19.09,194718.0,19.09,0.0249835,0.673475,4082.69
301349.SZ,20260821,6300.0,43.49,273987.0,43.98,0.0055992,0.135322,11251.6
301348.SZ,20260821,32000.0,20.5,656000.0,20.79,0.0165393,0.181438,19347.9
301345.SZ,20260821,500.0,248.0,124000.0,250.1,0.00142736,0.0423783,3502.97
301339.SZ,20260821,2700.0,10.91,29457.0,10.93,0.000471009,0.0732148,57323.8
301338.SZ,20260821,10200.0,96.0,979200.0,96.66,0.00939789,0.214504,10853.5
301337.SZ,20260821,7100.0,26.12,185452.0,26.68,0.0069653,0.461133,10193.4
301336.SZ,20260821,1200.0,42.0,50400.0,42.28,0.00298761,0.0758829,4016.59
301335.SZ,20260821,25300.0,24.1,609730.0,24.17,0.0286225,0.574646,8839.19
301333.SZ,20260821,39100.0,59.91,2342481.0,61.16,0.0405356,1.08209,9645.85
301332.SZ,20260821,13300.0,7.88,104804.0,7.89,0.0050219,0.334067,26484.0
301331.SZ,20260821,11800.0,22.33,263494.0,22.81,0.0114968,0.553368,10263.7
301330.SZ,20260821,6000.0,24.18,145080.0,24.16,0.00293157,0.31195,20466.9
301329.SZ,20260821,7000.0,19.3,135100.0,19.45,0.0105996,0.215246,6604.0
301328.SZ,20260821,1500.0,58.88,88320.0,59.43,0.00130249,0.0537457,11516.4
301327.SZ,20260821,1500.0,43.37,65055.0,43.43,0.000860184,0.171811,17438.1
301292.SZ,20260821,64300.0,65.29,4198147.0,65.49,0.0754791,0.489446,8518.92
301290.SZ,20260821,18100.0,29.3,530330.0,29.5,0.0227448,0.716425,7957.85
301213.SZ,20260821,5800.0,42.84,248472.0,43.25,0.00801155,0.419646,7239.55
301255.SZ,20260821,2700.0,20.1,54270.0,20.23,0.0020198,0.24338,13367.7
301251.SZ,20260821,34800.0,48.99,1704852.0,48.42,0.046038,0.299587,7558.97
301248.SZ,20260821,15200.0,61.95,941640.0,61.89,0.0135317,0.231832,11232.9
301246.SZ,20260821,32400.0,21.0,680400.0,21.22,0.0190501,0.413768,17007.7
301239.SZ,20260821,11100.0,34.47,382617.0,35.17,0.00781448,0.391236,14204.4
301238.SZ,20260821,19600.0,15.86,310856.0,15.97,0.00267273,0.237355,73333.3
301237.SZ,20260821,800.0,53.05,42440.0,53.48,0.00137339,0.0662381,5825.0
301236.SZ,20260821,67600.0,36.97,2499172.0,37.36,0.00860369,0.241858,78570.9
301235.SZ,20260821,44200.0,43.62,1928004.0,43.73,0.042411,0.300809,10421.8
301234.SZ,20260821,79400.0,90.55,7189670.0,92.48,0.197657,2.53038,4017.06
301233.SZ,20260821,0.0,,0.0,32.83,0.0,0.0,3937.61
301232.SZ,20260821,66900.0,102.0,6823800.0,102.16,0.10688,0.844605,6259.33
301231.SZ,20260821,47000.0,27.71,1302370.0,27.52,0.0718314,1.0016,6543.1
301230.SZ,20260821,496070.0,36.18,17947812.6,37.53,0.304809,2.09812,16274.8
301229.SZ,20260821,18100.0,12.02,217562.0,12.06,0.0140005,0.454846,12928.1
301228.SZ,20260821,7900.0,56.92,449668.0,57.49,0.00661418,0.225168,11944.0
301227.SZ,20260821,14700.0,28.59,420273.0,28.88,0.0198895,0.471889,7390.84
301226.SZ,20260821,1700.0,28.57,48569.0,28.8,0.0015625,0.0881244,10880.0
301225.SZ,20260821,8500.0,55.88,474980.0,56.9,0.0193235,0.295046,4398.8
301223.SZ,20260821,9100.0,16.66,151606.0,16.78,0.00471191,1.10287,19312.8
301222.SZ,20260821,5300.0,24.45,129585.0,24.46,0.00497185,0.333694,10660.0
301221.SZ,20260821,1600.0,26.75,42800.0,26.83,0.0017909,0.0934232,8934.08
301220.SZ,20260821,8700.0,27.44,238728.0,27.71,0.0111514,0.776714,7801.71
301219.SZ,20260821,107410.0,46.5,4994565.0,47.46,0.0393097,1.51102,27324.0
301218.SZ,20260821,2500.0,40.51,101275.0,40.7,0.00356792,0.0234395,7006.88
301217.SZ,20260821,163450.0,112.22,18342359.0,113.19,0.0197162,0.36113,82901.6
301216.SZ,20260821,33000.0,16.41,541530.0,16.57,0.00605937,0.31502,54461.1
301215.SZ,20260821,10500.0,5.11,53655.0,5.12,0.000794011,0.142992,132240.0
301252.SZ,20260821,7200.0,32.91,236952.0,32.91,0.00530555,0.273762,13570.7
301256.SZ,20260821,14500.0,10.0,145000.0,10.04,0.00302083,0.29,48000.0
301289.SZ,20260821,3338.0,42.7,142532.6,42.95,0.00430705,0.710951,7750.09
301257.SZ,20260821,105300.0,51.5,5422950.0,52.21,0.139806,1.91583,7531.89
301288.SZ,20260821,6200.0,17.02,105524.0,17.18,0.00793756,0.462867,7810.96
301287.SZ,20260821,2600.0,39.8,103480.0,40.03,0.015266,0.125359,1703.14
301286.SZ,20260821,21600.0,42.65,921240.0,43.14,0.0133922,1.01351,16128.8
301285.SZ,20260821,7600.0,87.5,665000.0,87.68,0.00367736,0.272377,20667.0
301283.SZ,20260821,6000.0,26.05,156300.0,26.31,0.00656734,0.514852,9136.12
301282.SZ,20260821,178000.0,36.58,6511240.0,36.71,0.100805,0.523085,17657.8
301281.SZ,20260821,9600.0,43.48,417408.0,44.16,0.0135303,0.382877,7095.2
301280.SZ,20260821,5500.0,42.45,233475.0,42.2,0.00553134,0.328326,9943.34
301279.SZ,20260821,2900.0,20.2,58580.0,20.07,0.00222223,0.143166,13050.0
301278.SZ,20260821,2500.0,27.21,68025.0,27.43,0.00486363,0.22999,5140.2
301277.SZ,20260821,251500.0,10.9,2741350.0,11.19,0.0641453,2.18408,39207.8
301276.SZ,20260821,14400.0,20.9,300960.0,20.9,0.0199259,0.479726,7226.76
301275.SZ,20260821,17500.0,41.06,718550.0,41.37,0.00581667,0.411735,30085.9
301273.SZ,20260821,11900.0,38.38,456722.0,38.45,0.0154584,0.212693,7698.06
301272.SZ,20260821,2800.0,34.22,95816.0,34.28,0.00756475,0.436966,3701.38
301270.SZ,20260821,2400.0,31.76,76224.0,31.74,0.00253987,0.0711119,9449.28
301269.SZ,20260821,20700.0,94.99,1966293.0,94.64,0.00377824,0.263791,54787.5
301268.SZ,20260821,4800.0,13.12,62976.0,13.2,0.00132401,0.149552,36253.5
301267.SZ,20260821,42400.0,16.42,696208.0,16.6,0.00653873,0.828626,64844.4
301266.SZ,20260821,33900.0,23.16,785124.0,23.3,0.024994,0.770541,13563.2
301265.SZ,20260821,3000.0,19.59,58770.0,19.7,0.00122985,0.0365922,24393.3
301263.SZ,20260821,18300.0,19.56,357948.0,19.83,0.00502329,0.234102,36430.3
301262.SZ,20260821,12700.0,18.8,238760.0,18.93,0.0104034,0.148522,12207.5
301261.SZ,20260821,2000.0,54.83,109660.0,54.85,0.00191242,0.096419,10457.9
301260.SZ,20260821,3900.0,13.28,51792.0,13.48,0.00189934,0.190236,20533.4
301259.SZ,20260821,9900.0,23.4,231660.0,23.54,0.00682479,0.178397,14505.9
301258.SZ,20260821,6600.0,26.74,176484.0,27.01,0.00741032,0.550701,8906.5
301069.SZ,20260821,4000.0,16.04,64160.0,16.16,0.000937264,0.0534632,42677.4
301068.SZ,20260821,1400.0,27.99,39186.0,28.32,0.00139551,0.0983391,10032.2
301067.SZ,20260821,3500.0,28.88,101080.0,29.15,0.00548341,0.111706,6382.89
300902.SZ,20260821,9500.0,15.91,151145.0,16.1,0.00761246,0.173246,12479.5
300900.SZ,20260821,115800.0,21.92,2538336.0,21.86,0.0450961,0.506987,25678.5
300899.SZ,20260821,2600.0,29.06,75556.0,29.15,0.00635137,0.414752,4093.61
300898.SZ,20260821,6800.0,21.03,143004.0,21.25,0.00592626,0.145294,11474.4
300897.SZ,20260821,3400.0,15.88,53992.0,15.65,0.00278105,0.105173,12225.6
300896.SZ,20260821,68700.0,97.25,6681075.0,97.12,0.0336021,1.60329,20445.1
300895.SZ,20260821,67275.0,52.13,3507045.75,54.73,0.0486892,0.533517,13817.2
300894.SZ,20260821,14300.0,11.0,157300.0,11.12,0.00486264,0.185975,29407.9
300893.SZ,20260821,6900.0,15.15,104535.0,15.15,0.00275033,0.285471,25087.9
300892.SZ,20260821,6900.0,22.88,157872.0,23.0,0.0106873,0.154192,6456.25
300891.SZ,20260821,10400.0,7.14,74256.0,7.19,0.00311868,0.184023,33347.4
300890.SZ,20260821,14000.0,26.1,365400.0,26.15,0.0128089,0.423815,10929.9
300889.SZ,20260821,0.0,,0.0,21.07,0.0,0.0,14636.7
300888.SZ,20260821,15200.0,29.85,453720.0,29.93,0.00261906,0.441064,58036.1
300887.SZ,20260821,42300.0,7.17,303291.0,7.28,0.0116787,0.299787,36219.7
300886.SZ,20260821,69600.0,24.8,1726080.0,24.8,0.147557,2.70511,4716.83
300885.SZ,20260821,6604.0,19.8,130759.2,19.61,0.00395407,0.178144,16701.8
300884.SZ,20260821,10600.0,12.23,129638.0,12.38,0.00553785,0.13669,19141.0
300883.SZ,20260821,79400.0,6.39,507366.0,6.44,0.0240115,0.592826,33067.5
300882.SZ,20260821,5700.0,14.27,81339.0,14.34,0.00214023,0.266746,26632.7
300881.SZ,20260821,8500.0,33.04,280840.0,33.1,0.0148068,0.541513,5740.62
300880.SZ,20260821,3400.0,19.17,65178.0,19.39,0.00174255,0.127214,19511.6
300879.SZ,20260821,6700.0,16.59,111153.0,16.72,0.00333286,0.251017,20102.8
300878.SZ,20260821,13400.0,32.79,439386.0,33.33,0.00929755,0.38062,14412.4
300877.SZ,20260821,32800.0,29.22,958416.0,29.37,0.0273336,0.879935,11999.9
300876.SZ,20260821,6800.0,15.33,104244.0,15.43,0.00599632,0.339138,11340.3
300875.SZ,20260821,13000.0,32.08,417040.0,32.37,0.0148078,0.35645,8779.17
300873.SZ,20260821,26000.0,15.29,397540.0,15.49,0.0111145,0.208333,23392.8
300901.SZ,20260821,23800.0,18.58,442204.0,18.57,0.00991667,0.338323,24000.0
300903.SZ,20260821,124300.0,77.42,9623306.0,78.82,0.0353748,0.417118,35138.0
300871.SZ,20260821,27400.0,23.7,649380.0,23.99,0.0135789,0.277378,20178.4
300904.SZ,20260821,2500.0,40.52,101300.0,40.95,0.00722894,0.384296,3458.32
300933.SZ,20260821,32700.0,6.24,204048.0,6.3,0.00597707,0.349625,54709.0
300932.SZ,20260821,47700.0,10.6,505620.0,10.62,0.014944,0.327418,31919.1
300931.SZ,20260821,38600.0,15.9,613740.0,15.65,0.0197441,0.264322,19550.1
300930.SZ,20260821,15900.0,25.1,399090.0,25.18,0.0337401,1.22161,4712.5
300929.SZ,20260821,56600.0,15.3,865980.0,15.33,0.0451498,0.402738,12536.0
300928.SZ,20260821,6400.0,25.22,161408.0,25.31,0.0119429,0.562169,5358.82
300927.SZ,20260821,586800.0,25.94,15221592.0,25.94,0.416616,7.32618,14084.9
300926.SZ,20260821,8800.0,17.39,153032.0,17.45,0.00295309,0.194002,29799.3
300925.SZ,20260821,7600.0,14.21,107996.0,14.31,0.00217446,0.104519,34951.2
300923.SZ,20260821,13400.0,24.68,330712.0,24.68,0.0175561,0.719527,7632.66
300922.SZ,20260821,8200.0,16.93,138826.0,17.09,0.00649706,0.19941,12621.1
300921.SZ,20260821,23200.0,15.34,355888.0,15.33,0.0143312,0.286139,16188.5
300920.SZ,20260821,5200.0,33.89,176228.0,33.7,0.00602208,0.219274,8634.89
300919.SZ,20260821,12900.0,39.56,510324.0,39.75,0.00141029,0.141405,91470.8
300918.SZ,20260821,15000.0,10.19,152850.0,10.21,0.00296364,0.297712,50613.4
300917.SZ,20260821,179000.0,26.9,4815100.0,26.9,0.105917,1.72343,16900.0
300916.SZ,20260821,9400.0,25.02,235188.0,25.3,0.0100625,0.158528,9341.58
300915.SZ,20260821,1700.0,20.36,34612.0,20.57,0.0029545,0.142524,5753.93
300913.SZ,20260821,21700.0,34.85,756245.0,35.34,0.00759128,0.245077,28585.4
300912.SZ,20260821,16900.0,19.12,323128.0,19.12,0.0196571,0.336249,8597.42
300911.SZ,20260821,229300.0,24.22,5553646.0,24.66,0.133824,1.09965,17134.4
300910.SZ,20260821,29500.0,26.6,784700.0,26.46,0.0109961,0.613141,26827.6
300909.SZ,20260821,27100.0,55.19,1495649.0,55.75,0.0221748,0.470041,12221.1
300908.SZ,20260821,6300.0,24.8,156240.0,25.0,0.00512226,0.123062,12299.3
300907.SZ,20260821,35300.0,50.41,1779473.0,51.08,0.0367708,0.631146,9600.0
300906.SZ,20260821,13500.0,30.32,409320.0,30.74,0.0186843,0.865208,7225.3
300905.SZ,20260821,11100.0,35.87,398157.0,36.0,0.00796681,0.151618,13932.8
300872.SZ,20260821,260000.0,15.06,3915600.0,14.75,0.0616075,2.44098,42202.7
300870.SZ,20260821,26100.0,208.0,5428800.0,214.15,0.0171005,0.357637,15262.7
301066.SZ,20260821,13900.0,12.01,166939.0,12.01,0.00596268,0.410958,23311.7
300839.SZ,20260821,8300.0,10.37,86071.0,10.39,0.00293098,0.150132,28318.1
300837.SZ,20260821,7200.0,23.02,165744.0,23.25,0.00952453,0.504258,7559.43
300836.SZ,20260821,24600.0,48.84,1201464.0,49.3,0.0387706,0.821504,6345.01
300835.SZ,20260821,9900.0,156.87,1553013.0,157.26,0.0118456,0.276077,8357.54
300834.SZ,20260821,5200.0,38.77,201604.0,38.6,0.00270836,0.292012,19199.8
300833.SZ,20260821,800.0,35.94,28752.0,35.8,0.000984571,0.133443,8125.37
300832.SZ,20260821,62700.0,53.7,3366990.0,54.57,0.00917844,0.492635,68312.2
300831.SZ,20260821,1100.0,14.27,15697.0,14.32,0.000596257,0.0201383,18448.4
300830.SZ,20260821,11100.0,8.17,90687.0,8.05,0.00329294,0.141117,33708.5
300829.SZ,20260821,27100.0,15.01,406771.0,15.08,0.0172894,0.318494,15674.3
300828.SZ,20260821,21400.0,16.63,355882.0,16.92,0.0171654,0.129518,12466.9
300827.SZ,20260821,18100.0,25.29,457749.0,25.41,0.00414624,0.149708,43654.0
300826.SZ,20260821,35500.0,15.0,532500.0,15.02,0.0161699,0.514789,21954.4
300825.SZ,20260821,50600.0,10.45,528770.0,10.58,0.010444,0.243366,48448.8
300824.SZ,20260821,4100.0,7.68,31488.0,7.75,0.00128539,0.0877907,31896.8
300823.SZ,20260821,31400.0,14.93,468802.0,15.07,0.0370329,1.30506,8478.94
300822.SZ,20260821,1500.0,11.47,17205.0,11.58,0.000519063,0.0391501,28898.2
300821.SZ,20260821,863000.0,17.03,14696890.0,17.31,0.0719292,0.850349,119979.0
300820.SZ,20260821,5200.0,52.02,270504.0,52.26,0.00465168,0.124119,11178.8
300819.SZ,20260821,7300.0,46.1,336530.0,46.02,0.00541695,0.171436,13476.2
300818.SZ,20260821,2300.0,18.8,43240.0,18.96,0.00161825,0.0648957,14212.9
300817.SZ,20260821,5500.0,15.29,84095.0,15.3,0.00439082,0.209496,12526.1
300816.SZ,20260821,3200.0,49.84,159488.0,50.78,0.00548271,0.180123,5836.53
300815.SZ,20260821,11500.0,16.06,184690.0,16.06,0.00294585,0.205203,39038.0
300814.SZ,20260821,22400.0,137.62,3082688.0,137.2,0.0117014,0.227268,19143.0
300813.SZ,20260821,85000.0,21.35,1814750.0,21.71,0.111767,1.94177,7605.11
300812.SZ,20260821,22800.0,19.26,439128.0,19.4,0.0128133,0.324702,17794.0
300811.SZ,20260821,18300.0,76.61,1401963.0,76.93,0.00546691,0.130004,33474.1
300838.SZ,20260821,4400.0,13.65,60060.0,13.75,0.00432464,0.174752,10174.3
300840.SZ,20260821,51000.0,18.78,957780.0,19.02,0.0287997,0.853802,17708.5
300869.SZ,20260821,58800.0,11.6,682080.0,11.79,0.0222951,1.21023,26373.5
300841.SZ,20260821,425400.0,56.15,23886210.0,60.31,0.349907,6.50355,12157.5
300868.SZ,20260821,19900.0,84.85,1688515.0,87.82,0.0246414,0.668414,8075.83
300867.SZ,20260821,173500.0,17.35,3010225.0,17.8,0.0905401,2.01369,19162.8
300866.SZ,20260821,4500.0,116.2,522900.0,115.58,0.00145497,0.177721,30928.5
300865.SZ,20260821,123300.0,28.08,3462264.0,29.32,0.214501,1.99082,5748.22
300864.SZ,20260821,18000.0,20.51,369180.0,20.96,0.0113133,0.897197,15910.4
300863.SZ,20260821,8300.0,41.32,342956.0,41.27,0.00330519,0.104721,25112.0
300862.SZ,20260821,0.0,,0.0,56.5,,0.0,
300861.SZ,20260821,12500.0,16.69,208625.0,16.85,0.00296303,0.105307,42186.5
300860.SZ,20260821,400.0,27.0,10800.0,27.05,0.000365574,0.0205053,10941.7
300859.SZ,20260821,22900.0,26.35,603415.0,26.55,0.0147742,0.900186,15500.0
300858.SZ,20260821,127500.0,15.56,1983900.0,15.85,0.0651374,1.43215,19574.0
300857.SZ,20260821,34900.0,244.9,8547010.0,247.38,0.00716839,0.1499,48686.0
300856.SZ,20260821,5500.0,11.0,60500.0,11.03,0.00119634,0.0625419,45973.6
300855.SZ,20260821,55500.0,32.16,1784880.0,32.31,0.0189448,0.467578,29295.6
300854.SZ,20260821,15040.0,17.93,269667.2,18.21,0.0131952,0.206385,11398.1
300853.SZ,20260821,14300.0,27.34,390962.0,27.2,0.0145452,0.244343,9831.41
300852.SZ,20260821,29300.0,44.91,1315863.0,45.36,0.0189086,0.389157,15495.6
300851.SZ,20260821,7700.0,24.01,184877.0,24.26,0.0156062,0.818018,4933.94
300850.SZ,20260821,6200.0,25.29,156798.0,25.3,0.00206127,0.0618057,30078.5
300849.SZ,20260821,12800.0,20.3,259840.0,20.52,0.0116079,0.306064,11027.0
300848.SZ,20260821,0.0,,0.0,12.59,0.0,0.0,25312.3
300847.SZ,20260821,3300.0,13.72,45276.0,13.82,0.00111483,0.0790245,29601.0
300846.SZ,20260821,63800.0,18.65,1189870.0,18.85,0.0153298,0.165034,41618.2
300845.SZ,20260821,35700.0,12.1,431970.0,12.27,0.0248293,0.455854,14378.2
300844.SZ,20260821,4000.0,23.27,93080.0,23.47,0.00445182,0.413201,8985.09
300843.SZ,20260821,121600.0,145.35,17674560.0,145.38,0.0757635,1.19921,16050.0
300842.SZ,20260821,2300.0,61.0,140300.0,61.47,0.00178127,0.0460055,12912.1
300935.SZ,20260821,16200.0,31.08,503496.0,30.96,0.0268837,0.358205,6025.95
300936.SZ,20260821,69100.0,87.76,6064216.0,88.14,0.145715,1.67752,4742.12
300937.SZ,20260821,89900.0,27.21,2446179.0,27.75,0.147413,0.779041,6098.5
301032.SZ,20260821,9600.0,9.99,95904.0,10.06,0.00600477,0.33328,15987.3
301030.SZ,20260821,54800.0,8.39,459772.0,8.47,0.0271145,0.848592,20210.6
301029.SZ,20260821,31300.0,24.7,773110.0,24.84,0.00691159,0.406056,45286.3
301028.SZ,20260821,71500.0,12.8,915200.0,12.68,0.0285315,1.62012,25060.0
301027.SZ,20260821,5000.0,18.64,93200.0,18.8,0.00412568,0.0841141,12119.2
301026.SZ,20260821,111660.0,21.58,2409622.8,21.13,0.0697732,0.906729,16003.3
301025.SZ,20260821,42700.0,9.08,387716.0,9.18,0.0154068,0.196997,27715.1
301024.SZ,20260821,4000.0,31.48,125920.0,31.73,0.00649773,0.523001,6156.0
301023.SZ,20260821,7800.0,29.28,228384.0,29.24,0.0150682,0.534847,5176.47
301022.SZ,20260821,44700.0,22.0,983400.0,22.95,0.0669501,4.10914,6676.61
301021.SZ,20260821,66400.0,75.06,4983984.0,77.33,0.0434839,0.58062,15270.0
301020.SZ,20260821,4900.0,20.21,99029.0,20.41,0.00334699,0.271833,14640.0
301019.SZ,20260821,4400.0,14.97,65868.0,14.91,0.00303142,0.229852,14514.7
301018.SZ,20260821,50600.0,85.23,4312638.0,86.5,0.0178911,0.300133,28282.3
301017.SZ,20260821,11800.0,13.24,156232.0,13.36,0.00456135,0.101316,25869.5
301016.SZ,20260821,1700.0,11.8,20060.0,11.83,0.000578578,0.0603391,29382.4
301015.SZ,20260821,141900.0,25.75,3653925.0,26.2,0.0269999,0.821015,52555.7
301013.SZ,20260821,50443.0,40.84,2060092.12,41.0,0.0266553,0.152316,18924.2
301012.SZ,20260821,23800.0,24.98,594524.0,25.2,0.0120837,0.243744,19696.0
301011.SZ,20260821,7300.0,15.02,109646.0,15.07,0.00497625,0.353675,14669.7
301010.SZ,20260821,10800.0,17.36,187488.0,17.48,0.01,0.901852,10800.0
301009.SZ,20260821,16100.0,9.09,146349.0,9.15,0.0106598,0.613849,15103.5
301008.SZ,20260821,103500.0,39.51,4089285.0,39.66,0.0895013,0.669331,11564.1
301007.SZ,20260821,1100.0,26.54,29194.0,26.83,0.000726912,0.0301008,15132.5
301006.SZ,20260821,8600.0,13.73,118078.0,13.8,0.01026,0.692248,8382.09
301005.SZ,20260821,381800.0,71.26,27207068.0,71.92,0.207347,2.17087,18413.6
301004.SZ,20260821,1000.0,34.55,34550.0,34.66,0.000734714,0.134707,13610.7
301003.SZ,20260821,4100.0,55.23,226443.0,56.4,0.00545647,0.157068,7514.01
301031.SZ,20260821,4800.0,88.92,426816.0,89.71,0.00417759,0.267493,11489.9
301033.SZ,20260821,55400.0,59.88,3317352.0,60.32,0.09825,2.96719,5638.67
300938.SZ,20260821,2800.0,27.6,77280.0,27.75,0.000946425,0.0240791,29585.0
301035.SZ,20260821,8900.0,52.21,464669.0,52.75,0.00244531,0.708911,36396.2
301065.SZ,20260821,10100.0,19.43,196243.0,19.43,0.0117051,0.578134,8628.75
301063.SZ,20260821,20900.0,17.97,375573.0,18.03,0.021625,1.9002,9664.73
301062.SZ,20260821,8400.0,6.69,56196.0,6.69,0.00305176,0.0954275,27525.1
301061.SZ,20260821,51000.0,34.63,1766130.0,35.0,0.0269929,1.82159,18893.9
301060.SZ,20260821,1234800.0,11.75,14508900.0,12.16,0.342842,2.09638,36016.6
301059.SZ,20260821,9700.0,11.31,109707.0,11.42,0.00469632,0.499271,20654.5
301058.SZ,20260821,58100.0,8.43,489783.0,8.53,0.0113416,0.399314,51227.4
301057.SZ,20260821,12900.0,21.4,276060.0,21.44,0.0159225,0.681796,8101.73
301056.SZ,20260821,12200.0,10.72,130784.0,10.88,0.00693198,0.36533,17599.6
301055.SZ,20260821,6100.0,29.0,176900.0,29.34,0.00399561,0.195763,15266.8
301053.SZ,20260821,30900.0,41.39,1278951.0,41.9,0.0252301,0.38873,12247.3
301052.SZ,20260821,3400.0,22.83,77622.0,23.0,0.0042373,0.0830284,8023.98
301051.SZ,20260821,40460.0,20.23,818505.8,20.34,0.0179156,0.258573,22583.7
301050.SZ,20260821,6100.0,30.73,187453.0,30.78,0.00289276,0.195431,21087.1
301049.SZ,20260821,4300.0,19.98,85914.0,20.14,0.0100405,0.419469,4282.64
301048.SZ,20260821,13200.0,9.13,120516.0,9.19,0.002475,0.408179,53333.3
301047.SZ,20260821,395555.0,124.31,49171442.05,131.51,0.330785,2.53331,11958.1
301046.SZ,20260821,11100.0,21.83,242313.0,21.94,0.00852567,0.286903,13019.5
301045.SZ,20260821,1400.0,65.0,91000.0,65.2,0.00200815,0.0308242,6971.6
301043.SZ,20260821,11200.0,43.88,491456.0,43.88,0.0197365,1.04995,5674.77
301042.SZ,20260821,21900.0,32.0,700800.0,32.37,0.0237396,0.384129,9225.1
301041.SZ,20260821,20400.0,24.91,508164.0,25.18,0.0258322,0.49632,7897.13
301040.SZ,20260821,19000.0,26.57,504830.0,26.94,0.0201348,0.792116,9436.42
301039.SZ,20260821,45000.0,8.03,361350.0,8.06,0.00309826,0.290189,145243.0
301038.SZ,20260821,200.0,15.95,3190.0,15.95,8.96539e-05,0.0102523,22308.0
301037.SZ,20260821,7500.0,13.01,97575.0,13.1,0.0110298,0.397901,6799.78
301036.SZ,20260821,2300.0,22.07,50761.0,22.29,0.00326546,0.322154,7043.41
301002.SZ,20260821,34600.0,27.07,936622.0,27.45,0.0394098,0.493142,8779.54
301001.SZ,20260821,3200.0,23.68,75776.0,23.84,0.00636183,0.296209,5030.0
301000.SZ,20260821,5200.0,23.51,122252.0,23.52,0.00226468,0.139593,22961.3
300999.SZ,20260821,46200.0,25.4,1173480.0,25.51,0.00851382,0.31488,54264.7
300967.SZ,20260821,129900.0,16.72,2171928.0,16.74,0.104089,1.10041,12479.7
300966.SZ,20260821,4700.0,25.7,120790.0,25.95,0.00613043,0.210984,7666.67
300965.SZ,20260821,2800.0,43.42,121576.0,43.16,0.0051762,0.2608,5409.38
300964.SZ,20260821,3600.0,56.0,201600.0,56.64,0.00459103,0.085021,7841.38
300963.SZ,20260821,27800.0,11.02,306356.0,11.13,0.00998781,0.396928,27833.9
300962.SZ,20260821,5800.0,12.81,74298.0,12.86,0.00219695,0.202066,26400.2
300961.SZ,20260821,8800.0,11.4,100320.0,11.53,0.00579226,0.218533,15192.7
300960.SZ,20260821,4200.0,16.24,68208.0,16.31,0.00319199,0.349002,13157.9
300959.SZ,20260821,4300.0,93.18,400674.0,93.62,0.00821736,0.137164,5232.82
300958.SZ,20260821,48300.0,12.05,582015.0,12.0,0.0530481,1.77892,9104.94
300957.SZ,20260821,21700.0,32.1,696570.0,32.35,0.00512276,0.29586,42360.0
300956.SZ,20260821,10800.0,11.01,118908.0,11.1,0.0051318,0.172892,21045.2
300955.SZ,20260821,6700.0,30.89,206963.0,30.89,0.00664683,0.413524,10080.0
300953.SZ,20260821,12300.0,99.88,1228524.0,99.51,0.00702656,0.153253,17505.0
300952.SZ,20260821,18300.0,16.15,295545.0,16.3,0.0123167,0.464168,14857.8
300951.SZ,20260821,16000.0,70.38,1126080.0,70.7,0.0105684,0.227873,15139.4
300950.SZ,20260821,2200.0,16.62,36564.0,16.67,0.00224379,0.144836,9804.85
300949.SZ,20260821,5500.0,22.52,123860.0,22.54,0.0110583,0.553382,4973.65
300948.SZ,20260821,18300.0,20.83,381189.0,20.99,0.0117946,0.420975,15515.6
300947.SZ,20260821,25700.0,14.2,364940.0,14.23,0.0170108,0.685586,15108.1
300946.SZ,20260821,3700.0,36.31,134347.0,36.6,0.00488133,0.298288,7579.9
300945.SZ,20260821,112700.0,12.57,1416639.0,12.36,0.0472133,0.973899,23870.4
300943.SZ,20260821,67400.0,30.71,2069854.0,31.0,0.0505151,0.393748,13342.6
300942.SZ,20260821,206000.0,6.81,1402860.0,6.91,0.0508544,2.95087,40507.8
300941.SZ,20260821,5600.0,14.31,80136.0,14.4,0.0045242,0.0959396,12377.9
300940.SZ,20260821,6100.0,13.7,83570.0,13.74,0.00387352,0.154639,15747.9
300939.SZ,20260821,6900.0,62.17,428973.0,62.55,0.00575,0.202824,12000.0
300968.SZ,20260821,9100.0,10.17,92547.0,10.27,0.00220136,0.0782478,41338.0
300969.SZ,20260821,2800.0,71.5,200200.0,72.18,0.00357712,0.128397,7827.53
300970.SZ,20260821,453800.0,20.5,9302900.0,21.74,0.370508,2.30888,12248.1
300986.SZ,20260821,497114.0,12.1,6015079.4,12.27,0.086407,1.03988,57531.7
300998.SZ,20260821,1500.0,26.52,39780.0,26.4,0.00139301,0.0434389,10768.1
300997.SZ,20260821,32912.0,16.78,552263.36,16.8,0.00834078,0.210366,39459.1
300996.SZ,20260821,122200.0,14.4,1759680.0,14.5,0.036681,0.20889,33314.2
300995.SZ,20260821,4100.0,25.78,105698.0,25.99,0.00675122,0.364491,6072.97
300994.SZ,20260821,3300.0,11.19,36927.0,11.25,0.00282864,0.198932,11666.4
300993.SZ,20260821,2100.0,9.94,20874.0,9.99,0.000868288,0.0932174,24185.5
300992.SZ,20260821,2600.0,23.7,61620.0,24.04,0.00333385,0.217228,7798.8
300991.SZ,20260821,18600.0,29.6,550560.0,29.41,0.0201862,0.760387,9214.2
300990.SZ,20260821,29800.0,68.5,2041300.0,68.85,0.0383211,0.507595,7776.39
300989.SZ,20260821,3300.0,13.64,45012.0,13.43,0.00202585,0.0686679,16289.4
300988.SZ,20260821,30900.0,14.36,443724.0,14.51,0.0190621,0.918375,16210.2
300987.SZ,20260821,5100.0,13.15,67065.0,13.3,0.00294172,0.161154,17336.8
300985.SZ,20260821,14200.0,39.8,565160.0,39.13,0.00761343,0.175193,18651.2
300971.SZ,20260821,2800.0,18.82,52696.0,18.94,0.00303514,0.157773,9225.28
300984.SZ,20260821,3400.0,30.71,104414.0,31.0,0.00274128,0.10162,12402.9
300983.SZ,20260821,2100.0,39.98,83958.0,40.1,0.00196679,0.143789,10677.3
300982.SZ,20260821,6000.0,14.72,88320.0,14.76,0.00309442,0.23914,19389.7
300981.SZ,20260821,223000.0,15.16,3380680.0,15.4,0.0567434,1.48497,39299.7
300980.SZ,20260821,7600.0,21.81,165756.0,21.81,0.00772818,0.150838,9834.14
300979.SZ,20260821,17300.0,34.0,588200.0,34.41,0.00148244,0.554298,116699.0
300978.SZ,20260821,6100.0,8.59,52399.0,8.56,0.00212477,0.177834,28708.9
300977.SZ,20260821,22100.0,16.2,358020.0,16.22,0.0233117,1.52174,9480.21
300976.SZ,20260821,32100.0,60.0,1926000.0,60.0,0.0266665,0.532511,12037.6
300975.SZ,20260821,105000.0,25.35,2661750.0,25.45,0.0213383,0.200584,49207.3
300973.SZ,20260821,21800.0,24.81,540858.0,25.17,0.0183867,0.407714,11856.4
300972.SZ,20260821,3000.0,200.98,602940.0,201.68,0.00165471,0.212496,18130.1
301367.SZ,20260821,6200.0,43.76,271312.0,44.35,0.00632013,0.272738,9809.92
301369.SZ,20260821,800.0,132.9,106320.0,134.6,0.00145854,0.0316,5484.92
161122.SZ,20260821,25700.0,0.621,15959.7,0.62,,1.97171,
920378.BJ,20260821,728.0,6.99,5088.72,6.99,0.000653605,0.0866558,11138.2
920374.BJ,20260821,2846.0,14.36,40868.56,14.51,0.00814892,0.567603,3492.49
920371.BJ,20260821,43488.0,7.98,347034.24,8.12,0.0223233,0.758079,19481.0
920370.BJ,20260821,7100.0,2.81,19951.0,2.79,0.00270593,0.274575,26238.6
920368.BJ,20260821,1270.0,23.21,29476.7,23.39,0.000568566,0.0349375,22336.9
920367.BJ,20260821,216396.0,27.01,5844855.96,29.63,0.51532,2.25729,4199.26
920363.BJ,20260821,300.0,10.15,3045.0,10.15,0.000425457,0.026854,7051.24
920357.BJ,20260821,3715.0,15.81,58734.15,15.64,0.00590096,0.261423,6295.59
920351.BJ,20260821,25051.0,13.0,325663.0,12.92,0.0628785,0.926452,3984.03
920346.BJ,20260821,1000.0,14.64,14640.0,14.63,0.00222825,0.257459,4487.83
920344.BJ,20260821,696448.0,23.5,16366528.0,24.76,0.61238,27.246,11372.8
920339.BJ,20260821,2700.0,10.97,29619.0,11.04,0.00178598,0.219412,15117.7
920304.BJ,20260821,3394.0,9.2,31224.8,9.28,0.00250609,0.124355,13543.0
920300.BJ,20260821,900.0,9.41,8469.0,9.47,0.00135274,0.0871207,6653.17
920299.BJ,20260821,2000.0,14.84,29680.0,14.71,0.00440385,0.130594,4541.48
920284.BJ,20260821,1000.0,16.68,16680.0,16.85,0.00149119,0.0540747,6706.07
920278.BJ,20260821,151.0,6.44,972.44,6.45,0.000153074,0.00703489,9864.53
920275.BJ,20260821,300.0,6.5,1950.0,6.55,0.00022742,0.0220296,13191.5
920274.BJ,20260821,5387.0,15.35,82690.45,15.5,0.00662336,0.444127,8133.33
920273.BJ,20260821,3618.0,18.0,65124.0,18.14,0.00527481,0.100559,6859.02
920271.BJ,20260821,500.0,9.22,4610.0,9.2,0.000863701,0.0511033,5789.04
920270.BJ,20260821,2196.0,12.58,27625.68,12.74,0.0027017,0.175867,8128.21
920267.BJ,20260821,0.0,,0.0,16.22,0.0,0.0,2717.7
920266.BJ,20260821,139386.0,7.57,1055152.02,7.84,0.117635,2.44179,11849.0
920263.BJ,20260821,9536.0,6.74,64272.64,6.87,0.00929895,1.9486,10254.9
920262.BJ,20260821,0.0,,0.0,13.61,0.0,0.0,3855.65
920261.BJ,20260821,0.0,,0.0,13.72,0.0,0.0,16024.6
920260.BJ,20260821,100.0,7.96,796.0,8.03,0.00010105,0.0156479,9896.07
920375.BJ,20260821,12640.0,6.85,86584.0,6.92,0.013908,0.541341,9088.27
920392.BJ,20260821,9000.0,13.92,125280.0,13.78,0.0249723,1.57851,3603.99
920252.BJ,20260821,3435.0,15.21,52246.35,15.25,0.00503435,0.253601,6823.12
920394.BJ,20260821,26134.0,43.67,1141271.78,44.7,0.018002,1.76335,14517.3
920491.BJ,20260821,400.0,21.42,8568.0,21.42,0.000345355,0.0189134,11582.3
920489.BJ,20260821,1868.0,13.5,25218.0,13.42,0.00215144,0.0668325,8682.55
920478.BJ,20260821,134851.0,11.47,1546740.97,11.89,0.201258,2.14536,6700.42
920476.BJ,20260821,21194.0,25.91,549136.54,25.65,0.0263837,0.885371,8032.99
920475.BJ,20260821,0.0,,0.0,11.88,0.0,0.0,5619.66
920471.BJ,20260821,4753.0,12.17,57844.01,12.16,0.00896275,0.210234,5303.06
920469.BJ,20260821,298.0,5.5,1639.0,5.5,0.000288067,0.0177311,10344.8
920455.BJ,20260821,23603.0,5.86,138313.58,5.91,0.0242551,2.49367,9731.14
920454.BJ,20260821,0.0,,0.0,10.92,0.0,0.0,4923.05
920445.BJ,20260821,10297.0,7.05,72593.85,7.11,0.00953354,0.205064,10800.8
920438.BJ,20260821,28668.0,121.09,3471408.12,124.0,0.0205662,0.482848,13939.4
920436.BJ,20260821,0.0,,0.0,10.23,0.0,0.0,8938.39
920433.BJ,20260821,22796.0,5.04,114891.84,5.07,0.0134636,0.488915,16931.6
920429.BJ,20260821,4554.0,10.36,47179.44,10.33,0.00401232,0.103998,11350.0
920427.BJ,20260821,270.0,8.53,2303.1,8.49,0.000530368,0.0294915,5090.8
920425.BJ,20260821,117063.0,15.18,1777016.34,15.49,0.141212,5.14319,8289.86
920422.BJ,20260821,0.0,,0.0,9.4,0.0,0.0,6622.27
920419.BJ,20260821,6939.0,11.08,76884.12,11.2,0.00717645,0.465779,9669.13
920418.BJ,20260821,2573.0,17.89,46030.97,18.05,0.0016397,0.125679,15691.9
920415.BJ,20260821,100.0,8.65,865.0,8.67,9.23947e-05,0.00602212,10823.1
920414.BJ,20260821,10016.0,7.82,78325.12,7.82,0.017861,0.880153,5607.76
920407.BJ,20260821,1200.0,11.02,13224.0,11.1,0.0026555,0.0982903,4518.92
920405.BJ,20260821,200.0,18.4,3680.0,18.57,0.000188163,0.0159383,10629.1
920403.BJ,20260821,34760.0,20.68,718836.8,21.31,0.0534745,0.446424,6500.29
920402.BJ,20260821,182236.0,8.5,1549006.0,8.75,0.0667841,2.57207,27287.3
920396.BJ,20260821,3500.0,19.11,66885.0,19.3,0.00703986,0.26211,4971.69
920395.BJ,20260821,18100.0,6.81,123261.0,6.95,0.0172237,3.66637,10508.8
920258.BJ,20260821,1512.0,11.99,18128.88,12.01,0.0042,0.0339822,3600.0
920249.BJ,20260821,76265.0,9.43,719178.95,9.53,0.0611737,0.956058,12467.0
920496.BJ,20260821,5345.0,6.26,33459.7,6.24,0.00368625,0.369307,14499.8
920186.BJ,20260821,13460.0,70.78,952698.8,70.81,0.0114968,0.303924,11707.6
920184.BJ,20260821,300.0,10.99,3297.0,11.05,0.000335691,0.0229565,8936.79
920183.BJ,20260821,0.0,,0.0,28.25,0.0,0.0,1124.98
920181.BJ,20260821,787.0,72.8,57293.6,73.09,0.00785429,0.0878525,1002.0
920180.BJ,20260821,5000.0,12.37,61850.0,12.38,0.0140176,0.888766,3566.95
920179.BJ,20260821,7707.0,51.35,395754.45,51.69,0.0129056,0.185138,5971.85
920178.BJ,20260821,8360.0,89.6,749056.0,92.22,0.0434168,0.661098,1925.52
920177.BJ,20260821,100.0,25.0,2500.0,24.99,0.000539709,0.022491,1852.85
920176.BJ,20260821,4568.0,55.87,255214.16,55.88,0.0574808,0.283466,794.7
920175.BJ,20260821,0.0,,0.0,7.8,0.0,0.0,7927.59
920174.BJ,20260821,400.0,28.98,11592.0,28.98,0.000716928,0.032998,5579.36
920171.BJ,20260821,1648.0,16.05,26450.4,16.13,0.00243672,0.148368,6763.2
920169.BJ,20260821,85582.0,19.61,1678263.02,20.38,0.168331,1.92301,5084.16
920168.BJ,20260821,0.0,,0.0,15.39,0.0,0.0,2817.45
920167.BJ,20260821,100.0,14.64,1464.0,14.79,0.00015299,0.00921962,6536.38
920166.BJ,20260821,1372.0,22.0,30184.0,21.9,0.00577327,0.197057,2376.47
920165.BJ,20260821,37987.0,36.76,1396402.12,36.55,0.39549,2.1548,960.504
920163.BJ,20260821,0.0,,0.0,11.2,0.0,0.0,6068.15
920161.BJ,20260821,16092.0,26.77,430782.84,27.03,0.0436111,0.21003,3689.88
920160.BJ,20260821,0.0,,0.0,20.07,0.0,0.0,2548.8
920159.BJ,20260821,7855.0,29.88,234707.4,30.26,0.0512728,0.453653,1532.0
920158.BJ,20260821,4006.0,8.0,32048.0,8.07,0.00750255,0.285993,5339.52
920156.BJ,20260821,3469.0,37.41,129775.29,37.82,0.0159803,0.278934,2170.8
920152.BJ,20260821,3377.0,12.77,43124.29,12.82,0.00411318,0.318147,8210.19
920149.BJ,20260821,816.0,7.73,6307.68,7.78,0.00128977,0.155109,6326.7
920146.BJ,20260821,4000.0,5.05,20200.0,5.01,0.00368347,0.316744,10859.3
920145.BJ,20260821,700.0,9.98,6986.0,9.89,0.00143348,0.133767,4883.23
920139.BJ,20260821,6400.0,14.74,94336.0,14.66,0.00245814,0.165506,26035.9
920185.BJ,20260821,100.0,20.07,2007.0,20.17,8.9329e-06,0.00288467,111946.0
920187.BJ,20260821,100.0,18.8,1880.0,18.9,0.000301248,0.0145221,3319.53
920247.BJ,20260821,1548.0,14.11,21842.28,14.08,0.00112875,0.075253,13714.3
920188.BJ,20260821,3214.0,21.4,68779.6,21.41,0.0162373,0.656139,1979.39
920245.BJ,20260821,200.0,13.4,2680.0,13.29,0.00037598,0.0246431,5319.43
920242.BJ,20260821,365.0,13.92,5080.8,13.92,0.000692165,0.0755135,5273.31
920239.BJ,20260821,2496.0,21.05,52540.8,21.15,0.00138759,0.328385,17988.0
920238.BJ,20260821,8166.0,62.5,510375.0,62.79,0.0420777,0.346506,1940.69
920237.BJ,20260821,700.0,12.08,8456.0,12.08,0.000750803,0.0944371,9323.35
920230.BJ,20260821,119363.0,10.82,1291507.66,11.22,0.252632,4.16745,4724.77
920227.BJ,20260821,3000.0,47.91,143730.0,48.25,0.0169317,0.670473,1771.82
920225.BJ,20260821,750.0,15.0,11250.0,15.03,0.000905992,0.0216029,8278.22
920223.BJ,20260821,4500.0,10.86,48870.0,10.74,0.00550963,0.399662,8167.52
920222.BJ,20260821,6613.0,25.51,168697.63,25.8,0.0571931,0.310394,1156.26
920221.BJ,20260821,5.0,12.63,63.15,12.74,8.0735e-06,0.00048975,6193.09
920220.BJ,20260821,1487.0,39.83,59227.21,40.08,0.00717116,0.116473,2073.58
920218.BJ,20260821,1375.0,16.78,23072.5,16.78,0.00652394,0.0827401,2107.62
920212.BJ,20260821,2002.0,9.76,19539.52,9.75,0.00387967,0.321895,5160.23
920211.BJ,20260821,1600.0,109.5,175200.0,111.5,0.0137971,0.164065,1159.67
920208.BJ,20260821,0.0,,0.0,12.28,0.0,0.0,16125.7
920207.BJ,20260821,60283.0,20.36,1227361.88,21.36,0.107047,2.47733,5631.45
920206.BJ,20260821,68559.0,41.88,2871250.92,43.56,0.249078,2.59395,2752.51
920204.BJ,20260821,0.0,,0.0,12.87,0.0,0.0,4999.07
920200.BJ,20260821,11200.0,27.0,302400.0,27.49,0.0252429,0.583445,4436.9
920199.BJ,20260821,900.0,25.68,23112.0,26.0,0.002373,0.0522466,3792.68
920198.BJ,20260821,13014.0,7.44,96824.16,7.44,0.0184685,0.321743,7046.6
920195.BJ,20260821,13700.0,12.07,165359.0,12.21,0.0193615,1.63296,7075.9
920193.BJ,20260821,8050.0,32.51,261705.5,32.83,0.0319444,0.154059,2520.0
920191.BJ,20260821,1000.0,8.77,8770.0,8.77,0.00250532,0.0923958,3991.5
920190.BJ,20260821,53664.0,25.38,1361992.32,24.9,0.0539646,0.88451,9944.3
920189.BJ,20260821,32228.0,19.89,641014.92,19.83,0.0379745,0.493006,8486.74
920493.BJ,20260821,2232.0,113.33,252952.56,112.99,0.00500034,0.1102,4463.69
920504.BJ,20260821,4511.0,17.9,80746.9,17.9,0.0263926,0.579826,1709.19
301370.SZ,20260821,15800.0,8.97,141726.0,9.06,0.00335742,0.336529,47060.0
920873.BJ,20260821,0.0,,0.0,6.94,0.0,0.0,11980.6
920870.BJ,20260821,10800.0,11.45,123660.0,11.58,0.0163629,0.520219,6600.29
920866.BJ,20260821,32508.0,6.34,206100.72,6.41,0.0284877,0.480778,11411.2
920857.BJ,20260821,900.0,21.44,19296.0,21.49,0.0012161,0.0487017,7400.72
920856.BJ,20260821,4544.0,14.14,64252.16,14.24,0.00856388,0.0729747,5306.0
920855.BJ,20260821,0.0,,0.0,12.44,0.0,0.0,6703.69
920839.BJ,20260821,1000.0,24.01,24010.0,24.15,0.00153368,0.130933,6520.26
920837.BJ,20260821,100.0,9.54,954.0,9.54,7.31059e-05,0.0168295,13678.8
920834.BJ,20260821,21800.0,9.18,200124.0,9.45,0.0347153,1.57664,6279.64
920833.BJ,20260821,2593.0,9.63,24970.59,9.62,0.00299579,0.1501,8655.49
920832.BJ,20260821,6980.0,6.12,42717.6,6.15,0.00563514,1.3311,12386.6
920826.BJ,20260821,26069.0,8.88,231492.72,8.84,0.0412784,0.26943,6315.42
920821.BJ,20260821,3611.0,17.58,63481.38,17.7,0.00495653,0.167836,7285.34
920819.BJ,20260821,28336.0,2.98,84441.28,3.01,0.00233868,0.255049,121162.0
920810.BJ,20260821,5100.0,9.37,47787.0,9.18,0.00817209,0.252892,6240.75
920809.BJ,20260821,6530.0,7.49,48909.7,7.48,0.00142233,0.0927916,45910.7
920808.BJ,20260821,2972.0,59.0,175348.0,59.29,0.00152597,0.176432,19476.1
920807.BJ,20260821,12326.0,9.21,113522.46,9.34,0.00997645,0.403302,12355.1
920806.BJ,20260821,5400.0,10.03,54162.0,10.08,0.00179559,0.274781,30073.7
920802.BJ,20260821,7205.0,10.23,73707.15,10.33,0.0198936,0.373532,3621.76
920799.BJ,20260821,30785.0,32.32,994971.2,32.07,0.0256392,0.730819,12007.0
920792.BJ,20260821,0.0,,0.0,9.62,0.0,0.0,10162.6
920790.BJ,20260821,4264.0,20.63,87966.32,20.61,0.00784473,0.167734,5435.5
920786.BJ,20260821,131125.0,7.23,948033.75,7.2,0.0949827,1.07326,13805.1
920781.BJ,20260821,0.0,,0.0,5.52,0.0,0.0,12036.6
920779.BJ,20260821,300.0,22.2,6660.0,22.29,0.0014985,0.0446646,2002.0
920770.BJ,20260821,1000.0,10.0,10000.0,9.98,0.00122109,0.0615382,8189.38
920768.BJ,20260821,14443.0,7.0,101101.0,7.05,0.0134492,1.54774,10739.0
920871.BJ,20260821,9900.0,11.11,109989.0,10.9,0.0210575,1.60042,4701.41
920876.BJ,20260821,1569.0,16.06,25198.14,16.12,0.00399763,0.123316,3924.82
920753.BJ,20260821,3500.0,15.33,53655.0,15.33,0.0107002,0.334717,3270.97
920879.BJ,20260821,200.0,12.69,2538.0,12.59,0.000133058,0.0230377,15031.1
920985.BJ,20260821,112.0,4.65,520.8,4.62,5.10674e-05,0.00382404,21931.8
920982.BJ,20260821,26168.0,121.07,3168159.76,123.75,0.0471792,2.15287,5546.51
920981.BJ,20260821,1832.0,29.07,53256.24,29.06,0.00476306,0.0745275,3846.27
920978.BJ,20260821,723.0,19.35,13990.05,19.4,0.000716303,0.0638412,10093.5
920976.BJ,20260821,0.0,,0.0,16.8,0.0,0.0,4411.96
920974.BJ,20260821,161.0,6.18,994.98,6.21,0.000128313,0.0128069,12547.4
920971.BJ,20260821,4568.0,25.88,118219.84,25.99,0.00533005,0.109101,8570.28
920970.BJ,20260821,17001.0,6.21,105576.21,6.31,0.0242624,0.307985,7007.13
920964.BJ,20260821,10243.0,4.74,48551.82,4.77,0.00693513,0.14743,14769.7
920961.BJ,20260821,47407.0,19.79,938184.53,19.12,0.0449508,1.6397,10546.4
920957.BJ,20260821,0.0,,0.0,9.46,0.0,0.0,4270.47
920953.BJ,20260821,7667.0,22.08,169287.36,22.38,0.0128027,0.252009,5988.58
920950.BJ,20260821,100.0,12.7,1270.0,12.79,0.000279954,0.0390266,3572.01
920946.BJ,20260821,2371174.0,9.72,23047811.28,11.2,0.555587,18.8651,42678.7
920943.BJ,20260821,27503.0,15.9,437297.7,16.06,0.0530866,0.547354,5180.78
920942.BJ,20260821,2000.0,16.6,33200.0,16.73,0.00482917,0.337092,4141.5
920932.BJ,20260821,19667.0,11.53,226760.51,11.82,0.0225556,0.890886,8719.36
920931.BJ,20260821,10557.0,10.78,113804.46,10.89,0.0366871,0.403853,2877.58
920926.BJ,20260821,100.0,10.09,1009.0,10.07,0.000124716,0.0192965,8018.24
920925.BJ,20260821,300.0,12.06,3618.0,12.06,0.000542544,0.0187252,5529.51
920924.BJ,20260821,1000.0,14.39,14390.0,14.4,0.0015297,0.0459492,6537.21
920914.BJ,20260821,700.0,17.12,11984.0,17.29,0.000702781,0.0657753,9960.42
920906.BJ,20260821,5650.0,15.9,89835.0,15.85,0.0169386,0.820145,3335.57
920896.BJ,20260821,100.0,11.9,1190.0,12.01,0.000225216,0.0186215,4440.18
920895.BJ,20260821,5820.0,12.77,74321.4,12.76,0.0202527,0.55797,2873.69
920892.BJ,20260821,0.0,,0.0,10.39,0.0,0.0,15085.3
920885.BJ,20260821,4332.0,12.18,52763.76,12.22,0.00489474,0.137527,8850.32
920765.BJ,20260821,9370.0,14.24,133428.8,14.59,0.0177438,0.447347,5280.71
920751.BJ,20260821,200.0,15.89,3178.0,15.97,0.000240769,0.025126,8306.71
920505.BJ,20260821,3284.0,27.43,90080.12,27.65,0.00911945,0.195974,3601.09
920639.BJ,20260821,100.0,6.2,620.0,6.2,8.42079e-05,0.00729262,11875.4
920627.BJ,20260821,600.0,13.42,8052.0,13.55,0.00128157,0.0738224,4681.75
920608.BJ,20260821,0.0,,0.0,13.73,0.0,0.0,4821.89
920599.BJ,20260821,500.0,16.8,8400.0,16.8,0.000142623,0.0304386,35057.4
920593.BJ,20260821,2120.0,23.8,50456.0,23.84,0.00130739,0.0708379,16215.5
920592.BJ,20260821,6960.0,20.21,140661.6,20.07,0.0138409,0.293251,5028.57
920580.BJ,20260821,200.0,10.67,2134.0,10.75,0.00036521,0.0151296,5476.31
920579.BJ,20260821,833.0,14.81,12336.73,14.84,0.00186878,0.0946974,4457.44
920578.BJ,20260821,8983.0,16.44,147680.52,16.59,0.0253035,0.514337,3550.1
920576.BJ,20260821,10492.0,39.8,417581.6,39.63,0.00972651,0.345121,10787.0
920575.BJ,20260821,561845.0,5.62,3157568.9,5.92,0.29911,5.79703,18783.9
920571.BJ,20260821,136929.0,9.09,1244684.61,9.15,0.0462466,0.616632,29608.4
920570.BJ,20260821,0.0,,0.0,23.85,0.0,0.0,2549.07
920566.BJ,20260821,96491.0,10.0,964910.0,10.22,0.0858869,2.82154,11234.7
920564.BJ,20260821,100.0,13.54,1354.0,13.54,0.000203298,0.010868,4918.88
920556.BJ,20260821,74717.0,6.73,502845.41,6.66,0.064201,5.73281,11638.0
920553.BJ,20260821,0.0,,0.0,7.3,0.0,0.0,9380.34
920547.BJ,20260821,7038.0,18.69,131540.22,18.91,0.0186364,1.17444,3776.49
920541.BJ,20260821,9500.0,9.5,90250.0,9.65,0.0105487,1.82492,9005.87
920533.BJ,20260821,9796.0,17.99,176230.04,17.62,0.013394,0.542424,7313.71
920527.BJ,20260821,35495.0,14.39,510773.05,13.95,0.0762394,3.80421,4655.73
920526.BJ,20260821,4366.0,19.47,85006.02,19.47,0.00833723,0.198541,5236.75
920523.BJ,20260821,100.0,15.18,1518.0,15.23,0.000123397,0.0132158,8103.95
920522.BJ,20260821,4900.0,19.3,94570.0,19.45,0.00269195,0.0973299,18202.4
920519.BJ,20260821,0.0,,0.0,9.84,0.0,0.0,7936.73
920510.BJ,20260821,23199.0,22.8,528937.2,22.61,0.0246817,0.230139,9399.27
920509.BJ,20260821,3295.0,19.91,65603.45,20.07,0.0039233,0.148057,8398.55
920508.BJ,20260821,0.0,,0.0,14.27,0.0,0.0,3190.59
920634.BJ,20260821,0.0,,0.0,16.32,0.0,0.0,4057.39
920640.BJ,20260821,1909.0,25.06,47839.54,25.14,0.00105692,0.0692719,18061.8
920748.BJ,20260821,7363.0,24.06,177153.78,23.99,0.0199886,0.58351,3683.6
920641.BJ,20260821,30102.0,13.96,420223.92,14.13,0.066422,1.1964,4531.93
920735.BJ,20260821,42133.0,24.23,1020882.59,24.72,0.0369157,1.61712,11413.3
920729.BJ,20260821,3561.0,7.3,25995.3,7.4,0.00459442,0.17808,7750.7
920726.BJ,20260821,34412.0,16.26,559539.12,16.22,0.0615451,1.01302,5591.35
920725.BJ,20260821,11049.0,73.03,806908.47,74.5,0.0250087,0.191513,4418.07
920720.BJ,20260821,4881.0,9.32,45490.92,9.4,0.00659442,0.426545,7401.72
920719.BJ,20260821,2600.0,7.34,19084.0,7.36,0.00349732,0.185598,7434.27
920718.BJ,20260821,100.0,9.62,962.0,9.7,0.000215007,0.0169125,4651.01
920717.BJ,20260821,3660.0,8.14,29792.4,8.14,0.00826558,0.18439,4428.0
920706.BJ,20260821,1300.0,13.5,17550.0,13.59,0.00272698,0.134024,4767.19
920703.BJ,20260821,300.0,9.81,2943.0,9.81,0.000393364,0.0564192,7626.51
920701.BJ,20260821,4942.0,13.5,66717.0,13.63,0.00493178,0.304712,10020.7
920699.BJ,20260821,5175.0,82.25,425643.75,83.08,0.0177072,0.301321,2922.54
920694.BJ,20260821,65249.0,17.0,1109233.0,15.14,0.104454,10.149,6246.68
920693.BJ,20260821,600.0,22.27,13362.0,22.49,0.0016389,0.0806683,3661.0
920690.BJ,20260821,4500.0,16.16,72720.0,16.45,0.00803158,0.207887,5602.88
920689.BJ,20260821,200.0,19.93,3986.0,19.91,0.000527279,0.0321939,3793.06
920685.BJ,20260821,79543.0,12.18,968833.74,12.55,0.136405,3.45722,5831.4
920682.BJ,20260821,19203.0,5.68,109073.04,5.71,0.00850417,1.1248,22580.7
920679.BJ,20260821,1300.0,15.61,20293.0,15.54,0.00349697,0.593978,3717.5
920675.BJ,20260821,33887.0,7.22,244664.14,7.29,0.0428852,3.50035,7901.79
920670.BJ,20260821,5509.0,12.6,69413.4,12.6,0.0082676,0.407074,6663.36
920665.BJ,20260821,200.0,8.57,1714.0,8.57,0.000311618,0.019835,6418.11
920663.BJ,20260821,16229.0,12.6,204485.4,12.71,0.0253275,2.32598,6407.65
920662.BJ,20260821,4085.0,18.18,74265.3,18.3,0.0151262,0.158103,2700.61
920656.BJ,20260821,43910.0,14.85,652063.5,14.66,0.135624,6.41325,3237.63
920651.BJ,20260821,5658.0,25.48,144165.84,25.73,0.0136445,0.526101,4146.74
920642.BJ,20260821,3924.0,9.92,38926.08,9.92,0.00392569,0.151393,9995.69
920138.BJ,20260821,13518.0,39.0,527202.0,39.07,0.0390538,0.188477,3461.38
920136.BJ,20260821,2400.0,20.1,48240.0,20.25,0.0114286,0.13259,2100.0
920132.BJ,20260821,700.0,8.65,6055.0,8.6,0.00191465,0.143488,3656.02
301567.SZ,20260821,5200.0,35.51,184652.0,36.02,0.0244823,0.469504,2123.99
301565.SZ,20260821,9100.0,19.32,175812.0,19.49,0.00710882,0.229367,12801.0
301563.SZ,20260821,3400.0,122.1,415140.0,122.82,0.0177678,0.175793,1913.57
301560.SZ,20260821,2500.0,22.49,56225.0,22.61,0.00409433,0.167933,6106.0
301559.SZ,20260821,0.0,,0.0,13.09,0.0,0.0,9000.0
301558.SZ,20260821,13900.0,6.61,91879.0,6.61,0.0063331,0.282345,21948.2
301557.SZ,20260821,7800.0,86.1,671580.0,86.96,0.0313619,0.668373,2487.1
301556.SZ,20260821,22000.0,59.21,1302620.0,59.8,0.0746269,0.602424,2948.0
301555.SZ,20260821,3300.0,30.46,100518.0,30.62,0.00682597,0.174547,4834.48
301552.SZ,20260821,800.0,24.89,19912.0,25.05,0.00258565,0.0371763,3094.0
301551.SZ,20260821,15500.0,20.1,311550.0,20.25,0.0100289,0.208668,15455.4
301550.SZ,20260821,60900.0,82.77,5040693.0,84.03,0.0296713,0.480346,20524.9
301548.SZ,20260821,8600.0,61.8,531480.0,60.9,0.0327807,0.627281,2623.5
301539.SZ,20260821,2500.0,14.72,36800.0,14.73,0.00333059,0.20469,7506.17
301538.SZ,20260821,8200.0,37.24,305368.0,38.3,0.0187611,0.242029,4370.75
301536.SZ,20260821,36800.0,116.91,4302288.0,117.4,0.0196588,0.259801,18719.3
301535.SZ,20260821,11000.0,14.38,158180.0,14.25,0.00647836,0.420038,16979.6
301533.SZ,20260821,4000.0,26.88,107520.0,26.98,0.0140663,0.293688,2843.67
301531.SZ,20260821,16300.0,49.52,807176.0,50.35,0.0347669,0.482961,4688.37
301529.SZ,20260821,13000.0,100.0,1300000.0,99.15,0.020451,0.286237,6356.67
301528.SZ,20260821,13000.0,54.78,712140.0,55.54,0.0281043,0.741259,4625.63
301526.SZ,20260821,542453.0,32.49,17624297.97,32.49,0.0386254,0.345967,140439.0
301525.SZ,20260821,1500.0,39.58,59370.0,39.69,0.00216883,0.142921,6916.17
301522.SZ,20260821,7500.0,22.5,168750.0,22.61,0.00270972,0.17145,27678.2
301520.SZ,20260821,389833.0,71.52,27880856.16,74.0,1.19221,2.90963,3269.84
301519.SZ,20260821,7700.0,12.11,93247.0,12.14,0.0101192,0.369814,7609.29
301518.SZ,20260821,1200.0,25.48,30576.0,25.71,0.00204292,0.0332807,5873.95
301517.SZ,20260821,14100.0,38.3,540030.0,37.96,0.0144523,0.474653,9756.21
301566.SZ,20260821,108500.0,25.16,2729860.0,25.35,0.0514007,0.445862,21108.7
301568.SZ,20260821,3500.0,69.17,242095.0,69.65,0.00735304,0.0996383,4759.94
301515.SZ,20260821,9700.0,19.52,189344.0,19.71,0.0143581,0.69331,6755.75
301571.SZ,20260821,1200.0,65.7,78840.0,65.86,0.00100699,0.0343026,11916.7
301609.SZ,20260821,14600.0,32.06,468076.0,32.69,0.0148728,0.401428,9816.57
301608.SZ,20260821,7400.0,47.0,347800.0,46.38,0.0124356,0.515605,5950.64
301607.SZ,20260821,14600.0,43.3,632180.0,43.5,0.00961847,0.142431,15179.1
301606.SZ,20260821,1600.0,50.33,80528.0,50.51,0.000969704,0.0642565,16499.9
301603.SZ,20260821,5600.0,122.5,686000.0,120.76,0.0148413,0.277628,3773.25
301602.SZ,20260821,365600.0,17.63,6445528.0,17.98,0.175348,2.42191,20849.9
301601.SZ,20260821,4500.0,16.05,72225.0,16.26,0.0053267,0.325767,8448.0
301600.SZ,20260821,1700.0,83.79,142443.0,83.8,0.00526993,0.232197,3225.85
301599.SZ,20260821,45100.0,34.0,1533400.0,34.61,0.0824489,0.474603,5470.05
301598.SZ,20260821,300.0,47.49,14247.0,47.89,0.00170962,0.0726908,1754.77
301596.SZ,20260821,11200.0,47.24,529088.0,47.8,0.0255455,0.388894,4384.33
301595.SZ,20260821,1200.0,38.75,46500.0,38.7,0.00293884,0.0994316,4083.25
301592.SZ,20260821,800.0,105.64,84512.0,105.71,0.00342489,0.0813129,2335.84
301591.SZ,20260821,27400.0,31.48,862552.0,31.48,0.0613047,0.328499,4469.47
301590.SZ,20260821,1100.0,73.55,80905.0,73.95,0.00451327,0.159708,2437.26
301589.SZ,20260821,1600.0,136.0,217600.0,136.9,0.0046424,0.219361,3446.5
301588.SZ,20260821,14000.0,27.28,381920.0,27.61,0.0190842,0.23255,7335.92
301587.SZ,20260821,4400.0,20.71,91124.0,20.92,0.00599022,0.197366,7345.3
301586.SZ,20260821,900.0,31.01,27909.0,31.25,0.00170097,0.124567,5291.11
301585.SZ,20260821,2600.0,26.28,68328.0,26.55,0.00381741,0.325903,6810.89
301584.SZ,20260821,40700.0,22.98,935286.0,23.3,0.0757713,0.639613,5371.43
301583.SZ,20260821,57900.0,129.04,7471416.0,130.86,0.187796,0.591728,3083.14
301581.SZ,20260821,1000.0,36.36,36360.0,36.58,0.00204591,0.146372,4887.8
301580.SZ,20260821,22700.0,49.43,1122061.0,50.19,0.0225195,0.362772,10080.2
301578.SZ,20260821,1300.0,22.84,29692.0,22.92,0.00431594,0.107012,3012.09
301577.SZ,20260821,8900.0,55.4,493060.0,56.42,0.047237,0.685661,1884.12
301575.SZ,20260821,3200.0,26.03,83296.0,26.08,0.0131298,0.325982,2437.2
301516.SZ,20260821,235600.0,24.9,5866440.0,23.5,0.33573,1.10235,7017.54
301513.SZ,20260821,2100.0,47.5,99750.0,47.81,0.0104224,0.179342,2014.9
920130.BJ,20260821,2033.0,16.99,34540.67,17.07,0.0035483,0.0538835,5729.51
301421.SZ,20260821,6000.0,76.24,457440.0,76.55,0.0129566,0.129255,4630.85
301418.SZ,20260821,10100.0,37.1,374710.0,37.47,0.0343113,0.712804,2943.63
301413.SZ,20260821,12100.0,61.64,745844.0,62.43,0.0158429,0.192484,7637.48
301408.SZ,20260821,135100.0,15.98,2158898.0,16.31,0.0590061,0.662118,22895.9
301399.SZ,20260821,1900.0,17.07,32433.0,17.06,0.00347453,0.0711361,5468.36
301398.SZ,20260821,5900.0,31.17,183903.0,31.26,0.00540382,0.301297,10918.2
301397.SZ,20260821,5200.0,25.26,131352.0,25.41,0.00562412,0.120881,9245.89
301396.SZ,20260821,114659.0,185.07,21219941.13,190.0,0.0810272,0.510315,14150.7
301395.SZ,20260821,4400.0,12.21,53724.0,12.16,0.0034556,0.0778355,12732.9
301393.SZ,20260821,44600.0,68.39,3050194.0,68.9,0.101438,1.53808,4396.78
301392.SZ,20260821,6200.0,159.58,989396.0,160.09,0.0151976,0.169203,4079.59
301391.SZ,20260821,8300.0,46.03,382049.0,47.1,0.00894052,0.694043,9283.58
301390.SZ,20260821,2600.0,31.0,80600.0,31.16,0.00530005,0.333719,4905.62
301389.SZ,20260821,77500.0,52.78,4090450.0,53.8,0.0273369,0.616574,28350.0
301388.SZ,20260821,1300.0,23.8,30940.0,24.04,0.00178859,0.157624,7268.3
301387.SZ,20260821,10500.0,55.96,587580.0,56.2,0.0246002,0.455896,4268.26
301386.SZ,20260821,2000.0,20.2,40400.0,20.41,0.00444444,0.148679,4500.0
301383.SZ,20260821,700.0,22.26,15582.0,22.4,0.000991303,0.0373839,7061.41
301382.SZ,20260821,48700.0,42.09,2049783.0,42.09,0.0206044,0.324091,23635.7
301381.SZ,20260821,9100.0,23.33,212303.0,23.37,0.00224079,0.170977,40610.7
301380.SZ,20260821,12300.0,30.26,372198.0,30.6,0.0152343,0.384226,8073.86
301379.SZ,20260821,26400.0,21.56,569184.0,21.77,0.0120725,0.130734,21868.0
301378.SZ,20260821,5500.0,24.49,134695.0,24.72,0.0119788,0.223728,4591.45
301377.SZ,20260821,10800.0,413.97,4470876.0,412.0,0.0109244,0.284047,9886.09
301376.SZ,20260821,2200.0,20.6,45320.0,20.55,0.00113611,0.0797837,19364.3
301373.SZ,20260821,19600.0,97.4,1909040.0,95.49,0.0281385,0.281774,6965.54
301372.SZ,20260821,1800.0,30.13,54234.0,30.33,0.00437207,0.134694,4117.04
301371.SZ,20260821,53300.0,23.17,1234961.0,23.5,0.068355,1.17815,7797.53
301419.SZ,20260821,65400.0,39.8,2602920.0,40.2,0.0659552,0.473704,9915.83
301428.SZ,20260821,9500.0,28.15,267425.0,28.18,0.013644,0.240466,6962.75
301512.SZ,20260821,3600.0,31.29,112644.0,31.02,0.00738897,0.35367,4872.13
301429.SZ,20260821,7600.0,17.25,131100.0,17.34,0.0172645,0.639515,4402.1
301511.SZ,20260821,164100.0,88.41,14508081.0,88.41,0.0411642,0.462307,39864.7
301510.SZ,20260821,9900.0,26.24,259776.0,26.45,0.00260504,0.104577,38003.3
301509.SZ,20260821,147552.0,31.28,4615426.56,32.69,0.260045,2.38351,5674.09
301508.SZ,20260821,2100.0,23.81,50001.0,23.84,0.00356922,0.203073,5883.64
301507.SZ,20260821,18100.0,13.15,238015.0,13.23,0.0164438,0.307722,11007.2
301505.SZ,20260821,5200.0,16.51,85852.0,16.51,0.00570367,0.281339,9116.94
301503.SZ,20260821,12600.0,22.35,281610.0,22.33,0.0218492,1.23566,5766.8
301502.SZ,20260821,4100.0,51.31,210371.0,51.3,0.0173825,0.596673,2358.7
301501.SZ,20260821,1500.0,28.89,43335.0,28.97,0.00344828,0.037693,4350.0
301500.SZ,20260821,129100.0,22.51,2906041.0,22.73,0.0896212,1.17987,14405.1
301499.SZ,20260821,9900.0,24.69,244431.0,24.65,0.00716069,0.669054,13825.5
301498.SZ,20260821,11600.0,39.2,454720.0,39.3,0.00611986,0.226846,18954.7
301491.SZ,20260821,1318.0,39.63,52232.34,39.84,0.00344568,0.155944,3825.08
301489.SZ,20260821,33900.0,101.9,3454410.0,102.05,0.0487204,0.372493,6958.08
301488.SZ,20260821,600.0,95.97,57582.0,96.44,0.00144394,0.0437863,4155.29
301487.SZ,20260821,11600.0,15.87,184092.0,15.97,0.00252384,0.129962,45961.6
301486.SZ,20260821,13400.0,171.0,2291400.0,175.0,0.0183803,0.202144,7290.41
301479.SZ,20260821,8800.0,48.02,422576.0,48.77,0.0123421,0.226248,7130.09
301469.SZ,20260821,14100.0,28.75,405375.0,28.57,0.0306131,1.44814,4605.87
301468.SZ,20260821,20100.0,32.83,659883.0,33.19,0.0206147,0.446411,9750.34
301459.SZ,20260821,8600.0,31.01,266686.0,31.23,0.0329515,0.187613,2609.9
301458.SZ,20260821,18500.0,37.72,697820.0,38.1,0.0157471,0.229815,11748.2
301456.SZ,20260821,6600.0,22.9,151140.0,22.96,0.00962775,0.65671,6855.18
301449.SZ,20260821,9900.0,39.8,394020.0,39.84,0.0481905,0.330712,2054.35
301448.SZ,20260821,5900.0,41.8,246620.0,41.79,0.00832358,0.253079,7088.3
301446.SZ,20260821,0.0,,0.0,35.54,0.0,0.0,3177.2
301439.SZ,20260821,10000.0,14.75,147500.0,14.87,0.00545716,0.109094,18324.5
301611.SZ,20260821,42600.0,99.91,4256166.0,99.8,0.0290625,0.344664,14658.1
301613.SZ,20260821,6000.0,36.95,221700.0,37.43,0.00715126,0.506862,8390.12
301616.SZ,20260821,1300.0,34.3,44590.0,34.53,0.00457718,0.227551,2840.18
920086.BJ,20260821,3100.0,20.43,63333.0,20.25,0.0113254,0.519659,2737.21
920082.BJ,20260821,100.0,8.08,808.0,8.08,0.000174751,0.0129231,5722.43
920081.BJ,20260821,2093.0,40.8,85394.4,40.91,0.0122398,0.126279,1710.0
920080.BJ,20260821,2300.0,21.99,50577.0,22.16,0.0100106,0.757729,2297.57
920079.BJ,20260821,74487.0,13.6,1013023.2,13.75,0.165527,1.67431,4500.0
920078.BJ,20260821,300.0,17.98,5394.0,18.01,0.000769471,0.017523,3898.78
920077.BJ,20260821,8616.0,13.93,120020.88,14.06,0.00285382,0.248501,30191.2
920076.BJ,20260821,0.0,,0.0,12.78,0.0,0.0,3683.19
920075.BJ,20260821,4723.0,15.09,71270.07,15.22,0.0134448,0.630934,3512.87
920072.BJ,20260821,52979.0,25.6,1356262.4,26.13,0.366256,3.38232,1446.5
920069.BJ,20260821,3200.0,33.5,107200.0,33.64,0.0216854,0.790655,1475.64
920068.BJ,20260821,19906.0,15.43,307149.58,15.58,0.0114611,1.80733,17368.3
920066.BJ,20260821,9276.0,17.87,165762.12,17.45,0.0466756,1.9137,1987.33
920065.BJ,20260821,6496.0,34.01,220928.96,34.06,0.0412444,0.328238,1575.0
920062.BJ,20260821,2902.0,7.34,21300.68,7.34,0.00218419,0.148383,13286.4
920061.BJ,20260821,100.0,17.36,1736.0,17.32,0.000254037,0.00878527,3936.44
920060.BJ,20260821,2990.0,21.23,63477.7,21.39,0.0031532,0.200519,9482.43
920059.BJ,20260821,328749.0,15.8,5194234.2,17.33,1.01722,1.33007,3231.83
920058.BJ,20260821,1791.0,29.96,53658.36,29.7,0.00649045,0.102747,2759.44
920057.BJ,20260821,100.0,4.88,488.0,4.88,8.58131e-05,0.0109785,11653.2
920056.BJ,20260821,1000.0,16.02,16020.0,16.08,0.00324213,0.2402,3084.39
920055.BJ,20260821,200.0,26.7,5340.0,26.46,0.00130719,0.0576856,1530.0
920050.BJ,20260821,100.0,29.4,2940.0,29.4,0.000552405,0.0279221,1810.27
920047.BJ,20260821,276362.0,16.79,4640117.98,17.51,0.153444,5.80089,18010.6
920046.BJ,20260821,3599.0,20.03,72087.97,20.05,0.00643517,0.0902669,5592.7
920045.BJ,20260821,8464.0,371.0,3140144.0,382.05,0.030037,0.552574,2817.85
920039.BJ,20260821,2022.0,8.52,17227.44,8.59,0.00131452,0.0682183,15382.0
920038.BJ,20260821,21150.0,36.0,761400.0,36.24,0.0619035,0.56006,3416.61
920083.BJ,20260821,63066.0,42.8,2699224.8,44.2,0.165862,0.672834,3802.32
920087.BJ,20260821,619536.0,16.2,10036483.2,16.83,0.37766,2.49822,16404.6
301617.SZ,20260821,13100.0,48.99,641769.0,49.01,0.0189987,0.657449,6895.2
920088.BJ,20260821,59958.0,47.2,2830017.6,45.8,0.184111,1.0535,3256.62
920128.BJ,20260821,715.0,17.55,12548.25,17.68,0.00294239,0.090621,2430.0
920126.BJ,20260821,5570.0,10.01,55755.7,10.09,0.0124698,0.219722,4466.8
920125.BJ,20260821,4200.0,118.75,498750.0,120.49,0.0183418,0.203613,2289.85
920124.BJ,20260821,500.0,12.55,6275.0,12.63,0.0006529,0.0424429,7658.14
920123.BJ,20260821,0.0,,0.0,10.6,0.0,0.0,6498.49
920122.BJ,20260821,23941.0,23.6,565007.6,23.02,0.0640559,1.68616,3737.51
920121.BJ,20260821,300.0,28.11,8433.0,28.04,0.00251567,0.141875,1192.53
920119.BJ,20260821,0.0,,0.0,49.09,0.0,0.0,2757.03
920118.BJ,20260821,18792.0,20.67,388430.64,20.8,0.0599634,2.82221,3133.91
920117.BJ,20260821,38044.0,28.88,1098710.72,29.39,0.188206,0.586188,2021.4
920116.BJ,20260821,24195.0,45.07,1090468.65,45.43,0.0108165,0.768346,22368.5
920112.BJ,20260821,395.0,15.69,6197.55,15.7,0.00113344,0.165841,3484.98
920111.BJ,20260821,325590.0,33.5,10907265.0,31.9,0.432459,9.87768,7528.81
920110.BJ,20260821,1913.0,26.18,50082.34,26.38,0.0117803,1.90306,1623.9
920108.BJ,20260821,0.0,,0.0,9.12,0.0,0.0,7296.77
920107.BJ,20260821,10393.0,21.66,225112.38,21.61,0.0550681,0.10308,1887.3
920106.BJ,20260821,1000.0,35.62,35620.0,35.66,0.00229033,0.18972,4366.19
920101.BJ,20260821,4376.0,16.5,72204.0,16.55,0.00428441,1.01798,10213.8
920100.BJ,20260821,4795.0,31.89,152912.55,32.16,0.0175012,0.225984,2739.82
920099.BJ,20260821,306.0,17.63,5394.78,17.63,0.00051923,0.0379071,5893.34
920098.BJ,20260821,100.0,16.91,1691.0,16.93,0.000180585,0.0138973,5537.57
920096.BJ,20260821,6143.0,34.06,209230.58,34.14,0.0379198,0.355357,1620.0
920093.BJ,20260821,507333.0,28.0,14205324.0,14.35,,,
920092.BJ,20260821,9671.0,27.45,265468.95,27.43,0.0293446,0.316683,3295.67
920091.BJ,20260821,100.0,28.9,2890.0,28.9,0.000689646,0.0122784,1450.02
920090.BJ,20260821,84842.0,3.83,324944.86,3.88,0.0569666,2.57685,14893.3
920089.BJ,20260821,100.0,10.01,1001.0,10.0,8.96364e-05,0.0124802,11156.2
920037.BJ,20260821,300.0,40.37,12111.0,40.0,0.000383201,0.0370997,7828.79
920036.BJ,20260821,2904.0,28.27,82096.08,28.55,0.0222337,0.503197,1306.13
920035.BJ,20260821,290.0,23.3,6757.0,23.39,0.00184281,0.0383892,1573.68
920033.BJ,20260821,22400.0,14.7,329280.0,14.36,0.0270426,3.53875,8283.23
301696.SZ,20260821,12300.0,98.4,1210320.0,98.53,0.0408864,0.334184,3008.34
301687.SZ,20260821,7200.0,49.21,354312.0,49.65,0.0231119,0.221639,3115.28
301683.SZ,20260821,1900.0,98.0,186200.0,98.7,0.0133187,0.228937,1426.56
301682.SZ,20260821,2500.0,123.0,307500.0,124.46,0.00973262,0.141823,2568.68
301680.SZ,20260821,200.0,92.47,18494.0,93.27,0.0011903,0.0138082,1680.25
301678.SZ,20260821,17100.0,44.13,754623.0,44.68,0.0123047,0.592152,13897.1
301677.SZ,20260821,12400.0,55.0,682000.0,55.45,0.0578358,0.295624,2144.0
301669.SZ,20260821,21400.0,27.49,588286.0,27.94,0.0261334,0.289206,8188.75
301668.SZ,20260821,2400.0,35.33,84792.0,35.67,0.00986494,0.106915,2432.86
301667.SZ,20260821,13900.0,62.39,867221.0,63.06,0.0585762,0.394808,2372.98
301666.SZ,20260821,6800.0,415.0,2822000.0,418.13,0.0256446,0.203116,2651.63
301665.SZ,20260821,10400.0,23.68,246272.0,23.9,0.00998368,0.334895,10417.0
301662.SZ,20260821,3300.0,66.48,219384.0,66.9,0.00740043,0.155281,4459.2
301658.SZ,20260821,11400.0,23.34,266076.0,23.63,0.0117023,0.306353,9741.67
301656.SZ,20260821,2700.0,16.75,45225.0,16.73,0.00132594,0.0496561,20362.9
301655.SZ,20260821,910550.0,28.5,25950675.0,32.49,2.02488,2.56378,4496.82
301638.SZ,20260821,24800.0,22.0,545600.0,22.16,0.00991072,0.228523,25023.4
301636.SZ,20260821,2200.0,38.84,85448.0,39.14,0.00582806,0.277737,3774.84
301633.SZ,20260821,500.0,54.25,27125.0,54.96,0.00195997,0.0529733,2551.06
301632.SZ,20260821,16800.0,14.1,236880.0,14.13,0.00913975,0.290103,18381.2
301631.SZ,20260821,3200.0,66.58,213056.0,67.09,0.00734039,0.0687547,4359.44
301630.SZ,20260821,5000.0,164.38,821900.0,167.25,0.0305359,0.389419,1637.42
301629.SZ,20260821,700.0,248.0,173600.0,251.81,0.00364658,0.0738589,1919.61
301628.SZ,20260821,6900.0,91.0,627900.0,91.06,0.0247527,0.191451,2787.58
301626.SZ,20260821,7500.0,253.0,1897500.0,259.59,0.0142534,0.223124,5261.9
301622.SZ,20260821,3700.0,40.24,148888.0,40.53,0.00572229,0.331265,6465.94
301618.SZ,20260821,13000.0,33.5,435500.0,34.39,0.0269982,0.443974,4815.14
301707.SZ,20260821,63900.0,77.98,4982922.0,79.72,0.236207,0.847158,2705.26
301717.SZ,20260821,69700.0,382.54,26663038.0,389.29,0.399969,1.12242,1742.64
302132.SZ,20260821,44800.0,56.58,2534784.0,57.09,0.00764414,0.498332,58606.9
920016.BJ,20260821,2200.0,12.99,28578.0,13.01,0.00642576,0.324304,3423.72
920030.BJ,20260821,229.0,4.44,1016.76,4.44,0.000203603,0.0198816,11247.4
920029.BJ,20260821,482.0,35.13,16932.66,35.1,0.000239367,0.0475777,20136.5
920028.BJ,20260821,688.0,14.16,9742.08,14.3,0.00105912,0.0494151,6495.96
920027.BJ,20260821,300.0,11.6,3480.0,11.63,0.000416384,0.035022,7204.89
920026.BJ,20260821,22304.0,20.26,451879.04,20.44,0.0257486,0.879683,8662.21
920023.BJ,20260821,17500.0,1.93,33775.0,1.93,0.00651021,0.244863,26880.9
920022.BJ,20260821,300.0,19.48,5844.0,19.12,0.0018056,0.162699,1661.5
920021.BJ,20260821,41504.0,6.45,267700.8,6.51,0.0167656,0.314817,24755.5
920020.BJ,20260821,400.0,15.41,6164.0,15.32,0.000719413,0.117781,5560.09
920019.BJ,20260821,2642.0,14.68,38784.56,14.64,0.00157698,0.154232,16753.6
920018.BJ,20260821,6172.0,15.0,92580.0,14.95,0.0107356,0.358444,5749.09
920017.BJ,20260821,184480.0,16.95,3126936.0,17.29,0.15051,4.81697,12257.0
920015.BJ,20260821,1000.0,39.21,39210.0,39.33,0.00249922,0.0516298,4001.24
920000.BJ,20260821,200.0,13.41,2682.0,13.54,0.000347259,0.0191356,5759.39
920014.BJ,20260821,100.0,8.69,869.0,8.75,0.000149148,0.0062022,6704.73
920012.BJ,20260821,16147.0,56.8,917149.6,56.24,0.083674,0.683965,1929.75
920011.BJ,20260821,2500.0,19.23,48075.0,19.2,0.0134409,0.195305,1860.0
920010.BJ,20260821,41649.0,8.38,349018.62,8.35,0.0239055,0.777665,17422.4
920009.BJ,20260821,75282.0,38.59,2905132.38,39.73,0.746845,12.3014,1008.0
920008.BJ,20260821,2879.0,18.8,54125.2,18.98,0.00845057,0.440876,3406.87
920007.BJ,20260821,1065.0,33.01,35155.65,33.36,0.0090977,0.331843,1170.62
920006.BJ,20260821,1900.0,15.38,29222.0,15.37,0.00397514,0.127498,4779.71
920005.BJ,20260821,1010.0,23.68,23916.8,23.63,0.00263627,0.199392,3831.17
920003.BJ,20260821,44702.0,15.82,707185.64,16.89,0.229636,12.1932,1946.64
920002.BJ,20260821,4783.0,52.61,251633.63,53.46,0.0107249,0.216634,4459.72
920001.BJ,20260821,2601.0,11.68,30379.68,11.78,0.00288831,0.158989,9005.25
300810.SZ,20260821,1100.0,23.5,25850.0,23.66,0.000964874,0.0694006,11400.4
300809.SZ,20260821,20900.0,23.62,493658.0,23.67,0.0138806,0.287024,15057.0
300808.SZ,20260821,5700.0,18.99,108243.0,19.02,0.00479396,0.290446,11890.0
300113.SZ,20260821,35200.0,16.69,587488.0,16.79,0.00691524,0.121178,50902.0
300111.SZ,20260821,1103200.0,3.05,3364760.0,3.12,0.0857047,2.4713,128721.0
300110.SZ,20260821,234200.0,2.93,686206.0,2.96,0.0198277,0.686606,118118.0
300109.SZ,20260821,2163220.0,14.88,32188713.6,15.98,0.418009,9.06402,51750.6
300107.SZ,20260821,16100.0,6.38,102718.0,6.39,0.0046298,0.19201,34774.7
300106.SZ,20260821,59500.0,9.84,585480.0,9.94,0.0281547,0.299109,21133.2
300105.SZ,20260821,105100.0,7.61,799811.0,7.6,0.0203883,0.316092,51549.2
300103.SZ,20260821,31600.0,7.68,242688.0,7.76,0.00995786,0.56316,31733.7
300102.SZ,20260821,98900.0,17.52,1732728.0,17.79,0.0107978,0.217175,91592.4
300101.SZ,20260821,10700.0,13.97,149479.0,14.02,0.00189053,0.140037,56597.9
300100.SZ,20260821,22900.0,20.68,473572.0,20.85,0.00410694,0.284771,55759.3
300099.SZ,20260821,15500.0,5.89,91295.0,5.94,0.00266635,0.12146,58131.8
300098.SZ,20260821,163700.0,4.42,723554.0,4.45,0.0106179,0.507387,154174.0
300097.SZ,20260821,146100.0,10.17,1485837.0,10.05,0.0553765,0.620199,26383.0
300096.SZ,20260821,200.0,9.45,1890.0,9.48,4.65117e-05,0.00401668,42999.9
300095.SZ,20260821,10200.0,7.91,80682.0,7.91,0.00321088,0.184567,31767.0
300094.SZ,20260821,293100.0,2.87,841197.0,2.86,0.0265125,0.382598,110552.0
300093.SZ,20260821,19800.0,23.7,469260.0,23.82,0.00857225,0.154178,23097.8
300092.SZ,20260821,17100.0,11.47,196137.0,11.61,0.00814805,0.360233,20986.6
300091.SZ,20260821,3600.0,2.55,9180.0,2.55,0.000220127,0.0788402,163542.0
300088.SZ,20260821,195800.0,7.24,1417592.0,7.3,0.00787768,0.148931,248550.0
300087.SZ,20260821,135100.0,5.65,763315.0,5.71,0.0149729,0.479259,90229.6
300086.SZ,20260821,149100.0,6.8,1013880.0,6.89,0.0338345,0.7284,44067.5
300085.SZ,20260821,121500.0,28.41,3451815.0,28.62,0.0186346,0.377143,65201.3
300084.SZ,20260821,6000.0,10.51,63060.0,10.38,0.00127404,0.0495519,47094.4
300083.SZ,20260821,108600.0,13.36,1450896.0,13.41,0.00727822,0.127113,149212.0
300082.SZ,20260821,162900.0,7.69,1252701.0,7.83,0.0240202,2.44152,67818.0
300081.SZ,20260821,123100.0,3.06,376686.0,3.11,0.0203578,1.07118,60468.1
300112.SZ,20260821,127400.0,9.75,1242150.0,9.91,0.053621,0.522924,23759.3
300115.SZ,20260821,71800.0,24.67,1771306.0,24.94,0.00528978,0.175077,135733.0
300079.SZ,20260821,110900.0,4.38,485742.0,4.41,0.00865406,0.574765,128148.0
300118.SZ,20260821,51500.0,9.62,495430.0,9.73,0.00555664,0.17238,92682.0
300145.SZ,20260821,229400.0,4.01,919894.0,4.05,0.0120053,0.384731,191083.0
300144.SZ,20260821,32000.0,6.02,192640.0,6.03,0.00123954,0.124174,258160.0
300143.SZ,20260821,180500.0,7.79,1406095.0,7.9,0.0216881,0.675397,83225.2
300142.SZ,20260821,24190351.0,15.72,380272317.72,15.12,1.55016,38.3238,156050.0
300141.SZ,20260821,14500.0,9.8,142100.0,9.84,0.00569479,0.198005,25461.9
300140.SZ,20260821,20800.0,5.38,111904.0,5.38,0.000671994,0.177875,309527.0
300139.SZ,20260821,447200.0,50.69,22668568.0,49.45,0.19139,1.03657,23365.9
300138.SZ,20260821,10300.0,11.34,116802.0,11.34,0.0025859,0.147012,39831.3
300137.SZ,20260821,23600.0,11.73,276828.0,11.86,0.00445254,0.10768,53003.4
300136.SZ,20260821,241200.0,58.76,14172912.0,59.62,0.0292293,0.42769,82520.0
300135.SZ,20260821,49200.0,3.25,159900.0,3.28,0.00533854,0.354013,92160.0
300134.SZ,20260821,21100.0,8.02,169222.0,8.11,0.00274919,0.153123,76749.8
300133.SZ,20260821,1076700.0,7.04,7579968.0,6.84,0.0647467,2.16779,166294.0
300132.SZ,20260821,92500.0,6.26,579050.0,6.4,0.0182057,0.668524,50808.1
300131.SZ,20260821,235400.0,16.54,3893516.0,16.47,0.0225854,0.32442,104227.0
300130.SZ,20260821,31900.0,18.1,577390.0,17.96,0.00734739,0.310405,43416.8
300129.SZ,20260821,53000.0,7.34,389020.0,7.4,0.00737432,0.248311,71871.0
300128.SZ,20260821,22800.0,4.37,99636.0,4.4,0.00175727,0.0986766,129747.0
300127.SZ,20260821,23000.0,24.59,565570.0,24.75,0.00996464,0.506749,23081.6
300126.SZ,20260821,40500.0,6.37,257985.0,6.39,0.0192262,0.98238,21065.0
300125.SZ,20260821,42300.0,8.26,349398.0,8.29,0.0117236,0.512301,36081.0
300124.SZ,20260821,75600.0,58.8,4445280.0,59.12,0.00313652,0.376804,241031.0
300123.SZ,20260821,104600.0,4.31,450826.0,4.36,0.0105229,0.425274,99402.0
300122.SZ,20260821,5277400.0,13.4,70717160.0,14.48,0.373144,16.0373,141431.0
300121.SZ,20260821,76400.0,9.6,733440.0,9.69,0.0177919,0.635201,42940.8
300120.SZ,20260821,517900.0,9.2,4764680.0,9.0,0.09819,0.605403,52744.7
300119.SZ,20260821,132900.0,18.35,2438715.0,18.61,0.0398353,1.62449,33362.3
300080.SZ,20260821,39600.0,3.69,146124.0,3.7,0.00211671,0.343936,187083.0
300078.SZ,20260821,201900.0,3.16,638004.0,3.19,0.0181342,0.765484,111337.0
300147.SZ,20260821,75100.0,7.0,525700.0,7.09,0.0114244,0.822943,65736.7
300045.SZ,20260821,45800.0,12.5,572500.0,12.6,0.00887058,0.289404,51631.3
300043.SZ,20260821,47500.0,4.45,211375.0,4.49,0.00381974,0.16665,124354.0
300042.SZ,20260821,20800.0,39.12,813696.0,39.51,0.0103802,0.115123,20038.2
300041.SZ,20260821,89800.0,10.73,963554.0,10.83,0.0164945,0.411732,54442.4
300040.SZ,20260821,59500.0,5.75,342125.0,5.81,0.0115003,0.148577,51737.6
300039.SZ,20260821,708300.0,5.74,4065642.0,5.89,0.0772472,1.08208,91692.6
300037.SZ,20260821,50700.0,64.05,3247335.0,65.15,0.00927248,0.347409,54677.9
300036.SZ,20260821,9800.0,11.0,107800.0,11.04,0.00220199,0.106127,44505.3
300035.SZ,20260821,153500.0,14.03,2153605.0,14.19,0.0263135,0.525172,58335.1
300034.SZ,20260821,34300.0,15.26,523418.0,15.41,0.00447164,0.293797,76705.7
300033.SZ,20260821,31260.0,219.0,6845940.0,220.22,0.0071303,0.276381,43841.1
300032.SZ,20260821,27100.0,3.7,100270.0,3.71,0.00337413,0.18554,80317.0
300031.SZ,20260821,21000.0,21.13,443730.0,21.26,0.00596757,0.155163,35190.2
300030.SZ,20260821,33100.0,6.97,230707.0,7.01,0.0121589,0.342408,27222.8
300027.SZ,20260821,172600.0,1.77,305502.0,1.77,0.0069455,0.53105,248506.0
300026.SZ,20260821,1302400.0,3.56,4636544.0,3.61,0.0433942,1.02153,300133.0
300025.SZ,20260821,47800.0,5.1,243780.0,5.12,0.00943446,0.399679,50665.4
300024.SZ,20260821,58400.0,14.82,865488.0,14.94,0.00373118,0.112389,156519.0
300022.SZ,20260821,43900.0,8.13,356907.0,8.11,0.00888258,0.643665,49422.6
300021.SZ,20260821,185300.0,3.92,726376.0,3.96,0.0212162,0.639093,87338.9
300020.SZ,20260821,1100.0,3.35,3685.0,3.36,0.000143494,0.0132422,76658.4
300019.SZ,20260821,6200.0,14.42,89404.0,14.48,0.00168199,0.0783893,36861.0
300018.SZ,20260821,121900.0,11.8,1438420.0,11.5,0.0335545,1.01082,36329.0
300017.SZ,20260821,1713200.0,15.92,27274144.0,15.86,0.0723948,0.536786,236647.0
300016.SZ,20260821,604400.0,8.61,5203884.0,8.7,0.107513,2.77443,56216.4
300015.SZ,20260821,279100.0,8.52,2377932.0,8.58,0.00350753,0.443368,795717.0
300014.SZ,20260821,170689.0,55.3,9439101.7,55.06,0.00807811,0.45572,211298.0
300013.SZ,20260821,42200.0,3.99,168378.0,4.01,0.00756647,0.295561,55772.3
300044.SZ,20260821,61000.0,5.06,308660.0,5.09,0.00852696,0.527265,71537.8
300046.SZ,20260821,81696.0,24.14,1972141.44,24.62,0.0345392,0.812921,23653.1
300077.SZ,20260821,58800.0,19.01,1117788.0,19.19,0.0103827,0.154608,56632.8
300047.SZ,20260821,33400.0,9.11,304274.0,9.1,0.00575291,0.208454,58057.6
300076.SZ,20260821,6200.0,4.49,27838.0,4.5,0.00146226,0.120107,42400.0
300075.SZ,20260821,22600.0,10.7,241820.0,10.76,0.00438462,0.121182,51543.8
300074.SZ,20260821,72600.0,3.77,273702.0,3.8,0.0132039,0.554999,54983.9
300073.SZ,20260821,16700.0,40.72,680024.0,40.71,0.00330058,0.169588,50597.1
300072.SZ,20260821,1245028.0,3.83,4768457.24,3.86,0.0534035,2.59225,233136.0
300071.SZ,20260821,264200.0,3.99,1054158.0,4.04,0.0279473,0.412456,94535.1
300070.SZ,20260821,281300.0,3.44,967672.0,3.45,0.00818978,1.03727,343477.0
300069.SZ,20260821,273100.0,29.51,8059181.0,30.71,0.233419,1.902,11700.0
300068.SZ,20260821,427200.0,3.92,1674624.0,3.98,0.0500421,1.20536,85368.2
300067.SZ,20260821,174400.0,5.13,894672.0,5.2,0.0186074,0.284186,93726.4
300066.SZ,20260821,24000.0,4.92,118080.0,4.96,0.00240457,0.174082,99809.9
300065.SZ,20260821,240300.0,15.01,3606903.0,15.11,0.0365812,0.49126,65689.5
300063.SZ,20260821,181600.0,8.8,1598080.0,8.95,0.0289856,0.355895,62651.7
300062.SZ,20260821,91300.0,6.13,559669.0,6.22,0.0199189,0.344771,45835.8
300061.SZ,20260821,18500.0,6.22,115070.0,6.28,0.00297347,0.129353,62217.0
300059.SZ,20260821,633357.0,18.74,11869110.18,18.8,0.00474308,0.314952,1335330.0
300058.SZ,20260821,2105400.0,13.61,28654494.0,13.64,0.060536,0.640221,347793.0
300057.SZ,20260821,72400.0,6.28,454672.0,6.35,0.00871265,0.285315,83097.6
300056.SZ,20260821,6900.0,8.53,58857.0,8.49,0.00179129,0.0596247,38519.8
300055.SZ,20260821,41100.0,5.9,242490.0,5.89,0.00649444,0.32115,63284.9
300054.SZ,20260821,50400.0,74.0,3729600.0,74.46,0.00677151,0.16084,74429.5
300053.SZ,20260821,60400.0,11.72,707888.0,11.9,0.00928062,0.336983,65081.9
300052.SZ,20260821,81400.0,10.58,861212.0,10.72,0.0310864,0.400905,26185.1
300051.SZ,20260821,126300.0,8.26,1043238.0,8.33,0.0343752,0.434312,36741.6
300050.SZ,20260821,112200.0,6.95,779790.0,6.95,0.0206055,0.391897,54451.4
300049.SZ,20260821,39400.0,42.28,1665832.0,42.98,0.0168671,0.419297,23359.0
300048.SZ,20260821,66900.0,5.05,337845.0,5.11,0.00591914,0.531278,113023.0
300146.SZ,20260821,39500.0,9.9,391050.0,9.94,0.00352421,0.29695,112082.0
300148.SZ,20260821,21300.0,3.35,71355.0,3.38,0.00261634,0.11368,81411.5
300807.SZ,20260821,4200.0,35.15,147630.0,35.57,0.00808638,0.349703,5193.92
300246.SZ,20260821,379500.0,15.25,5787375.0,15.71,0.179441,1.68376,21149.0
300244.SZ,20260821,849500.0,20.8,17669600.0,20.87,0.169406,2.71855,50145.9
300243.SZ,20260821,330900.0,16.8,5559120.0,17.0,0.147955,0.602234,22364.9
300242.SZ,20260821,71700.0,4.02,288234.0,4.06,0.0112993,0.376939,63455.5
300241.SZ,20260821,165100.0,5.65,932815.0,5.73,0.0274956,0.65441,60046.1
300240.SZ,20260821,44800.0,6.12,274176.0,6.15,0.0123301,0.388245,36333.9
300239.SZ,20260821,569700.0,5.11,2911167.0,5.22,0.0965958,5.41508,58977.7
300238.SZ,20260821,315200.0,12.12,3820224.0,12.43,0.118883,3.20905,26513.4
300237.SZ,20260821,4800.0,1.95,9360.0,1.95,0.000332894,0.0419746,144190.0
300236.SZ,20260821,107800.0,92.24,9943472.0,95.77,0.0386797,1.00532,27869.9
300235.SZ,20260821,16900.0,10.75,181675.0,10.78,0.00831968,0.237669,20313.3
300234.SZ,20260821,24300.0,9.52,231336.0,9.42,0.00706422,0.16268,34398.7
300233.SZ,20260821,220500.0,14.21,3133305.0,14.42,0.0596244,1.22936,36981.5
300232.SZ,20260821,28000.0,5.04,141120.0,5.09,0.00315138,0.195499,88850.0
300231.SZ,20260821,7100.0,8.12,57652.0,8.17,0.0015965,0.0514246,44472.4
300230.SZ,20260821,28000.0,4.27,119560.0,4.28,0.0044457,0.357624,62982.2
300229.SZ,20260821,64800.0,13.42,869616.0,13.52,0.00742252,0.258739,87301.9
300228.SZ,20260821,34600.0,7.2,249120.0,7.26,0.00619069,0.282925,55890.4
300227.SZ,20260821,19700.0,11.68,230096.0,11.67,0.00431681,0.0842631,45635.5
300226.SZ,20260821,5700.0,15.66,89262.0,15.78,0.00155019,0.0959712,36769.7
300225.SZ,20260821,7700.0,7.38,56826.0,7.3,0.0016312,0.0539956,47204.6
300224.SZ,20260821,31400.0,10.93,343202.0,11.02,0.00338627,0.263007,92727.4
300223.SZ,20260821,139370.0,138.09,19245603.3,138.3,0.0329532,0.358882,42293.3
300222.SZ,20260821,48400.0,10.0,484000.0,10.1,0.00742202,0.249131,65211.4
300221.SZ,20260821,61600.0,13.11,807576.0,13.11,0.0133328,0.340681,46201.8
300220.SZ,20260821,48900.0,10.83,529587.0,10.85,0.03238,2.1672,15101.9
300219.SZ,20260821,23600.0,6.76,159536.0,6.82,0.00333974,0.184901,70664.1
300218.SZ,20260821,1200.0,12.43,14916.0,12.56,0.000554846,0.05115,21627.6
300245.SZ,20260821,19500.0,5.64,109980.0,5.65,0.00664048,0.392286,29365.4
300247.SZ,20260821,36100.0,3.71,133931.0,3.72,0.00449553,0.183942,80302.0
300215.SZ,20260821,3900.0,6.0,23400.0,6.01,0.000520629,0.0371069,74909.4
300248.SZ,20260821,71300.0,8.57,611041.0,8.6,0.0174309,0.565215,40904.2
300277.SZ,20260821,33800.0,11.86,400868.0,11.92,0.00441571,0.307079,76544.8
300276.SZ,20260821,44600.0,6.27,279642.0,6.28,0.00421899,0.124232,105712.0
300275.SZ,20260821,11900.0,8.79,104601.0,8.85,0.00438368,0.16293,27146.1
300274.SZ,20260821,102600.0,109.93,11278818.0,110.89,0.00646288,0.249952,158753.0
300272.SZ,20260821,114200.0,5.92,676064.0,6.02,0.0245871,0.67532,46447.2
300271.SZ,20260821,14800.0,5.38,79624.0,5.38,0.00186312,0.126631,79436.6
300270.SZ,20260821,30100.0,12.06,363006.0,11.86,0.0115357,0.187509,26093.0
300269.SZ,20260821,15500.0,4.72,73160.0,4.76,0.00294876,0.121791,52564.5
300268.SZ,20260821,14200.0,11.96,169832.0,11.95,0.0106202,0.201004,13370.8
300267.SZ,20260821,306800.0,3.27,1003236.0,3.33,0.0215696,0.836754,142237.0
300266.SZ,20260821,26300.0,1.84,48392.0,1.85,0.00169345,0.145713,155304.0
300265.SZ,20260821,18400.0,13.34,245456.0,13.48,0.00393751,0.0884977,46730.0
300264.SZ,20260821,19300.0,6.35,122555.0,6.41,0.00521077,0.171258,37038.6
300263.SZ,20260821,82200.0,9.77,803094.0,9.88,0.00842621,0.162022,97552.8
300261.SZ,20260821,57300.0,5.1,292230.0,5.15,0.00607744,0.335849,94283.0
300260.SZ,20260821,51100.0,57.3,2928030.0,58.03,0.0177655,0.312222,28763.7
300259.SZ,20260821,152300.0,4.04,615292.0,4.05,0.013188,0.448338,115484.0
300258.SZ,20260821,9000.0,9.83,88470.0,9.9,0.00157925,0.09007,56989.1
300257.SZ,20260821,16700.0,17.28,288576.0,17.44,0.00174926,0.151776,95469.0
300256.SZ,20260821,62900.0,2.65,166685.0,2.68,0.00280379,0.346436,224339.0
300255.SZ,20260821,461166.0,24.99,11524538.34,25.55,0.0502566,1.06242,91762.3
300254.SZ,20260821,230500.0,8.94,2060670.0,9.06,0.101391,1.29608,22733.8
300253.SZ,20260821,543700.0,7.28,3958136.0,7.37,0.029316,0.818016,185462.0
300252.SZ,20260821,132100.0,11.28,1490088.0,11.39,0.0236419,0.519341,55875.4
300251.SZ,20260821,98700.0,10.89,1074843.0,10.94,0.00355629,0.292087,277537.0
300250.SZ,20260821,37500.0,14.95,560625.0,14.89,0.0237957,0.54865,15759.2
300249.SZ,20260821,71500.0,12.51,894465.0,12.67,0.019112,0.346423,37411.0
300217.SZ,20260821,44400.0,4.27,189588.0,4.3,0.00361872,0.192171,122695.0
300214.SZ,20260821,406800.0,10.99,4470732.0,10.75,0.0875022,0.706198,46490.3
300149.SZ,20260821,819600.0,10.98,8999208.0,11.35,0.170188,1.7829,48158.5
300180.SZ,20260821,109200.0,4.27,466284.0,4.23,0.00637601,0.540122,171267.0
300177.SZ,20260821,7000.0,6.09,42630.0,6.16,0.00115454,0.077221,60630.3
300176.SZ,20260821,1218700.0,4.95,6032565.0,4.72,,,
300175.SZ,20260821,11300.0,5.97,67461.0,5.97,0.00240017,0.10505,47080.0
300174.SZ,20260821,32400.0,19.23,623052.0,19.34,0.00894547,0.198856,36219.5
300173.SZ,20260821,113400.0,3.28,371952.0,3.25,0.0154343,2.44547,73472.6
300172.SZ,20260821,48800.0,4.6,224480.0,4.61,0.00932165,0.50213,52351.2
300171.SZ,20260821,1339698.0,14.26,19104093.48,14.9,0.238102,4.81597,56265.7
300170.SZ,20260821,193500.0,15.48,2995380.0,15.6,0.0194711,0.341199,99377.8
300169.SZ,20260821,27700.0,5.55,153735.0,5.61,0.00918022,0.31222,30173.6
300168.SZ,20260821,22800.0,5.0,114000.0,5.04,0.00158423,0.125385,143918.0
300167.SZ,20260821,5400.0,4.23,22842.0,4.23,0.00152506,0.0497374,35408.5
300166.SZ,20260821,294800.0,13.02,3838296.0,13.02,0.0325473,0.496272,90575.9
300165.SZ,20260821,106100.0,5.08,538988.0,5.16,0.0252298,0.676602,42053.5
300164.SZ,20260821,1411000.0,10.42,14702620.0,10.42,0.241937,0.983116,58321.1
300163.SZ,20260821,39600.0,6.54,258984.0,6.55,0.00867287,0.114544,45659.6
300162.SZ,20260821,39500.0,7.39,291905.0,7.49,0.0115442,0.174534,34216.2
300161.SZ,20260821,21000.0,27.4,575400.0,27.55,0.0107695,0.208004,19499.4
300160.SZ,20260821,4800.0,4.36,20928.0,4.34,0.000629789,0.0794262,76216.0
300159.SZ,20260821,212900.0,2.85,606765.0,2.87,0.0115559,0.556257,184235.0
300158.SZ,20260821,783700.0,5.41,4239817.0,5.5,0.0790424,2.13789,99149.3
300157.SZ,20260821,64700.0,3.83,247801.0,3.84,0.00882143,0.178276,73344.1
300155.SZ,20260821,254900.0,4.23,1078227.0,4.27,0.077373,1.11621,32944.3
300154.SZ,20260821,237700.0,11.77,2797729.0,11.93,0.0754233,1.09376,31515.4
300153.SZ,20260821,71700.0,21.5,1541550.0,21.5,0.0225238,0.500281,31833.0
300152.SZ,20260821,135300.0,1.6,216480.0,1.61,0.0189822,0.768238,71277.3
300151.SZ,20260821,98100.0,15.86,1555866.0,16.04,0.0266072,0.602969,36869.8
300150.SZ,20260821,10400.0,4.27,44408.0,4.25,0.00224301,0.217967,46366.3
300179.SZ,20260821,112300.0,34.4,3863120.0,34.78,0.0300282,0.253099,37398.2
300181.SZ,20260821,388400.0,14.6,5670640.0,14.84,0.0644208,1.22262,60291.1
300213.SZ,20260821,26600.0,6.27,166782.0,6.26,0.00481369,0.177632,55259.1
300182.SZ,20260821,328500.0,4.81,1580085.0,4.84,0.0145395,0.341737,225937.0
300212.SZ,20260821,1216200.0,8.0,9729600.0,8.69,0.174113,7.8312,69851.2
300211.SZ,20260821,51900.0,7.48,388212.0,7.57,0.017388,1.2512,29848.2
300210.SZ,20260821,33100.0,8.2,271420.0,8.3,0.00683574,0.429216,48422.0
300209.SZ,20260821,520700.0,32.98,17172686.0,32.92,0.0700893,0.399412,74290.9
300207.SZ,20260821,26600.0,17.78,472948.0,17.87,0.00155199,0.0797542,171393.0
300206.SZ,20260821,56800.0,12.12,688416.0,12.21,0.0167859,1.13919,33838.0
300205.SZ,20260821,3500.0,4.8,16800.0,4.81,0.000813848,0.149986,43005.6
300204.SZ,20260821,509486.0,23.45,11947446.7,24.08,0.112305,1.51721,45366.4
300203.SZ,20260821,69500.0,13.13,912535.0,13.23,0.0155006,0.666311,44836.9
300201.SZ,20260821,56900.0,14.5,825050.0,14.48,0.00566929,0.173684,100365.0
300200.SZ,20260821,80000.0,8.51,680800.0,8.64,0.0188067,0.905642,42537.9
300199.SZ,20260821,347700.0,24.0,8344800.0,24.1,0.0466607,0.698657,74516.7
300198.SZ,20260821,35500.0,2.34,83070.0,2.36,0.00346515,0.229793,102449.0
300197.SZ,20260821,658900.0,2.03,1337567.0,2.06,0.0222209,0.423549,296522.0
300196.SZ,20260821,24100.0,17.35,418135.0,17.49,0.00975591,0.158876,24703.0
300195.SZ,20260821,15300.0,5.45,83385.0,5.48,0.00487471,0.210343,31386.5
300194.SZ,20260821,255700.0,4.03,1030471.0,4.09,0.0264059,0.868098,96834.4
300193.SZ,20260821,14000.0,7.66,107240.0,7.72,0.00333829,0.307041,41937.6
300192.SZ,20260821,48000.0,14.94,717120.0,15.0,0.0105393,0.249535,45544.0
300191.SZ,20260821,105200.0,33.57,3531564.0,33.2,0.0475598,0.688011,22119.5
300190.SZ,20260821,70300.0,3.62,254486.0,3.65,0.00744513,0.569868,94424.2
300189.SZ,20260821,2245962.0,6.08,13655448.96,6.34,0.253423,0.711175,88625.0
300188.SZ,20260821,38200.0,10.22,390404.0,10.23,0.00446518,0.371919,85550.9
300187.SZ,20260821,70100.0,4.53,317553.0,4.6,0.0109126,0.523109,64237.8
300185.SZ,20260821,200200.0,2.66,532532.0,2.66,0.00520479,0.387656,384646.0
300184.SZ,20260821,93600.0,11.8,1104480.0,11.9,0.00889708,0.167525,105203.0
300183.SZ,20260821,19800.0,10.3,203940.0,10.35,0.00533651,0.480761,37102.9
300012.SZ,20260821,336000.0,15.24,5120640.0,15.26,0.0234646,0.639762,143195.0
300011.SZ,20260821,18400.0,5.95,109480.0,5.95,0.00362736,0.194112,50725.6
300010.SZ,20260821,69200.0,2.14,148088.0,2.15,0.00416032,0.282258,166333.0
163409.SZ,20260821,0.0,,0.0,1.505,,0.0,
163406.SZ,20260821,200.0,2.371,474.2,2.384,,0.00806827,
163402.SZ,20260821,300.0,0.882,264.6,0.883,,0.00555612,
163302.SZ,20260821,0.0,,0.0,1.114,,0.0,
163208.SZ,20260821,115298.0,1.393,160610.114,1.392,,5.27906,
163118.SZ,20260821,100.0,0.71,71.0,0.712,,0.0309567,
163116.SZ,20260821,900.0,1.97,1773.0,1.976,,0.571624,
163115.SZ,20260821,500.0,1.098,549.0,1.098,,1.23261,
163114.SZ,20260821,0.0,,0.0,1.239,,0.0,
163113.SZ,20260821,0.0,,0.0,0.902,,0.0,
163111.SZ,20260821,0.0,,0.0,1.532,,0.0,
163110.SZ,20260821,0.0,,0.0,2.353,,0.0,
163109.SZ,20260821,0.0,,0.0,0.773,,0.0,
163005.SZ,20260821,0.0,,0.0,1.025,,,
163003.SZ,20260821,0.0,,0.0,0.673,,0.0,
163001.SZ,20260821,0.0,,0.0,1.535,,0.0,
162721.SZ,20260821,0.0,,0.0,1.252,,0.0,
162720.SZ,20260821,0.0,,0.0,1.363,,0.0,
162719.SZ,20260821,227308.0,3.037,690334.396,3.023,,2.61122,
162715.SZ,20260821,100.0,1.194,119.4,1.194,,0.107793,
162712.SZ,20260821,0.0,,0.0,1.421,,0.0,
162711.SZ,20260821,0.0,,0.0,1.87,,0.0,
162703.SZ,20260821,5000.0,2.35,11750.0,2.359,,0.148756,
162607.SZ,20260821,700.0,0.495,346.5,0.495,,0.285211,
162605.SZ,20260821,0.0,,0.0,1.618,,0.0,
162509.SZ,20260821,0.0,,0.0,0.993,,0.0,
162415.SZ,20260821,24300.0,2.85,69255.0,2.888,,1.67991,
162414.SZ,20260821,0.0,,0.0,1.933,,0.0,
163407.SZ,20260821,0.0,,0.0,2.698,,0.0,
163412.SZ,20260821,100.0,4.088,408.8,4.127,,0.0624171,
162411.SZ,20260821,795648.0,0.978,778143.744,0.975,,0.853655,
163415.SZ,20260821,6900.0,5.106,35231.4,5.108,,0.731344,
165313.SZ,20260821,0.0,,0.0,4.177,,0.0,
165311.SZ,20260821,0.0,,0.0,1.735,,,
165309.SZ,20260821,0.0,,0.0,1.953,,0.0,
164906.SZ,20260821,69300.0,0.957,66320.1,0.964,,1.01583,
164902.SZ,20260821,0.0,,0.0,1.171,,0.0,
164824.SZ,20260821,280300.0,1.312,367753.6,1.311,,3.22804,
164814.SZ,20260821,0.0,,0.0,1.095,,0.0,
164810.SZ,20260821,0.0,,0.0,1.034,,0.0,
164808.SZ,20260821,0.0,,0.0,1.101,,0.0,
164705.SZ,20260821,0.0,,0.0,1.151,,0.0,
164703.SZ,20260821,0.0,,0.0,0.874,,0.0,
164701.SZ,20260821,200300.0,1.75,350525.0,1.734,,1.37728,
164606.SZ,20260821,0.0,,0.0,1.244,,,
164509.SZ,20260821,0.0,,0.0,0.73,,0.0,
164508.SZ,20260821,0.0,,0.0,1.311,,0.0,
164403.SZ,20260821,0.0,,0.0,0.929,,0.0,
164210.SZ,20260821,0.0,,0.0,1.26,,0.0,
164208.SZ,20260821,0.0,,0.0,1.417,,0.0,
164206.SZ,20260821,0.0,,0.0,1.655,,0.0,
164105.SZ,20260821,0.0,,0.0,1.616,,0.0,
163907.SZ,20260821,0.0,,0.0,0.796,,,
163821.SZ,20260821,0.0,,0.0,2.076,,0.0,
163819.SZ,20260821,0.0,,0.0,1.213,,0.0,
163801.SZ,20260821,0.0,,0.0,0.832,,0.0,
163503.SZ,20260821,0.0,,0.0,0.422,,0.0,
163418.SZ,20260821,0.0,,0.0,0.842,,0.0,
163417.SZ,20260821,10000.0,2.101,21010.0,2.11,,0.216713,
162412.SZ,20260821,0.0,,0.0,0.622,,0.0,
162307.SZ,20260821,0.0,,0.0,1.548,,0.0,
300009.SZ,20260821,5758600.0,9.55,54994630.0,10.15,0.468085,8.18346,123025.0
161706.SZ,20260821,0.0,,0.0,4.013,,0.0,
161626.SZ,20260821,0.0,,0.0,1.073,,0.0,
161614.SZ,20260821,0.0,,0.0,1.126,,0.0,
161610.SZ,20260821,0.0,,0.0,1.8,,0.0,
161607.SZ,20260821,0.0,,0.0,1.195,,0.0,
161505.SZ,20260821,0.0,,0.0,1.369,,0.0,
161233.SZ,20260821,0.0,,0.0,1.803,,0.0,
161232.SZ,20260821,0.0,,0.0,1.31,,0.0,
161229.SZ,20260821,100.0,1.364,136.4,1.393,,0.84327,
161227.SZ,20260821,0.0,,0.0,1.627,,0.0,
161226.SZ,20260821,2947774.0,1.932,5695099.368,1.904,,2.08163,
161225.SZ,20260821,0.0,,0.0,2.466,,0.0,
161224.SZ,20260821,0.0,,0.0,1.357,,0.0,
161222.SZ,20260821,0.0,,0.0,2.931,,0.0,
161219.SZ,20260821,0.0,,0.0,3.199,,0.0,
161217.SZ,20260821,0.0,,0.0,2.261,,0.0,
161216.SZ,20260821,0.0,,0.0,1.392,,0.0,
161133.SZ,20260821,0.0,,0.0,1.773,,0.0,
161132.SZ,20260821,0.0,,0.0,2.978,,0.0,
161131.SZ,20260821,0.0,,0.0,1.04,,0.0,
161130.SZ,20260821,21206.0,4.609,97738.454,4.663,,0.407722,
161129.SZ,20260821,2974508.0,1.858,5526635.864,1.818,,0.492504,
161128.SZ,20260821,97700.0,6.933,677354.1,7.013,,0.53745,
161127.SZ,20260821,59100.0,2.145,126769.5,2.23,,2.58012,
161126.SZ,20260821,68800.0,2.134,146819.2,2.186,,3.10374,
161125.SZ,20260821,39100.0,3.23,126293.0,3.257,,0.480515,
161124.SZ,20260821,1082.0,0.892,965.144,0.897,,0.0420021,
161123.SZ,20260821,0.0,,0.0,1.428,,0.0,
161631.SZ,20260821,0.0,,0.0,2.751,,0.0,
161713.SZ,20260821,0.0,,0.0,1.074,,0.0,
162216.SZ,20260821,0.0,,0.0,1.698,,0.0,
161715.SZ,20260821,0.0,,0.0,2.239,,0.0,
162215.SZ,20260821,0.0,,0.0,1.097,,0.0,
162207.SZ,20260821,0.0,,0.0,1.412,,0.0,
162108.SZ,20260821,0.0,,0.0,1.358,,0.0,
162105.SZ,20260821,0.0,,0.0,1.459,,0.0,
162006.SZ,20260821,0.0,,0.0,1.8,,0.0,
161914.SZ,20260821,0.0,,0.0,0.885,,0.0,
161912.SZ,20260821,0.0,,0.0,4.362,,0.0,
161908.SZ,20260821,0.0,,0.0,1.22,,0.0,
161903.SZ,20260821,3200.0,1.717,5494.4,1.718,,0.12488,
161837.SZ,20260821,0.0,,0.0,1.126,,0.0,
161834.SZ,20260821,0.0,,0.0,1.833,,0.0,
161831.SZ,20260821,1300.0,0.735,955.5,0.742,,0.506848,
161820.SZ,20260821,1500.0,1.16,1740.0,1.16,,0.716594,
161816.SZ,20260821,0.0,,0.0,0.95,,0.0,
161815.SZ,20260821,92700.0,1.101,102062.7,1.094,,4.269,
161812.SZ,20260821,0.0,,0.0,1.379,,0.0,
161811.SZ,20260821,0.0,,0.0,1.06,,0.0,
161810.SZ,20260821,500.0,4.8,2400.0,4.769,,0.11463,
161729.SZ,20260821,0.0,,0.0,2.025,,0.0,
161728.SZ,20260821,0.0,,0.0,1.559,,0.0,
161727.SZ,20260821,0.0,,0.0,1.75,,0.0,
161726.SZ,20260821,278400.0,0.43,119712.0,0.442,,2.12923,
161725.SZ,20260821,92500.0,0.553,51152.5,0.553,,0.133316,
161724.SZ,20260821,0.0,,0.0,2.369,,0.0,
161722.SZ,20260821,0.0,,0.0,1.529,,0.0,
161720.SZ,20260821,0.0,,0.0,1.127,,0.0,
161716.SZ,20260821,836600.0,1.655,1384573.0,1.655,,8.303,
165508.SZ,20260821,100.0,2.199,219.9,2.194,,0.139264,
165509.SZ,20260821,0.0,,0.0,1.222,,0.0,
165511.SZ,20260821,0.0,,0.0,2.243,,0.0,
200429.SZ,20260821,5100.0,9.38,47838.0,9.39,,,
200056.SZ,20260821,0.0,,0.0,0.5,,,
200055.SZ,20260821,0.0,,0.0,1.35,,,
200045.SZ,20260821,0.0,,0.0,3.9,,,
200037.SZ,20260821,0.0,,0.0,2.32,,,
200030.SZ,20260821,0.0,,0.0,2.77,,,
200029.SZ,20260821,0.0,,0.0,4.05,,,
200028.SZ,20260821,0.0,,0.0,11.95,,,
200026.SZ,20260821,2300.0,8.43,19389.0,8.4,,,
200025.SZ,20260821,0.0,,0.0,3.94,,,
200020.SZ,20260821,0.0,,0.0,2.41,,,
200019.SZ,20260821,0.0,,0.0,3.23,,,
200017.SZ,20260821,0.0,,0.0,1.51,,,
200016.SZ,20260821,0.0,,0.0,0.7,,,
200012.SZ,20260821,0.0,,0.0,1.35,,,
200011.SZ,20260821,0.0,,0.0,2.55,,,
180901.SZ,20260821,0.0,,0.0,5.42,,0.0,
180801.SZ,20260821,35.0,11.34,396.9,11.34,,0.0108205,
180701.SZ,20260821,0.0,,0.0,3.783,,0.0,
180607.SZ,20260821,0.0,,0.0,5.42,,0.0,
180606.SZ,20260821,0.0,,0.0,3.625,,0.0,
180605.SZ,20260821,0.0,,0.0,4.19,,0.0,
180603.SZ,20260821,0.0,,0.0,4.37,,0.0,
180602.SZ,20260821,0.0,,0.0,3.701,,0.0,
180601.SZ,20260821,0.0,,0.0,9.337,,0.0,
180503.SZ,20260821,101.0,2.96,298.96,2.97,,0.0211615,
180502.SZ,20260821,0.0,,0.0,3.451,,0.0,
180501.SZ,20260821,0.0,,0.0,3.249,,0.0,
200058.SZ,20260821,0.0,,0.0,1.53,,,
200468.SZ,20260821,0.0,,0.0,3.26,,,
165512.SZ,20260821,0.0,,0.0,1.272,,0.0,
200488.SZ,20260821,0.0,,0.0,0.56,,,
300008.SZ,20260821,44300.0,6.01,266243.0,6.04,0.00268927,0.0698947,164729.0
300007.SZ,20260821,32900.0,31.25,1028125.0,31.26,0.0116276,0.302637,28294.6
300006.SZ,20260821,3576100.0,5.64,20169204.0,5.94,0.338703,12.074,105582.0
300005.SZ,20260821,375500.0,10.77,4044135.0,10.79,0.0428384,0.629298,87654.9
300004.SZ,20260821,326900.0,8.78,2870182.0,8.78,0.0681051,0.567978,47999.4
300003.SZ,20260821,229100.0,12.61,2888951.0,12.8,0.01451,0.64546,157891.0
300002.SZ,20260821,85200.0,8.01,682452.0,8.04,0.0046028,0.231207,185105.0
300001.SZ,20260821,56300.0,35.8,2015540.0,35.87,0.0054598,0.298333,103117.0
201872.SZ,20260821,2000.0,17.18,34360.0,17.21,,,
200992.SZ,20260821,0.0,,0.0,1.72,,,
200869.SZ,20260821,5700.0,7.98,45486.0,8.05,,,
200761.SZ,20260821,20800.0,0.88,18304.0,0.88,,,
200726.SZ,20260821,0.0,,0.0,4.38,,,
200725.SZ,20260821,7400.0,5.12,37888.0,5.15,,,
200706.SZ,20260821,0.0,,0.0,2.8,,,
200625.SZ,20260821,20200.0,3.36,67872.0,3.39,,,
200596.SZ,20260821,0.0,,0.0,59.25,,,
200581.SZ,20260821,0.0,,0.0,11.62,,,
200570.SZ,20260821,0.0,,0.0,2.0,,,
200553.SZ,20260821,0.0,,0.0,2.8,,,
200550.SZ,20260821,0.0,,0.0,9.35,,,
200541.SZ,20260821,0.0,,0.0,1.9,,,
200539.SZ,20260821,100000.0,1.87,187000.0,1.88,,,
200530.SZ,20260821,0.0,,0.0,1.59,,,
200521.SZ,20260821,449000.0,2.57,1153930.0,2.37,,,
200512.SZ,20260821,0.0,,0.0,2.16,,,
200505.SZ,20260821,3400.0,1.94,6596.0,2.0,,,
180402.SZ,20260821,0.0,,0.0,4.833,,0.0,
180401.SZ,20260821,0.0,,0.0,5.681,,0.0,
180306.SZ,20260821,0.0,,0.0,4.644,,0.0,
180305.SZ,20260821,0.0,,0.0,3.391,,0.0,
167301.SZ,20260821,50800.0,1.028,52222.4,1.026,,0.476445,
167003.SZ,20260821,0.0,,0.0,1.157,,0.0,
167002.SZ,20260821,0.0,,0.0,5.347,,0.0,
167001.SZ,20260821,0.0,,0.0,1.915,,0.0,
166401.SZ,20260821,0.0,,0.0,1.142,,0.0,
166107.SZ,20260821,0.0,,0.0,1.425,,0.0,
166105.SZ,20260821,0.0,,0.0,1.008,,0.0,
166027.SZ,20260821,0.0,,0.0,0.839,,0.0,
166025.SZ,20260821,0.0,,0.0,0.681,,0.0,
166024.SZ,20260821,0.0,,0.0,1.027,,0.0,
166023.SZ,20260821,0.0,,0.0,1.328,,0.0,
166016.SZ,20260821,1600.0,1.128,1804.8,1.128,,0.641324,
166011.SZ,20260821,0.0,,0.0,1.729,,0.0,
166009.SZ,20260821,0.0,,0.0,3.539,,0.0,
166008.SZ,20260821,0.0,,0.0,1.146,,0.0,
166006.SZ,20260821,0.0,,0.0,2.421,,0.0,
166001.SZ,20260821,0.0,,0.0,1.644,,0.0,
165528.SZ,20260821,0.0,,0.0,2.583,,0.0,
165525.SZ,20260821,0.0,,0.0,0.706,,0.0,
165522.SZ,20260821,0.0,,0.0,1.42,,0.0,
165521.SZ,20260821,0.0,,0.0,1.248,,0.0,
165520.SZ,20260821,0.0,,0.0,2.818,,0.0,
165519.SZ,20260821,0.0,,0.0,1.131,,0.0,
165517.SZ,20260821,0.0,,0.0,1.037,,0.0,
165516.SZ,20260821,0.0,,0.0,7.833,,0.0,
165515.SZ,20260821,0.0,,0.0,1.303,,0.0,
165513.SZ,20260821,10400.0,1.055,10972.0,1.044,,1.42467,
167302.SZ,20260821,0.0,,0.0,0.99,,0.0,
167501.SZ,20260821,0.0,,0.0,1.061,,0.0,
167506.SZ,20260821,0.0,,0.0,1.674,,0.0,
169106.SZ,20260821,0.0,,0.0,1.125,,0.0,
180303.SZ,20260821,0.0,,0.0,3.233,,0.0,
180302.SZ,20260821,0.0,,0.0,2.706,,0.0,
180301.SZ,20260821,1200.0,2.097,2516.4,2.096,,0.097686,
180203.SZ,20260821,0.0,,0.0,7.155,,0.0,
180202.SZ,20260821,100.0,4.67,467.0,4.67,,0.0142811,
180201.SZ,20260821,500.0,7.341,3670.5,7.341,,0.0370352,
180106.SZ,20260821,0.0,,0.0,2.497,,0.0,
180105.SZ,20260821,0.0,,0.0,1.284,,0.0,
180103.SZ,20260821,0.0,,0.0,1.796,,0.0,
180102.SZ,20260821,10100.0,0.992,10019.2,0.995,,0.188897,
180101.SZ,20260821,479.0,1.427,683.533,1.424,,0.0151601,
169201.SZ,20260821,100.0,1.905,190.5,1.906,,0.113616,
169105.SZ,20260821,0.0,,0.0,2.143,,0.0,
167508.SZ,20260821,0.0,,0.0,1.651,,0.0,
169104.SZ,20260821,0.0,,0.0,2.85,,0.0,
169101.SZ,20260821,0.0,,0.0,2.036,,0.0,
168701.SZ,20260821,0.0,,0.0,0.982,,0.0,
168401.SZ,20260821,0.0,,0.0,6.014,,0.0,
168301.SZ,20260821,0.0,,0.0,0.831,,0.0,
168204.SZ,20260821,0.0,,0.0,2.124,,0.0,
168203.SZ,20260821,0.0,,0.0,1.162,,0.0,
168105.SZ,20260821,0.0,,0.0,2.329,,0.0,
168104.SZ,20260821,0.0,,0.0,0.819,,0.0,
168103.SZ,20260821,0.0,,0.0,1.368,,0.0,
168102.SZ,20260821,0.0,,0.0,1.112,,0.0,
168101.SZ,20260821,0.0,,0.0,1.468,,0.0,
300278.SZ,20260821,12000.0,3.75,45000.0,3.76,0.000851399,0.0874953,140945.0
300279.SZ,20260821,28400.0,5.65,160460.0,5.62,0.00583229,0.3229,48694.4
300281.SZ,20260821,11800.0,6.22,73396.0,6.28,0.00296985,0.208586,39732.6
300643.SZ,20260821,7800.0,17.77,138606.0,17.98,0.00337583,0.168475,23105.4
300641.SZ,20260821,12500.0,14.07,175875.0,14.15,0.0023785,0.169039,52554.1
300640.SZ,20260821,49500.0,6.71,332145.0,6.71,0.0224236,0.514135,22074.9
300639.SZ,20260821,540500.0,6.2,3351100.0,6.29,0.0857661,2.00135,63020.2
300638.SZ,20260821,41800.0,18.67,780406.0,18.83,0.00788012,0.266046,53044.9
300637.SZ,20260821,12300.0,8.92,109716.0,9.01,0.00524442,0.262156,23453.5
300636.SZ,20260821,102100.0,7.05,719805.0,7.16,0.0277931,1.38944,36735.8
300635.SZ,20260821,19700.0,12.16,239552.0,12.28,0.0163602,0.532175,12041.4
300634.SZ,20260821,79300.0,19.45,1542385.0,19.65,0.0182604,0.328239,43427.4
300633.SZ,20260821,5300.0,20.44,108332.0,20.7,0.00203755,0.120914,26011.6
300632.SZ,20260821,49900.0,18.4,918160.0,18.49,0.0225592,0.36823,22119.6
300631.SZ,20260821,9100.0,21.4,194740.0,21.48,0.00748324,0.548443,12160.5
300629.SZ,20260821,22500.0,16.65,374625.0,16.66,0.0103788,0.396943,21678.9
300628.SZ,20260821,127000.0,42.45,5391150.0,42.4,0.0174962,0.824208,72587.1
300627.SZ,20260821,18000.0,27.22,489960.0,27.25,0.00273918,0.150602,65713.2
300626.SZ,20260821,4400.0,30.68,134992.0,30.68,0.00244578,0.0817335,17990.2
300625.SZ,20260821,7600.0,9.63,73188.0,9.7,0.00469218,0.51271,16197.2
300624.SZ,20260821,25300.0,51.29,1297637.0,52.04,0.0147752,0.320342,17123.3
300623.SZ,20260821,197300.0,29.59,5838107.0,29.43,0.0257015,0.588477,76765.8
300622.SZ,20260821,25900.0,14.61,378399.0,14.73,0.0118763,0.37534,21808.2
300621.SZ,20260821,13800.0,7.21,99498.0,7.24,0.00681384,0.315678,20252.9
300620.SZ,20260821,36226.0,307.56,11141668.56,310.96,0.0146465,0.276767,24733.6
300619.SZ,20260821,2200.0,25.65,56430.0,25.65,0.00115527,0.0430936,19043.2
300618.SZ,20260821,22900.0,33.98,778142.0,34.34,0.00840377,0.302013,27249.7
300617.SZ,20260821,8300.0,40.36,334988.0,40.5,0.0059745,0.144813,13892.4
300616.SZ,20260821,10500.0,10.57,110985.0,10.6,0.00676476,0.180351,15521.6
300615.SZ,20260821,857600.0,18.09,15513984.0,16.53,0.560203,2.97263,15308.7
300614.SZ,20260821,8600.0,10.67,91762.0,10.71,0.00536023,0.324835,16044.1
300642.SZ,20260821,51200.0,13.94,713728.0,13.94,0.0371808,1.30084,13770.6
300644.SZ,20260821,5200.0,20.92,108784.0,21.03,0.00589482,0.357906,8821.31
300612.SZ,20260821,51400.0,11.76,604464.0,11.8,0.0282401,0.944839,18201.1
300645.SZ,20260821,13200.0,12.89,170148.0,12.94,0.00947456,0.442733,13932.0
300673.SZ,20260821,0.0,,0.0,13.02,0.0,0.0,16046.1
300672.SZ,20260821,33600.0,162.65,5465040.0,163.55,0.0159743,0.224838,21033.8
300671.SZ,20260821,61300.0,59.74,3662062.0,60.08,0.0277646,0.445024,22078.5
300670.SZ,20260821,15300.0,6.33,96849.0,6.35,0.00680925,0.168058,22469.4
300669.SZ,20260821,2400.0,23.5,56400.0,23.49,0.00131507,0.103472,18250.0
300668.SZ,20260821,55600.0,34.07,1894292.0,34.39,0.0557707,0.692792,9969.39
300667.SZ,20260821,146000.0,14.84,2166640.0,14.93,0.0823411,2.38985,17731.1
300666.SZ,20260821,66800.0,247.0,16499600.0,249.05,0.0302104,0.424765,22111.6
300665.SZ,20260821,25100.0,9.41,236191.0,9.49,0.0115132,0.381397,21801.1
300664.SZ,20260821,132600.0,4.56,604656.0,4.63,0.0182851,1.91394,72518.0
300663.SZ,20260821,64400.0,7.94,511336.0,8.0,0.0139882,0.148151,46038.8
300662.SZ,20260821,6500.0,20.0,130000.0,20.15,0.00331235,0.148795,19623.5
300661.SZ,20260821,38500.0,116.0,4466000.0,116.58,0.00639728,0.20081,60181.9
300660.SZ,20260821,23500.0,24.36,572460.0,24.37,0.00404525,0.226877,58092.8
300659.SZ,20260821,4100.0,10.17,41697.0,10.24,0.00216657,0.101294,18923.9
300658.SZ,20260821,9600.0,10.66,102336.0,10.59,0.00434696,0.136159,22084.4
300657.SZ,20260821,208700.0,34.5,7200150.0,35.37,0.0436879,0.773431,47770.6
300656.SZ,20260821,6200.0,27.09,167958.0,27.13,0.00459427,0.0831195,13495.1
300655.SZ,20260821,60300.0,12.62,760986.0,12.7,0.00537677,0.133719,112149.0
300654.SZ,20260821,47500.0,9.96,473100.0,10.0,0.01347,0.348133,35263.6
300653.SZ,20260821,50800.0,15.35,779780.0,15.77,0.0282222,1.30047,18000.0
300652.SZ,20260821,1300.0,28.65,37245.0,28.56,0.00108589,0.0809933,11971.8
300651.SZ,20260821,10000.0,16.91,169100.0,17.09,0.00967331,0.283802,10337.7
300650.SZ,20260821,5300.0,11.55,61215.0,11.61,0.00311133,0.0791866,17034.5
300649.SZ,20260821,26000.0,25.94,674440.0,25.87,0.024502,0.419371,10611.4
300648.SZ,20260821,600.0,38.36,23016.0,38.35,0.000452192,0.0335417,13268.7
300647.SZ,20260821,26900.0,5.63,151447.0,5.65,0.00589083,0.163042,45664.2
300613.SZ,20260821,69600.0,70.45,4903320.0,70.85,0.031681,0.542477,21969.0
300611.SZ,20260821,3200.0,22.66,72512.0,22.66,0.00215774,0.145462,14830.3
300549.SZ,20260821,4700.0,14.23,66881.0,14.29,0.00465097,0.315242,10105.4
300580.SZ,20260821,23600.0,19.75,466100.0,19.85,0.00499373,0.193654,47259.2
300578.SZ,20260821,3100.0,15.5,48050.0,15.53,0.00156395,0.051471,19821.6
300577.SZ,20260821,7500.0,17.81,133575.0,17.92,0.00527557,0.218635,14216.5
300576.SZ,20260821,53400.0,30.55,1631370.0,30.82,0.0210169,0.243699,25408.1
300575.SZ,20260821,109200.0,5.9,644280.0,6.03,0.0315314,0.422093,34632.2
300573.SZ,20260821,40500.0,40.55,1642275.0,40.88,0.0148898,0.504506,27199.8
300572.SZ,20260821,7100.0,18.77,133267.0,18.95,0.00391664,0.153224,18127.8
300571.SZ,20260821,28500.0,30.31,863835.0,30.88,0.0246461,0.30991,11563.7
300570.SZ,20260821,337000.0,213.0,71781000.0,213.4,0.175345,1.19676,19219.3
300569.SZ,20260821,300.0,4.68,1404.0,4.69,2.94219e-05,0.0030534,101965.0
300568.SZ,20260821,82100.0,14.49,1189629.0,14.57,0.0067932,0.111196,120856.0
300567.SZ,20260821,9500.0,216.99,2061405.0,217.9,0.00418411,0.134362,22705.0
300566.SZ,20260821,94300.0,27.7,2612110.0,28.1,0.0416004,0.304942,22668.0
300565.SZ,20260821,18000.0,9.57,172260.0,9.57,0.00788764,0.253129,22820.5
300564.SZ,20260821,6000.0,12.27,73620.0,12.43,0.00530074,0.257658,11319.2
300563.SZ,20260821,3000.0,23.19,69570.0,23.09,0.00236724,0.111477,12673.0
300562.SZ,20260821,29400.0,15.01,441294.0,15.18,0.0176124,0.206454,16692.8
300561.SZ,20260821,66900.0,14.91,997479.0,15.0,0.0277527,0.335898,24105.8
300560.SZ,20260821,51100.0,17.95,917245.0,17.92,0.0273314,0.33463,18696.5
300559.SZ,20260821,2800.0,10.3,28840.0,10.34,0.000899926,0.0413516,31113.7
300558.SZ,20260821,534800.0,51.58,27584984.0,55.7,0.126733,1.99347,42199.1
300557.SZ,20260821,7300.0,25.85,188705.0,25.82,0.00466911,0.235145,15634.7
300556.SZ,20260821,29200.0,16.14,471288.0,16.2,0.0269108,0.838636,10850.7
300555.SZ,20260821,1000.0,12.51,12510.0,12.6,0.000505089,0.0664505,19798.5
300554.SZ,20260821,17200.0,20.28,348816.0,20.41,0.021746,0.577076,7909.49
300553.SZ,20260821,5900.0,40.27,237593.0,40.71,0.0069339,0.119796,8508.92
300552.SZ,20260821,14900.0,20.16,300384.0,20.15,0.0110298,0.232621,13508.8
300551.SZ,20260821,161800.0,10.19,1648742.0,9.96,0.0477184,1.91531,33907.3
300579.SZ,20260821,12900.0,21.26,274254.0,21.16,0.00495252,0.40059,26047.3
300581.SZ,20260821,20300.0,9.73,197519.0,9.78,0.00369017,0.135835,55011.0
300610.SZ,20260821,15500.0,10.32,159960.0,10.41,0.00936117,0.425485,16557.8
300582.SZ,20260821,9200.0,11.19,102948.0,11.21,0.00415229,0.213025,22156.5
300609.SZ,20260821,14000.0,24.99,349860.0,24.91,0.0116736,0.444627,11992.9
300608.SZ,20260821,10600.0,9.97,105682.0,10.02,0.00348265,0.126329,30436.6
300607.SZ,20260821,175400.0,32.1,5630340.0,32.69,0.0519705,0.396264,33749.9
300606.SZ,20260821,7300.0,35.0,255500.0,35.41,0.00620355,0.0744275,11767.4
300605.SZ,20260821,46200.0,10.07,465234.0,10.11,0.0365556,0.58429,12638.3
300604.SZ,20260821,30200.0,274.05,8276310.0,275.74,0.00616984,0.157161,48947.8
300603.SZ,20260821,33800.0,7.7,260260.0,7.72,0.0090391,0.0842849,37393.1
300602.SZ,20260821,101000.0,40.6,4100600.0,40.52,0.0251758,0.369799,40117.9
300601.SZ,20260821,3118660.0,13.2,41166312.0,14.47,0.346365,9.29214,90039.7
300600.SZ,20260821,11900.0,9.9,117810.0,9.92,0.00404439,0.210649,29423.4
300599.SZ,20260821,8900.0,11.86,105554.0,11.95,0.00473318,0.118526,18803.4
300598.SZ,20260821,208300.0,35.29,7350907.0,36.5,0.0960258,1.00441,21692.1
300597.SZ,20260821,6200.0,7.75,48050.0,7.76,0.00228468,0.152736,27137.2
300596.SZ,20260821,69800.0,44.41,3099818.0,45.0,0.0303981,1.10084,22962.0
300595.SZ,20260821,65500.0,11.26,737530.0,11.37,0.00979813,0.561263,66849.5
300594.SZ,20260821,0.0,,0.0,14.39,0.0,0.0,9099.29
300593.SZ,20260821,86600.0,29.11,2520926.0,29.3,0.0193172,0.312811,44830.4
300592.SZ,20260821,34400.0,14.62,502928.0,14.81,0.0100033,0.241472,34388.6
300591.SZ,20260821,778800.0,6.64,5171232.0,6.66,0.222232,1.70339,35044.5
300590.SZ,20260821,30800.0,10.81,332948.0,10.95,0.00860781,0.201148,35781.5
300589.SZ,20260821,54500.0,12.85,700325.0,12.92,0.023248,0.265726,23442.9
300588.SZ,20260821,2800.0,20.02,56056.0,20.14,0.00158351,0.0864079,17682.2
300587.SZ,20260821,69600.0,5.09,354264.0,5.1,0.00661212,0.182404,105261.0
300586.SZ,20260821,43500.0,8.86,385410.0,8.91,0.00813698,0.246486,53459.6
300585.SZ,20260821,34100.0,15.32,522412.0,15.48,0.0199286,0.536588,17111.1
300584.SZ,20260821,41700.0,34.0,1417800.0,34.5,0.0507856,0.892265,8210.99
300583.SZ,20260821,21300.0,13.01,277113.0,13.14,0.0114425,0.705377,18614.9
300674.SZ,20260821,97900.0,15.34,1501786.0,15.24,0.0139258,0.840663,70301.2
300675.SZ,20260821,11900.0,12.77,151963.0,12.82,0.00811363,0.704438,14666.7
300676.SZ,20260821,1000900.0,41.41,41447269.0,43.78,0.24058,6.19435,41603.6
300775.SZ,20260821,15300.0,20.77,317781.0,20.89,0.00287787,0.132861,53164.3
300773.SZ,20260821,373300.0,15.08,5629364.0,14.79,0.0362917,1.20278,102861.0
300772.SZ,20260821,9100.0,11.32,103012.0,11.34,0.00130396,0.0765727,69787.6
300771.SZ,20260821,6800.0,11.28,76704.0,11.38,0.00380796,0.19736,17857.3
300770.SZ,20260821,2700.0,34.3,92610.0,34.38,0.00118505,0.158755,22783.9
300769.SZ,20260821,39300.0,45.06,1770858.0,45.35,0.0156103,0.314698,25175.7
300768.SZ,20260821,9700.0,14.61,141717.0,14.74,0.00230586,0.0822411,42066.7
300767.SZ,20260821,12900.0,18.86,243294.0,18.84,0.00537742,0.102597,23989.2
300766.SZ,20260821,47400.0,21.5,1019100.0,21.6,0.0132427,0.192337,35793.3
300765.SZ,20260821,1533200.0,47.88,73409616.0,51.78,0.109156,4.30837,140459.0
300763.SZ,20260821,13500.0,60.68,819180.0,60.9,0.00419783,0.126844,32159.5
300762.SZ,20260821,156700.0,28.44,4456548.0,28.7,0.0249536,0.510072,62796.6
300761.SZ,20260821,51900.0,18.66,968454.0,18.71,0.00814654,0.577636,63708.0
300760.SZ,20260821,108500.0,158.0,17143000.0,158.07,0.00896204,1.27808,121066.0
300759.SZ,20260821,1005800.0,48.93,49213794.0,50.9,0.0708294,1.23256,142003.0
300758.SZ,20260821,300.0,10.72,3216.0,10.68,8.33931e-05,0.00516166,35974.2
300757.SZ,20260821,23300.0,511.02,11906766.0,503.11,0.0143326,0.339243,16256.7
300756.SZ,20260821,4300.0,28.82,123926.0,28.91,0.00223963,0.112778,19199.6
300755.SZ,20260821,14800.0,11.26,166648.0,11.27,0.00355273,0.362298,41658.1
300753.SZ,20260821,77200.0,22.87,1765564.0,23.18,0.087833,0.81424,8789.4
300752.SZ,20260821,97200.0,10.9,1059480.0,10.96,0.0435539,0.645145,22317.2
300751.SZ,20260821,19100.0,194.2,3709220.0,196.04,0.00990411,0.181136,19284.9
300750.SZ,20260821,187700.0,386.0,72452200.0,385.0,0.00440602,1.01646,426008.0
300749.SZ,20260821,11000.0,23.76,261360.0,23.38,0.00698876,0.132275,15739.6
300748.SZ,20260821,71800.0,27.11,1946498.0,27.24,0.0063538,0.313441,113003.0
300747.SZ,20260821,57871.0,35.11,2031850.81,35.38,0.0110869,0.324607,52197.8
300746.SZ,20260821,55800.0,13.38,746604.0,13.51,0.0249614,1.35652,22354.5
300745.SZ,20260821,4200.0,28.46,119532.0,28.54,0.00295127,0.0720146,14231.2
300774.SZ,20260821,38500.0,11.08,426580.0,11.0,0.0188654,0.54144,20407.7
300776.SZ,20260821,12500.0,114.56,1432000.0,114.85,0.00697108,0.144519,17931.2
300677.SZ,20260821,12000.0,48.45,581400.0,48.98,0.00257725,0.176448,46561.3
300777.SZ,20260821,9900.0,23.17,229383.0,23.15,0.00234383,0.108264,42238.6
300806.SZ,20260821,64100.0,46.5,2980650.0,46.9,0.0140364,0.192344,45666.9
300805.SZ,20260821,22500.0,7.88,177300.0,7.95,0.00780298,0.25533,28835.1
300804.SZ,20260821,3500.0,43.29,151515.0,43.16,0.0127273,0.34292,2750.0
300803.SZ,20260821,20800.0,79.0,1643200.0,79.32,0.00343609,0.168799,60533.9
300802.SZ,20260821,8900.0,22.06,196334.0,22.35,0.00439811,0.119145,20236.0
300801.SZ,20260821,7900.0,22.6,178540.0,22.82,0.00574352,0.140367,13754.6
300800.SZ,20260821,19700.0,10.08,198576.0,10.08,0.00840779,0.772044,23430.7
300798.SZ,20260821,12600.0,7.1,89460.0,7.16,0.00310572,0.0782554,40570.4
300797.SZ,20260821,64400.0,14.54,936376.0,14.63,0.0168721,0.439083,38169.4
300796.SZ,20260821,2600.0,6.7,17420.0,6.73,0.000719937,0.0737815,36114.3
300795.SZ,20260821,351300.0,13.92,4890096.0,14.02,0.201914,0.822126,17398.5
300793.SZ,20260821,9400.0,10.81,101614.0,10.88,0.00252628,0.189476,37208.8
300792.SZ,20260821,4700.0,23.3,109510.0,23.45,0.00220395,0.0875944,21325.3
300791.SZ,20260821,27800.0,17.0,472600.0,17.18,0.0107996,0.575917,25741.6
300790.SZ,20260821,110500.0,19.31,2133755.0,19.71,0.0241824,0.341949,45694.3
300789.SZ,20260821,26700.0,17.42,465114.0,17.7,0.0312885,0.696394,8533.49
300788.SZ,20260821,208600.0,23.96,4998056.0,23.98,0.109702,2.44775,19015.2
300787.SZ,20260821,8800.0,10.06,88528.0,10.14,0.00447763,0.106024,19653.3
300786.SZ,20260821,19900.0,15.31,304669.0,15.56,0.0135934,0.272349,14639.4
300785.SZ,20260821,5800.0,36.06,209148.0,36.41,0.00474111,0.080459,12233.4
300784.SZ,20260821,8500.0,40.66,345610.0,41.17,0.05055,0.898672,1681.5
300783.SZ,20260821,25800.0,17.0,438600.0,17.13,0.009205,0.348563,28028.2
300782.SZ,20260821,12000.0,76.0,912000.0,76.7,0.00267709,0.109193,44824.8
300781.SZ,20260821,13100.0,27.07,354617.0,27.16,0.0108142,0.309067,12113.7
300780.SZ,20260821,22900.0,19.6,448840.0,19.72,0.0212958,0.290788,10753.3
300779.SZ,20260821,160900.0,69.87,11242083.0,67.4,0.0708273,1.07904,22717.2
300778.SZ,20260821,3400.0,10.32,35088.0,10.35,0.0016699,0.114742,20360.5
300743.SZ,20260821,6200.0,14.75,91450.0,14.87,0.00486615,0.335636,12741.1
300741.SZ,20260821,8900.0,13.59,120951.0,13.64,0.00144509,0.393787,61587.7
300740.SZ,20260821,359200.0,20.78,7464176.0,20.81,0.0878289,1.02694,40897.7
300739.SZ,20260821,37300.0,22.58,842234.0,22.56,0.0123112,0.367445,30297.6
300705.SZ,20260821,739900.0,12.09,8945391.0,12.43,0.200002,2.48505,36994.6
300703.SZ,20260821,11000.0,13.16,144760.0,13.31,0.00661565,0.326,16627.2
300702.SZ,20260821,34400.0,22.31,767464.0,22.41,0.016349,1.24708,21041.0
300701.SZ,20260821,5700.0,9.73,55461.0,9.77,0.00226053,0.183699,25215.4
300700.SZ,20260821,30300.0,19.02,576306.0,19.28,0.00852539,0.282302,35540.9
300699.SZ,20260821,33100.0,24.32,804992.0,24.38,0.00402965,0.295198,82141.1
300698.SZ,20260821,5700.0,24.6,140220.0,25.0,0.00480826,0.223709,11854.6
300697.SZ,20260821,66500.0,15.16,1008140.0,15.16,0.0200761,0.504529,33124.0
300696.SZ,20260821,1100.0,20.0,22000.0,20.04,0.000411841,0.0171379,26709.4
300695.SZ,20260821,8400.0,49.71,417564.0,49.18,0.0082146,0.90655,10225.7
300694.SZ,20260821,5800.0,10.55,61190.0,10.64,0.00267548,0.196069,21678.4
300693.SZ,20260821,25700.0,41.28,1060896.0,41.3,0.00953181,0.193304,26962.4
300692.SZ,20260821,166400.0,9.5,1580800.0,9.56,0.0324302,0.578991,51310.2
300691.SZ,20260821,3900.0,14.17,55263.0,14.1,0.0017668,0.103801,22073.8
300690.SZ,20260821,1700.0,20.52,34884.0,20.58,0.00152357,0.0706136,11158.0
300689.SZ,20260821,15700.0,52.86,829902.0,53.35,0.0154309,0.546138,10174.4
300688.SZ,20260821,12200.0,30.01,366122.0,30.28,0.00822222,0.130191,14837.8
300687.SZ,20260821,664300.0,28.32,18812976.0,27.98,0.197788,2.9596,33586.4
300686.SZ,20260821,19000.0,13.96,265240.0,14.02,0.011196,0.138938,16970.4
300685.SZ,20260821,341500.0,19.59,6689985.0,19.71,0.0876604,2.69839,38957.2
300684.SZ,20260821,402900.0,87.98,35447142.0,90.67,0.196945,1.56104,20457.5
300683.SZ,20260821,130900.0,29.9,3913910.0,30.38,0.107239,1.40059,12206.4
300682.SZ,20260821,73600.0,9.39,691104.0,9.47,0.00711845,0.245717,103393.0
300681.SZ,20260821,1800.0,21.01,37818.0,21.18,0.000779914,0.0253729,23079.5
300680.SZ,20260821,11700.0,19.97,233649.0,20.07,0.00516863,0.14708,22636.6
300679.SZ,20260821,119900.0,50.09,6005791.0,50.45,0.0333573,0.340595,35944.1
300678.SZ,20260821,25100.0,21.63,542913.0,21.81,0.00861959,0.524177,29119.7
300706.SZ,20260821,18300.0,52.19,955077.0,52.28,0.0160765,0.19971,11383.1
300707.SZ,20260821,14400.0,11.9,171360.0,11.98,0.0100292,0.373315,14358.1
300708.SZ,20260821,19700.0,7.75,152675.0,7.81,0.00273068,0.110141,72143.1
300724.SZ,20260821,39200.0,57.5,2254000.0,58.31,0.0136246,0.278379,28771.4
300738.SZ,20260821,225200.0,20.7,4661640.0,20.96,0.0228654,0.31106,98489.4
300737.SZ,20260821,82200.0,4.8,394560.0,4.87,0.00926534,0.31218,88717.7
300736.SZ,20260821,30000.0,28.99,869700.0,28.96,0.0240563,0.379188,12470.7
300735.SZ,20260821,22100.0,19.54,431834.0,19.7,0.00291781,0.174599,75741.7
300733.SZ,20260821,4300.0,14.12,60716.0,14.11,0.00147049,0.0751556,29242.0
300732.SZ,20260821,62700.0,5.95,373065.0,6.02,0.0169346,1.17541,37024.9
300731.SZ,20260821,4400.0,36.41,160204.0,36.56,0.00261514,0.0516905,16825.1
300730.SZ,20260821,1300.0,11.18,14534.0,11.27,0.000628762,0.0298559,20675.5
300729.SZ,20260821,1200.0,10.2,12240.0,10.21,0.000365759,0.068647,32808.4
300727.SZ,20260821,2300.0,26.6,61180.0,26.74,0.0014188,0.0826548,16210.9
300726.SZ,20260821,14700.0,51.51,757197.0,51.9,0.00685511,0.120675,21443.8
300725.SZ,20260821,557600.0,53.24,29686624.0,54.38,0.275059,1.70144,20272.0
300723.SZ,20260821,181600.0,38.0,6900800.0,38.34,0.0433218,1.17519,41918.9
300709.SZ,20260821,108400.0,39.49,4280716.0,40.21,0.0723419,0.789057,14984.4
300722.SZ,20260821,10200.0,20.47,208794.0,20.68,0.00368555,0.382963,27675.6
300721.SZ,20260821,25100.0,22.3,559730.0,22.56,0.0181422,0.24071,13835.2
300720.SZ,20260821,122500.0,78.79,9651775.0,78.61,0.0665236,0.697284,18414.5
300719.SZ,20260821,14900.0,11.29,168221.0,11.43,0.00829644,0.444914,17959.5
300718.SZ,20260821,51400.0,56.49,2903586.0,57.05,0.0261368,0.383999,19665.7
300717.SZ,20260821,9800.0,18.04,176792.0,18.22,0.00962167,0.473909,10185.3
300716.SZ,20260821,900.0,15.94,14346.0,16.18,0.00056243,0.0613719,16002.0
300715.SZ,20260821,11800.0,14.07,166026.0,14.06,0.00377047,0.133962,31295.9
300713.SZ,20260821,3400.0,12.86,43724.0,13.08,0.00380282,0.176566,8940.73
300712.SZ,20260821,26000.0,20.11,522860.0,20.47,0.0139231,1.6933,18674.0
300711.SZ,20260821,19500.0,16.8,327600.0,16.99,0.00784943,0.238928,24842.6
300710.SZ,20260821,179200.0,33.16,5942272.0,32.27,0.240279,6.39704,7458.0
300550.SZ,20260821,6900.0,11.89,82041.0,11.88,0.00263041,0.182807,26231.6
300548.SZ,20260821,54300.0,201.01,10914843.0,204.0,0.0184563,0.291115,29420.9
300283.SZ,20260821,114900.0,13.0,1493700.0,13.11,0.0302473,0.251569,37986.8
300387.SZ,20260821,20700.0,7.32,151524.0,7.37,0.0071637,0.162821,28895.7
300385.SZ,20260821,2700.0,11.97,32319.0,12.03,0.000928912,0.0424534,29066.3
300384.SZ,20260821,37900.0,12.68,480572.0,12.84,0.0172184,0.787303,22011.3
300383.SZ,20260821,175700.0,12.15,2134755.0,12.29,0.00979207,0.254999,179431.0
300382.SZ,20260821,63300.0,15.8,1000140.0,15.86,0.00976342,0.223688,64833.8
300381.SZ,20260821,27400.0,6.37,174538.0,6.46,0.00572679,0.256418,47845.3
300380.SZ,20260821,600.0,27.55,16530.0,27.83,0.000471085,0.0258867,12736.6
300378.SZ,20260821,14100.0,32.28,455148.0,32.41,0.00523166,0.144474,26951.3
300377.SZ,20260821,95300.0,13.64,1299892.0,13.68,0.013594,0.387657,70104.6
300376.SZ,20260821,48100.0,4.41,212121.0,4.43,0.00206665,0.267877,232743.0
300375.SZ,20260821,19400.0,3.97,77018.0,3.97,0.00364215,0.197924,53265.3
300374.SZ,20260821,7700.0,10.64,81928.0,10.76,0.00313156,0.323839,24588.3
300373.SZ,20260821,90300.0,94.55,8537865.0,96.29,0.0166563,0.455436,54213.8
300371.SZ,20260821,35500.0,10.31,366005.0,10.41,0.0253579,1.92679,13999.6
300370.SZ,20260821,21000.0,2.16,45360.0,2.18,0.00134489,0.113887,156147.0
300369.SZ,20260821,186300.0,6.87,1279881.0,6.93,0.0230654,0.277503,80770.3
300368.SZ,20260821,52300.0,7.6,397480.0,7.63,0.00988763,0.162582,52894.3
300366.SZ,20260821,16700.0,5.16,86172.0,5.19,0.00314796,0.259587,53050.2
300365.SZ,20260821,42100.0,4.58,192818.0,4.58,0.00822708,0.38696,51172.5
300364.SZ,20260821,304100.0,22.65,6887865.0,23.1,0.0460461,0.69736,66042.5
300363.SZ,20260821,1141758.0,23.33,26637214.14,24.48,0.2304,3.23561,49555.4
300360.SZ,20260821,15800.0,11.75,185650.0,11.78,0.00315825,0.351211,50027.7
300359.SZ,20260821,79700.0,4.07,324379.0,4.08,0.0125848,0.435273,63330.2
300358.SZ,20260821,1203300.0,9.19,11058327.0,9.25,0.170714,3.74327,70486.4
300357.SZ,20260821,419600.0,25.5,10699800.0,25.95,0.0867096,2.3554,48391.4
300355.SZ,20260821,90100.0,2.92,263092.0,2.93,0.0065945,0.390037,136629.0
300354.SZ,20260821,10100.0,28.97,292597.0,29.05,0.0124217,0.426738,8130.9
300353.SZ,20260821,22100.0,18.14,400894.0,18.18,0.00409213,0.145513,54006.1
300386.SZ,20260821,462400.0,11.14,5151136.0,11.49,0.179777,2.72908,25720.8
300388.SZ,20260821,11100.0,6.8,75480.0,6.87,0.00162985,0.124117,68104.2
300351.SZ,20260821,16500.0,13.42,221430.0,13.6,0.00626382,0.20635,26341.8
300389.SZ,20260821,2500.0,12.07,30175.0,12.15,0.00113928,0.0694177,21943.7
300418.SZ,20260821,1367294.0,44.1,60297665.4,45.05,0.116419,1.96524,117446.0
300417.SZ,20260821,24600.0,10.9,268140.0,11.02,0.0294292,1.01504,8359.04
300416.SZ,20260821,256600.0,15.05,3861830.0,15.02,0.0507993,1.56727,50512.5
300415.SZ,20260821,8100.0,19.55,158355.0,19.58,0.00178772,0.163767,45309.2
300414.SZ,20260821,19500.0,10.66,207870.0,10.77,0.00617731,0.225069,31567.1
300413.SZ,20260821,39200.0,15.15,593880.0,15.25,0.00383674,0.278365,102170.0
300412.SZ,20260821,66900.0,4.52,302388.0,4.58,0.0142991,0.551977,46786.2
300411.SZ,20260821,14600.0,7.54,110084.0,7.6,0.00472315,0.0875746,30911.6
300410.SZ,20260821,90900.0,7.69,699021.0,7.8,0.0247606,0.526623,36711.5
300409.SZ,20260821,128600.0,18.12,2330232.0,18.27,0.0184715,0.559376,69620.6
300408.SZ,20260821,237200.0,111.01,26331572.0,111.51,0.0126858,0.368011,186981.0
300407.SZ,20260821,16500.0,11.58,191070.0,11.58,0.00636885,0.188563,25907.3
300406.SZ,20260821,56400.0,11.92,672288.0,12.14,0.013293,0.88023,42428.3
300405.SZ,20260821,28000.0,5.61,157080.0,5.65,0.0127957,0.443856,21882.3
300404.SZ,20260821,1721000.0,15.44,26572240.0,15.74,0.602769,1.96476,28551.6
300403.SZ,20260821,19700.0,9.13,179861.0,9.22,0.00449607,0.151479,43816.1
300402.SZ,20260821,9600.0,14.13,135648.0,14.35,0.00394059,0.414871,24361.8
300401.SZ,20260821,248300.0,15.4,3823820.0,15.58,0.046322,0.603743,53603.0
300400.SZ,20260821,27200.0,28.12,764864.0,28.56,0.0112162,0.222409,24250.7
300399.SZ,20260821,117600.0,18.3,2152080.0,16.93,0.05952,3.92038,19758.1
300398.SZ,20260821,79200.0,35.0,2772000.0,35.37,0.0139698,0.211791,56693.7
300397.SZ,20260821,82600.0,11.19,924294.0,11.08,0.0204142,0.297643,40462.0
300396.SZ,20260821,71100.0,7.12,506232.0,7.2,0.0261105,2.6366,27230.5
300395.SZ,20260821,38000.0,88.0,3344000.0,89.02,0.00741409,0.181843,51253.7
300394.SZ,20260821,297700.0,276.1,82194970.0,276.25,0.0273524,0.521694,108839.0
300393.SZ,20260821,54200.0,6.12,331704.0,6.15,0.00567009,0.328558,95589.3
300390.SZ,20260821,69700.0,60.77,4235669.0,60.8,0.00979632,0.1802,71149.1
300352.SZ,20260821,94000.0,2.24,210560.0,2.26,0.00736604,0.462626,127613.0
300350.SZ,20260821,29400.0,4.35,127890.0,4.37,0.00623455,0.314393,47156.5
300547.SZ,20260821,8000.0,24.22,193760.0,24.46,0.00448874,0.118449,17822.4
300315.SZ,20260821,500100.0,4.0,2000400.0,4.06,0.0184704,0.851271,270758.0
300313.SZ,20260821,676502.0,13.54,9159837.08,14.14,0.342788,2.00757,19735.3
300311.SZ,20260821,527000.0,6.0,3162000.0,6.11,0.0980631,0.743261,53740.9
300310.SZ,20260821,16100.0,4.3,69230.0,4.32,0.0023287,0.0777444,69137.3
300308.SZ,20260821,255000.0,909.0,231795000.0,904.2,0.0229742,0.93119,110994.0
300307.SZ,20260821,125200.0,7.15,895180.0,7.23,0.0159105,0.293154,78689.9
300306.SZ,20260821,7600.0,10.05,76380.0,10.11,0.00482226,0.284864,15760.2
300305.SZ,20260821,102600.0,6.0,615600.0,6.05,0.0319153,0.732336,32147.6
300304.SZ,20260821,312000.0,11.28,3519360.0,11.52,0.0365119,1.42304,85451.6
300303.SZ,20260821,225400.0,6.93,1562022.0,6.97,0.0169646,0.525828,132865.0
300302.SZ,20260821,39900.0,29.01,1157499.0,29.25,0.0108185,0.139393,36881.4
300301.SZ,20260821,16400.0,3.28,53792.0,3.28,0.00207648,0.257859,78979.9
300300.SZ,20260821,182100.0,7.43,1353003.0,7.47,0.0273093,0.33655,66680.5
300299.SZ,20260821,83400.0,5.33,444522.0,5.36,0.0120965,0.528397,68945.5
300298.SZ,20260821,39400.0,16.26,640644.0,16.4,0.00879462,0.635533,44800.1
300296.SZ,20260821,233100.0,5.03,1172493.0,5.07,0.0100431,0.48122,232100.0
300295.SZ,20260821,5100.0,11.72,59772.0,11.79,0.00304152,0.107351,16767.9
300294.SZ,20260821,210800.0,15.51,3269508.0,15.8,0.0418048,1.99537,50424.9
300293.SZ,20260821,1400.0,15.54,21756.0,15.59,0.000413665,0.0335357,33843.8
300292.SZ,20260821,399800.0,4.16,1663168.0,4.19,0.0358261,0.709672,111594.0
300291.SZ,20260821,964400.0,5.03,4850932.0,5.13,0.103714,3.1318,92986.5
300290.SZ,20260821,112400.0,5.98,672152.0,6.03,0.0175751,0.391379,63954.2
300289.SZ,20260821,106700.0,5.9,629530.0,6.04,0.0196444,1.43602,54315.6
300288.SZ,20260821,11500.0,9.92,114080.0,9.99,0.00448222,0.228267,25656.9
300287.SZ,20260821,75700.0,3.48,263436.0,3.51,0.00574226,0.216687,131830.0
300286.SZ,20260821,4300.0,19.74,84882.0,19.89,0.00206955,0.103908,20777.5
300285.SZ,20260821,875521.0,64.42,56401062.82,62.92,0.102631,0.749912,85307.3
300284.SZ,20260821,21500.0,5.22,112230.0,5.24,0.00179424,0.119268,119828.0
300314.SZ,20260821,506700.0,13.71,6946857.0,13.82,0.352508,1.75342,14374.1
300316.SZ,20260821,16300.0,41.79,681177.0,42.12,0.00132353,0.111426,123156.0
300349.SZ,20260821,17700.0,10.26,181602.0,10.35,0.00478717,0.240908,36973.8
300317.SZ,20260821,139600.0,4.06,566776.0,4.12,0.0168413,0.16835,82891.3
300348.SZ,20260821,74300.0,9.27,688761.0,9.19,0.0101718,0.48491,73045.2
300347.SZ,20260821,452500.0,54.0,24435000.0,55.52,0.07988,1.67458,56647.5
300346.SZ,20260821,186600.0,56.67,10574622.0,57.03,0.0284456,0.41306,65599.0
300345.SZ,20260821,628400.0,8.38,5265992.0,8.47,0.130794,0.620546,48045.0
300343.SZ,20260821,113200.0,5.72,647504.0,5.83,0.0106227,0.342186,106564.0
300342.SZ,20260821,60800.0,32.01,1946208.0,32.17,0.0144639,0.259688,42035.7
300341.SZ,20260821,8700.0,12.71,110577.0,12.73,0.00168811,0.25302,51536.9
300340.SZ,20260821,13900.0,8.39,116621.0,8.46,0.00508295,0.364308,27346.3
300339.SZ,20260821,154200.0,36.94,5696148.0,37.52,0.019828,0.416492,77768.6
300338.SZ,20260821,0.0,,0.0,2.83,0.0,0.0,34993.7
300337.SZ,20260821,37700.0,9.5,358150.0,9.56,0.00529932,0.246408,71141.2
300335.SZ,20260821,5000.0,5.22,26100.0,5.27,0.00130154,0.0405035,38415.9
300334.SZ,20260821,31700.0,8.38,265646.0,8.42,0.0104957,0.534974,30203.0
300333.SZ,20260821,198400.0,10.73,2128832.0,10.94,0.0592628,0.314973,33478.0
300332.SZ,20260821,251700.0,4.96,1248432.0,4.88,0.0309789,1.37791,81248.8
300331.SZ,20260821,31800.0,48.47,1541346.0,49.0,0.0143159,0.237739,22213.1
300329.SZ,20260821,2200.0,12.0,26400.0,12.09,0.00087253,0.0898077,25214.0
300328.SZ,20260821,284700.0,15.04,4281888.0,15.19,0.0414385,0.753257,68704.2
300327.SZ,20260821,13300.0,22.43,298319.0,22.65,0.00392499,0.153438,33885.4
300326.SZ,20260821,24800.0,6.01,149048.0,6.03,0.00346022,0.429372,71671.8
300324.SZ,20260821,26800.0,3.58,95944.0,3.6,0.00156726,0.0944775,170999.0
300323.SZ,20260821,235200.0,12.01,2824752.0,12.1,0.0198031,0.411895,118769.0
300322.SZ,20260821,84300.0,17.14,1444902.0,17.39,0.0191404,0.287137,44043.1
300321.SZ,20260821,3600.0,32.32,116352.0,32.61,0.00405881,0.130198,8869.59
300320.SZ,20260821,18200.0,8.55,155610.0,8.6,0.00375003,0.18907,48533.0
300319.SZ,20260821,1423800.0,18.22,25941636.0,18.45,0.167256,0.840329,85127.0
300318.SZ,20260821,1245600.0,5.15,6414840.0,5.34,0.15719,8.60157,79241.9
300419.SZ,20260821,200.0,8.71,1742.0,8.71,5.43842e-05,0.00280114,36775.4
300420.SZ,20260821,180900.0,7.36,1331424.0,7.43,0.0162057,0.192044,111627.0
300421.SZ,20260821,7100.0,16.08,114168.0,16.25,0.0030829,0.108347,23030.3
300514.SZ,20260821,10300.0,9.79,100837.0,9.83,0.00642712,0.473855,16025.8
300512.SZ,20260821,18200.0,7.15,130130.0,7.21,0.00561889,0.562103,32390.7
300511.SZ,20260821,389638.0,5.76,2244314.88,5.92,0.0713619,0.647662,54600.3
300510.SZ,20260821,40200.0,3.38,135876.0,3.41,0.00487455,0.239931,82469.1
300509.SZ,20260821,14600.0,8.59,125414.0,8.58,0.00590845,0.380534,24710.4
300508.SZ,20260821,8000.0,43.8,350400.0,43.7,0.00976537,0.170572,8192.21
300507.SZ,20260821,6500.0,6.34,41210.0,6.37,0.000835103,0.0872848,77834.7
300506.SZ,20260821,130900.0,5.2,680680.0,5.23,0.0178169,0.266966,73469.6
300505.SZ,20260821,119000.0,19.75,2350250.0,20.02,0.0547476,0.404927,21736.1
300504.SZ,20260821,6800.0,14.92,101456.0,14.91,0.00311567,0.0774489,21825.2
300503.SZ,20260821,123500.0,69.01,8522735.0,70.19,0.0511995,0.528984,24121.4
300502.SZ,20260821,792583.0,427.01,338440866.83,414.02,0.0631921,1.80847,125424.0
300501.SZ,20260821,13300.0,10.01,133133.0,10.1,0.00479758,0.449533,27722.3
300500.SZ,20260821,8700.0,9.43,82041.0,9.53,0.00519099,0.357093,16759.8
300499.SZ,20260821,32900.0,27.06,890274.0,27.23,0.012122,0.172646,27140.8
300498.SZ,20260821,187400.0,13.75,2576750.0,13.79,0.00315176,0.412188,594588.0
300497.SZ,20260821,227200.0,17.26,3921472.0,17.36,0.0497959,0.68176,45626.3
300496.SZ,20260821,33500.0,56.8,1902800.0,57.46,0.00906467,0.262425,36956.7
300494.SZ,20260821,11200.0,8.23,92176.0,8.28,0.00281161,0.136429,39834.8
300493.SZ,20260821,28100.0,11.94,335514.0,11.98,0.00554666,0.261029,50661.1
300492.SZ,20260821,10100.0,23.71,239471.0,23.81,0.00366865,0.244667,27530.6
300491.SZ,20260821,11700.0,29.93,350181.0,29.85,0.00742385,0.0993924,15760.0
300490.SZ,20260821,45700.0,11.36,519152.0,11.29,0.011621,0.400246,39325.3
300489.SZ,20260821,71000.0,230.0,16330000.0,228.63,0.0512087,0.483482,13864.8
300488.SZ,20260821,4100.0,31.01,127141.0,31.12,0.00252691,0.0981433,16225.3
300487.SZ,20260821,114300.0,69.05,7892415.0,69.96,0.0371074,1.58586,30802.5
300486.SZ,20260821,147400.0,21.79,3211846.0,21.83,0.0309011,1.25962,47700.6
300485.SZ,20260821,345200.0,10.2,3521040.0,10.3,0.12607,3.0008,27381.7
300513.SZ,20260821,34700.0,7.28,252616.0,7.28,0.0120811,0.736332,28722.4
300515.SZ,20260821,84100.0,15.88,1335508.0,15.66,0.0416176,1.19779,20207.8
300422.SZ,20260821,16400.0,4.05,66420.0,4.08,0.00317372,0.0766711,51674.3
300516.SZ,20260821,8400.0,31.5,264600.0,31.6,0.00333333,0.132517,25200.0
300546.SZ,20260821,82700.0,16.7,1381090.0,16.69,0.0612906,1.48716,13493.1
300545.SZ,20260821,234100.0,31.21,7306261.0,32.21,0.195803,2.06559,11955.9
300543.SZ,20260821,17100.0,7.67,131157.0,7.72,0.00683456,0.16369,25019.9
300542.SZ,20260821,24300.0,11.89,288927.0,11.85,0.00981493,0.55868,24758.2
300541.SZ,20260821,33100.0,9.58,317098.0,9.58,0.00852993,0.294014,38804.5
300540.SZ,20260821,111200.0,29.37,3265944.0,29.23,0.0537907,0.661329,20672.7
300539.SZ,20260821,9100.0,17.53,159523.0,17.73,0.00417645,0.156157,21788.8
300538.SZ,20260821,22800.0,15.35,349980.0,15.11,0.0188453,0.485051,12098.5
300537.SZ,20260821,12100.0,19.39,234619.0,19.58,0.007973,0.108575,15176.2
300536.SZ,20260821,500.0,8.81,4405.0,8.8,0.000170493,0.00441925,29326.7
300535.SZ,20260821,14300.0,16.46,235378.0,16.45,0.0176193,0.258788,8116.1
300534.SZ,20260821,1320400.0,17.7,23371080.0,18.57,0.437144,1.47128,30205.1
300533.SZ,20260821,1400.0,14.59,20426.0,14.43,0.000606157,0.0259066,23096.3
300532.SZ,20260821,2300.0,6.89,15847.0,6.91,0.000380428,0.034918,60458.2
300531.SZ,20260821,46800.0,15.87,742716.0,15.95,0.0150189,0.57396,31160.8
300530.SZ,20260821,7100.0,17.98,127658.0,18.13,0.00412907,0.137294,17195.1
300529.SZ,20260821,66900.0,16.15,1080435.0,16.28,0.0130562,0.643374,51240.2
300528.SZ,20260821,12400.0,12.83,159092.0,12.94,0.00332789,0.0948491,37260.8
300527.SZ,20260821,7000.0,7.81,54670.0,7.83,0.000688454,0.161487,101677.0
300525.SZ,20260821,13400.0,8.19,109746.0,8.2,0.00217307,0.0794152,61663.9
300523.SZ,20260821,2400.0,19.88,47712.0,19.95,0.00103168,0.126944,23263.0
300522.SZ,20260821,9600.0,13.6,130560.0,13.76,0.00364872,0.0583592,26310.6
300521.SZ,20260821,21000.0,22.98,482580.0,23.36,0.0142031,0.550362,14785.5
300520.SZ,20260821,14400.0,23.66,340704.0,23.92,0.00510242,0.204037,28221.9
300519.SZ,20260821,65200.0,14.61,952572.0,14.91,0.0571429,0.906378,11410.0
300518.SZ,20260821,44500.0,23.22,1033290.0,22.98,0.02232,0.534604,19937.2
300517.SZ,20260821,28300.0,10.03,283849.0,10.09,0.0224189,0.826856,12623.3
300484.SZ,20260821,11900.0,12.82,152558.0,12.94,0.00692764,0.287601,17177.6
300483.SZ,20260821,17000.0,22.8,387600.0,22.63,0.00441745,0.144594,38483.8
300482.SZ,20260821,99700.0,17.45,1739765.0,17.77,0.0231825,1.32098,43006.6
300481.SZ,20260821,12700.0,14.1,179070.0,14.19,0.00437852,0.0846829,29005.2
300450.SZ,20260821,35100.0,33.12,1162512.0,33.33,0.00225085,0.128865,155941.0
300449.SZ,20260821,9200.0,6.95,63940.0,7.01,0.0023832,0.104001,38603.6
300448.SZ,20260821,24900.0,5.67,141183.0,5.7,0.00387508,0.181619,64256.7
300447.SZ,20260821,5700.0,13.45,76665.0,13.4,0.00282945,0.167776,20145.3
300446.SZ,20260821,5300.0,12.87,68211.0,12.93,0.00141878,0.0829695,37356.0
300445.SZ,20260821,3700.0,18.12,67044.0,18.11,0.00263248,0.200484,14055.2
300444.SZ,20260821,45100.0,9.79,441529.0,9.85,0.00718792,0.112952,62744.2
300443.SZ,20260821,2100.0,19.72,41412.0,19.76,0.000865002,0.0615143,24277.4
300442.SZ,20260821,228000.0,63.98,14587440.0,64.58,0.0139345,0.569872,163623.0
300441.SZ,20260821,38800.0,6.8,263840.0,6.85,0.00619874,0.361272,62593.4
300440.SZ,20260821,7700.0,18.15,139755.0,18.21,0.00174912,0.0456544,44022.2
300439.SZ,20260821,69000.0,9.42,649980.0,9.59,0.0236033,1.44259,29233.2
300438.SZ,20260821,54400.0,59.79,3252576.0,59.66,0.0134599,0.281211,40416.4
300437.SZ,20260821,26200.0,10.89,285318.0,10.98,0.0150791,0.439696,17375.1
300436.SZ,20260821,101400.0,95.31,9664434.0,96.51,0.0741651,1.66486,13672.2
300435.SZ,20260821,43100.0,16.67,718477.0,16.79,0.0116842,0.270217,36887.5
300434.SZ,20260821,551800.0,12.2,6731960.0,12.42,0.161291,1.74631,34211.5
300433.SZ,20260821,338900.0,37.3,12640970.0,37.98,0.00681933,0.246694,496970.0
300432.SZ,20260821,79300.0,15.69,1244217.0,15.79,0.00469037,0.234451,169070.0
300430.SZ,20260821,7600.0,4.34,32984.0,4.35,0.00292476,0.128136,25985.0
300429.SZ,20260821,33200.0,10.32,342624.0,10.45,0.00794749,0.199441,41774.2
300428.SZ,20260821,16500.0,18.09,298485.0,18.23,0.00276493,0.350663,59676.1
300427.SZ,20260821,7600.0,6.42,48792.0,6.44,0.00151092,0.0312759,50300.5
300426.SZ,20260821,79800.0,6.18,493164.0,6.25,0.01995,0.311751,40000.0
300425.SZ,20260821,80400.0,4.0,321600.0,4.01,0.0118107,1.06801,68073.8
300424.SZ,20260821,4000.0,13.91,55640.0,14.05,0.00155958,0.044038,25648.0
300423.SZ,20260821,11100.0,5.77,64047.0,5.79,0.00333144,0.0831697,33319.0
300451.SZ,20260821,74600.0,3.48,259608.0,3.53,0.00488638,0.315443,152669.0
300452.SZ,20260821,234600.0,13.5,3167100.0,13.96,0.118109,1.81687,19863.0
300453.SZ,20260821,156000.0,10.06,1569360.0,10.22,0.0433502,0.811195,35986.0
300468.SZ,20260821,411200.0,21.91,9009392.0,21.1,0.0776157,1.84473,52979.0
300480.SZ,20260821,100800.0,33.04,3330432.0,33.09,0.0389192,0.494314,25899.8
300479.SZ,20260821,52900.0,14.78,781862.0,14.84,0.0268626,0.694935,19692.8
300478.SZ,20260821,12000.0,29.84,358080.0,29.7,0.00947321,0.360766,12667.3
300477.SZ,20260821,77900.0,2.5,194750.0,2.52,0.00786064,0.370954,99101.3
300476.SZ,20260821,124500.0,251.01,31250745.0,253.45,0.0143898,0.359016,86519.5
300475.SZ,20260821,82400.0,157.16,12949984.0,157.15,0.0183097,0.264704,45003.6
300474.SZ,20260821,39600.0,50.0,1980000.0,50.34,0.00974232,0.565106,40647.4
300473.SZ,20260821,2900.0,21.78,63162.0,21.75,0.0019267,0.0956757,15051.6
300472.SZ,20260821,8700.0,6.63,57681.0,6.62,0.00353737,0.350618,24594.5
300471.SZ,20260821,19800.0,9.61,190278.0,9.71,0.00528332,0.161835,37476.4
300470.SZ,20260821,4500.0,28.1,126450.0,28.17,0.00228039,0.233885,19733.5
300469.SZ,20260821,13000.0,56.86,739180.0,57.1,0.00523953,0.255319,24811.4
300467.SZ,20260821,6900.0,33.03,227907.0,33.17,0.00405353,0.0908407,17022.2
300454.SZ,20260821,51500.0,117.2,6035800.0,118.58,0.0178818,0.348344,28800.3
300466.SZ,20260821,25800.0,7.15,184470.0,7.23,0.00574774,0.502454,44887.2
300465.SZ,20260821,156200.0,12.27,1916574.0,12.25,0.0352001,0.40917,44374.9
300464.SZ,20260821,1900.0,6.61,12559.0,6.67,0.000534996,0.0166078,35514.3
300463.SZ,20260821,137600.0,9.54,1312704.0,9.64,0.0279903,0.946735,49159.9
300462.SZ,20260821,0.0,,0.0,11.15,0.0,0.0,13803.4
300461.SZ,20260821,7500.0,30.77,230775.0,30.84,0.00518273,0.12397,14471.1
300460.SZ,20260821,5600.0,8.28,46368.0,8.31,0.00199427,0.220365,28080.4
300459.SZ,20260821,276400.0,3.47,959108.0,3.5,0.00840839,0.316131,328719.0
300458.SZ,20260821,161400.0,31.15,5027610.0,31.36,0.019823,0.271512,81420.8
300457.SZ,20260821,19800.0,19.81,392238.0,19.92,0.00311887,0.233612,63484.6
300456.SZ,20260821,81800.0,31.31,2561158.0,31.55,0.0136915,0.354367,59744.9
300455.SZ,20260821,14100.0,17.53,247173.0,17.68,0.00199515,0.165339,70671.5
001369.SZ,20260821,15000.0,12.27,184050.0,12.33,0.00723054,0.22097,20745.3
001368.SZ,20260821,46400.0,23.96,1111744.0,24.35,0.0429309,2.01514,10808.1
001367.SZ,20260821,98600.0,20.65,2036090.0,19.97,0.0810608,5.42314,12163.7
603518.SH,20260821,5900.0,8.09,47731.0,8.15,0.00171475,0.106612,34407.4
603516.SH,20260821,14200.0,93.94,1333948.0,93.67,0.00698584,0.257256,20326.8
603515.SH,20260821,34900.0,16.11,562239.0,16.29,0.0047306,2.88563,73775.1
603511.SH,20260821,2200.0,12.78,28116.0,12.84,0.000547417,0.136584,40188.7
603508.SH,20260821,7900.0,21.39,168981.0,21.42,0.002072,0.228463,38127.4
603507.SH,20260821,13100.0,23.05,301955.0,23.15,0.00554371,0.158059,23630.4
603506.SH,20260821,355900.0,10.75,3825925.0,10.95,0.189533,4.37493,18777.8
603505.SH,20260821,92000.0,15.15,1393800.0,15.39,0.0109307,0.86914,84166.9
603501.SH,20260821,59800.0,85.44,5109312.0,85.99,0.00495458,0.360305,120696.0
603500.SH,20260821,13800.0,9.37,129306.0,9.37,0.00414902,0.178654,33260.9
603499.SH,20260821,60000.0,11.6,696000.0,11.72,0.0141632,1.39288,42363.2
603496.SH,20260821,55500.0,23.85,1323675.0,24.14,0.0173324,0.238658,32020.9
603489.SH,20260821,600.0,27.09,16254.0,27.29,0.000255735,0.0304285,23461.8
603488.SH,20260821,15100.0,8.28,125028.0,8.21,0.0051714,0.159352,29199.0
603486.SH,20260821,8700.0,61.2,532440.0,61.5,0.00151739,0.134038,57335.3
603477.SH,20260821,45400.0,14.23,646042.0,14.36,0.00890073,0.219358,51007.1
603468.SH,20260821,14100.0,24.11,339951.0,24.19,0.0352601,0.243597,3998.86
603466.SH,20260821,153600.0,11.47,1761792.0,11.51,0.0258226,0.198515,59482.8
603459.SH,20260821,52800.0,86.0,4540800.0,87.0,0.0667916,0.400893,7905.19
603458.SH,20260821,35500.0,9.84,349320.0,9.86,0.0115966,0.195234,30612.5
603456.SH,20260821,865800.0,16.83,14571414.0,17.26,0.0981955,1.97416,88171.0
603444.SH,20260821,13900.0,390.0,5421000.0,393.91,0.0192945,0.597136,7204.11
603439.SH,20260821,19100.0,12.67,241997.0,12.92,0.00472959,0.0985822,40384.0
603435.SH,20260821,3000.0,49.99,149970.0,50.58,0.00840629,0.100761,3568.75
603429.SH,20260821,16200.0,8.39,135918.0,8.3,0.00308874,0.529597,52448.5
603421.SH,20260821,21700.0,5.82,126294.0,5.85,0.00332725,0.251586,65219.1
603418.SH,20260821,3600.0,43.29,155844.0,43.2,0.00870309,0.441119,4136.46
603416.SH,20260821,5600.0,45.25,253400.0,45.71,0.00401301,0.189666,13954.6
603517.SH,20260821,83700.0,11.26,942462.0,11.25,0.0138118,2.41911,60600.2
603519.SH,20260821,587700.0,16.53,9714681.0,16.53,0.220668,5.83751,26632.8
603408.SH,20260821,6200.0,10.34,64108.0,10.39,0.00138525,0.380023,44757.3
603520.SH,20260821,64400.0,9.0,579600.0,9.1,0.0146895,0.683365,43841.0
603588.SH,20260821,157400.0,13.7,2156380.0,13.66,0.0103333,0.274118,152323.0
603587.SH,20260821,19700.0,11.68,230096.0,11.8,0.00416752,1.23449,47270.3
603586.SH,20260821,20000.0,13.46,269200.0,13.46,0.0102013,0.749137,19605.3
603585.SH,20260821,15700.0,10.06,157942.0,10.15,0.00579772,0.393701,27079.6
603583.SH,20260821,10500.0,23.0,241500.0,23.06,0.00274692,0.23117,38224.7
603580.SH,20260821,296700.0,77.1,22875570.0,74.79,0.227055,2.59547,13067.3
603579.SH,20260821,4700.0,17.9,84130.0,17.97,0.0023377,0.21691,20105.2
603578.SH,20260821,236100.0,13.8,3258180.0,13.75,0.130907,5.87559,18035.7
603577.SH,20260821,800.0,10.0,8000.0,10.04,0.000235891,0.0192396,33913.9
603569.SH,20260821,23300.0,5.91,137703.0,5.91,0.00386077,0.766854,60350.7
603568.SH,20260821,28500.0,14.9,424650.0,14.9,0.00139129,0.253396,204846.0
603567.SH,20260821,868900.0,6.0,5213400.0,6.21,0.0924949,1.31871,93940.3
603566.SH,20260821,37800.0,10.6,400680.0,10.6,0.0109229,1.13834,34606.2
603565.SH,20260821,177340.0,11.97,2122760.0,12.06,0.00844451,0.704415,210006.0
603559.SH,20260821,108800.0,8.68,944384.0,8.86,0.0271134,0.43004,40127.7
603558.SH,20260821,17200.0,12.07,207604.0,12.07,0.00501987,0.599236,34263.8
603557.SH,20260821,365100.0,3.67,1339917.0,3.66,0.0585625,9.59855,62343.7
603556.SH,20260821,65500.0,26.13,1711515.0,26.43,0.01347,0.350424,48626.4
603551.SH,20260821,12200.0,9.45,115290.0,9.5,0.00320019,0.358059,38122.7
603538.SH,20260821,1104200.0,29.92,33037664.0,31.68,0.327734,1.49645,33692.0
603536.SH,20260821,18600.0,9.72,180792.0,9.71,0.00773285,0.341816,24053.2
603535.SH,20260821,12900.0,6.34,81786.0,6.37,0.00252487,0.176481,51091.8
603533.SH,20260821,101500.0,21.01,2132515.0,21.33,0.0231262,0.64059,43889.7
603530.SH,20260821,24800.0,48.89,1212472.0,48.88,0.00580165,0.402192,42746.5
603529.SH,20260821,8600.0,21.35,183610.0,21.35,0.00101085,0.190864,85076.6
603528.SH,20260821,45000.0,6.18,278100.0,6.2,0.00637457,0.6527,70593.0
603527.SH,20260821,18600.0,9.72,180792.0,9.79,0.00586804,0.374251,31697.1
603409.SH,20260821,1000.0,17.89,17890.0,17.89,0.00185604,0.0429947,5387.8
603407.SH,20260821,84100.0,58.69,4935829.0,60.28,0.234184,0.815582,3591.2
603590.SH,20260821,666700.0,36.26,24174542.0,34.33,0.421366,28.1079,15822.3
603365.SH,20260821,5800.0,17.45,101210.0,17.66,0.00222108,0.419318,26113.4
603360.SH,20260821,15500.0,12.33,191115.0,12.37,0.00219477,0.133645,70622.4
603359.SH,20260821,10100.0,2.09,21109.0,2.11,0.00226409,0.195482,44609.6
603358.SH,20260821,36400.0,45.7,1663480.0,45.2,0.0078827,0.275116,46177.1
603357.SH,20260821,33400.0,5.96,199064.0,5.99,0.00595851,1.06068,56054.3
603356.SH,20260821,5300.0,16.75,88775.0,16.75,0.0039748,0.20401,13334.0
603355.SH,20260821,17100.0,27.9,477090.0,27.56,0.00298223,0.899907,57339.7
603353.SH,20260821,8500.0,30.53,259505.0,30.2,0.00498774,0.172925,17041.8
603352.SH,20260821,1000.0,25.67,25670.0,25.69,0.00220588,0.0602995,4533.33
603351.SH,20260821,5400.0,27.1,146340.0,27.4,0.00398703,0.287844,13543.9
603350.SH,20260821,6400.0,28.38,181632.0,28.1,0.0145044,1.03447,4412.45
603348.SH,20260821,600.0,14.3,8580.0,14.34,0.000190793,0.0284242,31447.7
603345.SH,20260821,14300.0,81.11,1159873.0,81.46,0.00487565,0.294105,29329.4
603344.SH,20260821,16100.0,22.47,361767.0,22.45,0.0297977,0.623891,5403.1
603341.SH,20260821,47000.0,36.5,1715500.0,36.6,0.0175765,0.212287,26740.2
603339.SH,20260821,24400.0,13.73,335012.0,13.8,0.00788518,0.406533,30944.1
603338.SH,20260821,5900.0,54.23,319957.0,54.23,0.00116521,0.146558,50634.8
603337.SH,20260821,9500.0,37.19,353305.0,37.5,0.00203413,0.16702,46703.0
603336.SH,20260821,176700.0,9.1,1607970.0,9.26,0.0290282,0.580416,60871.9
603335.SH,20260821,33700.0,6.5,219050.0,6.53,0.00787117,0.347757,42814.5
603334.SH,20260821,86000.0,34.29,2948940.0,34.29,0.270298,2.94652,3181.67
603333.SH,20260821,703100.0,9.56,6721636.0,8.95,0.113125,4.59781,62152.8
603332.SH,20260821,42300.0,11.4,482220.0,11.49,0.0195519,0.811442,21634.7
603331.SH,20260821,14500.0,12.39,179655.0,12.44,0.00717198,0.317672,20217.6
603330.SH,20260821,2047500.0,8.59,17588025.0,9.06,0.503426,2.8319,40671.3
603329.SH,20260821,20800.0,10.52,218816.0,10.59,0.0100783,0.685583,20638.3
603328.SH,20260821,77400.0,11.03,853722.0,11.1,0.00775207,0.284917,99844.3
603327.SH,20260821,245200.0,8.85,2170020.0,8.86,0.0234538,1.08043,104546.0
603363.SH,20260821,177200.0,2.91,515652.0,2.93,0.00825495,0.419061,214659.0
603366.SH,20260821,650100.0,7.39,4804239.0,7.41,0.0799584,2.75323,81304.8
603406.SH,20260821,32500.0,29.0,942500.0,29.02,0.0553476,0.726934,5871.98
603367.SH,20260821,124800.0,14.7,1834560.0,14.91,0.0275646,0.91059,45275.4
603402.SH,20260821,47770.0,62.13,2967950.0,63.33,0.190066,2.86197,2513.33
603400.SH,20260821,64600.0,49.09,3171214.0,50.78,0.178305,1.10036,3623.01
603399.SH,20260821,161100.0,14.09,2269899.0,14.07,0.031447,0.235353,51229.1
603398.SH,20260821,16100.0,10.51,169211.0,10.49,0.00371274,0.226891,43364.2
603396.SH,20260821,2300.0,25.36,58328.0,25.55,0.00166032,0.059978,13852.7
603395.SH,20260821,476800.0,29.0,13827200.0,30.64,0.733538,4.59513,6500.0
603393.SH,20260821,35900.0,23.94,859446.0,23.8,0.00846855,0.31042,42392.1
603392.SH,20260821,374200.0,30.6,11450520.0,30.81,0.0295952,6.5751,126439.0
603391.SH,20260821,4500.0,70.0,315000.0,70.5,0.0197802,0.157412,2275.0
603390.SH,20260821,9200.0,10.04,92368.0,10.08,0.00262053,0.167844,35107.4
603389.SH,20260821,15300.0,46.74,715122.0,46.23,0.00582298,0.469255,26275.2
603387.SH,20260821,126600.0,9.51,1203966.0,9.65,0.0249629,1.05837,50715.4
603386.SH,20260821,19400.0,13.73,266362.0,13.68,0.00594504,0.268089,32632.3
603385.SH,20260821,30600.0,5.49,167994.0,5.55,0.00803856,0.982979,38066.5
603383.SH,20260821,12800.0,28.0,358400.0,28.13,0.00623246,0.241291,20537.6
603382.SH,20260821,45900.0,22.36,1026324.0,22.6,0.0397451,0.464416,11548.6
603381.SH,20260821,28600.0,15.1,431860.0,15.14,0.0201213,0.939877,14213.8
603380.SH,20260821,8900.0,33.25,295925.0,33.72,0.0055472,0.294455,16044.1
603379.SH,20260821,16300.0,61.17,997071.0,61.19,0.00267003,0.284914,61047.9
603378.SH,20260821,7000.0,5.63,39410.0,5.63,0.00163324,0.0852034,42859.7
603377.SH,20260821,91600.0,2.95,270220.0,2.9,0.0126724,4.10102,72283.1
603376.SH,20260821,209900.0,28.4,5961160.0,28.4,0.655921,7.77493,3200.08
603375.SH,20260821,9100.0,38.47,350077.0,38.77,0.0142676,0.660495,6378.09
603373.SH,20260821,2400.0,38.52,92448.0,38.71,0.00377346,0.0900697,6360.22
603370.SH,20260821,9200.0,32.96,303232.0,32.9,0.0262932,1.38221,3499.0
603369.SH,20260821,35900.0,28.61,1027099.0,28.72,0.00287937,0.158947,124680.0
603368.SH,20260821,46900.0,16.37,767753.0,16.54,0.0118073,0.582945,39721.1
603589.SH,20260821,7900.0,19.3,152470.0,19.26,0.00132081,0.150811,59811.9
603595.SH,20260821,2700.0,26.08,70416.0,26.0,0.00116158,0.121349,23244.2
603818.SH,20260821,90400.0,3.75,339000.0,3.77,0.0131674,0.407709,68654.4
603757.SH,20260821,11200.0,57.83,647696.0,58.28,0.00600384,0.105387,18654.7
603739.SH,20260821,95300.0,12.54,1195062.0,12.68,0.0376637,0.943486,25302.9
603738.SH,20260821,230000.0,35.9,8257000.0,36.33,0.0596029,0.4527,38588.8
603737.SH,20260821,70600.0,25.17,1777002.0,25.17,0.00797397,0.519274,88538.1
603733.SH,20260821,31200.0,21.51,671112.0,21.68,0.00381767,0.262565,81725.3
603730.SH,20260821,50000.0,9.69,484500.0,9.69,0.0023271,0.498105,214859.0
603729.SH,20260821,2400.0,11.11,26664.0,11.16,0.00260402,0.233235,9216.51
603728.SH,20260821,14500.0,46.6,675700.0,47.0,0.00346159,0.200582,41888.2
603727.SH,20260821,3600.0,18.3,65880.0,18.42,0.00127787,0.133193,28171.9
603726.SH,20260821,6400.0,22.77,145728.0,22.95,0.00346669,0.141405,18461.4
603725.SH,20260821,24100.0,12.03,289923.0,12.15,0.00790533,0.0932503,30485.8
603722.SH,20260821,1200.0,29.4,35280.0,29.43,0.00125392,0.0976404,9570.01
603721.SH,20260821,19400.0,17.35,336590.0,17.25,0.0149231,0.277714,13000.0
603719.SH,20260821,44800.0,9.65,432320.0,9.73,0.0112568,1.03748,39798.3
603718.SH,20260821,71900.0,2.98,214262.0,2.98,0.0110789,0.75657,64898.0
603717.SH,20260821,93700.0,6.35,594995.0,6.35,0.0322941,0.742309,29014.6
603716.SH,20260821,411300.0,16.76,6893388.0,17.3,0.18216,2.63743,22579.1
603713.SH,20260821,9300.0,67.99,632307.0,67.4,0.00534334,0.238524,17404.9
603712.SH,20260821,20300.0,11.19,227157.0,11.2,0.00262953,0.20604,77200.0
603711.SH,20260821,14200.0,11.39,161738.0,11.5,0.00343931,0.209186,41287.4
603709.SH,20260821,45900.0,11.58,531522.0,11.7,0.0282215,0.554613,16264.2
603708.SH,20260821,66900.0,9.15,612135.0,9.22,0.0104803,0.449378,63833.9
603707.SH,20260821,301800.0,8.42,2541156.0,8.53,0.0186798,1.97776,161565.0
603706.SH,20260821,7800.0,19.69,153582.0,19.69,0.00411864,0.651641,18938.3
603703.SH,20260821,105080.0,9.67,1016124.0,9.66,0.0253216,0.43345,41498.2
603701.SH,20260821,3700.0,18.98,70226.0,19.08,0.00141566,0.131767,26136.2
603700.SH,20260821,11300.0,11.54,130402.0,11.62,0.00565108,0.232006,19996.2
603699.SH,20260821,11900.0,54.75,651525.0,54.17,0.00156963,0.251039,75814.3
603755.SH,20260821,2700.0,23.5,63450.0,23.63,0.00273796,0.357341,9861.37
603758.SH,20260821,254100.0,10.51,2670591.0,10.69,0.0586679,0.803644,43311.6
603697.SH,20260821,2500.0,9.39,23475.0,9.46,0.000584533,0.0312787,42769.2
603759.SH,20260821,6000.0,7.37,44220.0,7.42,0.00129938,0.211385,46176.0
603816.SH,20260821,7400.0,24.63,182262.0,24.77,0.000906996,0.101889,81588.0
603815.SH,20260821,9700.0,5.17,50149.0,5.21,0.00156724,0.147026,61892.4
603813.SH,20260821,500.0,29.3,14650.0,29.36,0.000476122,0.0488794,10501.5
603811.SH,20260821,11600.0,7.57,87812.0,7.63,0.0025315,0.13183,45822.6
603810.SH,20260821,5700.0,12.12,69084.0,12.22,0.0034474,0.362498,16534.2
603809.SH,20260821,37300.0,8.88,331224.0,8.86,0.00405308,0.325104,92028.9
603808.SH,20260821,8400.0,8.51,71484.0,8.54,0.00230938,0.3571,36373.3
603806.SH,20260821,86200.0,15.53,1338686.0,15.59,0.00330427,0.329687,260875.0
603803.SH,20260821,27300.0,10.18,277914.0,10.29,0.00642529,0.0927731,42488.4
603801.SH,20260821,3454100.0,7.65,26423865.0,7.23,0.795232,36.5932,43435.1
603800.SH,20260821,10800.0,67.8,732240.0,67.89,0.00519231,0.165635,20800.0
603799.SH,20260821,300100.0,39.05,11718905.0,39.35,0.0158984,0.514633,188761.0
603798.SH,20260821,3700.0,12.57,46509.0,12.7,0.00144278,0.113301,25645.0
603797.SH,20260821,70600.0,4.75,335350.0,4.81,0.0122441,0.266047,57660.5
603790.SH,20260821,59200.0,24.2,1432640.0,24.47,0.0309365,0.739124,19136.0
603789.SH,20260821,3500.0,6.18,21630.0,6.18,0.00134615,0.112544,26000.0
603788.SH,20260821,8700.0,13.89,120843.0,13.86,0.00390021,0.849248,22306.5
603787.SH,20260821,23500.0,10.18,239230.0,10.17,0.010211,0.956614,23014.4
603786.SH,20260821,1400.0,40.1,56140.0,40.18,0.000346658,0.0756346,40385.7
603779.SH,20260821,36500.0,7.62,278130.0,7.7,0.0109912,0.304829,33208.3
603778.SH,20260821,82400.0,9.28,764672.0,9.35,0.0128178,0.241539,64285.7
603777.SH,20260821,9300.0,13.73,127689.0,13.73,0.0027809,0.116401,33442.4
603776.SH,20260821,500.0,20.35,10175.0,20.16,0.000178088,0.018388,28076.1
603773.SH,20260821,154200.0,103.01,15884142.0,103.24,0.0686314,0.626134,22467.9
603768.SH,20260821,15100.0,11.06,167006.0,11.19,0.00634571,0.67326,23795.6
603767.SH,20260821,16800.0,14.24,239232.0,14.3,0.00544338,0.205189,30863.2
603766.SH,20260821,120200.0,13.99,1681598.0,13.97,0.0058533,0.626021,205354.0
603698.SH,20260821,41300.0,21.95,906535.0,21.85,0.00770537,0.233847,53599.0
603696.SH,20260821,71300.0,13.31,949003.0,13.32,0.0303146,0.256945,23520.0
603596.SH,20260821,22600.0,25.0,565000.0,25.3,0.00251771,0.183876,89764.2
603648.SH,20260821,19900.0,9.24,183876.0,9.28,0.00549098,0.768043,36241.3
603638.SH,20260821,32200.0,18.81,605682.0,18.9,0.00365621,0.395323,88069.4
603637.SH,20260821,344500.0,14.08,4850560.0,14.06,0.144332,4.49795,23868.6
603636.SH,20260821,12200.0,6.92,84424.0,6.92,0.00210214,0.105118,58036.1
603633.SH,20260821,5800.0,6.35,36830.0,6.36,0.00135892,0.0721618,42681.1
603630.SH,20260821,46700.0,14.78,690226.0,14.97,0.0207367,0.707707,22520.5
603629.SH,20260821,229300.0,127.96,29341228.0,130.57,0.0635667,0.40155,36072.3
603628.SH,20260821,11400.0,9.47,107958.0,9.52,0.0041885,0.348421,27217.4
603626.SH,20260821,1337600.0,17.5,23408000.0,16.95,0.241061,3.67849,55488.0
603619.SH,20260821,273500.0,22.85,6249475.0,22.46,0.0591558,0.93073,46233.8
603618.SH,20260821,405600.0,27.45,11133720.0,27.74,0.0586657,0.434458,69137.6
603617.SH,20260821,10500.0,6.67,70035.0,6.71,0.0027151,0.172522,38672.6
603616.SH,20260821,49100.0,5.36,263176.0,5.37,0.0127767,0.61382,38429.3
603615.SH,20260821,4600.0,17.1,78660.0,17.14,0.00190224,0.102766,24182.0
603613.SH,20260821,21000.0,18.51,388710.0,18.59,0.00291449,0.229525,72053.8
603612.SH,20260821,12100.0,16.35,197835.0,16.44,0.00242921,0.145305,49810.4
603611.SH,20260821,1800.0,16.68,30024.0,16.76,0.000698756,0.100704,25760.1
603610.SH,20260821,17300.0,15.25,263825.0,15.36,0.00490097,0.321975,35299.2
603609.SH,20260821,500.0,6.3,3150.0,6.36,5.53087e-05,0.0150744,90401.7
603608.SH,20260821,134100.0,18.05,2420505.0,17.87,0.0315507,0.784208,42503.0
603607.SH,20260821,9100.0,21.47,195377.0,21.59,0.00509756,0.166803,17851.7
603606.SH,20260821,100600.0,35.51,3572306.0,35.86,0.0121968,0.587996,82480.9
603605.SH,20260821,49000.0,57.7,2827300.0,57.39,0.0123745,1.00226,39597.6
603602.SH,20260821,8600.0,11.51,98986.0,11.62,0.00372202,0.23604,23105.8
603601.SH,20260821,152500.0,8.78,1338950.0,8.84,0.0133498,0.229537,114234.0
603600.SH,20260821,19000.0,9.68,183920.0,9.7,0.00575003,0.463123,33043.3
603599.SH,20260821,14100.0,10.14,142974.0,10.14,0.00154899,0.156406,91026.9
603598.SH,20260821,36800.0,17.0,625600.0,17.15,0.0136441,0.169617,26971.5
603639.SH,20260821,17300.0,10.69,184937.0,10.76,0.00509006,0.963835,33987.8
603650.SH,20260821,78200.0,65.47,5119754.0,65.36,0.012724,0.328534,61458.7
603693.SH,20260821,7600.0,11.3,85880.0,11.29,0.000852519,0.115701,89147.6
603655.SH,20260821,8600.0,32.87,282682.0,33.1,0.00811321,0.33209,10600.0
603690.SH,20260821,89800.0,25.18,2261164.0,25.36,0.0234487,0.234403,38296.4
603689.SH,20260821,17100.0,7.58,129618.0,7.58,0.0032668,0.504692,52344.8
603688.SH,20260821,26600.0,47.41,1261106.0,47.83,0.00491066,0.204707,54167.8
603687.SH,20260821,28100.0,13.15,369515.0,13.14,0.0051088,0.187451,55003.2
603686.SH,20260821,4600.0,12.66,58236.0,12.7,0.00110729,0.0494999,41543.0
603685.SH,20260821,1200.0,24.9,29880.0,24.9,0.000595635,0.0450241,20146.6
603683.SH,20260821,232300.0,15.4,3577420.0,15.43,0.0805909,0.998089,28824.6
603682.SH,20260821,97200.0,11.48,1115856.0,11.46,0.0205714,0.33117,47250.0
603681.SH,20260821,11200.0,18.0,201600.0,18.14,0.00471099,0.177636,23774.2
603680.SH,20260821,18900.0,10.2,192780.0,10.3,0.00241158,0.388295,78371.9
603679.SH,20260821,11500.0,21.4,246100.0,21.6,0.00647208,0.139681,17768.6
603678.SH,20260821,97800.0,46.0,4498800.0,46.0,0.0205649,0.355727,47556.7
603677.SH,20260821,7500.0,13.67,102525.0,13.67,0.00389406,0.529268,19260.1
603676.SH,20260821,101200.0,9.58,969496.0,9.62,0.0232557,3.31058,43516.1
603669.SH,20260821,155800.0,6.08,947264.0,6.05,0.0218718,0.719633,71233.1
603668.SH,20260821,23900.0,10.16,242824.0,10.16,0.00472522,0.242532,50579.7
603667.SH,20260821,41000.0,48.5,1988500.0,49.18,0.011196,0.260566,36620.3
603666.SH,20260821,63400.0,26.28,1666152.0,26.07,0.030847,1.42268,20553.0
603665.SH,20260821,15300.0,20.71,316863.0,20.91,0.00955249,0.784081,16016.8
603663.SH,20260821,97400.0,40.6,3954440.0,40.76,0.0164203,0.254617,59316.7
603662.SH,20260821,15700.0,48.92,768044.0,49.05,0.00559057,0.235114,28083.0
603661.SH,20260821,9200.0,32.32,297344.0,32.47,0.00661551,0.321578,13906.7
603660.SH,20260821,123100.0,11.28,1388568.0,11.28,0.0215401,0.465731,57149.3
603659.SH,20260821,246900.0,23.73,5858937.0,23.73,0.0115149,0.751482,214418.0
603658.SH,20260821,47700.0,34.45,1643265.0,34.9,0.00834756,0.646727,57142.5
603657.SH,20260821,23600.0,27.47,648292.0,27.26,0.0174569,0.48111,13519.0
603656.SH,20260821,0.0,,0.0,17.37,0.0,0.0,18294.5
603326.SH,20260821,21000.0,6.99,146790.0,6.99,0.00657942,0.363101,31917.7
603325.SH,20260821,5100.0,52.52,267852.0,51.96,0.0149196,1.60375,3418.32
603324.SH,20260821,2100.0,27.21,57141.0,27.46,0.0014337,0.0474448,14647.4
603124.SH,20260821,13300.0,131.73,1752009.0,129.9,0.0171372,0.313876,7760.88
603122.SH,20260821,193300.0,12.48,2412384.0,12.53,0.0485614,0.70722,39805.3
603121.SH,20260821,7800.0,12.2,95160.0,12.18,0.00230405,0.211581,33853.4
603120.SH,20260821,6200.0,47.67,295554.0,47.65,0.0163588,0.286061,3790.0
603119.SH,20260821,25800.0,49.67,1281486.0,49.5,0.00545616,0.273339,47286.0
603118.SH,20260821,1428000.0,17.17,24518760.0,17.0,0.181385,1.0301,78727.6
603117.SH,20260821,2700.0,3.8,10260.0,3.8,0.000450602,0.037037,59919.8
603116.SH,20260821,54600.0,6.31,344526.0,6.37,0.00947586,0.871134,57620.1
603115.SH,20260821,21200.0,76.58,1623496.0,77.36,0.00866783,0.168586,24458.3
603113.SH,20260821,854500.0,5.28,4511760.0,5.55,0.100708,3.02622,84849.1
603112.SH,20260821,21500.0,16.07,345505.0,16.08,0.00402165,0.15891,53460.7
603111.SH,20260821,9300.0,5.76,53568.0,5.78,0.00111032,0.229196,83759.5
603110.SH,20260821,40100.0,25.0,1002500.0,25.28,0.0199278,0.205123,20122.7
603109.SH,20260821,2000.0,17.37,34740.0,17.4,0.000957633,0.13046,20884.8
603108.SH,20260821,171500.0,10.19,1747585.0,10.34,0.0283657,0.836308,60460.4
603107.SH,20260821,9900.0,11.8,116820.0,11.88,0.00453766,0.632124,21817.4
603106.SH,20260821,163100.0,7.1,1158010.0,7.21,0.031334,0.377722,52052.0
603105.SH,20260821,50500.0,6.93,349965.0,6.99,0.0100998,0.924005,50001.1
603103.SH,20260821,10300.0,14.57,150071.0,14.64,0.00162409,0.212568,63420.0
603102.SH,20260821,270900.0,43.23,11711007.0,44.13,0.423281,3.76661,6400.0
603101.SH,20260821,45200.0,7.3,329960.0,7.37,0.00960884,0.451697,47040.0
603100.SH,20260821,7000.0,17.41,121870.0,17.43,0.00136842,0.166037,51153.9
603099.SH,20260821,21600.0,39.47,852552.0,39.34,0.0079308,0.397376,27235.6
603098.SH,20260821,17800.0,10.13,180314.0,10.18,0.00330364,0.317308,53880.0
603097.SH,20260821,8600.0,18.44,158584.0,18.48,0.00382772,0.339944,22467.7
603096.SH,20260821,3200.0,15.2,48640.0,15.34,0.00207476,0.197399,15423.5
603095.SH,20260821,92400.0,13.91,1285284.0,13.87,0.0357766,0.724345,25826.9
603093.SH,20260821,67100.0,11.22,752862.0,11.27,0.00760737,0.548175,88203.9
603123.SH,20260821,2038500.0,9.54,19447290.0,9.23,0.312521,7.11397,65227.6
603125.SH,20260821,11300.0,22.77,257301.0,22.8,0.00279125,0.218528,40483.6
603091.SH,20260821,2100.0,49.3,103530.0,49.54,0.00477075,0.196171,4401.83
603126.SH,20260821,26000.0,5.95,154700.0,5.98,0.0042588,0.444966,61050.0
603169.SH,20260821,39000.0,6.27,244530.0,6.26,0.00298555,0.36915,130629.0
603168.SH,20260821,21500.0,5.7,122550.0,5.75,0.0057716,0.336484,37251.4
603167.SH,20260821,12600.0,8.7,109620.0,8.7,0.00268574,0.510905,46914.4
603166.SH,20260821,22200.0,10.89,241758.0,10.79,0.00346488,0.216392,64071.6
603165.SH,20260821,17100.0,13.85,236835.0,13.8,0.005468,0.502037,31272.8
603163.SH,20260821,3700.0,82.54,305398.0,82.86,0.0037,0.123201,10000.0
603162.SH,20260821,227300.0,11.72,2663956.0,11.82,0.0538183,0.726389,42234.7
603161.SH,20260821,31400.0,15.55,488270.0,15.55,0.0164614,0.551794,19074.9
603160.SH,20260821,25300.0,49.2,1244760.0,49.71,0.00542939,0.592131,46598.3
603159.SH,20260821,11200.0,21.04,235648.0,21.19,0.008,0.408001,14000.0
603158.SH,20260821,51300.0,9.72,498636.0,9.79,0.010453,0.214593,49077.0
603156.SH,20260821,234900.0,51.66,12134934.0,51.0,0.0186388,1.29598,126028.0
603155.SH,20260821,42800.0,13.59,581652.0,13.59,0.00934721,0.465111,45789.1
603153.SH,20260821,4600.0,13.13,60398.0,13.15,0.00113923,0.250478,40378.0
603151.SH,20260821,35200.0,15.75,554400.0,15.73,0.0205509,0.508374,17128.2
603150.SH,20260821,5000.0,52.83,264150.0,52.31,0.00584912,0.379466,8548.3
603139.SH,20260821,15700.0,34.84,546988.0,35.38,0.0157189,0.866819,9988.0
603138.SH,20260821,8000.0,12.8,102400.0,12.92,0.00277447,0.138476,28834.3
603137.SH,20260821,196000.0,23.5,4606000.0,23.88,0.107143,0.772756,18293.3
603136.SH,20260821,26200.0,9.09,238158.0,9.16,0.00969915,0.942119,27012.7
603135.SH,20260821,8400.0,8.94,75096.0,9.03,0.00133431,0.126894,62953.8
603132.SH,20260821,27200.0,18.3,497760.0,18.27,0.00278119,0.393344,97800.0
603131.SH,20260821,45400.0,14.3,649220.0,14.45,0.0134755,0.57862,33690.7
603130.SH,20260821,1300.0,40.3,52390.0,39.8,0.000945357,0.0868217,13751.4
603129.SH,20260821,4600.0,313.21,1440766.0,316.38,0.00299708,0.200335,15348.3
603128.SH,20260821,6300.0,5.36,33768.0,5.36,0.000481266,0.094546,130905.0
603127.SH,20260821,926093.0,50.24,46526912.0,52.57,0.147534,1.881,62771.7
603092.SH,20260821,35400.0,46.0,1628400.0,47.34,0.102396,3.29881,3457.17
603090.SH,20260821,2500.0,36.71,91775.0,36.98,0.0025,0.117322,10000.0
603323.SH,20260821,110700.0,4.21,466047.0,4.21,0.0049856,0.398595,222040.0
603055.SH,20260821,6100.0,8.75,53375.0,8.74,0.000686566,0.0676898,88848.0
603052.SH,20260821,10700.0,55.01,588607.0,55.87,0.0056946,0.155876,18789.7
603051.SH,20260821,47900.0,21.32,1021228.0,20.96,0.0296351,1.41017,16163.3
603050.SH,20260821,8200.0,18.38,150716.0,18.49,0.00203313,0.146364,40331.9
603049.SH,20260821,3900.0,50.22,195858.0,50.45,0.000772307,0.126375,50498.0
603048.SH,20260821,8300.0,19.61,162763.0,21.79,0.00565087,0.425807,14688.0
603045.SH,20260821,22800.0,51.91,1183548.0,52.04,0.0168334,0.293331,13544.5
603043.SH,20260821,31600.0,13.89,438924.0,13.81,0.00561825,0.776862,56245.2
603042.SH,20260821,65390.0,13.66,893227.0,13.74,0.031322,0.779672,20876.7
603041.SH,20260821,7700.0,11.09,85393.0,11.12,0.00420426,0.399308,18314.8
603040.SH,20260821,100.0,53.41,5341.0,53.45,5.06713e-05,0.00732331,19735.0
603039.SH,20260821,209500.0,41.59,8713105.0,42.95,0.0680993,0.726783,30763.9
603038.SH,20260821,59300.0,16.59,983787.0,16.41,0.0220711,0.603742,26867.7
603037.SH,20260821,4600.0,9.97,45862.0,10.08,0.00172835,0.123891,26615.0
603036.SH,20260821,642000.0,15.8,10143600.0,15.49,0.311641,7.38225,20600.6
603035.SH,20260821,7500.0,11.1,83250.0,11.1,0.00204724,0.22538,36634.7
603033.SH,20260821,23900.0,7.65,182835.0,7.49,0.00236042,0.328295,101253.0
603032.SH,20260821,21000.0,17.98,377580.0,18.15,0.00901746,0.383782,23288.2
603031.SH,20260821,30900.0,38.91,1202319.0,39.29,0.00982855,0.191517,31439.0
603030.SH,20260821,61000.0,2.06,125660.0,2.07,0.00463197,0.232369,131693.0
603029.SH,20260821,16800.0,15.82,265776.0,15.88,0.0138452,0.557117,12134.2
603028.SH,20260821,46200.0,6.97,322014.0,7.0,0.0162567,1.41298,28419.0
603027.SH,20260821,71100.0,7.35,522585.0,7.35,0.0053429,0.608485,133074.0
603026.SH,20260821,21700.0,63.33,1374261.0,63.33,0.00932527,0.238982,23270.1
603025.SH,20260821,42000.0,13.88,582960.0,13.9,0.0037866,0.169038,110917.0
603023.SH,20260821,13400.0,4.0,53600.0,4.02,0.00240093,0.139384,55811.7
603022.SH,20260821,25300.0,8.75,221375.0,8.75,0.01265,1.0769,20000.0
603021.SH,20260821,203700.0,5.3,1079610.0,5.25,0.0636666,1.75731,31994.8
603053.SH,20260821,3600.0,8.74,31464.0,8.72,0.000405,0.173119,88889.0
603057.SH,20260821,6100.0,22.12,134932.0,21.82,0.00148058,0.227845,41200.0
603089.SH,20260821,329500.0,9.5,3130250.0,10.0,0.137273,3.65842,24003.3
603058.SH,20260821,44100.0,8.98,396018.0,9.0,0.0106351,0.669663,41466.4
603088.SH,20260821,6000.0,8.84,53040.0,8.88,0.00137026,0.112001,43787.2
603087.SH,20260821,343000.0,70.03,24020290.0,71.87,0.0611237,2.05385,56115.7
603086.SH,20260821,10200.0,5.6,57120.0,5.64,0.00234584,0.155249,43481.3
603085.SH,20260821,31800.0,9.8,311640.0,10.0,0.00800806,0.660703,39710.0
603083.SH,20260821,97000.0,179.14,17376580.0,179.09,0.0351974,0.320704,27558.8
603082.SH,20260821,5600.0,39.22,219632.0,39.44,0.0138078,0.12828,4055.69
603081.SH,20260821,3800.0,9.35,35530.0,9.34,0.00089941,0.131545,42249.9
603080.SH,20260821,10300.0,19.31,198893.0,19.35,0.00727915,0.484331,14150.0
603079.SH,20260821,444900.0,13.01,5788149.0,12.75,0.23536,2.53427,18903.0
603078.SH,20260821,127600.0,35.6,4542560.0,35.28,0.0330881,0.365239,38563.7
603077.SH,20260821,905900.0,2.37,2146983.0,2.38,0.0102574,0.621523,883171.0
603076.SH,20260821,13400.0,20.4,273360.0,20.65,0.0111018,0.49543,12070.1
603075.SH,20260821,5000.0,18.91,94550.0,19.01,0.0117922,0.20841,4240.09
603073.SH,20260821,9800.0,16.58,162484.0,16.71,0.0192561,0.604882,5089.28
603072.SH,20260821,41700.0,32.29,1346493.0,31.52,0.0330349,2.17028,12623.0
603071.SH,20260821,33800.0,12.35,417430.0,12.41,0.00605784,0.440687,55795.4
603070.SH,20260821,3600.0,11.52,41472.0,11.61,0.000897756,0.175558,40100.0
603069.SH,20260821,14200.0,12.93,183606.0,13.06,0.00449367,0.521318,31600.0
603068.SH,20260821,128200.0,40.4,5179280.0,41.4,0.0844603,1.12589,15178.7
603067.SH,20260821,40389.0,33.86,1367572.0,34.2,0.00534582,0.120529,75552.5
603066.SH,20260821,9700.0,9.02,87494.0,9.11,0.0032973,0.321222,29418.0
603065.SH,20260821,300800.0,15.66,4710528.0,15.75,0.0717955,0.7359,41896.8
603063.SH,20260821,33800.0,31.35,1059630.0,31.42,0.00731233,0.153652,46223.3
603062.SH,20260821,0.0,,0.0,39.2,0.0,0.0,3707.31
603061.SH,20260821,16200.0,348.03,5638086.0,353.76,0.0186207,0.385016,8700.0
603060.SH,20260821,30000.0,5.47,164100.0,5.5,0.00373151,0.647892,80396.4
603059.SH,20260821,5500.0,25.8,141900.0,25.76,0.00547543,0.428736,10044.9
603170.SH,20260821,10600.0,12.58,133348.0,12.59,0.00264993,0.363081,40001.0
603171.SH,20260821,74800.0,43.76,3273248.0,43.34,0.0184286,0.900057,40589.0
603172.SH,20260821,3800.0,17.55,66690.0,17.56,0.002849,0.265321,13338.0
603286.SH,20260821,6800.0,40.68,276624.0,41.1,0.00581772,0.160049,11688.4
603284.SH,20260821,23100.0,42.24,975744.0,42.77,0.122522,0.626447,1885.37
603283.SH,20260821,101300.0,46.56,4716528.0,46.82,0.0287354,0.359547,35252.6
603282.SH,20260821,7100.0,15.42,109482.0,15.42,0.00530563,0.588889,13382.0
603281.SH,20260821,37200.0,18.98,706056.0,19.17,0.00717265,0.564869,51863.7
603280.SH,20260821,17400.0,26.88,467712.0,26.96,0.0160507,0.357872,10840.7
603279.SH,20260821,28600.0,12.53,358358.0,12.53,0.00496206,0.549066,57637.3
603278.SH,20260821,23400.0,8.81,206154.0,8.92,0.00684692,0.192159,34175.9
603277.SH,20260821,14365.0,11.78,169220.0,11.92,0.0023559,0.129882,60974.6
603276.SH,20260821,7700.0,16.38,126126.0,16.38,0.0102017,0.288931,7547.74
603275.SH,20260821,3000.0,35.41,106230.0,35.41,0.00722266,0.416765,4153.6
603273.SH,20260821,2300.0,14.39,33097.0,14.35,0.00410286,0.106369,5605.84
603272.SH,20260821,29400.0,13.74,403956.0,13.74,0.028371,0.688618,10362.7
603271.SH,20260821,10800.0,42.99,464292.0,42.92,0.0114194,0.622279,9457.6
603270.SH,20260821,22000.0,27.71,609620.0,27.73,0.0311101,0.588687,7071.67
603269.SH,20260821,88620.0,17.4,1541988.0,17.49,0.0205165,0.423107,43194.6
603268.SH,20260821,10900.0,176.21,1920689.0,176.21,0.0046731,0.246741,23325.0
603267.SH,20260821,94500.0,47.9,4526550.0,48.61,0.0408948,1.18702,23108.1
603266.SH,20260821,3800.0,15.39,58482.0,15.6,0.00191064,0.240199,19888.7
603262.SH,20260821,32100.0,17.9,574590.0,17.9,0.0307625,0.853553,10434.8
603261.SH,20260821,9800.0,50.4,493920.0,49.9,0.0126443,0.359574,7750.5
603260.SH,20260821,19700.0,34.98,689106.0,35.06,0.00166637,0.207416,118221.0
603259.SH,20260821,1198281.0,164.0,196518084.0,167.9,0.0484491,1.89833,247328.0
603258.SH,20260821,8700.0,12.56,109272.0,12.72,0.00360485,0.318063,24134.1
603257.SH,20260821,1200.0,62.0,74400.0,62.4,0.00481928,0.106181,2490.0
603256.SH,20260821,83800.0,137.42,11515796.0,137.4,0.00952568,0.406406,87972.8
603255.SH,20260821,3900.0,27.57,107523.0,27.84,0.00642766,0.327819,6067.52
603248.SH,20260821,5500.0,18.4,101200.0,18.31,0.00769177,0.12234,7150.5
603285.SH,20260821,229100.0,38.41,8799731.0,37.51,0.367756,3.04487,6229.68
603288.SH,20260821,47900.0,35.58,1704282.0,35.75,0.000861539,0.43635,555982.0
603173.SH,20260821,1200.0,31.32,37584.0,31.39,0.00075,0.119782,16000.0
603289.SH,20260821,16300.0,8.68,141484.0,8.68,0.0055556,0.257404,29339.8
603322.SH,20260821,29300.0,26.21,767953.0,26.34,0.0185929,0.401632,15758.7
603321.SH,20260821,9500.0,6.35,60325.0,6.35,0.0027571,0.281326,34456.4
603320.SH,20260821,10800.0,16.63,179604.0,16.52,0.00724122,0.688596,14914.6
603319.SH,20260821,50100.0,24.61,1232961.0,24.61,0.0147722,0.38518,33915.0
603318.SH,20260821,143700.0,8.72,1253064.0,8.67,0.0313024,0.342445,45907.1
603317.SH,20260821,33200.0,14.69,487708.0,14.66,0.00312595,0.288595,106208.0
603316.SH,20260821,19500.0,13.91,271245.0,13.91,0.00737898,0.199895,26426.4
603315.SH,20260821,50600.0,11.65,589490.0,11.51,0.0157944,0.840329,32036.6
603313.SH,20260821,78200.0,6.1,477020.0,6.12,0.0137052,0.324129,57058.7
603312.SH,20260821,1800.0,30.68,55224.0,30.87,0.00353499,0.110623,5091.95
603311.SH,20260821,17800.0,28.72,511216.0,29.0,0.00754608,0.440468,23588.4
603310.SH,20260821,13000.0,14.8,192400.0,14.77,0.00670069,0.783775,19401.0
603309.SH,20260821,28200.0,11.86,334452.0,11.96,0.00966179,0.462252,29187.1
603308.SH,20260821,64200.0,44.5,2856900.0,44.56,0.00924463,0.360331,69445.7
603307.SH,20260821,10200.0,25.28,257856.0,25.44,0.0104992,1.45777,9715.0
603306.SH,20260821,12200.0,74.2,905240.0,74.28,0.00370263,0.0908559,32949.6
603305.SH,20260821,22400.0,11.2,250880.0,11.23,0.0019382,0.130147,115571.0
603303.SH,20260821,38200.0,23.18,885476.0,23.56,0.00800932,1.80254,47694.5
603301.SH,20260821,9300.0,82.47,766971.0,82.6,0.00352438,0.49031,26387.6
603300.SH,20260821,198800.0,4.84,962192.0,4.86,0.00994404,0.499461,199919.0
603299.SH,20260821,10000.0,9.09,90900.0,9.09,0.00128122,0.185967,78050.6
603298.SH,20260821,8200.0,26.34,215988.0,26.32,0.000626044,0.216969,130981.0
603297.SH,20260821,4700.0,106.68,501396.0,107.26,0.00424459,0.309667,11072.9
603296.SH,20260821,66300.0,78.0,5171400.0,78.32,0.00830207,0.251279,79859.6
603293.SH,20260821,800.0,35.1,28080.0,35.2,0.00227943,0.0518207,3509.65
603291.SH,20260821,42300.0,9.25,391275.0,9.2,0.00999479,1.15137,42322.1
603290.SH,20260821,132820.0,95.61,12698920.0,95.62,0.0554633,1.10249,23947.3
603239.SH,20260821,20300.0,14.25,289275.0,14.47,0.00749852,0.537707,27072.0
603238.SH,20260821,20200.0,12.3,248460.0,12.4,0.0113797,0.962946,17750.9
603237.SH,20260821,2100.0,14.18,29778.0,14.28,0.00110639,0.141051,18980.7
603236.SH,20260821,42000.0,59.28,2489760.0,59.88,0.010361,0.154966,40536.5
603202.SH,20260821,4500.0,51.59,232155.0,51.79,0.00896172,0.505788,5021.36
603201.SH,20260821,6200.0,15.15,93930.0,15.24,0.00329166,0.166427,18835.5
603200.SH,20260821,4200.0,34.88,146496.0,35.23,0.00239343,0.126691,17548.0
603199.SH,20260821,70400.0,34.26,2411904.0,34.0,0.0636068,3.19386,11068.0
603198.SH,20260821,15000.0,39.7,595500.0,39.95,0.001875,0.206421,80000.0
603197.SH,20260821,700.0,30.33,21231.0,30.45,0.000331515,0.0263664,21115.2
603196.SH,20260821,4700.0,19.49,91603.0,19.5,0.00198322,0.230832,23698.8
603195.SH,20260821,11600.0,39.92,463072.0,40.07,0.000644386,0.248099,180016.0
603194.SH,20260821,6500.0,33.13,215345.0,33.46,0.00411322,0.706172,15802.7
603193.SH,20260821,198900.0,22.46,4467294.0,21.36,0.192478,7.02627,10333.6
603192.SH,20260821,1300.0,20.0,26000.0,20.13,0.000932525,0.0892545,13940.6
603191.SH,20260821,45700.0,14.55,664935.0,14.71,0.01385,0.258686,32996.5
603190.SH,20260821,8000.0,16.58,132640.0,16.53,0.0047619,0.412879,16800.0
603189.SH,20260821,22800.0,9.08,207024.0,9.2,0.00845859,0.61233,26954.8
603188.SH,20260821,168500.0,4.59,773415.0,4.56,0.0295526,0.665999,57017.0
603187.SH,20260821,39800.0,11.16,444168.0,11.16,0.010409,0.287304,38236.2
603186.SH,20260821,280500.0,163.38,45828090.0,164.0,0.178901,1.25548,15679.1
603185.SH,20260821,16700.0,16.6,277220.0,16.77,0.00245942,0.232188,67902.2
603183.SH,20260821,21900.0,4.58,100302.0,4.58,0.00440508,0.135363,49715.3
603182.SH,20260821,10700.0,13.19,141133.0,13.2,0.00650258,0.325705,16455.0
603181.SH,20260821,5400.0,12.73,68742.0,12.73,0.000917275,0.0793421,58870.0
603180.SH,20260821,11200.0,15.45,173040.0,15.53,0.0072606,0.412556,15425.7
603179.SH,20260821,111800.0,34.6,3868280.0,35.05,0.0156539,0.473035,71419.9
603178.SH,20260821,86100.0,15.88,1367268.0,16.3,0.0364195,0.716547,23641.2
603177.SH,20260821,173600.0,10.61,1841896.0,11.0,0.085018,1.27323,20419.2
603176.SH,20260821,7600.0,4.87,37012.0,4.89,0.00164568,0.209271,46181.7
603175.SH,20260821,1100.0,90.0,99000.0,89.58,0.00241895,0.0395543,4547.42
603203.SH,20260821,7700.0,42.6,328020.0,42.86,0.00236026,0.0911564,32623.5
603205.SH,20260821,4200.0,21.94,92148.0,21.94,0.0101597,0.56951,4134.0
603206.SH,20260821,5100.0,13.6,69360.0,13.7,0.00167104,0.124196,30520.0
603221.SH,20260821,1787100.0,27.3,48787830.0,28.6,0.737648,8.26721,24227.0
603235.SH,20260821,2400.0,23.3,55920.0,23.39,0.000548221,0.373533,43778.0
603233.SH,20260821,12900.0,18.1,233490.0,18.19,0.00113272,0.198068,113885.0
603232.SH,20260821,13500.0,14.55,196425.0,14.63,0.00583658,0.126042,23130.0
603231.SH,20260821,15800.0,16.1,254380.0,16.1,0.0148684,0.811651,10626.6
603230.SH,20260821,100.0,9.19,919.0,9.21,2.82867e-05,0.00527699,35352.3
603229.SH,20260821,58000.0,8.27,479660.0,8.35,0.00698545,0.588248,83029.7
603228.SH,20260821,134297.0,88.4,11871855.0,89.22,0.0136771,0.294227,98191.4
603227.SH,20260821,23200.0,7.69,178408.0,7.69,0.0021648,0.225385,107169.0
603226.SH,20260821,20200.0,44.7,902940.0,44.7,0.00568227,0.451583,35549.2
603225.SH,20260821,43000.0,18.75,806250.0,18.97,0.00257709,0.360845,166855.0
603223.SH,20260821,6200.0,10.5,65100.0,10.5,0.000878408,0.0725553,70582.2
603222.SH,20260821,358500.0,8.34,2989890.0,8.55,0.0682739,2.08031,52509.1
603220.SH,20260821,149800.0,17.71,2652958.0,17.89,0.0279291,0.404593,53635.8
603207.SH,20260821,236000.0,24.1,5687600.0,24.88,0.432211,4.89714,5460.29
603219.SH,20260821,34200.0,13.49,461358.0,13.62,0.00609191,1.2502,56140.0
603218.SH,20260821,14100.0,9.69,136629.0,9.7,0.00137035,0.248676,102894.0
603217.SH,20260821,13300.0,26.8,356440.0,26.48,0.00639154,0.267497,20808.8
603216.SH,20260821,19100.0,21.07,402437.0,21.14,0.00857695,0.456259,22269.0
603215.SH,20260821,0.0,,0.0,14.44,0.0,0.0,18722.8
603214.SH,20260821,13900.0,13.85,192515.0,13.89,0.0100332,0.77757,13854.0
603213.SH,20260821,1700.0,13.81,23477.0,13.82,0.000382114,0.0869508,44489.4
603212.SH,20260821,5200.0,11.38,59176.0,11.43,0.0011886,0.0596982,43749.1
603211.SH,20260821,82500.0,22.91,1890075.0,23.25,0.0303523,1.10604,27180.8
603210.SH,20260821,200.0,13.52,2704.0,13.59,8.59559e-05,0.00757244,23267.8
603209.SH,20260821,62000.0,14.06,871720.0,14.07,0.0192851,1.09734,32149.2
603208.SH,20260821,36600.0,11.4,417240.0,11.43,0.0208097,1.62822,17587.9
603817.SH,20260821,11000.0,5.7,62700.0,5.7,0.00192954,0.190083,57008.4
603819.SH,20260821,10300.0,13.68,140904.0,13.69,0.00473063,0.136883,21773.0
001366.SZ,20260821,420200.0,11.61,4878522.0,11.92,0.261514,4.67083,16068.0
688143.SH,20260821,256803.0,150.53,38656556.0,149.5,0.20985,1.16439,12237.4
688139.SH,20260821,62450.0,30.04,1875998.0,30.04,0.0197319,1.46245,31649.3
688138.SH,20260821,22729.0,33.98,772331.0,34.4,0.00722014,0.233698,31480.0
688137.SH,20260821,565944.0,66.07,37391920.0,67.49,0.809446,8.28106,6991.75
688136.SH,20260821,123499.0,21.04,2598419.0,21.58,0.0611427,2.3214,20198.5
688135.SH,20260821,30192.0,25.28,763254.0,25.7,0.0129522,0.272266,23310.4
688133.SH,20260821,21957.0,23.91,524992.0,24.11,0.0133528,0.362474,16443.7
688132.SH,20260821,1500.0,13.3,19950.0,13.38,0.000985382,0.154278,15222.5
688131.SH,20260821,113257.0,98.46,11151284.0,100.09,0.0531139,1.67589,21323.4
688130.SH,20260821,3934.0,24.0099,94455.0,24.27,0.00652566,0.14145,6028.51
688129.SH,20260821,15888.0,20.9,332059.0,21.23,0.0131874,1.65673,12047.9
688128.SH,20260821,23500.0,21.94,515590.0,21.86,0.00580964,1.34734,40450.0
688127.SH,20260821,111001.0,66.4,7370466.0,69.8,0.027347,1.37927,40589.8
688126.SH,20260821,483004.0,24.45,11809448.0,24.45,0.0169946,0.428381,284210.0
688125.SH,20260821,1400.0,126.39,176946.0,122.62,0.00170309,0.103678,8220.35
688123.SH,20260821,19253.0,141.98,2733541.0,140.93,0.0121162,0.156724,15890.3
688122.SH,20260821,13086.0,48.95,640560.0,48.77,0.00201427,0.148027,64966.4
688121.SH,20260821,148436.0,1.82,270154.0,1.87,0.0732414,2.06311,20266.7
688120.SH,20260821,24084.0,278.35,6703781.0,280.5,0.00485289,0.220747,49628.1
688119.SH,20260821,19000.0,3.89,73910.0,3.89,0.00168889,0.201625,112500.0
688118.SH,20260821,11107.0,19.92,221251.0,20.19,0.0119025,0.375838,9331.67
688117.SH,20260821,279404.0,26.0,7264504.0,26.6,0.126806,2.23236,22034.0
688116.SH,20260821,16068.0,31.72,509677.0,31.54,0.00438379,0.298814,36653.2
688115.SH,20260821,9140.0,71.07,649580.0,69.68,0.00979237,0.276614,9333.8
688114.SH,20260821,393463.0,69.05,27168620.0,69.11,0.0946649,3.95876,41563.8
688113.SH,20260821,6609.0,35.5001,234620.0,35.92,0.0102628,1.17459,6439.76
688112.SH,20260821,21004.0,70.49,1480572.0,70.5,0.0131607,0.362061,15959.7
688111.SH,20260821,119135.0,241.26,28742510.0,241.64,0.0256749,1.19255,46401.3
688141.SH,20260821,27062.0,121.97,3300752.0,121.81,0.00600948,0.136901,45032.2
688146.SH,20260821,145892.0,261.5,38150758.0,260.88,0.100635,0.737363,14497.1
688109.SH,20260821,1032.0,72.5,74820.0,73.6,0.00130894,0.104502,7884.23
688147.SH,20260821,79828.0,118.42,9453232.0,117.0,0.0171872,0.658622,46446.3
688178.SH,20260821,7518.0,28.0301,210730.0,28.74,0.00884493,0.48972,8499.78
688177.SH,20260821,23980.0,21.32,511254.0,21.75,0.00579115,0.327672,41408.0
688176.SH,20260821,39811.0,12.68,504803.0,12.86,0.00695763,0.269878,57219.2
688175.SH,20260821,15974.0,19.09,304944.0,19.65,0.00950199,0.663779,16811.2
688173.SH,20260821,14393.0,13.48,194018.0,13.48,0.00349891,0.160898,41135.7
688172.SH,20260821,29140.0,55.55,1618727.0,55.55,0.00243086,0.21104,119875.0
688171.SH,20260821,10136.0,27.52,278943.0,27.57,0.00867431,0.631057,11685.1
688170.SH,20260821,2607.0,53.0,138171.0,53.01,0.00252225,0.0510907,10336.0
688169.SH,20260821,9354.0,119.23,1115277.0,119.6,0.00360391,0.128217,25955.1
688168.SH,20260821,22120.0,35.32,781278.0,35.76,0.0204703,0.582131,10805.9
688167.SH,20260821,44328.0,284.09,12593142.0,283.0,0.0340621,0.340213,13013.9
688166.SH,20260821,143166.0,37.8,5411675.0,38.85,0.0328517,0.805683,43579.5
688165.SH,20260821,11420.0,16.36,186831.0,16.4,0.00218866,0.123334,52178.0
688163.SH,20260821,25808.0,34.15,881343.0,34.98,0.0238477,1.71912,10822.0
688162.SH,20260821,4500.0,22.9,103050.0,23.07,0.00328226,0.424971,13710.1
688161.SH,20260821,4300.0,22.59,97137.0,22.71,0.001075,0.32448,40000.0
688160.SH,20260821,1000.0,97.83,97830.0,99.96,0.00109631,0.0476339,9121.52
688159.SH,20260821,8076.0,31.5601,254879.0,32.08,0.00870158,0.199343,9281.07
688158.SH,20260821,77740.0,32.1,2495454.0,32.36,0.0189668,0.268671,40987.4
688157.SH,20260821,4260.0,19.15,81579.0,19.31,0.00226937,0.190818,18771.7
688156.SH,20260821,14091.0,19.49,274634.0,19.49,0.0139911,0.508736,10071.4
688155.SH,20260821,2521.0,58.6398,147831.0,58.98,0.00197943,0.130562,12736.0
688153.SH,20260821,12100.0,26.18,316778.0,25.82,0.00289359,0.30778,41816.5
688152.SH,20260821,65390.0,35.01,2289304.0,35.54,0.064172,1.03259,10189.8
688151.SH,20260821,2008.0,16.3501,32831.0,16.39,0.000582874,0.0633313,34450.0
688150.SH,20260821,20603.0,38.15,786004.0,38.35,0.00511955,0.229683,40243.8
688148.SH,20260821,39301.0,6.20999,244059.0,6.25,0.00770346,0.208202,51017.3
688110.SH,20260821,96436.0,114.35,11027457.0,114.32,0.0217995,0.529436,44237.7
688108.SH,20260821,44315.0,18.59,823816.0,18.58,0.0106029,0.295473,41795.2
688180.SH,20260821,498239.0,39.5,19680441.0,40.45,0.0650108,1.89665,76639.4
688073.SH,20260821,85308.0,74.29,6337531.0,74.91,0.0938658,1.20802,9088.29
688071.SH,20260821,4977.0,32.4199,161354.0,32.74,0.00586982,0.212913,8478.97
688070.SH,20260821,1699.0,33.8999,57596.0,33.95,0.0019215,0.0814302,8842.05
688069.SH,20260821,3261.0,31.4701,102624.0,31.32,0.00208194,0.0785602,15663.3
688068.SH,20260821,31459.0,109.0,3429031.0,111.18,0.0339166,0.700594,9275.41
688067.SH,20260821,5510.0,22.9,126179.0,23.14,0.00810294,0.592649,6800.0
688066.SH,20260821,11539.0,8.40003,96928.0,8.41,0.00438196,0.156923,26332.9
688065.SH,20260821,19894.0,46.67,928453.0,46.29,0.00341014,0.417979,58337.8
688063.SH,20260821,16459.0,43.9,722550.0,43.98,0.00670812,0.354592,24535.9
688062.SH,20260821,159662.0,33.59,5363047.0,34.1,0.0693459,1.48693,23024.0
688061.SH,20260821,6200.0,37.23,230826.0,37.48,0.00539649,0.318092,11488.9
688060.SH,20260821,400.0,34.34,13736.0,34.65,0.000664554,0.10732,6019.07
688059.SH,20260821,11187.0,90.9,1016898.0,90.8,0.00853904,0.193318,13101.0
688058.SH,20260821,2100.0,22.55,47355.0,22.88,0.00276911,0.233647,7583.65
688057.SH,20260821,33383.0,19.16,639618.0,19.16,0.0120953,0.58693,27600.0
688056.SH,20260821,12479.0,41.58,518877.0,42.42,0.0185004,0.937814,6745.25
688055.SH,20260821,8832.0,3.77004,33297.0,3.8,0.00026496,0.062849,333333.0
688053.SH,20260821,4788.0,33.7701,161691.0,33.7,0.004788,0.949364,10000.0
688052.SH,20260821,8261.0,242.83,2006019.0,245.3,0.0057604,0.212074,14341.0
688051.SH,20260821,2400.0,24.53,58872.0,25.0,0.00310342,0.190225,7733.4
688050.SH,20260821,27598.0,41.75,1152217.0,42.2,0.0142671,0.602633,19343.8
688049.SH,20260821,2500.0,39.66,99150.0,39.67,0.00142033,0.0421537,17601.6
688048.SH,20260821,25750.0,301.9,7773925.0,301.89,0.0146074,0.235151,17628.0
688047.SH,20260821,11826.0,106.36,1257813.0,107.0,0.00294913,0.27601,40100.0
688046.SH,20260821,353718.0,35.13,12426113.0,36.7,0.0862335,1.64604,41018.6
688045.SH,20260821,5200.0,60.53,314756.0,61.26,0.00736784,0.165074,7057.7
688041.SH,20260821,65931.0,245.0,16153095.0,246.33,0.00283655,0.255956,232434.0
688039.SH,20260821,1508.0,33.4503,50443.0,33.45,0.00136345,0.0944024,11060.1
688072.SH,20260821,57069.0,677.0,38635713.0,671.26,0.0201876,0.893289,28269.3
688075.SH,20260821,17045.0,30.34,517145.0,30.29,0.0134125,2.29666,12708.3
688107.SH,20260821,7596.0,31.43,238742.0,31.41,0.00189498,0.103816,40084.9
688076.SH,20260821,261975.0,27.9,7309103.0,28.2,0.08269,6.96786,31681.6
688106.SH,20260821,85645.0,27.36,2343247.0,27.36,0.0161425,0.357964,53055.5
688105.SH,20260821,539050.0,24.9,13422345.0,25.52,0.104268,3.30317,51698.5
688103.SH,20260821,15219.0,73.38,1116770.0,74.04,0.015967,0.51602,9531.56
688102.SH,20260821,206705.0,33.14,6850204.0,33.1,0.0265412,0.659805,77880.7
688101.SH,20260821,185317.0,15.0,2779755.0,15.57,0.0558163,6.39922,33201.2
688100.SH,20260821,19189.0,25.83,495652.0,25.91,0.0039027,0.285647,49168.5
688099.SH,20260821,38258.0,93.45,3575210.0,93.25,0.00903761,0.319205,42332.0
688098.SH,20260821,133951.0,8.7,1165374.0,8.72,0.0326197,1.99924,41064.4
688097.SH,20260821,9163.0,46.16,422964.0,46.95,0.0020515,0.107372,44664.8
688096.SH,20260821,18169.0,8.91997,162067.0,9.07,0.00777264,0.283017,23375.6
688095.SH,20260821,18105.0,59.0,1068195.0,59.89,0.0198173,0.42626,9135.95
688093.SH,20260821,2900.0,25.09,72761.0,25.33,0.0010343,0.118054,28038.3
688092.SH,20260821,2246.0,22.87,51366.0,22.73,0.00271703,0.34253,8266.37
688091.SH,20260821,127442.0,40.99,5223848.0,42.48,0.0618431,2.71024,20607.3
688090.SH,20260821,15763.0,71.0,1119173.0,72.8,0.00993117,0.213478,15872.2
688089.SH,20260821,70976.0,7.39999,525222.0,7.46,0.0426641,2.88331,16636.0
688088.SH,20260821,23453.0,31.55,739942.0,31.75,0.00584614,0.402804,40117.0
688087.SH,20260821,1800.0,39.37,70866.0,39.89,0.000966466,0.0899921,18624.5
688085.SH,20260821,6300.0,13.57,85491.0,13.57,0.00179684,0.171898,35061.6
688084.SH,20260821,800.0,43.59,34872.0,44.12,0.00105737,0.0590238,7565.91
688083.SH,20260821,6451.0,53.25,343516.0,53.63,0.00380262,0.113017,16964.6
688082.SH,20260821,14328.0,294.5,4219596.0,295.0,0.00300117,0.184387,47741.3
688081.SH,20260821,17064.0,28.75,490590.0,28.42,0.0165606,1.08514,10304.0
688080.SH,20260821,2300.0,37.4,86020.0,36.8,0.00312262,0.226386,7365.61
688079.SH,20260821,24743.0,15.6,385991.0,15.67,0.00611496,0.170309,40463.0
688078.SH,20260821,15695.0,23.88,374797.0,23.69,0.0215316,1.95548,7289.3
688077.SH,20260821,10587.0,29.01,307129.0,29.14,0.00924802,0.186676,11447.9
688179.SH,20260821,230704.0,21.79,5027040.0,22.76,0.0637293,0.846405,36200.6
688181.SH,20260821,2894.0,38.5,111419.0,38.8,0.00217545,0.0442239,13303.0
603822.SH,20260821,14900.0,56.5,841850.0,57.76,0.0193945,1.9665,7682.59
688289.SH,20260821,251889.0,16.87,4249367.0,17.45,0.043475,2.18237,57938.8
688286.SH,20260821,187508.0,50.09,9392276.0,51.28,0.239432,1.73326,7831.35
688285.SH,20260821,22360.0,7.63001,170607.0,7.69,0.00594223,1.02612,37629.0
688283.SH,20260821,3007.0,28.4899,85669.0,28.55,0.0024688,0.28351,12180.0
688282.SH,20260821,0.0,,0.0,55.81,0.0,0.0,8902.93
688281.SH,20260821,6169.0,45.0199,277728.0,45.45,0.00161662,0.211246,38159.9
688280.SH,20260821,16122.0,5.50999,88832.0,5.49,0.00309714,0.154084,52054.4
688279.SH,20260821,29949.0,175.0,5241075.0,168.04,0.0320111,1.2338,9355.81
688278.SH,20260821,143414.0,63.41,9093882.0,64.99,0.0351342,1.79292,40818.9
688277.SH,20260821,26736.0,15.93,425904.0,16.06,0.00573187,0.322739,46644.5
688276.SH,20260821,785733.0,18.7,14693207.0,18.71,0.189948,27.3575,41365.8
688275.SH,20260821,15825.0,78.88,1248276.0,79.08,0.0125477,0.398777,12611.8
688273.SH,20260821,14032.0,31.33,439623.0,31.24,0.014032,1.28363,10000.0
688272.SH,20260821,50159.0,27.8,1394420.0,28.45,0.0659987,3.20282,7600.0
688271.SH,20260821,34810.0,108.46,3775493.0,109.99,0.0042237,0.618499,82415.8
688270.SH,20260821,117078.0,60.85,7124196.0,61.46,0.0390892,1.35971,29951.5
688269.SH,20260821,1183.0,31.0997,36791.0,31.29,0.000905099,0.0946545,13070.4
688268.SH,20260821,14012.0,141.11,1977233.0,141.35,0.0109741,0.199391,12768.2
688267.SH,20260821,6471.0,18.65,120684.0,18.94,0.00283646,0.310992,22813.6
688266.SH,20260821,139728.0,134.0,18723552.0,138.34,0.0527857,1.70121,26470.8
688265.SH,20260821,42111.0,43.0,1810773.0,44.85,0.0540137,0.895286,7796.35
688262.SH,20260821,15057.0,26.69,401871.0,26.77,0.00448125,0.138115,33600.0
688261.SH,20260821,35800.0,72.66,2601228.0,73.68,0.029321,0.458159,12209.7
688260.SH,20260821,54513.0,105.78,5766385.0,107.56,0.0454275,0.694138,12000.0
688259.SH,20260821,6801.0,30.6001,208111.0,30.81,0.00608863,0.519709,11170.0
688258.SH,20260821,14021.0,97.75,1370553.0,97.8,0.011574,0.373165,12114.2
688257.SH,20260821,19721.0,56.73,1118772.0,57.1,0.00555109,0.124832,35526.3
688256.SH,20260821,38640.0,999.98,38639227.0,1010.88,0.00614451,0.294441,62885.4
688288.SH,20260821,4833.0,18.18,87864.0,18.47,0.00484202,0.423476,9981.37
688290.SH,20260821,0.0,,0.0,66.86,0.0,0.0,10219.0
688253.SH,20260821,0.0,,0.0,57.16,0.0,0.0,13698.4
688291.SH,20260821,9231.0,43.44,400995.0,43.01,0.00899123,0.526491,10266.7
688320.SH,20260821,1005.0,32.6796,32843.0,32.65,0.000665503,0.024582,15101.4
688319.SH,20260821,127260.0,28.6,3639636.0,29.4,0.0313905,1.17741,40540.9
688318.SH,20260821,10424.0,75.42,786178.0,75.63,0.00290713,0.18738,35856.7
688317.SH,20260821,46450.0,17.97,834707.0,18.15,0.0244675,0.945958,18984.4
688316.SH,20260821,3171.0,48.1,152525.0,48.38,0.0066203,0.0804046,4789.81
688315.SH,20260821,444853.0,16.47,7326729.0,17.1,0.106884,3.36424,41620.0
688314.SH,20260821,800.0,32.26,25808.0,32.65,0.000980053,0.104539,8162.83
688313.SH,20260821,129742.0,163.0,21147946.0,164.0,0.0287049,0.499015,45198.6
688312.SH,20260821,18958.0,49.2,932734.0,49.15,0.0129217,0.283419,14671.5
688311.SH,20260821,5752.0,22.6799,130455.0,22.95,0.00328485,0.108588,17510.7
688310.SH,20260821,600.0,15.11,9066.0,15.19,0.000365131,0.0484805,16432.5
688309.SH,20260821,4500.0,73.84,332280.0,73.78,0.00566742,0.216169,7940.13
688308.SH,20260821,32651.0,95.19,3108049.0,95.43,0.0205635,0.322667,15878.2
688307.SH,20260821,21860.0,50.53,1104586.0,51.26,0.0175888,0.37434,12428.4
688306.SH,20260821,14432.0,8.71002,125703.0,8.7,0.00117497,0.138089,122828.0
688305.SH,20260821,20452.0,64.0,1308928.0,64.31,0.0154689,0.297856,13221.4
688303.SH,20260821,36954.0,18.06,667389.0,17.86,0.00173294,0.372359,213244.0
688302.SH,20260821,12688.0,37.5,475800.0,38.08,0.0128141,0.621725,9901.56
688301.SH,20260821,15098.0,98.4,1485643.0,98.95,0.00481734,0.195295,31340.9
688300.SH,20260821,66213.0,143.44,9497593.0,142.57,0.0274209,0.469617,24146.9
688299.SH,20260821,2180.0,12.7298,27751.0,12.84,0.000758543,0.044872,28739.3
688298.SH,20260821,58666.0,19.85,1164520.0,20.06,0.0291002,2.86476,20160.0
688297.SH,20260821,56039.0,38.8,2174313.0,38.89,0.00830207,0.970904,67500.0
688296.SH,20260821,74901.0,26.91,2015586.0,26.25,0.0697447,0.883288,10739.3
688295.SH,20260821,38995.0,38.24,1491169.0,38.47,0.00433278,0.614568,90000.0
688293.SH,20260821,44122.0,62.0,2735564.0,63.9,0.0376578,0.865923,11716.6
688292.SH,20260821,11819.0,17.3,204469.0,17.21,0.0074638,0.456561,15835.1
688255.SH,20260821,7914.0,25.5,201807.0,25.5,0.00720379,0.259227,10985.9
688252.SH,20260821,22525.0,20.1,452753.0,20.39,0.00550705,0.300426,40902.1
688182.SH,20260821,25127.0,27.9,701043.0,28.15,0.00628175,0.270554,40000.0
688213.SH,20260821,10978.0,97.16,1066622.0,97.3,0.00339341,0.14933,32350.9
688211.SH,20260821,1200.0,31.01,37212.0,31.07,0.000915382,0.18361,13109.3
688210.SH,20260821,20856.0,30.46,635274.0,31.4,0.0128218,0.388353,16266.1
688209.SH,20260821,3640.0,21.6,78624.0,21.88,0.000839127,0.0411125,43378.4
688208.SH,20260821,17188.0,25.27,434341.0,25.2,0.00256466,0.193629,67018.6
688207.SH,20260821,9857.0,19.3,190240.0,19.44,0.00380619,0.0788058,25897.3
688206.SH,20260821,43607.0,39.18,1708522.0,39.08,0.00998835,0.442389,43657.9
688205.SH,20260821,28656.0,169.95,4870087.0,166.99,0.0179958,0.210177,15923.7
688203.SH,20260821,14817.0,11.56,171285.0,11.56,0.00731061,0.247739,20267.8
688202.SH,20260821,168224.0,104.0,17495296.0,110.0,0.125211,1.65427,13435.2
688201.SH,20260821,0.0,,0.0,7.12,0.0,0.0,31715.4
688200.SH,20260821,6007.0,418.09,2511467.0,415.6,0.00299156,0.151646,20079.8
688199.SH,20260821,11839.0,22.9,271113.0,23.03,0.00734305,0.296306,16122.7
688198.SH,20260821,2400.0,80.69,193656.0,81.5,0.00174231,0.270142,13774.8
688197.SH,20260821,59143.0,38.43,2272865.0,38.96,0.0924039,2.02487,6400.49
688196.SH,20260821,15569.0,35.03,545382.0,35.38,0.0122407,0.592397,12719.1
688195.SH,20260821,70861.0,179.86,12745059.0,176.28,0.0391303,0.4914,18109.0
688193.SH,20260821,7190.0,48.0401,345408.0,48.54,0.0179437,1.4399,4006.99
688192.SH,20260821,69039.0,60.45,4173408.0,62.15,0.014969,0.822389,46121.4
688191.SH,20260821,2200.0,21.73,47806.0,21.67,0.000670726,0.0223501,32800.3
688190.SH,20260821,800.0,73.58,58864.0,73.54,0.000666667,0.0913325,12000.0
688189.SH,20260821,58359.0,6.53,381084.0,6.62,0.0213903,1.00051,27282.9
688188.SH,20260821,5603.0,102.27,573019.0,102.34,0.00138156,0.160958,40555.7
688187.SH,20260821,27354.0,46.58,1274149.0,46.95,0.00314809,0.385682,86890.8
688186.SH,20260821,3038.0,13.7502,41773.0,13.75,0.00108311,0.079392,28048.9
688185.SH,20260821,1457695.0,70.06,102126112.0,64.43,1.27451,57.6046,11437.3
688184.SH,20260821,2600.0,11.06,28756.0,11.1,0.00264852,0.51046,9816.79
688183.SH,20260821,18541.0,103.89,1926224.0,104.4,0.00221361,0.117242,83759.1
688212.SH,20260821,30661.0,28.82,883650.0,28.82,0.0227683,0.654627,13466.5
688215.SH,20260821,9837.0,45.0,442665.0,44.17,0.0108875,0.662306,9035.13
688251.SH,20260821,1567.0,21.2999,33377.0,21.34,0.00156852,0.124154,9990.33
688216.SH,20260821,29256.0,30.34,887627.0,30.33,0.0275372,0.72896,10624.2
688249.SH,20260821,78122.0,39.27,3067851.0,39.39,0.00389133,0.309761,200759.0
688248.SH,20260821,4501.0,41.7001,187692.0,42.24,0.00079706,0.0682438,56470.0
688247.SH,20260821,235375.0,9.86,2320798.0,10.21,0.0519202,1.34151,45334.0
688246.SH,20260821,25331.0,17.59,445572.0,17.8,0.0184111,0.824944,13758.6
688244.SH,20260821,4700.0,14.89,69983.0,15.07,0.00311338,0.248992,15096.2
688239.SH,20260821,8124.0,44.53,361762.0,44.88,0.00425534,0.137903,19091.3
688238.SH,20260821,1393878.0,7.71,10746799.0,8.04,0.215293,3.35168,64743.3
688237.SH,20260821,2915.0,55.94,163065.0,55.8,0.00325038,0.11728,8968.2
688236.SH,20260821,15878.0,14.85,235788.0,15.09,0.00550501,0.589096,28842.8
688235.SH,20260821,119948.0,290.04,34789718.0,298.88,0.104253,1.97997,11505.5
688234.SH,20260821,111295.0,106.0,11797270.0,108.2,0.0259,0.803641,42971.1
688233.SH,20260821,52651.0,113.52,5976942.0,113.0,0.0309156,0.402268,17030.6
688232.SH,20260821,9770.0,18.47,180452.0,18.37,0.00303433,0.471233,32198.2
688231.SH,20260821,418.0,29.1411,12181.0,29.43,0.000130797,0.0119177,31957.9
688230.SH,20260821,2494.0,54.16,135075.0,54.7,0.00212075,0.191895,11760.0
688229.SH,20260821,0.0,,0.0,65.73,0.0,0.0,4440.0
688228.SH,20260821,3323.0,73.1899,243210.0,74.68,0.00491926,0.10711,6755.08
688227.SH,20260821,6357.0,70.86,450457.0,72.3,0.00562291,0.187395,11305.5
688226.SH,20260821,3400.0,28.5,96900.0,28.96,0.00180108,0.0812401,18877.6
688225.SH,20260821,12080.0,11.92,143994.0,12.07,0.00301992,0.244674,40001.0
688223.SH,20260821,188749.0,4.35,821058.0,4.39,0.00183797,0.266879,1026940.0
688222.SH,20260821,286720.0,37.16,10654515.0,38.7,0.0715583,1.17135,40068.0
688221.SH,20260821,184657.0,21.45,3960893.0,22.07,0.0492973,0.915065,37457.9
688220.SH,20260821,16706.0,94.88,1585065.0,95.26,0.00399378,0.201545,41830.1
688219.SH,20260821,7060.0,10.27,72506.0,10.26,0.00128457,0.155516,54960.0
688218.SH,20260821,2351.0,39.9,93805.0,40.08,0.00201845,0.0440611,11647.5
688217.SH,20260821,28491.0,24.6,700879.0,25.26,0.051008,2.43905,5585.59
688038.SH,20260821,3548.0,18.0,63864.0,18.12,0.00304881,0.168638,11637.3
688037.SH,20260821,19857.0,363.0,7208091.0,367.59,0.00984157,0.314489,20176.7
688036.SH,20260821,50996.0,58.2,2967967.0,58.89,0.00442987,0.294397,115118.0
603988.SH,20260821,282500.0,21.78,6152850.0,21.2,0.120111,2.73553,23520.0
603986.SH,20260821,297000.0,405.0,120285000.0,403.5,0.0444284,0.550821,66849.2
603985.SH,20260821,31500.0,16.59,522585.0,16.78,0.00714516,0.215816,44085.8
603983.SH,20260821,28100.0,26.46,743526.0,26.56,0.00700748,0.878847,40100.0
603982.SH,20260821,25400.0,6.07,154178.0,6.07,0.00748041,0.638448,33955.4
603980.SH,20260821,131600.0,6.67,877772.0,6.73,0.0194435,0.546669,67683.3
603979.SH,20260821,14800.0,75.58,1118584.0,74.9,0.00237258,0.162893,62379.3
603978.SH,20260821,32800.0,18.35,601880.0,18.5,0.0155381,0.446507,21109.4
603977.SH,20260821,13000.0,11.49,149370.0,11.56,0.00209258,0.184546,62124.2
603976.SH,20260821,2100.0,27.1,56910.0,27.07,0.00122367,0.063562,17161.5
603970.SH,20260821,40600.0,10.67,433202.0,10.73,0.0151042,0.924773,26880.0
603969.SH,20260821,156000.0,7.19,1121640.0,7.23,0.0183195,0.825784,85155.4
603968.SH,20260821,5400.0,10.42,56268.0,10.42,0.00264085,0.270333,20448.0
603967.SH,20260821,12800.0,11.56,147968.0,11.54,0.00369231,0.720791,34666.7
603966.SH,20260821,17200.0,7.79,133988.0,7.77,0.00330962,0.358835,51969.7
603960.SH,20260821,11500.0,15.86,182390.0,15.86,0.004386,0.234424,26219.8
603959.SH,20260821,102100.0,4.86,496206.0,4.76,0.020824,1.07376,49029.9
603958.SH,20260821,1145900.0,20.0,22918000.0,18.68,0.522383,10.0395,21936.0
603956.SH,20260821,106200.0,6.66,707292.0,6.58,0.0186346,0.275016,56990.6
603955.SH,20260821,2500.0,18.77,46925.0,18.92,0.00184203,0.106167,13572.0
603950.SH,20260821,7500.0,57.03,427725.0,57.04,0.00231575,0.0865612,32386.9
603949.SH,20260821,100.0,13.95,1395.0,13.99,4.75725e-05,0.00453548,21020.5
603948.SH,20260821,6500.0,20.42,132730.0,20.49,0.00400027,0.716388,16248.9
603939.SH,20260821,30400.0,24.13,733552.0,24.13,0.00250744,0.342122,121239.0
603938.SH,20260821,61700.0,43.19,2664823.0,43.13,0.0161255,0.325115,38262.4
603937.SH,20260821,24700.0,11.56,285532.0,11.68,0.0118243,0.57295,20889.2
603936.SH,20260821,280400.0,17.5,4907000.0,17.54,0.0444798,0.335084,63039.8
603933.SH,20260821,12200.0,19.02,232044.0,19.22,0.00587826,0.286807,20754.5
603987.SH,20260821,40100.0,7.66,307166.0,7.7,0.00918059,0.934739,43679.1
603989.SH,20260821,86300.0,27.99,2415537.0,28.21,0.021641,0.22171,39878.0
603929.SH,20260821,27000.0,166.65,4499550.0,168.67,0.0126547,0.38478,21336.0
603990.SH,20260821,85300.0,22.49,1918397.0,22.26,0.0279447,0.34579,30524.5
605068.SH,20260821,26000.0,17.23,447980.0,17.16,0.0160297,0.543265,16219.8
605066.SH,20260821,10500.0,7.46,78330.0,7.47,0.00208983,0.053662,50243.3
605060.SH,20260821,54100.0,41.3,2234330.0,42.48,0.022647,1.14871,23888.4
605058.SH,20260821,3400.0,26.68,90712.0,26.64,0.00237887,0.172231,14292.5
605056.SH,20260821,10700.0,14.2,151940.0,14.15,0.0026525,0.180906,40339.3
605055.SH,20260821,5500.0,9.46,52030.0,9.57,0.00125,0.185223,44000.0
605050.SH,20260821,3800.0,10.32,39216.0,10.26,0.000771058,0.175744,49282.9
605033.SH,20260821,49600.0,19.63,973648.0,20.13,0.0366864,0.636849,13520.0
605028.SH,20260821,5800.0,24.26,140708.0,24.26,0.003625,0.415447,16000.0
605020.SH,20260821,36000.0,32.68,1176480.0,32.52,0.00715814,0.247118,50292.4
605018.SH,20260821,200.0,12.05,2410.0,12.21,4.25472e-05,0.00494137,47006.6
605016.SH,20260821,29400.0,19.71,579474.0,19.74,0.00699979,0.456704,42001.2
605011.SH,20260821,6300.0,17.04,107352.0,17.04,0.00157461,0.128646,40010.0
605009.SH,20260821,10000.0,24.0,240000.0,23.95,0.00465208,0.893665,21495.7
605008.SH,20260821,28800.0,12.85,370080.0,12.85,0.00445846,0.498604,64596.2
605007.SH,20260821,6300.0,15.0,94500.0,15.06,0.0013275,0.127969,47457.7
605006.SH,20260821,105100.0,13.88,1458788.0,13.95,0.0160801,0.249588,65360.1
605005.SH,20260821,100.0,15.71,1571.0,15.76,2.49377e-05,0.00734295,40100.0
605003.SH,20260821,3000.0,22.04,66120.0,22.19,0.00272727,0.185154,11000.0
605001.SH,20260821,311630.0,5.76,1794989.0,5.82,0.0793182,4.14011,39288.6
603999.SH,20260821,45200.0,5.58,252216.0,5.6,0.00784722,0.725845,57600.0
603998.SH,20260821,258500.0,10.3,2662550.0,10.43,0.0588729,0.851665,43908.1
603997.SH,20260821,65200.0,11.55,753060.0,11.51,0.00512472,0.268026,127226.0
603995.SH,20260821,26100.0,25.3,660330.0,25.49,0.00717803,0.249208,36361.0
603993.SH,20260821,575700.0,18.39,10587123.0,18.27,0.00329709,0.278901,1746080.0
603992.SH,20260821,23600.0,20.79,490644.0,20.66,0.00532681,0.656105,44304.2
603991.SH,20260821,3300.0,133.9,441870.0,133.8,0.00368565,0.154696,8953.65
603931.SH,20260821,9600.0,35.4,339840.0,35.43,0.00481062,0.134262,19955.8
603928.SH,20260821,19800.0,12.31,243738.0,12.5,0.0058115,0.12689,34070.4
688035.SH,20260821,19478.0,65.01,1266265.0,65.74,0.0136938,0.199362,14224.0
603881.SH,20260821,2079640.0,28.68,59644075.0,30.2,0.241243,2.19624,86205.2
603879.SH,20260821,7300.0,5.31,38763.0,5.35,0.00203148,0.0934933,35934.4
603878.SH,20260821,34500.0,4.97,171465.0,4.97,0.00614809,0.385545,56115.0
603877.SH,20260821,7400.0,12.82,94868.0,12.88,0.00157674,0.325856,46932.4
603876.SH,20260821,105300.0,22.22,2339766.0,22.34,0.0113315,0.357049,92926.7
603871.SH,20260821,44800.0,12.52,560896.0,12.53,0.00327483,0.525016,136801.0
603869.SH,20260821,1000.0,8.85,8850.0,8.9,0.000204657,0.111629,48862.2
603868.SH,20260821,200.0,30.21,6042.0,30.25,4.59137e-05,0.0209698,43560.0
603867.SH,20260821,22900.0,28.57,654253.0,28.86,0.0106172,0.360944,21568.7
603866.SH,20260821,20500.0,4.22,86510.0,4.22,0.00128147,0.185749,159972.0
603863.SH,20260821,7800.0,12.4,96720.0,12.49,0.00381139,0.159931,20465.0
603861.SH,20260821,16600.0,11.75,195050.0,11.86,0.00314045,0.201868,52858.6
603860.SH,20260821,11800.0,26.08,307744.0,26.33,0.0176965,1.53945,6668.0
603859.SH,20260821,17900.0,38.0,680200.0,38.08,0.00731515,0.29455,24469.8
603858.SH,20260821,79100.0,16.01,1266391.0,16.19,0.0075007,0.882779,105457.0
603856.SH,20260821,12000.0,11.39,136680.0,11.46,0.00425447,0.389095,28205.6
603855.SH,20260821,1700.0,16.02,27234.0,16.02,0.000506657,0.142951,33553.2
603848.SH,20260821,157500.0,13.68,2154600.0,13.66,0.0391395,2.55293,40240.7
603843.SH,20260821,6600.0,6.93,45738.0,6.89,0.000943365,0.0535994,69962.3
603839.SH,20260821,7700.0,7.11,54747.0,7.18,0.00198958,0.228822,38701.6
603838.SH,20260821,56500.0,10.6,598900.0,10.65,0.0176554,1.70597,32001.6
603836.SH,20260821,17600.0,8.99,158224.0,9.02,0.00630984,0.627896,27892.9
603833.SH,20260821,43700.0,32.4,1415880.0,32.57,0.00721447,0.89768,60572.7
603829.SH,20260821,7100.0,15.11,107281.0,15.03,0.00381175,0.224994,18626.6
603828.SH,20260821,192200.0,5.08,976376.0,4.98,0.0322516,5.20899,59594.0
603826.SH,20260821,9100.0,16.8,152880.0,16.73,0.00106838,0.147543,85176.0
603825.SH,20260821,6000.0,7.89,47340.0,7.98,0.00236839,0.351673,25333.7
603823.SH,20260821,132800.0,88.1,11699680.0,86.39,0.0318949,0.610543,41636.8
603880.SH,20260821,89700.0,8.3,744510.0,8.2,0.0310336,0.418441,28904.2
603882.SH,20260821,384200.0,30.3,11641260.0,30.76,0.0834973,4.10842,46013.5
603927.SH,20260821,18100.0,13.25,239825.0,13.26,0.00217799,0.168547,83104.0
603883.SH,20260821,128300.0,13.12,1683296.0,13.27,0.0169063,0.580905,75889.0
603926.SH,20260821,21500.0,15.55,334325.0,15.34,0.00931387,0.47454,23083.9
603922.SH,20260821,100.0,13.04,1304.0,13.33,5.58036e-05,0.00486348,17920.0
603920.SH,20260821,31200.0,37.8,1179360.0,38.13,0.00432977,0.0993336,72059.2
603919.SH,20260821,94500.0,16.55,1563975.0,16.71,0.0186295,1.04734,50726.0
603918.SH,20260821,29700.0,9.96,295812.0,10.07,0.00813459,0.165251,36510.8
603917.SH,20260821,4300.0,12.39,53277.0,12.25,0.0021095,0.198149,20384.0
603916.SH,20260821,76200.0,11.64,886968.0,11.76,0.0181287,0.417599,42032.8
603915.SH,20260821,10200.0,13.12,133824.0,13.15,0.00155338,0.176017,65663.2
603912.SH,20260821,304000.0,8.32,2529280.0,8.36,0.0560548,0.702504,54232.6
603909.SH,20260821,50800.0,9.64,489712.0,9.68,0.019488,2.71277,26067.3
603908.SH,20260821,18200.0,18.96,345072.0,19.11,0.0195432,1.83496,9312.7
603906.SH,20260821,35100.0,18.87,662337.0,18.9,0.0062345,0.153968,56299.6
603903.SH,20260821,20100.0,14.55,292455.0,14.55,0.00787249,0.143434,25531.9
603901.SH,20260821,45200.0,9.27,419004.0,9.36,0.00794517,0.580848,56889.9
603900.SH,20260821,33600.0,6.19,207984.0,6.19,0.00980381,0.523892,34272.4
603899.SH,20260821,11400.0,22.71,258894.0,22.76,0.00124482,0.406891,91579.5
603898.SH,20260821,11200.0,11.26,126112.0,11.25,0.00373048,0.250652,30022.9
603897.SH,20260821,144600.0,29.5,4265700.0,29.87,0.070046,0.714724,20643.6
603896.SH,20260821,14400.0,15.31,220464.0,15.41,0.00726378,0.784887,19824.4
603895.SH,20260821,6900.0,24.8,171120.0,24.8,0.00638416,0.371763,10808.0
603893.SH,20260821,33200.0,181.18,6015176.0,182.65,0.00784704,0.208484,42309.0
603890.SH,20260821,138442.0,17.65,2443501.0,17.74,0.029132,0.241138,47522.3
603889.SH,20260821,3000.0,5.69,17070.0,5.69,0.000318425,0.0527894,94213.7
603888.SH,20260821,20700.0,15.99,330993.0,16.01,0.00278896,0.309325,74221.2
603887.SH,20260821,313000.0,8.9,2785700.0,9.1,0.0519908,0.372837,60202.9
603886.SH,20260821,78300.0,12.18,953694.0,12.36,0.032625,0.655207,24000.0
603885.SH,20260821,44000.0,10.48,461120.0,10.53,0.00202858,0.494411,216901.0
605069.SH,20260821,18800.0,10.35,194580.0,10.43,0.00888058,0.503157,21169.8
605077.SH,20260821,7235.0,10.92,79006.0,11.03,0.00241626,0.192655,29943.0
605080.SH,20260821,343000.0,21.43,7350490.0,22.34,0.244387,10.766,14035.1
688002.SH,20260821,47140.0,161.0,7589540.0,159.88,0.0101257,0.354073,46555.0
605599.SH,20260821,28700.0,16.18,464366.0,15.79,0.00369,0.38854,77777.8
605598.SH,20260821,11900.0,26.34,313446.0,26.23,0.00489678,0.28952,24301.7
605589.SH,20260821,87000.0,37.74,3283380.0,38.16,0.0102847,0.191684,84591.9
605588.SH,20260821,2600.0,47.99,124774.0,47.4,0.00355679,0.20893,7309.96
605580.SH,20260821,3900.0,17.67,68913.0,17.71,0.00139286,0.098942,28000.0
605577.SH,20260821,65100.0,9.9,644490.0,9.95,0.0146475,0.66735,44444.4
605567.SH,20260821,16800.0,9.15,153720.0,9.15,0.0084,0.638551,20000.0
605566.SH,20260821,2800.0,25.48,71344.0,25.54,0.00209989,0.0997078,13334.0
605555.SH,20260821,8300.0,11.88,98604.0,11.94,0.00171463,0.217828,48406.9
605507.SH,20260821,32300.0,15.91,513893.0,16.0,0.00412857,0.564307,78235.3
605500.SH,20260821,23400.0,6.93,162162.0,6.95,0.00564672,0.64341,41440.0
605499.SH,20260821,19495.0,122.05,2379365.0,123.07,0.0028838,0.291344,67601.7
605488.SH,20260821,52400.0,29.07,1523268.0,29.25,0.018987,0.703955,27597.8
605399.SH,20260821,6400.0,10.55,67520.0,10.67,0.00205758,0.202607,31104.4
605398.SH,20260821,4500.0,20.02,90090.0,20.24,0.00276555,0.204964,16271.6
605389.SH,20260821,2700.0,69.02,186354.0,69.72,0.00152416,0.280132,17714.7
605388.SH,20260821,25300.0,6.08,153824.0,6.05,0.00421327,0.129915,60048.4
605378.SH,20260821,3800.0,14.33,54454.0,14.11,0.00145401,0.21633,26134.6
605377.SH,20260821,25000.0,8.87,221750.0,8.88,0.00449099,0.344322,55667.0
605376.SH,20260821,73400.0,148.01,10863934.0,148.02,0.0280581,0.498769,26160.0
605369.SH,20260821,17300.0,17.71,306383.0,17.71,0.00787068,1.1252,21980.3
605368.SH,20260821,14100.0,6.72,94752.0,6.73,0.00197303,0.374246,71463.6
605366.SH,20260821,18100.0,8.04,145524.0,8.03,0.00234205,0.0916661,77282.8
605365.SH,20260821,11700.0,13.79,161343.0,13.79,0.00233062,0.349744,50201.3
605358.SH,20260821,245900.0,43.44,10681896.0,43.85,0.0318441,0.415324,77219.9
605339.SH,20260821,74600.0,13.62,1016052.0,14.04,0.0175823,1.62246,42429.1
605338.SH,20260821,49100.0,19.4,952540.0,20.0,0.0204953,1.87909,23956.7
688001.SH,20260821,22539.0,52.59,1185326.0,53.32,0.00477961,0.188634,47156.6
688003.SH,20260821,21506.0,86.28,1855538.0,87.16,0.011041,0.229666,19478.2
605086.SH,20260821,16800.0,23.94,402192.0,24.24,0.009375,1.19287,17920.0
688004.SH,20260821,3933.0,21.3099,83812.0,21.7,0.00491085,0.128117,8008.8
688033.SH,20260821,3900.0,5.94,23166.0,5.94,0.000693705,0.100849,56219.9
688032.SH,20260821,0.0,,0.0,75.7,0.0,0.0,12407.4
688031.SH,20260821,6383.0,105.7,674683.0,106.35,0.00526929,0.098578,12113.6
688030.SH,20260821,2300.0,16.57,38111.0,16.5,0.00127611,0.0684007,18023.6
688029.SH,20260821,9267.0,75.0,695025.0,75.62,0.00493326,0.368545,18784.7
688028.SH,20260821,14100.0,90.23,1272243.0,89.0,0.0093409,0.192499,15094.9
688027.SH,20260821,14550.0,374.83,5453777.0,386.2,0.0181028,0.994267,8037.44
688026.SH,20260821,41227.0,16.4,676123.0,16.67,0.0293808,0.597212,14032.0
688025.SH,20260821,9661.0,407.01,3932124.0,408.9,0.0101642,0.220065,9504.94
688023.SH,20260821,0.0,,0.0,38.42,0.0,0.0,10217.5
688022.SH,20260821,31400.0,8.28,259992.0,8.38,0.0178533,1.52928,17587.8
688021.SH,20260821,4440.0,21.0,93240.0,21.17,0.00581047,0.364513,7641.37
688020.SH,20260821,7957.0,126.48,1006401.0,127.7,0.0096562,0.162432,8240.3
688019.SH,20260821,10396.0,248.98,2588396.0,248.41,0.00455253,0.132084,22835.7
688018.SH,20260821,3341.0,111.32,371920.0,112.2,0.00142544,0.0742849,23438.4
688017.SH,20260821,78357.0,303.0,23742171.0,310.0,0.0427409,0.696288,18333.0
688016.SH,20260821,8439.0,93.5001,789047.0,93.52,0.00684639,0.524385,12326.2
688015.SH,20260821,0.0,,0.0,15.74,0.0,0.0,18868.1
688013.SH,20260821,7516.0,26.1601,196619.0,26.4,0.00926122,0.63622,8115.56
688012.SH,20260821,101558.0,365.9,37160072.0,365.5,0.0107788,0.484886,94219.7
688011.SH,20260821,1100.0,78.98,86878.0,78.67,0.00110929,0.0423384,9916.25
688010.SH,20260821,5400.0,25.95,140130.0,26.18,0.0033632,0.138897,16056.2
688009.SH,20260821,117635.0,4.94,581117.0,4.95,0.00136451,0.501796,862102.0
688008.SH,20260821,88481.0,200.22,17715666.0,199.11,0.00772919,0.215528,114476.0
688007.SH,20260821,16800.0,10.55,177240.0,10.66,0.00365523,0.327882,45961.6
688006.SH,20260821,47943.0,22.74,1090224.0,22.88,0.00794189,0.284167,60367.2
688005.SH,20260821,23982.0,26.08,625451.0,26.18,0.00335592,0.219371,71461.9
605337.SH,20260821,60100.0,9.5,570950.0,9.64,0.015505,1.22152,38761.7
605336.SH,20260821,11300.0,10.62,120006.0,10.79,0.00616098,0.488488,18341.2
605333.SH,20260821,38000.0,17.78,675640.0,17.81,0.00818894,0.5982,46404.0
605319.SH,20260821,41100.0,23.89,981879.0,24.06,0.0118052,1.49042,34815.2
605178.SH,20260821,2300.0,65.19,149937.0,65.68,0.00232136,0.0490787,9908.0
605177.SH,20260821,78700.0,20.19,1588953.0,20.77,0.0692463,1.42489,11365.2
605169.SH,20260821,10300.0,10.98,113094.0,10.97,0.00364112,0.183482,28288.0
605168.SH,20260821,58700.0,47.03,2760661.0,47.01,0.0278441,0.92993,21081.7
605167.SH,20260821,53500.0,15.25,815875.0,15.4,0.0104921,0.532904,50990.8
605166.SH,20260821,35200.0,8.39,295328.0,8.37,0.011184,0.586467,31473.4
605162.SH,20260821,216800.0,8.99,1949032.0,9.01,0.048956,0.803314,44284.6
605158.SH,20260821,10900.0,7.31,79679.0,7.3,0.00213132,0.351434,51142.0
605155.SH,20260821,5100.0,14.04,71604.0,14.04,0.00272104,0.212129,18742.8
605151.SH,20260821,11700.0,19.27,225459.0,19.27,0.00869538,0.80713,13455.4
605138.SH,20260821,14200.0,5.89,83638.0,5.89,0.00255593,0.426566,55557.2
605136.SH,20260821,67800.0,8.27,560706.0,8.26,0.0169306,0.618056,40045.9
605133.SH,20260821,38900.0,27.84,1082976.0,27.7,0.0137886,0.399756,28211.8
605128.SH,20260821,13300.0,23.25,309225.0,23.33,0.00423585,0.212741,31398.7
605123.SH,20260821,5400.0,74.32,401328.0,75.08,0.00445652,0.20813,12117.1
605122.SH,20260821,7800.0,11.64,90792.0,11.7,0.00452557,0.258326,17235.4
605118.SH,20260821,4900.0,28.97,141953.0,29.0,0.00119843,0.18964,40886.9
605117.SH,20260821,25300.0,93.56,2367068.0,93.73,0.00198707,0.178394,127323.0
605116.SH,20260821,231200.0,21.33,4931496.0,22.0,0.0569201,5.24992,40618.3
605111.SH,20260821,52000.0,59.67,3102840.0,59.45,0.0125201,0.21541,41533.3
605108.SH,20260821,6800.0,12.81,87108.0,12.61,0.00261538,0.331304,26000.0
605100.SH,20260821,10900.0,32.74,356866.0,32.51,0.00458166,0.254864,23790.5
605099.SH,20260821,2700.0,33.14,89478.0,33.34,0.000671431,0.275688,40212.6
605098.SH,20260821,700.0,55.52,38864.0,55.52,0.000586997,0.048698,11925.1
605090.SH,20260821,81900.0,34.96,2863224.0,35.06,0.0116027,0.392834,70587.2
605089.SH,20260821,3700.0,20.18,74666.0,20.34,0.00268116,0.390416,13800.0
605088.SH,20260821,3100.0,20.75,64325.0,20.9,0.0015408,0.0925865,20119.4
605179.SH,20260821,739600.0,31.56,23341776.0,35.05,0.184439,2.32777,40100.0
605180.SH,20260821,94600.0,12.54,1186284.0,12.53,0.0559763,1.14296,16900.0
605183.SH,20260821,2600.0,14.54,37804.0,14.54,0.000630411,0.247731,41242.9
605268.SH,20260821,50200.0,9.4,471880.0,9.45,0.0113948,0.772685,44055.0
605318.SH,20260821,2800.0,74.0,207200.0,75.05,0.00222701,0.161491,12572.9
605305.SH,20260821,7600.0,36.96,280896.0,37.08,0.00357613,0.239359,21252.0
605303.SH,20260821,1600.0,20.9,33440.0,20.7,0.000992326,0.0607729,16123.7
605300.SH,20260821,15400.0,9.85,151690.0,9.75,0.00338909,0.436039,45439.9
605299.SH,20260821,41800.0,12.5,522500.0,12.57,0.0102537,0.407043,40765.9
605298.SH,20260821,0.0,,0.0,46.37,0.0,0.0,18625.1
605296.SH,20260821,20900.0,30.7,641630.0,30.42,0.00403487,0.717715,51798.4
605289.SH,20260821,8900.0,106.8,950520.0,107.21,0.00583668,0.219827,15248.4
605288.SH,20260821,3900.0,54.92,214188.0,54.92,0.00396832,0.197033,9827.85
605287.SH,20260821,10100.0,39.27,396627.0,39.27,0.00721429,0.295646,14000.0
605286.SH,20260821,78700.0,24.62,1937594.0,25.28,0.0468452,0.660261,16800.0
605277.SH,20260821,10800.0,14.69,158652.0,14.77,0.00279651,0.202935,38619.6
605266.SH,20260821,5900.0,16.76,98884.0,16.9,0.00381771,0.340483,15454.3
605186.SH,20260821,3300.0,26.24,86592.0,26.36,0.00242647,0.141386,13600.0
605259.SH,20260821,53700.0,17.2,923640.0,17.8,0.031134,6.35548,17248.0
605258.SH,20260821,8300.0,26.88,223104.0,26.97,0.00943182,0.628588,8800.0
605255.SH,20260821,8400.0,65.5,550200.0,65.78,0.00626492,0.837111,13408.0
605228.SH,20260821,21100.0,10.41,219651.0,10.48,0.00442223,0.495454,47713.5
605222.SH,20260821,7200.0,19.6,141120.0,19.63,0.00174373,0.094276,41290.8
605218.SH,20260821,13800.0,14.57,201066.0,14.7,0.00648394,0.518489,21283.3
605208.SH,20260821,178800.0,14.11,2522868.0,14.04,0.0541917,1.61746,32994.0
605199.SH,20260821,18300.0,5.85,107055.0,5.89,0.00457376,1.44265,40010.9
605198.SH,20260821,7800.0,58.65,457470.0,60.03,0.00288317,0.230657,27053.6
605196.SH,20260821,21800.0,34.47,751446.0,34.1,0.00429683,0.182891,50735.1
605189.SH,20260821,38700.0,14.21,549927.0,14.31,0.0162445,0.278682,23823.5
605188.SH,20260821,9600.0,12.32,118272.0,12.47,0.00189071,0.167604,50774.6
603020.SH,20260821,38200.0,9.95,380090.0,10.05,0.0101694,0.641514,37563.8
603019.SH,20260821,97500.0,83.88,8178300.0,84.34,0.00666414,0.225228,146305.0
603018.SH,20260821,10580.0,5.22996,55333.0,5.24,0.00129159,0.165501,81914.8
600476.SH,20260821,1400.0,9.31,13034.0,9.37,0.000869187,0.123318,16107.0
600470.SH,20260821,101300.0,5.5,557150.0,5.53,0.019421,0.28981,52160.0
600469.SH,20260821,71400.0,5.2,371280.0,5.22,0.00843733,1.08812,84623.9
600468.SH,20260821,45100.0,5.86,264286.0,5.87,0.00414623,0.218789,108774.0
600467.SH,20260821,67800.0,2.36,160008.0,2.37,0.00464068,0.191666,146099.0
600463.SH,20260821,5100.0,8.1,41310.0,8.15,0.0017,0.180341,30000.0
600461.SH,20260821,51500.0,8.92,459380.0,8.9,0.00401041,0.654553,128416.0
600460.SH,20260821,832000.0,32.22,26807040.0,32.63,0.0499978,0.664381,166407.0
600459.SH,20260821,499300.0,21.2,10585160.0,21.3,0.0657228,1.16863,75970.6
600458.SH,20260821,174000.0,11.56,2011440.0,11.66,0.0200191,0.893417,86916.9
600456.SH,20260821,19700.0,26.3,518110.0,26.38,0.00412326,0.374882,47777.8
600455.SH,20260821,8200.0,24.13,197866.0,24.3,0.0131288,0.619586,6245.8
600452.SH,20260821,419200.0,9.21,3860832.0,9.19,0.027282,1.53574,153654.0
600449.SH,20260821,64500.0,11.81,761745.0,11.96,0.0134886,0.377061,47818.1
600448.SH,20260821,36500.0,2.91,106215.0,2.93,0.00579531,0.357709,62982.0
600446.SH,20260821,69000.0,10.44,720360.0,10.49,0.00733054,0.49121,94126.8
600444.SH,20260821,43500.0,13.96,607260.0,14.18,0.0297087,0.914576,14642.2
600439.SH,20260821,121500.0,1.84,223560.0,1.85,0.0107334,0.846726,113199.0
600438.SH,20260821,193000.0,12.3,2373900.0,12.32,0.00428699,0.386101,450199.0
600436.SH,20260821,32763.0,128.0,4193664.0,129.65,0.00543048,0.767522,60331.7
600435.SH,20260821,66500.0,10.54,700910.0,10.6,0.00439711,0.171142,151236.0
600433.SH,20260821,82700.0,3.27,270429.0,3.3,0.00472496,0.231432,175028.0
600429.SH,20260821,25700.0,4.56,117192.0,4.6,0.00171613,0.158341,149756.0
600428.SH,20260821,245900.0,11.51,2830309.0,11.48,0.0100561,0.567224,244529.0
600426.SH,20260821,151100.0,20.78,3139858.0,20.86,0.00549539,0.431763,274958.0
600425.SH,20260821,15600.0,3.58,55848.0,3.59,0.000972142,0.11457,160470.0
600423.SH,20260821,500.0,2.81,1405.0,2.81,6.26021e-05,0.0117338,79869.5
600422.SH,20260821,51400.0,8.76,450264.0,8.81,0.00679018,0.384301,75697.6
600475.SH,20260821,27700.0,14.76,408852.0,14.9,0.00293779,0.160025,94288.6
600477.SH,20260821,106900.0,2.38,254422.0,2.39,0.00453164,0.310141,235897.0
600419.SH,20260821,31900.0,8.83,281677.0,8.89,0.0101104,0.485313,31551.5
600478.SH,20260821,36600.0,4.8,175680.0,4.8,0.00216067,0.176434,169392.0
600510.SH,20260821,3200.0,6.51,20832.0,6.51,0.00031007,0.0522647,103203.0
600509.SH,20260821,46400.0,7.25,336400.0,7.25,0.00337603,0.207782,137440.0
600508.SH,20260821,37500.0,8.78,329250.0,8.8,0.00370625,0.437972,101181.0
600507.SH,20260821,58400.0,4.22,246448.0,4.2,0.00252465,0.287706,231319.0
600506.SH,20260821,9200.0,14.53,133676.0,14.61,0.00368553,0.233095,24962.5
600505.SH,20260821,22900.0,10.33,236557.0,10.44,0.00628142,0.323083,36456.8
600503.SH,20260821,265700.0,2.18,579226.0,2.18,0.0165825,1.00724,160229.0
600502.SH,20260821,111000.0,4.47,496170.0,4.47,0.00646652,0.509429,171653.0
600501.SH,20260821,13200.0,14.0,184800.0,13.91,0.00308538,0.205603,42782.4
600500.SH,20260821,579100.0,5.07,2936037.0,5.09,0.0161385,0.383091,358831.0
600499.SH,20260821,79900.0,13.84,1105816.0,13.83,0.00416611,0.301474,191786.0
600498.SH,20260821,207900.0,38.0,7900200.0,38.5,0.0163492,0.222466,127162.0
600497.SH,20260821,692500.0,9.8,6786500.0,9.75,0.013739,0.579628,504038.0
600496.SH,20260821,88800.0,3.34,296592.0,3.38,0.00446203,0.256712,199013.0
600495.SH,20260821,44800.0,4.09,183232.0,4.13,0.00370802,0.321916,120819.0
600493.SH,20260821,27900.0,6.06,169074.0,6.04,0.0102574,0.54646,27200.0
600491.SH,20260821,3917698.0,1.67,6542556.0,1.71,0.256099,2.67067,152976.0
600490.SH,20260821,290600.0,7.35,2135910.0,7.25,0.0145838,0.573221,199262.0
600489.SH,20260821,1176600.0,26.79,31521114.0,26.37,0.0242732,1.35072,484731.0
600488.SH,20260821,627900.0,5.76,3616704.0,5.91,0.057506,0.775014,109189.0
600487.SH,20260821,898300.0,60.89,54697487.0,62.02,0.0366108,0.344829,245365.0
600486.SH,20260821,5400.0,55.39,299106.0,55.5,0.00133626,0.110311,40411.2
600483.SH,20260821,35300.0,10.25,361825.0,10.25,0.00126972,0.287282,278015.0
600482.SH,20260821,8600.0,31.03,266858.0,31.31,0.000379148,0.0468495,226825.0
600481.SH,20260821,252400.0,4.15,1047460.0,4.16,0.0122275,0.630442,206420.0
600480.SH,20260821,35100.0,8.35,293085.0,8.34,0.00289321,0.282224,121319.0
600479.SH,20260821,53200.0,10.0,532000.0,10.07,0.0127119,0.812286,41850.7
600420.SH,20260821,571900.0,8.8,5032720.0,8.8,0.0426418,4.60459,134117.0
600418.SH,20260821,370000.0,21.12,7814400.0,21.12,0.016414,0.51509,225418.0
600512.SH,20260821,233900.0,2.03,474817.0,2.04,0.0147347,1.27477,158741.0
600372.SH,20260821,43600.0,10.88,474368.0,10.9,0.000901032,0.210685,483890.0
600370.SH,20260821,265400.0,1.45,384830.0,1.47,0.00659762,1.54798,402266.0
600369.SH,20260821,78000.0,4.01,312780.0,4.01,0.0011738,0.271796,664511.0
600368.SH,20260821,3166200.0,4.1,12981420.0,3.96,0.196701,24.716,160965.0
600367.SH,20260821,466100.0,34.17,15926637.0,35.89,0.144764,0.864186,32197.3
600366.SH,20260821,119800.0,11.65,1395670.0,11.75,0.0109004,0.25027,109904.0
600365.SH,20260821,3300.0,2.76,9108.0,2.77,0.000772327,0.182041,42728.0
600363.SH,20260821,145000.0,18.18,2636100.0,18.36,0.0321587,0.343918,45088.8
600362.SH,20260821,203700.0,44.86,9137982.0,44.57,0.0098157,0.364845,207525.0
600361.SH,20260821,130600.0,3.62,472772.0,3.62,0.00349884,0.41909,373266.0
600360.SH,20260821,273700.0,10.7,2928590.0,10.89,0.0285016,0.419843,96029.5
600359.SH,20260821,198200.0,6.63,1314066.0,6.63,0.0519511,0.890124,38151.3
600358.SH,20260821,5300.0,5.08,26924.0,5.07,0.00104964,0.133435,50493.7
600356.SH,20260821,21100.0,8.87,187157.0,8.9,0.0070632,0.520102,29873.1
600354.SH,20260821,941100.0,6.76,6361836.0,6.84,0.178305,0.945854,52780.2
600353.SH,20260821,599700.0,34.8,20869560.0,34.8,0.0723566,0.790329,82881.1
600352.SH,20260821,82300.0,12.82,1055086.0,12.91,0.00252971,0.170868,325333.0
600351.SH,20260821,128100.0,7.07,905667.0,7.15,0.0185116,0.386189,69200.0
600350.SH,20260821,43591.0,10.54,459449.0,10.51,0.000901652,0.357148,483457.0
600348.SH,20260821,68200.0,8.84,602888.0,8.88,0.00189051,0.233574,360750.0
600346.SH,20260821,111500.0,18.8,2096200.0,18.84,0.00158401,0.267342,703910.0
600345.SH,20260821,24700.0,45.9,1133730.0,46.0,0.0116752,0.331622,21155.9
600343.SH,20260821,108100.0,18.07,1953367.0,18.04,0.0169381,0.376089,63820.6
600340.SH,20260821,484300.0,1.08,523044.0,1.09,0.0124391,1.44654,389336.0
600339.SH,20260821,284300.0,3.36,955248.0,3.34,0.00509211,0.45772,558315.0
600338.SH,20260821,73900.0,13.15,971785.0,13.1,0.00808348,0.23079,91421.0
600337.SH,20260821,59200.0,3.1,183520.0,3.12,0.0041197,0.367457,143700.0
600336.SH,20260821,7200.0,6.17,44424.0,6.17,0.000902239,0.135013,79801.5
600371.SH,20260821,822900.0,8.11,6673719.0,8.6,0.281258,3.09257,29257.8
600373.SH,20260821,33200.0,7.05,234060.0,7.05,0.00246408,0.343692,134736.0
600416.SH,20260821,29400.0,8.41,247254.0,8.42,0.00199216,0.198478,147578.0
600375.SH,20260821,81000.0,3.94,319140.0,3.94,0.00553776,0.502838,146269.0
600415.SH,20260821,621900.0,12.58,7823502.0,12.58,0.0113412,0.637196,548356.0
600410.SH,20260821,84400.0,13.42,1132648.0,13.56,0.00769726,0.149865,109649.0
600409.SH,20260821,54200.0,6.65,360430.0,6.65,0.00262552,0.2254,206435.0
600408.SH,20260821,1156000.0,2.72,3144320.0,2.81,0.114819,1.39738,100680.0
600406.SH,20260821,246000.0,23.05,5670300.0,23.07,0.00307186,0.565446,800818.0
600405.SH,20260821,118500.0,4.59,543915.0,4.51,0.0193365,1.11225,61283.0
600403.SH,20260821,1714400.0,6.89,11812216.0,7.11,0.0717078,1.42052,239081.0
600400.SH,20260821,132800.0,3.05,405040.0,3.04,0.00579565,0.214759,229137.0
600399.SH,20260821,96500.0,4.23,408195.0,4.25,0.00489326,0.304895,197210.0
600398.SH,20260821,106400.0,6.01,639464.0,6.01,0.00221539,0.403517,480277.0
600397.SH,20260821,601100.0,16.37,9840007.0,16.49,0.0607196,0.545941,98996.0
600396.SH,20260821,518800.0,14.45,7496660.0,14.67,0.0352276,0.244688,147271.0
600395.SH,20260821,172200.0,5.25,904050.0,5.25,0.00802189,0.4919,214662.0
600392.SH,20260821,398200.0,22.0,8760400.0,22.28,0.0227176,0.566714,175283.0
600391.SH,20260821,14200.0,29.64,420888.0,29.69,0.00430134,0.177961,33012.9
600390.SH,20260821,73700.0,4.82,355234.0,4.81,0.00163848,0.279497,449807.0
600389.SH,20260821,20000.0,18.45,369000.0,18.46,0.00464414,0.162516,43065.0
600388.SH,20260821,42600.0,17.59,749334.0,17.4,0.00335421,0.325687,127005.0
600386.SH,20260821,24400.0,3.39,82716.0,3.38,0.00302579,0.376376,80640.0
600383.SH,20260821,1796500.0,2.25,4042125.0,2.27,0.0397933,2.08691,451458.0
600382.SH,20260821,109900.0,6.21,682479.0,6.25,0.0158264,0.90585,69440.8
600381.SH,20260821,254800.0,4.8,1223040.0,4.91,0.0434027,3.6532,58706.1
600380.SH,20260821,72600.0,10.3,747780.0,10.37,0.0039684,0.388443,182945.0
600379.SH,20260821,34900.0,14.39,502211.0,14.45,0.0105693,0.180086,33020.2
600378.SH,20260821,144700.0,44.78,6479666.0,44.54,0.013491,0.274039,107257.0
600377.SH,20260821,59801.0,12.03,719406.0,12.02,0.00157281,0.842126,380218.0
600376.SH,20260821,1049800.0,3.4,3569320.0,3.51,0.0406968,0.687792,257957.0
600511.SH,20260821,23800.0,26.73,636174.0,26.84,0.0043011,0.492224,55334.6
600513.SH,20260821,205600.0,17.26,3548656.0,17.45,0.072025,0.904394,28545.6
603017.SH,20260821,10200.0,9.44,96288.0,9.5,0.00369311,0.213462,27619.0
600623.SH,20260821,52200.0,8.2,428040.0,8.21,0.00278246,0.500064,187603.0
600621.SH,20260821,31500.0,12.73,400995.0,12.78,0.00296918,0.403582,106090.0
600620.SH,20260821,74900.0,4.35,325815.0,4.41,0.0109076,1.44323,68667.7
600619.SH,20260821,79100.0,13.83,1093953.0,13.79,0.0100231,0.39909,78917.5
600618.SH,20260821,9400.0,10.11,95034.0,10.11,0.0012536,0.170857,74984.0
600617.SH,20260821,76100.0,3.36,255696.0,3.35,0.00428601,0.229632,177554.0
600616.SH,20260821,12700.0,4.3,54610.0,4.31,0.00189834,0.145533,66900.5
600615.SH,20260821,10500.0,9.3,97650.0,9.31,0.00466115,0.57045,22526.6
600613.SH,20260821,9496400.0,7.7,73122280.0,8.56,1.98122,13.6936,47932.0
600612.SH,20260821,18900.0,35.14,664146.0,34.96,0.00596008,0.936909,31711.0
600611.SH,20260821,313000.0,4.42,1383460.0,4.46,0.0200215,0.303537,156332.0
600610.SH,20260821,1389900.0,7.64,10618836.0,8.02,0.196112,3.70554,70872.7
600609.SH,20260821,177300.0,3.22,570906.0,3.24,0.0135908,0.983544,130456.0
600606.SH,20260821,3596000.0,1.27,4566920.0,1.28,0.0255866,3.73813,1405420.0
600605.SH,20260821,2400.0,24.24,58176.0,24.49,0.00116345,0.0870924,20628.2
600604.SH,20260821,295400.0,4.51,1332254.0,4.56,0.0209882,0.787739,140745.0
600603.SH,20260821,29600.0,4.63,137048.0,4.68,0.00256544,0.162039,115380.0
600602.SH,20260821,142100.0,18.62,2645902.0,18.97,0.0132272,0.212853,107430.0
600601.SH,20260821,175900.0,12.25,2154775.0,12.32,0.00421793,0.100237,417029.0
600600.SH,20260821,14700.0,51.45,756315.0,51.44,0.00207297,0.313843,70912.6
600598.SH,20260821,849000.0,13.15,11164350.0,13.31,0.0477589,1.01951,177768.0
600597.SH,20260821,38800.0,6.77,262676.0,6.77,0.00281474,0.370975,137846.0
600596.SH,20260821,145300.0,10.53,1530009.0,10.53,0.0107662,0.446929,134960.0
600595.SH,20260821,697100.0,6.03,4203513.0,5.98,0.0173931,0.814042,400790.0
600594.SH,20260821,666400.0,3.83,2552312.0,3.88,0.0849573,1.85735,78439.4
600593.SH,20260821,23500.0,40.0,940000.0,40.06,0.0182453,0.586904,12880.0
600592.SH,20260821,2700.0,13.74,37098.0,13.81,0.000675754,0.0359678,39955.4
600590.SH,20260821,194100.0,8.1,1572210.0,8.18,0.0230094,0.664664,84357.0
600622.SH,20260821,922900.0,2.25,2076525.0,2.26,0.0615396,4.55168,149969.0
600624.SH,20260821,10100.0,4.17,42117.0,4.18,0.00148672,0.220461,67934.7
600588.SH,20260821,203100.0,10.76,2185356.0,10.88,0.00594381,0.338403,341700.0
600626.SH,20260821,16200.0,3.54,57348.0,3.55,0.00122658,0.19858,132074.0
600663.SH,20260821,127500.0,9.5,1211250.0,9.55,0.00324063,0.594942,393442.0
600662.SH,20260821,56200.0,4.25,238850.0,4.28,0.00246842,0.522263,227676.0
600661.SH,20260821,7100.0,8.71,61841.0,8.79,0.00247776,0.0703195,28654.9
600660.SH,20260821,33200.0,57.82,1919624.0,57.82,0.00165753,0.216035,200299.0
600658.SH,20260821,26700.0,3.97,105999.0,4.01,0.00238694,0.230173,111859.0
600657.SH,20260821,755500.0,2.64,1994520.0,2.68,0.0264913,2.9481,285188.0
600655.SH,20260821,53400.0,4.61,246174.0,4.61,0.0013728,0.48868,388985.0
600654.SH,20260821,191200.0,2.84,543008.0,2.85,0.00825051,0.373259,231743.0
600653.SH,20260821,43300.0,1.66,71878.0,1.66,0.00222464,0.280981,194638.0
600651.SH,20260821,66200.0,5.67,375354.0,5.69,0.00264058,0.431912,250703.0
600650.SH,20260821,6400.0,10.3,65920.0,10.36,0.00163867,0.170637,39056.0
600649.SH,20260821,3413745.0,3.98,13586705.0,4.16,0.136999,8.03133,249180.0
600648.SH,20260821,27600.0,9.01,248676.0,9.09,0.0024258,1.44729,113777.0
600645.SH,20260821,411900.0,20.5,8443950.0,21.08,0.0880561,1.14183,46777.0
600644.SH,20260821,54200.0,8.84,479128.0,8.87,0.00937196,0.196586,57832.1
600643.SH,20260821,33900.0,3.93,133227.0,3.92,0.0021316,0.264375,159035.0
600642.SH,20260821,23400.0,8.5,198900.0,8.49,0.000478155,0.104407,489381.0
600641.SH,20260821,377800.0,32.84,12406952.0,32.84,0.0405962,0.486287,93063.0
600640.SH,20260821,14500.0,10.55,152975.0,10.6,0.00183185,0.157546,79155.1
600639.SH,20260821,72800.0,9.51,692328.0,9.56,0.00856232,2.13273,85023.7
600638.SH,20260821,50500.0,4.93,248965.0,4.97,0.00749929,0.510059,67339.7
600637.SH,20260821,108900.0,7.94,864666.0,7.97,0.00323924,0.34829,336190.0
600635.SH,20260821,146300.0,4.49,656887.0,4.49,0.00604847,0.486941,241879.0
600633.SH,20260821,48900.0,10.18,497802.0,10.21,0.00385624,0.226542,126807.0
600630.SH,20260821,85200.0,6.6,562320.0,6.65,0.0200536,1.05031,42486.2
600629.SH,20260821,44100.0,16.55,729855.0,16.55,0.00383543,0.132819,114980.0
600628.SH,20260821,35400.0,6.2,219480.0,6.24,0.00547246,0.486637,64687.5
600589.SH,20260821,219200.0,7.62,1670304.0,7.69,0.0148261,0.294618,147847.0
600587.SH,20260821,45900.0,12.7,582930.0,12.79,0.00756621,0.548806,60664.5
600515.SH,20260821,451500.0,2.84,1282260.0,2.86,0.00492044,0.697753,917601.0
600550.SH,20260821,132300.0,10.91,1443393.0,10.97,0.00718425,0.40631,184153.0
600548.SH,20260821,19800.0,8.28,163944.0,8.28,0.00115491,0.793617,171443.0
600547.SH,20260821,1556900.0,35.85,55814865.0,35.3,0.0430744,1.49053,361444.0
600546.SH,20260821,42900.0,13.0,557700.0,13.08,0.00216398,0.18065,198246.0
600545.SH,20260821,395100.0,4.16,1643616.0,4.15,0.0220984,0.407335,178791.0
600543.SH,20260821,400.0,4.0,1600.0,4.01,0.000124564,0.0244018,32112.0
600540.SH,20260821,202400.0,4.03,815672.0,4.07,0.0348139,0.419696,58137.7
600539.SH,20260821,936200.0,15.36,14380032.0,15.36,0.407043,5.82277,23000.0
600538.SH,20260821,45700.0,5.23,239011.0,5.28,0.00871807,0.353982,52419.8
600537.SH,20260821,9100.0,2.1,19110.0,2.11,0.000768766,0.0500501,118372.0
600536.SH,20260821,365100.0,35.1,12815010.0,35.95,0.0432759,0.799925,84365.6
600535.SH,20260821,46900.0,15.36,720384.0,15.47,0.00313933,0.304959,149395.0
600533.SH,20260821,40200.0,2.17,87234.0,2.17,0.00382857,0.352133,105000.0
600531.SH,20260821,295400.0,13.23,3908142.0,13.09,0.0244281,0.647017,120926.0
600530.SH,20260821,66100.0,3.71,245231.0,3.7,0.00852991,0.978198,77492.0
600529.SH,20260821,38600.0,19.1,737260.0,19.19,0.00581663,0.382339,66361.4
600528.SH,20260821,21700.0,7.03,152551.0,7.01,0.000976795,0.269061,222155.0
600527.SH,20260821,249800.0,2.12,529576.0,2.13,0.0144246,0.689012,173176.0
600526.SH,20260821,162400.0,4.56,740544.0,4.59,0.0186024,1.75086,87300.7
600525.SH,20260821,54400.0,5.54,301376.0,5.57,0.00412502,0.23871,131878.0
600523.SH,20260821,16200.0,11.5,186300.0,11.6,0.00400946,0.231292,40404.5
600522.SH,20260821,574900.0,32.4,18626760.0,32.84,0.0168447,0.194294,341295.0
600521.SH,20260821,433200.0,17.06,7390392.0,17.37,0.028933,0.981263,149725.0
600520.SH,20260821,7900.0,24.54,193866.0,24.55,0.00498643,0.123316,15843.0
600519.SH,20260821,16700.0,1291.5,21568050.0,1291.5,0.00133591,0.397837,125008.0
600518.SH,20260821,2373600.0,1.38,3275568.0,1.39,0.0171722,1.31656,1382240.0
600517.SH,20260821,22160.0,4.91999,109027.0,4.92,0.000387519,0.141679,571844.0
600516.SH,20260821,200700.0,5.08,1019556.0,5.08,0.00498513,0.377775,402597.0
600549.SH,20260821,336300.0,53.82,18099666.0,53.29,0.0216419,0.570944,155393.0
600551.SH,20260821,2700.0,6.94,18738.0,6.98,0.000398198,0.0796476,67805.5
600586.SH,20260821,23000.0,4.14,95220.0,4.14,0.00162276,0.170451,141734.0
600552.SH,20260821,407900.0,17.91,7305489.0,18.05,0.043182,0.562098,94460.7
600585.SH,20260821,97600.0,17.52,1709952.0,17.61,0.00245383,0.571439,397746.0
600584.SH,20260821,916200.0,78.29,71729298.0,79.48,0.0512011,0.619801,178941.0
600583.SH,20260821,449800.0,6.17,2775266.0,6.1,0.0101734,0.554141,442135.0
600582.SH,20260821,54000.0,4.85,261900.0,4.85,0.00130479,0.312197,413859.0
600581.SH,20260821,103300.0,2.25,232425.0,2.26,0.00673887,1.95355,153290.0
600580.SH,20260821,325340.0,30.38,9883829.0,31.0,0.0208868,0.455762,155763.0
600579.SH,20260821,20900.0,6.93,144837.0,7.02,0.00423419,0.369348,49360.1
600578.SH,20260821,254700.0,5.58,1421226.0,5.62,0.00380455,0.179275,669462.0
600577.SH,20260821,111100.0,7.82,868802.0,7.87,0.00497801,0.146186,223181.0
600576.SH,20260821,35200.0,5.38,189376.0,5.44,0.00533018,0.485114,66039.0
600575.SH,20260821,267400.0,3.31,885094.0,3.32,0.00688065,0.776445,388626.0
600573.SH,20260821,25100.0,9.89,248239.0,9.92,0.01004,0.394815,25000.0
600572.SH,20260821,1133000.0,4.45,5041850.0,4.51,0.0447509,0.654819,253179.0
600571.SH,20260821,8200.0,10.14,83148.0,10.22,0.00179136,0.107415,45775.2
600570.SH,20260821,93700.0,21.07,1974259.0,21.25,0.00494812,0.414638,189365.0
600569.SH,20260821,66600.0,1.74,115884.0,1.74,0.0023186,0.507062,287242.0
600568.SH,20260821,4500.0,2.21,9945.0,2.21,0.000269612,0.0538441,166907.0
600567.SH,20260821,291500.0,1.33,387695.0,1.33,0.00469748,0.61879,620546.0
600566.SH,20260821,36800.0,25.09,923312.0,25.11,0.0040057,0.51628,91869.1
600563.SH,20260821,6100.0,127.94,780434.0,128.52,0.00271111,0.115455,22500.0
600562.SH,20260821,14200.0,25.88,367496.0,26.07,0.00114345,0.174674,124186.0
600561.SH,20260821,19400.0,5.67,109998.0,5.72,0.00681954,0.521832,28447.7
600560.SH,20260821,22600.0,10.97,247922.0,11.1,0.0101053,1.19738,22364.6
600559.SH,20260821,30900.0,11.61,358749.0,11.62,0.00337798,0.269876,91474.7
600558.SH,20260821,27100.0,4.7,127370.0,4.72,0.00301915,0.097832,89760.5
600557.SH,20260821,67900.0,12.7,862330.0,12.82,0.0119931,0.620309,56615.9
600556.SH,20260821,93900.0,4.57,429123.0,4.61,0.00519431,0.209047,180775.0
600335.SH,20260821,1291300.0,5.4,6973020.0,5.04,0.0868126,14.3895,148746.0
600333.SH,20260821,8800.0,6.25,55000.0,6.25,0.00144492,0.0916465,60903.1
600332.SH,20260821,64300.0,21.37,1374091.0,21.51,0.00457361,0.715709,140589.0
600126.SH,20260821,1107330.0,6.81,7540917.0,6.97,0.0327885,0.979805,337719.0
600123.SH,20260821,163700.0,7.21,1180277.0,7.27,0.0111116,0.693692,147324.0
600121.SH,20260821,689100.0,3.93,2708163.0,3.97,0.0565572,0.82056,121841.0
600120.SH,20260821,238100.0,4.8,1142880.0,4.8,0.0069714,0.577221,341538.0
600119.SH,20260821,2700.0,4.53,12231.0,4.59,0.000739179,0.109793,36527.0
600118.SH,20260821,850348.0,61.0,51871228.0,61.44,0.0719117,1.70698,118249.0
600117.SH,20260821,89500.0,2.25,201375.0,2.26,0.00274952,0.637811,325512.0
600116.SH,20260821,348200.0,6.29,2190178.0,6.31,0.0182099,2.6287,191214.0
600115.SH,20260821,846400.0,3.45,2920080.0,3.48,0.00497152,0.687303,1702500.0
600114.SH,20260821,69800.0,29.8,2080040.0,29.8,0.0113241,0.398842,61638.3
600113.SH,20260821,52900.0,30.86,1632494.0,30.85,0.0128576,0.555097,41143.1
600111.SH,20260821,587700.0,39.28,23084856.0,39.78,0.016257,0.884355,361507.0
600110.SH,20260821,244200.0,9.7,2368740.0,9.76,0.0140735,0.186077,173518.0
600109.SH,20260821,50500.0,8.5,429250.0,8.5,0.00136289,0.280213,370536.0
600108.SH,20260821,2084200.0,3.38,7044596.0,3.41,0.107051,1.24442,194692.0
600107.SH,20260821,1000.0,5.82,5820.0,5.81,0.000277778,0.0771383,36000.0
600106.SH,20260821,5900.0,4.32,25488.0,4.32,0.000443934,0.0594896,132902.0
600105.SH,20260821,345700.0,38.53,13319821.0,38.85,0.0236458,0.226295,146199.0
600104.SH,20260821,155900.0,10.15,1582385.0,10.18,0.00135621,0.444008,1149530.0
600103.SH,20260821,136100.0,2.85,387885.0,2.87,0.00615189,0.165668,221233.0
600101.SH,20260821,15100.0,7.84,118384.0,7.85,0.00275617,0.181062,54786.2
600100.SH,20260821,66000.0,6.7,442200.0,6.66,0.00196997,0.272707,335030.0
600099.SH,20260821,14900.0,8.91,132759.0,9.0,0.00679993,0.515081,21912.0
600098.SH,20260821,101200.0,6.25,632500.0,6.25,0.00288659,0.614362,350586.0
600097.SH,20260821,31100.0,8.54,265594.0,8.57,0.012908,0.626544,24093.7
600096.SH,20260821,160700.0,29.61,4758327.0,29.83,0.00881518,0.453045,182299.0
600095.SH,20260821,34000.0,7.71,262140.0,7.73,0.00118915,0.141831,285919.0
600094.SH,20260821,75300.0,3.93,295929.0,3.94,0.00354148,0.337489,212623.0
600125.SH,20260821,5200.0,5.45,28340.0,5.46,0.000398308,0.0690811,130552.0
600127.SH,20260821,16173700.0,9.39,151871043.0,8.6,2.52012,18.6438,64178.3
600088.SH,20260821,3400.0,11.4,38760.0,11.45,0.000854902,0.0611472,39770.6
600128.SH,20260821,23700.0,8.25,195525.0,8.26,0.00960418,0.739028,24676.8
600165.SH,20260821,466600.0,3.2,1493120.0,3.23,0.0636637,2.39013,73291.4
600163.SH,20260821,30100.0,4.94,148694.0,4.94,0.00158172,0.193696,190300.0
600162.SH,20260821,2545700.0,4.29,10921053.0,4.19,0.0778874,1.15016,326844.0
600161.SH,20260821,369800.0,12.51,4626198.0,12.7,0.0187016,2.20491,197737.0
600160.SH,20260821,48600.0,38.51,1871586.0,38.7,0.00180017,0.142925,269975.0
600159.SH,20260821,41800.0,2.52,105336.0,2.54,0.00503612,0.302454,83000.3
600158.SH,20260821,49600.0,6.89,341744.0,6.91,0.00516929,0.217228,95951.3
600157.SH,20260821,1826200.0,1.55,2830610.0,1.55,0.00837024,0.623477,2181780.0
600156.SH,20260821,36600.0,7.85,287310.0,7.89,0.00910197,0.220887,40211.1
600155.SH,20260821,63900.0,5.79,369981.0,5.77,0.00288678,0.326708,221354.0
600153.SH,20260821,271100.0,9.25,2507675.0,9.15,0.00934976,1.58833,289954.0
600152.SH,20260821,21000.0,7.8,163800.0,7.84,0.00396916,0.155573,52907.9
600151.SH,20260821,73700.0,9.63,709731.0,9.6,0.00513857,0.22608,143425.0
600150.SH,20260821,384000.0,32.83,12606720.0,32.99,0.00510257,0.638336,752562.0
600149.SH,20260821,324300.0,4.99,1618257.0,5.05,0.0853062,3.68744,38016.0
600148.SH,20260821,4800.0,15.35,73680.0,15.33,0.00339183,0.436622,14151.6
600143.SH,20260821,171100.0,14.02,2398822.0,14.14,0.00649379,0.268426,263483.0
600141.SH,20260821,89300.0,30.58,2730794.0,30.86,0.00743089,0.21545,120174.0
600138.SH,20260821,22400.0,7.05,157920.0,7.05,0.00309461,0.339483,72384.0
600137.SH,20260821,12200.0,17.92,218624.0,17.95,0.0125492,1.1022,9721.76
600136.SH,20260821,62900.0,1.4,88060.0,1.41,0.00323711,0.720788,194309.0
600135.SH,20260821,10800.0,7.19,77652.0,7.25,0.0019519,0.19393,55330.7
600133.SH,20260821,32500.0,8.25,268125.0,8.26,0.00304809,0.197577,106624.0
600132.SH,20260821,39400.0,41.16,1621704.0,41.15,0.00814098,1.09976,48397.1
600131.SH,20260821,14600.0,15.42,225132.0,15.45,0.00122083,0.25669,119591.0
600130.SH,20260821,45900.0,4.28,196452.0,4.31,0.00612,0.212017,75000.0
600129.SH,20260821,696000.0,16.18,11261280.0,16.63,0.12622,1.54465,55141.8
600089.SH,20260821,281800.0,19.92,5613456.0,20.05,0.00557711,0.423005,505279.0
600085.SH,20260821,34200.0,24.35,832770.0,24.44,0.00249367,0.519468,137147.0
600331.SH,20260821,62100.0,12.8,794880.0,12.69,0.0030561,0.138006,203200.0
600038.SH,20260821,9400.0,26.49,249006.0,26.51,0.00140522,0.152431,66893.5
600036.SH,20260821,358300.0,38.8,13902040.0,38.86,0.00173688,0.478793,2062890.0
600035.SH,20260821,145900.0,3.37,491683.0,3.38,0.00906146,1.57445,161012.0
600033.SH,20260821,45100.0,3.55,160105.0,3.55,0.00164335,0.196244,274440.0
600032.SH,20260821,31900.0,6.78,216282.0,6.78,0.00132658,0.140421,240468.0
600031.SH,20260821,140000.0,19.05,2667000.0,19.05,0.00165204,0.252507,847439.0
600030.SH,20260821,1642500.0,27.15,44593875.0,27.04,0.013489,1.6281,1217660.0
600029.SH,20260821,202200.0,5.01,1013022.0,5.03,0.00150034,0.448862,1347700.0
600028.SH,20260821,675700.0,5.14,3473098.0,5.14,0.000713121,0.348921,9475250.0
600027.SH,20260821,157000.0,4.51,708070.0,4.51,0.00170362,0.315251,921568.0
600026.SH,20260821,470600.0,18.46,8687276.0,18.31,0.0122937,0.757276,382799.0
600025.SH,20260821,69200.0,9.67,669164.0,9.65,0.000371422,0.277507,1863110.0
600023.SH,20260821,94800.0,4.88,462624.0,4.88,0.000707002,0.378464,1340870.0
600022.SH,20260821,338500.0,1.32,446820.0,1.32,0.00316389,0.506476,1069880.0
600021.SH,20260821,63000.0,13.59,856170.0,13.63,0.00223256,0.201292,282188.0
600020.SH,20260821,81500.0,3.77,307255.0,3.78,0.00362646,0.557235,224737.0
600019.SH,20260821,115510.0,5.89,680354.0,5.89,0.000539411,0.106828,2141410.0
600018.SH,20260821,80900.0,5.2,420680.0,5.2,0.000348006,0.206797,2324670.0
600017.SH,20260821,159200.0,2.68,426656.0,2.68,0.00517613,0.646669,307565.0
600016.SH,20260821,885500.0,3.47,3072685.0,3.47,0.00249703,0.461992,3546210.0
600015.SH,20260821,608800.0,6.72,4091136.0,6.73,0.00395653,0.876815,1538720.0
600012.SH,20260821,43900.0,15.7,689230.0,15.65,0.0037663,0.813981,116560.0
600011.SH,20260821,231800.0,6.66,1543788.0,6.66,0.00210771,0.295743,1099770.0
600010.SH,20260821,4424200.0,2.17,9600514.0,2.18,0.0141266,1.50629,3131820.0
600009.SH,20260821,61400.0,23.29,1430006.0,23.27,0.00247559,0.692896,248022.0
600008.SH,20260821,200000.0,2.83,566000.0,2.83,0.00272458,0.399874,734059.0
600007.SH,20260821,2500.0,18.93,47325.0,18.93,0.000248193,0.106861,100728.0
600006.SH,20260821,91800.0,5.3,486540.0,5.31,0.00459,0.767686,200000.0
600037.SH,20260821,42900.0,6.83,293007.0,6.86,0.00308239,0.34464,139178.0
600039.SH,20260821,25500.0,8.31,211905.0,8.35,0.000293252,0.183339,869559.0
600084.SH,20260821,9500.0,4.0,38000.0,4.06,0.000845401,0.430063,112373.0
600048.SH,20260821,742700.0,5.22,3876894.0,5.25,0.00620445,0.634633,1197040.0
600082.SH,20260821,3200.0,2.72,8704.0,2.74,0.000504465,0.0699964,63433.5
600081.SH,20260821,10400.0,10.07,104728.0,10.1,0.00188056,0.287085,55302.6
600080.SH,20260821,48300.0,4.73,228459.0,4.79,0.0129397,2.17114,37327.0
600079.SH,20260821,50100.0,17.82,892782.0,17.86,0.00324655,0.562383,154318.0
600078.SH,20260821,95100.0,10.78,1025178.0,10.67,0.0143531,0.372864,66257.3
600076.SH,20260821,80200.0,3.12,250224.0,3.11,0.00596485,0.459745,134454.0
600075.SH,20260821,642900.0,4.66,2995914.0,4.66,0.037645,3.51668,170780.0
600073.SH,20260821,71900.0,5.39,387541.0,5.43,0.00766746,0.365467,93772.9
600072.SH,20260821,34000.0,8.6,292400.0,8.61,0.00313845,0.245513,108334.0
600071.SH,20260821,2500.0,15.61,39025.0,15.69,0.000887866,0.13103,28157.4
600067.SH,20260821,17800.0,2.8,49840.0,2.79,0.00127904,0.112057,139167.0
600066.SH,20260821,31500.0,29.85,940275.0,30.05,0.0014228,0.169564,221394.0
600064.SH,20260821,366700.0,7.69,2819923.0,7.74,0.0211924,2.76678,173034.0
600063.SH,20260821,328900.0,5.8,1907620.0,5.86,0.0158958,0.865436,206911.0
600062.SH,20260821,41000.0,16.1,660100.0,16.21,0.00394905,0.410968,103823.0
600061.SH,20260821,214000.0,6.23,1333220.0,6.25,0.00334684,0.824926,639410.0
600060.SH,20260821,8700.0,26.01,226287.0,25.93,0.000669144,0.113556,130017.0
600059.SH,20260821,127000.0,7.91,1004570.0,7.94,0.0139324,0.569611,91154.2
600058.SH,20260821,10100.0,10.7,108070.0,10.6,0.000942243,0.0953336,107191.0
600057.SH,20260821,39600.0,6.25,247500.0,6.26,0.00189246,0.246165,209251.0
600056.SH,20260821,176900.0,9.51,1682319.0,9.6,0.01183,0.909806,149535.0
600055.SH,20260821,35300.0,11.54,407362.0,11.54,0.0050209,0.520594,70306.1
600054.SH,20260821,62400.0,11.22,700128.0,11.25,0.0121566,1.35656,51330.0
600053.SH,20260821,3500.0,6.83,23905.0,6.91,0.000807306,0.292447,43354.1
600052.SH,20260821,25600.0,3.88,99328.0,3.88,0.00303248,0.216978,84419.5
600051.SH,20260821,12000.0,6.33,75960.0,6.36,0.00386001,0.241325,31088.0
600050.SH,20260821,446200.0,4.23,1887426.0,4.25,0.0014398,0.278939,3099040.0
600166.SH,20260821,835000.0,2.96,2471600.0,2.97,0.0105464,0.702598,791740.0
600167.SH,20260821,90200.0,5.6,505120.0,5.63,0.00398614,1.39031,226284.0
600168.SH,20260821,30000.0,4.47,134100.0,4.48,0.00301994,0.380728,99339.8
600289.SH,20260821,1700.0,4.32,7344.0,4.32,0.000300394,0.0913946,56592.3
600287.SH,20260821,25900.0,4.84,125356.0,4.86,0.00592954,0.867352,43679.6
600285.SH,20260821,76800.0,19.73,1515264.0,19.79,0.0135572,0.47392,56649.0
600284.SH,20260821,22400.0,5.07,113568.0,5.09,0.00230867,0.149354,97025.6
600283.SH,20260821,8000.0,7.8,62400.0,7.83,0.00142647,0.427874,56082.5
600282.SH,20260821,381000.0,4.73,1802130.0,4.77,0.00617996,0.93925,616509.0
600281.SH,20260821,335200.0,4.62,1548624.0,4.68,0.065163,0.909265,51440.2
600280.SH,20260821,74200.0,2.99,221858.0,2.99,0.00657606,0.312384,112833.0
600279.SH,20260821,35600.0,4.26,151656.0,4.27,0.0029995,0.528157,118687.0
600278.SH,20260821,9900.0,6.21,61479.0,6.23,0.00115047,0.303695,86051.9
600276.SH,20260821,2143899.0,48.51,104000540.0,49.5,0.0336087,2.07517,637900.0
600273.SH,20260821,28400.0,6.81,193404.0,6.83,0.00216577,0.214928,131131.0
600272.SH,20260821,2529200.0,16.5,41731800.0,18.33,1.58075,4.76774,16000.0
600271.SH,20260821,23794.0,6.70001,159420.0,6.74,0.00128416,0.197767,185288.0
600269.SH,20260821,53900.0,3.79,204281.0,3.79,0.00230795,0.29872,233541.0
600268.SH,20260821,100000.0,10.51,1051000.0,10.5,0.00984741,0.593555,101550.0
600267.SH,20260821,1112800.0,13.75,15301000.0,14.02,0.0942833,1.72831,118027.0
600266.SH,20260821,1251400.0,4.26,5330964.0,4.31,0.0602868,2.27598,207574.0
600265.SH,20260821,6600.0,22.59,149094.0,22.7,0.00508475,0.512119,12980.0
600262.SH,20260821,8800.0,14.52,127776.0,14.65,0.00369748,0.164559,23800.0
600261.SH,20260821,78800.0,3.18,250584.0,3.2,0.00590239,0.502892,133505.0
600259.SH,20260821,136700.0,83.04,11351568.0,84.75,0.0406318,1.06825,33643.6
600258.SH,20260821,43300.0,12.32,533456.0,12.31,0.00387783,0.288113,111660.0
600257.SH,20260821,125200.0,5.56,696112.0,5.57,0.0260163,0.526239,48123.7
600256.SH,20260821,1094100.0,6.2,6783420.0,6.12,0.0171167,1.02777,639200.0
600255.SH,20260821,239400.0,3.17,758898.0,3.19,0.0132547,0.476559,180615.0
600252.SH,20260821,2126400.0,2.3,4890720.0,2.36,0.0667805,2.81031,318416.0
600251.SH,20260821,235900.0,10.33,2436847.0,10.51,0.0303606,1.20218,77699.4
600288.SH,20260821,97600.0,11.19,1092144.0,11.24,0.0223443,0.178209,43680.0
600292.SH,20260821,60600.0,12.2,739320.0,12.23,0.0137952,0.642691,43928.4
600169.SH,20260821,61000.0,2.03,123830.0,2.04,0.00183011,0.711184,333314.0
600293.SH,20260821,155200.0,2.8,434560.0,2.82,0.0133776,0.63119,116015.0
600330.SH,20260821,636900.0,27.84,17731296.0,27.89,0.0516363,0.41414,123343.0
600329.SH,20260821,5900.0,36.18,213462.0,36.28,0.0010404,0.19209,56708.9
600328.SH,20260821,48200.0,6.29,303178.0,6.28,0.00328716,0.398748,146631.0
600327.SH,20260821,2211400.0,4.23,9354222.0,4.24,0.249938,7.2925,88478.0
600326.SH,20260821,152300.0,6.98,1063054.0,7.04,0.0111783,0.377483,136246.0
600325.SH,20260821,302700.0,2.38,720426.0,2.39,0.0109987,0.385866,275215.0
600323.SH,20260821,27000.0,29.61,799470.0,29.6,0.00331147,0.535248,81534.7
600322.SH,20260821,57100.0,2.65,151315.0,2.66,0.00516415,0.318333,110570.0
600320.SH,20260821,129600.0,4.04,523584.0,4.04,0.00391516,0.446221,331021.0
600319.SH,20260821,15300.0,6.2,94860.0,6.25,0.00394625,0.456845,38770.9
600318.SH,20260821,26500.0,6.49,171985.0,6.51,0.00516844,0.284982,51272.8
600316.SH,20260821,22300.0,28.1,626630.0,28.31,0.00310968,0.214483,71711.5
600315.SH,20260821,278102.0,18.53,5153230.0,18.4,0.0413703,2.81896,67222.6
600313.SH,20260821,2645600.0,6.6,17460960.0,6.92,0.244465,2.18324,108220.0
600312.SH,20260821,151800.0,19.31,2931258.0,19.29,0.0111871,0.716923,135692.0
600310.SH,20260821,101100.0,4.07,411477.0,4.12,0.00689768,0.193519,146571.0
600309.SH,20260821,76700.0,75.0,5752500.0,75.16,0.00245011,0.26445,313047.0
600308.SH,20260821,88300.0,3.23,285209.0,3.24,0.0058212,1.16919,151687.0
600307.SH,20260821,347900.0,1.41,490539.0,1.42,0.00555453,1.24332,626336.0
600305.SH,20260821,29500.0,6.72,198240.0,6.72,0.00267462,0.351569,110296.0
600303.SH,20260821,134700.0,2.85,383895.0,2.86,0.0198816,0.624359,67751.2
600302.SH,20260821,3200.0,6.4,20480.0,6.46,0.000924829,0.0709077,34601.0
600301.SH,20260821,41100.0,47.79,1964169.0,47.34,0.0149272,0.35378,27533.6
600300.SH,20260821,97200.0,3.22,312984.0,3.24,0.0060106,0.30984,161714.0
600299.SH,20260821,115300.0,8.61,992733.0,8.61,0.00374377,0.288367,307978.0
600298.SH,20260821,14600.0,42.62,622252.0,42.31,0.00170332,0.0958262,85715.0
600295.SH,20260821,33800.0,13.0,439400.0,13.15,0.00171089,0.334406,197558.0
600250.SH,20260821,2366600.0,9.8,23192680.0,9.24,0.756606,25.597,31279.1
600249.SH,20260821,12100.0,5.27,63767.0,5.27,0.0022,0.163534,55000.0
600248.SH,20260821,56200.0,2.9,162980.0,2.9,0.00151657,0.274239,370574.0
600246.SH,20260821,373100.0,11.73,4376463.0,11.7,0.0197364,0.337981,189041.0
600203.SH,20260821,11900.0,9.74,115906.0,9.8,0.00200679,0.068726,59298.8
600202.SH,20260821,25800.0,5.03,129774.0,5.01,0.00673031,0.510353,38334.1
600201.SH,20260821,207900.0,12.86,2673594.0,13.0,0.0189012,1.25059,109993.0
600199.SH,20260821,114900.0,7.14,820386.0,7.14,0.0174674,0.541295,65779.7
600198.SH,20260821,182400.0,7.42,1353408.0,7.58,0.0140098,0.362165,130195.0
600197.SH,20260821,72600.0,10.08,731808.0,10.13,0.0153432,1.26271,47317.5
600196.SH,20260821,2235200.0,24.16,54002432.0,24.84,0.105509,5.55005,211849.0
600195.SH,20260821,47400.0,6.81,322794.0,6.85,0.00464183,0.586754,102115.0
600192.SH,20260821,34800.0,6.81,236988.0,6.81,0.0078778,0.356694,44174.8
600191.SH,20260821,10400.0,10.51,109304.0,10.57,0.00214463,0.0779397,48493.2
600189.SH,20260821,11000.0,7.39,81290.0,7.47,0.00153804,0.131911,71519.8
600188.SH,20260821,141100.0,21.39,3018129.0,21.36,0.00236691,0.273733,596135.0
600187.SH,20260821,816200.0,1.33,1085546.0,1.32,0.0505769,4.04067,161378.0
600186.SH,20260821,1483501.0,11.02,16348181.0,11.02,0.0829171,0.450076,178914.0
600185.SH,20260821,47700.0,4.55,217035.0,4.56,0.0025305,0.255393,188501.0
600184.SH,20260821,35400.0,17.35,614190.0,17.39,0.00607488,0.258042,58272.7
600183.SH,20260821,227391.0,126.03,28658088.0,126.28,0.00942847,0.320221,241175.0
600182.SH,20260821,50900.0,13.2,671880.0,13.33,0.0299412,1.81706,17000.0
600180.SH,20260821,134800.0,1.52,204896.0,1.55,0.0124054,0.689378,108663.0
600179.SH,20260821,173600.0,4.28,743008.0,4.3,0.00449476,0.356638,386228.0
600178.SH,20260821,5800.0,9.2,53360.0,9.25,0.00124336,0.118279,46647.6
600177.SH,20260821,60447.0,7.98,482367.0,8.0,0.00134224,0.230812,450344.0
600176.SH,20260821,1284900.0,40.8,52423920.0,41.42,0.0323523,0.512401,397159.0
600173.SH,20260821,7500.0,6.14,46050.0,6.16,0.00107079,0.127888,70041.6
600172.SH,20260821,1631323.0,13.05,21288765.0,13.44,0.127129,0.782663,128320.0
600171.SH,20260821,34100.0,22.33,761453.0,22.46,0.00481011,0.251674,70892.3
600170.SH,20260821,1014400.0,2.26,2292544.0,2.27,0.0114158,1.04085,888594.0
600206.SH,20260821,897223.0,54.1,48539764.0,56.66,0.105985,0.694762,84655.3
600207.SH,20260821,36900.0,4.3,158670.0,4.29,0.00338746,0.251241,108931.0
600208.SH,20260821,282300.0,2.95,832785.0,2.98,0.00331806,0.325646,850798.0
600229.SH,20260821,12800.0,5.17,66176.0,5.16,0.00193732,0.400658,66070.8
600243.SH,20260821,0.0,,0.0,3.7,0.0,0.0,43885.0
600241.SH,20260821,6500.0,7.28,47320.0,7.29,0.00220861,0.186216,29430.2
600239.SH,20260821,111700.0,1.38,154146.0,1.39,0.00695652,0.935995,160569.0
600238.SH,20260821,53700.0,4.89,262593.0,4.88,0.0120601,1.03523,44527.2
600237.SH,20260821,43200.0,8.31,358992.0,8.4,0.00691625,0.154388,62461.6
600236.SH,20260821,27800.0,9.84,273552.0,9.88,0.000352685,0.169402,788238.0
600235.SH,20260821,27800.0,5.67,157626.0,5.72,0.00791346,0.695582,35130.0
600234.SH,20260821,11000.0,21.89,240790.0,21.53,0.00419014,0.429204,26252.1
600233.SH,20260821,106800.0,17.61,1880748.0,17.5,0.00311914,0.433672,342402.0
600232.SH,20260821,22500.0,6.27,141075.0,6.32,0.00616914,0.536794,36471.9
600231.SH,20260821,90300.0,1.68,151704.0,1.68,0.00318363,0.748589,283638.0
600230.SH,20260821,16800.0,14.6,245280.0,14.69,0.00405835,0.108078,41396.1
600228.SH,20260821,97000.0,8.18,793460.0,8.2,0.0233152,0.356911,41603.7
600210.SH,20260821,27900.0,6.0,167400.0,6.0,0.00183948,0.219808,151674.0
600227.SH,20260821,982100.0,3.66,3594486.0,3.74,0.0768707,0.449075,127760.0
600226.SH,20260821,547100.0,6.0,3282600.0,6.03,0.0183937,0.332026,297438.0
600223.SH,20260821,8700.0,5.58,48546.0,5.61,0.00085582,0.11072,101657.0
600222.SH,20260821,301900.0,8.11,2448409.0,8.11,0.0539721,0.739699,55936.3
600221.SH,20260821,2252500.0,1.3,2928250.0,1.31,0.00525726,1.197,4284550.0
600219.SH,20260821,1016225.0,4.64,4715284.0,4.65,0.00884928,0.384173,1148370.0
600218.SH,20260821,7700.0,7.57,58289.0,7.57,0.00176768,0.195649,43560.0
600217.SH,20260821,9500.0,3.12,29640.0,3.14,0.000573099,0.0874304,165765.0
600216.SH,20260821,954200.0,14.05,13406510.0,14.52,0.100295,1.48208,95138.9
600215.SH,20260821,11200.0,6.51,72912.0,6.5,0.00245139,0.136702,45688.3
600212.SH,20260821,11100.0,5.56,61716.0,5.56,0.00208969,0.111375,53118.0
600211.SH,20260821,293400.0,41.39,12143826.0,41.86,0.0910278,4.25317,32231.9
600664.SH,20260821,19661600.0,8.17,160635272.0,9.08,0.780684,5.47487,251851.0
600665.SH,20260821,4600.0,3.43,15778.0,3.44,0.000532332,0.0339803,86412.2
600666.SH,20260821,343200.0,3.48,1194336.0,3.51,0.0133445,0.29045,257185.0
601288.SH,20260821,2817300.0,6.79,19129467.0,6.81,0.000882491,0.641445,31924400.0
601238.SH,20260821,1053100.0,5.31,5591961.0,5.41,0.0142625,3.67613,738370.0
601236.SH,20260821,12600.0,6.81,85806.0,6.81,0.000268472,0.12027,469323.0
601233.SH,20260821,138000.0,23.61,3258180.0,23.62,0.00581133,0.454312,237467.0
601231.SH,20260821,40400.0,27.01,1091204.0,27.27,0.00169113,0.134651,238894.0
601229.SH,20260821,218600.0,9.85,2153210.0,9.84,0.00153846,0.263335,1420900.0
601228.SH,20260821,32700.0,3.05,99735.0,3.05,0.000433427,0.178112,754453.0
601226.SH,20260821,22600.0,6.1,137860.0,6.11,0.00194455,0.276615,116222.0
601225.SH,20260821,63400.0,25.44,1612896.0,25.55,0.000653945,0.169818,969500.0
601222.SH,20260821,37800.0,5.47,206766.0,5.46,0.00185183,0.292524,204122.0
601218.SH,20260821,28200.0,4.38,123516.0,4.39,0.00291012,0.125175,96903.4
601216.SH,20260821,77900.0,4.43,345097.0,4.43,0.000923203,0.214058,843802.0
601212.SH,20260821,884100.0,5.64,4986324.0,5.54,0.0119396,0.595355,740477.0
601211.SH,20260821,341900.0,17.47,5972993.0,17.49,0.00254217,0.374876,1344910.0
601208.SH,20260821,302200.0,45.4,13719880.0,45.72,0.0299154,0.425216,101018.0
601200.SH,20260821,32500.0,6.95,225875.0,6.98,0.00241415,0.511517,134623.0
601199.SH,20260821,63400.0,6.37,403858.0,6.4,0.00677922,0.343617,93521.0
601198.SH,20260821,215500.0,13.62,2935110.0,13.54,0.00666678,1.11102,323245.0
601188.SH,20260821,41000.0,2.84,116440.0,2.85,0.00314063,0.306886,130547.0
601187.SH,20260821,104673.0,7.3,764113.0,7.3,0.00397485,0.464839,263338.0
601186.SH,20260821,388200.0,6.05,2348610.0,6.07,0.0033747,1.31652,1150320.0
601179.SH,20260821,278095.0,12.72,3537368.0,12.81,0.00542531,0.233534,512588.0
601177.SH,20260821,486800.0,13.88,6756784.0,12.68,0.120969,8.53459,40241.6
601169.SH,20260821,535000.0,5.05,2701750.0,5.06,0.00253039,0.58242,2114300.0
601168.SH,20260821,817300.0,37.0,30240100.0,36.66,0.0342971,1.42041,238300.0
601166.SH,20260821,618300.0,18.15,11222145.0,18.17,0.00292163,0.648524,2116290.0
601163.SH,20260821,300.0,13.0,3900.0,13.03,3.75e-05,0.0127298,80000.0
601162.SH,20260821,669500.0,3.59,2403505.0,3.6,0.00778672,0.51457,859797.0
601279.SH,20260821,14700.0,3.21,47187.0,3.22,0.000926985,0.160631,158579.0
601298.SH,20260821,10800.0,8.9,96120.0,8.92,0.000200294,0.12364,539208.0
601156.SH,20260821,8400.0,18.28,153552.0,18.36,0.000889269,0.0811583,94459.6
601311.SH,20260821,28200.0,7.7,217140.0,7.69,0.00240379,0.328254,117315.0
601566.SH,20260821,74300.0,8.44,627092.0,8.47,0.0129299,1.09506,57463.7
601555.SH,20260821,126100.0,7.89,994929.0,7.91,0.00253789,0.413079,496870.0
601528.SH,20260821,57100.0,4.93,281503.0,4.91,0.00307689,0.372167,185577.0
601519.SH,20260821,37200.0,7.68,285696.0,7.68,0.00187014,0.146623,198916.0
601518.SH,20260821,35400.0,2.77,98058.0,2.77,0.00187247,0.337138,189055.0
601515.SH,20260821,42600.0,3.29,140154.0,3.31,0.0022136,0.29462,192447.0
601512.SH,20260821,8200.0,7.79,63878.0,7.84,0.000547072,0.328873,149889.0
601500.SH,20260821,22700.0,4.04,91708.0,4.05,0.00143399,0.20427,158300.0
601456.SH,20260821,87500.0,8.8,770000.0,8.81,0.00199909,0.595324,437698.0
601399.SH,20260821,116900.0,3.08,360052.0,3.1,0.00162056,0.219909,721356.0
601398.SH,20260821,1875300.0,7.75,14533575.0,7.78,0.000695555,0.540977,26961200.0
601390.SH,20260821,292883.0,4.35,1274041.0,4.36,0.00144108,0.442796,2032390.0
601388.SH,20260821,101700.0,3.28,333576.0,3.31,0.00462016,0.362838,220122.0
601377.SH,20260821,316900.0,5.78,1831682.0,5.78,0.00366953,0.653592,863599.0
601375.SH,20260821,110500.0,4.02,444210.0,4.02,0.0032052,0.37841,344752.0
601369.SH,20260821,16600.0,8.73,144918.0,8.72,0.000972916,0.179158,170621.0
601368.SH,20260821,43700.0,4.59,200583.0,4.6,0.00494919,1.21736,88297.3
601366.SH,20260821,331200.0,3.65,1208880.0,3.63,0.0345093,1.02888,95974.1
601360.SH,20260821,402100.0,8.73,3510333.0,8.8,0.00574465,0.425137,699956.0
601339.SH,20260821,42800.0,7.9,338120.0,7.97,0.00285415,0.44771,149957.0
601336.SH,20260821,174000.0,58.36,10154640.0,58.08,0.00834357,1.40884,208544.0
601333.SH,20260821,144200.0,2.96,426832.0,2.95,0.0025512,0.276205,565224.0
601330.SH,20260821,13100.0,7.0,91700.0,7.02,0.00132444,0.192829,98909.5
601328.SH,20260821,335200.0,7.12,2386624.0,7.11,0.00128565,0.210931,2607240.0
601326.SH,20260821,91400.0,3.39,309846.0,3.38,0.00192115,0.442471,475756.0
601319.SH,20260821,177000.0,6.92,1224840.0,6.92,0.000498623,0.384995,3549780.0
601318.SH,20260821,2504680.0,53.01,132773087.0,52.14,0.0234959,4.16191,1066010.0
601158.SH,20260821,4000.0,4.15,16600.0,4.14,8.33328e-05,0.0674855,480003.0
601155.SH,20260821,138700.0,11.2,1553440.0,11.31,0.00614908,0.487029,225562.0
600996.SH,20260821,30600.0,6.54,200124.0,6.57,0.00245428,0.185559,124680.0
601066.SH,20260821,40500.0,24.82,1005210.0,24.81,0.000623492,0.172788,649567.0
601061.SH,20260821,179400.0,12.2,2188680.0,11.96,0.00366122,0.960382,490000.0
601059.SH,20260821,30700.0,16.41,503787.0,16.35,0.000946654,0.576252,324300.0
601058.SH,20260821,144100.0,14.0,2017400.0,14.15,0.00438247,0.491332,328810.0
601038.SH,20260821,27400.0,12.86,352364.0,12.93,0.00374468,0.412618,73170.5
601033.SH,20260821,7100.0,14.35,101885.0,14.35,0.00295833,0.230214,24000.0
601026.SH,20260821,36300.0,16.05,582615.0,16.33,0.0326775,0.250716,11108.6
601022.SH,20260821,46200.0,8.2,378840.0,8.2,0.0035304,0.425214,130863.0
601021.SH,20260821,12500.0,44.15,551875.0,44.28,0.00127768,0.346679,97833.3
601020.SH,20260821,147400.0,21.43,3158782.0,21.27,0.0179764,0.611945,81996.5
601019.SH,20260821,17400.0,7.0,121800.0,7.02,0.000833773,0.208744,208690.0
601018.SH,20260821,165800.0,3.4,563720.0,3.39,0.00085225,0.275959,1945440.0
601016.SH,20260821,486600.0,3.38,1644708.0,3.38,0.00805862,0.392375,603826.0
601015.SH,20260821,1850200.0,3.57,6605214.0,3.6,0.0905852,2.13216,204250.0
601012.SH,20260821,199760.0,12.36,2469034.0,12.41,0.00263603,0.259427,757806.0
601011.SH,20260821,13349400.0,2.88,38446272.0,3.2,0.696855,13.1091,191566.0
601010.SH,20260821,24700.0,1.42,35074.0,1.42,0.00136562,0.135909,180870.0
601009.SH,20260821,135600.0,11.9,1613640.0,11.92,0.00109677,0.220445,1236360.0
601008.SH,20260821,239200.0,4.39,1050088.0,4.41,0.0192804,1.04128,124064.0
601007.SH,20260821,29300.0,6.74,197482.0,6.78,0.00751282,0.524126,39000.0
601006.SH,20260821,1939600.0,4.76,9232496.0,4.8,0.00976494,2.15498,1986290.0
601005.SH,20260821,832300.0,1.18,982114.0,1.18,0.0100113,1.74133,831364.0
601003.SH,20260821,99100.0,3.58,354778.0,3.6,0.00386687,0.606097,256279.0
601002.SH,20260821,44200.0,5.21,230282.0,5.21,0.00463098,0.409983,95444.1
601001.SH,20260821,38700.0,17.1,661770.0,17.15,0.00231224,0.209593,167370.0
601000.SH,20260821,49700.0,4.62,229614.0,4.61,0.000838687,0.134147,592593.0
600999.SH,20260821,132500.0,17.84,2363800.0,17.83,0.00178523,0.298891,742200.0
600998.SH,20260821,147200.0,5.0,736000.0,5.04,0.0029192,0.427486,504247.0
601065.SH,20260821,400.0,6.79,2716.0,6.78,6.22301e-05,0.01111,64277.6
601068.SH,20260821,54700.0,4.4,240680.0,4.44,0.00213706,0.408953,255959.0
601139.SH,20260821,50800.0,6.34,322072.0,6.33,0.00176589,0.308024,287674.0
601069.SH,20260821,285500.0,31.52,8998960.0,30.9,0.0321803,1.01205,88718.8
601138.SH,20260821,288500.0,61.65,17786025.0,62.13,0.00145383,0.233667,1984410.0
601137.SH,20260821,18700.0,18.79,351373.0,18.91,0.00203676,0.0977976,91812.7
601136.SH,20260821,18600.0,13.81,256866.0,13.81,0.000680488,0.235011,273333.0
601133.SH,20260821,15100.0,25.18,380218.0,25.18,0.00287955,0.106697,52438.7
601128.SH,20260821,180800.0,6.26,1131808.0,6.26,0.0049559,0.434348,364818.0
601127.SH,20260821,117000.0,51.1,5978700.0,51.49,0.00751347,0.541887,155720.0
601126.SH,20260821,46500.0,43.31,2013915.0,43.49,0.00563578,0.171773,82508.5
601121.SH,20260821,8900.0,7.29,64881.0,7.31,0.0011125,0.060105,80000.0
601118.SH,20260821,1602200.0,6.02,9645244.0,6.2,0.0374396,1.31829,427943.0
601117.SH,20260821,105700.0,7.48,790636.0,7.51,0.00173618,0.238602,608807.0
601116.SH,20260821,147200.0,10.51,1547072.0,10.58,0.0268771,0.661514,54767.8
601113.SH,20260821,2200.0,3.35,7370.0,3.37,0.000199248,0.0267839,110415.0
601112.SH,20260821,12800.0,15.16,194048.0,15.16,0.00700454,0.247316,18273.8
601111.SH,20260821,316900.0,5.83,1847527.0,5.85,0.00272295,0.648473,1163810.0
601108.SH,20260821,349700.0,8.33,2913001.0,8.38,0.00753052,0.405403,464377.0
601107.SH,20260821,39300.0,5.57,218901.0,5.56,0.00181714,0.479117,216274.0
601106.SH,20260821,155700.0,3.03,471771.0,3.04,0.00227041,0.335789,685778.0
601101.SH,20260821,262200.0,12.78,3350916.0,12.75,0.0182084,0.43338,144000.0
601100.SH,20260821,4300.0,101.03,434429.0,101.4,0.000320699,0.0679326,134082.0
601099.SH,20260821,274300.0,3.33,913419.0,3.34,0.00402417,0.171674,681632.0
601098.SH,20260821,6100.0,10.24,62464.0,10.26,0.000339644,0.084295,179600.0
601096.SH,20260821,165500.0,4.1,678550.0,4.13,0.0100732,0.78926,164298.0
601089.SH,20260821,248400.0,17.92,4451328.0,18.14,0.05175,3.10184,48000.0
601088.SH,20260821,84400.0,46.34,3911096.0,46.55,0.000511793,0.292662,1649100.0
601086.SH,20260821,46500.0,7.6,353400.0,7.64,0.00698198,0.521027,66600.0
601083.SH,20260821,22000.0,11.64,256080.0,11.62,0.0113332,0.344175,19412.0
601077.SH,20260821,99100.0,6.78,671898.0,6.82,0.00112126,0.18151,883824.0
601567.SH,20260821,18700.0,15.03,281061.0,15.09,0.00133076,0.146418,140521.0
601568.SH,20260821,49600.0,3.7,183520.0,3.71,0.00124867,0.390278,397222.0
601577.SH,20260821,241400.0,9.54,2302956.0,9.54,0.00600395,1.45614,402068.0
601966.SH,20260821,17100.0,11.12,190152.0,11.14,0.00116843,0.220513,146350.0
601963.SH,20260821,114600.0,11.23,1286958.0,11.25,0.00563406,0.959959,203406.0
601958.SH,20260821,189100.0,21.8,4122380.0,21.8,0.00586065,0.508298,322660.0
601956.SH,20260821,12400.0,4.95,61380.0,4.95,0.0019948,0.253358,62161.7
601952.SH,20260821,240100.0,8.84,2122484.0,8.88,0.0174238,0.638356,137800.0
601949.SH,20260821,35800.0,5.13,183654.0,5.13,0.00188028,0.324408,190397.0
601939.SH,20260821,310900.0,10.56,3283104.0,10.58,0.00324068,0.251982,959366.0
601933.SH,20260821,383600.0,3.14,1204504.0,3.16,0.00429802,0.265102,892504.0
601929.SH,20260821,97300.0,2.27,220871.0,2.29,0.00278813,0.137213,348979.0
601928.SH,20260821,102900.0,9.01,927129.0,8.98,0.00404338,1.1375,254490.0
601921.SH,20260821,366400.0,7.43,2722352.0,7.54,0.016488,2.46178,222222.0
601919.SH,20260821,347800.0,16.7,5808260.0,16.64,0.00276987,0.341804,1255650.0
601918.SH,20260821,207300.0,9.91,2054343.0,9.93,0.00800219,0.660494,259054.0
601916.SH,20260821,1050000.0,2.94,3087000.0,2.95,0.00487365,0.96441,2154440.0
601908.SH,20260821,87800.0,2.95,259010.0,2.96,0.00363621,0.192751,241460.0
601901.SH,20260821,201400.0,6.73,1355422.0,6.74,0.00244652,0.478753,823210.0
601900.SH,20260821,23300.0,11.75,273775.0,11.76,0.00264181,0.4236,88197.0
601899.SH,20260821,2298000.0,34.25,78706500.0,33.83,0.0111544,0.975771,2060180.0
601898.SH,20260821,140500.0,14.3,2009150.0,14.26,0.00153518,0.356921,915200.0
601890.SH,20260821,69900.0,8.4,587160.0,8.47,0.0072858,0.127491,95940.0
601888.SH,20260821,126500.0,52.92,6694380.0,53.1,0.00647895,0.580689,195248.0
601886.SH,20260821,718900.0,12.5,8986250.0,12.86,0.0634509,1.7298,113300.0
601882.SH,20260821,21600.0,20.42,441072.0,20.48,0.00413793,0.187637,52200.0
601881.SH,20260821,102200.0,11.91,1217202.0,11.95,0.00141094,0.45855,724342.0
601880.SH,20260821,297140.0,1.46,433824.0,1.47,0.00161375,0.470454,1841310.0
601878.SH,20260821,69900.0,9.18,641682.0,9.2,0.00152827,0.373041,457380.0
601877.SH,20260821,1479900.0,26.77,39616923.0,26.28,0.0688656,6.94566,214897.0
601872.SH,20260821,1069700.0,18.49,19778753.0,18.46,0.0132478,1.02973,807454.0
601965.SH,20260821,13700.0,14.19,194403.0,14.2,0.00137219,0.233715,99840.6
601968.SH,20260821,5700.0,4.41,25137.0,4.42,0.000446786,0.114291,127578.0
601579.SH,20260821,142500.0,18.36,2616300.0,18.65,0.0297207,0.414877,47946.3
601969.SH,20260821,33900.0,9.14,309846.0,9.23,0.00171865,0.233939,197248.0
603016.SH,20260821,216700.0,31.0,6717700.0,30.68,0.146261,8.29505,14816.0
603015.SH,20260821,17700.0,11.0,194700.0,10.92,0.00437881,0.250988,40421.9
603014.SH,20260821,5100.0,33.1,168810.0,33.4,0.00502538,0.364099,10148.5
603013.SH,20260821,13600.0,16.25,221000.0,16.17,0.00267601,0.631255,50822.0
603012.SH,20260821,37700.0,8.73,329121.0,8.73,0.0058314,0.0872632,64650.0
603011.SH,20260821,118600.0,23.01,2728986.0,23.38,0.023988,0.207073,49441.4
603010.SH,20260821,42500.0,11.9,505750.0,11.9,0.00744597,0.39214,57077.8
603009.SH,20260821,40000.0,45.19,1807600.0,45.0,0.0115477,0.350553,34639.0
603008.SH,20260821,11000.0,8.02,88220.0,7.99,0.00298676,0.197341,36829.2
603007.SH,20260821,27000.0,4.56,123120.0,4.59,0.00388439,0.15128,69508.9
603006.SH,20260821,10500.0,11.16,117180.0,11.15,0.00412972,0.503153,25425.4
603005.SH,20260821,110200.0,32.85,3620070.0,32.9,0.0168974,0.282658,65217.2
603004.SH,20260821,4500.0,20.0,90000.0,20.09,0.00764266,0.18592,5888.0
603002.SH,20260821,388500.0,16.28,6324780.0,16.32,0.0342569,0.423929,113408.0
603001.SH,20260821,293800.0,8.15,2394470.0,8.13,0.0732705,2.18821,40098.0
603000.SH,20260821,8900.0,15.96,142044.0,16.04,0.000804926,0.0694555,110569.0
601999.SH,20260821,16800.0,6.0,100800.0,6.05,0.00304947,0.0981483,55091.5
601998.SH,20260821,233300.0,8.28,1931724.0,8.32,0.000572333,0.372843,4076300.0
601997.SH,20260821,155700.0,5.75,895275.0,5.75,0.00425852,0.397137,365620.0
601996.SH,20260821,81800.0,2.44,199592.0,2.46,0.00729761,0.420114,112091.0
601995.SH,20260821,59500.0,34.0,2023000.0,34.06,0.0020352,0.353103,292354.0
601992.SH,20260821,458100.0,1.38,632178.0,1.39,0.00549666,1.62026,833416.0
601991.SH,20260821,898200.0,6.0,5389200.0,6.05,0.00724583,0.187559,1239610.0
601990.SH,20260821,46400.0,6.6,306240.0,6.6,0.00109648,0.356942,423172.0
601988.SH,20260821,899000.0,6.03,5420970.0,6.05,0.00042654,0.354974,21076600.0
601985.SH,20260821,109200.0,8.72,952224.0,8.73,0.000578289,0.193808,1888330.0
601975.SH,20260821,747100.0,3.77,2816567.0,3.77,0.0159625,0.475249,468034.0
601869.SH,20260821,44200.0,355.0,15691000.0,357.71,0.0108776,0.315303,40633.8
601868.SH,20260821,1068200.0,2.52,2691864.0,2.52,0.00329399,0.538034,3242870.0
601866.SH,20260821,252100.0,2.37,597477.0,2.37,0.00259618,0.467523,971043.0
601865.SH,20260821,33700.0,10.3,347110.0,10.27,0.00177273,0.16245,190103.0
601688.SH,20260821,526500.0,18.4,9687600.0,18.34,0.00720566,0.856426,730676.0
601686.SH,20260821,2600.0,5.15,13390.0,5.17,0.000175753,0.0615073,147935.0
601678.SH,20260821,644100.0,6.48,4173768.0,6.44,0.031522,0.573017,204334.0
601677.SH,20260821,116300.0,16.65,1936395.0,16.65,0.00935421,0.389189,124329.0
601669.SH,20260821,801700.0,4.62,3703854.0,4.63,0.00613318,1.06506,1307150.0
601668.SH,20260821,845200.0,4.43,3744236.0,4.43,0.00204548,0.408616,4132040.0
601666.SH,20260821,126400.0,9.37,1184368.0,9.46,0.00511872,0.253664,246937.0
601665.SH,20260821,158100.0,6.51,1029231.0,6.54,0.00256913,0.346666,615384.0
601658.SH,20260821,483300.0,4.96,2397168.0,4.97,0.000666365,0.41249,7252780.0
601636.SH,20260821,130700.0,5.89,769823.0,5.93,0.00441755,0.193971,295865.0
601633.SH,20260821,34200.0,15.53,531126.0,15.55,0.000550438,0.315743,621323.0
601628.SH,20260821,190600.0,36.93,7038858.0,36.89,0.000915311,0.762983,2082350.0
601619.SH,20260821,201500.0,4.07,820105.0,4.1,0.00817482,0.350006,246489.0
601618.SH,20260821,750900.0,2.58,1937322.0,2.58,0.00420611,1.20285,1785260.0
601616.SH,20260821,37700.0,3.73,140621.0,3.76,0.0044162,0.242076,85367.5
601615.SH,20260821,88600.0,10.68,946248.0,10.75,0.00391776,0.183411,226150.0
601611.SH,20260821,58400.0,10.66,622544.0,10.72,0.00193773,0.190563,301383.0
601609.SH,20260821,381300.0,12.86,4903518.0,12.87,0.0220578,0.299138,172864.0
601608.SH,20260821,248100.0,4.6,1141260.0,4.65,0.00541756,0.735068,457955.0
601607.SH,20260821,100100.0,16.52,1653652.0,16.66,0.00358883,0.872786,278921.0
601606.SH,20260821,137500.0,30.3,4166250.0,30.46,0.0189857,0.508546,72422.8
601601.SH,20260821,271800.0,30.25,8221950.0,30.17,0.00397076,0.776353,684504.0
601600.SH,20260821,1042800.0,9.12,9510336.0,9.17,0.007898,0.674664,1320330.0
601599.SH,20260821,53800.0,3.04,163552.0,3.04,0.00463576,0.362568,116054.0
601598.SH,20260821,49004.0,6.64001,325387.0,6.64,0.000950156,0.378954,515747.0
601595.SH,20260821,15700.0,16.35,256695.0,16.42,0.0035029,0.29333,44820.0
601588.SH,20260821,125700.0,1.72,216204.0,1.73,0.00472556,0.482629,266000.0
601689.SH,20260821,44100.0,46.0,2028600.0,46.2,0.00253764,0.189389,173784.0
601696.SH,20260821,130000.0,11.58,1505400.0,11.64,0.00467963,0.431385,277800.0
601698.SH,20260821,147600.0,24.18,3568968.0,24.36,0.003494,0.447089,422439.0
601800.SH,20260821,274900.0,5.89,1619161.0,5.93,0.00234499,1.07993,1172290.0
601860.SH,20260821,552400.0,2.54,1403096.0,2.54,0.0155532,1.237,355169.0
601858.SH,20260821,28900.0,21.77,629153.0,22.17,0.00365591,0.241908,79050.0
601857.SH,20260821,889200.0,11.05,9825660.0,10.99,0.000549153,0.683235,16192200.0
601838.SH,20260821,33700.0,18.55,625135.0,18.59,0.000795105,0.171463,423844.0
601828.SH,20260821,233700.0,2.17,507129.0,2.18,0.00646938,0.63925,361240.0
601827.SH,20260821,11600.0,8.28,96048.0,8.29,0.000693808,0.182032,167193.0
601825.SH,20260821,41400.0,8.72,361008.0,8.77,0.000438917,0.121633,943230.0
601818.SH,20260821,836200.0,3.01,2516962.0,3.02,0.00180189,0.564938,4640680.0
601816.SH,20260821,150900.0,4.96,748464.0,4.96,0.000308427,0.117582,4892570.0
601811.SH,20260821,6600.0,11.98,79068.0,12.04,0.000833434,0.411113,79190.4
601808.SH,20260821,69100.0,12.4,856840.0,12.31,0.00233409,0.382322,296047.0
601801.SH,20260821,26600.0,5.47,145502.0,5.5,0.00135858,0.317032,195793.0
601799.SH,20260821,6200.0,88.22,546964.0,88.3,0.00217026,0.219892,28567.9
601699.SH,20260821,129100.0,16.25,2097875.0,16.26,0.00431569,0.38815,299141.0
601798.SH,20260821,4400.0,7.56,33264.0,7.6,0.00124109,0.0921165,35452.8
601789.SH,20260821,163300.0,4.21,687493.0,4.26,0.0150258,0.202406,108680.0
601788.SH,20260821,77700.0,14.22,1104894.0,14.22,0.00198889,0.413063,390670.0
601778.SH,20260821,303300.0,3.56,1079748.0,3.55,0.00814656,0.25537,372304.0
601777.SH,20260821,55100.0,8.19,451269.0,8.17,0.00121873,0.220113,452110.0
601766.SH,20260821,705300.0,6.16,4344648.0,6.19,0.00289915,0.472213,2432780.0
601728.SH,20260821,544500.0,6.51,3544695.0,6.56,0.000701407,0.410863,7762970.0
601727.SH,20260821,203900.0,6.49,1323311.0,6.52,0.00161625,0.433636,1261560.0
601718.SH,20260821,449200.0,1.83,822036.0,1.84,0.0103002,1.57674,436107.0
601717.SH,20260821,143900.0,15.0,2158500.0,14.99,0.00933103,1.02047,154217.0
601702.SH,20260821,49400.0,16.15,797810.0,16.2,0.00494727,0.348102,99853.1
601700.SH,20260821,5857900.0,7.53,44109987.0,7.5,0.514412,3.12102,113876.0
600997.SH,20260821,92900.0,5.6,520240.0,5.56,0.00585086,0.736921,158780.0
600995.SH,20260821,99400.0,12.37,1229578.0,12.33,0.00311013,0.930243,319601.0
600667.SH,20260821,1860632.0,21.11,39277942.0,21.21,0.0889598,0.59004,209154.0
600777.SH,20260821,142800.0,4.12,588336.0,4.1,0.00224311,0.751868,636615.0
600775.SH,20260821,31200.0,9.37,292344.0,9.46,0.00464397,0.192131,67183.9
600774.SH,20260821,79500.0,7.32,581940.0,7.39,0.0269601,1.97513,29488.0
600773.SH,20260821,32400.0,10.66,345384.0,10.67,0.00340484,0.172648,95158.7
600771.SH,20260821,25200.0,13.81,348012.0,13.92,0.0051482,0.243359,48949.1
600770.SH,20260821,125900.0,5.04,634536.0,5.03,0.00968462,0.544948,130000.0
600769.SH,20260821,47100.0,15.19,715449.0,15.18,0.0125608,0.329662,37497.7
600768.SH,20260821,35300.0,14.83,523499.0,14.95,0.0263931,0.505761,13374.7
600765.SH,20260821,49900.0,13.04,650696.0,13.09,0.00321418,0.390126,155249.0
600764.SH,20260821,13800.0,17.35,239430.0,17.4,0.00194194,0.241099,71062.9
600763.SH,20260821,73600.0,36.1,2656960.0,36.54,0.0164547,0.497296,44728.9
600761.SH,20260821,21900.0,16.56,362664.0,16.55,0.00245876,0.264467,89069.3
600760.SH,20260821,29900.0,43.5,1300650.0,43.5,0.0010567,0.221202,282955.0
600759.SH,20260821,1243800.0,2.51,3121938.0,2.51,0.0300168,0.99132,414369.0
600758.SH,20260821,601600.0,3.31,1991296.0,3.35,0.0455501,0.80564,132074.0
600757.SH,20260821,48700.0,7.7,374990.0,7.71,0.00401319,0.715654,121350.0
600756.SH,20260821,130400.0,14.25,1858200.0,14.42,0.0402347,0.566747,32409.9
600755.SH,20260821,30400.0,5.67,172368.0,5.68,0.00142579,0.278946,213216.0
600754.SH,20260821,22000.0,19.17,421740.0,19.24,0.00242814,0.225571,90604.4
600753.SH,20260821,0.0,,0.0,9.86,0.0,0.0,23030.7
600751.SH,20260821,31600.0,3.18,100488.0,3.17,0.00122805,0.126294,257319.0
600750.SH,20260821,36600.0,24.29,889014.0,24.2,0.00582038,0.782214,62882.5
600749.SH,20260821,40000.0,13.61,544400.0,13.75,0.0176238,0.824036,22696.6
600748.SH,20260821,177700.0,3.84,682368.0,3.88,0.00963372,1.47009,184456.0
600746.SH,20260821,32000.0,6.51,208320.0,6.57,0.00274009,0.265916,116784.0
600745.SH,20260821,90300.0,16.42,1482726.0,16.52,0.00708864,0.252802,127387.0
600744.SH,20260821,270000.0,6.38,1722600.0,6.39,0.0132931,0.190259,203112.0
600743.SH,20260821,20400.0,2.25,45900.0,2.26,0.000869528,0.0820349,234610.0
600776.SH,20260821,25200.0,12.33,310716.0,12.38,0.00263598,0.213269,95600.0
600778.SH,20260821,50300.0,5.56,279668.0,5.56,0.0161625,0.910724,31121.5
600741.SH,20260821,19341.0,15.46,299012.0,15.45,0.00061347,0.161777,315272.0
600779.SH,20260821,2200.0,27.02,59444.0,27.18,0.000451279,0.0917183,48750.3
600814.SH,20260821,19200.0,6.73,129216.0,6.75,0.00261197,0.37258,73507.9
600812.SH,20260821,313200.0,5.08,1591056.0,5.14,0.0182546,1.0995,171573.0
600810.SH,20260821,20200.0,6.19,125038.0,6.2,0.00186907,0.221673,108075.0
600809.SH,20260821,7780.0,118.5,921930.0,118.5,0.000637724,0.114823,121996.0
600808.SH,20260821,159400.0,2.49,396906.0,2.51,0.00267102,0.313393,596775.0
600807.SH,20260821,75700.0,2.58,195306.0,2.6,0.00961858,0.616038,78701.8
600805.SH,20260821,6600.0,4.41,29106.0,4.42,0.000776219,0.138212,85027.5
600803.SH,20260821,5200.0,17.6,91520.0,17.62,0.000169286,0.0792348,307173.0
600802.SH,20260821,14100.0,4.59,64719.0,4.59,0.00307693,0.260431,45824.8
600801.SH,20260821,27000.0,22.72,613440.0,22.77,0.00201238,0.314895,134170.0
600800.SH,20260821,46896.0,3.3,154757.0,3.3,0.00422589,0.0659431,110973.0
600798.SH,20260821,288900.0,3.29,950481.0,3.29,0.0239446,1.09531,120653.0
600797.SH,20260821,86000.0,6.7,576200.0,6.81,0.00836962,0.313441,102753.0
600796.SH,20260821,400.0,5.13,2052.0,5.14,0.00012842,0.00778552,31147.8
600795.SH,20260821,428900.0,5.17,2217413.0,5.16,0.00240474,0.260795,1783560.0
600794.SH,20260821,10600.0,3.18,33708.0,3.19,0.000883221,0.0753717,120015.0
600793.SH,20260821,36000.0,14.37,517320.0,14.33,0.02035,0.557908,17690.4
600792.SH,20260821,167000.0,3.59,599530.0,3.6,0.0150461,0.49248,110992.0
600791.SH,20260821,30300.0,7.35,222705.0,7.4,0.00669889,0.186527,45231.4
600790.SH,20260821,19300.0,3.36,64848.0,3.38,0.0013167,0.207317,146579.0
600789.SH,20260821,371300.0,7.59,2818167.0,7.69,0.0367515,1.07761,101030.0
600787.SH,20260821,39000.0,4.58,178620.0,4.57,0.00179717,0.293205,217008.0
600785.SH,20260821,1103420.0,9.74,10747311.0,8.85,0.349312,11.7799,31588.4
600784.SH,20260821,4100.0,7.84,32144.0,7.86,0.000606821,0.0360578,67565.2
600783.SH,20260821,589900.0,18.37,10836463.0,18.62,0.0792494,1.57858,74435.9
600782.SH,20260821,226100.0,2.71,612731.0,2.72,0.0071877,0.692043,314565.0
600780.SH,20260821,14900.0,5.8,86420.0,5.82,0.0012996,0.206835,114650.0
600742.SH,20260821,1900.0,7.57,14383.0,7.57,0.0002557,0.0477022,74305.8
600740.SH,20260821,266900.0,3.56,950164.0,3.58,0.0104171,0.482704,256212.0
600993.SH,20260821,33400.0,23.4,781560.0,23.49,0.0077617,0.750711,43031.8
600707.SH,20260821,1437800.0,9.61,13817258.0,9.79,0.0400762,0.648923,358767.0
600704.SH,20260821,48000.0,4.89,234720.0,4.89,0.000928221,0.168497,517118.0
600703.SH,20260821,361400.0,13.58,4907812.0,13.75,0.00724391,0.198573,498902.0
600702.SH,20260821,15600.0,35.23,549588.0,35.28,0.00469949,0.176454,33195.1
600699.SH,20260821,97100.0,19.21,1865291.0,19.31,0.00695723,0.426841,139567.0
600698.SH,20260821,62600.0,6.64,415664.0,6.64,0.00753807,0.316427,83045.2
600697.SH,20260821,7500.0,10.72,80400.0,10.76,0.004827,0.288041,15537.6
600694.SH,20260821,17500.0,14.48,253400.0,14.55,0.00461993,0.629417,37879.4
600693.SH,20260821,178800.0,8.91,1593108.0,8.95,0.0205765,0.251906,86895.3
600692.SH,20260821,242000.0,6.49,1570580.0,6.49,0.094898,3.52935,25501.1
600691.SH,20260821,194300.0,2.52,489636.0,2.51,0.00817904,0.61372,237559.0
600690.SH,20260821,380310.0,20.92,7956085.0,20.9,0.00608201,0.950602,625303.0
600689.SH,20260821,13600.0,10.69,145384.0,10.72,0.00893537,0.623556,15220.4
600688.SH,20260821,192700.0,2.81,541487.0,2.81,0.00262935,0.342959,732881.0
600686.SH,20260821,90500.0,11.09,1003645.0,11.11,0.0126212,0.644202,71704.7
600685.SH,20260821,27300.0,25.17,687141.0,25.29,0.00332345,0.279056,82143.5
600684.SH,20260821,40200.0,3.47,139494.0,3.5,0.00471023,0.223102,85346.1
600683.SH,20260821,906900.0,10.32,9359208.0,10.65,0.122425,1.18592,74077.8
600682.SH,20260821,173100.0,5.86,1014366.0,5.92,0.0148704,0.917404,116406.0
600681.SH,20260821,26700.0,3.42,91314.0,3.43,0.00199282,0.153849,133981.0
600679.SH,20260821,15100.0,9.5,143450.0,9.49,0.00439344,0.772521,34369.4
600678.SH,20260821,20900.0,5.35,111815.0,5.36,0.00598871,0.361927,34899.0
600676.SH,20260821,46900.0,6.54,306726.0,6.59,0.00456007,0.699014,102849.0
600675.SH,20260821,838500.0,2.28,1911780.0,2.3,0.0138684,2.3119,604614.0
600674.SH,20260821,30700.0,15.5,475850.0,15.5,0.000629794,0.0983607,487461.0
600673.SH,20260821,53600.0,33.63,1802568.0,33.68,0.00178574,0.102315,300156.0
600671.SH,20260821,5100.0,20.91,106641.0,21.05,0.00418821,0.15903,12177.1
600668.SH,20260821,28000.0,7.41,207480.0,7.48,0.00678129,0.49519,41290.1
600706.SH,20260821,57000.0,7.87,448590.0,7.94,0.0224383,1.05928,25403.0
600708.SH,20260821,114900.0,3.04,349296.0,3.08,0.0051634,0.708603,222528.0
600739.SH,20260821,679700.0,10.92,7422324.0,10.96,0.0446491,3.90045,152232.0
600710.SH,20260821,26100.0,10.22,266742.0,10.21,0.00199732,0.388856,130675.0
600738.SH,20260821,90300.0,4.07,367521.0,4.09,0.0118712,0.500569,76066.6
600737.SH,20260821,1518700.0,15.41,23403167.0,15.85,0.0710055,1.44689,213885.0
600736.SH,20260821,53000.0,6.72,356160.0,6.76,0.00460352,0.210346,115129.0
600735.SH,20260821,2100.0,5.92,12432.0,5.95,0.000493593,0.0522497,42545.2
600734.SH,20260821,715100.0,1.63,1165613.0,1.63,0.0328351,2.73919,217785.0
600733.SH,20260821,706700.0,5.15,3639505.0,5.21,0.0116908,0.902838,604495.0
600732.SH,20260821,46700.0,11.76,549192.0,11.76,0.00221826,0.157822,210525.0
600731.SH,20260821,400.0,5.91,2364.0,5.92,7.3844e-05,0.00531856,54168.3
600730.SH,20260821,66700.0,10.09,673003.0,10.21,0.0113695,0.50408,58665.6
600729.SH,20260821,14400.0,19.53,281232.0,19.45,0.00748119,0.442086,19248.3
600728.SH,20260821,113300.0,4.55,515515.0,4.58,0.00531277,0.456079,213260.0
600727.SH,20260821,96200.0,7.35,707070.0,7.37,0.0181996,0.806946,52858.3
600726.SH,20260821,280000.0,5.6,1568000.0,5.65,0.00374565,0.151544,747534.0
600725.SH,20260821,29000.0,3.14,91060.0,3.16,0.002353,0.155498,123247.0
600724.SH,20260821,7400.0,5.01,37074.0,5.07,0.000512131,0.109202,144494.0
600722.SH,20260821,1000200.0,12.81,12812562.0,13.24,0.147019,0.744264,68032.0
600721.SH,20260821,5522400.0,12.89,71183736.0,13.66,1.43608,4.69717,38454.8
600720.SH,20260821,21300.0,5.22,111186.0,5.23,0.0021109,0.237612,100905.0
600719.SH,20260821,119300.0,6.9,823170.0,7.05,0.0294859,0.915623,40460.0
600718.SH,20260821,21100.0,8.11,171121.0,8.13,0.00176357,0.235793,119644.0
600717.SH,20260821,39300.0,4.28,168204.0,4.27,0.00135798,0.215602,289400.0
600716.SH,20260821,9400.0,3.56,33464.0,3.56,0.00100421,0.20788,93606.1
600715.SH,20260821,200400.0,1.55,310620.0,1.57,0.00700119,0.499069,286237.0
600714.SH,20260821,59900.0,14.82,887718.0,14.75,0.0207859,0.410118,28817.6
600713.SH,20260821,526100.0,5.29,2783069.0,5.37,0.0407888,2.65344,128981.0
600712.SH,20260821,75800.0,5.37,407046.0,5.37,0.0140723,0.611492,53864.8
600711.SH,20260821,592200.0,11.6,6869520.0,11.64,0.0191613,0.574381,309061.0
600815.SH,20260821,295900.0,3.9,1154010.0,3.91,0.0166789,0.339945,177409.0
600816.SH,20260821,336900.0,2.46,828774.0,2.48,0.00616002,0.350285,546914.0
600817.SH,20260821,27800.0,9.39,261042.0,9.53,0.00525032,0.990313,52949.2
600956.SH,20260821,25300.0,7.04,178112.0,7.04,0.00107747,0.40013,234809.0
600941.SH,20260821,10200.0,96.57,985014.0,96.7,0.00112986,0.101298,90276.8
600939.SH,20260821,6100.0,2.58,15738.0,2.59,0.000320635,0.0659073,190248.0
600938.SH,20260821,291200.0,33.55,9769760.0,33.3,0.00973913,0.704292,299000.0
600936.SH,20260821,450200.0,4.84,2178968.0,4.93,0.0269415,0.456789,167103.0
600935.SH,20260821,173900.0,2.26,393014.0,2.27,0.00495809,1.2979,350740.0
600933.SH,20260821,20400.0,13.68,279072.0,13.65,0.00207948,0.218051,98101.3
600930.SH,20260821,916200.0,3.9,3573180.0,3.91,0.00852819,0.556639,1074320.0
600929.SH,20260821,41000.0,5.22,214020.0,5.27,0.00249983,0.264093,164011.0
600928.SH,20260821,235800.0,3.55,837090.0,3.56,0.0053308,1.256,442335.0
600927.SH,20260821,12300.0,12.95,159285.0,12.91,0.000848016,0.292627,145044.0
600926.SH,20260821,367900.0,16.82,6188078.0,16.81,0.00507518,0.8794,724900.0
600925.SH,20260821,61000.0,4.34,264740.0,4.36,0.00379814,0.833796,160605.0
600919.SH,20260821,430100.0,12.06,5187006.0,12.1,0.0023437,0.440415,1835130.0
600918.SH,20260821,146500.0,5.59,818935.0,5.6,0.00321073,0.433567,456282.0
600917.SH,20260821,6500.0,4.85,31525.0,4.84,0.000416389,0.159229,156104.0
600916.SH,20260821,314300.0,7.72,2426396.0,7.69,0.0187083,0.979086,168000.0
600909.SH,20260821,528900.0,8.03,4247067.0,8.04,0.010527,0.506729,502421.0
600908.SH,20260821,234000.0,5.39,1261260.0,5.4,0.011704,1.45109,199931.0
600906.SH,20260821,134900.0,6.39,862011.0,6.42,0.00635052,0.54426,212424.0
600905.SH,20260821,213200.0,3.71,790972.0,3.72,0.000745777,0.333134,2858760.0
600903.SH,20260821,225200.0,6.27,1412004.0,6.16,0.0193473,0.720719,116399.0
600901.SH,20260821,127200.0,6.48,824256.0,6.46,0.00219672,0.340929,579045.0
600900.SH,20260821,280200.0,28.15,7887630.0,28.16,0.00114516,0.325323,2446820.0
600897.SH,20260821,7300.0,14.85,108405.0,14.85,0.00175088,0.630171,41693.4
600895.SH,20260821,106100.0,30.66,3253026.0,30.77,0.00685095,0.402933,154869.0
600894.SH,20260821,5000.0,7.87,39350.0,7.88,0.000593018,0.147569,84314.4
600893.SH,20260821,91100.0,35.51,3234961.0,35.78,0.00341823,0.312627,266512.0
600955.SH,20260821,16400.0,12.76,209264.0,12.85,0.00298182,0.371276,55000.0
600958.SH,20260821,75500.0,8.91,672705.0,8.92,0.00101078,0.196277,746948.0
600818.SH,20260821,20100.0,6.9,138690.0,6.9,0.00844687,0.566924,23795.8
600959.SH,20260821,134400.0,3.0,403200.0,3.0,0.00268761,0.57101,500072.0
600992.SH,20260821,34300.0,9.58,328594.0,9.67,0.0139949,0.517386,24509.0
600990.SH,20260821,6700.0,17.78,119126.0,17.8,0.00249059,0.173964,26901.3
600989.SH,20260821,237600.0,23.6,5607360.0,23.4,0.00323999,0.331355,733336.0
600988.SH,20260821,1078903.0,46.98,50686863.0,46.1,0.0648414,1.73183,166391.0
600987.SH,20260821,13300.0,6.51,86583.0,6.53,0.00130288,0.228475,102082.0
600986.SH,20260821,273300.0,7.0,1913100.0,7.06,0.0183747,0.38248,148737.0
600985.SH,20260821,88900.0,17.35,1542415.0,17.6,0.00330083,0.268921,269326.0
600983.SH,20260821,1300.0,7.8,10140.0,7.84,0.000169616,0.0576032,76643.9
600982.SH,20260821,8500.0,4.81,40885.0,4.81,0.00076054,0.0424347,111763.0
600981.SH,20260821,11300.0,2.41,27233.0,2.41,0.000503917,0.0652686,224243.0
600980.SH,20260821,34900.0,19.9,694510.0,19.6,0.0184399,1.0838,18926.4
600979.SH,20260821,18400.0,3.82,70288.0,3.84,0.00148186,0.064392,124169.0
600977.SH,20260821,122600.0,11.84,1451584.0,11.93,0.00656668,0.369245,186700.0
600976.SH,20260821,4900.0,28.53,139797.0,28.63,0.00319638,0.165379,15329.9
600975.SH,20260821,9000.0,4.96,44640.0,5.0,0.000720195,0.060713,124966.0
600973.SH,20260821,25700.0,5.99,153943.0,6.04,0.00187404,0.121018,137137.0
600971.SH,20260821,109000.0,8.67,945030.0,8.67,0.0090833,0.525021,120000.0
600970.SH,20260821,15300.0,7.79,119187.0,7.78,0.000583566,0.119311,262181.0
600969.SH,20260821,67800.0,8.52,577656.0,8.59,0.0183218,0.705819,37005.0
600968.SH,20260821,39700.0,4.03,159991.0,4.01,0.000390552,0.082215,1016510.0
600967.SH,20260821,44100.0,10.73,473193.0,10.81,0.00259138,0.219749,170179.0
600966.SH,20260821,300.0,4.82,1446.0,4.82,2.24409e-05,0.00325943,133684.0
600965.SH,20260821,86300.0,2.76,238188.0,2.79,0.0105411,0.670044,81870.1
600963.SH,20260821,39400.0,3.32,130808.0,3.32,0.00224173,0.138758,175757.0
600962.SH,20260821,27800.0,25.23,701394.0,25.22,0.0106022,0.401459,26221.0
600961.SH,20260821,291100.0,27.09,7885899.0,27.09,0.0387198,0.600075,75181.2
600960.SH,20260821,15500.0,3.93,60915.0,3.96,0.00163069,0.159258,95051.6
600892.SH,20260821,72600.0,3.72,270072.0,3.75,0.0129801,0.20169,55932.0
600889.SH,20260821,4300.0,13.4,57620.0,13.4,0.00117375,0.146327,36634.6
600888.SH,20260821,723400.0,9.92,7176128.0,9.81,0.0465782,1.34146,155309.0
600887.SH,20260821,332773.0,25.45,8469073.0,25.52,0.00528721,0.54833,629393.0
600853.SH,20260821,71700.0,3.29,235893.0,3.3,0.0070731,0.910265,101370.0
600851.SH,20260821,1492000.0,8.23,12279160.0,8.96,0.202112,8.60658,73820.6
600850.SH,20260821,31920.0,14.31,456775.0,14.3,0.00391062,0.334952,81623.9
600848.SH,20260821,22500.0,8.5,191250.0,8.5,0.000939884,0.368357,239391.0
600847.SH,20260821,10000.0,12.66,126600.0,12.74,0.00652369,0.600396,15328.7
600846.SH,20260821,13200.0,11.85,156420.0,11.96,0.00211281,0.276526,62476.2
600845.SH,20260821,44200.0,17.55,775710.0,17.69,0.00207118,0.231048,213405.0
600844.SH,20260821,212200.0,3.52,746944.0,3.52,0.0257922,0.552762,82273.1
600843.SH,20260821,30600.0,6.81,208386.0,6.86,0.00652142,0.462281,46922.3
600841.SH,20260821,7500.0,5.66,42450.0,5.66,0.000719063,0.0572068,104302.0
600839.SH,20260821,463600.0,6.9,3198840.0,6.96,0.0100456,0.433674,461496.0
600838.SH,20260821,26700.0,7.45,198915.0,7.51,0.00666031,0.329766,40088.2
600835.SH,20260821,7900.0,18.14,143306.0,18.23,0.000979536,0.135233,80650.4
600834.SH,20260821,225800.0,7.43,1677694.0,7.56,0.0472997,8.64136,47738.2
600833.SH,20260821,186300.0,10.82,2015766.0,11.04,0.0835103,0.998366,22308.6
600831.SH,20260821,20500.0,3.31,67855.0,3.32,0.00288348,0.198243,71094.7
600830.SH,20260821,16700.0,8.1,135270.0,8.12,0.0036758,0.462488,45432.3
600829.SH,20260821,701600.0,9.74,6833584.0,10.27,0.120989,1.27566,57988.9
600828.SH,20260821,79300.0,3.96,314028.0,3.93,0.00458021,0.629756,173136.0
600827.SH,20260821,47600.0,7.57,360332.0,7.59,0.00296675,0.370257,160445.0
600826.SH,20260821,4300.0,7.86,33798.0,7.87,0.000593772,0.117157,72418.4
600825.SH,20260821,86700.0,4.89,423963.0,4.95,0.00829754,1.14066,104489.0
600824.SH,20260821,293322.0,3.67,1076492.0,3.63,0.0278287,1.08747,105403.0
600822.SH,20260821,3800.0,8.36,31768.0,8.36,0.000959238,0.157279,39614.8
600821.SH,20260821,159200.0,5.95,947240.0,5.96,0.00809221,0.119438,196732.0
600820.SH,20260821,29300.0,5.4,158220.0,5.41,0.000931905,0.191818,314410.0
600819.SH,20260821,3100.0,5.41,16771.0,5.45,0.000392774,0.0481848,78925.7
600854.SH,20260821,10000.0,4.54,45400.0,4.53,0.00192508,0.185881,51945.9
600855.SH,20260821,19600.0,11.86,232456.0,11.92,0.00419126,0.31081,46764.0
600857.SH,20260821,27300.0,20.19,551187.0,20.25,0.0121701,0.312878,22432.0
600873.SH,20260821,117200.0,7.81,915332.0,7.85,0.00417938,0.395038,280424.0
600886.SH,20260821,48500.0,13.92,675120.0,13.94,0.000650642,0.165043,745418.0
600885.SH,20260821,28100.0,34.55,970855.0,34.84,0.00181572,0.176631,154759.0
600884.SH,20260821,178900.0,11.53,2062717.0,11.65,0.00974874,0.404684,183511.0
600883.SH,20260821,26500.0,7.8,206700.0,7.84,0.0112246,0.383268,23608.8
600882.SH,20260821,17800.0,20.77,369706.0,20.85,0.00350081,0.213199,50845.4
600881.SH,20260821,5511000.0,1.93,10636230.0,1.99,0.170506,1.16975,323215.0
600880.SH,20260821,35300.0,3.82,134846.0,3.85,0.00322955,0.235411,109303.0
600879.SH,20260821,654500.0,14.23,9313535.0,14.38,0.0198375,0.63221,329930.0
600877.SH,20260821,33700.0,12.18,410466.0,12.19,0.00284614,0.213813,118406.0
600876.SH,20260821,17400.0,6.98,121452.0,7.03,0.00439755,0.617582,39567.5
600875.SH,20260821,102500.0,25.53,2616825.0,25.68,0.00452865,0.227193,226337.0
600874.SH,20260821,22300.0,5.63,125549.0,5.64,0.00181239,0.408146,123042.0
600872.SH,20260821,33500.0,18.71,626785.0,18.73,0.00434507,0.294606,77098.8
600858.SH,20260821,71700.0,4.92,352764.0,4.95,0.0138538,1.05575,51754.8
600871.SH,20260821,331000.0,2.22,734820.0,2.22,0.00244334,0.212318,1354700.0
600869.SH,20260821,1645061.0,16.56,27242210.0,16.6,0.0741235,1.05516,221935.0
600868.SH,20260821,115500.0,2.69,310695.0,2.71,0.00608488,0.132629,189815.0
600867.SH,20260821,530700.0,8.36,4436652.0,8.5,0.0270967,1.40602,195854.0
600866.SH,20260821,577500.0,4.38,2529450.0,4.46,0.0347583,2.49381,166147.0
600865.SH,20260821,400.0,8.7,3480.0,8.68,0.000106315,0.00706809,37624.0
600864.SH,20260821,144300.0,5.31,766233.0,5.31,0.0069356,0.346567,208057.0
600863.SH,20260821,884500.0,4.72,4174840.0,4.75,0.0125224,0.697599,706332.0
600862.SH,20260821,25700.0,17.34,445638.0,17.37,0.00184487,0.220592,139305.0
600861.SH,20260821,7300.0,13.12,95776.0,13.16,0.0012895,0.267724,56611.3
600860.SH,20260821,17400.0,8.25,143550.0,8.29,0.00391856,0.0916598,44404.1
600859.SH,20260821,26600.0,9.88,262808.0,9.9,0.00236691,0.190455,112383.0
688321.SH,20260821,368148.0,29.59,10893499.0,29.95,0.0902748,2.31605,40780.8
688322.SH,20260821,40170.0,99.0,3976830.0,100.0,0.0125428,0.296758,32026.4
688323.SH,20260821,90446.0,29.0,2622934.0,29.66,0.0451331,0.410125,20039.8
588050.SH,20260821,690900.0,1.687,1165548.0,1.696,,0.27918,
588030.SH,20260821,173100.0,1.814,314003.0,1.829,,0.126842,
588020.SH,20260821,1266900.0,0.879,1113605.0,0.881,,0.288725,
588010.SH,20260821,425500.0,1.053,448052.0,1.065,,0.215136,
588000.SH,20260821,21766000.0,1.739,37851074.0,1.744,,0.533708,
563990.SH,20260821,0.0,,0.0,1.254,,0.0,
563980.SH,20260821,0.0,,0.0,0.976,,0.0,
563960.SH,20260821,0.0,,0.0,0.965,,0.0,
563930.SH,20260821,3700.0,1.05595,3907.0,1.056,,0.113146,
563900.SH,20260821,0.0,,0.0,1.169,,0.0,
563890.SH,20260821,0.0,,0.0,1.067,,0.0,
563880.SH,20260821,0.0,,0.0,1.256,,0.0,
563870.SH,20260821,0.0,,0.0,0.629,,0.0,
563860.SH,20260821,0.0,,0.0,1.304,,0.0,
563850.SH,20260821,100.0,0.97,97.0,0.975,,0.00440319,
563830.SH,20260821,0.0,,0.0,1.176,,0.0,
563800.SH,20260821,5400.0,1.21093,6539.0,1.216,,0.00180662,
563790.SH,20260821,105600.0,0.81,85536.0,0.814,,0.118243,
563780.SH,20260821,0.0,,0.0,1.224,,0.0,
563770.SH,20260821,5100.0,1.18098,6023.0,1.193,,0.0750247,
563760.SH,20260821,0.0,,0.0,1.181,,0.0,
563750.SH,20260821,0.0,,0.0,1.1,,0.0,
563700.SH,20260821,1400.0,1.05786,1481.0,1.062,,0.0195522,
563690.SH,20260821,0.0,,0.0,1.018,,0.0,
563680.SH,20260821,0.0,,0.0,1.2,,0.0,
563670.SH,20260821,0.0,,0.0,0.653,,0.0,
563660.SH,20260821,0.0,,0.0,1.246,,0.0,
563650.SH,20260821,0.0,,0.0,1.284,,0.0,
588040.SH,20260821,4100.0,1.67098,6851.0,1.681,,0.0323707,
588060.SH,20260821,1015900.0,1.045,1061616.0,1.053,,0.245232,
563620.SH,20260821,0.0,,0.0,1.083,,0.0,
588070.SH,20260821,60300.0,2.22,133866.0,2.25,,0.808465,
588350.SH,20260821,200.0,1.715,343.0,1.71,,0.00987488,
588330.SH,20260821,172300.0,1.111,191425.0,1.115,,0.249775,
588320.SH,20260821,14200.0,1.73599,24651.0,1.743,,0.180166,
588310.SH,20260821,0.0,,0.0,1.176,,0.0,
588300.SH,20260821,75000.0,1.136,85200.0,1.136,,0.161967,
588290.SH,20260821,102800.0,3.416,351165.0,3.435,,0.134519,
588280.SH,20260821,8800.0,1.18602,10437.0,1.19,,0.0294677,
588270.SH,20260821,73100.0,1.679,122735.0,1.701,,0.439487,
588260.SH,20260821,0.0,,0.0,2.517,,0.0,
588250.SH,20260821,293300.0,1.106,324390.0,1.134,,2.19092,
588240.SH,20260821,10600.0,1.65896,17585.0,1.668,,0.0296992,
588230.SH,20260821,180400.0,1.786,322194.0,1.811,,0.239208,
588220.SH,20260821,286400.0,1.809,518098.0,1.824,,0.0677993,
588210.SH,20260821,23900.0,1.81201,43307.0,1.842,,0.184267,
588200.SH,20260821,11008400.0,1.171,12890836.0,1.172,,0.333944,
588190.SH,20260821,26600.0,1.80199,47933.0,1.819,,0.0431421,
588180.SH,20260821,10000.0,1.077,10770.0,1.081,,0.0345033,
588170.SH,20260821,32463420.0,1.014,32917908.0,1.019,,0.447301,
588160.SH,20260821,234900.0,1.082,254162.0,1.093,,0.0941613,
588150.SH,20260821,4700.0,1.17,5499.0,1.176,,0.0126579,
588140.SH,20260821,17600.0,1.19699,21067.0,1.218,,0.189079,
588130.SH,20260821,1031000.0,1.076,1109356.0,1.111,,0.902041,
588120.SH,20260821,70500.0,0.918,64719.0,0.929,,0.0779684,
588110.SH,20260821,513800.0,0.637999,327804.0,0.645,,0.372838,
588100.SH,20260821,0.0,,0.0,0.869,,0.0,
588090.SH,20260821,41400.0,1.688,69883.0,1.702,,0.0418504,
588080.SH,20260821,2232400.0,1.688,3768291.0,1.692,,0.21185,
563630.SH,20260821,0.0,,0.0,1.27,,0.0,
563600.SH,20260821,0.0,,0.0,1.041,,0.0,
588370.SH,20260821,3200.0,1.75312,5610.0,1.754,,0.0523858,
563000.SH,20260821,0.0,,0.0,1.127,,0.0,
562970.SH,20260821,1500.0,0.99,1485.0,0.994,,0.00937245,
562960.SH,20260821,2200.0,1.12182,2468.0,1.122,,0.0064212,
562950.SH,20260821,74700.0,1.524,113843.0,1.534,,0.104555,
562930.SH,20260821,214700.0,0.703,150934.0,0.707,,0.154441,
562920.SH,20260821,2400.0,0.915,2196.0,0.913,,0.0250306,
562910.SH,20260821,4900.0,0.836939,4101.0,0.837,,0.0367005,
562900.SH,20260821,60700.0,0.69,41883.0,0.697,,0.227037,
562890.SH,20260821,0.0,,0.0,1.388,,0.0,
562880.SH,20260821,6500.0,0.754,4901.0,0.76,,0.0176376,
562870.SH,20260821,0.0,,0.0,0.904,,0.0,
562860.SH,20260821,4420800.0,0.69,3050352.0,0.717,,13.4365,
562850.SH,20260821,0.0,,0.0,1.25,,0.0,
562820.SH,20260821,68300.0,0.953001,65090.0,0.955,,0.193512,
562810.SH,20260821,20100.0,1.14801,23075.0,1.15,,0.35397,
562800.SH,20260821,880900.0,0.934,822761.0,0.94,,0.363661,
562700.SH,20260821,0.0,,0.0,1.185,,0.0,
562660.SH,20260821,209400.0,1.863,390112.0,1.867,,0.635722,
562600.SH,20260821,51200.0,0.796992,40806.0,0.803,,0.127808,
562590.SH,20260821,819800.0,1.028,842754.0,1.036,,0.132151,
562580.SH,20260821,0.0,,0.0,1.07,,0.0,
562570.SH,20260821,74900.0,1.36401,102164.0,1.353,,0.416086,
562560.SH,20260821,0.0,,0.0,2.236,,0.0,
562550.SH,20260821,67700.0,1.117,75621.0,1.119,,0.0869959,
562530.SH,20260821,0.0,,0.0,1.263,,0.0,
562520.SH,20260821,0.0,,0.0,1.37,,0.0,
562510.SH,20260821,258600.0,0.566999,146626.0,0.568,,0.457702,
562500.SH,20260821,2257700.0,0.95,2144815.0,0.952,,0.281498,
562990.SH,20260821,0.0,,0.0,0.968,,0.0,
563010.SH,20260821,0.0,,0.0,2.151,,0.0,
563590.SH,20260821,0.0,,0.0,0.985,,0.0,
563020.SH,20260821,818100.0,1.174,960449.0,1.174,,0.354834,
563580.SH,20260821,25800.0,1.13298,29231.0,1.132,,0.402284,
563570.SH,20260821,0.0,,0.0,0.708,,0.0,
563560.SH,20260821,0.0,,0.0,1.183,,0.0,
563550.SH,20260821,0.0,,0.0,1.25,,0.0,
563530.SH,20260821,448200.0,1.072,480470.0,1.083,,0.354097,
563520.SH,20260821,200.0,1.19,238.0,1.197,,0.00141831,
563510.SH,20260821,36800.0,1.005,36984.0,1.007,,0.395792,
563500.SH,20260821,500.0,0.632,316.0,0.631,,0.00272963,
563390.SH,20260821,0.0,,0.0,1.227,,0.0,
563380.SH,20260821,28800.0,0.908993,26179.0,0.913,,0.0568674,
563360.SH,20260821,479600.0,1.281,614368.0,1.284,,0.0141369,
563350.SH,20260821,0.0,,0.0,1.423,,0.0,
563330.SH,20260821,0.0,,0.0,4.187,,0.0,
563320.SH,20260821,0.0,,0.0,0.824,,0.0,
563300.SH,20260821,6196700.0,1.397,8656790.0,1.405,,1.12448,
563280.SH,20260821,0.0,,0.0,1.417,,0.0,
563230.SH,20260821,704700.0,1.07,754029.0,1.076,,0.253819,
563220.SH,20260821,4700.0,1.26511,5946.0,1.266,,0.00259159,
563210.SH,20260821,16900.0,2.05698,34763.0,2.058,,0.166533,
563200.SH,20260821,7800.0,1.48103,11552.0,1.493,,0.0769531,
563180.SH,20260821,3000.0,1.15,3450.0,1.15,,0.0711197,
563150.SH,20260821,0.0,,0.0,1.339,,0.0,
563090.SH,20260821,0.0,,0.0,1.412,,0.0,
563080.SH,20260821,0.0,,0.0,1.386,,0.0,
563060.SH,20260821,0.0,,0.0,1.079,,0.0,
563050.SH,20260821,6300.0,1.29603,8165.0,1.31,,0.0816496,
563030.SH,20260821,0.0,,0.0,1.58,,0.0,
588360.SH,20260821,7700.0,1.18701,9140.0,1.198,,0.033958,
588380.SH,20260821,30300.0,1.11799,33875.0,1.119,,0.0273741,
518800.SH,20260821,350300.0,9.771,3422781.0,9.679,,0.497138,
589630.SH,20260821,200.0,0.78,156.0,0.783,,0.000488265,
589580.SH,20260821,0.0,,0.0,1.56,,0.0,
589560.SH,20260821,1000.0,0.941,941.0,0.929,,0.0130775,
589550.SH,20260821,0.0,,0.0,1.333,,0.0,
589520.SH,20260821,98900.0,0.578999,57263.0,0.585,,0.185938,
589500.SH,20260821,0.0,,0.0,1.596,,0.0,
589460.SH,20260821,62300.0,0.966003,60182.0,0.979,,,
589420.SH,20260821,5300.0,0.75,3975.0,0.75,,0.0312547,
589410.SH,20260821,22000.0,0.816,17952.0,0.818,,0.185048,
589400.SH,20260821,3200.0,0.748125,2394.0,0.751,,0.0221425,
589390.SH,20260821,0.0,,0.0,0.745,,0.0,
589380.SH,20260821,0.0,,0.0,1.392,,0.0,
589360.SH,20260821,40400.0,0.85,34340.0,0.854,,0.0451788,
589350.SH,20260821,17000.0,0.753,12801.0,0.759,,0.0649491,
589330.SH,20260821,122400.0,0.875,107100.0,0.884,,1.80888,
589320.SH,20260821,200.0,0.86,172.0,0.864,,0.00410194,
589310.SH,20260821,1600.0,0.80375,1286.0,0.804,,0.0393618,
589300.SH,20260821,0.0,,0.0,1.724,,0.0,
589290.SH,20260821,0.0,,0.0,0.775,,0.0,
589280.SH,20260821,0.0,,0.0,0.926,,0.0,
589270.SH,20260821,0.0,,0.0,1.157,,0.0,
589260.SH,20260821,100.0,1.22,122.0,1.225,,0.00176554,
589250.SH,20260821,14700.0,1.22299,17978.0,1.225,,0.200012,
589230.SH,20260821,300.0,0.843333,253.0,0.843,,0.00136207,
589220.SH,20260821,21300.0,1.01502,21620.0,1.02,,0.0565739,
589210.SH,20260821,62700.0,0.665997,41758.0,0.667,,0.0927368,
589200.SH,20260821,0.0,,0.0,1.378,,0.0,
589190.SH,20260821,52100.0,0.636008,33136.0,0.638,,0.0623492,
589600.SH,20260821,15000.0,1.558,23370.0,1.575,,0.126236,
589660.SH,20260821,1000.0,1.585,1585.0,1.593,,0.00228064,
589170.SH,20260821,32000.0,1.061,33952.0,1.061,,0.406395,
589680.SH,20260821,127700.0,1.511,192955.0,1.529,,0.102984,
000017.SZ,20260821,3032100.0,7.11,21558231.0,6.46,0.687829,45.1862,44082.2
000016.SZ,20260821,77500.0,2.31,179025.0,2.31,0.00485408,0.490122,159659.0
000014.SZ,20260821,34200.0,10.0,342000.0,10.13,0.0141295,0.699465,24204.6
000012.SZ,20260821,37700.0,3.73,140621.0,3.75,0.00192414,0.177214,195932.0
000011.SZ,20260821,18100.0,8.2,148420.0,8.21,0.00343796,0.204907,52647.6
000010.SZ,20260821,1365400.0,1.49,2034446.0,1.48,0.148798,8.33039,91762.2
000009.SZ,20260821,205400.0,7.6,1561040.0,7.5,0.00797354,0.757124,257602.0
000008.SZ,20260821,173000.0,2.42,418660.0,2.42,0.00636896,0.586676,271630.0
000007.SZ,20260821,343000.0,12.44,4266920.0,12.09,0.0990047,2.71308,34644.8
000006.SZ,20260821,81600.0,7.08,577728.0,7.14,0.00604451,0.301982,134998.0
000002.SZ,20260821,1028100.0,3.12,3207672.0,3.14,0.0105805,0.891117,971694.0
000001.SZ,20260821,304900.0,11.36,3463664.0,11.4,0.00157119,0.294283,1940570.0
589990.SH,20260821,0.0,,0.0,1.653,,0.0,
589980.SH,20260821,0.0,,0.0,1.891,,0.0,
589960.SH,20260821,200.0,0.88,176.0,0.881,,0.000534161,
589950.SH,20260821,9100.0,1.35505,12331.0,1.368,,0.223957,
589900.SH,20260821,0.0,,0.0,1.574,,0.0,
589890.SH,20260821,0.0,,0.0,1.573,,0.0,
589880.SH,20260821,0.0,,0.0,1.556,,0.0,
589860.SH,20260821,500.0,1.57,785.0,1.572,,0.00235959,
589850.SH,20260821,615300.0,1.58,972174.0,1.587,,0.665328,
589820.SH,20260821,0.0,,0.0,1.248,,0.0,
589800.SH,20260821,19700.0,1.57401,31008.0,1.586,,0.0327284,
589780.SH,20260821,800.0,1.23625,989.0,1.236,,0.0434311,
589770.SH,20260821,0.0,,0.0,1.593,,0.0,
589720.SH,20260821,19687163.0,0.975,19194984.0,1.002,,1.5735,
589700.SH,20260821,18700.0,2.21,41327.0,2.233,,0.229478,
589180.SH,20260821,149700.0,1.725,258233.0,1.747,,0.536166,
589160.SH,20260821,43700.0,1.27501,55718.0,1.275,,0.14562,
588390.SH,20260821,1100.0,1.18909,1308.0,1.198,,0.0127291,
588820.SH,20260821,1000.0,1.93,1930.0,1.94,,0.00695063,
588800.SH,20260821,231300.0,1.785,412871.0,1.807,,0.141135,
588790.SH,20260821,167900.0,0.772001,129619.0,0.778,,0.052153,
588780.SH,20260821,91700.0,0.965005,88491.0,0.969,,0.0407423,
588770.SH,20260821,300.0,1.83333,550.0,1.833,,0.00403524,
588760.SH,20260821,213700.0,0.733,156642.0,0.737,,0.0940515,
588750.SH,20260821,250000.0,2.336,584000.0,2.344,,0.201939,
588730.SH,20260821,73300.0,1.45201,106432.0,1.452,,0.104387,
588720.SH,20260821,1000.0,1.684,1684.0,1.685,,0.0176455,
588710.SH,20260821,8296300.0,1.048,8694522.0,1.053,,0.614024,
588700.SH,20260821,273800.0,1.061,290502.0,1.092,,0.274281,
588690.SH,20260821,1700.0,1.20412,2047.0,1.204,,0.131163,
588680.SH,20260821,0.0,,0.0,2.655,,0.0,
588670.SH,20260821,0.0,,0.0,1.764,,0.0,
588660.SH,20260821,0.0,,0.0,1.826,,0.0,
588550.SH,20260821,1000.0,1.344,1344.0,1.349,,0.0183756,
588530.SH,20260821,0.0,,0.0,0.918,,0.0,
588520.SH,20260821,0.0,,0.0,1.432,,0.0,
588510.SH,20260821,5200.0,0.835962,4347.0,0.838,,0.0239848,
588500.SH,20260821,9000.0,2.602,23418.0,2.617,,0.134583,
588480.SH,20260821,2600.0,0.878077,2283.0,0.888,,0.0220793,
588470.SH,20260821,0.0,,0.0,0.822,,0.0,
588460.SH,20260821,16100.0,2.03602,32780.0,2.048,,0.0512076,
588450.SH,20260821,0.0,,0.0,2.154,,0.0,
588430.SH,20260821,25700.0,1.20899,31071.0,1.204,,0.356429,
588420.SH,20260821,18300.0,1.16,21228.0,1.166,,0.0991003,
588410.SH,20260821,0.0,,0.0,1.176,,0.0,
588400.SH,20260821,18500.0,1.11503,20628.0,1.116,,0.0343357,
588810.SH,20260821,36200.0,2.49699,90391.0,2.51,,0.0774093,
588830.SH,20260821,27900.0,1.23599,34484.0,1.245,,0.0386643,
589150.SH,20260821,19400.0,1.195,23183.0,1.197,,0.119673,
588840.SH,20260821,36700.0,1.53,56151.0,1.533,,0.602137,
589130.SH,20260821,439700.0,1.394,612942.0,1.393,,0.225468,
589120.SH,20260821,4344000.0,0.898,3900912.0,0.926,,1.6058,
589110.SH,20260821,5300.0,0.903962,4791.0,0.904,,0.0498689,
589100.SH,20260821,32800.0,0.905,29684.0,0.907,,0.0492794,
589090.SH,20260821,5500.0,1.038,5709.0,1.043,,0.0838484,
589080.SH,20260821,0.0,,0.0,1.57,,0.0,
589070.SH,20260821,142400.0,1.047,149093.0,1.052,,0.0579468,
589060.SH,20260821,122900.0,1.647,202416.0,1.654,,2.92286,
589050.SH,20260821,0.0,,0.0,1.366,,0.0,
589030.SH,20260821,26200.0,1.12198,29396.0,1.127,,0.0328494,
589020.SH,20260821,3535000.0,1.235,4365725.0,1.241,,0.387091,
589010.SH,20260821,6700.0,1.37701,9226.0,1.379,,0.0118877,
589000.SH,20260821,81300.0,1.56501,127235.0,1.576,,0.129816,
588990.SH,20260821,7000.0,3.642,25494.0,3.667,,0.0536181,
588980.SH,20260821,0.0,,0.0,1.675,,0.0,
588960.SH,20260821,600.0,1.15167,691.0,1.151,,0.00819249,
588950.SH,20260821,46700.0,1.72101,80371.0,1.736,,0.0804547,
588940.SH,20260821,255000.0,0.851,217005.0,0.857,,0.132522,
588930.SH,20260821,65700.0,1.511,99273.0,1.527,,0.200467,
588920.SH,20260821,116400.0,1.123,130717.0,1.126,,0.362224,
588910.SH,20260821,0.0,,0.0,1.534,,0.0,
588900.SH,20260821,0.0,,0.0,1.882,,0.0,
588890.SH,20260821,27900.0,3.95799,110428.0,3.97,,0.0712852,
588880.SH,20260821,0.0,,0.0,1.812,,0.0,
588870.SH,20260821,147400.0,1.667,245716.0,1.678,,0.191974,
588860.SH,20260821,321300.0,0.709001,227802.0,0.728,,1.26068,
588850.SH,20260821,14600.0,1.80699,26382.0,1.818,,0.101027,
562390.SH,20260821,0.0,,0.0,0.905,,0.0,
562380.SH,20260821,300.0,1.23667,371.0,1.238,,0.00570303,
562360.SH,20260821,22900.0,1.029,23564.0,1.032,,0.112239,
560110.SH,20260821,54300.0,1.134,61576.0,1.144,,0.191345,
560090.SH,20260821,42500.0,1.14101,48493.0,1.141,,0.0487085,
560080.SH,20260821,409700.0,0.988001,404784.0,0.996,,0.775712,
560070.SH,20260821,10000.0,1.158,11580.0,1.169,,0.606346,
560060.SH,20260821,0.0,,0.0,0.922,,0.0,
560050.SH,20260821,400.0,1.1,440.0,1.101,,0.000496867,
560030.SH,20260821,0.0,,0.0,1.296,,0.0,
560020.SH,20260821,0.0,,0.0,1.124,,0.0,
560010.SH,20260821,354200.0,3.13,1108646.0,3.156,,0.09649,
551900.SH,20260821,0.0,,0.0,101.784,,0.0,
551800.SH,20260821,0.0,,0.0,101.091,,0.0,
551580.SH,20260821,0.0,,0.0,102.216,,0.0,
551560.SH,20260821,0.0,,0.0,101.94,,0.0,
551550.SH,20260821,0.0,,0.0,101.748,,0.0,
551520.SH,20260821,0.0,,0.0,102.057,,0.0,
551510.SH,20260821,0.0,,0.0,102.358,,0.0,
551500.SH,20260821,0.0,,0.0,102.2,,0.0,
551300.SH,20260821,0.0,,0.0,102.191,,0.0,
551060.SH,20260821,0.0,,0.0,101.938,,0.0,
551030.SH,20260821,0.0,,0.0,101.911,,0.0,
551000.SH,20260821,0.0,,0.0,101.989,,0.0,
530880.SH,20260821,100.0,1.11,111.0,1.116,,0.00992556,
530800.SH,20260821,0.0,,0.0,1.197,,0.0,
530680.SH,20260821,0.0,,0.0,1.165,,0.0,
530580.SH,20260821,0.0,,0.0,1.166,,0.0,
530530.SH,20260821,0.0,,0.0,1.144,,0.0,
530380.SH,20260821,0.0,,0.0,1.116,,0.0,
530300.SH,20260821,0.0,,0.0,1.232,,0.0,
560100.SH,20260821,1000.0,1.337,1337.0,1.337,,0.0103888,
560120.SH,20260821,5500.0,1.222,6721.0,1.216,,0.0343699,
530180.SH,20260821,0.0,,0.0,1.194,,0.0,
560130.SH,20260821,0.0,,0.0,0.938,,0.0,
560460.SH,20260821,500.0,0.89,445.0,0.89,,0.00986703,
560450.SH,20260821,0.0,,0.0,0.925,,0.0,
560420.SH,20260821,0.0,,0.0,0.954,,0.0,
560410.SH,20260821,0.0,,0.0,0.849,,0.0,
560400.SH,20260821,10000.0,0.966,9660.0,0.965,,0.0449186,
560390.SH,20260821,729700.0,0.866,631920.0,0.874,,0.552075,
560380.SH,20260821,0.0,,0.0,1.264,,0.0,
560370.SH,20260821,200.0,0.9,180.0,0.899,,0.0118228,
560360.SH,20260821,0.0,,0.0,1.228,,0.0,
560350.SH,20260821,500.0,1.276,638.0,1.276,,0.00244928,
560330.SH,20260821,0.0,,0.0,1.228,,0.0,
560320.SH,20260821,0.0,,0.0,0.952,,0.0,
560310.SH,20260821,0.0,,0.0,0.769,,0.0,
560300.SH,20260821,0.0,,0.0,2.26,,0.0,
560290.SH,20260821,9900.0,0.82798,8197.0,0.824,,0.149216,
560280.SH,20260821,81100.0,1.511,122542.0,1.518,,0.0759714,
560270.SH,20260821,5000.0,0.928,4640.0,0.934,,0.0548272,
560260.SH,20260821,148600.0,0.893997,132848.0,0.913,,0.890975,
560250.SH,20260821,0.0,,0.0,0.99,,0.0,
560230.SH,20260821,0.0,,0.0,0.764,,0.0,
560220.SH,20260821,81700.0,1.412,115360.0,1.426,,1.0687,
560210.SH,20260821,24800.0,0.81,20088.0,0.815,,0.2068,
560190.SH,20260821,0.0,,0.0,1.006,,0.0,
560180.SH,20260821,0.0,,0.0,1.193,,0.0,
560170.SH,20260821,24800.0,1.21899,30231.0,1.223,,0.0924271,
560160.SH,20260821,14100.0,0.938014,13226.0,0.947,,0.330855,
560150.SH,20260821,0.0,,0.0,1.129,,0.0,
530280.SH,20260821,0.0,,0.0,1.202,,0.0,
530100.SH,20260821,45000.0,1.132,50940.0,1.148,,1.36484,
562350.SH,20260821,1200.0,1.08083,1297.0,1.081,,0.00950721,
520770.SH,20260821,282000.0,0.973,274386.0,0.955,,6.88114,
520750.SH,20260821,8000.0,0.888,7104.0,0.893,,0.0176556,
520740.SH,20260821,10700.0,0.942991,10090.0,0.948,,0.165139,
520730.SH,20260821,0.0,,0.0,0.801,,0.0,
520720.SH,20260821,7000.0,0.77,5390.0,0.772,,0.0385792,
520710.SH,20260821,21400.0,0.894019,19132.0,0.899,,0.0405782,
520700.SH,20260821,839000.0,1.653,1386867.0,1.675,,0.222918,
520690.SH,20260821,238200.0,0.759001,180794.0,0.768,,0.147034,
520680.SH,20260821,6400.0,0.84,5376.0,0.844,,0.0798176,
520670.SH,20260821,0.0,,0.0,0.786,,0.0,
520660.SH,20260821,193400.0,0.987999,191079.0,0.987,,0.294612,
520650.SH,20260821,23100.0,0.618009,14276.0,0.618,,0.0156716,
520630.SH,20260821,128000.0,0.689,88192.0,0.687,,0.414656,
520620.SH,20260821,50400.0,0.837004,42185.0,0.836,,2.00682,
520610.SH,20260821,100.0,0.95,95.0,0.945,,0.00195416,
520600.SH,20260821,133200.0,1.044,139061.0,1.047,,0.106883,
520590.SH,20260821,300.0,0.806667,242.0,0.806,,0.00243074,
520580.SH,20260821,2200.0,0.950909,2092.0,0.951,,0.0755308,
520570.SH,20260821,135900.0,0.748999,101789.0,0.754,,0.139429,
520560.SH,20260821,15100.0,0.84,12684.0,0.84,,0.262622,
520550.SH,20260821,45900.0,1.11,50949.0,1.11,,0.137357,
520530.SH,20260821,60800.0,0.836003,50829.0,0.837,,0.217703,
520520.SH,20260821,0.0,,0.0,0.98,,0.0,
520510.SH,20260821,470000.0,0.974,457780.0,0.986,,0.160156,
520500.SH,20260821,4043600.0,1.452,5871307.0,1.475,,0.3487,
518890.SH,20260821,3700.0,9.30405,34425.0,9.252,,0.0585382,
518880.SH,20260821,3158550.0,9.301,29377674.0,9.234,,0.691931,
518860.SH,20260821,7200.0,9.30097,66967.0,9.263,,0.128751,
520760.SH,20260821,5600.0,0.998929,5594.0,1.016,,0.0229773,
520780.SH,20260821,6500.0,0.844,5486.0,0.848,,0.0358681,
530080.SH,20260821,0.0,,0.0,1.227,,0.0,
520790.SH,20260821,6200.0,0.850968,5276.0,0.855,,0.0600648,
530060.SH,20260821,566600.0,0.985,558101.0,0.99,,0.889866,
530050.SH,20260821,10600.0,1.17396,12444.0,1.175,,0.220642,
530000.SH,20260821,0.0,,0.0,1.369,,0.0,
526070.SH,20260821,0.0,,0.0,1.006,,0.0,
526050.SH,20260821,402700.0,1.079,434513.0,1.064,,0.849712,
526030.SH,20260821,24000.0,0.86,20640.0,0.866,,0.0755226,
526010.SH,20260821,300.0,1.06667,320.0,1.077,,0.00187008,
526000.SH,20260821,307500.0,1.177,361928.0,1.179,,0.0707524,
520990.SH,20260821,50700.0,0.984004,49889.0,0.984,,0.0730901,
520980.SH,20260821,203100.0,0.89,180759.0,0.892,,0.0818328,
520970.SH,20260821,394500.0,0.93,366885.0,0.937,,0.231537,
520960.SH,20260821,0.0,,0.0,0.928,,0.0,
520950.SH,20260821,6200.0,0.860968,5338.0,0.863,,0.0241148,
520940.SH,20260821,0.0,,0.0,1.021,,0.0,
520930.SH,20260821,11700.0,0.997009,11665.0,1.014,,0.0326509,
520920.SH,20260821,404200.0,0.696,281323.0,0.7,,0.190429,
520910.SH,20260821,200.0,0.655,131.0,0.654,,0.000365578,
520900.SH,20260821,22500.0,0.994,22365.0,0.994,,0.0411476,
520890.SH,20260821,0.0,,0.0,1.344,,0.0,
520880.SH,20260821,10190300.0,0.469,4779251.0,0.474,,1.06031,
520870.SH,20260821,341700.0,1.042,356051.0,1.047,,0.86873,
520860.SH,20260821,50300.0,0.816998,41095.0,0.814,,0.247276,
520850.SH,20260821,38900.0,0.926992,36060.0,0.935,,0.058197,
520840.SH,20260821,14600.0,0.776027,11330.0,0.778,,0.0293633,
520830.SH,20260821,117400.0,0.895997,105190.0,0.895,,1.03262,
520820.SH,20260821,0.0,,0.0,0.943,,0.0,
520810.SH,20260821,5200.0,1.03808,5398.0,1.039,,0.071705,
560470.SH,20260821,59400.0,0.907997,53935.0,0.903,,0.452547,
560480.SH,20260821,67400.0,0.880994,59379.0,0.885,,0.822814,
560490.SH,20260821,0.0,,0.0,0.949,,0.0,
561750.SH,20260821,0.0,,0.0,1.172,,0.0,
561680.SH,20260821,0.0,,0.0,0.998,,0.0,
561660.SH,20260821,0.0,,0.0,0.867,,0.0,
561630.SH,20260821,0.0,,0.0,1.038,,0.0,
561620.SH,20260821,0.0,,0.0,1.033,,0.0,
561600.SH,20260821,700.0,0.724286,507.0,0.726,,0.00260896,
561590.SH,20260821,4000.0,1.487,5948.0,1.502,,0.0698068,
561580.SH,20260821,118600.0,1.242,147301.0,1.244,,0.176426,
561570.SH,20260821,17200.0,1.39198,23942.0,1.39,,0.111027,
561560.SH,20260821,28000.0,1.25,35000.0,1.249,,0.0499212,
561550.SH,20260821,24000.0,1.409,33816.0,1.416,,0.0527006,
561510.SH,20260821,41200.0,0.964005,39717.0,0.976,,1.44036,
561500.SH,20260821,0.0,,0.0,0.802,,0.0,
561490.SH,20260821,0.0,,0.0,1.015,,0.0,
561470.SH,20260821,800.0,1.02125,817.0,1.031,,0.0298065,
561460.SH,20260821,19700.0,0.79599,15681.0,0.801,,0.06254,
561450.SH,20260821,0.0,,0.0,0.969,,0.0,
561430.SH,20260821,0.0,,0.0,1.046,,0.0,
561420.SH,20260821,0.0,,0.0,1.094,,0.0,
561400.SH,20260821,0.0,,0.0,1.01,,0.0,
561390.SH,20260821,0.0,,0.0,0.986,,0.0,
561380.SH,20260821,119200.0,0.736997,87850.0,0.738,,0.100819,
561370.SH,20260821,4700.0,1.37809,6477.0,1.393,,0.239987,
561360.SH,20260821,145500.0,1.474,214467.0,1.47,,0.309097,
561350.SH,20260821,0.0,,0.0,1.248,,0.0,
561330.SH,20260821,372200.0,0.964001,358801.0,0.962,,0.442807,
561320.SH,20260821,2800.0,0.942143,2638.0,0.946,,0.219364,
561310.SH,20260821,500.0,0.698,349.0,0.698,,0.00412123,
561700.SH,20260821,2200.0,1.08818,2394.0,1.088,,0.0301895,
561760.SH,20260821,3000.0,1.368,4104.0,1.351,,0.0573338,
560500.SH,20260821,0.0,,0.0,1.397,,0.0,
561770.SH,20260821,0.0,,0.0,1.253,,0.0,
562340.SH,20260821,0.0,,0.0,1.436,,0.0,
562330.SH,20260821,0.0,,0.0,1.248,,0.0,
562320.SH,20260821,0.0,,0.0,1.325,,0.0,
562310.SH,20260821,2500.0,1.06,2650.0,1.066,,0.0101077,
562300.SH,20260821,0.0,,0.0,0.679,,0.0,
562080.SH,20260821,0.0,,0.0,0.621,,0.0,
562070.SH,20260821,7900.0,1.03797,8200.0,1.05,,0.0925115,
562060.SH,20260821,300.0,0.613333,184.0,0.614,,0.000492389,
562050.SH,20260821,151900.0,0.96,145824.0,0.987,,2.08459,
562030.SH,20260821,8200.0,0.500976,4108.0,0.501,,0.171159,
562010.SH,20260821,0.0,,0.0,0.882,,0.0,
562000.SH,20260821,5600.0,0.603036,3377.0,0.603,,0.0646035,
561990.SH,20260821,0.0,,0.0,1.013,,0.0,
561980.SH,20260821,1348700.0,0.693,934649.0,0.699,,0.218178,
561960.SH,20260821,0.0,,0.0,1.27,,0.0,
561950.SH,20260821,0.0,,0.0,1.382,,0.0,
561930.SH,20260821,0.0,,0.0,1.565,,0.0,
561920.SH,20260821,1121000.0,0.695,779095.0,0.725,,17.8013,
561910.SH,20260821,35500.0,0.729014,25880.0,0.733,,0.0311271,
561900.SH,20260821,0.0,,0.0,0.983,,0.0,
561890.SH,20260821,1500.0,1.00933,1514.0,1.009,,0.0141181,
561880.SH,20260821,0.0,,0.0,1.28,,0.0,
561870.SH,20260821,0.0,,0.0,1.182,,0.0,
561810.SH,20260821,0.0,,0.0,1.035,,0.0,
561800.SH,20260821,1000.0,1.01,1010.0,1.014,,0.00545014,
561790.SH,20260821,0.0,,0.0,1.244,,0.0,
561780.SH,20260821,16300.0,1.53798,25069.0,1.558,,0.569345,
561300.SH,20260821,12600.0,1.06103,13369.0,1.06,,0.0384859,
561280.SH,20260821,0.0,,0.0,1.608,,0.0,
561260.SH,20260821,0.0,,0.0,1.237,,0.0,
561250.SH,20260821,40000.0,1.019,40760.0,1.016,,0.451864,
560830.SH,20260821,57200.0,0.894004,51137.0,0.889,,0.274202,
560820.SH,20260821,0.0,,0.0,1.205,,0.0,
560810.SH,20260821,0.0,,0.0,1.264,,0.0,
560800.SH,20260821,2800.0,1.13786,3186.0,1.148,,0.0285043,
560790.SH,20260821,0.0,,0.0,0.829,,0.0,
560780.SH,20260821,2036900.0,1.072,2183557.0,1.083,,0.231932,
560770.SH,20260821,176300.0,0.943999,166427.0,0.951,,0.536166,
560750.SH,20260821,0.0,,0.0,1.331,,0.0,
560730.SH,20260821,0.0,,0.0,1.039,,0.0,
560720.SH,20260821,0.0,,0.0,0.989,,0.0,
560710.SH,20260821,22900.0,0.881004,20175.0,0.884,,0.0437519,
560700.SH,20260821,0.0,,0.0,1.198,,0.0,
560690.SH,20260821,0.0,,0.0,2.17,,0.0,
560680.SH,20260821,300.0,0.736667,221.0,0.736,,0.00161596,
560670.SH,20260821,35600.0,1.05899,37700.0,1.061,,0.200994,
560660.SH,20260821,28500.0,1.07102,30524.0,1.08,,0.325778,
560630.SH,20260821,400.0,1.0825,433.0,1.082,,0.00379672,
560620.SH,20260821,0.0,,0.0,0.944,,0.0,
560610.SH,20260821,104300.0,1.186,123700.0,1.188,,0.0978941,
560590.SH,20260821,0.0,,0.0,1.434,,0.0,
560580.SH,20260821,3400.0,1.08706,3696.0,1.087,,0.0296526,
560570.SH,20260821,0.0,,0.0,1.001,,0.0,
560560.SH,20260821,0.0,,0.0,0.676,,0.0,
560550.SH,20260821,0.0,,0.0,0.964,,0.0,
560530.SH,20260821,1700.0,1.21588,2067.0,1.218,,0.0020574,
560520.SH,20260821,0.0,,0.0,1.101,,0.0,
560510.SH,20260821,124800.0,1.186,148013.0,1.186,,0.264134,
560850.SH,20260821,2900.0,1.32,3828.0,1.332,,0.121927,
560860.SH,20260821,792573.0,1.591,1260984.0,1.593,,0.485995,
560870.SH,20260821,0.0,,0.0,0.915,,0.0,
561060.SH,20260821,0.0,,0.0,1.166,,0.0,
561230.SH,20260821,0.0,,0.0,1.34,,0.0,
561220.SH,20260821,0.0,,0.0,1.79,,0.0,
561200.SH,20260821,0.0,,0.0,1.471,,0.0,
561190.SH,20260821,0.0,,0.0,0.967,,0.0,
561180.SH,20260821,0.0,,0.0,1.318,,0.0,
561170.SH,20260821,4000.0,1.127,4508.0,1.127,,0.0112963,
561160.SH,20260821,53100.0,0.735009,39029.0,0.739,,0.0989295,
561130.SH,20260821,0.0,,0.0,1.06,,0.0,
561120.SH,20260821,0.0,,0.0,1.25,,0.0,
561100.SH,20260821,123200.0,1.581,194779.0,1.593,,0.330129,
561090.SH,20260821,0.0,,0.0,1.226,,0.0,
561080.SH,20260821,0.0,,0.0,1.192,,0.0,
561050.SH,20260821,3600.0,0.866944,3121.0,0.873,,0.0199078,
560880.SH,20260821,0.0,,0.0,1.513,,0.0,
561030.SH,20260821,10000.0,0.871,8710.0,0.881,,0.261355,
561020.SH,20260821,0.0,,0.0,1.038,,0.0,
561010.SH,20260821,21400.0,0.855,18297.0,0.86,,0.10785,
561000.SH,20260821,0.0,,0.0,1.306,,0.0,
560990.SH,20260821,0.0,,0.0,1.156,,0.0,
560980.SH,20260821,401500.0,0.646,259369.0,0.656,,1.23077,
560970.SH,20260821,0.0,,0.0,0.937,,0.0,
560950.SH,20260821,0.0,,0.0,1.373,,0.0,
560930.SH,20260821,200.0,0.87,174.0,0.872,,0.00231992,
560920.SH,20260821,0.0,,0.0,0.975,,0.0,
560910.SH,20260821,0.0,,0.0,0.765,,0.0,
560900.SH,20260821,290100.0,0.978001,283718.0,1.005,,1.33719,
000019.SZ,20260821,330700.0,6.68,2209076.0,6.86,0.0794558,0.849068,41620.6
000020.SZ,20260821,806300.0,11.7,9433710.0,12.37,0.445063,8.74388,18116.5
000021.SZ,20260821,352100.0,37.16,13084036.0,37.53,0.0223675,0.285778,157416.0
000912.SZ,20260821,27500.0,3.7,101750.0,3.73,0.00175383,0.123263,156800.0
000910.SZ,20260821,34300.0,5.35,183505.0,5.38,0.00626849,0.798226,54718.1
000909.SZ,20260821,14700.0,4.27,62769.0,4.28,0.00335838,0.491958,43771.1
000908.SZ,20260821,349100.0,6.87,2398317.0,7.0,0.0396806,1.19122,87977.4
000906.SZ,20260821,20500.0,5.31,108855.0,5.33,0.00292339,0.400155,70124.0
000905.SZ,20260821,9000.0,8.53,76770.0,8.51,0.00121325,0.0952145,74180.8
000903.SZ,20260821,36100.0,1.78,64258.0,1.79,0.00187995,0.274359,192026.0
000902.SZ,20260821,191600.0,13.8,2644080.0,13.69,0.0167661,1.12383,114278.0
000901.SZ,20260821,32700.0,13.57,443739.0,13.6,0.00409675,0.186328,79819.3
000900.SZ,20260821,31800.0,3.67,116706.0,3.67,0.00209522,0.365173,151774.0
000899.SZ,20260821,24100.0,10.03,241723.0,10.05,0.00247008,0.211256,97567.8
000898.SZ,20260821,72900.0,2.0,145800.0,2.0,0.00091612,0.254854,795748.0
000897.SZ,20260821,96000.0,1.78,170880.0,1.79,0.00593604,0.342732,161724.0
000895.SZ,20260821,17900.0,25.08,448932.0,25.08,0.000516712,0.186499,346421.0
000893.SZ,20260821,47600.0,47.67,2269092.0,47.82,0.00586347,0.317432,81180.6
000892.SZ,20260821,187700.0,3.75,703875.0,3.76,0.0264055,0.48084,71083.6
000890.SZ,20260821,191800.0,7.4,1419320.0,7.11,0.0457221,1.94024,41949.1
000889.SZ,20260821,87200.0,3.78,329616.0,3.82,0.0100248,0.181392,86984.5
000888.SZ,20260821,48100.0,9.81,471861.0,9.86,0.00912864,0.644315,52691.3
000887.SZ,20260821,219900.0,21.98,4833402.0,22.15,0.0167304,0.203976,131437.0
000886.SZ,20260821,35700.0,4.52,161364.0,4.55,0.00365095,0.286211,97782.8
000885.SZ,20260821,357200.0,12.2,4357840.0,13.02,0.0556318,9.89948,64207.8
000883.SZ,20260821,31800.0,4.43,140874.0,4.45,0.000490772,0.15926,647959.0
000882.SZ,20260821,205100.0,1.44,295344.0,1.45,0.00749816,0.348257,273534.0
000881.SZ,20260821,4800.0,6.45,30960.0,6.48,0.000531131,0.0579727,90373.2
000880.SZ,20260821,23100.0,23.49,542619.0,23.51,0.010175,0.126594,22702.7
000878.SZ,20260821,76800.0,16.1,1236480.0,16.09,0.00383306,0.20097,200362.0
000877.SZ,20260821,54300.0,3.66,198738.0,3.69,0.00076366,0.532099,711049.0
000911.SZ,20260821,122200.0,5.06,618332.0,5.18,0.0305256,0.882326,40032.0
000913.SZ,20260821,11100.0,11.36,126096.0,11.36,0.00213419,0.299498,52010.3
000875.SZ,20260821,34000.0,4.95,168300.0,4.96,0.00101724,0.113589,334238.0
000915.SZ,20260821,227700.0,25.06,5706162.0,26.2,0.0972566,8.03675,23412.3
000957.SZ,20260821,29400.0,10.3,302820.0,10.35,0.00495864,0.353377,59290.4
000955.SZ,20260821,134100.0,4.2,563220.0,4.22,0.0249112,1.32874,53831.3
000953.SZ,20260821,54500.0,6.16,335720.0,6.24,0.0148857,0.760948,36612.2
000952.SZ,20260821,175500.0,6.43,1128465.0,6.56,0.0510183,2.21526,34399.5
000951.SZ,20260821,20400.0,21.72,443088.0,21.93,0.00174509,0.247221,116899.0
000950.SZ,20260821,691400.0,5.69,3934066.0,5.77,0.0403672,0.829971,171278.0
000949.SZ,20260821,58900.0,6.58,387562.0,6.64,0.00355569,0.120719,165650.0
000948.SZ,20260821,41200.0,13.61,560732.0,13.74,0.0105872,0.352883,38914.9
000938.SZ,20260821,797900.0,35.6,28405240.0,35.66,0.0278979,0.312836,286007.0
000937.SZ,20260821,27700.0,4.67,129359.0,4.69,0.000733438,0.138813,377673.0
000936.SZ,20260821,475100.0,5.41,2570291.0,5.52,0.0536298,0.435558,88588.7
000935.SZ,20260821,10400.0,23.1,240240.0,23.26,0.00136225,0.224088,76344.0
000933.SZ,20260821,252468.0,25.32,6392489.76,25.25,0.0112329,0.684242,224757.0
000932.SZ,20260821,140300.0,3.58,502274.0,3.59,0.0020474,0.251579,685261.0
000931.SZ,20260821,4381200.0,5.08,22256496.0,4.63,0.583359,31.6675,75103.0
000930.SZ,20260821,114500.0,4.8,549600.0,4.85,0.00616802,0.280755,185635.0
000929.SZ,20260821,12600.0,8.86,111636.0,8.94,0.00678316,0.55031,18575.4
000928.SZ,20260821,27600.0,4.95,136620.0,4.97,0.00192384,0.251996,143463.0
000927.SZ,20260821,129200.0,2.44,315248.0,2.43,0.00213541,0.369823,605035.0
000926.SZ,20260821,3676500.0,2.3,8455950.0,2.28,0.233694,8.5888,157321.0
000925.SZ,20260821,108300.0,7.8,844740.0,7.85,0.0161364,0.349252,67115.2
000923.SZ,20260821,27100.0,15.25,413275.0,15.25,0.00431596,0.150077,62790.1
000922.SZ,20260821,37000.0,11.83,437710.0,11.83,0.00524875,0.481771,70492.9
000921.SZ,20260821,8116.0,25.59,207688.44,25.63,0.00087858,0.0737906,92376.3
000920.SZ,20260821,39100.0,11.15,435965.0,11.09,0.00827341,0.613767,47259.9
000919.SZ,20260821,846400.0,6.88,5823232.0,7.05,0.136128,2.7312,62176.7
000917.SZ,20260821,80300.0,6.83,548449.0,6.86,0.00566507,0.15446,141746.0
000876.SZ,20260821,122800.0,7.0,859600.0,7.03,0.00272889,0.26728,450001.0
000869.SZ,20260821,7900.0,17.32,136828.0,17.35,0.00173584,0.794569,45511.2
000762.SZ,20260821,119100.0,22.12,2634492.0,22.18,0.0228686,1.0822,52080.1
000811.SZ,20260821,164400.0,40.04,6582576.0,39.25,0.0167995,0.386315,97859.9
000809.SZ,20260821,13200.0,3.41,45012.0,3.44,0.0016004,0.11218,82479.1
000807.SZ,20260821,432400.0,25.47,11013228.0,25.26,0.0124686,0.692629,346792.0
000803.SZ,20260821,296000.0,7.31,2163760.0,7.31,0.0643775,3.01259,45978.8
000802.SZ,20260821,2714331.0,4.08,11074470.48,4.13,0.379338,1.34796,71554.4
000801.SZ,20260821,18800.0,10.96,206048.0,11.0,0.00185045,0.191651,101597.0
000800.SZ,20260821,10200.0,6.18,63036.0,6.18,0.000207282,0.086919,492084.0
000799.SZ,20260821,17700.0,38.7,684990.0,38.77,0.00544786,0.23078,32489.8
000798.SZ,20260821,133600.0,8.55,1142280.0,8.48,0.0365191,0.689933,36583.6
000797.SZ,20260821,57600.0,2.44,140544.0,2.43,0.00366759,0.254181,157052.0
000796.SZ,20260821,118700.0,3.83,454621.0,3.85,0.0089197,0.463609,133076.0
000795.SZ,20260821,99100.0,8.31,823521.0,8.39,0.00887795,0.890038,111625.0
000793.SZ,20260821,13200.0,2.15,28380.0,2.15,0.000495365,0.120617,266470.0
000792.SZ,20260821,137100.0,27.82,3814122.0,27.93,0.00259094,0.241077,529153.0
000791.SZ,20260821,65000.0,7.21,468650.0,7.21,0.00335808,0.284691,193563.0
000790.SZ,20260821,176600.0,4.14,731124.0,4.2,0.0283643,0.99001,62261.5
000789.SZ,20260821,3100.0,4.09,12679.0,4.1,0.000388754,0.10697,79742.0
000788.SZ,20260821,891700.0,5.76,5136192.0,5.89,0.149617,2.11851,59598.7
000786.SZ,20260821,447500.0,17.56,7858100.0,18.65,0.026487,2.73249,168951.0
000785.SZ,20260821,150600.0,2.23,335838.0,2.25,0.00259455,0.290382,580448.0
000783.SZ,20260821,334800.0,8.52,2852496.0,8.54,0.00605417,0.315893,553007.0
000782.SZ,20260821,17200.0,7.73,132956.0,7.78,0.00325671,0.094142,52814.0
000779.SZ,20260821,965400.0,9.59,9258186.0,9.55,0.207714,0.966491,46477.3
000778.SZ,20260821,306900.0,3.69,1132461.0,3.7,0.00788233,0.780413,389352.0
000777.SZ,20260821,6300.0,16.67,105021.0,16.75,0.00164315,0.0979875,38341.1
000776.SZ,20260821,152500.0,20.3,3095750.0,20.3,0.00258297,0.27973,590405.0
000768.SZ,20260821,51900.0,20.84,1081596.0,20.94,0.00186932,0.204528,277641.0
000767.SZ,20260821,562900.0,3.39,1908231.0,3.41,0.0193287,0.377767,291225.0
000810.SZ,20260821,52700.0,9.35,492745.0,9.41,0.00474516,0.349078,111061.0
000812.SZ,20260821,15400.0,3.57,54978.0,3.59,0.00203787,0.138575,75569.0
000868.SZ,20260821,12200.0,3.47,42334.0,3.48,0.00129854,0.0866507,93951.4
000813.SZ,20260821,2486600.0,3.36,8354976.0,3.48,0.118592,5.30135,209676.0
000863.SZ,20260821,35200.0,4.09,143968.0,4.09,0.00302609,0.207224,116322.0
000862.SZ,20260821,63800.0,5.08,324104.0,5.12,0.0101598,0.299454,62796.7
000860.SZ,20260821,24900.0,10.47,260703.0,10.46,0.00335685,0.23707,74176.7
000859.SZ,20260821,141300.0,8.83,1247679.0,8.83,0.0157715,0.266621,89592.1
000858.SZ,20260821,89100.0,71.96,6411636.0,72.09,0.0022955,0.347342,388151.0
000856.SZ,20260821,41400.0,8.19,339066.0,8.28,0.0182379,0.954749,22700.0
000852.SZ,20260821,243200.0,5.22,1269504.0,5.24,0.025593,0.943961,95025.9
000850.SZ,20260821,38300.0,4.19,160477.0,4.19,0.00405989,0.407507,94337.5
000848.SZ,20260821,86800.0,8.41,729988.0,8.43,0.00858884,0.383962,101061.0
000839.SZ,20260821,824300.0,2.67,2200881.0,2.7,0.021029,1.12547,391983.0
000838.SZ,20260821,142300.0,2.74,389902.0,2.75,0.0135039,0.240336,105377.0
000837.SZ,20260821,92900.0,10.0,929000.0,10.07,0.00922173,0.196813,100740.0
000833.SZ,20260821,331200.0,21.1,6988320.0,21.04,0.0729995,1.17837,45370.2
000831.SZ,20260821,691310.0,55.29,38222529.9,57.95,0.0651429,1.2547,106122.0
000830.SZ,20260821,146000.0,11.82,1725720.0,11.88,0.00766736,0.528136,190418.0
000829.SZ,20260821,30700.0,8.2,251740.0,8.21,0.00299767,0.151884,102413.0
000828.SZ,20260821,29400.0,9.55,280770.0,9.54,0.00282824,0.551176,103952.0
000826.SZ,20260821,17400.0,1.91,33234.0,1.92,0.00122092,0.0496965,142516.0
000825.SZ,20260821,75200.0,3.4,255680.0,3.41,0.00132017,0.23227,569625.0
000823.SZ,20260821,210700.0,14.5,3055150.0,14.69,0.0354158,0.410482,59493.2
000822.SZ,20260821,15100.0,4.33,65383.0,4.35,0.00168698,0.142479,89509.2
000821.SZ,20260821,119100.0,6.85,815835.0,6.86,0.0196973,1.7419,60465.1
000820.SZ,20260821,236700.0,3.39,802413.0,3.4,0.0797059,0.824978,29696.7
000819.SZ,20260821,25000.0,11.78,294500.0,11.92,0.00683023,0.519767,36602.0
000818.SZ,20260821,99000.0,11.9,1178100.0,11.96,0.0150408,0.473622,65821.1
000816.SZ,20260821,52600.0,2.77,145702.0,2.79,0.00365402,0.130705,143951.0
000815.SZ,20260821,344300.0,16.06,5529458.0,16.11,0.0495208,0.302892,69526.3
000958.SZ,20260821,69700.0,5.25,365925.0,5.28,0.00129472,0.539695,538342.0
000959.SZ,20260821,64800.0,3.49,226152.0,3.5,0.000869611,0.240639,745161.0
000960.SZ,20260821,318231.0,37.0,11774547.0,36.95,0.0193403,0.687691,164543.0
001308.SZ,20260821,4700.0,17.8,83660.0,17.96,0.000964624,0.248891,48723.7
001301.SZ,20260821,141500.0,63.86,9036190.0,64.18,0.0544045,1.34339,26008.9
001300.SZ,20260821,12800.0,11.16,142848.0,11.19,0.00525072,0.296751,24377.6
001299.SZ,20260821,23400.0,9.8,229320.0,9.91,0.0082722,0.873811,28287.5
001298.SZ,20260821,17000.0,17.46,296820.0,17.49,0.0041726,0.257023,40741.9
001296.SZ,20260821,4800.0,19.49,93552.0,19.48,0.00592719,0.217679,8098.27
001289.SZ,20260821,9200.0,15.58,143336.0,15.63,0.00018247,0.243168,504193.0
001288.SZ,20260821,1000.0,24.01,24010.0,24.01,0.000658445,0.0301086,15187.3
001287.SZ,20260821,137700.0,22.99,3165723.0,23.15,0.0181208,0.623367,75990.0
001286.SZ,20260821,2043300.0,9.8,20024340.0,10.56,0.151356,10.8297,135000.0
001285.SZ,20260821,3100.0,39.88,123628.0,40.09,0.00747046,0.373739,4149.68
001283.SZ,20260821,5000.0,43.3,216500.0,43.45,0.00483564,0.168071,10339.9
001282.SZ,20260821,1900.0,15.73,29887.0,15.8,0.00124405,0.0953816,15272.7
001280.SZ,20260821,41500.0,66.53,2760995.0,67.55,0.023888,0.461729,17372.7
001279.SZ,20260821,3400.0,25.14,85476.0,25.31,0.0085,0.566511,4000.0
001278.SZ,20260821,26600.0,15.85,421610.0,15.99,0.0311801,1.41691,8531.09
001277.SZ,20260821,1376900.0,38.07,52418583.0,36.27,3.02287,59.5633,4554.95
001270.SZ,20260821,114100.0,100.19,11431679.0,100.16,0.055712,1.09346,20480.3
001269.SZ,20260821,3100.0,19.0,58900.0,18.99,0.00161112,0.175304,19241.2
001268.SZ,20260821,1500.0,20.04,30060.0,20.12,0.00159003,0.046895,9433.76
001267.SZ,20260821,57600.0,36.65,2111040.0,37.01,0.00946502,0.159354,60855.7
001266.SZ,20260821,7100.0,33.86,240406.0,33.75,0.0122103,0.34411,5814.76
001260.SZ,20260821,62000.0,17.41,1079420.0,17.2,0.053913,0.826599,11500.0
001259.SZ,20260821,5300.0,46.23,245019.0,46.02,0.0111475,0.500587,4754.45
001258.SZ,20260821,1554300.0,12.7,19739610.0,12.31,0.166534,1.18601,93332.2
001257.SZ,20260821,51200.0,23.88,1222656.0,24.15,0.0373865,0.518276,13694.8
001256.SZ,20260821,12800.0,23.08,295424.0,23.35,0.0119724,0.28382,10691.3
001255.SZ,20260821,1700.0,25.8,43860.0,25.8,0.00220014,0.147904,7726.78
001306.SZ,20260821,4700.0,53.51,251497.0,53.3,0.0303226,0.703759,1550.0
001309.SZ,20260821,60300.0,398.1,24005430.0,398.1,0.036539,0.355655,16502.9
000962.SZ,20260821,68200.0,51.84,3535488.0,51.8,0.0135581,0.21626,50302.1
001311.SZ,20260821,2200.0,17.87,39314.0,17.86,0.00120964,0.0252048,18187.2
001365.SZ,20260821,13900.0,35.03,486917.0,35.36,0.0241715,0.308578,5750.56
001360.SZ,20260821,230800.0,18.62,4297496.0,18.11,0.183927,3.90292,12548.4
001359.SZ,20260821,23500.0,92.7,2178450.0,93.63,0.0389778,0.456074,6029.08
001358.SZ,20260821,12100.0,25.77,311817.0,25.71,0.0237365,0.295468,5097.63
001356.SZ,20260821,92100.0,9.05,833505.0,9.15,0.0435057,0.957799,21169.7
001339.SZ,20260821,18700.0,78.03,1459161.0,78.76,0.0115504,0.240768,16190.0
001338.SZ,20260821,246900.0,9.08,2241852.0,9.15,0.0492097,1.47058,50173.1
001337.SZ,20260821,208800.0,49.0,10231200.0,48.57,0.0497143,1.203,42000.0
001336.SZ,20260821,9500.0,18.42,174990.0,18.57,0.0147748,0.722192,6429.87
001335.SZ,20260821,4900.0,31.87,156163.0,31.68,0.0191826,0.797025,2554.4
001333.SZ,20260821,282000.0,22.5,6345000.0,22.19,0.220313,10.3935,12800.0
001332.SZ,20260821,4900.0,30.5,149450.0,30.73,0.00729113,0.349986,6720.49
001331.SZ,20260821,18200.0,45.0,819000.0,44.63,0.00636733,0.144429,28583.4
001330.SZ,20260821,272700.0,4.76,1298052.0,4.8,0.0234511,0.501848,116285.0
001328.SZ,20260821,22700.0,29.62,672374.0,29.3,0.0140369,1.36825,16171.7
001326.SZ,20260821,4400.0,61.18,269192.0,61.0,0.0183201,0.271191,2401.73
001325.SZ,20260821,4500.0,37.44,168480.0,37.8,0.0229592,0.457384,1960.0
001324.SZ,20260821,24100.0,18.88,455008.0,18.9,0.0174638,0.636538,13800.0
001323.SZ,20260821,45900.0,19.08,875772.0,19.32,0.0147471,0.776957,31124.8
001322.SZ,20260821,38200.0,6.22,237604.0,6.22,0.00486245,1.01701,78561.2
001319.SZ,20260821,2800.0,19.19,53732.0,19.37,0.00441191,0.192958,6346.46
001318.SZ,20260821,10200.0,11.22,114444.0,11.25,0.00360858,0.121865,28266.0
001317.SZ,20260821,118000.0,53.66,6331880.0,53.78,0.138042,1.84203,8548.14
001316.SZ,20260821,6400.0,25.81,165184.0,26.04,0.00425622,0.337425,15036.8
001314.SZ,20260821,13900.0,53.5,743650.0,53.7,0.0112007,0.490932,12409.9
001313.SZ,20260821,57100.0,7.85,448235.0,7.91,0.00816702,0.282715,69915.3
001312.SZ,20260821,4900.0,17.41,85309.0,17.52,0.00857239,0.147971,5716.03
001248.SZ,20260821,255700.0,12.23,3127211.0,12.24,0.0240681,0.428456,106240.0
001239.SZ,20260821,21100.0,11.8,248980.0,12.08,0.0185088,1.22856,11400.0
001238.SZ,20260821,43100.0,25.64,1105084.0,25.3,0.0296967,8.45568,14513.4
001237.SZ,20260821,4200.0,51.81,217602.0,52.38,0.0120496,0.238985,3485.6
001202.SZ,20260821,5100.0,13.6,69360.0,13.62,0.00436554,0.243578,11682.4
001201.SZ,20260821,10000.0,11.98,119800.0,12.0,0.00496426,0.31218,20144.0
000999.SZ,20260821,180600.0,24.72,4464432.0,25.06,0.0108619,1.87721,166269.0
000998.SZ,20260821,929426.0,8.8,8178948.8,8.84,0.0707105,1.17307,131441.0
000997.SZ,20260821,64600.0,18.13,1171198.0,18.13,0.0064123,0.410608,100744.0
000995.SZ,20260821,12300.0,10.5,129150.0,10.58,0.00693317,0.13694,17740.8
000993.SZ,20260821,16000.0,9.75,156000.0,9.76,0.00349382,0.219126,45795.1
000990.SZ,20260821,960100.0,6.44,6183044.0,6.57,0.0564322,2.01431,170133.0
000989.SZ,20260821,260500.0,9.36,2438280.0,9.52,0.0354784,0.684173,73425.0
000988.SZ,20260821,113000.0,103.71,11719230.0,104.18,0.0112439,0.215227,100499.0
000987.SZ,20260821,104500.0,7.38,771210.0,7.41,0.00208444,0.464329,501334.0
000985.SZ,20260821,3600.0,15.87,57132.0,15.97,0.00277693,0.187678,12964.0
000983.SZ,20260821,534500.0,6.94,3709430.0,6.99,0.00941507,0.840568,567707.0
000981.SZ,20260821,1423100.0,2.6,3700060.0,2.62,0.014959,0.704311,951336.0
000980.SZ,20260821,487000.0,1.62,788940.0,1.62,0.00965791,0.572016,504250.0
000978.SZ,20260821,49500.0,6.09,301455.0,6.14,0.0105742,0.729403,46812.0
000977.SZ,20260821,358900.0,75.49,27093361.0,75.08,0.0244677,0.413244,146683.0
000975.SZ,20260821,618100.0,28.3,17492230.0,27.9,0.0244965,1.13334,252321.0
000973.SZ,20260821,508000.0,14.45,7340600.0,14.4,0.0502103,0.782668,101175.0
000972.SZ,20260821,117200.0,3.57,418404.0,3.6,0.0151954,0.307128,77128.4
000970.SZ,20260821,158800.0,12.3,1953240.0,12.41,0.0130622,0.437978,121573.0
000969.SZ,20260821,65600.0,16.4,1075840.0,16.46,0.00629952,0.280411,104135.0
000968.SZ,20260821,243300.0,7.08,1722564.0,6.98,0.0251472,1.1212,96750.3
000967.SZ,20260821,243700.0,8.12,1978844.0,8.2,0.00725801,0.232645,335767.0
000966.SZ,20260821,75200.0,3.94,296288.0,3.96,0.00216028,0.18022,348104.0
000965.SZ,20260821,46300.0,3.19,147697.0,3.21,0.00417181,0.343007,110983.0
000963.SZ,20260821,683300.0,29.39,20082187.0,29.92,0.0389786,1.93699,175301.0
001203.SZ,20260821,22300.0,26.39,588497.0,26.45,0.00170756,0.156017,130596.0
001205.SZ,20260821,8700.0,14.39,125193.0,14.41,0.00522572,0.189987,16648.4
001206.SZ,20260821,95200.0,16.9,1608880.0,16.95,0.0890848,2.00887,10686.4
001222.SZ,20260821,47000.0,14.67,689490.0,14.77,0.0415934,0.948367,11299.9
001236.SZ,20260821,7900.0,7.46,58934.0,7.47,0.00104211,0.104878,75807.8
001234.SZ,20260821,27000.0,22.76,614520.0,22.75,0.0295129,1.0064,9148.55
001233.SZ,20260821,12000.0,44.09,529080.0,44.35,0.0318192,0.560727,3771.31
001232.SZ,20260821,48561.0,148.7,7221020.7,149.91,0.10985,0.614457,4420.65
001231.SZ,20260821,6800.0,21.33,145044.0,21.37,0.013343,0.439865,5096.29
001230.SZ,20260821,10300.0,21.34,219802.0,21.62,0.00936544,0.108576,10997.9
001229.SZ,20260821,48300.0,46.11,2227113.0,47.0,0.0654905,0.780192,7375.12
001228.SZ,20260821,1600.0,27.33,43728.0,27.16,0.00200339,0.133536,7986.46
001227.SZ,20260821,424900.0,2.13,905037.0,2.13,0.0100747,0.673787,421750.0
001226.SZ,20260821,2500.0,46.24,115600.0,46.24,0.00736889,0.260486,3392.64
001225.SZ,20260821,82600.0,46.57,3846682.0,46.57,0.392608,4.83168,2103.88
001223.SZ,20260821,10400.0,40.8,424320.0,40.79,0.0148923,0.465609,6983.48
001221.SZ,20260821,43000.0,43.2,1857600.0,43.59,0.0559389,1.04577,7686.96
001207.SZ,20260821,19200.0,16.85,323520.0,16.95,0.00656136,0.243005,29262.2
001220.SZ,20260821,1100.0,31.0,34100.0,31.14,0.00476758,0.124667,2307.25
001219.SZ,20260821,12300.0,12.6,154980.0,12.7,0.00646696,0.287838,19019.8
001218.SZ,20260821,13200.0,24.31,320892.0,24.32,0.011024,0.592626,11973.9
001217.SZ,20260821,12200.0,9.9,120780.0,9.96,0.00371296,0.361567,32857.9
001216.SZ,20260821,0.0,,0.0,14.53,0.0,0.0,13155.3
001215.SZ,20260821,400.0,31.47,12588.0,31.66,0.00041279,0.0194284,9690.16
001213.SZ,20260821,3200.0,3.52,11264.0,3.52,7.2e-05,0.049852,444444.0
001212.SZ,20260821,10800.0,33.12,357696.0,33.69,0.0062123,0.36105,17384.9
001211.SZ,20260821,28600.0,23.63,675818.0,23.87,0.0306406,0.557638,9334.01
001210.SZ,20260821,332500.0,29.76,9895200.0,29.76,0.249213,2.96671,13342.0
001209.SZ,20260821,10800.0,17.44,188352.0,17.52,0.0112389,0.434723,9609.46
001208.SZ,20260821,272000.0,13.32,3623040.0,13.46,0.0853377,1.21815,31873.4
000766.SZ,20260821,162000.0,16.53,2677860.0,16.86,0.0167769,0.901311,96561.4
000761.SZ,20260821,37900.0,2.35,89065.0,2.35,0.00102201,0.306991,370839.0
000025.SZ,20260821,84000.0,15.33,1287720.0,15.48,0.0213861,0.758025,39277.8
000525.SZ,20260821,304400.0,4.53,1378932.0,4.6,0.02738,0.556298,111176.0
000523.SZ,20260821,8003400.0,3.53,28252002.0,3.53,0.603957,8.69666,132516.0
000521.SZ,20260821,117500.0,4.82,566350.0,4.82,0.0134241,2.05269,87528.9
000520.SZ,20260821,1216200.0,4.41,5363442.0,4.41,0.120168,3.83438,101208.0
000519.SZ,20260821,258400.0,14.1,3643440.0,14.21,0.0185558,0.721136,139256.0
000518.SZ,20260821,1680700.0,3.71,6235397.0,3.69,0.163248,2.10802,102954.0
000517.SZ,20260821,814800.0,2.44,1988112.0,2.47,0.0326968,1.94657,249199.0
000516.SZ,20260821,173000.0,4.26,736980.0,4.31,0.0078467,0.721671,220475.0
000514.SZ,20260821,75400.0,4.03,303862.0,4.05,0.00893607,0.871562,84377.1
000513.SZ,20260821,74400.0,30.37,2259528.0,30.6,0.0130954,1.01287,56814.0
000510.SZ,20260821,321100.0,16.4,5266040.0,16.26,0.0529335,0.69385,60661.0
000509.SZ,20260821,107600.0,3.26,350776.0,3.29,0.0100268,0.494771,107312.0
000507.SZ,20260821,83900.0,5.02,421178.0,5.01,0.0092979,0.896349,90235.4
000506.SZ,20260821,1277100.0,19.65,25095015.0,19.45,0.137514,1.24311,92870.7
000505.SZ,20260821,2349300.0,7.11,16703523.0,7.49,0.371501,3.80105,63238.0
000504.SZ,20260821,73700.0,8.51,627187.0,8.66,0.0223929,1.06287,32912.2
000503.SZ,20260821,750900.0,7.13,5353917.0,7.2,0.0766823,3.60052,97923.5
000501.SZ,20260821,11700.0,7.09,82953.0,7.13,0.00152285,0.172587,76829.4
000498.SZ,20260821,97200.0,4.97,483084.0,4.97,0.00670647,1.47747,144935.0
000488.SZ,20260821,32900.0,1.87,61523.0,1.87,0.0019419,0.408506,169422.0
000430.SZ,20260821,10100.0,6.6,66660.0,6.63,0.00272563,0.118334,37055.6
000429.SZ,20260821,24600.0,13.1,322260.0,13.08,0.00188747,0.333624,130333.0
000428.SZ,20260821,313400.0,4.07,1275538.0,4.03,0.0307579,0.692025,101893.0
000426.SZ,20260821,1018700.0,39.58,40320146.0,38.56,0.0573849,1.55132,177521.0
000425.SZ,20260821,148000.0,8.08,1195840.0,8.11,0.00164434,0.143867,900056.0
000423.SZ,20260821,232300.0,50.0,11615000.0,51.6,0.0363707,4.82169,63870.0
000422.SZ,20260821,69200.0,12.45,861540.0,12.46,0.00648374,0.331998,106729.0
000421.SZ,20260821,1837700.0,5.74,10548398.0,5.88,0.319992,13.2676,57429.6
000524.SZ,20260821,88400.0,9.67,854828.0,9.69,0.0131947,1.14262,66996.7
000526.SZ,20260821,209900.0,37.49,7869151.0,37.55,0.172795,2.44616,12147.4
000419.SZ,20260821,4200.0,4.96,20832.0,4.98,0.000772652,0.0663474,54358.3
000528.SZ,20260821,84100.0,8.08,679528.0,8.07,0.00413267,0.38181,203500.0
000560.SZ,20260821,6337200.0,2.33,14765676.0,2.33,0.271002,2.7662,233844.0
000559.SZ,20260821,155700.0,10.79,1680003.0,10.88,0.00469776,0.402435,331435.0
000558.SZ,20260821,124800.0,3.43,428064.0,3.44,0.00968429,0.674963,128868.0
000557.SZ,20260821,27400.0,3.66,100284.0,3.67,0.00187939,0.414172,145792.0
000555.SZ,20260821,36500.0,10.11,369015.0,10.16,0.003745,0.184042,97463.2
000554.SZ,20260821,55400.0,6.44,356776.0,6.39,0.0154187,0.361277,35930.5
000553.SZ,20260821,60400.0,5.51,332804.0,5.5,0.00277437,0.706994,217707.0
000552.SZ,20260821,408300.0,2.56,1045248.0,2.57,0.0109587,0.619633,372581.0
000551.SZ,20260821,173200.0,12.6,2182320.0,12.6,0.0357584,0.481191,48436.2
000550.SZ,20260821,15900.0,16.37,260283.0,16.37,0.00306676,0.541069,51846.3
000548.SZ,20260821,11500.0,4.49,51635.0,4.49,0.00230361,0.236958,49921.6
000547.SZ,20260821,214500.0,13.7,2938650.0,13.86,0.013498,0.303755,158912.0
000546.SZ,20260821,34400.0,4.6,158240.0,4.65,0.00493753,0.267556,69670.5
000545.SZ,20260821,141200.0,2.5,353000.0,2.51,0.0143292,0.521273,98540.3
000544.SZ,20260821,25500.0,7.33,186915.0,7.35,0.00261623,0.949575,97468.4
000543.SZ,20260821,120000.0,7.45,894000.0,7.48,0.00529366,0.640438,226686.0
000541.SZ,20260821,6900.0,4.87,33603.0,4.87,0.00056075,0.109533,123049.0
000539.SZ,20260821,161500.0,5.3,855950.0,5.34,0.00631998,0.184433,255539.0
000538.SZ,20260821,26700.0,50.01,1335267.0,50.21,0.00150598,0.349347,177293.0
000537.SZ,20260821,83700.0,7.85,657045.0,7.91,0.00407157,0.236338,205572.0
000536.SZ,20260821,56500.0,3.13,176845.0,3.16,0.00204482,0.152644,276308.0
000534.SZ,20260821,48400.0,26.52,1283568.0,27.08,0.00963111,0.401271,50253.8
000533.SZ,20260821,311500.0,10.79,3361085.0,10.83,0.0454809,0.361972,68490.2
000532.SZ,20260821,205700.0,11.25,2314125.0,11.04,0.0598749,3.85718,34355.0
000531.SZ,20260821,15400.0,5.6,86240.0,5.61,0.00169278,0.204209,90974.5
000530.SZ,20260821,12500.0,4.88,61000.0,4.89,0.00208293,0.120831,60011.7
000529.SZ,20260821,17200.0,4.99,85828.0,5.0,0.00301816,0.329062,56988.4
000420.SZ,20260821,136900.0,3.64,498316.0,3.66,0.00556949,0.333422,245804.0
000417.SZ,20260821,61000.0,5.58,340380.0,5.62,0.00783028,0.242956,77902.7
000759.SZ,20260821,369300.0,6.07,2241651.0,6.14,0.056321,0.49278,65570.6
000069.SZ,20260821,411200.0,1.78,731936.0,1.79,0.00596063,1.04267,689860.0
000066.SZ,20260821,315700.0,14.04,4432428.0,14.15,0.00978748,0.252277,322555.0
000065.SZ,20260821,19000.0,8.92,169480.0,8.93,0.00178401,0.131627,106502.0
000063.SZ,20260821,276800.0,33.51,9275568.0,33.84,0.00687254,0.219159,402762.0
000062.SZ,20260821,35100.0,22.04,773604.0,22.24,0.00335917,0.185403,104490.0
000061.SZ,20260821,166800.0,5.78,964104.0,5.8,0.00929604,0.403147,179431.0
000060.SZ,20260821,440400.0,6.52,2871408.0,6.51,0.00991643,0.460332,444112.0
000059.SZ,20260821,601400.0,4.87,2928818.0,4.87,0.0376013,1.27657,159941.0
000058.SZ,20260821,3000.0,6.73,20190.0,6.73,0.000304649,0.0485304,98473.9
000056.SZ,20260821,74200.0,1.94,143948.0,1.94,0.00821039,0.420092,90373.3
000055.SZ,20260821,21700.0,3.53,76601.0,3.55,0.00321075,0.254778,67585.4
000050.SZ,20260821,43700.0,6.48,283176.0,6.53,0.0017941,0.187411,243576.0
000049.SZ,20260821,36400.0,23.34,849576.0,23.53,0.00946598,0.303979,38453.5
000048.SZ,20260821,15300.0,22.3,341190.0,22.43,0.0028906,0.0840901,52930.3
000045.SZ,20260821,31200.0,10.13,316056.0,10.24,0.00682681,0.557812,45702.2
000042.SZ,20260821,210000.0,8.91,1871100.0,9.05,0.0316222,3.54416,66409.1
000039.SZ,20260821,75800.0,9.16,694328.0,9.2,0.00329364,0.165601,230141.0
000037.SZ,20260821,51300.0,9.4,482220.0,9.36,0.0151368,0.249168,33890.8
000036.SZ,20260821,50900.0,3.97,202073.0,3.99,0.00362799,0.171562,140298.0
000035.SZ,20260821,40500.0,4.56,184680.0,4.57,0.00175095,0.153837,231303.0
000034.SZ,20260821,139360.0,23.6,3288896.0,23.82,0.0164117,0.32118,84914.8
000032.SZ,20260821,88900.0,14.37,1277493.0,14.44,0.00731579,0.194676,121518.0
000031.SZ,20260821,249900.0,2.19,547281.0,2.21,0.0058302,0.634179,428630.0
000030.SZ,20260821,16400.0,4.33,71012.0,4.33,0.000981503,0.176674,167091.0
000029.SZ,20260821,25100.0,22.22,557722.0,22.3,0.00281497,0.369615,89166.0
000028.SZ,20260821,24700.0,19.8,489060.0,19.84,0.00469708,0.69963,52585.8
000027.SZ,20260821,44000.0,6.12,269280.0,6.14,0.000924877,0.251251,475739.0
000026.SZ,20260821,81200.0,21.0,1705200.0,21.16,0.0222734,0.542477,36456.1
000068.SZ,20260821,23100.0,3.03,69993.0,3.04,0.00229469,0.171269,100667.0
000070.SZ,20260821,126500.0,14.47,1830455.0,14.6,0.0147655,0.221178,85672.7
000415.SZ,20260821,38800.0,4.6,178480.0,4.61,0.000719463,0.0799004,539291.0
000078.SZ,20260821,3101100.0,1.6,4961760.0,1.64,0.118127,4.60971,262522.0
000411.SZ,20260821,15500.0,9.85,152675.0,9.95,0.00274951,0.301218,56373.6
000410.SZ,20260821,86900.0,5.0,434500.0,5.03,0.00440889,0.209107,197102.0
000409.SZ,20260821,9500.0,8.48,80560.0,8.52,0.00160888,0.232981,59047.4
000408.SZ,20260821,67200.0,77.58,5213376.0,77.1,0.00428326,0.43721,156890.0
000407.SZ,20260821,161200.0,4.15,668980.0,4.14,0.0184064,0.585511,87578.2
000404.SZ,20260821,15300.0,7.08,108324.0,7.08,0.00220784,0.116697,69298.5
000403.SZ,20260821,104700.0,10.95,1146465.0,11.04,0.0111302,0.639098,94068.4
000402.SZ,20260821,422000.0,2.49,1050780.0,2.5,0.0141201,1.03683,298865.0
000401.SZ,20260821,13000.0,3.51,45630.0,3.53,0.000494042,0.166381,263135.0
000400.SZ,20260821,52000.0,21.76,1131520.0,21.86,0.00512282,0.310803,101507.0
000338.SZ,20260821,119400.0,28.29,3377826.0,28.3,0.00240901,0.166763,495639.0
000333.SZ,20260821,113796.0,85.38,9715902.48,85.38,0.00165654,0.460017,686950.0
000301.SZ,20260821,220200.0,13.52,2977104.0,13.52,0.00333214,0.743562,660837.0
000166.SZ,20260821,172300.0,4.42,761566.0,4.43,0.000764571,0.34264,2253550.0
000159.SZ,20260821,63200.0,5.68,358976.0,5.73,0.0131484,0.666788,48066.8
000158.SZ,20260821,142300.0,12.78,1818594.0,12.9,0.00896146,0.254797,158791.0
000157.SZ,20260821,328100.0,7.01,2299981.0,7.02,0.00464095,0.865996,706967.0
000156.SZ,20260821,27800.0,6.66,185148.0,6.68,0.00163541,0.343947,169988.0
000155.SZ,20260821,94800.0,11.67,1106316.0,11.76,0.00513496,0.262659,184617.0
000153.SZ,20260821,1265200.0,6.09,7705068.0,6.25,0.275722,2.85108,45886.9
000151.SZ,20260821,21500.0,10.02,215430.0,10.01,0.006982,0.446524,30793.5
000100.SZ,20260821,1007700.0,5.01,5048577.0,5.03,0.0050097,0.208835,2011500.0
000099.SZ,20260821,10200.0,13.78,140556.0,13.8,0.00131482,0.141658,77577.0
000096.SZ,20260821,14500.0,7.91,114695.0,7.92,0.00283842,0.208275,51084.8
000090.SZ,20260821,33600.0,3.49,117264.0,3.5,0.0017983,0.247609,186843.0
000089.SZ,20260821,48100.0,6.47,311207.0,6.47,0.00234546,0.378358,205077.0
000088.SZ,20260821,64900.0,4.45,288805.0,4.47,0.00205192,0.329784,316289.0
000561.SZ,20260821,8100.0,7.36,59616.0,7.39,0.00104348,0.110545,77624.7
000563.SZ,20260821,68600.0,2.94,201684.0,2.95,0.00134142,0.196393,511397.0
000564.SZ,20260821,3295600.0,1.47,4844532.0,1.47,0.0218326,0.588756,1509490.0
000713.SZ,20260821,273322.0,6.0,1639932.0,6.08,0.0445139,1.01759,61401.5
000711.SZ,20260821,3995400.0,6.3,25171020.0,6.11,0.169511,2.89732,235701.0
000710.SZ,20260821,4019000.0,10.17,40873230.0,9.37,1.21962,24.7607,32953.0
000709.SZ,20260821,574700.0,2.09,1201123.0,2.09,0.00556049,0.885081,1033540.0
000708.SZ,20260821,84300.0,13.85,1167555.0,14.04,0.00167025,0.632664,504714.0
000707.SZ,20260821,15200.0,4.62,70224.0,4.62,0.00276011,0.250713,55070.4
000705.SZ,20260821,206200.0,7.11,1466082.0,7.17,0.0731295,2.27087,28196.5
000703.SZ,20260821,1288719.0,20.12,25929026.28,20.1,0.0338923,1.1312,380239.0
000702.SZ,20260821,62400.0,5.5,343200.0,5.53,0.0180022,0.915754,34662.5
000701.SZ,20260821,91200.0,5.06,461472.0,5.11,0.0136579,0.717279,66774.7
000700.SZ,20260821,38600.0,10.67,411862.0,10.75,0.00420472,0.106529,91801.5
000698.SZ,20260821,19200.0,3.49,67008.0,3.51,0.00244364,0.357354,78571.4
000697.SZ,20260821,22300.0,8.15,181745.0,8.1,0.00341445,0.310677,65310.7
000695.SZ,20260821,24400.0,13.77,335988.0,13.87,0.0110003,0.180291,22181.1
000692.SZ,20260821,195600.0,4.14,809784.0,4.13,0.0367094,0.342546,53283.3
000691.SZ,20260821,5000.0,10.3,51500.0,10.28,0.00154669,0.0478099,32327.0
000690.SZ,20260821,287200.0,4.75,1364200.0,4.75,0.0132078,0.681571,217447.0
000688.SZ,20260821,42900.0,30.78,1320462.0,30.76,0.00362006,0.253329,118506.0
000686.SZ,20260821,115500.0,7.86,907830.0,7.86,0.00493494,0.704913,234045.0
000685.SZ,20260821,85900.0,10.9,936310.0,10.92,0.00689084,0.780106,124658.0
000683.SZ,20260821,227300.0,6.05,1375165.0,6.08,0.00680831,0.342123,333857.0
000682.SZ,20260821,57600.0,11.63,669888.0,11.63,0.00429658,0.408566,134060.0
000681.SZ,20260821,104400.0,16.86,1760184.0,17.01,0.0154407,0.473982,67613.5
000680.SZ,20260821,42000.0,10.39,436380.0,10.39,0.00319496,0.247361,131457.0
000679.SZ,20260821,20600.0,6.03,124218.0,6.03,0.00578002,0.307106,35640.0
000678.SZ,20260821,213100.0,8.56,1824136.0,8.58,0.0463652,0.598458,45961.2
000677.SZ,20260821,191000.0,1.65,315150.0,1.66,0.022107,0.741362,86397.8
000676.SZ,20260821,312800.0,6.41,2005048.0,6.49,0.0248446,0.253375,125903.0
000712.SZ,20260821,67700.0,8.55,578835.0,8.55,0.00755805,0.251789,89573.4
000715.SZ,20260821,87400.0,5.14,449236.0,5.17,0.0179824,0.71268,48603.1
000565.SZ,20260821,63400.0,5.94,376596.0,6.02,0.014622,0.46863,43359.2
000716.SZ,20260821,651200.0,4.95,3223440.0,5.02,0.0885114,0.752574,73572.4
000758.SZ,20260821,227000.0,5.96,1352920.0,5.95,0.0114487,0.846238,198275.0
000757.SZ,20260821,86100.0,4.24,365064.0,4.29,0.0161625,0.960544,53271.6
000756.SZ,20260821,394700.0,14.11,5569217.0,14.5,0.0791142,2.04746,49889.9
000755.SZ,20260821,13200.0,4.78,63096.0,4.8,0.000899605,0.25495,146731.0
000753.SZ,20260821,26500.0,4.69,124285.0,4.69,0.00267277,0.166426,99148.1
000752.SZ,20260821,700.0,9.01,6307.0,8.97,0.000265394,0.0448672,26375.8
000751.SZ,20260821,242800.0,4.9,1189720.0,4.93,0.0150282,0.553093,161563.0
000750.SZ,20260821,69800.0,3.69,257562.0,3.7,0.00120424,0.203782,579620.0
000739.SZ,20260821,431000.0,21.51,9270810.0,21.94,0.03722,1.24887,115798.0
000738.SZ,20260821,68103.0,17.54,1194526.62,17.68,0.00517821,0.60038,131518.0
000737.SZ,20260821,499300.0,14.18,7080074.0,14.06,0.0262163,0.5976,190454.0
000736.SZ,20260821,504100.0,4.36,2197876.0,4.47,0.0674744,1.71508,74709.8
000735.SZ,20260821,1869000.0,5.76,10765440.0,5.98,0.162395,1.55175,115090.0
000733.SZ,20260821,24400.0,38.75,945500.0,39.16,0.00440358,0.195268,55409.5
000731.SZ,20260821,3800.0,6.1,23180.0,6.1,0.000692387,0.040382,54882.6
000729.SZ,20260821,153900.0,12.12,1865268.0,12.26,0.00613244,0.653308,250961.0
000728.SZ,20260821,62400.0,7.03,438672.0,7.04,0.00142995,0.362267,436378.0
000727.SZ,20260821,218500.0,2.17,474145.0,2.18,0.00482386,0.290611,452957.0
000726.SZ,20260821,11200.0,5.97,66864.0,5.98,0.00190044,0.248514,58933.6
000725.SZ,20260821,8987517.0,5.88,52846599.96,5.9,0.0254121,0.413445,3536710.0
000723.SZ,20260821,2459400.0,3.58,8804652.0,3.61,0.0559568,2.16381,439518.0
000722.SZ,20260821,12000.0,12.96,155520.0,12.93,0.00258532,0.0976269,46415.8
000721.SZ,20260821,150700.0,6.47,975029.0,6.57,0.0294129,1.31102,51236.0
000720.SZ,20260821,249700.0,3.64,908908.0,3.68,0.0198722,0.471665,125653.0
000719.SZ,20260821,5000.0,12.32,61600.0,12.3,0.000749459,0.125827,66714.8
000718.SZ,20260821,35000.0,1.9,66500.0,1.9,0.00153386,0.157761,228183.0
000717.SZ,20260821,11900.0,2.21,26299.0,2.22,0.000491013,0.088997,242356.0
000672.SZ,20260821,29500.0,13.66,402970.0,13.69,0.00304313,0.174372,96939.5
000670.SZ,20260821,145500.0,7.06,1027230.0,7.17,0.0175206,0.194596,83045.0
000669.SZ,20260821,23900.0,4.28,102292.0,4.25,0.00351259,0.243124,68040.9
000668.SZ,20260821,0.0,,0.0,22.24,0.0,0.0,14684.2
000608.SZ,20260821,30100.0,7.38,222138.0,7.38,0.00403795,0.0817243,74542.8
000607.SZ,20260821,26300.0,3.64,95732.0,3.64,0.00297164,0.237966,88503.3
000605.SZ,20260821,10500.0,5.91,62055.0,5.94,0.00297738,0.263057,35265.9
000603.SZ,20260821,1450900.0,34.25,49693325.0,33.28,0.217619,2.47957,66671.6
000601.SZ,20260821,564000.0,6.06,3417840.0,6.08,0.0537338,1.33562,104962.0
000600.SZ,20260821,121600.0,7.88,958208.0,7.89,0.0111554,0.526589,109005.0
000599.SZ,20260821,53100.0,4.66,247446.0,4.7,0.00650144,0.403365,81674.2
000598.SZ,20260821,23000.0,7.19,165370.0,7.2,0.000770879,0.175935,298361.0
000597.SZ,20260821,1437900.0,5.14,7390806.0,5.17,0.102036,2.71268,140920.0
000596.SZ,20260821,16100.0,92.01,1481361.0,92.42,0.00394028,0.281179,40860.0
000595.SZ,20260821,137800.0,5.48,755144.0,5.47,0.012102,0.33549,113866.0
000593.SZ,20260821,182300.0,24.63,4490049.0,24.56,0.0508532,0.558675,35848.3
000592.SZ,20260821,583900.0,6.06,3538434.0,6.14,0.0304894,0.305642,191509.0
000591.SZ,20260821,41800.0,4.23,176814.0,4.24,0.00107086,0.118375,390340.0
000590.SZ,20260821,142400.0,9.5,1352800.0,9.69,0.0594923,4.77126,23935.9
000589.SZ,20260821,63300.0,4.25,269025.0,4.25,0.00409945,0.319345,154411.0
000586.SZ,20260821,11000.0,12.51,137610.0,12.51,0.00575344,0.207271,19119.0
000582.SZ,20260821,119900.0,10.79,1293721.0,10.87,0.00555904,0.211957,215685.0
000581.SZ,20260821,3900.0,17.41,67899.0,17.38,0.000491242,0.0719732,79390.5
000576.SZ,20260821,25400.0,7.1,180340.0,7.13,0.00585503,0.38755,43381.5
000573.SZ,20260821,20800.0,3.64,75712.0,3.67,0.00328612,0.153489,63296.5
000572.SZ,20260821,30100.0,3.84,115584.0,3.84,0.00183285,0.0939177,164225.0
000571.SZ,20260821,75900.0,5.92,449328.0,6.02,0.00932441,0.239464,81399.2
000570.SZ,20260821,103100.0,5.05,520655.0,5.06,0.0185534,1.0931,55569.2
000568.SZ,20260821,31500.0,86.01,2709315.0,86.11,0.00214131,0.30868,147106.0
000567.SZ,20260821,27900.0,5.96,166284.0,6.02,0.00143184,0.207182,194854.0
000566.SZ,20260821,2006100.0,5.0,10030500.0,5.18,0.154704,1.52797,129674.0
000609.SZ,20260821,60000.0,10.23,613800.0,10.26,0.0206389,1.35792,29071.3
000610.SZ,20260821,35800.0,6.18,221244.0,6.2,0.0152016,1.53339,23550.2
000612.SZ,20260821,117000.0,10.88,1272960.0,10.86,0.00982235,0.392526,119116.0
000636.SZ,20260821,1181550.0,53.12,62763936.0,53.09,0.102121,0.7574,115701.0
000665.SZ,20260821,128800.0,3.81,490728.0,3.85,0.0113269,0.359983,113712.0
000663.SZ,20260821,56600.0,5.63,318658.0,5.65,0.0184785,0.862853,30630.1
000661.SZ,20260821,131300.0,82.35,10812555.0,84.3,0.0328559,1.63415,39962.4
000659.SZ,20260821,130400.0,2.72,354688.0,2.72,0.0101423,0.469916,128570.0
000657.SZ,20260821,488608.0,64.51,31520102.08,64.45,0.0336171,0.522785,145345.0
000656.SZ,20260821,2667900.0,1.25,3334875.0,1.26,0.0351625,1.90905,758735.0
000655.SZ,20260821,2800.0,6.86,19208.0,6.89,0.000470319,0.0562146,59534.0
000652.SZ,20260821,47200.0,3.42,161424.0,3.45,0.00323682,0.370765,145822.0
000651.SZ,20260821,321400.0,41.43,13315602.0,41.42,0.00582035,0.767083,552201.0
000650.SZ,20260821,362800.0,5.55,2013540.0,5.62,0.0272498,1.38166,133139.0
000639.SZ,20260821,1306800.0,1.84,2404512.0,1.87,0.121064,1.71422,107943.0
000637.SZ,20260821,106300.0,3.98,423074.0,3.98,0.0291561,1.45738,36458.9
000635.SZ,20260821,900.0,6.32,5688.0,6.33,0.000245352,0.020043,36682.0
000615.SZ,20260821,10400.0,3.36,34944.0,3.37,0.001124,0.163126,92526.8
000633.SZ,20260821,44500.0,5.3,235850.0,5.3,0.0115552,0.620038,38510.6
000632.SZ,20260821,68500.0,3.73,255505.0,3.7,0.0147159,0.693023,46548.2
000631.SZ,20260821,49600.0,2.89,143344.0,2.93,0.00215652,0.40093,230000.0
000630.SZ,20260821,1014058.0,6.39,6479830.62,6.41,0.00910041,0.379938,1114300.0
000629.SZ,20260821,600700.0,3.0,1802100.0,3.01,0.00646578,0.751726,929044.0
000628.SZ,20260821,95400.0,41.24,3934296.0,41.23,0.0496258,0.747802,19223.9
000626.SZ,20260821,165300.0,8.26,1365378.0,8.34,0.0327773,1.02701,50431.3
000625.SZ,20260821,204100.0,7.12,1453192.0,7.15,0.00246879,0.463891,826721.0
000623.SZ,20260821,67300.0,18.13,1220149.0,18.16,0.00565087,0.573085,119097.0
000620.SZ,20260821,6734644.0,3.23,21752900.12,3.25,0.144157,1.11597,467175.0
000619.SZ,20260821,24200.0,4.81,116402.0,4.85,0.00672222,0.505251,36000.0
000617.SZ,20260821,246800.0,6.78,1673304.0,6.8,0.00195221,0.450818,1264210.0
518850.SH,20260821,213300.0,9.391,2003100.0,9.324,,0.416357,
518680.SH,20260821,78700.0,9.748,767168.0,9.667,,0.47937,
688325.SH,20260821,3408.0,107.0,364656.0,108.55,0.00414693,0.2878,8218.14
900906.SH,20260821,500.0,0.22,110.0,0.222,,,
900904.SH,20260821,32500.0,0.486,15795.0,0.5,,,
900903.SH,20260821,3000.0,0.186,558.0,0.186,,,
900902.SH,20260821,0.0,,0.0,0.163,,,
900901.SH,20260821,0.0,,0.0,0.704,,,
689009.SH,20260821,48568.0,43.73,2123879.0,43.86,0.00863844,0.469931,56223.1
688981.SH,20260821,164786.0,124.32,20486196.0,125.5,0.0082411,0.266121,199956.0
688836.SH,20260821,289681.0,659.0,190899779.0,687.0,0.962788,1.51319,3008.77
688828.SH,20260821,48123.0,79.95,3847434.0,81.16,0.184811,0.639354,2603.9
688826.SH,20260821,14758.0,920.01,13577508.0,946.92,0.193731,0.370636,761.776
688825.SH,20260821,2438416.0,57.21,139501779.0,57.57,0.0541505,0.577295,450304.0
688820.SH,20260821,268835.0,126.11,33902782.0,127.98,0.155483,1.58783,17290.3
688819.SH,20260821,2100.0,21.62,45402.0,21.7,0.000216027,0.10454,97210.0
688818.SH,20260821,27061.0,45.9,1242100.0,45.88,0.0190542,0.234447,14202.1
688816.SH,20260821,0.0,,0.0,48.6,0.0,0.0,2053.6
688813.SH,20260821,6664.0,113.48,756231.0,113.53,0.0221565,0.12475,3007.7
688811.SH,20260821,3539.0,21.5301,76195.0,21.58,0.00384147,0.0462806,9212.61
688809.SH,20260821,2486.0,453.01,1126183.0,454.23,0.00959405,0.144046,2591.19
688808.SH,20260821,2102.0,2299.0,4832498.0,2314.01,0.0108934,0.216228,1929.61
688807.SH,20260821,2733.0,306.8,838484.0,310.0,0.0170812,0.0731356,1600.0
688806.SH,20260821,373496.0,27.0,10084392.0,27.95,0.731977,4.97717,5102.57
688805.SH,20260821,0.0,,0.0,39.75,0.0,0.0,3353.6
688802.SH,20260821,1250.0,711.99,889988.0,711.99,0.00674633,0.099508,1852.86
688800.SH,20260821,54641.0,61.05,3335833.0,61.05,0.0189471,0.369359,28838.7
688799.SH,20260821,23256.0,44.01,1023497.0,45.24,0.0174024,0.670251,13363.7
688798.SH,20260821,14821.0,54.0,800334.0,53.99,0.0109184,0.472567,13574.4
688797.SH,20260821,7149.0,307.76,2200176.0,307.31,0.024489,0.192085,2919.27
688796.SH,20260821,60974.0,135.37,8254050.0,138.18,0.157933,1.61077,3860.75
900905.SH,20260821,100.0,2.91,291.0,2.907,,,
900908.SH,20260821,0.0,,0.0,0.654,,,
688793.SH,20260821,9677.0,20.44,197798.0,20.63,0.0113843,0.291865,8500.31
900909.SH,20260821,0.0,,0.0,0.501,,,
900941.SH,20260821,1000.0,0.474,474.0,0.475,,,
900940.SH,20260821,0.0,,0.0,0.216,,,
900939.SH,20260821,0.0,,0.0,0.468,,,
900938.SH,20260821,34100.0,0.221994,7570.0,0.225,,,
900937.SH,20260821,0.0,,0.0,0.214,,,
900936.SH,20260821,0.0,,0.0,1.186,,,
900934.SH,20260821,0.0,,0.0,1.5,,,
900932.SH,20260821,1800.0,0.391111,704.0,0.391,,,
900929.SH,20260821,0.0,,0.0,0.951,,,
900928.SH,20260821,0.0,,0.0,0.602,,,
900927.SH,20260821,0.0,,0.0,0.331,,,
900926.SH,20260821,0.0,,0.0,0.9,,,
900925.SH,20260821,0.0,,0.0,1.465,,,
900924.SH,20260821,1100.0,0.307273,338.0,0.305,,,
900923.SH,20260821,1000.0,0.578,578.0,0.582,,,
900922.SH,20260821,0.0,,0.0,0.599,,,
900921.SH,20260821,12100.0,0.186033,2251.0,0.186,,,
900920.SH,20260821,0.0,,0.0,0.298,,,
900918.SH,20260821,0.0,,0.0,0.317,,,
900917.SH,20260821,69300.0,0.259004,17949.0,0.262,,,
900916.SH,20260821,0.0,,0.0,0.528,,,
900915.SH,20260821,0.0,,0.0,0.256,,,
900914.SH,20260821,0.0,,0.0,0.439,,,
900913.SH,20260821,0.0,,0.0,0.221,,,
900912.SH,20260821,0.0,,0.0,0.637,,,
900911.SH,20260821,0.0,,0.0,0.699,,,
900910.SH,20260821,0.0,,0.0,0.63,,,
688795.SH,20260821,1202.0,542.1,651604.0,546.99,0.00397678,0.0944027,3022.55
688790.SH,20260821,880.0,96.5,84920.0,96.76,0.00694238,0.16366,1267.58
900943.SH,20260821,0.0,,0.0,0.438,,,
688721.SH,20260821,5650.0,42.0,237300.0,42.5,0.0102442,0.112317,5515.33
688719.SH,20260821,4692.0,48.5,227562.0,49.05,0.00522947,0.0996441,8972.23
688718.SH,20260821,7830.0,14.2201,111343.0,14.11,0.00450636,0.4316,17375.4
688717.SH,20260821,9318.0,57.02,531312.0,57.65,0.00940758,0.105647,9904.78
688716.SH,20260821,300.0,27.88,8364.0,27.41,0.000429018,0.0187909,6992.72
688712.SH,20260821,13900.0,33.93,471627.0,33.95,0.0304825,0.542791,4560.0
688711.SH,20260821,6458.0,24.6,158867.0,24.75,0.00297943,0.0673174,21675.3
688710.SH,20260821,33331.0,95.3,3176444.0,100.1,0.0367511,0.935641,9069.4
688709.SH,20260821,16300.0,25.53,416139.0,25.92,0.00735074,0.340026,22174.6
688708.SH,20260821,3219.0,42.1,135520.0,42.47,0.00225509,0.238966,14274.4
688707.SH,20260821,7708.0,10.17,78390.0,10.3,0.00151512,0.134437,50874.0
688702.SH,20260821,33683.0,374.2,12604179.0,372.95,0.0165933,0.359053,20299.2
688701.SH,20260821,15246.0,8.37,127609.0,8.36,0.0113541,0.690754,13427.7
688700.SH,20260821,18461.0,57.48,1061138.0,57.22,0.00618663,0.131406,29840.1
688699.SH,20260821,12864.0,62.45,803357.0,61.7,0.0116877,0.229288,11006.5
688698.SH,20260821,2400.0,45.0,108000.0,45.0,0.00111611,0.0681093,21503.3
688697.SH,20260821,13603.0,14.33,194931.0,14.44,0.00212458,0.135978,64026.7
688696.SH,20260821,1530.0,70.5,107865.0,70.51,0.00218509,0.250318,7002.0
688695.SH,20260821,6659.0,19.4001,129185.0,19.4,0.0124711,0.596091,5339.55
688693.SH,20260821,12312.0,76.2,938174.0,77.26,0.0316468,0.350603,3890.44
688692.SH,20260821,5658.0,247.6,1400921.0,248.5,0.00762897,0.310139,7416.47
688691.SH,20260821,9289.0,63.66,591338.0,64.02,0.0127308,0.215524,7296.5
688690.SH,20260821,182174.0,44.0,8015656.0,45.37,0.0451133,1.54047,40381.5
688689.SH,20260821,4401.0,39.3599,173223.0,39.69,0.0030371,0.0559447,14490.8
688687.SH,20260821,35736.0,18.45,659329.0,18.69,0.020905,0.774832,17094.4
688686.SH,20260821,3349.0,122.51,410286.0,123.67,0.00273979,0.194224,12223.5
688685.SH,20260821,5770.0,41.0,236570.0,40.81,0.00392913,0.134319,14685.2
688683.SH,20260821,6044.0,29.5299,178479.0,30.01,0.00375176,0.26672,16109.8
688720.SH,20260821,5742.0,67.0,384714.0,67.05,0.00734371,0.105857,7818.94
688722.SH,20260821,0.0,,0.0,13.81,0.0,0.0,22410.5
688789.SH,20260821,2600.0,47.64,123864.0,47.89,0.00144239,0.148769,18025.6
688726.SH,20260821,7600.0,44.69,339644.0,44.8,0.00345573,0.0994068,21992.4
688788.SH,20260821,29588.0,30.89,913973.0,30.46,0.0135164,0.748758,21890.4
688787.SH,20260821,12466.0,105.87,1319775.0,105.82,0.0206647,0.567071,6032.52
688786.SH,20260821,7939.0,27.5001,218323.0,27.68,0.00458053,0.114172,17332.0
688785.SH,20260821,1377.0,270.0,371790.0,270.5,0.0101665,0.223771,1354.44
688783.SH,20260821,191253.0,31.43,6011082.0,31.5,0.0711242,0.421035,26890.0
688781.SH,20260821,31557.0,39.2,1237034.0,39.28,0.0772791,1.49456,4083.51
688779.SH,20260821,175777.0,8.09,1422036.0,8.13,0.0091113,0.434781,192922.0
688778.SH,20260821,12384.0,46.21,572265.0,45.94,0.00245378,0.265161,50469.1
688777.SH,20260821,17453.0,91.7,1600440.0,91.7,0.0022171,0.114787,78719.9
688776.SH,20260821,2000.0,46.25,92500.0,46.74,0.0018453,0.114154,10838.3
688775.SH,20260821,19430.0,117.0,2273310.0,119.15,0.00749157,0.431749,25935.8
688772.SH,20260821,320363.0,14.8,4741372.0,14.87,0.0281445,1.4691,113828.0
688768.SH,20260821,13251.0,43.35,574431.0,42.92,0.015185,1.76071,8726.35
688767.SH,20260821,13800.0,40.98,565524.0,40.6,0.00924107,0.563814,14933.3
688766.SH,20260821,134163.0,470.0,63056610.0,480.36,0.0902218,0.802682,14870.4
688765.SH,20260821,38590.0,38.38,1481084.0,38.81,0.0536189,0.928464,7197.08
688759.SH,20260821,31253.0,27.1,846956.0,27.18,0.0434069,0.571472,7200.0
688758.SH,20260821,314056.0,28.15,8840676.0,29.3,0.105323,2.69835,29818.4
688757.SH,20260821,17829.0,32.1,572311.0,32.17,0.0098383,0.125111,18122.0
688755.SH,20260821,13621.0,27.25,371172.0,27.7,0.0170546,0.855483,7986.72
688750.SH,20260821,2190.0,13.8,30222.0,13.91,0.000940244,0.0752733,23291.8
688739.SH,20260821,124454.0,21.39,2662071.0,21.54,0.0298845,3.58895,41645.0
688737.SH,20260821,2830.0,17.7502,50233.0,17.85,0.00236692,0.263057,11956.5
688733.SH,20260821,6587.0,29.6,194975.0,30.0,0.00329721,0.0790953,19977.5
688729.SH,20260821,66840.0,24.01,1604828.0,24.21,0.00382328,0.220372,174824.0
688728.SH,20260821,32364.0,15.88,513940.0,15.99,0.00124535,0.0861088,259879.0
688727.SH,20260821,8488.0,47.8,405726.0,48.0,0.0157103,0.194138,5402.82
900942.SH,20260821,0.0,,0.0,0.675,,,
900945.SH,20260821,0.0,,0.0,0.206,,,
518660.SH,20260821,80100.0,9.326,747013.0,9.262,,0.240971,
501225.SH,20260821,37500.0,3.61,135375.0,3.659,,0.354801,
501220.SH,20260821,0.0,,0.0,0.988,,0.0,
501219.SH,20260821,0.0,,0.0,1.633,,0.0,
501218.SH,20260821,0.0,,0.0,0.958,,0.0,
501217.SH,20260821,0.0,,0.0,1.035,,0.0,
501216.SH,20260821,0.0,,0.0,0.9,,0.0,
501215.SH,20260821,0.0,,0.0,1.088,,0.0,
501213.SH,20260821,0.0,,0.0,0.901,,0.0,
501212.SH,20260821,0.0,,0.0,1.045,,0.0,
501211.SH,20260821,0.0,,0.0,1.059,,0.0,
501210.SH,20260821,0.0,,0.0,1.265,,0.0,
501209.SH,20260821,0.0,,0.0,0.483,,0.0,
501208.SH,20260821,0.0,,0.0,1.307,,0.0,
501207.SH,20260821,0.0,,0.0,0.813,,0.0,
501206.SH,20260821,0.0,,0.0,0.915,,0.0,
501205.SH,20260821,50900.0,0.935992,47642.0,0.936,,0.542552,
501203.SH,20260821,500.0,1.544,772.0,1.54,,0.126877,
501202.SH,20260821,0.0,,0.0,1.294,,0.0,
501201.SH,20260821,12300.0,2.40301,29557.0,2.401,,1.09599,
501200.SH,20260821,0.0,,0.0,1.446,,0.0,
501189.SH,20260821,0.0,,0.0,1.014,,0.0,
501188.SH,20260821,0.0,,0.0,1.066,,0.0,
501186.SH,20260821,0.0,,0.0,0.819,,0.0,
501099.SH,20260821,0.0,,0.0,3.086,,0.0,
501098.SH,20260821,0.0,,0.0,1.759,,0.0,
501097.SH,20260821,0.0,,0.0,1.955,,0.0,
501096.SH,20260821,200.0,1.56,312.0,1.562,,0.00498539,
501095.SH,20260821,0.0,,0.0,0.894,,0.0,
501222.SH,20260821,0.0,,0.0,1.041,,0.0,
501227.SH,20260821,1100.0,1.07636,1184.0,1.078,,0.0278864,
501092.SH,20260821,0.0,,0.0,1.293,,0.0,
501300.SH,20260821,585400.0,0.928,543251.0,0.929,,10.4911,
508001.SH,20260821,100.0,4.71,471.0,4.713,,0.0141274,
508000.SH,20260821,19500.0,1.878,36621.0,1.887,,0.488791,
506008.SH,20260821,0.0,,0.0,1.294,,0.0,
506006.SH,20260821,0.0,,0.0,1.342,,0.0,
506005.SH,20260821,0.0,,0.0,1.483,,0.0,
506003.SH,20260821,0.0,,0.0,1.243,,0.0,
506002.SH,20260821,40200.0,2.13,85626.0,2.135,,0.65359,
506001.SH,20260821,0.0,,0.0,1.765,,0.0,
506000.SH,20260821,42300.0,1.286,54398.0,1.29,,0.650304,
502056.SH,20260821,0.0,,0.0,0.711,,0.0,
502053.SH,20260821,0.0,,0.0,1.062,,0.0,
502048.SH,20260821,0.0,,0.0,1.25,,0.0,
502023.SH,20260821,100.0,1.55,155.0,1.536,,0.402308,
502013.SH,20260821,0.0,,0.0,1.44,,0.0,
502010.SH,20260821,0.0,,0.0,1.231,,0.0,
502006.SH,20260821,0.0,,0.0,1.582,,0.0,
502003.SH,20260821,0.0,,0.0,1.351,,0.0,
502000.SH,20260821,0.0,,0.0,2.03,,0.0,
501312.SH,20260821,285855.0,2.37,677476.0,2.391,,1.32574,
501311.SH,20260821,10000.0,0.98,9800.0,0.979,,4.29578,
501310.SH,20260821,0.0,,0.0,1.325,,0.0,
501307.SH,20260821,0.0,,0.0,1.277,,0.0,
501306.SH,20260821,0.0,,0.0,1.288,,0.0,
501305.SH,20260821,0.0,,0.0,1.312,,0.0,
501303.SH,20260821,0.0,,0.0,0.977,,0.0,
501302.SH,20260821,0.0,,0.0,1.162,,0.0,
501301.SH,20260821,500.0,1.242,621.0,1.237,,0.149929,
501093.SH,20260821,0.0,,0.0,1.24,,0.0,
501091.SH,20260821,0.0,,0.0,1.018,,0.0,
900946.SH,20260821,0.0,,0.0,0.193,,,
501045.SH,20260821,0.0,,0.0,1.553,,0.0,
501038.SH,20260821,0.0,,0.0,1.523,,0.0,
501037.SH,20260821,0.0,,0.0,1.486,,0.0,
501036.SH,20260821,0.0,,0.0,1.511,,0.0,
501032.SH,20260821,600.0,1.72833,1037.0,1.744,,0.211578,
501031.SH,20260821,0.0,,0.0,0.518,,0.0,
501030.SH,20260821,0.0,,0.0,0.535,,0.0,
501029.SH,20260821,0.0,,0.0,1.763,,0.0,
501028.SH,20260821,0.0,,0.0,1.441,,0.0,
501026.SH,20260821,100.0,2.43,243.0,2.441,,0.00233136,
501025.SH,20260821,62800.0,1.86799,117310.0,1.864,,0.190545,
501022.SH,20260821,0.0,,0.0,2.673,,0.0,
501021.SH,20260821,0.0,,0.0,1.357,,0.0,
501019.SH,20260821,0.0,,0.0,1.181,,0.0,
501018.SH,20260821,4205645.0,1.886,7931846.0,1.85,,1.07805,
501017.SH,20260821,0.0,,0.0,1.366,,0.0,
501016.SH,20260821,0.0,,0.0,1.163,,0.0,
501015.SH,20260821,1000.0,3.002,3002.0,3.02,,0.0468448,
501012.SH,20260821,0.0,,0.0,1.008,,0.0,
501011.SH,20260821,0.0,,0.0,1.042,,0.0,
501010.SH,20260821,0.0,,0.0,1.322,,0.0,
501009.SH,20260821,0.0,,0.0,1.356,,0.0,
501008.SH,20260821,0.0,,0.0,0.803,,0.0,
501007.SH,20260821,0.0,,0.0,0.832,,0.0,
501005.SH,20260821,55000.0,1.15,63250.0,1.173,,2.07307,
501001.SH,20260821,0.0,,0.0,1.571,,0.0,
900948.SH,20260821,200.0,2.88,576.0,2.879,,,
900947.SH,20260821,38200.0,0.25801,9856.0,0.259,,,
501043.SH,20260821,0.0,,0.0,1.587,,0.0,
501047.SH,20260821,0.0,,0.0,1.084,,0.0,
501090.SH,20260821,0.0,,0.0,1.083,,0.0,
501048.SH,20260821,0.0,,0.0,1.072,,0.0,
501089.SH,20260821,1900.0,1.03895,1974.0,1.034,,0.438896,
501088.SH,20260821,0.0,,0.0,0.778,,0.0,
501087.SH,20260821,0.0,,0.0,1.336,,0.0,
501085.SH,20260821,85500.0,3.22501,275738.0,3.225,,1.06614,
501083.SH,20260821,0.0,,0.0,1.989,,0.0,
501082.SH,20260821,0.0,,0.0,3.838,,0.0,
501081.SH,20260821,0.0,,0.0,2.988,,0.0,
501080.SH,20260821,16700.0,1.57,26219.0,1.586,,0.180308,
501079.SH,20260821,0.0,,0.0,4.475,,0.0,
501078.SH,20260821,1673.0,2.94979,4935.0,3.009,,1.50943,
501077.SH,20260821,0.0,,0.0,3.217,,0.0,
501076.SH,20260821,1493.0,1.66778,2490.0,1.66,,0.38908,
501075.SH,20260821,700.0,3.35143,2346.0,3.457,,3.31123,
501073.SH,20260821,0.0,,0.0,2.157,,0.0,
501071.SH,20260821,0.0,,0.0,0.962,,0.0,
501070.SH,20260821,0.0,,0.0,1.211,,0.0,
501065.SH,20260821,0.0,,0.0,1.24,,0.0,
501064.SH,20260821,0.0,,0.0,3.476,,0.0,
501062.SH,20260821,0.0,,0.0,2.088,,0.0,
501061.SH,20260821,0.0,,0.0,2.318,,0.0,
501060.SH,20260821,0.0,,0.0,2.367,,0.0,
501059.SH,20260821,0.0,,0.0,2.286,,0.0,
501058.SH,20260821,0.0,,0.0,2.113,,0.0,
501057.SH,20260821,0.0,,0.0,2.155,,0.0,
501053.SH,20260821,0.0,,0.0,1.071,,0.0,
501051.SH,20260821,0.0,,0.0,2.159,,0.0,
501050.SH,20260821,1500.0,1.712,2568.0,1.718,,0.720594,
688682.SH,20260821,3057.0,31.8901,97488.0,31.3,0.0030018,0.243182,10183.9
688681.SH,20260821,4199.0,16.6599,69955.0,16.86,0.00401166,0.297074,10467.0
688680.SH,20260821,3835.0,34.2801,131464.0,34.0,0.00393047,0.334605,9757.1
688466.SH,20260821,5958.0,14.0399,83650.0,14.08,0.00487744,0.54917,12215.4
688458.SH,20260821,5736.0,33.2,190435.0,33.67,0.0061196,0.299498,9373.16
688456.SH,20260821,24987.0,81.44,2034941.0,81.9,0.0241048,0.248281,10366.0
688455.SH,20260821,1958.0,15.1798,29722.0,15.24,0.00116526,0.113935,16803.1
688450.SH,20260821,10216.0,33.0,337128.0,33.2,0.0208785,0.53728,4893.07
688449.SH,20260821,25105.0,67.89,1704378.0,68.2,0.00856229,0.155872,29320.4
688448.SH,20260821,13127.0,63.19,829495.0,62.74,0.013461,0.422985,9751.89
688443.SH,20260821,24700.0,26.28,649116.0,26.78,0.0172257,0.548208,14339.0
688439.SH,20260821,200.0,38.62,7724.0,38.72,0.0001,0.0110778,20000.0
688435.SH,20260821,3199.0,30.4201,97314.0,30.42,0.00570759,0.188198,5604.81
688433.SH,20260821,124065.0,103.0,12778695.0,103.25,0.0298536,1.66251,41557.8
688432.SH,20260821,317938.0,44.98,14300851.0,44.98,0.0254289,0.405326,125030.0
688429.SH,20260821,0.0,,0.0,10.49,0.0,0.0,40000.1
688428.SH,20260821,137650.0,31.01,4268527.0,31.9,0.050454,1.15926,27282.3
688426.SH,20260821,73581.0,22.99,1691627.0,22.87,0.0655641,4.93059,11222.8
688425.SH,20260821,38116.0,4.10001,156276.0,4.1,0.000714653,0.289663,533350.0
688420.SH,20260821,0.0,,0.0,22.34,0.0,0.0,8843.0
688419.SH,20260821,4000.0,47.28,189120.0,47.7,0.00349187,0.0750662,11455.2
688418.SH,20260821,977.0,32.4299,31684.0,32.61,0.000507388,0.0182839,19255.5
688416.SH,20260821,13125.0,73.92,970200.0,74.45,0.0121662,0.222177,10788.1
688411.SH,20260821,1500.0,200.27,300405.0,199.98,0.00113144,0.0743762,13257.4
688410.SH,20260821,37406.0,11.3,422688.0,11.41,0.00835999,0.371924,44744.1
688409.SH,20260821,32229.0,209.86,6763578.0,208.11,0.0105251,0.401026,30621.1
688408.SH,20260821,16300.0,25.47,415161.0,25.66,0.00744068,0.501762,21906.6
688403.SH,20260821,114785.0,23.29,2673343.0,23.1,0.0115583,0.207712,99309.8
688401.SH,20260821,11214.0,68.76,771075.0,68.85,0.00579986,0.181556,19335.0
688400.SH,20260821,20227.0,46.77,946017.0,47.11,0.00442124,0.177759,45749.6
688399.SH,20260821,10702.0,29.29,313462.0,29.65,0.0086216,0.504254,12413.0
688459.SH,20260821,0.0,,0.0,7.96,0.0,0.0,48000.0
688468.SH,20260821,34264.0,6.43001,220318.0,6.5,0.00854234,1.07281,40110.8
688396.SH,20260821,67931.0,59.1,4014722.0,59.39,0.00511447,0.273848,132821.0
688469.SH,20260821,615830.0,8.8,5419304.0,8.85,0.0104915,0.40111,586980.0
688515.SH,20260821,16291.0,150.2,2446908.0,149.83,0.0327001,0.447714,4981.94
688513.SH,20260821,5699.0,47.6199,271386.0,48.1,0.00322831,0.177698,17653.2
688512.SH,20260821,10744.0,14.32,153854.0,14.45,0.00331022,0.0745607,32457.0
688511.SH,20260821,4128.0,21.3101,87968.0,21.53,0.00308802,0.264927,13367.8
688510.SH,20260821,9386.0,23.17,217474.0,23.51,0.00361107,0.148062,25992.3
688509.SH,20260821,5888.0,4.23998,24965.0,4.26,0.00152844,0.104708,38522.9
688508.SH,20260821,15279.0,83.35,1273505.0,83.35,0.0115383,0.165574,13242.0
688507.SH,20260821,30953.0,154.84,4792763.0,155.52,0.0628669,0.460046,4923.57
688506.SH,20260821,9465.0,288.0,2725920.0,295.86,0.00229247,0.529081,41287.4
688505.SH,20260821,326102.0,8.73,2846870.0,8.85,0.0458929,1.28661,71057.2
688503.SH,20260821,135322.0,93.0,12584946.0,94.53,0.0559104,0.486399,24203.4
688502.SH,20260821,3367.0,450.0,1515150.0,455.0,0.0063768,0.145151,5280.07
688501.SH,20260821,1600.0,13.27,21232.0,13.27,0.000919982,0.0708294,17391.6
688500.SH,20260821,4254.0,36.26,154250.0,36.4,0.00567825,0.256943,7491.74
688499.SH,20260821,5891.0,34.1,200883.0,34.67,0.00349141,0.132794,16872.9
688498.SH,20260821,21735.0,1560.0,33906600.0,1545.0,0.0176862,0.573097,12289.2
688496.SH,20260821,278500.0,0.92,256220.0,0.9,0.117044,1.80258,23794.6
688489.SH,20260821,21679.0,24.1,522464.0,23.27,0.0128829,1.96075,16827.7
688488.SH,20260821,250170.0,16.66,4167832.0,17.16,0.0594535,1.85068,42078.3
688486.SH,20260821,8274.0,43.58,360581.0,44.21,0.00442786,0.182364,18686.2
688485.SH,20260821,41610.0,82.96,3451966.0,84.59,0.0276861,0.284142,15029.2
688484.SH,20260821,9875.0,36.32,358660.0,36.43,0.00229859,0.0874646,42961.1
688480.SH,20260821,1131.0,75.6198,85526.0,76.8,0.00118645,0.120835,9532.62
688479.SH,20260821,2019.0,26.8301,54170.0,33.52,0.00233345,0.0772019,8652.44
688478.SH,20260821,23229.0,49.36,1146583.0,49.7,0.0167881,0.319177,13836.6
688475.SH,20260821,8016.0,29.62,237434.0,29.62,0.0010179,0.188578,78750.0
688472.SH,20260821,71789.0,10.2,732248.0,10.26,0.00197053,0.228765,364314.0
688398.SH,20260821,2503.0,21.2901,53289.0,21.22,0.00149153,0.136114,16781.4
688395.SH,20260821,3800.0,22.37,85006.0,22.58,0.00438811,0.241591,8659.77
688679.SH,20260821,10884.0,38.69,421102.0,39.49,0.00826489,0.134534,13169.0
688360.SH,20260821,6920.0,15.1801,105046.0,15.48,0.00262374,0.130509,26374.6
688358.SH,20260821,5905.0,29.5101,174257.0,29.89,0.00527347,0.54666,11197.6
688357.SH,20260821,0.0,,0.0,27.15,0.0,0.0,10006.0
688356.SH,20260821,268112.0,107.34,28779142.0,89.45,0.442059,18.6267,6065.07
688355.SH,20260821,2200.0,17.52,38544.0,17.45,0.00177482,0.206322,12395.6
688353.SH,20260821,48762.0,88.0,4291056.0,90.0,0.0305718,0.556474,15950.0
688352.SH,20260821,137054.0,18.4,2521794.0,18.36,0.037404,0.431433,36641.6
688351.SH,20260821,6445.0,20.45,131800.0,20.55,0.00136953,0.173207,47060.0
688350.SH,20260821,1000.0,28.99,28990.0,28.92,0.000698106,0.0622578,14324.5
688349.SH,20260821,6760.0,14.07,95113.0,14.13,0.000431621,0.116637,156619.0
688348.SH,20260821,4900.0,32.07,157143.0,32.1,0.00313545,0.426053,15627.7
688347.SH,20260821,40299.0,232.76,9379995.0,232.68,0.00988326,0.154244,40775.0
688345.SH,20260821,5000.0,54.99,274950.0,54.83,0.00493164,0.197944,10138.6
688343.SH,20260821,16161.0,56.0,905016.0,56.55,0.00449412,0.183717,35960.3
688339.SH,20260821,2001.0,16.99,33997.0,17.05,0.00102203,0.072441,19578.7
688338.SH,20260821,9715.0,30.31,294462.0,30.76,0.0091528,0.550101,10614.2
688337.SH,20260821,21424.0,44.3,949083.0,45.03,0.0115234,0.418481,18591.7
688336.SH,20260821,178421.0,48.01,8565992.0,48.61,0.0199081,1.40274,89622.5
688335.SH,20260821,45488.0,20.28,922497.0,20.09,0.030728,1.94524,14803.5
688334.SH,20260821,5872.0,17.93,105285.0,18.09,0.00188102,0.389719,31217.1
688333.SH,20260821,158815.0,108.7,17263191.0,106.68,0.0578936,1.17077,27432.2
688332.SH,20260821,11565.0,90.27,1043973.0,91.41,0.00647952,0.1975,17848.5
688331.SH,20260821,98069.0,129.7,12719549.0,133.38,0.0275555,1.17418,35589.6
688330.SH,20260821,6000.0,33.0,198000.0,33.1,0.00428571,0.529288,14000.0
688329.SH,20260821,6354.0,20.2701,128796.0,20.56,0.00823057,0.52377,7720.0
688328.SH,20260821,23808.0,76.03,1810122.0,75.97,0.0252053,0.310352,9445.63
688327.SH,20260821,38084.0,10.2,388457.0,10.27,0.00456168,0.20808,83486.8
688326.SH,20260821,3700.0,63.41,234617.0,64.34,0.00331471,0.298907,11162.4
688359.SH,20260821,4832.0,94.85,458315.0,95.12,0.0048475,0.101035,9968.01
688361.SH,20260821,17489.0,358.93,6277327.0,355.59,0.00496774,0.149789,35205.2
688393.SH,20260821,20580.0,20.35,418803.0,20.72,0.0219948,1.0315,9356.77
688362.SH,20260821,80060.0,64.0,5123840.0,64.61,0.0176646,0.265028,45322.4
688392.SH,20260821,15341.0,189.26,2903438.0,191.32,0.0132555,0.208386,11573.3
688391.SH,20260821,0.0,,0.0,25.49,0.0,0.0,11559.4
688390.SH,20260821,15485.0,65.45,1013493.0,65.15,0.0063692,0.216311,24312.3
688389.SH,20260821,12043.0,11.24,135363.0,11.42,0.0028106,0.479156,42848.6
688388.SH,20260821,96729.0,27.9,2698739.0,28.09,0.014658,0.312469,65990.7
688387.SH,20260821,262452.0,12.75,3346263.0,12.8,0.0130134,0.394163,201678.0
688386.SH,20260821,3769.0,50.71,191126.0,51.93,0.00414176,0.168975,9100.0
688385.SH,20260821,28760.0,53.23,1530895.0,53.63,0.00533196,0.175611,53938.9
688383.SH,20260821,13347.0,127.0,1695069.0,128.0,0.0131308,0.57277,10164.7
688382.SH,20260821,150190.0,20.79,3122450.0,21.41,0.0259131,0.721677,57959.2
688381.SH,20260821,8893.0,33.13,294625.0,33.31,0.00359313,0.0861033,24750.0
688380.SH,20260821,57561.0,42.53,2448069.0,42.51,0.0143771,0.312457,40036.5
688379.SH,20260821,17798.0,52.1,927276.0,52.51,0.0197568,0.34283,9008.55
688378.SH,20260821,31103.0,46.73,1453443.0,47.25,0.0129079,0.243478,24096.1
688377.SH,20260821,10124.0,20.14,203897.0,20.34,0.00433444,0.54438,23357.1
688376.SH,20260821,4318.0,67.99,293581.0,67.48,0.00319256,0.24131,13525.2
688375.SH,20260821,6292.0,79.01,497131.0,79.26,0.00105568,0.136627,59601.5
688373.SH,20260821,161263.0,5.65,911136.0,5.66,0.0245742,1.03581,65622.8
688372.SH,20260821,45099.0,127.61,5755083.0,125.73,0.0266863,0.643106,16899.7
688371.SH,20260821,20875.0,27.74,579073.0,27.85,0.00622257,0.259971,33547.2
688370.SH,20260821,1000.0,23.2,23200.0,23.42,0.000729353,0.205996,13710.8
688369.SH,20260821,46431.0,19.65,912369.0,19.85,0.0402984,1.10605,11521.8
688368.SH,20260821,3825.0,128.0,489600.0,129.41,0.00309198,0.0978951,12370.7
688367.SH,20260821,6800.0,30.35,206380.0,29.69,0.00776038,0.590907,8762.46
688366.SH,20260821,4471.0,32.34,144592.0,32.68,0.00230402,0.456509,19405.2
688365.SH,20260821,14891.0,14.35,213686.0,14.57,0.00349316,0.132274,42629.1
688363.SH,20260821,24566.0,36.63,899853.0,37.02,0.00510008,0.688186,48167.8
688516.SH,20260821,8407.0,41.19,346284.0,40.92,0.00267092,0.119014,31476.0
688517.SH,20260821,1700.0,15.91,27047.0,16.1,0.00124439,0.0384726,13661.3
688518.SH,20260821,13728.0,19.33,265362.0,19.46,0.00402197,0.12896,34132.5
688630.SH,20260821,12987.0,428.43,5564020.0,433.0,0.009858,0.234137,13174.1
688628.SH,20260821,46353.0,82.27,3813461.0,82.34,0.0414727,0.774144,11176.8
688627.SH,20260821,8968.0,478.0,4286704.0,483.66,0.00952744,0.150285,9412.82
688626.SH,20260821,15340.0,45.67,700578.0,45.58,0.0095875,0.649743,16000.0
688625.SH,20260821,118945.0,54.99,6540786.0,57.24,0.0458068,2.09979,25966.7
688623.SH,20260821,0.0,,0.0,58.68,0.0,0.0,3551.96
688622.SH,20260821,0.0,,0.0,104.02,0.0,0.0,7046.55
688621.SH,20260821,48622.0,67.0,3257674.0,66.45,0.0434125,1.36398,11200.0
688620.SH,20260821,80887.0,15.5,1253749.0,15.42,0.0206344,0.645952,39200.0
688619.SH,20260821,30973.0,15.33,474816.0,15.41,0.0167026,0.794184,18543.8
688618.SH,20260821,42424.0,31.68,1343992.0,31.26,0.0385505,1.08146,11004.8
688617.SH,20260821,13631.0,266.15,3627891.0,266.22,0.00963123,0.605191,14152.9
688616.SH,20260821,8800.0,10.83,95304.0,10.99,0.00490583,0.525213,17937.8
688615.SH,20260821,60251.0,96.79,5831694.0,96.79,0.0445188,0.767562,13533.8
688613.SH,20260821,13517.0,15.72,212487.0,15.79,0.00986581,0.48008,13700.9
688612.SH,20260821,13048.0,33.31,434629.0,33.4,0.00508299,0.206349,25669.9
688611.SH,20260821,800.0,64.66,51728.0,64.92,0.000521548,0.0488952,15339.0
688610.SH,20260821,12384.0,166.29,2059335.0,166.84,0.0302546,0.523091,4093.26
688609.SH,20260821,12620.0,8.94002,112823.0,8.98,0.002524,0.0523596,50000.0
688608.SH,20260821,11385.0,109.67,1248593.0,110.77,0.00480611,0.255523,23688.6
688607.SH,20260821,24466.0,43.97,1075770.0,43.13,0.0308412,1.26917,7932.9
688606.SH,20260821,6268.0,48.9,306505.0,49.3,0.00828505,1.35112,7565.44
688605.SH,20260821,3792.0,72.02,273100.0,72.7,0.00349971,0.084246,10835.2
688603.SH,20260821,19043.0,104.5,1989994.0,105.0,0.015268,0.335745,12472.5
688602.SH,20260821,21868.0,6.75,147609.0,6.82,0.00421045,0.370797,51937.5
688601.SH,20260821,500.0,46.12,23060.0,46.35,0.000373992,0.0120718,13369.3
688600.SH,20260821,15748.0,26.51,417479.0,27.06,0.0116904,0.540312,13470.8
688599.SH,20260821,109163.0,12.73,1389645.0,12.79,0.00465997,0.420107,234257.0
688629.SH,20260821,37677.0,135.0,5086395.0,135.6,0.00817301,0.2405,46099.3
688631.SH,20260821,900.0,40.0,36000.0,40.16,0.00055056,0.0805462,16347.0
688519.SH,20260821,42895.0,279.0,11967705.0,282.0,0.0182392,0.608698,23518.0
688633.SH,20260821,10214.0,24.01,245238.0,24.1,0.00599411,0.413907,17040.1
688678.SH,20260821,10991.0,19.75,217072.0,19.7,0.00272657,0.0623816,40310.6
688677.SH,20260821,82433.0,87.36,7201347.0,87.5,0.0687646,0.561603,11987.7
688676.SH,20260821,447755.0,71.53,32027915.0,67.31,0.0973834,3.37179,45978.6
688671.SH,20260821,9300.0,24.27,225711.0,24.43,0.0172952,0.812929,5377.21
688670.SH,20260821,222116.0,15.7,3487221.0,17.43,0.180289,9.14439,12320.0
688669.SH,20260821,9037.0,77.39,699373.0,76.71,0.00744808,0.189793,12133.3
688668.SH,20260821,25058.0,242.24,6070050.0,245.75,0.0179923,0.401202,13927.1
688667.SH,20260821,900.0,92.23,83007.0,92.13,0.00170793,0.108886,5269.55
688665.SH,20260821,1589.0,43.8402,69662.0,43.88,0.00157028,0.256935,10119.2
688663.SH,20260821,13787.0,55.34,762973.0,55.34,0.00698968,0.235226,19724.8
688662.SH,20260821,38946.0,92.97,3620810.0,94.66,0.033953,0.241504,11470.6
688661.SH,20260821,8480.0,97.15,823832.0,96.66,0.00558307,0.222984,15188.8
688660.SH,20260821,44114.0,7.87,347177.0,7.9,0.00330855,0.255603,133333.0
688659.SH,20260821,737.0,10.5794,7797.0,10.65,0.000460625,0.0204223,16000.0
688658.SH,20260821,1245082.0,14.4,17929181.0,15.49,0.276685,8.99721,45000.0
688657.SH,20260821,0.0,,0.0,32.98,0.0,0.0,5969.45
688656.SH,20260821,3001.0,95.88,287736.0,95.41,0.0047246,0.373992,6351.86
688655.SH,20260821,76505.0,41.21,3152771.0,42.94,0.0573544,0.637541,13339.0
688653.SH,20260821,178178.0,14.6,2601399.0,14.73,0.0563121,1.16529,31641.2
688652.SH,20260821,10553.0,147.62,1557834.0,145.04,0.00873954,0.178343,12075.0
688651.SH,20260821,2700.0,22.67,61209.0,23.0,0.00574248,0.184177,4701.81
688648.SH,20260821,16435.0,31.57,518853.0,31.83,0.0236376,0.385104,6952.89
688646.SH,20260821,500.0,72.0,36000.0,71.12,0.000823287,0.016503,6073.22
688639.SH,20260821,88824.0,17.26,1533102.0,17.35,0.0355132,1.34612,25011.6
688638.SH,20260821,700.0,33.27,23289.0,33.53,0.0026454,0.136541,2646.1
688636.SH,20260821,38941.0,19.65,765191.0,19.91,0.0223919,0.547087,17390.6
688635.SH,20260821,20765.0,331.5,6883598.0,336.47,0.116943,0.490651,1775.65
688598.SH,20260821,61658.0,34.56,2130900.0,34.79,0.0302875,0.226051,20357.6
688597.SH,20260821,9700.0,6.72,65184.0,6.79,0.00288639,0.119576,33606.0
688596.SH,20260821,71597.0,67.33,4820626.0,66.2,0.0225381,0.292106,31767.0
688595.SH,20260821,6812.0,27.8801,189919.0,27.97,0.00472749,0.164691,14409.4
688559.SH,20260821,25562.0,53.24,1360921.0,53.41,0.0103173,0.179065,24775.9
688558.SH,20260821,0.0,,0.0,32.2,0.0,0.0,13200.0
688557.SH,20260821,37742.0,21.64,816737.0,22.23,0.0254459,1.4428,14832.3
688556.SH,20260821,11520.0,8.18003,94234.0,8.17,0.00138666,0.0640812,83077.4
688553.SH,20260821,112572.0,12.24,1377881.0,12.55,0.0221855,0.809543,50741.2
688552.SH,20260821,229.0,25.7511,5897.0,25.97,6.79026e-05,0.00749791,33724.8
688551.SH,20260821,3800.0,38.5,146300.0,38.98,0.00348641,0.102055,10899.5
688550.SH,20260821,73481.0,38.26,2811383.0,38.97,0.0417344,1.23926,17606.8
688549.SH,20260821,206241.0,26.0,5362266.0,26.2,0.0349965,0.194119,58931.9
688548.SH,20260821,285455.0,38.11,10878690.0,38.0,0.0216352,0.831095,131940.0
688545.SH,20260821,41459.0,81.0,3358179.0,82.16,0.0227484,0.25278,18225.0
688543.SH,20260821,9548.0,37.95,362347.0,37.94,0.0038099,0.165948,25061.0
688539.SH,20260821,1225.0,25.7004,31483.0,25.93,0.000658886,0.0297646,18592.0
688538.SH,20260821,217323.0,2.32,504189.0,2.31,0.00377806,0.389004,575224.0
688536.SH,20260821,39385.0,312.22,12296785.0,309.94,0.0290345,0.777329,13564.9
688535.SH,20260821,11370.0,100.62,1144049.0,100.63,0.0085147,0.153003,13353.4
688533.SH,20260821,6712.0,20.7899,139542.0,21.05,0.0040682,0.752404,16498.7
688531.SH,20260821,14447.0,135.51,1957713.0,133.73,0.0125868,0.235892,11477.9
688530.SH,20260821,23606.0,63.5,1498981.0,64.73,0.0338298,0.196194,6977.88
688529.SH,20260821,8307.0,15.89,131998.0,15.75,0.00493947,0.655481,16817.6
688528.SH,20260821,10400.0,9.73,101192.0,9.8,0.00619048,0.576124,16800.0
688526.SH,20260821,58239.0,13.4,780403.0,13.55,0.0124942,2.76384,46612.8
688525.SH,20260821,70163.0,235.0,16488305.0,234.67,0.0148787,0.254194,47156.7
688523.SH,20260821,15959.0,41.67,665012.0,41.67,0.00392229,0.253214,40688.0
688522.SH,20260821,12120.0,18.47,223856.0,18.48,0.00703896,0.270808,17218.4
688521.SH,20260821,40917.0,177.97,7281998.0,178.37,0.00778015,0.176846,52591.5
688520.SH,20260821,144739.0,39.36,5696927.0,40.94,0.0325011,3.31058,44533.6
688560.SH,20260821,8700.0,12.05,104835.0,11.93,0.00432187,0.302359,20130.2
688561.SH,20260821,18278.0,25.28,462068.0,25.54,0.00267907,0.26887,68225.3
688562.SH,20260821,5224.0,13.7301,71726.0,13.87,0.001306,0.164458,40000.0
688580.SH,20260821,5530.0,49.6501,274565.0,50.44,0.00577417,0.345764,9577.13
688593.SH,20260821,53323.0,32.22,1718067.0,32.39,0.0116038,0.283715,45952.9
688592.SH,20260821,0.0,,0.0,24.72,0.0,0.0,5533.55
688591.SH,20260821,16597.0,26.98,447787.0,26.8,0.00980575,0.322686,16925.8
688590.SH,20260821,4599.0,12.4501,57258.0,12.58,0.00163365,0.0857943,28151.7
688589.SH,20260821,119635.0,19.64,2349631.0,18.32,0.0823204,2.76496,14532.9
688588.SH,20260821,6013.0,9.47996,57003.0,9.44,0.00154176,0.213677,39001.0
688586.SH,20260821,11200.0,10.27,115024.0,10.36,0.00141532,0.224559,79133.9
688585.SH,20260821,30948.0,138.0,4270824.0,141.9,0.00767252,0.396524,40336.2
688584.SH,20260821,35650.0,29.7,1058805.0,29.63,0.0103845,0.196654,34330.0
688583.SH,20260821,4242.0,84.0,356328.0,84.4,0.00983656,0.113589,4312.48
688582.SH,20260821,9285.0,42.05,390434.0,42.61,0.0023112,0.122049,40173.9
688581.SH,20260821,11807.0,53.45,631084.0,53.36,0.0286729,1.66236,4117.83
688579.SH,20260821,11598.0,7.92999,91972.0,8.03,0.00289943,0.297424,40001.0
688563.SH,20260821,4318.0,49.5901,214130.0,49.9,0.00318571,0.30568,13554.3
688578.SH,20260821,124410.0,118.9,14792349.0,120.78,0.0276467,1.22563,45000.0
688577.SH,20260821,3933.0,41.5899,163573.0,41.35,0.00252453,0.323855,15579.2
688576.SH,20260821,833.0,42.3806,35303.0,42.38,0.00257747,0.212279,3231.85
688575.SH,20260821,123500.0,9.68,1195480.0,9.86,0.021614,0.61777,57138.8
688573.SH,20260821,5145.0,16.02,82423.0,16.17,0.0096681,0.30651,5321.62
688571.SH,20260821,4109.0,8.66001,35584.0,8.69,0.000968714,0.055701,42417.1
688570.SH,20260821,0.0,,0.0,15.5,0.0,0.0,18820.0
688569.SH,20260821,14571.0,18.85,274663.0,19.14,0.00691661,0.441051,21066.7
688568.SH,20260821,18744.0,32.84,615553.0,33.04,0.00231958,0.183803,80807.9
688567.SH,20260821,23840.0,9.55,227672.0,9.6,0.00195073,0.26306,122210.0
688566.SH,20260821,13207.0,26.9,355268.0,26.96,0.00656733,0.409644,20110.2
688565.SH,20260821,35371.0,11.06,391203.0,11.06,0.0236232,2.41112,14973.0
508002.SH,20260821,0.0,,0.0,2.675,,0.0,
508003.SH,20260821,0.0,,0.0,3.302,,0.0,
508005.SH,20260821,0.0,,0.0,4.019,,0.0,
515360.SH,20260821,0.0,,0.0,6.74,,0.0,
515330.SH,20260821,22700.0,1.33899,30395.0,1.339,,0.135619,
515320.SH,20260821,0.0,,0.0,1.511,,0.0,
515310.SH,20260821,50000.0,1.377,68850.0,1.383,,0.225692,
515300.SH,20260821,20500.0,1.30302,26712.0,1.303,,0.0237676,
515290.SH,20260821,191600.0,1.471,281844.0,1.471,,0.275828,
515260.SH,20260821,66800.0,0.833997,55711.0,0.835,,0.0910948,
515250.SH,20260821,3100.0,0.920968,2855.0,0.923,,0.0156478,
515230.SH,20260821,1130000.0,0.684,772920.0,0.689,,0.280458,
515220.SH,20260821,4982600.0,1.268,6317937.0,1.268,,0.84227,
515210.SH,20260821,64300.0,1.15501,74267.0,1.16,,0.120968,
515200.SH,20260821,0.0,,0.0,2.52,,0.0,
515190.SH,20260821,0.0,,0.0,1.65,,0.0,
515180.SH,20260821,792200.0,1.434,1136015.0,1.434,,0.372444,
515170.SH,20260821,728000.0,0.468,340704.0,0.469,,0.418289,
515160.SH,20260821,0.0,,0.0,1.618,,0.0,
515150.SH,20260821,4000.0,1.542,6168.0,1.551,,0.351908,
515130.SH,20260821,200.0,1.54,308.0,1.54,,0.00300035,
515120.SH,20260821,32632100.0,0.685,22352989.0,0.701,,2.70179,
515110.SH,20260821,100.0,1.64,164.0,1.636,,0.00169772,
515100.SH,20260821,148400.0,1.414,209838.0,1.416,,0.198333,
515090.SH,20260821,0.0,,0.0,1.392,,0.0,
515080.SH,20260821,282800.0,1.582,447390.0,1.585,,0.121867,
515070.SH,20260821,225100.0,1.093,246034.0,1.094,,0.132615,
515060.SH,20260821,140200.0,0.580999,81456.0,0.588,,0.198287,
515050.SH,20260821,3056200.0,1.022,3123436.0,1.023,,0.288131,
515040.SH,20260821,0.0,,0.0,1.05,,0.0,
515030.SH,20260821,53500.0,1.61,86135.0,1.619,,0.0630706,
515350.SH,20260821,0.0,,0.0,6.234,,0.0,
515370.SH,20260821,378300.0,0.803999,304153.0,0.815,,1.78789,
515010.SH,20260821,82300.0,1.224,100735.0,1.223,,0.179862,
515380.SH,20260821,5300.0,5.40302,28636.0,5.403,,0.223406,
515840.SH,20260821,0.0,,0.0,1.051,,0.0,
515810.SH,20260821,200.0,1.71,342.0,1.71,,0.00224987,
515800.SH,20260821,32800.0,1.28201,42050.0,1.282,,0.0526072,
515790.SH,20260821,555500.0,0.845001,469398.0,0.849,,0.236564,
515770.SH,20260821,0.0,,0.0,1.4,,0.0,
515760.SH,20260821,0.0,,0.0,1.362,,0.0,
515750.SH,20260821,200.0,2.045,409.0,2.047,,0.00353057,
515730.SH,20260821,0.0,,0.0,0.839,,0.0,
515720.SH,20260821,52000.0,0.677,35204.0,0.678,,0.390353,
515710.SH,20260821,9000.0,0.501,4509.0,0.502,,0.0235563,
515700.SH,20260821,47600.0,2.16399,103006.0,2.166,,0.204163,
515680.SH,20260821,0.0,,0.0,1.664,,0.0,
515660.SH,20260821,0.0,,0.0,5.827,,0.0,
515650.SH,20260821,276900.0,1.072,296837.0,1.071,,0.421685,
515640.SH,20260821,0.0,,0.0,0.951,,0.0,
515630.SH,20260821,292600.0,1.236,361654.0,1.235,,0.600036,
515600.SH,20260821,0.0,,0.0,1.651,,0.0,
515590.SH,20260821,0.0,,0.0,1.93,,0.0,
515580.SH,20260821,0.0,,0.0,1.4,,0.0,
515560.SH,20260821,0.0,,0.0,0.977,,0.0,
515550.SH,20260821,0.0,,0.0,1.766,,0.0,
515530.SH,20260821,0.0,,0.0,4.325,,0.0,
515480.SH,20260821,3800.0,1.075,4085.0,1.067,,0.0839218,
515460.SH,20260821,0.0,,0.0,0.913,,0.0,
515450.SH,20260821,339700.0,1.407,477958.0,1.41,,0.207689,
515400.SH,20260821,252300.0,0.850999,214707.0,0.859,,0.167187,
515390.SH,20260821,157600.0,1.354,213390.0,1.355,,0.15626,
515020.SH,20260821,116800.0,1.75,204400.0,1.755,,0.144325,
515000.SH,20260821,321500.0,1.26,405090.0,1.265,,0.229649,
513120.SH,20260821,28396700.0,1.322,37540437.0,1.343,,0.430307,
513580.SH,20260821,46500.0,0.592,27528.0,0.593,,0.0433849,
513550.SH,20260821,33200.0,1.14801,38114.0,1.148,,0.0720074,
513530.SH,20260821,974000.0,1.615,1573010.0,1.611,,0.591426,
513520.SH,20260821,606400.0,2.254,1366826.0,2.283,,0.407083,
513500.SH,20260821,2282300.0,2.64,6025272.0,2.675,,1.12793,
513400.SH,20260821,2263800.0,1.321,2990480.0,1.339,,1.18939,
513390.SH,20260821,271300.0,2.401,651391.0,2.43,,0.485293,
513380.SH,20260821,2424000.0,0.54,1308960.0,0.543,,0.719808,
513360.SH,20260821,679700.0,0.463,314701.0,0.465,,0.424568,
513350.SH,20260821,5977900.0,1.339,8004408.0,1.325,,0.798559,
513330.SH,20260821,29952300.0,0.383,11471731.0,0.385,,0.833216,
513320.SH,20260821,1500.0,1.118,1677.0,1.121,,0.00970199,
513310.SH,20260821,5501700.0,4.805,26435669.0,4.783,,0.294706,
513300.SH,20260821,1000400.0,2.657,2658063.0,2.685,,0.74501,
513290.SH,20260821,2667600.0,1.766,4710982.0,1.826,,2.24766,
513280.SH,20260821,104500.0,1.16,121220.0,1.17,,0.117102,
513260.SH,20260821,474800.0,1.142,542222.0,1.148,,0.222274,
513240.SH,20260821,75100.0,1.009,75776.0,1.012,,0.0814432,
513230.SH,20260821,0.0,,0.0,0.889,,0.0,
513220.SH,20260821,49700.0,0.971006,48259.0,0.98,,0.157998,
513210.SH,20260821,37000.0,1.522,56314.0,1.529,,0.856141,
513200.SH,20260821,1036000.0,1.099,1138564.0,1.113,,0.538204,
513190.SH,20260821,201500.0,1.778,358267.0,1.778,,0.0977447,
513180.SH,20260821,31139600.0,0.593,18465783.0,0.597,,0.875418,
513170.SH,20260821,8200.0,1.58598,13005.0,1.581,,0.366838,
513160.SH,20260821,654500.0,0.986,645337.0,0.988,,0.318794,
513150.SH,20260821,9400.0,0.987021,9278.0,0.989,,0.0202146,
513140.SH,20260821,0.0,,0.0,1.683,,0.0,
513560.SH,20260821,105500.0,1.157,122064.0,1.16,,0.534479,
513590.SH,20260821,3400.0,0.787059,2676.0,0.791,,0.113054,
513990.SH,20260821,0.0,,0.0,1.13,,0.0,
513600.SH,20260821,154200.0,2.816,434227.0,2.815,,0.405235,
513980.SH,20260821,1116600.0,0.625,697875.0,0.628,,0.215681,
513970.SH,20260821,203000.0,0.839,170317.0,0.843,,0.71292,
513950.SH,20260821,7700.0,1.26597,9748.0,1.265,,0.026057,
513930.SH,20260821,1000.0,1.089,1089.0,1.088,,0.00153465,
513920.SH,20260821,124100.0,1.546,191859.0,1.55,,0.308142,
513910.SH,20260821,14100.0,1.55099,21869.0,1.555,,0.0245977,
513900.SH,20260821,10000.0,1.015,10150.0,1.012,,0.0742901,
513890.SH,20260821,41200.0,0.910995,37533.0,0.914,,0.139209,
513880.SH,20260821,518600.0,2.12,1099432.0,2.148,,0.371003,
513870.SH,20260821,205100.0,2.042,418814.0,2.067,,0.511291,
513860.SH,20260821,141900.0,0.624003,88546.0,0.625,,0.0663093,
513850.SH,20260821,435000.0,1.801,783435.0,1.826,,0.854818,
513830.SH,20260821,100.0,1.21,121.0,1.216,,0.00595252,
513820.SH,20260821,147600.0,1.264,186566.0,1.259,,0.27567,
513810.SH,20260821,0.0,,0.0,1.739,,0.0,
513800.SH,20260821,146600.0,1.85,271210.0,1.862,,0.400599,
513780.SH,20260821,1610300.0,1.717,2764885.0,1.739,,0.325525,
513770.SH,20260821,6949000.0,0.363,2522487.0,0.365,,0.620505,
513750.SH,20260821,2049000.0,1.486,3044814.0,1.48,,0.511466,
513730.SH,20260821,84000.0,1.155,97020.0,1.164,,0.552115,
513720.SH,20260821,161100.0,0.68,109548.0,0.677,,0.607366,
513700.SH,20260821,486000.0,0.655,318330.0,0.66,,0.164513,
513690.SH,20260821,462600.0,1.166,539392.0,1.161,,0.483627,
513660.SH,20260821,8700.0,1.52506,13268.0,1.525,,0.0160282,
513650.SH,20260821,1641000.0,1.976,3242616.0,2.002,,0.975703,
513630.SH,20260821,323900.0,1.602,518888.0,1.601,,0.214085,
513620.SH,20260821,10400.0,1.12596,11710.0,1.143,,0.0331029,
515850.SH,20260821,27000.0,1.328,35856.0,1.325,,0.0488153,
515860.SH,20260821,300.0,2.08667,626.0,2.095,,0.00803338,
515880.SH,20260821,23352600.0,0.664,15506126.0,0.664,,0.405607,
517050.SH,20260821,0.0,,0.0,0.676,,0.0,
517010.SH,20260821,0.0,,0.0,1.126,,0.0,
517000.SH,20260821,100.0,1.01,101.0,1.01,,0.0105588,
516980.SH,20260821,0.0,,0.0,1.043,,0.0,
516970.SH,20260821,4300.0,1.09907,4726.0,1.102,,0.013416,
516960.SH,20260821,0.0,,0.0,0.89,,0.0,
516950.SH,20260821,1100.0,1.03182,1135.0,1.033,,0.0148456,
516930.SH,20260821,0.0,,0.0,0.538,,0.0,
516920.SH,20260821,34900.0,1.40301,48965.0,1.407,,0.116266,
516910.SH,20260821,9500.0,1.18,11210.0,1.181,,0.075077,
516900.SH,20260821,2000.0,0.496,992.0,0.497,,0.0182748,
516890.SH,20260821,0.0,,0.0,0.788,,0.0,
516880.SH,20260821,79600.0,0.718002,57153.0,0.724,,0.4138,
516860.SH,20260821,225200.0,1.033,232632.0,1.038,,0.537683,
516850.SH,20260821,0.0,,0.0,0.919,,0.0,
516840.SH,20260821,3800.0,0.752895,2861.0,0.756,,0.0585912,
516830.SH,20260821,0.0,,0.0,1.032,,0.0,
516820.SH,20260821,4182000.0,0.365,1526430.0,0.368,,2.52342,
516810.SH,20260821,14100.0,0.751986,10603.0,0.757,,0.0119293,
516800.SH,20260821,700.0,0.971429,680.0,0.972,,0.00776916,
516790.SH,20260821,400.0,0.5325,213.0,0.535,,0.00570913,
516780.SH,20260821,281200.0,0.850999,239301.0,0.85,,0.261542,
516770.SH,20260821,17000.0,1.136,19312.0,1.137,,0.0379514,
516760.SH,20260821,0.0,,0.0,0.582,,0.0,
516750.SH,20260821,0.0,,0.0,0.581,,0.0,
516730.SH,20260821,0.0,,0.0,0.967,,0.0,
516720.SH,20260821,0.0,,0.0,1.144,,0.0,
516710.SH,20260821,0.0,,0.0,0.76,,0.0,
517030.SH,20260821,0.0,,0.0,1.138,,0.0,
517080.SH,20260821,28900.0,0.994014,28727.0,1.004,,2.55422,
515890.SH,20260821,7700.0,1.47701,11373.0,1.478,,0.232076,
517090.SH,20260821,0.0,,0.0,1.59,,0.0,
518600.SH,20260821,86900.0,9.687,841800.0,9.62,,0.294327,
517990.SH,20260821,0.0,,0.0,0.948,,0.0,
517950.SH,20260821,0.0,,0.0,1.164,,0.0,
517900.SH,20260821,42500.0,1.53901,65408.0,1.539,,0.187495,
517880.SH,20260821,6800.0,0.755,5134.0,0.756,,0.124854,
517850.SH,20260821,0.0,,0.0,1.304,,0.0,
517800.SH,20260821,0.0,,0.0,0.986,,0.0,
517770.SH,20260821,1200.0,0.871667,1046.0,0.872,,0.0160425,
517660.SH,20260821,0.0,,0.0,1.262,,0.0,
517550.SH,20260821,0.0,,0.0,0.674,,0.0,
517520.SH,20260821,2945109.0,2.205,6493965.0,2.173,,0.584067,
517400.SH,20260821,432000.0,1.735,749520.0,1.71,,0.629406,
517390.SH,20260821,100.0,1.93,193.0,1.932,,0.00176277,
517380.SH,20260821,1020200.0,0.897,915119.0,0.915,,0.586527,
517360.SH,20260821,100.0,0.95,95.0,0.951,,0.0639959,
517350.SH,20260821,0.0,,0.0,0.935,,0.0,
517330.SH,20260821,0.0,,0.0,0.972,,0.0,
517300.SH,20260821,0.0,,0.0,0.955,,0.0,
517230.SH,20260821,0.0,,0.0,0.98,,0.0,
517200.SH,20260821,0.0,,0.0,0.598,,0.0,
517180.SH,20260821,0.0,,0.0,1.502,,0.0,
517170.SH,20260821,0.0,,0.0,1.009,,0.0,
517160.SH,20260821,0.0,,0.0,0.961,,0.0,
517130.SH,20260821,0.0,,0.0,0.958,,0.0,
517120.SH,20260821,320800.0,0.783999,251507.0,0.802,,0.866699,
517110.SH,20260821,824800.0,0.825,680460.0,0.837,,1.08238,
517100.SH,20260821,0.0,,0.0,1.021,,0.0,
516700.SH,20260821,5700.0,0.888947,5067.0,0.895,,0.0255392,
516670.SH,20260821,137200.0,0.606997,83280.0,0.609,,0.190569,
516660.SH,20260821,0.0,,0.0,0.984,,0.0,
516650.SH,20260821,505800.0,1.85,935730.0,1.85,,0.492523,
516220.SH,20260821,9700.0,0.90299,8759.0,0.903,,0.0878645,
516210.SH,20260821,2000.0,1.398,2796.0,1.398,,0.0207511,
516200.SH,20260821,0.0,,0.0,1.017,,0.0,
516190.SH,20260821,70700.0,0.968006,68438.0,0.981,,0.463439,
516180.SH,20260821,100.0,0.7,70.0,0.704,,0.000908665,
516160.SH,20260821,35500.0,2.494,88537.0,2.497,,0.0701423,
516150.SH,20260821,172400.0,1.721,296700.0,1.736,,0.15268,
516130.SH,20260821,500.0,0.686,343.0,0.686,,0.00353783,
516120.SH,20260821,41900.0,0.881002,36914.0,0.884,,0.050033,
516110.SH,20260821,3800.0,1.11,4218.0,1.112,,0.0202166,
516100.SH,20260821,19900.0,1.01698,20238.0,1.01,,0.0679666,
516090.SH,20260821,55600.0,0.496007,27578.0,0.497,,0.0706472,
516080.SH,20260821,8645400.0,0.729,6302497.0,0.749,,2.13972,
516070.SH,20260821,1100.0,0.583636,642.0,0.584,,0.0195138,
516060.SH,20260821,302800.0,0.632999,191672.0,0.65,,1.48914,
516050.SH,20260821,50400.0,1.36599,68846.0,1.366,,0.612248,
516020.SH,20260821,76500.0,0.862,65943.0,0.862,,0.0826951,
516010.SH,20260821,350800.0,1.065,373602.0,1.072,,0.333791,
516000.SH,20260821,300.0,0.943333,283.0,0.944,,0.000695085,
515990.SH,20260821,0.0,,0.0,1.517,,0.0,
515980.SH,20260821,257700.0,1.008,259762.0,1.01,,0.110097,
515970.SH,20260821,0.0,,0.0,0.848,,0.0,
515960.SH,20260821,29000.0,0.872,25288.0,0.888,,0.463883,
515950.SH,20260821,116500.0,0.986,114869.0,1.003,,0.852594,
515920.SH,20260821,0.0,,0.0,1.202,,0.0,
515910.SH,20260821,0.0,,0.0,0.689,,0.0,
515900.SH,20260821,0.0,,0.0,1.631,,0.0,
516230.SH,20260821,1200.0,0.785,942.0,0.785,,0.0113732,
516250.SH,20260821,0.0,,0.0,0.949,,0.0,
516260.SH,20260821,0.0,,0.0,1.344,,0.0,
516510.SH,20260821,282800.0,1.657,468600.0,1.672,,0.247005,
516640.SH,20260821,149400.0,1.448,216331.0,1.448,,0.115675,
516630.SH,20260821,46400.0,1.62401,75354.0,1.637,,0.134277,
516620.SH,20260821,218400.0,0.81,176904.0,0.814,,0.768634,
516610.SH,20260821,153200.0,0.439001,67255.0,0.443,,1.31405,
516600.SH,20260821,0.0,,0.0,0.615,,0.0,
516590.SH,20260821,0.0,,0.0,1.095,,0.0,
516580.SH,20260821,100.0,0.59,59.0,0.589,,0.0016019,
516570.SH,20260821,3300.0,1.03091,3402.0,1.031,,0.0106068,
516560.SH,20260821,24000.0,0.772,18528.0,0.78,,0.701246,
516550.SH,20260821,500.0,0.71,355.0,0.712,,0.00405844,
516530.SH,20260821,35000.0,1.03,36050.0,1.017,,4.58547,
516520.SH,20260821,41600.0,1.037,43139.0,1.04,,0.0890758,
516500.SH,20260821,454100.0,0.675001,306518.0,0.695,,3.09899,
516270.SH,20260821,27100.0,0.59,15989.0,0.589,,0.18292,
516460.SH,20260821,0.0,,0.0,1.234,,0.0,
516440.SH,20260821,0.0,,0.0,0.948,,0.0,
516390.SH,20260821,0.0,,0.0,0.864,,0.0,
516380.SH,20260821,0.0,,0.0,0.87,,0.0,
516370.SH,20260821,0.0,,0.0,0.907,,0.0,
516360.SH,20260821,0.0,,0.0,1.045,,0.0,
516350.SH,20260821,85200.0,1.632,139046.0,1.638,,0.0625134,
516330.SH,20260821,0.0,,0.0,1.552,,0.0,
516320.SH,20260821,13000.0,0.945,12285.0,0.935,,0.215025,
516310.SH,20260821,331000.0,1.353,447843.0,1.357,,0.207857,
516300.SH,20260821,4900.0,3.15592,15464.0,3.191,,0.0913099,
516290.SH,20260821,31500.0,0.526,16569.0,0.527,,0.139539,
513130.SH,20260821,30509100.0,0.584,17817314.0,0.587,,0.865495,
513110.SH,20260821,528800.0,2.45,1295560.0,2.477,,0.655678,
508006.SH,20260821,0.0,,0.0,3.448,,0.0,
510570.SH,20260821,0.0,,0.0,1.237,,0.0,
510550.SH,20260821,0.0,,0.0,2.028,,0.0,
510530.SH,20260821,0.0,,0.0,8.872,,0.0,
510510.SH,20260821,96200.0,2.539,244252.0,2.559,,0.400286,
510500.SH,20260821,1148600.0,7.838,9002727.0,7.863,,0.355749,
510410.SH,20260821,2200.0,1.94818,4286.0,1.948,,0.0296259,
510390.SH,20260821,0.0,,0.0,5.268,,0.0,
510380.SH,20260821,0.0,,0.0,1.386,,0.0,
510370.SH,20260821,0.0,,0.0,1.029,,0.0,
510360.SH,20260821,40600.0,1.777,72146.0,1.78,,0.103977,
510350.SH,20260821,0.0,,0.0,4.895,,0.0,
510330.SH,20260821,110000.0,4.843,532730.0,4.85,,0.0856262,
510320.SH,20260821,0.0,,0.0,1.251,,0.0,
510310.SH,20260821,217300.0,4.516,981327.0,4.52,,0.132121,
510300.SH,20260821,4290700.0,4.648,19943174.0,4.653,,0.480929,
510290.SH,20260821,0.0,,0.0,2.661,,0.0,
510270.SH,20260821,0.0,,0.0,1.536,,0.0,
510230.SH,20260821,132800.0,1.301,172773.0,1.302,,0.228276,
510210.SH,20260821,5401400.0,0.995,5374393.0,0.997,,0.535669,
510200.SH,20260821,58200.0,1.16301,67687.0,1.16,,1.66465,
510190.SH,20260821,0.0,,0.0,4.268,,0.0,
510180.SH,20260821,200.0,3.94,788.0,3.947,,0.00129302,
510170.SH,20260821,5000.0,1.384,6920.0,1.386,,0.0605633,
510160.SH,20260821,0.0,,0.0,0.899,,0.0,
510150.SH,20260821,349700.0,0.508001,177648.0,0.511,,0.536526,
510140.SH,20260821,4900.0,1.02,4998.0,1.02,,0.0575334,
510130.SH,20260821,0.0,,0.0,7.324,,0.0,
510100.SH,20260821,75800.0,2.944,223155.0,2.946,,0.0778082,
510560.SH,20260821,0.0,,0.0,1.969,,0.0,
510580.SH,20260821,22400.0,4.115,92176.0,4.141,,0.0638101,
510060.SH,20260821,0.0,,0.0,2.619,,0.0,
510590.SH,20260821,0.0,,0.0,8.56,,0.0,
511110.SH,20260821,0.0,,0.0,103.177,,0.0,
511100.SH,20260821,100.0,110.62,11062.0,110.597,,0.000133446,
511090.SH,20260821,35600.0,118.802,4229351.0,118.814,,0.0867495,
511070.SH,20260821,0.0,,0.0,102.883,,0.0,
511060.SH,20260821,100.0,108.8,10880.0,108.764,,0.000610626,
511030.SH,20260821,0.0,,0.0,108.294,,0.0,
511020.SH,20260821,0.0,,0.0,118.144,,0.0,
511010.SH,20260821,6400.0,141.235,903904.0,141.235,,0.046374,
510990.SH,20260821,0.0,,0.0,1.051,,0.0,
510980.SH,20260821,343400.0,1.387,476296.0,1.392,,0.395433,
510950.SH,20260821,10000.0,0.979,9790.0,0.984,,0.0504054,
510910.SH,20260821,108700.0,0.974002,105874.0,0.977,,0.259194,
510900.SH,20260821,55500.0,1.058,58719.0,1.059,,0.0508081,
510880.SH,20260821,474900.0,3.378,1604212.0,3.382,,0.301276,
510850.SH,20260821,500.0,3.56,1780.0,3.545,,0.0107579,
510810.SH,20260821,0.0,,0.0,0.839,,0.0,
510800.SH,20260821,23800.0,1.37798,32796.0,1.384,,1.21672,
510770.SH,20260821,100.0,0.9,90.0,0.903,,0.0023657,
510760.SH,20260821,994200.0,1.321,1313338.0,1.324,,0.537847,
510720.SH,20260821,128600.0,1.058,136059.0,1.061,,0.10664,
510710.SH,20260821,0.0,,0.0,4.265,,0.0,
510680.SH,20260821,0.0,,0.0,3.15,,0.0,
510670.SH,20260821,0.0,,0.0,0.992,,0.0,
510660.SH,20260821,53400.0,2.6,138840.0,2.649,,0.873799,
510650.SH,20260821,0.0,,0.0,2.866,,0.0,
510630.SH,20260821,200.0,0.825,165.0,0.823,,0.000427365,
510600.SH,20260821,0.0,,0.0,3.828,,0.0,
510090.SH,20260821,0.0,,0.0,2.52,,0.0,
510050.SH,20260821,1401000.0,2.982,4177782.0,2.988,,0.27712,
513090.SH,20260821,9301700.0,1.81,16836077.0,1.814,,0.770277,
508059.SH,20260821,100.0,8.01,801.0,8.011,,0.0059962,
508056.SH,20260821,2200.0,2.31909,5102.0,2.319,,0.0469842,
508055.SH,20260821,600.0,3.23667,1942.0,3.252,,0.134527,
508050.SH,20260821,0.0,,0.0,6.404,,0.0,
508048.SH,20260821,33300.0,3.07201,102298.0,3.086,,3.12312,
508039.SH,20260821,0.0,,0.0,3.516,,0.0,
508036.SH,20260821,0.0,,0.0,7.565,,0.0,
508033.SH,20260821,0.0,,0.0,6.31,,0.0,
508031.SH,20260821,0.0,,0.0,3.859,,0.0,
508030.SH,20260821,0.0,,0.0,6.492,,0.0,
508029.SH,20260821,100.0,2.45,245.0,2.447,,0.00798417,
508028.SH,20260821,0.0,,0.0,9.765,,0.0,
508027.SH,20260821,0.0,,0.0,2.492,,0.0,
508026.SH,20260821,0.0,,0.0,3.694,,0.0,
508022.SH,20260821,0.0,,0.0,2.5,,0.0,
508021.SH,20260821,0.0,,0.0,3.239,,0.0,
508020.SH,20260821,0.0,,0.0,5.126,,0.0,
508019.SH,20260821,100.0,1.23,123.0,1.231,,0.00248418,
508018.SH,20260821,125.0,5.768,721.0,5.769,,0.00984093,
508017.SH,20260821,53900.0,3.718,200400.0,3.74,,5.82178,
508016.SH,20260821,0.0,,0.0,4.25,,0.0,
508015.SH,20260821,0.0,,0.0,5.412,,0.0,
508012.SH,20260821,200.0,1.86,372.0,1.86,,0.00837974,
508011.SH,20260821,0.0,,0.0,3.408,,0.0,
508010.SH,20260821,1400.0,2.41929,3387.0,2.422,,0.199313,
508009.SH,20260821,0.0,,0.0,5.814,,0.0,
508008.SH,20260821,0.0,,0.0,7.508,,0.0,
508007.SH,20260821,0.0,,0.0,8.043,,0.0,
508058.SH,20260821,0.0,,0.0,3.812,,0.0,
508060.SH,20260821,1002.0,3.69162,3699.0,3.685,,0.0268947,
510040.SH,20260821,0.0,,0.0,1.157,,0.0,
508066.SH,20260821,0.0,,0.0,5.932,,0.0,
510030.SH,20260821,0.0,,0.0,1.05,,0.0,
510020.SH,20260821,0.0,,0.0,3.894,,0.0,
510010.SH,20260821,0.0,,0.0,1.751,,0.0,
508603.SH,20260821,0.0,,0.0,3.889,,0.0,
508602.SH,20260821,0.0,,0.0,6.419,,0.0,
508601.SH,20260821,0.0,,0.0,2.98,,0.0,
508600.SH,20260821,1300.0,3.56923,4640.0,3.569,,0.334329,
508099.SH,20260821,7300.0,1.10603,8074.0,1.107,,0.0618762,
508098.SH,20260821,0.0,,0.0,3.298,,0.0,
508097.SH,20260821,0.0,,0.0,2.055,,0.0,
508096.SH,20260821,0.0,,0.0,9.237,,0.0,
508093.SH,20260821,0.0,,0.0,8.272,,0.0,
508092.SH,20260821,0.0,,0.0,2.938,,0.0,
508091.SH,20260821,0.0,,0.0,5.445,,0.0,
508090.SH,20260821,0.0,,0.0,3.379,,0.0,
508089.SH,20260821,0.0,,0.0,4.244,,0.0,
508088.SH,20260821,600.0,3.5,2100.0,3.5,,0.0540567,
508087.SH,20260821,0.0,,0.0,10.665,,0.0,
508086.SH,20260821,0.0,,0.0,4.362,,0.0,
508085.SH,20260821,0.0,,0.0,3.493,,0.0,
508084.SH,20260821,0.0,,0.0,3.77,,0.0,
508082.SH,20260821,25802.0,3.91501,101015.0,3.933,,0.931008,
508080.SH,20260821,0.0,,0.0,2.586,,0.0,
508078.SH,20260821,0.0,,0.0,1.912,,0.0,
508077.SH,20260821,0.0,,0.0,2.702,,0.0,
508069.SH,20260821,100.0,5.37,537.0,5.368,,0.0283483,
508068.SH,20260821,0.0,,0.0,3.9,,0.0,
511120.SH,20260821,0.0,,0.0,101.851,,0.0,
511130.SH,20260821,29600.0,108.33,3206568.0,108.388,,0.119921,
511150.SH,20260821,0.0,,0.0,102.209,,0.0,
512710.SH,20260821,2352400.0,0.599,1409088.0,0.602,,0.544035,
512690.SH,20260821,3538800.0,0.426,1507529.0,0.426,,0.311016,
512680.SH,20260821,44200.0,1.12199,49592.0,1.124,,0.0770117,
512670.SH,20260821,154000.0,0.74,113960.0,0.744,,0.143364,
512660.SH,20260821,702700.0,1.093,768051.0,1.097,,0.281995,
512650.SH,20260821,0.0,,0.0,1.353,,0.0,
512640.SH,20260821,0.0,,0.0,2.352,,0.0,
512630.SH,20260821,554200.0,1.074,595211.0,1.082,,0.370628,
512620.SH,20260821,212900.0,0.895002,190546.0,0.895,,1.47044,
512600.SH,20260821,200.0,0.575,115.0,0.576,,0.000692997,
512580.SH,20260821,17600.0,1.18699,20891.0,1.192,,0.318446,
512570.SH,20260821,174100.0,1.069,186113.0,1.069,,0.109948,
512560.SH,20260821,11600.0,0.69,8004.0,0.693,,0.015535,
512550.SH,20260821,0.0,,0.0,1.82,,0.0,
512530.SH,20260821,100.0,1.63,163.0,1.628,,0.00163235,
512520.SH,20260821,0.0,,0.0,1.463,,0.0,
512510.SH,20260821,0.0,,0.0,2.361,,0.0,
512500.SH,20260821,141500.0,4.435,627553.0,4.448,,0.11038,
512480.SH,20260821,9847000.0,1.034,10181798.0,1.039,,0.64206,
512460.SH,20260821,13200.0,0.855985,11299.0,0.855,,0.0729904,
512450.SH,20260821,17600.0,0.895,15752.0,0.9,,0.435957,
512430.SH,20260821,0.0,,0.0,0.896,,0.0,
512420.SH,20260821,0.0,,0.0,0.969,,0.0,
512410.SH,20260821,13800.0,1.085,14973.0,1.092,,0.0651258,
512400.SH,20260821,2257900.0,1.891,4269689.0,1.884,,0.42016,
512390.SH,20260821,0.0,,0.0,1.229,,0.0,
512380.SH,20260821,0.0,,0.0,1.601,,0.0,
512370.SH,20260821,0.0,,0.0,1.199,,0.0,
512700.SH,20260821,135700.0,1.507,204500.0,1.512,,0.191229,
512720.SH,20260821,24100.0,1.16299,28028.0,1.163,,0.0767779,
511160.SH,20260821,2000.0,102.055,204110.0,102.045,,0.0662756,
512730.SH,20260821,8600.0,1.67895,14439.0,1.681,,0.243756,
513080.SH,20260821,266600.0,1.785,475881.0,1.794,,0.857378,
513070.SH,20260821,311500.0,1.121,349192.0,1.128,,0.389721,
513060.SH,20260821,5232500.0,0.591,3092408.0,0.596,,0.449211,
513050.SH,20260821,7893600.0,1.127,8896087.0,1.131,,0.432174,
513040.SH,20260821,1055500.0,0.952,1004836.0,0.958,,0.167074,
513030.SH,20260821,258400.0,1.899,490702.0,1.916,,0.109389,
513020.SH,20260821,442100.0,0.976001,431490.0,0.979,,0.288338,
513010.SH,20260821,8051700.0,0.611,4919589.0,0.614,,0.71447,
513000.SH,20260821,818300.0,2.257,1846903.0,2.293,,1.08734,
512990.SH,20260821,0.0,,0.0,2.036,,0.0,
512980.SH,20260821,1203400.0,0.809,973551.0,0.813,,0.319876,
512970.SH,20260821,0.0,,0.0,1.469,,0.0,
512960.SH,20260821,0.0,,0.0,1.447,,0.0,
512950.SH,20260821,0.0,,0.0,1.497,,0.0,
512940.SH,20260821,64000.0,0.841,53824.0,0.841,,0.114816,
512930.SH,20260821,545100.0,0.612,333601.0,0.612,,0.215513,
512910.SH,20260821,0.0,,0.0,1.323,,0.0,
512900.SH,20260821,73200.0,1.054,77153.0,1.051,,0.107641,
512890.SH,20260821,1915500.0,1.182,2264121.0,1.183,,0.304129,
512880.SH,20260821,5361700.0,1.062,5694125.0,1.063,,0.299385,
512870.SH,20260821,34500.0,1.47901,51026.0,1.48,,5.55949,
512820.SH,20260821,169700.0,1.438,244029.0,1.441,,0.189118,
512810.SH,20260821,37200.0,0.635995,23659.0,0.639,,0.0830473,
512800.SH,20260821,6448100.0,0.817,5268098.0,0.818,,0.521482,
512770.SH,20260821,0.0,,0.0,2.596,,0.0,
512760.SH,20260821,2054100.0,1.092,2243077.0,1.099,,0.429478,
512750.SH,20260821,0.0,,0.0,1.437,,0.0,
512360.SH,20260821,0.0,,0.0,1.78,,0.0,
512330.SH,20260821,0.0,,0.0,1.865,,0.0,
512290.SH,20260821,3523300.0,1.094,3854490.0,1.113,,2.69858,
512260.SH,20260821,0.0,,0.0,1.926,,0.0,
511910.SH,20260821,0.0,,0.0,99.996,,0.0,
511900.SH,20260821,4400.0,100.003,440013.0,100.001,,4.11271,
511880.SH,20260821,2804880.0,100.728,282529953.0,100.727,,1.8404,
511860.SH,20260821,0.0,,0.0,100.0,,0.0,
511850.SH,20260821,4000.0,100.009,400036.0,100.007,,1.31596,
511830.SH,20260821,0.0,,0.0,100.003,,0.0,
511820.SH,20260821,0.0,,0.0,100.0,,0.0,
511810.SH,20260821,100.0,100.01,10001.0,100.004,,0.118811,
511800.SH,20260821,0.0,,0.0,100.009,,0.0,
511770.SH,20260821,0.0,,0.0,100.003,,0.0,
511700.SH,20260821,26305.0,100.011,2630789.0,100.008,,2.87385,
511690.SH,20260821,0.0,,0.0,100.003,,0.0,
511670.SH,20260821,200.0,100.005,20001.0,99.998,,5.11738,
511660.SH,20260821,2008.0,100.024,200848.0,100.029,,0.0539713,
511650.SH,20260821,0.0,,0.0,100.001,,0.0,
511620.SH,20260821,2770.0,100.009,277025.0,100.007,,1.74282,
511600.SH,20260821,10100.0,100.003,1010030.0,99.999,,23.5459,
511580.SH,20260821,2100.0,109.661,230288.0,109.651,,0.00428673,
511520.SH,20260821,14000.0,118.489,1658846.0,118.473,,0.0635936,
511380.SH,20260821,569700.0,13.652,7777544.0,13.652,,0.133994,
511360.SH,20260821,2884229.0,113.831,328314671.0,113.821,,1.22999,
511270.SH,20260821,2100.0,121.222,254566.0,121.23,,0.0102526,
511260.SH,20260821,14000.0,135.71,1899940.0,135.705,,0.0337305,
511220.SH,20260821,254100.0,10.408,2644673.0,10.406,,0.295859,
511200.SH,20260821,0.0,,0.0,103.263,,0.0,
511190.SH,20260821,0.0,,0.0,102.722,,0.0,
511180.SH,20260821,37000.0,12.558,464646.0,12.568,,0.0360208,
511920.SH,20260821,0.0,,0.0,100.001,,0.0,
511930.SH,20260821,0.0,,0.0,99.998,,0.0,
511950.SH,20260821,0.0,,0.0,100.004,,0.0,
512100.SH,20260821,4429800.0,3.059,13550758.0,3.074,,0.371986,
512250.SH,20260821,0.0,,0.0,1.218,,0.0,
512240.SH,20260821,0.0,,0.0,1.159,,0.0,
512220.SH,20260821,2900.0,3.79103,10994.0,3.813,,0.046938,
512200.SH,20260821,332900.0,1.213,403808.0,1.219,,0.347675,
512190.SH,20260821,0.0,,0.0,2.941,,0.0,
512180.SH,20260821,0.0,,0.0,1.696,,0.0,
512170.SH,20260821,67119000.0,0.354,23760126.0,0.359,,3.22816,
512160.SH,20260821,0.0,,0.0,1.521,,0.0,
512150.SH,20260821,0.0,,0.0,1.901,,0.0,
512140.SH,20260821,0.0,,0.0,0.904,,0.0,
512130.SH,20260821,0.0,,0.0,1.176,,0.0,
512120.SH,20260821,234500.0,0.489002,114671.0,0.499,,0.649455,
512090.SH,20260821,0.0,,0.0,1.99,,0.0,
511960.SH,20260821,0.0,,0.0,100.0,,0.0,
512080.SH,20260821,0.0,,0.0,1.299,,0.0,
512070.SH,20260821,3461900.0,0.775,2682973.0,0.773,,0.458888,
512060.SH,20260821,0.0,,0.0,1.209,,0.0,
512050.SH,20260821,273300.0,1.208,330146.0,1.211,,0.0203559,
512040.SH,20260821,171800.0,1.222,209940.0,1.224,,0.0928423,
512030.SH,20260821,0.0,,0.0,1.138,,0.0,
512020.SH,20260821,0.0,,0.0,1.294,,0.0,
512010.SH,20260821,28565900.0,0.394,11254965.0,0.4,,2.04166,
512000.SH,20260821,7388100.0,0.508,3753155.0,0.508,,0.375474,
511990.SH,20260821,2286000.0,100.005,228611430.0,100.006,,2.45386,
511980.SH,20260821,0.0,,0.0,100.045,,0.0,
511970.SH,20260821,0.0,,0.0,100.001,,0.0,
920992.BJ,20260821,100.0,11.5,1150.0,11.6,0.00020401,0.0113928,4901.73
