ts_code,symbol,name,area,industry,market,list_date
000001.SZ,1.0,平安银行,深圳,银行,主板,19910403
000002.SZ,2.0,万科A,深圳,全国地产,主板,19910129
000006.SZ,6.0,深振业A,深圳,区域地产,主板,19920427
000007.SZ,7.0,全新好,深圳,其他商业,主板,19920413
000008.SZ,8.0,神州高铁,北京,运输设备,主板,19920507
000009.SZ,9.0,中国宝安,深圳,电气设备,主板,19910625
000010.SZ,10.0,*ST美丽,深圳,建筑工程,主板,19951027
000011.SZ,11.0,深物业A,深圳,房产服务,主板,19920330
000012.SZ,12.0,南玻A,深圳,玻璃,主板,19920228
000014.SZ,14.0,沙河股份,深圳,全国地产,主板,19920602
000016.SZ,16.0,*ST康佳A,深圳,家用电器,主板,19920327
000017.SZ,17.0,深中华A,深圳,服饰,主板,19920331
000019.SZ,19.0,深粮控股,深圳,农业综合,主板,19921012
000020.SZ,20.0,深华发A,深圳,元器件,主板,19920428
000021.SZ,21.0,深科技,深圳,元器件,主板,19940202
000025.SZ,25.0,特力A,深圳,综合类,主板,19930621
000026.SZ,26.0,飞亚达,深圳,服饰,主板,19930603
000027.SZ,27.0,深圳能源,深圳,火力发电,主板,19930903
000028.SZ,28.0,国药一致,深圳,医药商业,主板,19930809
000029.SZ,29.0,深深房A,深圳,区域地产,主板,19930915
000030.SZ,30.0,富奥股份,吉林,汽车配件,主板,19930929
000031.SZ,31.0,大悦城,深圳,全国地产,主板,19931008
000032.SZ,32.0,深桑达A,深圳,建筑工程,主板,19931028
000034.SZ,34.0,神州数码,深圳,软件服务,主板,19940509
000035.SZ,35.0,中国天楹,江苏,环境保护,主板,19940408
000036.SZ,36.0,华联控股,深圳,全国地产,主板,19940617
000037.SZ,37.0,深南电A,深圳,火力发电,主板,19940701
000039.SZ,39.0,中集集团,深圳,运输设备,主板,19940408
000042.SZ,42.0,中洲控股,深圳,全国地产,主板,19940921
000045.SZ,45.0,深纺织A,深圳,元器件,主板,19940815
000048.SZ,48.0,京基智农,深圳,农业综合,主板,19941101
000049.SZ,49.0,德赛电池,深圳,电气设备,主板,19950320
000050.SZ,50.0,深天马A,深圳,元器件,主板,19950315
000055.SZ,55.0,方大集团,深圳,其他建材,主板,19960415
000056.SZ,56.0,*ST皇庭,深圳,其他商业,主板,19960708
000058.SZ,58.0,深赛格,深圳,商品城,主板,19961226
000059.SZ,59.0,华锦股份,辽宁,石油加工,主板,19970130
000060.SZ,60.0,中金岭南,深圳,铅锌,主板,19970123
000061.SZ,61.0,农产品,深圳,农业综合,主板,19970110
000062.SZ,62.0,深圳华强,深圳,元器件,主板,19970130
000063.SZ,63.0,中兴通讯,深圳,通信设备,主板,19971118
000065.SZ,65.0,北方国际,北京,建筑工程,主板,19980605
000066.SZ,66.0,中国长城,深圳,IT设备,主板,19970626
000068.SZ,68.0,华控赛格,深圳,环境保护,主板,19970611
000069.SZ,69.0,华侨城A,深圳,全国地产,主板,19970910
000070.SZ,70.0,特发信息,深圳,通信设备,主板,20000511
000078.SZ,78.0,ST海王,深圳,医药商业,主板,19981218
000088.SZ,88.0,盐田港,深圳,港口,主板,19970728
000089.SZ,89.0,深圳机场,深圳,机场,主板,19980420
000090.SZ,90.0,天健集团,深圳,建筑工程,主板,19990721
000096.SZ,96.0,广聚能源,深圳,石油贸易,主板,20000724
000099.SZ,99.0,中信海直,深圳,空运,主板,20000731
000100.SZ,100.0,TCL科技,广东,元器件,主板,20040130
000151.SZ,151.0,中成股份,北京,商贸代理,主板,20000906
000153.SZ,153.0,丰原药业,安徽,化学制药,主板,20000920
000155.SZ,155.0,川能动力,四川,新型电力,主板,20000926
000156.SZ,156.0,华数传媒,浙江,影视音像,主板,20000906
000157.SZ,157.0,中联重科,湖南,工程机械,主板,20001012
000158.SZ,158.0,常山北明,河北,软件服务,主板,20000724
000159.SZ,159.0,国际实业,新疆,石油贸易,主板,20000926
000166.SZ,166.0,申万宏源,新疆,证券,主板,20150126
000301.SZ,301.0,东方盛虹,江苏,化纤,主板,20000529
000333.SZ,333.0,美的集团,广东,家用电器,主板,20130918
000338.SZ,338.0,潍柴动力,山东,汽车配件,主板,20070430
000400.SZ,400.0,许继电气,河南,电气设备,主板,19970418
000401.SZ,401.0,金隅冀东,河北,水泥,主板,19960614
000402.SZ,402.0,金融街,北京,全国地产,主板,19960626
000403.SZ,403.0,派林生物,山西,生物制药,主板,19960628
000404.SZ,404.0,长虹华意,江西,家用电器,主板,19960619
000407.SZ,407.0,胜利股份,山东,供气供热,主板,19960703
000408.SZ,408.0,藏格矿业,青海,农药化肥,主板,19960628
000409.SZ,409.0,云鼎科技,山东,软件服务,主板,19960627
000410.SZ,410.0,沈阳机床,辽宁,机床制造,主板,19960718
000411.SZ,411.0,英特集团,浙江,医药商业,主板,19960716
000415.SZ,415.0,渤海租赁,新疆,多元金融,主板,19960716
000417.SZ,417.0,合百集团,安徽,百货,主板,19960812
000419.SZ,419.0,通程控股,湖南,百货,主板,19960816
000420.SZ,420.0,吉林化纤,吉林,化纤,主板,19960802
000421.SZ,421.0,南京公用,江苏,供气供热,主板,19960806
000422.SZ,422.0,湖北宜化,湖北,农药化肥,主板,19960815
000423.SZ,423.0,东阿阿胶,山东,中成药,主板,19960729
000425.SZ,425.0,徐工机械,江苏,工程机械,主板,19960828
000426.SZ,426.0,兴业银锡,内蒙,铅锌,主板,19960828
000428.SZ,428.0,华天酒店,湖南,酒店餐饮,主板,19960808
000429.SZ,429.0,粤高速A,广东,路桥,主板,19980220
000430.SZ,430.0,张家界,湖南,旅游景点,主板,19960829
000488.SZ,488.0,ST晨鸣,山东,造纸,主板,20001120
000498.SZ,498.0,山东路桥,山东,建筑工程,主板,19970609
000501.SZ,501.0,武商集团,湖北,百货,主板,19921120
000503.SZ,503.0,国新健康,山东,软件服务,主板,19921130
000504.SZ,504.0,南华生物,湖南,医疗保健,主板,19921208
000505.SZ,505.0,京粮控股,海南,食品,主板,19921221
000506.SZ,506.0,招金黄金,山东,黄金,主板,19930312
000507.SZ,507.0,珠海港,广东,新型电力,主板,19930326
000509.SZ,509.0,华塑控股,四川,元器件,主板,19930507
000510.SZ,510.0,新金路,四川,化工原料,主板,19930507
000513.SZ,513.0,丽珠集团,广东,化学制药,主板,19931028
000514.SZ,514.0,渝开发,重庆,区域地产,主板,19930712
000516.SZ,516.0,国际医学,陕西,医疗保健,主板,19930809
000517.SZ,517.0,荣安地产,浙江,区域地产,主板,19930806
000518.SZ,518.0,四环生物,江苏,生物制药,主板,19930908
000519.SZ,519.0,中兵红箭,河南,专用机械,主板,19931008
000520.SZ,520.0,凤凰航运,湖北,水运,主板,19931025
000521.SZ,521.0,长虹美菱,安徽,家用电器,主板,19931018
000523.SZ,523.0,红棉股份,广东,食品,主板,19931108
000524.SZ,524.0,岭南控股,广东,旅游服务,主板,19931118
000525.SZ,525.0,红太阳,江苏,农药化肥,主板,19931028
000526.SZ,526.0,学大教育,福建,文教休闲,主板,19931101
000528.SZ,528.0,柳工,广西,工程机械,主板,19931118
000529.SZ,529.0,广弘控股,广东,食品,主板,19931118
000530.SZ,530.0,冰山冷热,辽宁,机械基件,主板,19931208
000531.SZ,531.0,穗恒运A,广东,火力发电,主板,19940106
000532.SZ,532.0,华金资本,广东,多元金融,主板,19940103
000533.SZ,533.0,顺钠股份,广东,电气设备,主板,19940103
000534.SZ,534.0,万泽股份,广东,生物制药,主板,19940110
000536.SZ,536.0,华映科技,福建,元器件,主板,19931126
000537.SZ,537.0,绿发电力,天津,新型电力,主板,19931210
000538.SZ,538.0,云南白药,云南,中成药,主板,19931215
000539.SZ,539.0,粤电力A,广东,火力发电,主板,19931126
000541.SZ,541.0,佛山照明,广东,家用电器,主板,19931123
000543.SZ,543.0,皖能电力,安徽,火力发电,主板,19931220
000544.SZ,544.0,中原环保,河南,环境保护,主板,19931208
000545.SZ,545.0,金浦钛业,吉林,化工原料,主板,19931215
000546.SZ,546.0,金圆股份,吉林,环境保护,主板,19931215
000547.SZ,547.0,航天发展,福建,通信设备,主板,19931130
000548.SZ,548.0,湖南投资,湖南,路桥,主板,19931220
000550.SZ,550.0,江铃汽车,江西,汽车整车,主板,19931201
000551.SZ,551.0,创元科技,江苏,专用机械,主板,19940106
000552.SZ,552.0,甘肃能化,甘肃,煤炭开采,主板,19940106
000553.SZ,553.0,安道麦A,湖北,农药化肥,主板,19931203
000554.SZ,554.0,泰山石油,山东,石油贸易,主板,19931215
000555.SZ,555.0,神州信息,深圳,软件服务,主板,19940408
000557.SZ,557.0,西部创业,宁夏,铁路,主板,19940617
000558.SZ,558.0,天府文旅,四川,旅游景点,主板,19940509
000559.SZ,559.0,万向钱潮,浙江,汽车配件,主板,19940110
000560.SZ,560.0,我爱我家,云南,房产服务,主板,19940202
000561.SZ,561.0,烽火电子,陕西,通信设备,主板,19940509
000563.SZ,563.0,陕国投A,陕西,多元金融,主板,19940110
000564.SZ,564.0,供销大集,陕西,百货,主板,19940110
000565.SZ,565.0,渝三峡A,重庆,染料涂料,主板,19940408
000566.SZ,566.0,海南海药,海南,化学制药,主板,19940525
000567.SZ,567.0,海德股份,海南,多元金融,主板,19940525
000568.SZ,568.0,泸州老窖,四川,白酒,主板,19940509
000570.SZ,570.0,苏常柴A,江苏,农用机械,主板,19940701
000571.SZ,571.0,新大洲A,海南,煤炭开采,主板,19940525
000572.SZ,572.0,海马汽车,海南,汽车整车,主板,19940808
000573.SZ,573.0,粤宏远A,广东,区域地产,主板,19940815
000576.SZ,576.0,甘化科工,广东,电气设备,主板,19940907
000581.SZ,581.0,威孚高科,江苏,汽车配件,主板,19980924
000582.SZ,582.0,北部湾港,广西,港口,主板,19951102
000586.SZ,586.0,汇源通信,四川,通信设备,主板,19951220
000589.SZ,589.0,贵州轮胎,贵州,汽车配件,主板,19960308
000590.SZ,590.0,古汉医药,湖南,中成药,主板,19960119
000591.SZ,591.0,太阳能,重庆,新型电力,主板,19960208
000592.SZ,592.0,平潭发展,福建,林业,主板,19960327
000593.SZ,593.0,德龙汇能,四川,供气供热,主板,19960312
000595.SZ,595.0,新能股份,宁夏,新型电力,主板,19960419
000596.SZ,596.0,古井贡酒,安徽,白酒,主板,19960927
000597.SZ,597.0,东北制药,辽宁,化学制药,主板,19960523
000598.SZ,598.0,兴蓉环境,四川,水务,主板,19960529
000599.SZ,599.0,青岛双星,山东,汽车配件,主板,19960430
000600.SZ,600.0,建投能源,河北,火力发电,主板,19960606
000601.SZ,601.0,韶能股份,广东,水力发电,主板,19960830
000603.SZ,603.0,盛达资源,北京,铅锌,主板,19960823
000605.SZ,605.0,渤海股份,北京,水务,主板,19960913
000607.SZ,607.0,华媒控股,浙江,广告包装,主板,19960830
000608.SZ,608.0,阳光股份,广西,区域地产,主板,19960919
000609.SZ,609.0,*ST中迪,北京,区域地产,主板,19961010
000610.SZ,610.0,*ST西旅,陕西,旅游服务,主板,19960926
000612.SZ,612.0,焦作万方,河南,铝,主板,19960926
000615.SZ,615.0,*ST美谷,湖北,医疗保健,主板,19961016
000617.SZ,617.0,中油资本,新疆,多元金融,主板,19961022
000619.SZ,619.0,海螺新材,安徽,其他建材,主板,19961023
000620.SZ,620.0,盈新发展,北京,全国地产,主板,19961029
000623.SZ,623.0,吉林敖东,吉林,中成药,主板,19961028
000625.SZ,625.0,长安汽车,重庆,汽车整车,主板,19970610
000626.SZ,626.0,远大控股,江苏,商贸代理,主板,19961128
000628.SZ,628.0,高新发展,四川,建筑工程,主板,19961118
000629.SZ,629.0,钒钛股份,四川,小金属,主板,19961115
000630.SZ,630.0,铜陵有色,安徽,铜,主板,19961120
000631.SZ,631.0,顺发恒能,浙江,综合类,主板,19961122
000632.SZ,632.0,ST三木,福建,综合类,主板,19961121
000633.SZ,633.0,合金投资,新疆,小金属,主板,19961112
000635.SZ,635.0,英力特,宁夏,化工原料,主板,19961120
000636.SZ,636.0,风华高科,广东,元器件,主板,19961129
000637.SZ,637.0,茂化实华,广东,石油加工,主板,19961114
000639.SZ,639.0,ST西王,山东,食品,主板,19961126
000650.SZ,650.0,仁和药业,江西,中成药,主板,19961210
000651.SZ,651.0,格力电器,广东,家用电器,主板,19961118
000652.SZ,652.0,泰达股份,天津,批发业,主板,19961128
000655.SZ,655.0,金岭矿业,山东,普钢,主板,19961128
000656.SZ,656.0,金科股份,重庆,全国地产,主板,19961128
000657.SZ,657.0,中钨高新,海南,小金属,主板,19961205
000659.SZ,659.0,珠海中富,广东,广告包装,主板,19961203
000661.SZ,661.0,长春高新,吉林,生物制药,主板,19961218
000663.SZ,663.0,永安林业,福建,林业,主板,19961206
000665.SZ,665.0,湖北广电,湖北,影视音像,主板,19961210
000668.SZ,668.0,荣丰控股,山东,房产服务,主板,19961210
000669.SZ,669.0,ST金鸿,湖南,供气供热,主板,19961210
000670.SZ,670.0,盈方微,湖北,元器件,主板,19961217
000672.SZ,672.0,上峰材料,甘肃,水泥,主板,19961218
000676.SZ,676.0,智度股份,广东,互联网,主板,19961224
000677.SZ,677.0,ST海龙,山东,化纤,主板,19961226
000678.SZ,678.0,襄阳轴承,湖北,汽车配件,主板,19970106
000679.SZ,679.0,大连友谊,辽宁,百货,主板,19970124
000680.SZ,680.0,山推股份,山东,工程机械,主板,19970122
000681.SZ,681.0,视觉中国,江苏,互联网,主板,19970121
000682.SZ,682.0,东方电子,山东,电气设备,主板,19970121
000683.SZ,683.0,博源化工,内蒙,化工原料,主板,19970131
000685.SZ,685.0,中山公用,广东,水务,主板,19970123
000686.SZ,686.0,东北证券,吉林,证券,主板,19970227
000688.SZ,688.0,国城矿业,四川,铅锌,主板,19970120
000690.SZ,690.0,宝新能源,广东,火力发电,主板,19970128
000691.SZ,691.0,亚太实业,甘肃,化工原料,主板,19970228
000692.SZ,692.0,惠天热电,辽宁,供气供热,主板,19970227
000695.SZ,695.0,滨海能源,天津,化工原料,主板,19970218
000697.SZ,697.0,炼石航空,陕西,航空,主板,19970325
000698.SZ,698.0,ST沈化,辽宁,石油加工,主板,19970220
000700.SZ,700.0,模塑科技,江苏,汽车配件,主板,19970228
000701.SZ,701.0,厦门信达,福建,商贸代理,主板,19970226
000702.SZ,702.0,正虹科技,湖南,饲料,主板,19970318
000703.SZ,703.0,恒逸石化,广西,化纤,主板,19970328
000705.SZ,705.0,浙江震元,浙江,医药商业,主板,19970410
000707.SZ,707.0,双环科技,湖北,化工原料,主板,19970415
000708.SZ,708.0,中信特钢,湖北,特种钢,主板,19970326
000709.SZ,709.0,河钢股份,河北,普钢,主板,19970416
000710.SZ,710.0,贝瑞基因,四川,医疗保健,主板,19970422
000711.SZ,711.0,ST京蓝,黑龙江,环境保护,主板,19970411
000712.SZ,712.0,锦龙股份,广东,证券,主板,19970415
000713.SZ,713.0,国投丰乐,安徽,种植业,主板,19970422
000715.SZ,715.0,中兴商业,辽宁,百货,主板,19970508
000716.SZ,716.0,黑芝麻,广西,食品,主板,19970418
000717.SZ,717.0,中南股份,广东,普钢,主板,19970508
000718.SZ,718.0,苏宁环球,吉林,区域地产,主板,19970408
000719.SZ,719.0,中原传媒,河南,出版业,主板,19970331
000720.SZ,720.0,新能泰山,山东,电气设备,主板,19970509
000721.SZ,721.0,西安饮食,陕西,酒店餐饮,主板,19970430
000722.SZ,722.0,湖南发展,湖南,水力发电,主板,19970522
000723.SZ,723.0,美锦能源,山西,焦炭加工,主板,19970515
000725.SZ,725.0,京东方A,北京,元器件,主板,20010112
000726.SZ,726.0,鲁泰A,山东,纺织,主板,20001225
000727.SZ,727.0,冠捷科技,江苏,元器件,主板,19970520
000728.SZ,728.0,国元证券,安徽,证券,主板,19970616
000729.SZ,729.0,燕京啤酒,北京,啤酒,主板,19970716
000731.SZ,731.0,四川美丰,四川,农药化肥,主板,19970617
000733.SZ,733.0,振华科技,贵州,元器件,主板,19970703
000735.SZ,735.0,罗牛山,海南,农业综合,主板,19970611
000736.SZ,736.0,中交发展,重庆,全国地产,主板,19970425
000737.SZ,737.0,北方铜业,山西,铜,主板,19970428
000738.SZ,738.0,航发控制,江苏,航空,主板,19970626
000739.SZ,739.0,普洛药业,浙江,化学制药,主板,19970509
000750.SZ,750.0,国海证券,广西,证券,主板,19970709
000751.SZ,751.0,锌业股份,辽宁,铅锌,主板,19970626
000752.SZ,752.0,*ST西发,西藏,啤酒,主板,19970625
000753.SZ,753.0,漳州发展,福建,综合类,主板,19970626
000755.SZ,755.0,山西高速,山西,路桥,主板,19970627
000756.SZ,756.0,新华制药,山东,化学制药,主板,19970806
000757.SZ,757.0,浩物股份,四川,汽车服务,主板,19970627
000758.SZ,758.0,中色股份,北京,铅锌,主板,19970416
000759.SZ,759.0,中百集团,湖北,超市连锁,主板,19970519
000761.SZ,761.0,本钢板材,辽宁,普钢,主板,19980115
000762.SZ,762.0,西藏矿业,西藏,小金属,主板,19970708
000766.SZ,766.0,通化金马,吉林,化学制药,主板,19970430
000767.SZ,767.0,晋控电力,山西,火力发电,主板,19970609
000768.SZ,768.0,中航西飞,陕西,航空,主板,19970626
000776.SZ,776.0,广发证券,广东,证券,主板,19970611
000777.SZ,777.0,中核科技,江苏,机械基件,主板,19970710
000778.SZ,778.0,新兴铸管,河北,钢加工,主板,19970606
000779.SZ,779.0,甘咨询,甘肃,建筑工程,主板,19970528
000782.SZ,782.0,恒申新材,广东,化纤,主板,19970619
000783.SZ,783.0,长江证券,湖北,证券,主板,19970731
000785.SZ,785.0,居然智家,湖北,百货,主板,19970711
000786.SZ,786.0,北新建材,北京,其他建材,主板,19970606
000788.SZ,788.0,北大医药,重庆,化学制药,主板,19970616
000789.SZ,789.0,万年青,江西,水泥,主板,19970923
000790.SZ,790.0,华神科技,四川,中成药,主板,19980327
000791.SZ,791.0,甘肃能源,甘肃,水力发电,主板,19971014
000792.SZ,792.0,盐湖股份,青海,农药化肥,主板,19970904
000793.SZ,793.0,*ST华闻,海南,出版业,主板,19970729
000795.SZ,795.0,英洛华,浙江,矿物制品,主板,19970808
000796.SZ,796.0,凯撒旅业,海南,旅游服务,主板,19970703
000797.SZ,797.0,中国武夷,福建,全国地产,主板,19970715
000798.SZ,798.0,中水渔业,北京,渔业,主板,19980212
000799.SZ,799.0,酒鬼酒,湖南,白酒,主板,19970718
000800.SZ,800.0,一汽解放,吉林,汽车整车,主板,19970618
000801.SZ,801.0,四川九洲,四川,家用电器,主板,19980506
000802.SZ,802.0,北京文化,北京,影视音像,主板,19980108
000803.SZ,803.0,山高环能,四川,环境保护,主板,19980303
000807.SZ,807.0,云铝股份,云南,铝,主板,19980408
000809.SZ,809.0,和展能源,辽宁,电气设备,主板,19980616
000810.SZ,810.0,创维数字,四川,家用电器,主板,19980602
000811.SZ,811.0,冰轮环境,山东,工程机械,主板,19980528
000812.SZ,812.0,陕西金叶,陕西,广告包装,主板,19980623
000813.SZ,813.0,德展健康,新疆,化学制药,主板,19980519
000815.SZ,815.0,美利云,宁夏,通信设备,主板,19980609
000816.SZ,816.0,智慧农业,江苏,农用机械,主板,19970818
000818.SZ,818.0,航锦科技,辽宁,化工原料,主板,19971017
000819.SZ,819.0,岳阳兴长,湖南,石油加工,主板,19970625
000820.SZ,820.0,*ST节能,江西,综合类,主板,19980630
000821.SZ,821.0,ST京机,湖北,电气设备,主板,19980626
000822.SZ,822.0,山东海化,山东,化工原料,主板,19980703
000823.SZ,823.0,超声电子,广东,元器件,主板,19971008
000825.SZ,825.0,太钢不锈,山西,特种钢,主板,19981021
000826.SZ,826.0,*ST启环,湖北,环境保护,主板,19980225
000828.SZ,828.0,东莞控股,广东,路桥,主板,19970617
000829.SZ,829.0,天音控股,江西,其他商业,主板,19971202
000830.SZ,830.0,鲁西化工,山东,化工原料,主板,19980807
000831.SZ,831.0,中国稀土,江西,小金属,主板,19980911
000833.SZ,833.0,粤桂股份,广西,综合类,主板,19981111
000837.SZ,837.0,秦川机床,陕西,机床制造,主板,19980928
000838.SZ,838.0,*ST发展,重庆,区域地产,主板,19970626
000839.SZ,839.0,国安股份,北京,综合类,主板,19971031
000848.SZ,848.0,承德露露,河北,软饮料,主板,19971113
000850.SZ,850.0,华茂股份,安徽,纺织,主板,19981007
000852.SZ,852.0,石化机械,湖北,化工机械,主板,19981126
000856.SZ,856.0,冀东装备,河北,专用机械,主板,19980813
000858.SZ,858.0,五粮液,四川,白酒,主板,19980427
000859.SZ,859.0,国风新材,安徽,塑料,主板,19981119
000860.SZ,860.0,顺鑫农业,北京,白酒,主板,19981104
000862.SZ,862.0,银星能源,宁夏,新型电力,主板,19980915
000863.SZ,863.0,三湘印象,上海,区域地产,主板,19970925
000868.SZ,868.0,安凯客车,安徽,汽车整车,主板,19970725
000869.SZ,869.0,张裕A,山东,红黄酒,主板,20001026
000875.SZ,875.0,电投绿能,吉林,火力发电,主板,20020926
000876.SZ,876.0,新希望,四川,饲料,主板,19980311
000877.SZ,877.0,天山股份,新疆,水泥,主板,19990107
000878.SZ,878.0,云南铜业,云南,铜,主板,19980602
000880.SZ,880.0,潍柴重机,山东,专用机械,主板,19980402
000881.SZ,881.0,中广核技,辽宁,化工原料,主板,19980902
000882.SZ,882.0,华联股份,北京,其他商业,主板,19980616
000883.SZ,883.0,湖北能源,湖北,水力发电,主板,19980519
000885.SZ,885.0,城发环境,河南,环境保护,主板,19990319
000886.SZ,886.0,海南高速,海南,区域地产,主板,19980123
000887.SZ,887.0,中鼎股份,安徽,汽车配件,主板,19981203
000888.SZ,888.0,峨眉山A,四川,旅游景点,主板,19971021
000889.SZ,889.0,中嘉博创,河北,通信设备,主板,19971218
000890.SZ,890.0,法尔胜,江苏,环境保护,主板,19990119
000892.SZ,892.0,欢瑞世纪,重庆,影视音像,主板,19990115
000893.SZ,893.0,亚钾国际,广东,农药化肥,主板,19981224
000895.SZ,895.0,双汇发展,河南,食品,主板,19981210
000897.SZ,897.0,津滨发展,天津,区域地产,主板,19990422
000898.SZ,898.0,鞍钢股份,辽宁,普钢,主板,19971225
000899.SZ,899.0,赣能股份,江西,火力发电,主板,19971126
000900.SZ,900.0,现代投资,湖南,路桥,主板,19990128
000901.SZ,901.0,航天科技,黑龙江,汽车配件,主板,19990401
000902.SZ,902.0,新洋丰,湖北,农药化肥,主板,19990408
000903.SZ,903.0,ST云动,云南,汽车配件,主板,19990415
000905.SZ,905.0,厦门港务,福建,港口,主板,19990429
000906.SZ,906.0,浙商中拓,浙江,仓储物流,主板,19990707
000908.SZ,908.0,石药景峰,湖南,化学制药,主板,19990203
000909.SZ,909.0,*ST数源,浙江,区域地产,主板,19990507
000910.SZ,910.0,大亚圣象,江苏,家居用品,主板,19990630
000911.SZ,911.0,*ST广糖,广西,食品,主板,19990527
000912.SZ,912.0,泸天化,四川,农药化肥,主板,19990603
000913.SZ,913.0,钱江摩托,浙江,摩托车,主板,19990514
000915.SZ,915.0,华特达因,山东,化学制药,主板,19990609
000917.SZ,917.0,电广传媒,湖南,广告包装,主板,19990325
000919.SZ,919.0,金陵药业,江苏,化学制药,主板,19991118
000920.SZ,920.0,沃顿科技,贵州,塑料,主板,19990616
000921.SZ,921.0,海信家电,山东,家用电器,主板,19990713
000922.SZ,922.0,佳电股份,黑龙江,电气设备,主板,19990618
000923.SZ,923.0,河钢资源,河北,普钢,主板,19990714
000925.SZ,925.0,众合科技,浙江,运输设备,主板,19990611
000926.SZ,926.0,福星股份,湖北,区域地产,主板,19990618
000927.SZ,927.0,中国铁物,天津,仓储物流,主板,19990727
000928.SZ,928.0,中钢国际,吉林,建筑工程,主板,19990312
000929.SZ,929.0,兰州黄河,甘肃,啤酒,主板,19990623
000930.SZ,930.0,中粮科技,安徽,农业综合,主板,19990712
000931.SZ,931.0,中关村,北京,化学制药,主板,19990712
000932.SZ,932.0,华菱钢铁,湖南,普钢,主板,19990803
000933.SZ,933.0,神火股份,河南,铝,主板,19990831
000935.SZ,935.0,四川双马,四川,水泥,主板,19990824
000936.SZ,936.0,华西股份,江苏,化纤,主板,19990810
000937.SZ,937.0,冀中能源,河北,煤炭开采,主板,19990909
000938.SZ,938.0,紫光股份,北京,IT设备,主板,19991104
000948.SZ,948.0,南天信息,云南,软件服务,主板,19991014
000949.SZ,949.0,新乡化纤,河南,化纤,主板,19991021
000950.SZ,950.0,重药控股,重庆,医药商业,主板,19990916
000951.SZ,951.0,中国重汽,山东,汽车整车,主板,19991125
000952.SZ,952.0,广济药业,湖北,化学制药,主板,19991112
000953.SZ,953.0,中哲精化,广西,化学制药,主板,19991202
000955.SZ,955.0,欣龙控股,海南,纺织,主板,19991209
000957.SZ,957.0,中通客车,山东,汽车整车,主板,20000113
000958.SZ,958.0,电投产融,河北,新型电力,主板,19991223
000959.SZ,959.0,首钢股份,北京,普钢,主板,19991216
000960.SZ,960.0,锡业股份,云南,小金属,主板,20000221
000962.SZ,962.0,东方钽业,宁夏,小金属,主板,20000120
000963.SZ,963.0,华东医药,浙江,化学制药,主板,20000127
000965.SZ,965.0,天保基建,天津,区域地产,主板,20000406
000966.SZ,966.0,长源电力,湖北,火力发电,主板,20000316
000967.SZ,967.0,盈峰环境,浙江,环境保护,主板,20000330
000968.SZ,968.0,蓝焰控股,山西,石油开采,主板,20000622
000969.SZ,969.0,安泰科技,北京,小金属,主板,20000529
000970.SZ,970.0,中科三环,北京,矿物制品,主板,20000420
000972.SZ,972.0,中基健康,新疆,食品,主板,20000926
000973.SZ,973.0,佛塑科技,广东,塑料,主板,20000525
000975.SZ,975.0,山金国际,内蒙,黄金,主板,20000608
000977.SZ,977.0,浪潮信息,山东,IT设备,主板,20000608
000978.SZ,978.0,桂林旅游,广西,旅游景点,主板,20000518
000980.SZ,980.0,众泰汽车,浙江,汽车配件,主板,20000616
000981.SZ,981.0,山子高科,甘肃,汽车配件,主板,20000622
000983.SZ,983.0,山西焦煤,山西,煤炭开采,主板,20000726
000985.SZ,985.0,大庆华科,黑龙江,化工原料,主板,20000726
000987.SZ,987.0,越秀资本,广东,多元金融,主板,20000718
000988.SZ,988.0,华工科技,湖北,专用机械,主板,20000608
000989.SZ,989.0,九芝堂,湖南,中成药,主板,20000628
000990.SZ,990.0,诚志股份,江西,化工原料,主板,20000706
000993.SZ,993.0,闽东电力,福建,水力发电,主板,20000731
000995.SZ,995.0,皇台酒业,甘肃,白酒,主板,20000807
000997.SZ,997.0,新大陆,福建,IT设备,主板,20000807
000998.SZ,998.0,隆平高科,湖南,种植业,主板,20001211
000999.SZ,999.0,华润三九,深圳,中成药,主板,20000309
001201.SZ,1201.0,东瑞股份,广东,农业综合,主板,20210428
001202.SZ,1202.0,炬申股份,广东,仓储物流,主板,20210429
001203.SZ,1203.0,大中矿业,内蒙,普钢,主板,20210510
001205.SZ,1205.0,盛航股份,江苏,水运,主板,20210513
001206.SZ,1206.0,依依股份,天津,造纸,主板,20210518
001207.SZ,1207.0,联科科技,山东,化工原料,主板,20210623
001208.SZ,1208.0,华菱线缆,湖南,电气设备,主板,20210624
001209.SZ,1209.0,洪兴股份,广东,服饰,主板,20210723
001210.SZ,1210.0,金房能源,北京,供气供热,主板,20210729
001211.SZ,1211.0,双枪科技,浙江,家居用品,主板,20210805
001212.SZ,1212.0,中旗新材,广东,其他建材,主板,20210823
001213.SZ,1213.0,中铁特货,北京,铁路,主板,20210908
001215.SZ,1215.0,千味央厨,河南,食品,主板,20210906
001216.SZ,1216.0,华瓷股份,湖南,家居用品,主板,20211019
001217.SZ,1217.0,华尔泰,安徽,化工原料,主板,20210929
001218.SZ,1218.0,丽臣实业,湖南,化工原料,主板,20211015
001219.SZ,1219.0,青岛食品,山东,食品,主板,20211021
001221.SZ,1221.0,悍高集团,广东,家居用品,主板,20250730
001222.SZ,1222.0,源飞宠物,浙江,文教休闲,主板,20220818
001223.SZ,1223.0,欧克科技,江西,专用机械,主板,20221212
001225.SZ,1225.0,和泰机电,浙江,专用机械,主板,20230222
001226.SZ,1226.0,拓山重工,安徽,工程机械,主板,20220622
001227.SZ,1227.0,兰州银行,甘肃,银行,主板,20220117
001228.SZ,1228.0,永泰运,浙江,仓储物流,主板,20220429
001229.SZ,1229.0,魅视科技,广东,IT设备,主板,20220808
001230.SZ,1230.0,劲旅环境,安徽,环境保护,主板,20220715
001231.SZ,1231.0,农心科技,陕西,农药化肥,主板,20220819
001233.SZ,1233.0,海安集团,福建,汽车配件,主板,20251125
001234.SZ,1234.0,泰慕士,江苏,服饰,主板,20220111
001236.SZ,1236.0,弘业期货,江苏,多元金融,主板,20220805
001238.SZ,1238.0,浙江正特,浙江,家居用品,主板,20220919
001239.SZ,1239.0,永达股份,湖南,工程机械,主板,20231212
001255.SZ,1255.0,博菲电气,浙江,电气设备,主板,20220930
001256.SZ,1256.0,炜冈科技,浙江,轻工机械,主板,20221205
001258.SZ,1258.0,立新能源,新疆,新型电力,主板,20220727
001259.SZ,1259.0,利仁科技,北京,家用电器,主板,20220831
001260.SZ,1260.0,坤泰股份,山东,汽车配件,主板,20230216
001266.SZ,1266.0,宏英智能,上海,电器仪表,主板,20220228
001267.SZ,1267.0,汇绿生态,湖北,通信设备,主板,20211117
001268.SZ,1268.0,联合精密,广东,机械基件,主板,20220630
001269.SZ,1269.0,欧晶科技,内蒙,矿物制品,主板,20220930
001270.SZ,1270.0,铖昌科技,浙江,半导体,主板,20220606
001277.SZ,1277.0,速达股份,河南,专用机械,主板,20240903
001278.SZ,1278.0,一彬科技,浙江,汽车配件,主板,20230308
001279.SZ,1279.0,强邦新材,安徽,广告包装,主板,20241011
001280.SZ,1280.0,中国铀业,北京,小金属,主板,20251203
001282.SZ,1282.0,三联锻造,安徽,汽车配件,主板,20230524
001283.SZ,1283.0,豪鹏科技,深圳,电气设备,主板,20220905
001285.SZ,1285.0,瑞立科密,广东,汽车配件,主板,20250930
001286.SZ,1286.0,陕西能源,陕西,火力发电,主板,20230410
001287.SZ,1287.0,中电港,深圳,元器件,主板,20230410
001288.SZ,1288.0,运机集团,四川,专用机械,主板,20211101
001289.SZ,1289.0,龙源电力,北京,新型电力,主板,20220124
001296.SZ,1296.0,长江材料,重庆,其他建材,主板,20211224
001298.SZ,1298.0,好上好,深圳,元器件,主板,20221031
001299.SZ,1299.0,美能能源,陕西,供气供热,主板,20221031
001300.SZ,1300.0,三柏硕,山东,文教休闲,主板,20221019
001301.SZ,1301.0,尚太科技,河北,电气设备,主板,20221228
001306.SZ,1306.0,夏厦精密,浙江,机械基件,主板,20231116
001308.SZ,1308.0,康冠科技,深圳,元器件,主板,20220318
001309.SZ,1309.0,德明利,深圳,半导体,主板,20220701
001311.SZ,1311.0,多利科技,安徽,汽车配件,主板,20230227
001313.SZ,1313.0,粤海饲料,广东,饲料,主板,20220216
001314.SZ,1314.0,亿道信息,深圳,元器件,主板,20230214
001316.SZ,1316.0,润贝航科,深圳,批发业,主板,20220624
001317.SZ,1317.0,三羊马,重庆,铁路,主板,20211130
001318.SZ,1318.0,阳光乳业,江西,乳制品,主板,20220520
001319.SZ,1319.0,铭科精技,广东,汽车配件,主板,20220512
001322.SZ,1322.0,箭牌家居,广东,家居用品,主板,20221026
001323.SZ,1323.0,慕思股份,广东,家居用品,主板,20220623
001324.SZ,1324.0,长青科技,江苏,运输设备,主板,20230522
001325.SZ,1325.0,元创股份,浙江,橡胶,主板,20251218
001326.SZ,1326.0,联域股份,深圳,电气设备,主板,20231109
001328.SZ,1328.0,登康口腔,重庆,日用化工,主板,20230410
001330.SZ,1330.0,博纳影业,新疆,影视音像,主板,20220818
001331.SZ,1331.0,胜通能源,山东,供气供热,主板,20220908
001332.SZ,1332.0,锡装股份,江苏,专用机械,主板,20220920
001333.SZ,1333.0,光华股份,浙江,化工原料,主板,20221208
001335.SZ,1335.0,信凯科技,浙江,化工原料,主板,20250415
001336.SZ,1336.0,楚环科技,浙江,专用机械,主板,20220725
001337.SZ,1337.0,四川黄金,四川,黄金,主板,20230303
001338.SZ,1338.0,永顺泰,广东,啤酒,主板,20221116
001339.SZ,1339.0,智微智能,深圳,IT设备,主板,20220815
001356.SZ,1356.0,富岭股份,浙江,塑料,主板,20250123
001358.SZ,1358.0,兴欣新材,浙江,化工原料,主板,20231221
001359.SZ,1359.0,平安电工,湖北,矿物制品,主板,20240328
001360.SZ,1360.0,南矿集团,江西,工程机械,主板,20230410
001366.SZ,1366.0,播恩集团,江西,饲料,主板,20230307
001367.SZ,1367.0,海森药业,浙江,化学制药,主板,20230410
001368.SZ,1368.0,通达创智,福建,文教休闲,主板,20230313
001369.SZ,1369.0,双欣材料,内蒙,化纤,主板,20251230
001373.SZ,1373.0,翔腾新材,江苏,元器件,主板,20230601
001376.SZ,1376.0,百通能源,江西,供气供热,主板,20231103
001378.SZ,1378.0,德冠新材,广东,塑料,主板,20231030
001379.SZ,1379.0,腾达科技,山东,机械基件,主板,20240119
001380.SZ,1380.0,华纬科技,浙江,汽车配件,主板,20230516
001382.SZ,1382.0,新亚电缆,广东,电气设备,主板,20250321
001386.SZ,1386.0,马可波罗,广东,家居用品,主板,20251022
001387.SZ,1387.0,雪祺电气,安徽,家用电器,主板,20240111
001388.SZ,1388.0,信通电子,山东,电气设备,主板,20250701
001389.SZ,1389.0,广合科技,广东,元器件,主板,20240402
001390.SZ,1390.0,古麒绒材,安徽,纺织,主板,20250529
001391.SZ,1391.0,国货航,北京,仓储物流,主板,20241230
001395.SZ,1395.0,亚联机械,吉林,专用机械,主板,20250127
001396.SZ,1396.0,誉帆科技,上海,建筑工程,主板,20251230
001400.SZ,1400.0,江顺科技,江苏,专用机械,主板,20250424
001696.SZ,1696.0,宗申动力,重庆,摩托车,主板,19970306
001872.SZ,1872.0,招商港口,深圳,港口,主板,19930505
001896.SZ,1896.0,豫能控股,河南,火力发电,主板,19980122
001914.SZ,1914.0,招商积余,深圳,房产服务,主板,19940928
001965.SZ,1965.0,招商公路,天津,路桥,主板,20171225
001979.SZ,1979.0,招商蛇口,深圳,全国地产,主板,20151230
002001.SZ,2001.0,新和成,浙江,化学制药,主板,20040625
002003.SZ,2003.0,伟星股份,浙江,服饰,主板,20040625
002004.SZ,2004.0,华邦健康,重庆,农药化肥,主板,20040625
002005.SZ,2005.0,德豪润达,安徽,家用电器,主板,20040625
002006.SZ,2006.0,精工科技,浙江,专用机械,主板,20040625
002007.SZ,2007.0,华兰生物,河南,生物制药,主板,20040625
002008.SZ,2008.0,大族激光,深圳,专用机械,主板,20040625
002009.SZ,2009.0,天奇股份,江苏,工程机械,主板,20040629
002010.SZ,2010.0,传化智联,浙江,仓储物流,主板,20040629
002011.SZ,2011.0,盾安环境,浙江,家用电器,主板,20040705
002012.SZ,2012.0,凯恩股份,浙江,造纸,主板,20040705
002014.SZ,2014.0,永新股份,安徽,塑料,主板,20040708
002015.SZ,2015.0,协鑫能科,江苏,新型电力,主板,20040708
002016.SZ,2016.0,世荣兆业,广东,区域地产,主板,20040708
002017.SZ,2017.0,东信和平,广东,通信设备,主板,20040713
002019.SZ,2019.0,亿帆医药,浙江,化学制药,主板,20040713
002020.SZ,2020.0,京新药业,浙江,化学制药,主板,20040715
002021.SZ,2021.0,中捷资源,浙江,纺织机械,主板,20040715
002022.SZ,2022.0,科华生物,上海,医疗保健,主板,20040721
002023.SZ,2023.0,海特高新,四川,航空,主板,20040721
002024.SZ,2024.0,ST易购,江苏,电器连锁,主板,20040721
002025.SZ,2025.0,航天电器,贵州,元器件,主板,20040726
002026.SZ,2026.0,山东威达,山东,机械基件,主板,20040727
002027.SZ,2027.0,分众传媒,上海,广告包装,主板,20040804
002028.SZ,2028.0,思源电气,上海,电气设备,主板,20040805
002029.SZ,2029.0,七匹狼,福建,服饰,主板,20040806
002030.SZ,2030.0,达安基因,广东,医疗保健,主板,20040809
002031.SZ,2031.0,巨轮智能,广东,汽车配件,主板,20040816
002032.SZ,2032.0,苏泊尔,浙江,家用电器,主板,20040817
002033.SZ,2033.0,丽江股份,云南,旅游景点,主板,20040825
002034.SZ,2034.0,旺能环境,浙江,环境保护,主板,20040826
002035.SZ,2035.0,华帝股份,广东,家用电器,主板,20040901
002036.SZ,2036.0,联创电子,江西,元器件,主板,20040903
002037.SZ,2037.0,保利联合,贵州,化工原料,主板,20040908
002038.SZ,2038.0,双鹭药业,北京,生物制药,主板,20040909
002039.SZ,2039.0,黔源电力,贵州,水力发电,主板,20050303
002040.SZ,2040.0,南京港,江苏,港口,主板,20050325
002041.SZ,2041.0,登海种业,山东,种植业,主板,20050418
002042.SZ,2042.0,华孚时尚,安徽,纺织,主板,20050427
002043.SZ,2043.0,兔宝宝,浙江,其他建材,主板,20050510
002044.SZ,2044.0,美年健康,浙江,医疗保健,主板,20050518
002045.SZ,2045.0,国光电器,广东,元器件,主板,20050523
002046.SZ,2046.0,国机精工,河南,机械基件,主板,20050526
002047.SZ,2047.0,宝鹰股份,深圳,装修装饰,主板,20050531
002048.SZ,2048.0,宁波华翔,浙江,汽车配件,主板,20050603
002049.SZ,2049.0,紫光国微,河北,半导体,主板,20050606
002050.SZ,2050.0,三花智控,浙江,家用电器,主板,20050607
002051.SZ,2051.0,中工国际,北京,建筑工程,主板,20060619
002052.SZ,2052.0,同洲电子,深圳,家用电器,主板,20060627
002053.SZ,2053.0,云南能投,云南,新型电力,主板,20060627
002054.SZ,2054.0,德美化工,广东,染料涂料,主板,20060725
002055.SZ,2055.0,ST得润,深圳,元器件,主板,20060725
002056.SZ,2056.0,横店东磁,浙江,电气设备,主板,20060802
002057.SZ,2057.0,中钢天源,安徽,矿物制品,主板,20060802
002058.SZ,2058.0,威尔泰,上海,电气设备,主板,20060802
002059.SZ,2059.0,云南旅游,云南,旅游景点,主板,20060810
002060.SZ,2060.0,广东建工,广东,建筑工程,主板,20060810
002061.SZ,2061.0,浙江交科,浙江,建筑工程,主板,20060816
002062.SZ,2062.0,宏润建设,浙江,建筑工程,主板,20060816
002063.SZ,2063.0,远光软件,广东,软件服务,主板,20060823
002064.SZ,2064.0,华峰化学,浙江,化纤,主板,20060823
002065.SZ,2065.0,东华软件,北京,软件服务,主板,20060823
002066.SZ,2066.0,瑞泰科技,北京,其他建材,主板,20060823
002067.SZ,2067.0,景兴纸业,浙江,造纸,主板,20060915
002068.SZ,2068.0,黑猫股份,江西,化工原料,主板,20060915
002069.SZ,2069.0,獐子岛,辽宁,渔业,主板,20060928
002072.SZ,2072.0,凯瑞德,湖北,商贸代理,主板,20061018
002073.SZ,2073.0,软控股份,山东,专用机械,主板,20061018
002074.SZ,2074.0,国轩高科,安徽,电气设备,主板,20061018
002075.SZ,2075.0,沙钢股份,江苏,特种钢,主板,20061025
002076.SZ,2076.0,星光股份,广东,家用电器,主板,20061025
002077.SZ,2077.0,大港股份,江苏,半导体,主板,20061116
002078.SZ,2078.0,太阳纸业,山东,造纸,主板,20061116
002079.SZ,2079.0,苏州固锝,江苏,电气设备,主板,20061116
002080.SZ,2080.0,中材科技,江苏,玻璃,主板,20061120
002081.SZ,2081.0,金螳螂,江苏,装修装饰,主板,20061120
002082.SZ,2082.0,ST万邦,浙江,中成药,主板,20061120
002083.SZ,2083.0,孚日股份,山东,纺织,主板,20061124
002084.SZ,2084.0,海鸥住工,广东,家居用品,主板,20061124
002085.SZ,2085.0,万丰奥威,浙江,汽车配件,主板,20061128
002086.SZ,2086.0,东方海洋,山东,渔业,主板,20061128
002088.SZ,2088.0,鲁阳节能,山东,矿物制品,主板,20061130
002090.SZ,2090.0,金智科技,江苏,电气设备,主板,20061208
002091.SZ,2091.0,江苏国泰,江苏,商贸代理,主板,20061208
002092.SZ,2092.0,中泰化学,新疆,化工原料,主板,20061208
002093.SZ,2093.0,国脉科技,福建,文教休闲,主板,20061215
002094.SZ,2094.0,青岛金王,山东,日用化工,主板,20061215
002095.SZ,2095.0,生意宝,浙江,互联网,主板,20061215
002096.SZ,2096.0,易普力,湖南,化工原料,主板,20061222
002097.SZ,2097.0,山河智能,湖南,工程机械,主板,20061222
002098.SZ,2098.0,浔兴股份,福建,服饰,主板,20061222
002099.SZ,2099.0,海翔药业,浙江,化学制药,主板,20061226
002100.SZ,2100.0,天康生物,新疆,饲料,主板,20061226
002101.SZ,2101.0,广东鸿图,广东,汽车配件,主板,20061229
002102.SZ,2102.0,ST能特,湖北,化学制药,主板,20061229
002103.SZ,2103.0,广博股份,浙江,文教休闲,主板,20070110
002104.SZ,2104.0,恒宝股份,江苏,通信设备,主板,20070110
002105.SZ,2105.0,信隆健康,深圳,摩托车,主板,20070112
002106.SZ,2106.0,莱宝高科,深圳,元器件,主板,20070112
002107.SZ,2107.0,沃华医药,山东,中成药,主板,20070124
002108.SZ,2108.0,沧州明珠,河北,塑料,主板,20070124
002109.SZ,2109.0,ST兴化,陕西,化工原料,主板,20070126
002110.SZ,2110.0,三钢闽光,福建,普钢,主板,20070126
002111.SZ,2111.0,威海广泰,山东,航空,主板,20070126
002112.SZ,2112.0,三变科技,浙江,电气设备,主板,20070208
002114.SZ,2114.0,罗平锌电,云南,铅锌,主板,20070215
002115.SZ,2115.0,三维通信,浙江,互联网,主板,20070215
002116.SZ,2116.0,中国海诚,上海,建筑工程,主板,20070215
002117.SZ,2117.0,东港股份,山东,广告包装,主板,20070302
002119.SZ,2119.0,康强电子,浙江,半导体,主板,20070302
002120.SZ,2120.0,韵达股份,浙江,仓储物流,主板,20070306
002121.SZ,2121.0,科陆电子,深圳,电器仪表,主板,20070306
002122.SZ,2122.0,ST汇洲,浙江,机床制造,主板,20070328
002123.SZ,2123.0,梦网科技,辽宁,互联网,主板,20070328
002124.SZ,2124.0,天邦食品,浙江,农业综合,主板,20070403
002125.SZ,2125.0,湘潭电化,湖南,化工原料,主板,20070403
002126.SZ,2126.0,银轮股份,浙江,汽车配件,主板,20070418
002127.SZ,2127.0,南极电商,江苏,互联网,主板,20070418
002128.SZ,2128.0,电投能源,内蒙,煤炭开采,主板,20070418
002129.SZ,2129.0,TCL中环,天津,电气设备,主板,20070420
002130.SZ,2130.0,沃尔核材,深圳,电气设备,主板,20070420
002131.SZ,2131.0,利欧股份,浙江,互联网,主板,20070427
002132.SZ,2132.0,恒星科技,河南,钢加工,主板,20070427
002133.SZ,2133.0,广宇集团,浙江,全国地产,主板,20070427
002134.SZ,2134.0,天津普林,天津,元器件,主板,20070516
002135.SZ,2135.0,东南网架,浙江,钢加工,主板,20070530
002136.SZ,2136.0,安纳达,安徽,化工原料,主板,20070530
002137.SZ,2137.0,实益达,深圳,元器件,主板,20070613
002138.SZ,2138.0,顺络电子,深圳,元器件,主板,20070613
002139.SZ,2139.0,拓邦股份,深圳,元器件,主板,20070629
002140.SZ,2140.0,东华科技,安徽,建筑工程,主板,20070712
002141.SZ,2141.0,贤丰控股,广东,元器件,主板,20070720
002142.SZ,2142.0,宁波银行,浙江,银行,主板,20070719
002144.SZ,2144.0,宏达高科,浙江,纺织,主板,20070803
002145.SZ,2145.0,钛能化学,甘肃,化工原料,主板,20070803
002146.SZ,2146.0,荣盛发展,河北,全国地产,主板,20070808
002148.SZ,2148.0,北纬科技,北京,互联网,主板,20070810
002149.SZ,2149.0,西部材料,陕西,小金属,主板,20070810
002150.SZ,2150.0,正泰电源,江苏,机械基件,主板,20070810
002151.SZ,2151.0,北斗星通,北京,通信设备,主板,20070813
002152.SZ,2152.0,广电运通,广东,IT设备,主板,20070813
002153.SZ,2153.0,石基信息,北京,软件服务,主板,20070813
002154.SZ,2154.0,报喜鸟,浙江,服饰,主板,20070816
002155.SZ,2155.0,湖南黄金,湖南,黄金,主板,20070816
002156.SZ,2156.0,通富微电,江苏,半导体,主板,20070816
002157.SZ,2157.0,正邦科技,江西,农业综合,主板,20070817
002158.SZ,2158.0,汉钟精机,上海,工程机械,主板,20070817
002159.SZ,2159.0,三特索道,湖北,旅游服务,主板,20070817
002160.SZ,2160.0,常铝股份,江苏,铝,主板,20070821
002161.SZ,2161.0,远望谷,深圳,通信设备,主板,20070821
002162.SZ,2162.0,悦心健康,上海,陶瓷,主板,20070823
002163.SZ,2163.0,海南发展,深圳,装修装饰,主板,20070823
002164.SZ,2164.0,宁波东力,浙江,机械基件,主板,20070823
002165.SZ,2165.0,红宝丽,江苏,化工原料,主板,20070913
002166.SZ,2166.0,莱茵生物,广西,中成药,主板,20070913
002167.SZ,2167.0,东方锆业,广东,小金属,主板,20070913
002168.SZ,2168.0,ST惠程,重庆,电气设备,主板,20070919
002169.SZ,2169.0,智光电气,广东,电气设备,主板,20070919
002170.SZ,2170.0,芭田股份,深圳,农药化肥,主板,20070919
002171.SZ,2171.0,楚江新材,安徽,铜,主板,20070921
002172.SZ,2172.0,澳洋健康,江苏,医疗保健,主板,20070921
002173.SZ,2173.0,创新医疗,浙江,医疗保健,主板,20070925
002174.SZ,2174.0,游族网络,福建,互联网,主板,20070925
002175.SZ,2175.0,*ST东智,广西,电器仪表,主板,20071012
002176.SZ,2176.0,江特电机,江西,小金属,主板,20071012
002177.SZ,2177.0,御银股份,广东,其他商业,主板,20071101
002178.SZ,2178.0,延华智能,上海,软件服务,主板,20071101
002179.SZ,2179.0,中航光电,河南,元器件,主板,20071101
002180.SZ,2180.0,奔图科技,广东,IT设备,主板,20071113
002181.SZ,2181.0,粤传媒,广东,出版业,主板,20071116
002182.SZ,2182.0,宝武镁业,江苏,小金属,主板,20071113
002183.SZ,2183.0,怡亚通,深圳,仓储物流,主板,20071113
002184.SZ,2184.0,海得控制,上海,机械基件,主板,20071116
002185.SZ,2185.0,华天科技,甘肃,半导体,主板,20071120
002186.SZ,2186.0,全聚德,北京,酒店餐饮,主板,20071120
002187.SZ,2187.0,广百股份,广东,百货,主板,20071122
002188.SZ,2188.0,中天服务,浙江,房产服务,主板,20071122
002189.SZ,2189.0,中光学,河南,元器件,主板,20071203
002190.SZ,2190.0,成飞集成,四川,汽车配件,主板,20071203
002191.SZ,2191.0,劲嘉股份,深圳,广告包装,主板,20071205
002192.SZ,2192.0,融捷股份,广东,小金属,主板,20071205
002193.SZ,2193.0,ST如意,山东,纺织,主板,20071207
002194.SZ,2194.0,武汉凡谷,湖北,通信设备,主板,20071207
002195.SZ,2195.0,岩山科技,上海,软件服务,主板,20071212
002196.SZ,2196.0,方正电机,浙江,纺织机械,主板,20071212
002197.SZ,2197.0,证通电子,深圳,IT设备,主板,20071218
002198.SZ,2198.0,ST嘉应,广东,中成药,主板,20071218
002199.SZ,2199.0,东晶电子,浙江,元器件,主板,20071221
002200.SZ,2200.0,交投生态,云南,建筑工程,主板,20071221
002201.SZ,2201.0,九鼎新材,江苏,玻璃,主板,20071226
002202.SZ,2202.0,金风科技,新疆,电气设备,主板,20071226
002203.SZ,2203.0,海亮股份,浙江,铜,主板,20080116
002204.SZ,2204.0,大连重工,辽宁,专用机械,主板,20080116
002205.SZ,2205.0,国统股份,新疆,水泥,主板,20080123
002206.SZ,2206.0,海利得,浙江,化纤,主板,20080123
002207.SZ,2207.0,*ST准油,新疆,石油开采,主板,20080128
002208.SZ,2208.0,合肥城建,安徽,区域地产,主板,20080128
002209.SZ,2209.0,达意隆,广东,轻工机械,主板,20080130
002210.SZ,2210.0,飞马国际,深圳,环境保护,主板,20080130
002211.SZ,2211.0,ST宏达,上海,橡胶,主板,20080201
002212.SZ,2212.0,天融信,广东,软件服务,主板,20080201
002213.SZ,2213.0,大为股份,深圳,半导体,主板,20080201
002214.SZ,2214.0,*ST大立,浙江,电器仪表,主板,20080218
002215.SZ,2215.0,诺普信,深圳,农药化肥,主板,20080218
002216.SZ,2216.0,三全食品,河南,食品,主板,20080220
002217.SZ,2217.0,ST合力泰,福建,元器件,主板,20080220
002218.SZ,2218.0,拓日新能,深圳,新型电力,主板,20080228
002219.SZ,2219.0,新里程,甘肃,医疗保健,主板,20080306
002221.SZ,2221.0,东华能源,广东,石油加工,主板,20080306
002222.SZ,2222.0,福晶科技,福建,元器件,主板,20080319
002223.SZ,2223.0,鱼跃医疗,江苏,医疗保健,主板,20080418
002224.SZ,2224.0,三力士,浙江,橡胶,主板,20080425
002225.SZ,2225.0,濮耐股份,河南,其他建材,主板,20080425
002226.SZ,2226.0,江南化工,安徽,化工原料,主板,20080506
002227.SZ,2227.0,*ST特迅,深圳,电气设备,主板,20080506
002228.SZ,2228.0,合兴包装,福建,广告包装,主板,20080508
002229.SZ,2229.0,鸿博股份,福建,广告包装,主板,20080508
002230.SZ,2230.0,科大讯飞,安徽,软件服务,主板,20080512
002232.SZ,2232.0,启明信息,吉林,软件服务,主板,20080509
002233.SZ,2233.0,塔牌集团,广东,水泥,主板,20080516
002234.SZ,2234.0,民和股份,山东,农业综合,主板,20080516
002235.SZ,2235.0,安妮股份,福建,造纸,主板,20080516
002236.SZ,2236.0,大华股份,浙江,IT设备,主板,20080520
002237.SZ,2237.0,恒邦股份,山东,黄金,主板,20080520
002238.SZ,2238.0,天威视讯,深圳,影视音像,主板,20080526
002239.SZ,2239.0,奥特佳,江苏,汽车配件,主板,20080522
002240.SZ,2240.0,盛新锂能,四川,小金属,主板,20080523
002241.SZ,2241.0,歌尔股份,山东,元器件,主板,20080522
002242.SZ,2242.0,九阳股份,山东,家用电器,主板,20080528
002243.SZ,2243.0,力合科创,深圳,广告包装,主板,20080528
002244.SZ,2244.0,滨江集团,浙江,区域地产,主板,20080529
002245.SZ,2245.0,蔚蓝锂芯,江苏,电气设备,主板,20080605
002246.SZ,2246.0,北化股份,四川,化工原料,主板,20080605
002247.SZ,2247.0,聚力文化,浙江,其他建材,主板,20080612
002248.SZ,2248.0,华东数控,山东,机床制造,主板,20080612
002249.SZ,2249.0,大洋电机,广东,电气设备,主板,20080619
002250.SZ,2250.0,联化科技,浙江,化工原料,主板,20080619
002251.SZ,2251.0,步步高,湖南,超市连锁,主板,20080619
002252.SZ,2252.0,上海莱士,上海,生物制药,主板,20080623
002253.SZ,2253.0,川大智胜,四川,软件服务,主板,20080623
002254.SZ,2254.0,泰和新材,山东,化纤,主板,20080625
002255.SZ,2255.0,海陆重工,江苏,专用机械,主板,20080625
002256.SZ,2256.0,兆新股份,深圳,新型电力,主板,20080625
002258.SZ,2258.0,利尔化学,四川,农药化肥,主板,20080708
002259.SZ,2259.0,升达林业,四川,供气供热,主板,20080716
002261.SZ,2261.0,拓维信息,湖南,软件服务,主板,20080723
002262.SZ,2262.0,恩华药业,江苏,化学制药,主板,20080723
002263.SZ,2263.0,大东南,浙江,塑料,主板,20080728
002264.SZ,2264.0,新华都,福建,互联网,主板,20080731
002265.SZ,2265.0,建设工业,云南,专用机械,主板,20080806
002266.SZ,2266.0,浙富控股,浙江,环境保护,主板,20080806
002267.SZ,2267.0,陕天然气,陕西,供气供热,主板,20080813
002268.SZ,2268.0,电科网安,四川,IT设备,主板,20080811
002269.SZ,2269.0,美邦服饰,上海,服饰,主板,20080828
002270.SZ,2270.0,华明装备,山东,电气设备,主板,20080905
002271.SZ,2271.0,东方雨虹,北京,其他建材,主板,20080910
002272.SZ,2272.0,川润股份,四川,机械基件,主板,20080919
002273.SZ,2273.0,水晶光电,浙江,元器件,主板,20080919
002274.SZ,2274.0,华昌化工,江苏,农药化肥,主板,20080925
002275.SZ,2275.0,桂林三金,广西,中成药,主板,20090710
002276.SZ,2276.0,万马股份,浙江,电气设备,主板,20090710
002277.SZ,2277.0,友阿股份,湖南,百货,主板,20090717
002278.SZ,2278.0,神开股份,上海,化工机械,主板,20090811
002279.SZ,2279.0,久其软件,北京,软件服务,主板,20090811
002281.SZ,2281.0,光迅科技,湖北,通信设备,主板,20090821
002282.SZ,2282.0,博深股份,河北,机械基件,主板,20090821
002283.SZ,2283.0,天润工业,山东,汽车配件,主板,20090821
002284.SZ,2284.0,亚太股份,浙江,汽车配件,主板,20090828
002285.SZ,2285.0,世联行,深圳,房产服务,主板,20090828
002286.SZ,2286.0,保龄宝,山东,食品,主板,20090828
002287.SZ,2287.0,奇正藏药,西藏,中成药,主板,20090828
002289.SZ,2289.0,宇顺电子,深圳,元器件,主板,20090903
002290.SZ,2290.0,禾盛新材,江苏,家用电器,主板,20090903
002291.SZ,2291.0,遥望科技,广东,广告包装,主板,20090903
002292.SZ,2292.0,奥飞娱乐,广东,影视音像,主板,20090910
002293.SZ,2293.0,罗莱生活,江苏,纺织,主板,20090910
002294.SZ,2294.0,信立泰,深圳,化学制药,主板,20090910
002295.SZ,2295.0,精艺股份,广东,铜,主板,20090929
002296.SZ,2296.0,辉煌科技,河南,通信设备,主板,20090929
002297.SZ,2297.0,博云新材,湖南,航空,主板,20090929
002298.SZ,2298.0,中电鑫龙,安徽,电气设备,主板,20090929
002299.SZ,2299.0,圣农发展,福建,农业综合,主板,20091021
002300.SZ,2300.0,太阳电缆,福建,电气设备,主板,20091021
002301.SZ,2301.0,齐心集团,深圳,文教休闲,主板,20091021
002302.SZ,2302.0,西部建设,新疆,水泥,主板,20091103
002303.SZ,2303.0,美盈森,深圳,造纸,主板,20091103
002304.SZ,2304.0,洋河股份,江苏,白酒,主板,20091106
002305.SZ,2305.0,*ST南置,湖北,区域地产,主板,20091106
002306.SZ,2306.0,ST云网,北京,酒店餐饮,主板,20091111
002307.SZ,2307.0,北新路桥,新疆,建筑工程,主板,20091111
002309.SZ,2309.0,中利集团,江苏,电气设备,主板,20091127
002310.SZ,2310.0,东方新能,北京,新型电力,主板,20091127
002311.SZ,2311.0,海大集团,广东,饲料,主板,20091127
002312.SZ,2312.0,川发龙蟒,四川,化工原料,主板,20091203
002313.SZ,2313.0,日海智能,深圳,通信设备,主板,20091203
002314.SZ,2314.0,南山控股,深圳,区域地产,主板,20091203
002315.SZ,2315.0,焦点科技,江苏,互联网,主板,20091209
002316.SZ,2316.0,亚联发展,吉林,软件服务,主板,20091209
002317.SZ,2317.0,众生药业,广东,中成药,主板,20091211
002318.SZ,2318.0,久立特材,浙江,特种钢,主板,20091211
002319.SZ,2319.0,乐通股份,广东,染料涂料,主板,20091211
002320.SZ,2320.0,海峡股份,海南,水运,主板,20091216
002321.SZ,2321.0,华英农业,河南,农业综合,主板,20091216
002322.SZ,2322.0,理工能科,浙江,软件服务,主板,20091218
002323.SZ,2323.0,*ST雅博,山东,建筑工程,主板,20091218
002324.SZ,2324.0,普利特,上海,塑料,主板,20091218
002326.SZ,2326.0,永太科技,浙江,化工原料,主板,20091222
002327.SZ,2327.0,富安娜,深圳,纺织,主板,20091230
002328.SZ,2328.0,新朋股份,上海,汽车配件,主板,20091230
002329.SZ,2329.0,皇氏集团,广西,乳制品,主板,20100106
002330.SZ,2330.0,得利斯,山东,食品,主板,20100106
002331.SZ,2331.0,皖通科技,安徽,软件服务,主板,20100106
002332.SZ,2332.0,仙琚制药,浙江,化学制药,主板,20100112
002333.SZ,2333.0,罗普斯金,江苏,其他建材,主板,20100112
002334.SZ,2334.0,英威腾,深圳,电气设备,主板,20100113
002335.SZ,2335.0,科华数据,福建,电气设备,主板,20100113
002337.SZ,2337.0,赛象科技,天津,化工机械,主板,20100115
002338.SZ,2338.0,奥普光电,吉林,电器仪表,主板,20100115
002339.SZ,2339.0,积成电子,山东,电气设备,主板,20100122
002340.SZ,2340.0,格林美,深圳,小金属,主板,20100122
002342.SZ,2342.0,巨力索具,河北,机械基件,主板,20100126
002343.SZ,2343.0,慈文传媒,江西,影视音像,主板,20100126
002344.SZ,2344.0,海宁皮城,浙江,商品城,主板,20100126
002345.SZ,2345.0,潮宏基,广东,服饰,主板,20100128
002346.SZ,2346.0,柘中股份,上海,电气设备,主板,20100128
002347.SZ,2347.0,泰尔股份,安徽,机械基件,主板,20100128
002348.SZ,2348.0,高乐股份,广东,文教休闲,主板,20100203
002349.SZ,2349.0,精华制药,江苏,中成药,主板,20100203
002350.SZ,2350.0,北京科锐,北京,电气设备,主板,20100203
002351.SZ,2351.0,漫步者,深圳,IT设备,主板,20100205
002352.SZ,2352.0,顺丰控股,深圳,仓储物流,主板,20100205
002353.SZ,2353.0,杰瑞股份,山东,化工机械,主板,20100205
002354.SZ,2354.0,天娱数科,辽宁,互联网,主板,20100209
002355.SZ,2355.0,兴民智通,山东,汽车配件,主板,20100209
002356.SZ,2356.0,鹏飞绿能,深圳,其他商业,主板,20100209
002357.SZ,2357.0,富临运业,四川,公共交通,主板,20100210
002358.SZ,2358.0,森源电气,河南,电气设备,主板,20100210
002360.SZ,2360.0,ST同德,山西,化工原料,主板,20100303
002361.SZ,2361.0,神剑股份,安徽,化工原料,主板,20100303
002362.SZ,2362.0,汉王科技,北京,软件服务,主板,20100303
002363.SZ,2363.0,隆基机械,山东,汽车配件,主板,20100305
002364.SZ,2364.0,中恒电气,浙江,电气设备,主板,20100305
002365.SZ,2365.0,永安药业,湖北,化学制药,主板,20100305
002366.SZ,2366.0,融发核电,四川,专用机械,主板,20100312
002367.SZ,2367.0,康力电梯,江苏,运输设备,主板,20100312
002368.SZ,2368.0,太极股份,北京,软件服务,主板,20100312
002369.SZ,2369.0,卓翼科技,深圳,通信设备,主板,20100316
002370.SZ,2370.0,亚太药业,浙江,化学制药,主板,20100316
002371.SZ,2371.0,北方华创,北京,半导体,主板,20100316
002372.SZ,2372.0,伟星新材,浙江,其他建材,主板,20100318
002373.SZ,2373.0,千方科技,北京,软件服务,主板,20100318
002374.SZ,2374.0,中锐股份,山东,广告包装,主板,20100318
002375.SZ,2375.0,亚厦股份,浙江,装修装饰,主板,20100323
002376.SZ,2376.0,新北洋,山东,IT设备,主板,20100323
002377.SZ,2377.0,国创高新,湖北,其他建材,主板,20100323
002378.SZ,2378.0,章源钨业,江西,小金属,主板,20100331
002379.SZ,2379.0,宏桥控股,山东,铝,主板,20100331
002380.SZ,2380.0,科远智慧,江苏,软件服务,主板,20100331
002381.SZ,2381.0,双箭股份,浙江,橡胶,主板,20100402
002382.SZ,2382.0,蓝帆医疗,山东,医疗保健,主板,20100402
002383.SZ,2383.0,合众思壮,北京,通信设备,主板,20100402
002384.SZ,2384.0,东山精密,江苏,元器件,主板,20100409
002385.SZ,2385.0,大北农,北京,饲料,主板,20100409
002386.SZ,2386.0,天原股份,四川,化工原料,主板,20100409
002387.SZ,2387.0,维信诺,江苏,元器件,主板,20100413
002388.SZ,2388.0,新亚制程,浙江,元器件,主板,20100413
002389.SZ,2389.0,航天彩虹,浙江,航空,主板,20100413
002390.SZ,2390.0,信邦制药,贵州,医药商业,主板,20100416
002391.SZ,2391.0,长青股份,江苏,农药化肥,主板,20100416
002392.SZ,2392.0,北京利尔,北京,其他建材,主板,20100423
002393.SZ,2393.0,力生制药,天津,化学制药,主板,20100423
002394.SZ,2394.0,联发股份,江苏,纺织,主板,20100423
002395.SZ,2395.0,双象股份,江苏,塑料,主板,20100429
002396.SZ,2396.0,星网锐捷,福建,通信设备,主板,20100623
002397.SZ,2397.0,梦洁股份,湖南,纺织,主板,20100429
002398.SZ,2398.0,垒知集团,福建,其他建材,主板,20100506
002399.SZ,2399.0,海普瑞,深圳,化学制药,主板,20100506
002400.SZ,2400.0,省广集团,广东,广告包装,主板,20100506
002401.SZ,2401.0,中远海科,上海,软件服务,主板,20100506
002402.SZ,2402.0,和而泰,深圳,元器件,主板,20100511
002403.SZ,2403.0,爱仕达,浙江,家用电器,主板,20100511
002404.SZ,2404.0,嘉欣丝绸,浙江,纺织,主板,20100511
002405.SZ,2405.0,四维图新,北京,软件服务,主板,20100518
002406.SZ,2406.0,远东传动,河南,汽车配件,主板,20100518
002407.SZ,2407.0,多氟多,河南,化工原料,主板,20100518
002408.SZ,2408.0,齐翔腾达,山东,化工原料,主板,20100518
002409.SZ,2409.0,雅克科技,江苏,半导体,主板,20100525
002410.SZ,2410.0,广联达,北京,软件服务,主板,20100525
002412.SZ,2412.0,汉森制药,湖南,中成药,主板,20100525
002413.SZ,2413.0,雷科防务,北京,通信设备,主板,20100528
002414.SZ,2414.0,高德红外,湖北,电器仪表,主板,20100716
002415.SZ,2415.0,海康威视,浙江,IT设备,主板,20100528
002416.SZ,2416.0,爱施德,深圳,电器连锁,主板,20100528
002418.SZ,2418.0,康盛股份,浙江,家用电器,主板,20100601
002419.SZ,2419.0,天虹股份,深圳,百货,主板,20100601
002420.SZ,2420.0,毅昌科技,广东,家用电器,主板,20100601
002421.SZ,2421.0,达实智能,深圳,软件服务,主板,20100603
002422.SZ,2422.0,科伦药业,四川,化学制药,主板,20100603
002423.SZ,2423.0,中粮资本,河南,多元金融,主板,20100603
002424.SZ,2424.0,ST百灵,贵州,中成药,主板,20100603
002425.SZ,2425.0,凯撒文化,广东,互联网,主板,20100608
002426.SZ,2426.0,胜利精密,江苏,元器件,主板,20100608
002427.SZ,2427.0,尤夫股份,浙江,化纤,主板,20100608
002428.SZ,2428.0,云南锗业,云南,小金属,主板,20100608
002429.SZ,2429.0,兆驰股份,深圳,家用电器,主板,20100610
002430.SZ,2430.0,杭氧股份,浙江,化工机械,主板,20100610
002431.SZ,2431.0,ST棕榈,河南,建筑工程,主板,20100610
002432.SZ,2432.0,九安医疗,天津,医疗保健,主板,20100610
002434.SZ,2434.0,万里扬,浙江,汽车配件,主板,20100618
002436.SZ,2436.0,兴森科技,深圳,元器件,主板,20100618
002437.SZ,2437.0,誉衡药业,黑龙江,化学制药,主板,20100623
002438.SZ,2438.0,江苏神通,江苏,机械基件,主板,20100623
002439.SZ,2439.0,启明星辰,北京,软件服务,主板,20100623
002440.SZ,2440.0,闰土股份,浙江,染料涂料,主板,20100706
002441.SZ,2441.0,众业达,广东,电气设备,主板,20100706
002442.SZ,2442.0,龙星科技,河北,化工原料,主板,20100706
002443.SZ,2443.0,金洲管道,浙江,钢加工,主板,20100706
002444.SZ,2444.0,巨星科技,浙江,轻工机械,主板,20100713
002445.SZ,2445.0,中南文化,江苏,钢加工,主板,20100713
002446.SZ,2446.0,盛路通信,广东,通信设备,主板,20100713
002448.SZ,2448.0,中原内配,河南,汽车配件,主板,20100716
002449.SZ,2449.0,国星光电,广东,半导体,主板,20100716
002451.SZ,2451.0,摩恩电气,上海,电气设备,主板,20100720
002452.SZ,2452.0,长高电气,湖南,电气设备,主板,20100720
002453.SZ,2453.0,华软科技,北京,化工原料,主板,20100720
002454.SZ,2454.0,松芝股份,上海,汽车配件,主板,20100720
002455.SZ,2455.0,百川股份,江苏,化工原料,主板,20100803
002456.SZ,2456.0,欧菲光,深圳,元器件,主板,20100803
002457.SZ,2457.0,青龙管业,宁夏,塑料,主板,20100803
002458.SZ,2458.0,益生股份,山东,农业综合,主板,20100810
002459.SZ,2459.0,晶澳科技,河北,电气设备,主板,20100810
002460.SZ,2460.0,赣锋锂业,江西,小金属,主板,20100810
002461.SZ,2461.0,珠江啤酒,广东,啤酒,主板,20100818
002462.SZ,2462.0,嘉事堂,北京,医药商业,主板,20100818
002463.SZ,2463.0,沪电股份,江苏,元器件,主板,20100818
002465.SZ,2465.0,海格通信,广东,通信设备,主板,20100831
002466.SZ,2466.0,天齐锂业,四川,小金属,主板,20100831
002467.SZ,2467.0,二六三,北京,互联网,主板,20100908
002468.SZ,2468.0,申通快递,浙江,仓储物流,主板,20100908
002469.SZ,2469.0,三维化学,山东,化工原料,主板,20100908
002470.SZ,2470.0,金正大,山东,农药化肥,主板,20100908
002471.SZ,2471.0,中超控股,江苏,电气设备,主板,20100910
002472.SZ,2472.0,双环传动,浙江,汽车配件,主板,20100910
002474.SZ,2474.0,榕基软件,福建,软件服务,主板,20100915
002475.SZ,2475.0,立讯精密,深圳,元器件,主板,20100915
002476.SZ,2476.0,新叶股份,山东,化工原料,主板,20100915
002478.SZ,2478.0,常宝股份,江苏,钢加工,主板,20100921
002479.SZ,2479.0,富春环保,浙江,新型电力,主板,20100921
002480.SZ,2480.0,新筑股份,四川,运输设备,主板,20100921
002481.SZ,2481.0,双塔食品,山东,食品,主板,20100921
002482.SZ,2482.0,广田集团,深圳,装修装饰,主板,20100929
002483.SZ,2483.0,润邦股份,江苏,专用机械,主板,20100929
002484.SZ,2484.0,江海股份,江苏,元器件,主板,20100929
002485.SZ,2485.0,ST雪发,山东,商贸代理,主板,20101015
002486.SZ,2486.0,嘉麟杰,上海,服饰,主板,20101015
002487.SZ,2487.0,大金重工,辽宁,电气设备,主板,20101015
002488.SZ,2488.0,金固股份,浙江,汽车配件,主板,20101021
002489.SZ,2489.0,浙江永强,浙江,家居用品,主板,20101021
002490.SZ,2490.0,山东墨龙,山东,化工机械,主板,20101021
002491.SZ,2491.0,通鼎互联,江苏,通信设备,主板,20101021
002492.SZ,2492.0,恒基达鑫,广东,仓储物流,主板,20101102
002493.SZ,2493.0,荣盛石化,浙江,化纤,主板,20101102
002494.SZ,2494.0,华斯股份,河北,服饰,主板,20101102
002495.SZ,2495.0,佳隆股份,广东,食品,主板,20101102
002496.SZ,2496.0,辉丰股份,江苏,农药化肥,主板,20101109
002497.SZ,2497.0,雅化集团,四川,小金属,主板,20101109
002498.SZ,2498.0,汉缆股份,山东,电气设备,主板,20101109
002500.SZ,2500.0,山西证券,山西,证券,主板,20101115
002501.SZ,2501.0,*ST利源,吉林,铝,主板,20101117
002506.SZ,2506.0,协鑫集成,上海,电气设备,主板,20101118
002507.SZ,2507.0,涪陵榨菜,重庆,食品,主板,20101123
002508.SZ,2508.0,老板电器,浙江,家用电器,主板,20101123
002510.SZ,2510.0,天汽模,天津,汽车配件,主板,20101125
002511.SZ,2511.0,中顺洁柔,广东,造纸,主板,20101125
002512.SZ,2512.0,ST达华,福建,IT设备,主板,20101203
002513.SZ,2513.0,蓝丰生化,江苏,新型电力,主板,20101203
002514.SZ,2514.0,*ST宝馨,江苏,机械基件,主板,20101203
002515.SZ,2515.0,金字火腿,浙江,食品,主板,20101203
002516.SZ,2516.0,旷达科技,湖南,汽车配件,主板,20101207
002517.SZ,2517.0,恺英网络,福建,互联网,主板,20101207
002518.SZ,2518.0,科士达,深圳,电气设备,主板,20101207
002519.SZ,2519.0,银河电子,江苏,通信设备,主板,20101207
002520.SZ,2520.0,日发精机,浙江,机床制造,主板,20101210
002521.SZ,2521.0,齐峰新材,山东,造纸,主板,20101210
002522.SZ,2522.0,浙江众成,浙江,塑料,主板,20101210
002523.SZ,2523.0,天桥起重,湖南,专用机械,主板,20101210
002524.SZ,2524.0,光正眼科,新疆,医疗保健,主板,20101217
002526.SZ,2526.0,山东矿机,山东,工程机械,主板,20101217
002527.SZ,2527.0,新时达,上海,电器仪表,主板,20101224
002528.SZ,2528.0,*ST英飞,深圳,IT设备,主板,20101224
002529.SZ,2529.0,海源复材,江西,专用机械,主板,20101224
002530.SZ,2530.0,金财互联,江苏,专用机械,主板,20101231
002531.SZ,2531.0,天顺风能,江苏,电气设备,主板,20101231
002532.SZ,2532.0,天山铝业,新疆,铝,主板,20101231
002533.SZ,2533.0,金杯电工,湖南,电气设备,主板,20101231
002534.SZ,2534.0,西子洁能,浙江,专用机械,主板,20110110
002535.SZ,2535.0,林州重机,河南,工程机械,主板,20110111
002536.SZ,2536.0,飞龙股份,河南,汽车配件,主板,20110111
002537.SZ,2537.0,海联金汇,山东,汽车配件,主板,20110110
002538.SZ,2538.0,ST司特,安徽,农药化肥,主板,20110118
002539.SZ,2539.0,云图控股,四川,农药化肥,主板,20110118
002540.SZ,2540.0,亚太科技,江苏,铝,主板,20110118
002541.SZ,2541.0,鸿路钢构,安徽,钢加工,主板,20110118
002542.SZ,2542.0,*ST中岩,北京,建筑工程,主板,20110128
002543.SZ,2543.0,万和电气,广东,家用电器,主板,20110128
002544.SZ,2544.0,普天科技,广东,通信设备,主板,20110128
002545.SZ,2545.0,东方铁塔,山东,农药化肥,主板,20110211
002546.SZ,2546.0,新联电子,江苏,电气设备,主板,20110211
002547.SZ,2547.0,*ST春兴,江苏,汽车配件,主板,20110218
002548.SZ,2548.0,金新农,深圳,饲料,主板,20110218
002549.SZ,2549.0,凯美特气,湖南,环境保护,主板,20110218
002550.SZ,2550.0,千红制药,江苏,生物制药,主板,20110218
002551.SZ,2551.0,尚荣医疗,深圳,医疗保健,主板,20110225
002552.SZ,2552.0,宝鼎科技,浙江,元器件,主板,20110225
002553.SZ,2553.0,南方精工,江苏,汽车配件,主板,20110225
002554.SZ,2554.0,惠博普,湖南,石油开采,主板,20110225
002555.SZ,2555.0,三七互娱,安徽,互联网,主板,20110302
002556.SZ,2556.0,辉隆股份,安徽,农药化肥,主板,20110302
002557.SZ,2557.0,洽洽食品,安徽,食品,主板,20110302
002558.SZ,2558.0,巨人网络,重庆,互联网,主板,20110302
002559.SZ,2559.0,亚威股份,江苏,机床制造,主板,20110303
002560.SZ,2560.0,通达股份,河南,电气设备,主板,20110303
002561.SZ,2561.0,徐家汇,上海,百货,主板,20110303
002562.SZ,2562.0,兄弟科技,浙江,化学制药,主板,20110310
002563.SZ,2563.0,森马服饰,浙江,服饰,主板,20110311
002564.SZ,2564.0,天沃科技,江苏,化工机械,主板,20110310
002565.SZ,2565.0,顺灏股份,上海,造纸,主板,20110318
002566.SZ,2566.0,益盛药业,吉林,中成药,主板,20110318
002567.SZ,2567.0,唐人神,湖南,饲料,主板,20110325
002568.SZ,2568.0,百润股份,上海,红黄酒,主板,20110325
002569.SZ,2569.0,*ST步森,浙江,服饰,主板,20110412
002570.SZ,2570.0,贝因美,浙江,乳制品,主板,20110412
002571.SZ,2571.0,德力股份,安徽,家居用品,主板,20110412
002572.SZ,2572.0,索菲亚,广东,家居用品,主板,20110412
002573.SZ,2573.0,清新环境,北京,环境保护,主板,20110422
002574.SZ,2574.0,明牌珠宝,浙江,服饰,主板,20110422
002575.SZ,2575.0,群兴玩具,广东,文教休闲,主板,20110422
002576.SZ,2576.0,通达动力,江苏,电气设备,主板,20110428
002577.SZ,2577.0,雷柏科技,深圳,IT设备,主板,20110428
002578.SZ,2578.0,闽发铝业,福建,铝,主板,20110428
002579.SZ,2579.0,中京电子,广东,元器件,主板,20110506
002580.SZ,2580.0,圣阳股份,山东,电气设备,主板,20110506
002581.SZ,2581.0,*ST未名,山东,生物制药,主板,20110520
002582.SZ,2582.0,好想你,河南,食品,主板,20110520
002583.SZ,2583.0,海能达,深圳,通信设备,主板,20110527
002584.SZ,2584.0,西陇科学,广东,化工原料,主板,20110602
002585.SZ,2585.0,双星新材,江苏,塑料,主板,20110602
002586.SZ,2586.0,ST围海,浙江,建筑工程,主板,20110602
002587.SZ,2587.0,奥拓电子,深圳,元器件,主板,20110610
002588.SZ,2588.0,史丹利,山东,农药化肥,主板,20110610
002589.SZ,2589.0,瑞康医药,山东,医药商业,主板,20110610
002590.SZ,2590.0,万安科技,浙江,汽车配件,主板,20110610
002591.SZ,2591.0,恒大高新,江西,环境保护,主板,20110621
002592.SZ,2592.0,ST八菱,广西,汽车配件,主板,20111111
002593.SZ,2593.0,日上集团,福建,钢加工,主板,20110628
002594.SZ,2594.0,比亚迪,深圳,汽车整车,主板,20110630
002595.SZ,2595.0,豪迈科技,山东,专用机械,主板,20110628
002596.SZ,2596.0,海南瑞泽,海南,水泥,主板,20110707
002597.SZ,2597.0,金禾实业,安徽,食品,主板,20110707
002598.SZ,2598.0,ST章鼓,山东,机械基件,主板,20110707
002599.SZ,2599.0,盛通股份,北京,广告包装,主板,20110715
002600.SZ,2600.0,领益智造,广东,元器件,主板,20110715
002601.SZ,2601.0,龙佰集团,河南,化工原料,主板,20110715
002602.SZ,2602.0,世纪华通,浙江,互联网,主板,20110728
002603.SZ,2603.0,以岭药业,河北,中成药,主板,20110728
002605.SZ,2605.0,姚记科技,上海,互联网,主板,20110805
002606.SZ,2606.0,大连电瓷,辽宁,电气设备,主板,20110805
002607.SZ,2607.0,中公教育,安徽,文教休闲,主板,20110810
002608.SZ,2608.0,江苏国信,江苏,火力发电,主板,20110810
002609.SZ,2609.0,捷顺科技,深圳,软件服务,主板,20110815
002611.SZ,2611.0,东方精工,广东,轻工机械,主板,20110830
002612.SZ,2612.0,朗姿股份,北京,服饰,主板,20110830
002613.SZ,2613.0,北玻股份,河南,专用机械,主板,20110830
002614.SZ,2614.0,奥佳华,福建,家用电器,主板,20110909
002615.SZ,2615.0,哈尔斯,浙江,家居用品,主板,20110909
002616.SZ,2616.0,长青集团,广东,环境保护,主板,20110920
002617.SZ,2617.0,露笑科技,浙江,电气设备,主板,20110920
002620.SZ,2620.0,*ST瑞和,深圳,装修装饰,主板,20110929
002622.SZ,2622.0,皓宸医疗,吉林,医疗保健,主板,20111018
002623.SZ,2623.0,亚玛顿,江苏,玻璃,主板,20111013
002624.SZ,2624.0,完美世界,浙江,互联网,主板,20111028
002625.SZ,2625.0,光启技术,深圳,航空,主板,20111103
002626.SZ,2626.0,金达威,福建,医疗保健,主板,20111028
002627.SZ,2627.0,三峡旅游,湖北,旅游景点,主板,20111103
002628.SZ,2628.0,成都路桥,四川,建筑工程,主板,20111103
002629.SZ,2629.0,仁智股份,浙江,石油开采,主板,20111103
002630.SZ,2630.0,*ST华西,四川,专用机械,主板,20111111
002631.SZ,2631.0,德尔未来,江苏,家居用品,主板,20111111
002632.SZ,2632.0,道明光学,浙江,塑料,主板,20111122
002633.SZ,2633.0,申科股份,浙江,机械基件,主板,20111122
002634.SZ,2634.0,*ST棒杰,浙江,服饰,主板,20111205
002635.SZ,2635.0,安洁科技,江苏,元器件,主板,20111125
002636.SZ,2636.0,金安国纪,上海,元器件,主板,20111125
002637.SZ,2637.0,赞宇科技,浙江,日用化工,主板,20111125
002638.SZ,2638.0,勤上股份,广东,家用电器,主板,20111125
002639.SZ,2639.0,雪人集团,福建,专用机械,主板,20111205
002640.SZ,2640.0,跨境通,山西,互联网,主板,20111208
002641.SZ,2641.0,公元股份,浙江,塑料,主板,20111208
002642.SZ,2642.0,荣联科技,北京,软件服务,主板,20111220
002643.SZ,2643.0,万润股份,山东,化工原料,主板,20111220
002644.SZ,2644.0,佛慈制药,甘肃,中成药,主板,20111222
002645.SZ,2645.0,华宏科技,江苏,专用机械,主板,20111220
002646.SZ,2646.0,天佑德酒,青海,白酒,主板,20111222
002647.SZ,2647.0,仁东控股,广东,多元金融,主板,20111228
002648.SZ,2648.0,卫星化学,浙江,化工原料,主板,20111228
002649.SZ,2649.0,博彦科技,北京,软件服务,主板,20120106
002650.SZ,2650.0,ST加加,湖南,食品,主板,20120106
002651.SZ,2651.0,利君股份,四川,航空,主板,20120106
002652.SZ,2652.0,扬子新材,江苏,其他建材,主板,20120119
002653.SZ,2653.0,海思科,西藏,化学制药,主板,20120117
002654.SZ,2654.0,万润科技,深圳,互联网,主板,20120217
002655.SZ,2655.0,共达电声,山东,元器件,主板,20120217
002656.SZ,2656.0,摩登大道,广东,服饰,主板,20120228
002657.SZ,2657.0,中科金财,北京,软件服务,主板,20120228
002658.SZ,2658.0,雪迪龙,北京,环境保护,主板,20120309
002659.SZ,2659.0,凯文教育,北京,文教休闲,主板,20120309
002660.SZ,2660.0,茂硕电源,深圳,电气设备,主板,20120316
002661.SZ,2661.0,克明食品,湖南,食品,主板,20120316
002662.SZ,2662.0,峰璟股份,北京,汽车配件,主板,20120309
002663.SZ,2663.0,普邦股份,广东,建筑工程,主板,20120316
002664.SZ,2664.0,信质集团,浙江,汽车配件,主板,20120316
002666.SZ,2666.0,德联集团,广东,化工原料,主板,20120327
002667.SZ,2667.0,*ST威领,湖南,小金属,主板,20120329
002668.SZ,2668.0,TCL智家,广东,家用电器,主板,20120416
002669.SZ,2669.0,康达新材,上海,化工原料,主板,20120416
002670.SZ,2670.0,国盛证券,江西,证券,主板,20120416
002671.SZ,2671.0,龙泉股份,山东,水泥,主板,20120426
002672.SZ,2672.0,东江环保,深圳,环境保护,主板,20120426
002673.SZ,2673.0,西部证券,陕西,证券,主板,20120503
002674.SZ,2674.0,兴业科技,福建,纺织,主板,20120507
002675.SZ,2675.0,东诚药业,山东,化学制药,主板,20120525
002676.SZ,2676.0,顺威股份,广东,家用电器,主板,20120525
002677.SZ,2677.0,浙江美大,浙江,家用电器,主板,20120525
002678.SZ,2678.0,珠江钢琴,广东,文教休闲,主板,20120530
002679.SZ,2679.0,福建金森,福建,林业,主板,20120605
002681.SZ,2681.0,奋达科技,深圳,元器件,主板,20120605
002682.SZ,2682.0,龙洲股份,福建,仓储物流,主板,20120612
002683.SZ,2683.0,广东宏大,广东,化工原料,主板,20120612
002685.SZ,2685.0,华东重机,江苏,机床制造,主板,20120612
002686.SZ,2686.0,亿利达,浙江,专用机械,主板,20120703
002687.SZ,2687.0,乔治白,浙江,服饰,主板,20120713
002688.SZ,2688.0,金河生物,内蒙,农业综合,主板,20120713
002689.SZ,2689.0,ST远智,辽宁,运输设备,主板,20120717
002690.SZ,2690.0,美亚光电,安徽,专用机械,主板,20120731
002691.SZ,2691.0,*ST冀凯,河北,专用机械,主板,20120731
002692.SZ,2692.0,远程股份,江苏,电气设备,主板,20120808
002693.SZ,2693.0,双成药业,海南,生物制药,主板,20120808
002694.SZ,2694.0,*ST顾地,湖北,塑料,主板,20120816
002695.SZ,2695.0,煌上煌,江西,食品,主板,20120905
002696.SZ,2696.0,百洋股份,广西,饲料,主板,20120905
002697.SZ,2697.0,红旗连锁,四川,超市连锁,主板,20120905
002698.SZ,2698.0,博实股份,黑龙江,化工机械,主板,20120911
002700.SZ,2700.0,万憬能源,新疆,供气供热,主板,20120921
002701.SZ,2701.0,奥瑞金,北京,广告包装,主板,20121011
002702.SZ,2702.0,海欣食品,福建,食品,主板,20121011
002703.SZ,2703.0,浙江世宝,浙江,汽车配件,主板,20121102
002705.SZ,2705.0,新宝股份,广东,家用电器,主板,20140121
002706.SZ,2706.0,良信股份,上海,电气设备,主板,20140121
002707.SZ,2707.0,众信旅游,北京,旅游服务,主板,20140123
002708.SZ,2708.0,光洋股份,江苏,汽车配件,主板,20140121
002709.SZ,2709.0,天赐材料,广东,化工原料,主板,20140123
002712.SZ,2712.0,思美传媒,浙江,广告包装,主板,20140123
002713.SZ,2713.0,东易日盛,北京,装修装饰,主板,20140219
002714.SZ,2714.0,牧原股份,河南,农业综合,主板,20140128
002715.SZ,2715.0,登云股份,广东,汽车配件,主板,20140219
002716.SZ,2716.0,湖南白银,湖南,小金属,主板,20140128
002717.SZ,2717.0,*ST岭南,广东,环境保护,主板,20140219
002718.SZ,2718.0,友邦吊顶,浙江,其他建材,主板,20140128
002719.SZ,2719.0,ST麦趣,新疆,乳制品,主板,20140128
002721.SZ,2721.0,金一文化,北京,服饰,主板,20140127
002722.SZ,2722.0,物产金轮,江苏,钢加工,主板,20140128
002723.SZ,2723.0,小崧股份,广东,家用电器,主板,20140129
002724.SZ,2724.0,海洋王,深圳,元器件,主板,20141104
002725.SZ,2725.0,跃岭股份,浙江,汽车配件,主板,20140129
002726.SZ,2726.0,ST龙大,山东,食品,主板,20140626
002727.SZ,2727.0,一心堂,云南,医药商业,主板,20140702
002728.SZ,2728.0,特一药业,广东,中成药,主板,20140731
002729.SZ,2729.0,好利科技,福建,元器件,主板,20140912
002730.SZ,2730.0,电光科技,浙江,专用机械,主板,20141009
002731.SZ,2731.0,*ST萃华,辽宁,服饰,主板,20141104
002732.SZ,2732.0,燕塘乳业,广东,乳制品,主板,20141205
002733.SZ,2733.0,雄韬股份,深圳,电气设备,主板,20141203
002734.SZ,2734.0,利民股份,江苏,农药化肥,主板,20150127
002735.SZ,2735.0,王子新材,深圳,塑料,主板,20141203
002736.SZ,2736.0,国信证券,深圳,证券,主板,20141229
002737.SZ,2737.0,葵花药业,黑龙江,中成药,主板,20141230
002738.SZ,2738.0,中矿资源,北京,小金属,主板,20141230
002739.SZ,2739.0,儒意电影,北京,影视音像,主板,20150122
002741.SZ,2741.0,光华科技,广东,化工原料,主板,20150216
002742.SZ,2742.0,冀衡医药,重庆,化学制药,主板,20150217
002743.SZ,2743.0,富煌钢构,安徽,钢加工,主板,20150217
002745.SZ,2745.0,木林森,广东,元器件,主板,20150217
002746.SZ,2746.0,仙坛股份,山东,农业综合,主板,20150216
002747.SZ,2747.0,埃斯顿,江苏,机械基件,主板,20150320
002748.SZ,2748.0,世龙实业,江西,化工原料,主板,20150319
002749.SZ,2749.0,国光股份,四川,农药化肥,主板,20150320
002752.SZ,2752.0,昇兴股份,福建,广告包装,主板,20150422
002753.SZ,2753.0,永东股份,山西,化工原料,主板,20150519
002755.SZ,2755.0,奥赛康,北京,化学制药,主板,20150515
002756.SZ,2756.0,永兴材料,浙江,小金属,主板,20150515
002757.SZ,2757.0,南兴股份,广东,专用机械,主板,20150527
002758.SZ,2758.0,浙农股份,浙江,批发业,主板,20150527
002759.SZ,2759.0,ST天际,广东,电气设备,主板,20150528
002760.SZ,2760.0,凤形股份,江西,机械基件,主板,20150611
002761.SZ,2761.0,浙江建投,浙江,建筑工程,主板,20150610
002762.SZ,2762.0,金发拉比,广东,服饰,主板,20150610
002763.SZ,2763.0,汇洁股份,深圳,服饰,主板,20150610
002765.SZ,2765.0,蓝黛科技,重庆,元器件,主板,20150612
002766.SZ,2766.0,索菱股份,深圳,汽车配件,主板,20150611
002767.SZ,2767.0,先锋电子,浙江,电器仪表,主板,20150612
002768.SZ,2768.0,国恩股份,山东,塑料,主板,20150630
002769.SZ,2769.0,普路通,广东,仓储物流,主板,20150629
002771.SZ,2771.0,真视通,北京,软件服务,主板,20150629
002772.SZ,2772.0,众兴菌业,甘肃,种植业,主板,20150626
002773.SZ,2773.0,康弘药业,四川,化学制药,主板,20150626
002774.SZ,2774.0,快意电梯,广东,运输设备,主板,20170324
002775.SZ,2775.0,文科股份,广东,建筑工程,主板,20150629
002777.SZ,2777.0,久远银海,四川,软件服务,主板,20151231
002778.SZ,2778.0,中晟高科,江苏,环境保护,主板,20160106
002779.SZ,2779.0,中坚科技,浙江,农用机械,主板,20151209
002780.SZ,2780.0,三夫户外,北京,服饰,主板,20151209
002782.SZ,2782.0,可立克,深圳,元器件,主板,20151222
002783.SZ,2783.0,凯龙股份,湖北,化工原料,主板,20151209
002785.SZ,2785.0,万里石,福建,其他建材,主板,20151223
002786.SZ,2786.0,银宝山新,深圳,专用机械,主板,20151223
002787.SZ,2787.0,华源控股,江苏,广告包装,主板,20151231
002788.SZ,2788.0,鹭燕医药,福建,医药商业,主板,20160218
002789.SZ,2789.0,*ST建艺,深圳,装修装饰,主板,20160311
002790.SZ,2790.0,瑞尔特,福建,家居用品,主板,20160308
002791.SZ,2791.0,坚朗五金,广东,其他建材,主板,20160329
002792.SZ,2792.0,通宇通讯,广东,通信设备,主板,20160328
002793.SZ,2793.0,罗欣药业,山东,化学制药,主板,20160415
002795.SZ,2795.0,永和智控,浙江,机械基件,主板,20160428
002796.SZ,2796.0,世嘉科技,江苏,通信设备,主板,20160510
002797.SZ,2797.0,第一创业,深圳,证券,主板,20160511
002798.SZ,2798.0,帝欧水华,四川,家居用品,主板,20160525
002799.SZ,2799.0,环球印务,陕西,广告包装,主板,20160608
002800.SZ,2800.0,天顺股份,新疆,仓储物流,主板,20160530
002801.SZ,2801.0,微光股份,浙江,电气设备,主板,20160622
002802.SZ,2802.0,洪汇新材,江苏,化工原料,主板,20160629
002803.SZ,2803.0,吉宏股份,福建,互联网,主板,20160712
002805.SZ,2805.0,丰元股份,山东,电气设备,主板,20160707
002806.SZ,2806.0,华锋股份,广东,汽车配件,主板,20160726
002807.SZ,2807.0,江阴银行,江苏,银行,主板,20160902
002809.SZ,2809.0,红墙股份,广东,化工原料,主板,20160823
002810.SZ,2810.0,山东赫达,山东,化工原料,主板,20160826
002811.SZ,2811.0,郑中设计,深圳,装修装饰,主板,20160908
002812.SZ,2812.0,恩捷股份,云南,电气设备,主板,20160914
002813.SZ,2813.0,路畅科技,深圳,汽车配件,主板,20161012
002815.SZ,2815.0,崇达技术,深圳,元器件,主板,20161012
002816.SZ,2816.0,*ST和科,深圳,专用机械,主板,20161025
002817.SZ,2817.0,黄山胶囊,安徽,化学制药,主板,20161025
002818.SZ,2818.0,富森美,四川,其他商业,主板,20161109
002819.SZ,2819.0,东方中科,北京,电器仪表,主板,20161111
002820.SZ,2820.0,桂发祥,天津,食品,主板,20161118
002821.SZ,2821.0,凯莱英,天津,生物制药,主板,20161118
002822.SZ,2822.0,ST中装,深圳,装修装饰,主板,20161129
002823.SZ,2823.0,凯中精密,深圳,机械基件,主板,20161124
002824.SZ,2824.0,和胜股份,广东,铝,主板,20170112
002825.SZ,2825.0,纳尔股份,上海,化工原料,主板,20161129
002826.SZ,2826.0,易明医药,西藏,化学制药,主板,20161209
002827.SZ,2827.0,高争民爆,西藏,化工原料,主板,20161209
002828.SZ,2828.0,贝肯能源,新疆,石油开采,主板,20161208
002829.SZ,2829.0,星网宇达,北京,航空,主板,20161213
002830.SZ,2830.0,名雕股份,深圳,装修装饰,主板,20161213
002831.SZ,2831.0,裕同科技,深圳,广告包装,主板,20161216
002832.SZ,2832.0,比音勒芬,广东,服饰,主板,20161223
002833.SZ,2833.0,弘亚数控,广东,专用机械,主板,20161228
002835.SZ,2835.0,同为股份,深圳,IT设备,主板,20161228
002836.SZ,2836.0,新宏泽,广东,广告包装,主板,20161229
002837.SZ,2837.0,英维克,深圳,专用机械,主板,20161229
002838.SZ,2838.0,道恩股份,山东,塑料,主板,20170106
002839.SZ,2839.0,张家港行,江苏,银行,主板,20170124
002840.SZ,2840.0,华统股份,浙江,食品,主板,20170110
002841.SZ,2841.0,视源股份,广东,元器件,主板,20170119
002842.SZ,2842.0,翔鹭钨业,广东,小金属,主板,20170119
002843.SZ,2843.0,泰嘉股份,湖南,钢加工,主板,20170120
002845.SZ,2845.0,同兴达,深圳,元器件,主板,20170125
002846.SZ,2846.0,英联股份,广东,广告包装,主板,20170207
002847.SZ,2847.0,盐津铺子,湖南,食品,主板,20170208
002848.SZ,2848.0,高斯贝尔,湖南,家用电器,主板,20170213
002849.SZ,2849.0,威星智能,浙江,电器仪表,主板,20170217
002850.SZ,2850.0,科达利,深圳,电气设备,主板,20170302
002851.SZ,2851.0,麦格米特,深圳,电气设备,主板,20170306
002852.SZ,2852.0,道道全,湖南,食品,主板,20170310
002853.SZ,2853.0,皮阿诺,广东,家居用品,主板,20170310
002855.SZ,2855.0,捷荣技术,广东,元器件,主板,20170321
002856.SZ,2856.0,*ST美芝,深圳,装修装饰,主板,20170320
002857.SZ,2857.0,三晖电气,河南,电器仪表,主板,20170323
002858.SZ,2858.0,力盛体育,上海,文教休闲,主板,20170324
002859.SZ,2859.0,洁美科技,浙江,元器件,主板,20170407
002860.SZ,2860.0,星帅尔,浙江,家用电器,主板,20170412
002861.SZ,2861.0,瀛通通讯,湖北,元器件,主板,20170413
002862.SZ,2862.0,实丰文化,广东,文教休闲,主板,20170411
002863.SZ,2863.0,今飞凯达,浙江,汽车配件,主板,20170418
002864.SZ,2864.0,盘龙药业,陕西,中成药,主板,20171116
002865.SZ,2865.0,钧达股份,海南,电气设备,主板,20170425
002866.SZ,2866.0,传艺科技,江苏,IT设备,主板,20170426
002867.SZ,2867.0,周大生,深圳,服饰,主板,20170427
002868.SZ,2868.0,绿康生化,福建,农业综合,主板,20170503
002869.SZ,2869.0,金溢科技,深圳,通信设备,主板,20170515
002870.SZ,2870.0,香山股份,广东,汽车配件,主板,20170515
002871.SZ,2871.0,伟隆股份,山东,机械基件,主板,20170511
002872.SZ,2872.0,ST天圣,重庆,医药商业,主板,20170519
002873.SZ,2873.0,新天药业,贵州,中成药,主板,20170519
002875.SZ,2875.0,安奈儿,深圳,服饰,主板,20170601
002876.SZ,2876.0,三利谱,深圳,元器件,主板,20170525
002877.SZ,2877.0,智能自控,江苏,机械基件,主板,20170605
002878.SZ,2878.0,元隆雅图,北京,广告包装,主板,20170606
002879.SZ,2879.0,长缆科技,湖南,电气设备,主板,20170707
002880.SZ,2880.0,卫光生物,深圳,生物制药,主板,20170616
002881.SZ,2881.0,美格智能,深圳,元器件,主板,20170622
002882.SZ,2882.0,金龙羽,深圳,电气设备,主板,20170717
002883.SZ,2883.0,*ST中设,江苏,建筑工程,主板,20170620
002884.SZ,2884.0,凌霄泵业,广东,机械基件,主板,20170711
002885.SZ,2885.0,京泉华,深圳,元器件,主板,20170627
002886.SZ,2886.0,沃特股份,深圳,塑料,主板,20170627
002887.SZ,2887.0,绿茵生态,天津,环境保护,主板,20170801
002888.SZ,2888.0,惠威科技,广东,元器件,主板,20170721
002889.SZ,2889.0,东方嘉盛,深圳,仓储物流,主板,20170731
002890.SZ,2890.0,弘宇股份,山东,农用机械,主板,20170802
002891.SZ,2891.0,中宠股份,山东,饲料,主板,20170821
002892.SZ,2892.0,科力尔,湖南,电气设备,主板,20170817
002893.SZ,2893.0,京能热力,北京,供气供热,主板,20170915
002895.SZ,2895.0,川恒股份,贵州,化工原料,主板,20170825
002896.SZ,2896.0,中大力德,浙江,机械基件,主板,20170829
002897.SZ,2897.0,意华股份,浙江,元器件,主板,20170907
002899.SZ,2899.0,英派斯,山东,文教休闲,主板,20170915
002900.SZ,2900.0,哈三联,黑龙江,化学制药,主板,20170922
002901.SZ,2901.0,大博医疗,福建,医疗保健,主板,20170922
002902.SZ,2902.0,铭普光磁,广东,通信设备,主板,20170929
002903.SZ,2903.0,宇环数控,湖南,机床制造,主板,20171013
002905.SZ,2905.0,金逸影视,广东,影视音像,主板,20171016
002906.SZ,2906.0,华阳集团,广东,汽车配件,主板,20171013
002907.SZ,2907.0,华森制药,重庆,中成药,主板,20171020
002908.SZ,2908.0,德生科技,广东,软件服务,主板,20171020
002909.SZ,2909.0,集泰股份,广东,化工原料,主板,20171026
002910.SZ,2910.0,庄园牧场,甘肃,乳制品,主板,20171031
002911.SZ,2911.0,佛燃能源,广东,供气供热,主板,20171122
002912.SZ,2912.0,中新赛克,深圳,IT设备,主板,20171121
002913.SZ,2913.0,奥士康,湖南,元器件,主板,20171201
002915.SZ,2915.0,中欣氟材,浙江,化工原料,主板,20171205
002916.SZ,2916.0,深南电路,深圳,元器件,主板,20171213
002917.SZ,2917.0,金奥博,深圳,化工原料,主板,20171208
002918.SZ,2918.0,蒙娜丽莎,广东,陶瓷,主板,20171219
002919.SZ,2919.0,名臣健康,广东,互联网,主板,20171218
002920.SZ,2920.0,德赛西威,广东,汽车配件,主板,20171226
002921.SZ,2921.0,联诚精密,山东,汽车配件,主板,20171227
002922.SZ,2922.0,伊戈尔,广东,电气设备,主板,20171229
002923.SZ,2923.0,润都股份,广东,化学制药,主板,20180105
002925.SZ,2925.0,盈趣科技,福建,元器件,主板,20180115
002926.SZ,2926.0,华西证券,四川,证券,主板,20180205
002927.SZ,2927.0,泰永长征,贵州,电气设备,主板,20180223
002928.SZ,2928.0,华夏航空,贵州,空运,主板,20180302
002929.SZ,2929.0,润建股份,广西,通信设备,主板,20180301
002930.SZ,2930.0,宏川智慧,广东,仓储物流,主板,20180328
002931.SZ,2931.0,锋龙股份,浙江,机械基件,主板,20180403
002932.SZ,2932.0,*ST明德,湖北,医疗保健,主板,20180710
002933.SZ,2933.0,新兴装备,北京,航空,主板,20180828
002935.SZ,2935.0,天奥电子,四川,航空,主板,20180903
002936.SZ,2936.0,郑州银行,河南,银行,主板,20180919
002937.SZ,2937.0,兴瑞科技,浙江,元器件,主板,20180926
002938.SZ,2938.0,鹏鼎控股,深圳,元器件,主板,20180918
002939.SZ,2939.0,长城证券,深圳,证券,主板,20181026
002940.SZ,2940.0,昂利康,浙江,化学制药,主板,20181023
002941.SZ,2941.0,新疆交建,新疆,建筑工程,主板,20181128
002942.SZ,2942.0,新农股份,浙江,农药化肥,主板,20181205
002943.SZ,2943.0,宇晶股份,湖南,机床制造,主板,20181129
002945.SZ,2945.0,华林证券,西藏,证券,主板,20190117
002946.SZ,2946.0,新乳业,四川,乳制品,主板,20190125
002947.SZ,2947.0,恒铭达,江苏,元器件,主板,20190201
002948.SZ,2948.0,青岛银行,山东,银行,主板,20190116
002949.SZ,2949.0,华阳国际,深圳,建筑工程,主板,20190226
002950.SZ,2950.0,奥美医疗,湖北,医疗保健,主板,20190311
002951.SZ,2951.0,金时科技,四川,广告包装,主板,20190315
002952.SZ,2952.0,亚世光电,辽宁,元器件,主板,20190328
002953.SZ,2953.0,日丰股份,广东,电气设备,主板,20190509
002955.SZ,2955.0,鸿合科技,深圳,IT设备,主板,20190523
002956.SZ,2956.0,西麦食品,广西,食品,主板,20190619
002957.SZ,2957.0,科瑞技术,深圳,专用机械,主板,20190726
002958.SZ,2958.0,青农商行,山东,银行,主板,20190326
002959.SZ,2959.0,小熊电器,广东,家用电器,主板,20190823
002960.SZ,2960.0,青鸟智控,河北,专用机械,主板,20190809
002961.SZ,2961.0,瑞达期货,福建,多元金融,主板,20190905
002962.SZ,2962.0,五方光电,湖北,元器件,主板,20190917
002963.SZ,2963.0,豪尔赛,北京,装修装饰,主板,20191028
002965.SZ,2965.0,祥鑫科技,广东,汽车配件,主板,20191025
002966.SZ,2966.0,苏州银行,江苏,银行,主板,20190802
002967.SZ,2967.0,广电计量,广东,电器仪表,主板,20191108
002968.SZ,2968.0,新大正,重庆,房产服务,主板,20191203
002969.SZ,2969.0,嘉美包装,安徽,广告包装,主板,20191202
002970.SZ,2970.0,锐明技术,深圳,IT设备,主板,20191217
002971.SZ,2971.0,和远气体,湖北,化工原料,主板,20200113
002972.SZ,2972.0,科安达,深圳,运输设备,主板,20191227
002973.SZ,2973.0,侨银股份,广东,环境保护,主板,20200106
002975.SZ,2975.0,博杰股份,广东,专用机械,主板,20200205
002976.SZ,2976.0,瑞玛精密,江苏,汽车配件,主板,20200306
002977.SZ,2977.0,*ST天箭,四川,通信设备,主板,20200317
002978.SZ,2978.0,安宁股份,四川,小金属,主板,20200417
002979.SZ,2979.0,雷赛智能,深圳,专用机械,主板,20200408
002980.SZ,2980.0,华盛昌,深圳,电器仪表,主板,20200415
002981.SZ,2981.0,朝阳科技,广东,元器件,主板,20200417
002982.SZ,2982.0,湘佳股份,湖南,农业综合,主板,20200424
002983.SZ,2983.0,芯瑞达,安徽,元器件,主板,20200428
002984.SZ,2984.0,森麒麟,山东,汽车配件,主板,20200911
002985.SZ,2985.0,北摩高科,北京,航空,主板,20200429
002986.SZ,2986.0,宇新股份,广东,化工原料,主板,20200602
002987.SZ,2987.0,京北方,北京,软件服务,主板,20200507
002988.SZ,2988.0,豪美新材,广东,铝,主板,20200518
002989.SZ,2989.0,中天精装,深圳,装修装饰,主板,20200610
002990.SZ,2990.0,盛视科技,深圳,软件服务,主板,20200525
002991.SZ,2991.0,甘源食品,江西,食品,主板,20200731
002992.SZ,2992.0,宝明科技,深圳,元器件,主板,20200803
002993.SZ,2993.0,奥海科技,广东,元器件,主板,20200817
002995.SZ,2995.0,天地在线,北京,互联网,主板,20200805
002996.SZ,2996.0,顺博合金,重庆,铝,主板,20200828
002997.SZ,2997.0,瑞鹄模具,安徽,汽车配件,主板,20200903
002998.SZ,2998.0,优彩资源,江苏,化纤,主板,20200925
002999.SZ,2999.0,天禾股份,广东,批发业,主板,20200903
003000.SZ,3000.0,劲仔食品,湖南,食品,主板,20200914
003001.SZ,3001.0,中岩大地,北京,建筑工程,主板,20201013
003002.SZ,3002.0,壶化股份,山西,化工原料,主板,20200922
003003.SZ,3003.0,天元股份,广东,广告包装,主板,20200921
003004.SZ,3004.0,声迅股份,北京,IT设备,主板,20201126
003005.SZ,3005.0,竞业达,北京,软件服务,主板,20200922
003006.SZ,3006.0,百亚股份,重庆,造纸,主板,20200921
003007.SZ,3007.0,直真科技,北京,软件服务,主板,20200923
003008.SZ,3008.0,开普检测,河南,电气设备,主板,20200923
003009.SZ,3009.0,中天火箭,陕西,航空,主板,20200925
003010.SZ,3010.0,若羽臣,广东,互联网,主板,20200925
003011.SZ,3011.0,海象新材,浙江,家居用品,主板,20200930
003012.SZ,3012.0,东鹏控股,广东,陶瓷,主板,20201019
003013.SZ,3013.0,地铁设计,广东,建筑工程,主板,20201022
003015.SZ,3015.0,日久光电,江苏,元器件,主板,20201021
003016.SZ,3016.0,欣贺股份,福建,服饰,主板,20201026
003017.SZ,3017.0,大洋生物,浙江,化工原料,主板,20201026
003018.SZ,3018.0,金富科技,广东,塑料,主板,20201106
003019.SZ,3019.0,宸展光电,福建,元器件,主板,20201117
003020.SZ,3020.0,立方制药,安徽,化学制药,主板,20201215
003021.SZ,3021.0,兆威机电,深圳,元器件,主板,20201204
003022.SZ,3022.0,联泓新科,山东,化工原料,主板,20201208
003023.SZ,3023.0,彩虹集团,四川,家用电器,主板,20201211
003025.SZ,3025.0,思进智能,浙江,机床制造,主板,20201211
003026.SZ,3026.0,中晶科技,浙江,半导体,主板,20201218
003027.SZ,3027.0,同兴科技,安徽,环境保护,主板,20201218
003028.SZ,3028.0,振邦智能,深圳,元器件,主板,20201228
003029.SZ,3029.0,吉大正元,吉林,软件服务,主板,20201224
003030.SZ,3030.0,祖名股份,浙江,食品,主板,20210106
003031.SZ,3031.0,中瓷电子,河北,元器件,主板,20210104
003032.SZ,3032.0,传智教育,江苏,文教休闲,主板,20210112
003033.SZ,3033.0,征和工业,山东,汽车配件,主板,20210111
003035.SZ,3035.0,南网能源,广东,新型电力,主板,20210119
003036.SZ,3036.0,泰坦股份,浙江,纺织机械,主板,20210128
003037.SZ,3037.0,三和管桩,广东,水泥,主板,20210204
003038.SZ,3038.0,鑫铂股份,安徽,铝,主板,20210210
003039.SZ,3039.0,顺控发展,广东,水务,主板,20210308
003040.SZ,3040.0,楚天龙,广东,通信设备,主板,20210322
003041.SZ,3041.0,真爱美家,浙江,纺织,主板,20210406
003042.SZ,3042.0,中农联合,山东,农药化肥,主板,20210406
003043.SZ,3043.0,华亚智能,江苏,半导体,主板,20210406
003816.SZ,3816.0,中国广核,深圳,新型电力,主板,20190826
300001.SZ,300001.0,特锐德,山东,电气设备,创业板,20091030
300002.SZ,300002.0,神州泰岳,北京,互联网,创业板,20091030
300003.SZ,300003.0,乐普医疗,北京,医疗保健,创业板,20091030
300004.SZ,300004.0,南风股份,广东,电气设备,创业板,20091030
300005.SZ,300005.0,探路者,北京,服饰,创业板,20091030
300006.SZ,300006.0,莱美药业,重庆,化学制药,创业板,20091030
300007.SZ,300007.0,汉威科技,河南,电器仪表,创业板,20091030
300008.SZ,300008.0,天海防务,上海,船舶,创业板,20091030
300009.SZ,300009.0,安科生物,安徽,生物制药,创业板,20091030
300010.SZ,300010.0,ST豆神,北京,软件服务,创业板,20091030
300011.SZ,300011.0,鼎汉技术,北京,运输设备,创业板,20091030
300012.SZ,300012.0,华测检测,深圳,电器仪表,创业板,20091030
300013.SZ,300013.0,新宁物流,河南,仓储物流,创业板,20091030
300014.SZ,300014.0,亿纬锂能,广东,电气设备,创业板,20091030
300015.SZ,300015.0,爱尔眼科,湖南,医疗保健,创业板,20091030
300016.SZ,300016.0,北陆药业,北京,化学制药,创业板,20091030
300017.SZ,300017.0,网宿科技,上海,软件服务,创业板,20091030
300018.SZ,300018.0,中元股份,湖北,电气设备,创业板,20091030
300019.SZ,300019.0,硅宝科技,四川,化工原料,创业板,20091030
300020.SZ,300020.0,ST银江,浙江,软件服务,创业板,20091030
300021.SZ,300021.0,大禹节水,甘肃,建筑工程,创业板,20091030
300022.SZ,300022.0,吉峰科技,四川,农用机械,创业板,20091030
300024.SZ,300024.0,机器人,辽宁,专用机械,创业板,20091030
300025.SZ,300025.0,华星创业,浙江,通信设备,创业板,20091030
300026.SZ,300026.0,红日药业,天津,中成药,创业板,20091030
300027.SZ,300027.0,ST华谊,浙江,影视音像,创业板,20091030
300030.SZ,300030.0,阳普医疗,广东,医疗保健,创业板,20091225
300031.SZ,300031.0,宝通科技,江苏,互联网,创业板,20091225
300032.SZ,300032.0,金龙机电,浙江,元器件,创业板,20091225
300033.SZ,300033.0,同花顺,浙江,软件服务,创业板,20091225
300034.SZ,300034.0,钢研高纳,北京,航空,创业板,20091225
300035.SZ,300035.0,中科电气,湖南,电气设备,创业板,20091225
300036.SZ,300036.0,超图软件,北京,软件服务,创业板,20091225
300037.SZ,300037.0,新宙邦,深圳,化工原料,创业板,20100108
300039.SZ,300039.0,上海凯宝,上海,中成药,创业板,20100108
300040.SZ,300040.0,九洲集团,黑龙江,新型电力,创业板,20100108
300041.SZ,300041.0,回天新材,湖北,化工原料,创业板,20100108
300042.SZ,300042.0,朗科科技,深圳,IT设备,创业板,20100108
300043.SZ,300043.0,星辉娱乐,广东,互联网,创业板,20100120
300044.SZ,300044.0,*ST赛为,深圳,软件服务,创业板,20100120
300045.SZ,300045.0,华力创通,北京,IT设备,创业板,20100120
300046.SZ,300046.0,台基股份,湖北,半导体,创业板,20100120
300047.SZ,300047.0,天源迪科,深圳,软件服务,创业板,20100120
300048.SZ,300048.0,合康新能,北京,建筑工程,创业板,20100120
300049.SZ,300049.0,福瑞医科,内蒙,医疗保健,创业板,20100120
300050.SZ,300050.0,世纪鼎利,广东,通信设备,创业板,20100120
300051.SZ,300051.0,琏升科技,江苏,综合类,创业板,20100211
300052.SZ,300052.0,中青宝,深圳,互联网,创业板,20100211
300053.SZ,300053.0,航宇微,广东,半导体,创业板,20100211
300054.SZ,300054.0,鼎龙股份,湖北,化工原料,创业板,20100211
300055.SZ,300055.0,万邦达,北京,石油加工,创业板,20100226
300056.SZ,300056.0,中创环保,福建,环境保护,创业板,20100226
300057.SZ,300057.0,万顺新材,广东,铝,创业板,20100226
300058.SZ,300058.0,蓝色光标,北京,广告包装,创业板,20100226
300059.SZ,300059.0,东方财富,上海,证券,创业板,20100319
300061.SZ,300061.0,旗天科技,上海,互联网,创业板,20100319
300062.SZ,300062.0,中能电气,福建,电气设备,创业板,20100319
300063.SZ,300063.0,天龙集团,广东,互联网,创业板,20100326
300065.SZ,300065.0,海兰信,北京,船舶,创业板,20100326
300066.SZ,300066.0,三川智慧,江西,电器仪表,创业板,20100326
300067.SZ,300067.0,安诺其,上海,染料涂料,创业板,20100421
300068.SZ,300068.0,ST南都,浙江,电气设备,创业板,20100421
300069.SZ,300069.0,金利华电,山西,电气设备,创业板,20100421
300070.SZ,300070.0,碧水源,北京,环境保护,创业板,20100421
300071.SZ,300071.0,福石控股,北京,广告包装,创业板,20100421
300072.SZ,300072.0,海新能科,北京,化工原料,创业板,20100427
300073.SZ,300073.0,当升科技,北京,电气设备,创业板,20100427
300074.SZ,300074.0,华平股份,上海,软件服务,创业板,20100427
300075.SZ,300075.0,数字政通,北京,软件服务,创业板,20100427
300076.SZ,300076.0,*ST宁视,浙江,IT设备,创业板,20100430
300077.SZ,300077.0,国民技术,深圳,半导体,创业板,20100430
300078.SZ,300078.0,思创智联,浙江,软件服务,创业板,20100430
300079.SZ,300079.0,数码视讯,北京,IT设备,创业板,20100430
300080.SZ,300080.0,易成新能,河南,电气设备,创业板,20100625
300081.SZ,300081.0,ST恒信,北京,文教休闲,创业板,20100520
300082.SZ,300082.0,奥克股份,辽宁,化工原料,创业板,20100520
300083.SZ,300083.0,创世纪,广东,机床制造,创业板,20100520
300084.SZ,300084.0,海默科技,甘肃,专用机械,创业板,20100520
300085.SZ,300085.0,银之杰,深圳,软件服务,创业板,20100526
300086.SZ,300086.0,康芝药业,海南,化学制药,创业板,20100526
300087.SZ,300087.0,ST荃银,安徽,种植业,创业板,20100526
300088.SZ,300088.0,长信科技,安徽,元器件,创业板,20100526
300091.SZ,300091.0,*ST金灵,江苏,机械基件,创业板,20100625
300092.SZ,300092.0,科新机电,四川,专用机械,创业板,20100708
300093.SZ,300093.0,金刚光伏,甘肃,电气设备,创业板,20100708
300094.SZ,300094.0,国联水产,广东,渔业,创业板,20100708
300095.SZ,300095.0,华伍股份,江西,专用机械,创业板,20100728
300096.SZ,300096.0,ST易联众,福建,软件服务,创业板,20100728
300097.SZ,300097.0,智云股份,辽宁,专用机械,创业板,20100728
300098.SZ,300098.0,高新兴,广东,软件服务,创业板,20100728
300099.SZ,300099.0,尤洛卡,山东,电器仪表,创业板,20100806
300100.SZ,300100.0,双林股份,浙江,汽车配件,创业板,20100806
300101.SZ,300101.0,振芯科技,四川,通信设备,创业板,20100806
300102.SZ,300102.0,乾照光电,福建,半导体,创业板,20100812
300103.SZ,300103.0,达刚控股,陕西,专用机械,创业板,20100812
300105.SZ,300105.0,龙源技术,山东,环境保护,创业板,20100820
300106.SZ,300106.0,西部牧业,新疆,乳制品,创业板,20100820
300107.SZ,300107.0,建新股份,河北,化工原料,创业板,20100820
300109.SZ,300109.0,新开源,河南,化工原料,创业板,20100825
300110.SZ,300110.0,华仁药业,山东,化学制药,创业板,20100825
300111.SZ,300111.0,向日葵,浙江,化学制药,创业板,20100827
300112.SZ,300112.0,万讯自控,深圳,电器仪表,创业板,20100827
300113.SZ,300113.0,顺网科技,浙江,互联网,创业板,20100827
300115.SZ,300115.0,长盈精密,深圳,元器件,创业板,20100902
300118.SZ,300118.0,东方日升,浙江,电气设备,创业板,20100902
300119.SZ,300119.0,瑞普生物,天津,农业综合,创业板,20100917
300120.SZ,300120.0,经纬辉开,天津,元器件,创业板,20100917
300121.SZ,300121.0,阳谷华泰,山东,化工原料,创业板,20100917
300122.SZ,300122.0,智飞生物,重庆,生物制药,创业板,20100928
300123.SZ,300123.0,ST亚光,湖南,半导体,创业板,20100928
300124.SZ,300124.0,汇川技术,深圳,电器仪表,创业板,20100928
300125.SZ,300125.0,*ST聆达,辽宁,电气设备,创业板,20101013
300126.SZ,300126.0,锐奇股份,上海,轻工机械,创业板,20101013
300127.SZ,300127.0,银河磁体,四川,矿物制品,创业板,20101013
300128.SZ,300128.0,锦富技术,江苏,元器件,创业板,20101013
300129.SZ,300129.0,泰胜风能,上海,电气设备,创业板,20101019
300130.SZ,300130.0,新国都,深圳,IT设备,创业板,20101019
300131.SZ,300131.0,英唐智控,深圳,元器件,创业板,20101019
300132.SZ,300132.0,青松股份,福建,化工原料,创业板,20101026
300133.SZ,300133.0,华策影视,浙江,影视音像,创业板,20101026
300134.SZ,300134.0,大富科技,安徽,通信设备,创业板,20101026
300135.SZ,300135.0,宝利国际,江苏,石油加工,创业板,20101026
300136.SZ,300136.0,信维通信,深圳,元器件,创业板,20101105
300137.SZ,300137.0,先河环保,河北,环境保护,创业板,20101105
300138.SZ,300138.0,晨光生物,河北,食品,创业板,20101105
300139.SZ,300139.0,晓程科技,北京,黄金,创业板,20101112
300140.SZ,300140.0,节能环境,陕西,环境保护,创业板,20101112
300141.SZ,300141.0,和顺电气,江苏,电气设备,创业板,20101112
300142.SZ,300142.0,沃森生物,云南,生物制药,创业板,20101112
300143.SZ,300143.0,盈康生命,山东,医疗保健,创业板,20101209
300144.SZ,300144.0,宋城演艺,浙江,旅游景点,创业板,20101209
300145.SZ,300145.0,南方泵业,浙江,机械基件,创业板,20101209
300146.SZ,300146.0,汤臣倍健,广东,食品,创业板,20101215
300147.SZ,300147.0,*ST香雪,广东,中成药,创业板,20101215
300148.SZ,300148.0,天舟文化,湖南,出版业,创业板,20101215
300149.SZ,300149.0,睿智医药,广东,生物制药,创业板,20101222
300150.SZ,300150.0,世纪瑞尔,北京,软件服务,创业板,20101222
300151.SZ,300151.0,昌红科技,深圳,专用机械,创业板,20101222
300152.SZ,300152.0,*ST动力,河北,环境保护,创业板,20101229
300153.SZ,300153.0,科泰电源,上海,电气设备,创业板,20101229
300154.SZ,300154.0,瑞凌股份,深圳,机械基件,创业板,20101229
300155.SZ,300155.0,安居宝,广东,IT设备,创业板,20110107
300157.SZ,300157.0,新锦动力,北京,专用机械,创业板,20110107
300158.SZ,300158.0,振东制药,山西,化学制药,创业板,20110107
300159.SZ,300159.0,新研股份,新疆,农用机械,创业板,20110107
300160.SZ,300160.0,秀强股份,江苏,家用电器,创业板,20110113
300161.SZ,300161.0,华中数控,湖北,机床制造,创业板,20110113
300162.SZ,300162.0,雷曼光电,深圳,元器件,创业板,20110113
300163.SZ,300163.0,先锋新材,浙江,家居用品,创业板,20110113
300164.SZ,300164.0,通源石油,陕西,石油开采,创业板,20110113
300165.SZ,300165.0,天瑞仪器,江苏,电器仪表,创业板,20110125
300166.SZ,300166.0,东方国信,北京,软件服务,创业板,20110125
300167.SZ,300167.0,ST迪威迅,深圳,软件服务,创业板,20110125
300168.SZ,300168.0,万达信息,上海,软件服务,创业板,20110125
300169.SZ,300169.0,天晟新材,江苏,塑料,创业板,20110125
300170.SZ,300170.0,汉得信息,上海,软件服务,创业板,20110201
300171.SZ,300171.0,东富龙,上海,医疗保健,创业板,20110201
300172.SZ,300172.0,中电环保,江苏,环境保护,创业板,20110201
300173.SZ,300173.0,ST福能,广东,轻工机械,创业板,20110201
300174.SZ,300174.0,元力股份,福建,化工原料,创业板,20110201
300175.SZ,300175.0,朗源股份,山东,食品,创业板,20110215
300176.SZ,300176.0,鸿特科技,广东,汽车配件,创业板,20110215
300177.SZ,300177.0,中海达,广东,通信设备,创业板,20110215
300179.SZ,300179.0,四方达,河南,矿物制品,创业板,20110215
300180.SZ,300180.0,华峰超纤,上海,化纤,创业板,20110222
300181.SZ,300181.0,佐力药业,浙江,中成药,创业板,20110222
300182.SZ,300182.0,捷成股份,北京,影视音像,创业板,20110222
300183.SZ,300183.0,东软载波,山东,通信设备,创业板,20110222
300184.SZ,300184.0,力源信息,湖北,元器件,创业板,20110222
300185.SZ,300185.0,通裕重工,山东,工程机械,创业板,20110308
300187.SZ,300187.0,永清环保,湖南,环境保护,创业板,20110308
300188.SZ,300188.0,国投智能,福建,软件服务,创业板,20110316
300189.SZ,300189.0,神农种业,海南,种植业,创业板,20110316
300190.SZ,300190.0,维尔利,江苏,环境保护,创业板,20110316
300191.SZ,300191.0,潜能恒信,北京,石油开采,创业板,20110316
300192.SZ,300192.0,科德教育,江苏,文教休闲,创业板,20110322
300193.SZ,300193.0,佳士科技,深圳,专用机械,创业板,20110322
300194.SZ,300194.0,福安药业,重庆,化学制药,创业板,20110322
300195.SZ,300195.0,长荣股份,天津,轻工机械,创业板,20110329
300196.SZ,300196.0,长海股份,江苏,玻璃,创业板,20110329
300197.SZ,300197.0,节能铁汉,深圳,环境保护,创业板,20110329
300198.SZ,300198.0,*ST纳川,福建,塑料,创业板,20110407
300199.SZ,300199.0,翰宇药业,深圳,化学制药,创业板,20110407
300200.SZ,300200.0,高盟新材,北京,化工原料,创业板,20110407
300201.SZ,300201.0,海伦哲,江苏,工程机械,创业板,20110407
300203.SZ,300203.0,聚光科技,浙江,电器仪表,创业板,20110415
300204.SZ,300204.0,舒泰神,北京,生物制药,创业板,20110415
300205.SZ,300205.0,*ST天喻,湖北,通信设备,创业板,20110421
300206.SZ,300206.0,理邦仪器,深圳,医疗保健,创业板,20110421
300207.SZ,300207.0,欣旺达,深圳,电气设备,创业板,20110421
300209.SZ,300209.0,行云科技,湖南,互联网,创业板,20110426
300210.SZ,300210.0,森远股份,辽宁,专用机械,创业板,20110426
300211.SZ,300211.0,*ST亿通,江苏,通信设备,创业板,20110505
300212.SZ,300212.0,*ST易录,北京,软件服务,创业板,20110505
300213.SZ,300213.0,佳讯飞鸿,北京,通信设备,创业板,20110505
300214.SZ,300214.0,日科化学,山东,化工原料,创业板,20110511
300215.SZ,300215.0,电科院,江苏,电气设备,创业板,20110511
300217.SZ,300217.0,东方电热,江苏,家用电器,创业板,20110518
300218.SZ,300218.0,安利股份,安徽,塑料,创业板,20110518
300219.SZ,300219.0,鸿利智汇,广东,元器件,创业板,20110518
300220.SZ,300220.0,金运激光,湖北,专用机械,创业板,20110525
300221.SZ,300221.0,银禧科技,广东,塑料,创业板,20110525
300222.SZ,300222.0,科大智能,上海,电气设备,创业板,20110525
300223.SZ,300223.0,北京君正,北京,半导体,创业板,20110531
300224.SZ,300224.0,正海磁材,山东,矿物制品,创业板,20110531
300225.SZ,300225.0,金力泰,上海,染料涂料,创业板,20110531
300226.SZ,300226.0,上海钢联,上海,互联网,创业板,20110608
300227.SZ,300227.0,光韵达,深圳,专用机械,创业板,20110608
300228.SZ,300228.0,富瑞特装,江苏,化工机械,创业板,20110608
300229.SZ,300229.0,拓尔思,北京,软件服务,创业板,20110615
300230.SZ,300230.0,永利股份,上海,塑料,创业板,20110615
300231.SZ,300231.0,银信科技,北京,软件服务,创业板,20110615
300232.SZ,300232.0,洲明科技,深圳,元器件,创业板,20110622
300233.SZ,300233.0,金城医药,山东,化学制药,创业板,20110622
300234.SZ,300234.0,开尔新材,浙江,陶瓷,创业板,20110622
300235.SZ,300235.0,方直科技,深圳,软件服务,创业板,20110629
300236.SZ,300236.0,上海新阳,上海,半导体,创业板,20110629
300237.SZ,300237.0,ST美晨,山东,汽车配件,创业板,20110629
300238.SZ,300238.0,冠昊生物,广东,医疗保健,创业板,20110706
300239.SZ,300239.0,东宝生物,内蒙,生物制药,创业板,20110706
300240.SZ,300240.0,飞力达,江苏,仓储物流,创业板,20110706
300241.SZ,300241.0,瑞丰光电,深圳,半导体,创业板,20110712
300242.SZ,300242.0,佳云科技,广东,互联网,创业板,20110712
300243.SZ,300243.0,瑞丰高材,山东,化工原料,创业板,20110712
300244.SZ,300244.0,迪安诊断,浙江,医疗保健,创业板,20110719
300245.SZ,300245.0,ST天玑,上海,软件服务,创业板,20110719
300246.SZ,300246.0,宝莱特,广东,医疗保健,创业板,20110719
300247.SZ,300247.0,融捷健康,安徽,医疗保健,创业板,20110729
300248.SZ,300248.0,新开普,河南,软件服务,创业板,20110729
300249.SZ,300249.0,依米康,四川,IT设备,创业板,20110803
300250.SZ,300250.0,初灵信息,浙江,软件服务,创业板,20110803
300251.SZ,300251.0,光线传媒,北京,影视音像,创业板,20110803
300252.SZ,300252.0,金信诺,深圳,通信设备,创业板,20110818
300253.SZ,300253.0,卫宁健康,上海,软件服务,创业板,20110818
300254.SZ,300254.0,仟源医药,山西,化学制药,创业板,20110819
300255.SZ,300255.0,常山药业,河北,生物制药,创业板,20110819
300256.SZ,300256.0,星星科技,江西,摩托车,创业板,20110819
300257.SZ,300257.0,开山股份,上海,机械基件,创业板,20110819
300258.SZ,300258.0,精锻科技,江苏,汽车配件,创业板,20110826
300259.SZ,300259.0,新天科技,河南,电器仪表,创业板,20110831
300260.SZ,300260.0,新莱应材,江苏,机械基件,创业板,20110906
300261.SZ,300261.0,雅本化学,江苏,农药化肥,创业板,20110906
300263.SZ,300263.0,隆华科技,河南,专用机械,创业板,20110916
300264.SZ,300264.0,佳创视讯,深圳,软件服务,创业板,20110916
300265.SZ,300265.0,通光线缆,江苏,电气设备,创业板,20110916
300266.SZ,300266.0,兴源环境,浙江,环境保护,创业板,20110927
300267.SZ,300267.0,尔康制药,湖南,化学制药,创业板,20110927
300268.SZ,300268.0,佳沃食品,湖南,农业综合,创业板,20110927
300269.SZ,300269.0,联建光电,深圳,元器件,创业板,20111012
300270.SZ,300270.0,中威电子,浙江,IT设备,创业板,20111012
300271.SZ,300271.0,华宇软件,北京,软件服务,创业板,20111026
300272.SZ,300272.0,开能健康,上海,家用电器,创业板,20111102
300274.SZ,300274.0,阳光电源,安徽,电气设备,创业板,20111102
300275.SZ,300275.0,梅安森,重庆,工程机械,创业板,20111102
300276.SZ,300276.0,三丰智能,湖北,专用机械,创业板,20111115
300277.SZ,300277.0,汽轮科技,浙江,机械基件,创业板,20111123
300278.SZ,300278.0,华昌达,湖北,专用机械,创业板,20111216
300279.SZ,300279.0,和晶科技,江苏,元器件,创业板,20111229
300281.SZ,300281.0,金明精机,广东,专用机械,创业板,20111229
300283.SZ,300283.0,温州宏丰,浙江,电气设备,创业板,20120110
300284.SZ,300284.0,苏交科,江苏,建筑工程,创业板,20120110
300285.SZ,300285.0,国瓷材料,山东,陶瓷,创业板,20120113
300286.SZ,300286.0,安科瑞,上海,电器仪表,创业板,20120113
300287.SZ,300287.0,飞利信,北京,软件服务,创业板,20120201
300288.SZ,300288.0,朗玛信息,贵州,软件服务,创业板,20120216
300289.SZ,300289.0,利德曼,北京,医疗保健,创业板,20120216
300290.SZ,300290.0,ST荣科,辽宁,软件服务,创业板,20120216
300291.SZ,300291.0,百纳千成,北京,影视音像,创业板,20120209
300292.SZ,300292.0,吴通控股,江苏,互联网,创业板,20120229
300293.SZ,300293.0,蓝英装备,辽宁,专用机械,创业板,20120308
300294.SZ,300294.0,博雅生物,江西,生物制药,创业板,20120308
300295.SZ,300295.0,*ST三六五,江苏,互联网,创业板,20120315
300296.SZ,300296.0,利亚德,北京,元器件,创业板,20120315
300298.SZ,300298.0,三诺生物,湖南,医疗保健,创业板,20120319
300299.SZ,300299.0,富春股份,福建,互联网,创业板,20120319
300300.SZ,300300.0,海峡创新,福建,软件服务,创业板,20120319
300301.SZ,300301.0,ST长方,深圳,半导体,创业板,20120321
300302.SZ,300302.0,同有科技,北京,IT设备,创业板,20120321
300303.SZ,300303.0,聚飞光电,深圳,半导体,创业板,20120319
300304.SZ,300304.0,云意电气,江苏,汽车配件,创业板,20120321
300305.SZ,300305.0,裕兴股份,江苏,塑料,创业板,20120329
300306.SZ,300306.0,远方信息,浙江,电器仪表,创业板,20120329
300307.SZ,300307.0,慈星股份,浙江,纺织机械,创业板,20120329
300308.SZ,300308.0,中际旭创,山东,通信设备,创业板,20120410
300310.SZ,300310.0,宜通世纪,广东,通信设备,创业板,20120425
300311.SZ,300311.0,ST任子行,深圳,软件服务,创业板,20120425
300313.SZ,300313.0,天山生物,新疆,农业综合,创业板,20120425
300314.SZ,300314.0,戴维医疗,浙江,医疗保健,创业板,20120508
300315.SZ,300315.0,掌趣科技,北京,互联网,创业板,20120511
300316.SZ,300316.0,晶盛机电,浙江,专用机械,创业板,20120511
300317.SZ,300317.0,珈伟新能,深圳,电气设备,创业板,20120511
300318.SZ,300318.0,博晖创新,北京,医疗保健,创业板,20120523
300319.SZ,300319.0,麦捷科技,深圳,元器件,创业板,20120523
300320.SZ,300320.0,海达股份,江苏,橡胶,创业板,20120601
300321.SZ,300321.0,同大股份,山东,塑料,创业板,20120523
300322.SZ,300322.0,硕贝德,广东,元器件,创业板,20120608
300323.SZ,300323.0,华灿光电,湖北,半导体,创业板,20120601
300324.SZ,300324.0,旋极信息,北京,软件服务,创业板,20120608
300326.SZ,300326.0,ST凯利,上海,医疗保健,创业板,20120613
300327.SZ,300327.0,中颖电子,上海,半导体,创业板,20120613
300328.SZ,300328.0,宜安科技,广东,小金属,创业板,20120619
300329.SZ,300329.0,海伦钢琴,浙江,文教休闲,创业板,20120619
300331.SZ,300331.0,苏大维格,江苏,元器件,创业板,20120628
300332.SZ,300332.0,天壕能源,北京,供气供热,创业板,20120628
300333.SZ,300333.0,兆日科技,深圳,IT设备,创业板,20120628
300334.SZ,300334.0,津膜科技,天津,专用机械,创业板,20120705
300335.SZ,300335.0,迪森股份,广东,供气供热,创业板,20120710
300337.SZ,300337.0,银邦股份,江苏,铝,创业板,20120718
300338.SZ,300338.0,*ST开元,湖南,文教休闲,创业板,20120726
300339.SZ,300339.0,润和软件,江苏,软件服务,创业板,20120718
300340.SZ,300340.0,科恒股份,广东,电气设备,创业板,20120726
300341.SZ,300341.0,麦克奥迪,福建,电气设备,创业板,20120726
300342.SZ,300342.0,天银机电,江苏,家用电器,创业板,20120726
300343.SZ,300343.0,联创股份,山东,化工原料,创业板,20120801
300345.SZ,300345.0,华民股份,湖南,电气设备,创业板,20120801
300346.SZ,300346.0,南大光电,江苏,半导体,创业板,20120807
300347.SZ,300347.0,泰格医药,浙江,医疗保健,创业板,20120817
300348.SZ,300348.0,长亮科技,深圳,软件服务,创业板,20120817
300349.SZ,300349.0,金卡智能,浙江,电器仪表,创业板,20120817
300350.SZ,300350.0,华鹏飞,深圳,仓储物流,创业板,20120821
300351.SZ,300351.0,永贵电器,浙江,运输设备,创业板,20120920
300352.SZ,300352.0,ST信源,北京,软件服务,创业板,20120912
300353.SZ,300353.0,东土科技,北京,通信设备,创业板,20120927
300354.SZ,300354.0,东华测试,江苏,电器仪表,创业板,20120920
300355.SZ,300355.0,蒙草生态,内蒙,环境保护,创业板,20120927
300357.SZ,300357.0,我武生物,浙江,生物制药,创业板,20140121
300358.SZ,300358.0,楚天科技,湖南,医疗保健,创业板,20140121
300359.SZ,300359.0,全通教育,广东,文教休闲,创业板,20140121
300360.SZ,300360.0,炬华科技,浙江,电器仪表,创业板,20140121
300363.SZ,300363.0,博腾股份,重庆,化学制药,创业板,20140129
300364.SZ,300364.0,中文在线,北京,出版业,创业板,20150121
300365.SZ,300365.0,恒华科技,北京,软件服务,创业板,20140123
300366.SZ,300366.0,ST创意,四川,软件服务,创业板,20140127
300368.SZ,300368.0,汇金股份,河北,IT设备,创业板,20140123
300369.SZ,300369.0,绿盟科技,北京,软件服务,创业板,20140129
300370.SZ,300370.0,安控科技,四川,电器仪表,创业板,20140123
300371.SZ,300371.0,汇中股份,河北,电器仪表,创业板,20140123
300373.SZ,300373.0,扬杰科技,江苏,半导体,创业板,20140123
300374.SZ,300374.0,中铁装配,北京,其他建材,创业板,20150319
300375.SZ,300375.0,鹏翎股份,天津,汽车配件,创业板,20140127
300376.SZ,300376.0,易事特,广东,电气设备,创业板,20140127
300377.SZ,300377.0,赢时胜,深圳,软件服务,创业板,20140127
300378.SZ,300378.0,鼎捷数智,上海,软件服务,创业板,20140127
300380.SZ,300380.0,安硕信息,上海,软件服务,创业板,20140128
300381.SZ,300381.0,溢多利,广东,化学制药,创业板,20140128
300382.SZ,300382.0,斯莱克,江苏,专用机械,创业板,20140129
300383.SZ,300383.0,光环新网,北京,软件服务,创业板,20140129
300384.SZ,300384.0,三联虹普,北京,建筑工程,创业板,20140801
300385.SZ,300385.0,ST雪浪,江苏,环境保护,创业板,20140626
300386.SZ,300386.0,飞天诚信,北京,IT设备,创业板,20140626
300387.SZ,300387.0,富邦科技,湖北,农药化肥,创业板,20140702
300388.SZ,300388.0,节能国祯,安徽,环境保护,创业板,20140801
300389.SZ,300389.0,艾比森,深圳,元器件,创业板,20140801
300390.SZ,300390.0,天华新能,江苏,电气设备,创业板,20140731
300393.SZ,300393.0,中来股份,江苏,塑料,创业板,20140912
300394.SZ,300394.0,天孚通信,江苏,通信设备,创业板,20150217
300395.SZ,300395.0,菲利华,湖北,玻璃,创业板,20140910
300396.SZ,300396.0,ST迪瑞,吉林,医疗保健,创业板,20140910
300397.SZ,300397.0,天和防务,陕西,通信设备,创业板,20140910
300398.SZ,300398.0,飞凯材料,上海,化工原料,创业板,20141009
300399.SZ,300399.0,天利科技,江西,互联网,创业板,20141009
300400.SZ,300400.0,劲拓股份,深圳,专用机械,创业板,20141010
300401.SZ,300401.0,花园生物,浙江,化学制药,创业板,20141009
300402.SZ,300402.0,宝色股份,江苏,专用机械,创业板,20141010
300403.SZ,300403.0,汉宇集团,广东,家用电器,创业板,20141030
300404.SZ,300404.0,博济医药,广东,医疗保健,创业板,20150424
300405.SZ,300405.0,科隆股份,辽宁,化工原料,创业板,20141030
300406.SZ,300406.0,九强生物,北京,医疗保健,创业板,20141030
300407.SZ,300407.0,凯发电气,天津,电气设备,创业板,20141203
300408.SZ,300408.0,三环集团,广东,元器件,创业板,20141203
300409.SZ,300409.0,道氏技术,广东,电气设备,创业板,20141203
300410.SZ,300410.0,正业科技,广东,专用机械,创业板,20141231
300411.SZ,300411.0,金盾股份,浙江,专用机械,创业板,20141231
300412.SZ,300412.0,迦南科技,浙江,医疗保健,创业板,20141231
300413.SZ,300413.0,芒果超媒,湖南,影视音像,创业板,20150121
300414.SZ,300414.0,中光防雷,四川,通信设备,创业板,20150513
300415.SZ,300415.0,伊之密,广东,专用机械,创业板,20150123
300416.SZ,300416.0,苏试试验,江苏,电器仪表,创业板,20150122
300417.SZ,300417.0,南华仪器,广东,电器仪表,创业板,20150123
300418.SZ,300418.0,昆仑万维,北京,互联网,创业板,20150121
300419.SZ,300419.0,ST浩丰,北京,软件服务,创业板,20150122
300420.SZ,300420.0,五洋自控,江苏,机械基件,创业板,20150217
300421.SZ,300421.0,力星股份,江苏,机械基件,创业板,20150217
300422.SZ,300422.0,博世科,广西,环境保护,创业板,20150217
300423.SZ,300423.0,昇辉科技,山东,电气设备,创业板,20150217
300424.SZ,300424.0,航新科技,广东,航空,创业板,20150422
300425.SZ,300425.0,中建环能,四川,环境保护,创业板,20150216
300426.SZ,300426.0,华智数媒,浙江,影视音像,创业板,20150217
300427.SZ,300427.0,红相股份,福建,电气设备,创业板,20150217
300428.SZ,300428.0,立中集团,河北,汽车配件,创业板,20150319
300429.SZ,300429.0,强力新材,江苏,化工原料,创业板,20150324
300430.SZ,300430.0,*ST益通,北京,电器仪表,创业板,20150319
300432.SZ,300432.0,富临精工,四川,汽车配件,创业板,20150319
300433.SZ,300433.0,蓝思科技,湖南,元器件,创业板,20150318
300434.SZ,300434.0,金石亚药,四川,化学制药,创业板,20150424
300435.SZ,300435.0,中泰股份,浙江,供气供热,创业板,20150326
300436.SZ,300436.0,广生堂,福建,化学制药,创业板,20150422
300437.SZ,300437.0,清水源,河南,化工原料,创业板,20150423
300438.SZ,300438.0,鹏辉能源,广东,电气设备,创业板,20150424
300439.SZ,300439.0,美康生物,浙江,医疗保健,创业板,20150422
300440.SZ,300440.0,运达科技,四川,软件服务,创业板,20150423
300441.SZ,300441.0,鲍斯股份,浙江,机床制造,创业板,20150423
300442.SZ,300442.0,润泽科技,河北,软件服务,创业板,20150424
300443.SZ,300443.0,金雷股份,山东,电气设备,创业板,20150422
300444.SZ,300444.0,双杰电气,北京,电气设备,创业板,20150423
300445.SZ,300445.0,康斯特,北京,电器仪表,创业板,20150424
300446.SZ,300446.0,航天智造,河北,汽车配件,创业板,20150423
300447.SZ,300447.0,全信股份,江苏,电气设备,创业板,20150422
300448.SZ,300448.0,浩云科技,广东,软件服务,创业板,20150424
300449.SZ,300449.0,汉邦高科,北京,IT设备,创业板,20150422
300450.SZ,300450.0,先导智能,江苏,专用机械,创业板,20150518
300451.SZ,300451.0,创业慧康,浙江,软件服务,创业板,20150514
300452.SZ,300452.0,山河药辅,安徽,化学制药,创业板,20150515
300453.SZ,300453.0,三鑫医疗,江西,医疗保健,创业板,20150515
300454.SZ,300454.0,深信服,深圳,软件服务,创业板,20180516
300455.SZ,300455.0,航天智装,北京,IT设备,创业板,20150515
300456.SZ,300456.0,赛微电子,北京,半导体,创业板,20150514
300457.SZ,300457.0,赢合科技,深圳,专用机械,创业板,20150514
300458.SZ,300458.0,全志科技,广东,半导体,创业板,20150515
300459.SZ,300459.0,汤姆猫,浙江,互联网,创业板,20150515
300460.SZ,300460.0,ST惠伦,广东,元器件,创业板,20150515
300461.SZ,300461.0,田中精机,浙江,专用机械,创业板,20150519
300462.SZ,300462.0,ST华铭,上海,IT设备,创业板,20150527
300463.SZ,300463.0,迈克生物,四川,医疗保健,创业板,20150528
300464.SZ,300464.0,星徽股份,广东,机械基件,创业板,20150610
300465.SZ,300465.0,高伟达,北京,软件服务,创业板,20150528
300466.SZ,300466.0,赛摩智能,江苏,电器仪表,创业板,20150528
300467.SZ,300467.0,迅游科技,四川,互联网,创业板,20150527
300468.SZ,300468.0,四方精创,深圳,软件服务,创业板,20150527
300469.SZ,300469.0,信息发展,浙江,软件服务,创业板,20150611
300470.SZ,300470.0,中密控股,四川,机械基件,创业板,20150612
300471.SZ,300471.0,厚普股份,四川,专用机械,创业板,20150611
300472.SZ,300472.0,*ST新元,江西,专用机械,创业板,20150611
300473.SZ,300473.0,德尔股份,辽宁,汽车配件,创业板,20150612
300474.SZ,300474.0,景嘉微,湖南,元器件,创业板,20160331
300475.SZ,300475.0,香农芯创,安徽,元器件,创业板,20150610
300476.SZ,300476.0,胜宏科技,广东,元器件,创业板,20150611
300477.SZ,300477.0,ST合纵,北京,电气设备,创业板,20150610
300478.SZ,300478.0,杭州高新,浙江,塑料,创业板,20150610
300479.SZ,300479.0,神思电子,山东,软件服务,创业板,20150612
300480.SZ,300480.0,光力科技,河南,专用机械,创业板,20150702
300481.SZ,300481.0,濮阳惠成,河南,化工原料,创业板,20150630
300482.SZ,300482.0,万孚生物,广东,医疗保健,创业板,20150630
300483.SZ,300483.0,首华燃气,上海,石油开采,创业板,20150630
300484.SZ,300484.0,蓝海华腾,深圳,电气设备,创业板,20160322
300485.SZ,300485.0,赛升药业,北京,生物制药,创业板,20150626
300486.SZ,300486.0,东杰智能,山西,专用机械,创业板,20150630
300487.SZ,300487.0,蓝晓科技,陕西,化工原料,创业板,20150702
300488.SZ,300488.0,恒锋工具,浙江,机械基件,创业板,20150701
300489.SZ,300489.0,光智科技,浙江,专用机械,创业板,20150701
300490.SZ,300490.0,华自科技,湖南,专用机械,创业板,20151231
300491.SZ,300491.0,通合科技,河北,电气设备,创业板,20151231
300492.SZ,300492.0,华图山鼎,四川,文教休闲,创业板,20151223
300493.SZ,300493.0,润欣科技,上海,元器件,创业板,20151210
300494.SZ,300494.0,盛天网络,湖北,互联网,创业板,20151231
300496.SZ,300496.0,中科创达,北京,软件服务,创业板,20151210
300497.SZ,300497.0,富祥股份,江西,化学制药,创业板,20151222
300498.SZ,300498.0,温氏股份,广东,农业综合,创业板,20151102
300499.SZ,300499.0,高澜股份,广东,专用机械,创业板,20160202
300500.SZ,300500.0,启迪设计,江苏,建筑工程,创业板,20160204
300501.SZ,300501.0,海顺新材,上海,广告包装,创业板,20160204
300502.SZ,300502.0,新易盛,四川,通信设备,创业板,20160303
300503.SZ,300503.0,昊志机电,广东,机械基件,创业板,20160309
300504.SZ,300504.0,天邑股份,四川,通信设备,创业板,20180330
300505.SZ,300505.0,川金诺,云南,农药化肥,创业板,20160315
300506.SZ,300506.0,名家汇,深圳,建筑工程,创业板,20160324
300507.SZ,300507.0,苏奥传感,江苏,汽车配件,创业板,20160429
300508.SZ,300508.0,维宏股份,上海,软件服务,创业板,20160419
300509.SZ,300509.0,新美星,江苏,专用机械,创业板,20160425
300510.SZ,300510.0,金冠股份,吉林,电气设备,创业板,20160506
300511.SZ,300511.0,雪榕生物,上海,种植业,创业板,20160504
300512.SZ,300512.0,中亚股份,浙江,专用机械,创业板,20160526
300513.SZ,300513.0,恒实科技,北京,软件服务,创业板,20160530
300514.SZ,300514.0,友讯达,深圳,电器仪表,创业板,20170426
300515.SZ,300515.0,三德科技,湖南,电器仪表,创业板,20160608
300516.SZ,300516.0,久之洋,湖北,电器仪表,创业板,20160602
300517.SZ,300517.0,海波重科,湖北,建筑工程,创业板,20160719
300518.SZ,300518.0,新迅达,广西,互联网,创业板,20160624
300519.SZ,300519.0,新光药业,浙江,中成药,创业板,20160624
300520.SZ,300520.0,科大国创,安徽,软件服务,创业板,20160708
300521.SZ,300521.0,爱司凯,广东,专用机械,创业板,20160705
300522.SZ,300522.0,世名科技,江苏,染料涂料,创业板,20160705
300523.SZ,300523.0,辰安科技,北京,软件服务,创业板,20160726
300525.SZ,300525.0,博思软件,福建,软件服务,创业板,20160726
300527.SZ,300527.0,ST应急,湖北,专用机械,创业板,20160805
300528.SZ,300528.0,幸福蓝海,江苏,影视音像,创业板,20160808
300529.SZ,300529.0,健帆生物,广东,医疗保健,创业板,20160802
300530.SZ,300530.0,领湃科技,湖南,电气设备,创业板,20160809
300531.SZ,300531.0,优博讯,深圳,IT设备,创业板,20160809
300532.SZ,300532.0,今天国际,深圳,软件服务,创业板,20160818
300533.SZ,300533.0,冰川网络,深圳,互联网,创业板,20160818
300534.SZ,300534.0,陇神戎发,甘肃,中成药,创业板,20160913
300535.SZ,300535.0,达威股份,四川,化工原料,创业板,20160812
300536.SZ,300536.0,农尚环境,湖北,建筑工程,创业板,20160920
300537.SZ,300537.0,广信材料,江苏,染料涂料,创业板,20160830
300538.SZ,300538.0,同益股份,深圳,塑料,创业板,20160826
300539.SZ,300539.0,横河精密,浙江,塑料,创业板,20160830
300540.SZ,300540.0,蜀道装备,四川,专用机械,创业板,20160823
300541.SZ,300541.0,先进数通,北京,软件服务,创业板,20160913
300542.SZ,300542.0,新晨科技,北京,软件服务,创业板,20160920
300543.SZ,300543.0,朗科智能,深圳,元器件,创业板,20160908
300545.SZ,300545.0,联得装备,深圳,专用机械,创业板,20160928
300546.SZ,300546.0,雄帝科技,深圳,IT设备,创业板,20160928
300547.SZ,300547.0,川环科技,四川,汽车配件,创业板,20160930
300548.SZ,300548.0,长芯博创,浙江,通信设备,创业板,20161012
300549.SZ,300549.0,优德精密,江苏,专用机械,创业板,20160930
300550.SZ,300550.0,和仁科技,浙江,软件服务,创业板,20161018
300551.SZ,300551.0,古鳌科技,上海,软件服务,创业板,20161018
300552.SZ,300552.0,万集科技,北京,IT设备,创业板,20161021
300553.SZ,300553.0,集智股份,浙江,电器仪表,创业板,20161021
300554.SZ,300554.0,三超新材,江苏,矿物制品,创业板,20170421
300555.SZ,300555.0,ST路通,江苏,通信设备,创业板,20161018
300556.SZ,300556.0,丝路视觉,深圳,软件服务,创业板,20161104
300557.SZ,300557.0,理工光科,湖北,电器仪表,创业板,20161101
300558.SZ,300558.0,贝达药业,浙江,化学制药,创业板,20161107
300559.SZ,300559.0,佳发教育,四川,软件服务,创业板,20161101
300560.SZ,300560.0,中富通,福建,通信设备,创业板,20161101
300561.SZ,300561.0,汇金科技,广东,软件服务,创业板,20161117
300562.SZ,300562.0,乐心医疗,广东,医疗保健,创业板,20161116
300563.SZ,300563.0,神宇股份,江苏,通信设备,创业板,20161114
300564.SZ,300564.0,筑博设计,西藏,建筑工程,创业板,20191108
300565.SZ,300565.0,科信技术,深圳,通信设备,创业板,20161122
300566.SZ,300566.0,激智科技,浙江,元器件,创业板,20161115
300567.SZ,300567.0,精测电子,湖北,电器仪表,创业板,20161122
300568.SZ,300568.0,星源材质,深圳,化工原料,创业板,20161201
300569.SZ,300569.0,天能重工,山东,电气设备,创业板,20161125
300570.SZ,300570.0,太辰光,深圳,通信设备,创业板,20161206
300571.SZ,300571.0,平治信息,浙江,互联网,创业板,20161213
300572.SZ,300572.0,安车检测,深圳,电器仪表,创业板,20161206
300573.SZ,300573.0,兴齐眼药,辽宁,化学制药,创业板,20161208
300575.SZ,300575.0,中旗股份,江苏,农药化肥,创业板,20161220
300576.SZ,300576.0,容大感光,深圳,染料涂料,创业板,20161220
300577.SZ,300577.0,开润股份,安徽,纺织,创业板,20161221
300578.SZ,300578.0,会畅科技,上海,通信设备,创业板,20170125
300579.SZ,300579.0,数字认证,北京,软件服务,创业板,20161223
300580.SZ,300580.0,贝斯特,江苏,汽车配件,创业板,20170111
300581.SZ,300581.0,晨曦航空,陕西,航空,创业板,20161220
300582.SZ,300582.0,英飞特,浙江,元器件,创业板,20161228
300583.SZ,300583.0,赛托生物,山东,化学制药,创业板,20170106
300584.SZ,300584.0,海辰药业,江苏,化学制药,创业板,20170112
300585.SZ,300585.0,奥联电子,江苏,汽车配件,创业板,20161229
300586.SZ,300586.0,美联新材,广东,化工原料,创业板,20170104
300587.SZ,300587.0,天铁科技,浙江,橡胶,创业板,20170105
300588.SZ,300588.0,熙菱信息,新疆,IT设备,创业板,20170105
300589.SZ,300589.0,江龙船艇,广东,船舶,创业板,20170113
300590.SZ,300590.0,移为通信,上海,通信设备,创业板,20170111
300591.SZ,300591.0,万里马,广东,服饰,创业板,20170110
300592.SZ,300592.0,华凯易佰,湖南,互联网,创业板,20170120
300593.SZ,300593.0,新雷能,北京,电气设备,创业板,20170113
300594.SZ,300594.0,ST朗进,山东,运输设备,创业板,20190621
300595.SZ,300595.0,欧普康视,安徽,医疗保健,创业板,20170117
300596.SZ,300596.0,利安隆,天津,化工原料,创业板,20170119
300597.SZ,300597.0,吉大通信,吉林,通信设备,创业板,20170123
300598.SZ,300598.0,诚迈科技,江苏,软件服务,创业板,20170120
300599.SZ,300599.0,雄塑科技,广东,塑料,创业板,20170123
300600.SZ,300600.0,国瑞科技,江苏,船舶,创业板,20170125
300601.SZ,300601.0,康泰生物,深圳,生物制药,创业板,20170207
300602.SZ,300602.0,飞荣达,深圳,元器件,创业板,20170126
300603.SZ,300603.0,立昂技术,新疆,通信设备,创业板,20170126
300604.SZ,300604.0,长川科技,浙江,半导体,创业板,20170417
300605.SZ,300605.0,恒锋信息,福建,软件服务,创业板,20170208
300606.SZ,300606.0,金太阳,广东,机械基件,创业板,20170208
300607.SZ,300607.0,拓斯达,广东,专用机械,创业板,20170209
300608.SZ,300608.0,思特奇,北京,软件服务,创业板,20170213
300609.SZ,300609.0,汇纳科技,上海,软件服务,创业板,20170215
300610.SZ,300610.0,晨化股份,江苏,化工原料,创业板,20170213
300611.SZ,300611.0,美力科技,浙江,汽车配件,创业板,20170220
300612.SZ,300612.0,宣亚国际,北京,广告包装,创业板,20170215
300613.SZ,300613.0,富瀚微,上海,半导体,创业板,20170220
300614.SZ,300614.0,百川畅银,河南,环境保护,创业板,20210525
300615.SZ,300615.0,欣天科技,深圳,通信设备,创业板,20170215
300616.SZ,300616.0,尚品宅配,广东,家居用品,创业板,20170307
300617.SZ,300617.0,安靠智电,江苏,电气设备,创业板,20170228
300618.SZ,300618.0,寒锐钴业,江苏,小金属,创业板,20170306
300619.SZ,300619.0,金银河,广东,专用机械,创业板,20170301
300620.SZ,300620.0,光库科技,广东,通信设备,创业板,20170310
300621.SZ,300621.0,维业股份,深圳,装修装饰,创业板,20170316
300622.SZ,300622.0,博士眼镜,深圳,其他商业,创业板,20170315
300623.SZ,300623.0,捷捷微电,江苏,半导体,创业板,20170314
300624.SZ,300624.0,万兴科技,西藏,软件服务,创业板,20180118
300625.SZ,300625.0,三雄极光,广东,家用电器,创业板,20170317
300626.SZ,300626.0,华瑞股份,浙江,电气设备,创业板,20170320
300627.SZ,300627.0,华测导航,上海,通信设备,创业板,20170321
300628.SZ,300628.0,亿联网络,福建,通信设备,创业板,20170317
300629.SZ,300629.0,新劲刚,广东,元器件,创业板,20170324
300631.SZ,300631.0,久吾高科,江苏,环境保护,创业板,20170323
300632.SZ,300632.0,光莆股份,福建,半导体,创业板,20170406
300633.SZ,300633.0,开立医疗,深圳,医疗保健,创业板,20170406
300634.SZ,300634.0,彩讯股份,深圳,软件服务,创业板,20180323
300635.SZ,300635.0,中达安,广东,建筑工程,创业板,20170331
300636.SZ,300636.0,同和药业,江西,化学制药,创业板,20170331
300637.SZ,300637.0,扬帆新材,浙江,化工原料,创业板,20170412
300638.SZ,300638.0,广和通,深圳,通信设备,创业板,20170413
300639.SZ,300639.0,凯普生物,广东,医疗保健,创业板,20170412
300640.SZ,300640.0,德艺文创,福建,家居用品,创业板,20170417
300641.SZ,300641.0,正丹股份,江苏,化工原料,创业板,20170418
300642.SZ,300642.0,透景生命,上海,医疗保健,创业板,20170421
300643.SZ,300643.0,万通智控,浙江,汽车配件,创业板,20170505
300644.SZ,300644.0,南京聚隆,江苏,塑料,创业板,20180206
300645.SZ,300645.0,正元智慧,浙江,软件服务,创业板,20170421
300647.SZ,300647.0,超频三,深圳,化工原料,创业板,20170503
300648.SZ,300648.0,星云股份,福建,电气设备,创业板,20170425
300649.SZ,300649.0,杭州园林,浙江,建筑工程,创业板,20170505
300650.SZ,300650.0,太龙股份,福建,元器件,创业板,20170503
300651.SZ,300651.0,金陵体育,江苏,文教休闲,创业板,20170509
300652.SZ,300652.0,雷迪克,浙江,汽车配件,创业板,20170516
300653.SZ,300653.0,正海生物,山东,医疗保健,创业板,20170516
300654.SZ,300654.0,世纪天鸿,山东,出版业,创业板,20170926
300655.SZ,300655.0,晶瑞电材,江苏,半导体,创业板,20170523
300656.SZ,300656.0,民德电子,深圳,IT设备,创业板,20170519
300657.SZ,300657.0,弘信电子,福建,元器件,创业板,20170523
300658.SZ,300658.0,延江股份,福建,纺织,创业板,20170602
300659.SZ,300659.0,中孚信息,山东,IT设备,创业板,20170526
300660.SZ,300660.0,江苏雷利,江苏,电气设备,创业板,20170602
300661.SZ,300661.0,圣邦股份,北京,半导体,创业板,20170606
300662.SZ,300662.0,科锐国际,北京,文教休闲,创业板,20170608
300663.SZ,300663.0,科蓝软件,北京,软件服务,创业板,20170608
300664.SZ,300664.0,鹏鹞环保,江苏,环境保护,创业板,20180105
300665.SZ,300665.0,飞鹿股份,湖南,染料涂料,创业板,20170613
300666.SZ,300666.0,江丰电子,浙江,半导体,创业板,20170615
300667.SZ,300667.0,必创科技,北京,电器仪表,创业板,20170619
300668.SZ,300668.0,杰恩股份,深圳,装修装饰,创业板,20170619
300669.SZ,300669.0,沪宁股份,浙江,运输设备,创业板,20170629
300670.SZ,300670.0,大烨智能,江苏,电气设备,创业板,20170703
300671.SZ,300671.0,富满微,深圳,半导体,创业板,20170705
300672.SZ,300672.0,国科微,湖南,半导体,创业板,20170712
300673.SZ,300673.0,佩蒂股份,浙江,饲料,创业板,20170711
300674.SZ,300674.0,宇信科技,北京,软件服务,创业板,20181107
300675.SZ,300675.0,建科院,深圳,建筑工程,创业板,20170719
300676.SZ,300676.0,华大基因,深圳,医疗保健,创业板,20170714
300677.SZ,300677.0,英科医疗,山东,医疗保健,创业板,20170721
300678.SZ,300678.0,中科信息,四川,软件服务,创业板,20170728
300679.SZ,300679.0,电连技术,深圳,元器件,创业板,20170731
300680.SZ,300680.0,隆盛科技,江苏,汽车配件,创业板,20170725
300681.SZ,300681.0,英搏尔,广东,汽车配件,创业板,20170725
300682.SZ,300682.0,朗新科技,江苏,软件服务,创业板,20170801
300683.SZ,300683.0,海特生物,湖北,生物制药,创业板,20170808
300684.SZ,300684.0,中石科技,北京,元器件,创业板,20171227
300685.SZ,300685.0,艾德生物,福建,医疗保健,创业板,20170802
300686.SZ,300686.0,智动力,深圳,元器件,创业板,20170804
300687.SZ,300687.0,赛意信息,广东,软件服务,创业板,20170803
300688.SZ,300688.0,创业黑马,北京,文教休闲,创业板,20170810
300689.SZ,300689.0,澄天伟业,深圳,通信设备,创业板,20170809
300690.SZ,300690.0,双一科技,山东,电气设备,创业板,20170808
300691.SZ,300691.0,联合光电,广东,元器件,创业板,20170811
300692.SZ,300692.0,中赋科技,安徽,环境保护,创业板,20170821
300693.SZ,300693.0,盛弘股份,深圳,电气设备,创业板,20170822
300694.SZ,300694.0,蠡湖股份,江苏,汽车配件,创业板,20181015
300695.SZ,300695.0,兆丰股份,浙江,汽车配件,创业板,20170908
300696.SZ,300696.0,爱乐达,四川,航空,创业板,20170822
300697.SZ,300697.0,电工合金,江苏,铜,创业板,20170907
300698.SZ,300698.0,万马科技,浙江,通信设备,创业板,20170831
300699.SZ,300699.0,光威复材,山东,化纤,创业板,20170901
300700.SZ,300700.0,岱勒新材,湖南,矿物制品,创业板,20170912
300701.SZ,300701.0,森霸传感,河南,元器件,创业板,20170915
300702.SZ,300702.0,天宇股份,浙江,化学制药,创业板,20170919
300703.SZ,300703.0,创源股份,浙江,文教休闲,创业板,20170919
300705.SZ,300705.0,九典制药,湖南,化学制药,创业板,20171010
300706.SZ,300706.0,阿石创,福建,元器件,创业板,20170926
300707.SZ,300707.0,威唐工业,江苏,汽车配件,创业板,20171010
300708.SZ,300708.0,聚灿光电,江苏,半导体,创业板,20171016
300709.SZ,300709.0,精研科技,江苏,元器件,创业板,20171019
300710.SZ,300710.0,万隆光电,浙江,通信设备,创业板,20171019
300711.SZ,300711.0,广哈通信,广东,通信设备,创业板,20171101
300712.SZ,300712.0,永福股份,福建,建筑工程,创业板,20171031
300713.SZ,300713.0,英可瑞,深圳,电气设备,创业板,20171101
300715.SZ,300715.0,凯伦股份,江苏,其他建材,创业板,20171026
300716.SZ,300716.0,*ST泉为,广东,塑料,创业板,20171109
300717.SZ,300717.0,华信新材,江苏,塑料,创业板,20171106
300718.SZ,300718.0,长盛轴承,浙江,机械基件,创业板,20171106
300719.SZ,300719.0,安达维尔,北京,航空,创业板,20171109
300720.SZ,300720.0,海川智能,广东,电器仪表,创业板,20171106
300721.SZ,300721.0,怡达股份,江苏,化工原料,创业板,20171115
300722.SZ,300722.0,新余国科,江西,航空,创业板,20171110
300723.SZ,300723.0,一品红,广东,化学制药,创业板,20171116
300724.SZ,300724.0,捷佳伟创,深圳,专用机械,创业板,20180810
300725.SZ,300725.0,药石科技,江苏,化学制药,创业板,20171110
300726.SZ,300726.0,宏达电子,湖南,元器件,创业板,20171121
300727.SZ,300727.0,润禾材料,浙江,化工原料,创业板,20171127
300729.SZ,300729.0,乐歌股份,浙江,家居用品,创业板,20171201
300730.SZ,300730.0,科创信息,湖南,软件服务,创业板,20171205
300731.SZ,300731.0,科创新源,深圳,橡胶,创业板,20171208
300732.SZ,300732.0,设研院,河南,建筑工程,创业板,20171212
300733.SZ,300733.0,西菱动力,四川,汽车配件,创业板,20180116
300735.SZ,300735.0,光弘科技,广东,元器件,创业板,20171229
300736.SZ,300736.0,百邦科技,北京,通信设备,创业板,20180109
300737.SZ,300737.0,科顺股份,广东,其他建材,创业板,20180125
300738.SZ,300738.0,奥飞数据,广东,软件服务,创业板,20180119
300739.SZ,300739.0,明阳电路,深圳,元器件,创业板,20180201
300740.SZ,300740.0,水羊股份,湖南,日用化工,创业板,20180208
300741.SZ,300741.0,华宝股份,西藏,食品,创业板,20180301
300743.SZ,300743.0,天地数码,浙江,IT设备,创业板,20180427
300745.SZ,300745.0,欣锐科技,深圳,汽车配件,创业板,20180523
300746.SZ,300746.0,汉嘉数智,浙江,建筑工程,创业板,20180525
300747.SZ,300747.0,锐科激光,湖北,专用机械,创业板,20180625
300748.SZ,300748.0,金力永磁,江西,矿物制品,创业板,20180921
300749.SZ,300749.0,顶固集创,广东,家居用品,创业板,20180925
300750.SZ,300750.0,宁德时代,福建,电气设备,创业板,20180611
300751.SZ,300751.0,迈为股份,江苏,专用机械,创业板,20181109
300752.SZ,300752.0,隆利科技,深圳,元器件,创业板,20181130
300753.SZ,300753.0,爱朋医疗,江苏,医疗保健,创业板,20181213
300755.SZ,300755.0,华致酒行,云南,其他商业,创业板,20190129
300756.SZ,300756.0,金马游乐,广东,专用机械,创业板,20181228
300757.SZ,300757.0,罗博特科,江苏,专用机械,创业板,20190108
300758.SZ,300758.0,七彩化学,辽宁,染料涂料,创业板,20190222
300759.SZ,300759.0,康龙化成,北京,化学制药,创业板,20190128
300760.SZ,300760.0,迈瑞医疗,深圳,医疗保健,创业板,20181016
300761.SZ,300761.0,立华股份,江苏,农业综合,创业板,20190218
300762.SZ,300762.0,上海瀚讯,上海,通信设备,创业板,20190314
300763.SZ,300763.0,锦浪科技,浙江,电气设备,创业板,20190319
300765.SZ,300765.0,石药创新,河北,食品,创业板,20190322
300766.SZ,300766.0,每日互动,浙江,互联网,创业板,20190325
300767.SZ,300767.0,震安科技,云南,橡胶,创业板,20190329
300768.SZ,300768.0,迪普科技,浙江,软件服务,创业板,20190412
300769.SZ,300769.0,德方纳米,深圳,化工原料,创业板,20190415
300770.SZ,300770.0,新媒股份,广东,影视音像,创业板,20190419
300771.SZ,300771.0,智莱科技,深圳,IT设备,创业板,20190422
300772.SZ,300772.0,运达股份,浙江,电气设备,创业板,20190426
300773.SZ,300773.0,拉卡拉,北京,软件服务,创业板,20190425
300774.SZ,300774.0,倍杰特,北京,环境保护,创业板,20210804
300775.SZ,300775.0,三角防务,陕西,航空,创业板,20190521
300776.SZ,300776.0,帝尔激光,湖北,专用机械,创业板,20190517
300777.SZ,300777.0,中简科技,江苏,化纤,创业板,20190516
300778.SZ,300778.0,新城市,深圳,建筑工程,创业板,20190510
300779.SZ,300779.0,惠城环保,山东,环境保护,创业板,20190522
300780.SZ,300780.0,德恩精工,四川,机械基件,创业板,20190531
300781.SZ,300781.0,因赛集团,广东,广告包装,创业板,20190606
300782.SZ,300782.0,卓胜微,江苏,半导体,创业板,20190618
300783.SZ,300783.0,三只松鼠,安徽,食品,创业板,20190712
300784.SZ,300784.0,利安科技,浙江,塑料,创业板,20240607
300785.SZ,300785.0,值得买,北京,互联网,创业板,20190715
300786.SZ,300786.0,国林科技,山东,环境保护,创业板,20190723
300787.SZ,300787.0,海能实业,江西,元器件,创业板,20190815
300788.SZ,300788.0,中信出版,北京,出版业,创业板,20190705
300789.SZ,300789.0,唐源电气,四川,运输设备,创业板,20190828
300790.SZ,300790.0,宇瞳光学,广东,元器件,创业板,20190920
300791.SZ,300791.0,仙乐健康,广东,医疗保健,创业板,20190925
300792.SZ,300792.0,壹网壹创,浙江,互联网,创业板,20190927
300793.SZ,300793.0,佳禾智能,广东,IT设备,创业板,20191018
300795.SZ,300795.0,米奥会展,浙江,文教休闲,创业板,20191022
300796.SZ,300796.0,贝斯美,浙江,农药化肥,创业板,20191115
300797.SZ,300797.0,钢研纳克,北京,电器仪表,创业板,20191101
300798.SZ,300798.0,锦鸡股份,江苏,染料涂料,创业板,20191122
300800.SZ,300800.0,力合科技,湖南,环境保护,创业板,20191106
300801.SZ,300801.0,泰和科技,山东,化工原料,创业板,20191128
300802.SZ,300802.0,矩子科技,上海,专用机械,创业板,20191114
300803.SZ,300803.0,指南针,北京,软件服务,创业板,20191118
300804.SZ,300804.0,广康生化,广东,农药化肥,创业板,20230627
300805.SZ,300805.0,电声股份,广东,广告包装,创业板,20191121
300806.SZ,300806.0,斯迪克,江苏,塑料,创业板,20191125
300807.SZ,300807.0,天迈科技,河南,软件服务,创业板,20191219
300808.SZ,300808.0,久量股份,湖北,家用电器,创业板,20191129
300809.SZ,300809.0,华辰装备,江苏,机床制造,创业板,20191204
300810.SZ,300810.0,中科海讯,北京,船舶,创业板,20191206
300811.SZ,300811.0,铂科新材,深圳,矿物制品,创业板,20191230
300812.SZ,300812.0,易天股份,深圳,专用机械,创业板,20200109
300813.SZ,300813.0,泰林生物,浙江,医疗保健,创业板,20200114
300814.SZ,300814.0,中富电路,深圳,元器件,创业板,20210812
300815.SZ,300815.0,玉禾田,安徽,环境保护,创业板,20200123
300816.SZ,300816.0,艾可蓝,安徽,汽车配件,创业板,20200210
300817.SZ,300817.0,双飞集团,浙江,机械基件,创业板,20200218
300818.SZ,300818.0,耐普矿机,江西,专用机械,创业板,20200212
300819.SZ,300819.0,聚杰微纤,江苏,纺织,创业板,20200312
300820.SZ,300820.0,英杰电气,四川,电气设备,创业板,20200213
300821.SZ,300821.0,东岳硅材,山东,化工原料,创业板,20200312
300822.SZ,300822.0,贝仕达克,深圳,元器件,创业板,20200313
300823.SZ,300823.0,建科智能,天津,专用机械,创业板,20200319
300824.SZ,300824.0,北鼎股份,深圳,家用电器,创业板,20200619
300825.SZ,300825.0,阿尔特,北京,汽车服务,创业板,20200327
300826.SZ,300826.0,测绘股份,江苏,建筑工程,创业板,20200403
300827.SZ,300827.0,上能电气,江苏,电气设备,创业板,20200410
300828.SZ,300828.0,锐新科技,天津,机械基件,创业板,20200421
300829.SZ,300829.0,金丹科技,河南,食品,创业板,20200422
300830.SZ,300830.0,金现代,山东,软件服务,创业板,20200506
300831.SZ,300831.0,ST派瑞,陕西,半导体,创业板,20200507
300832.SZ,300832.0,新产业,深圳,医疗保健,创业板,20200512
300833.SZ,300833.0,浩洋股份,广东,专用机械,创业板,20200520
300834.SZ,300834.0,星辉环材,广东,化工原料,创业板,20220113
300835.SZ,300835.0,龙磁科技,安徽,矿物制品,创业板,20200525
300836.SZ,300836.0,佰奥智能,江苏,专用机械,创业板,20200528
300837.SZ,300837.0,浙矿股份,浙江,专用机械,创业板,20200605
300838.SZ,300838.0,浙江力诺,浙江,机械基件,创业板,20200608
300839.SZ,300839.0,博汇股份,浙江,石油加工,创业板,20200630
300840.SZ,300840.0,酷特智能,山东,服饰,创业板,20200708
300841.SZ,300841.0,康华生物,四川,生物制药,创业板,20200616
300842.SZ,300842.0,帝科股份,江苏,电气设备,创业板,20200618
300843.SZ,300843.0,胜蓝股份,广东,元器件,创业板,20200702
300844.SZ,300844.0,山水比德,广东,建筑工程,创业板,20210813
300845.SZ,300845.0,捷安高科,河南,软件服务,创业板,20200703
300846.SZ,300846.0,首都在线,北京,软件服务,创业板,20200701
300847.SZ,300847.0,中船汉光,河北,化工原料,创业板,20200709
300848.SZ,300848.0,美瑞新材,山东,化工原料,创业板,20200720
300849.SZ,300849.0,锦盛新材,浙江,塑料,创业板,20200710
300850.SZ,300850.0,新强联,河南,机械基件,创业板,20200713
300851.SZ,300851.0,交大思诺,北京,运输设备,创业板,20200717
300852.SZ,300852.0,四会富仕,广东,元器件,创业板,20200713
300853.SZ,300853.0,申昊科技,浙江,专用机械,创业板,20200724
300854.SZ,300854.0,中兰环保,深圳,环境保护,创业板,20210916
300855.SZ,300855.0,图南股份,江苏,小金属,创业板,20200723
300856.SZ,300856.0,科思股份,江苏,日用化工,创业板,20200722
300857.SZ,300857.0,协创数据,深圳,IT设备,创业板,20200727
300858.SZ,300858.0,科拓生物,北京,食品,创业板,20200727
300859.SZ,300859.0,西域旅游,新疆,旅游服务,创业板,20200806
300860.SZ,300860.0,锋尚文化,北京,文教休闲,创业板,20200824
300861.SZ,300861.0,美畅股份,陕西,矿物制品,创业板,20200824
300862.SZ,300862.0,蓝盾光电,安徽,电器仪表,创业板,20200824
300863.SZ,300863.0,卡倍亿,浙江,汽车配件,创业板,20200824
300864.SZ,300864.0,南大环境,江苏,环境保护,创业板,20200824
300865.SZ,300865.0,大宏立,四川,专用机械,创业板,20200824
300866.SZ,300866.0,安克创新,湖南,元器件,创业板,20200824
300867.SZ,300867.0,圣元环保,福建,环境保护,创业板,20200824
300868.SZ,300868.0,杰美特,深圳,元器件,创业板,20200824
300869.SZ,300869.0,康泰医学,河北,医疗保健,创业板,20200824
300870.SZ,300870.0,欧陆通,深圳,电气设备,创业板,20200824
300871.SZ,300871.0,回盛生物,湖北,农业综合,创业板,20200824
300872.SZ,300872.0,天阳科技,西藏,软件服务,创业板,20200824
300873.SZ,300873.0,海晨股份,江苏,仓储物流,创业板,20200824
300875.SZ,300875.0,捷强装备,天津,专用机械,创业板,20200824
300876.SZ,300876.0,蒙泰高新,广东,化纤,创业板,20200824
300877.SZ,300877.0,金春股份,安徽,纺织,创业板,20200824
300878.SZ,300878.0,维康药业,浙江,中成药,创业板,20200824
300879.SZ,300879.0,大叶股份,浙江,农用机械,创业板,20200901
300880.SZ,300880.0,迦南智能,浙江,电器仪表,创业板,20200901
300881.SZ,300881.0,盛德鑫泰,江苏,钢加工,创业板,20200901
300882.SZ,300882.0,万胜智能,浙江,电器仪表,创业板,20200910
300883.SZ,300883.0,龙利得,安徽,造纸,创业板,20200910
300884.SZ,300884.0,狄耐克,福建,IT设备,创业板,20201112
300885.SZ,300885.0,海昌新材,江苏,机械基件,创业板,20200910
300886.SZ,300886.0,华业香料,安徽,化工原料,创业板,20200916
300887.SZ,300887.0,谱尼测试,北京,电器仪表,创业板,20200916
300888.SZ,300888.0,稳健医疗,深圳,医疗保健,创业板,20200917
300889.SZ,300889.0,爱克股份,深圳,电气设备,创业板,20200916
300890.SZ,300890.0,翔丰华,上海,电气设备,创业板,20200917
300891.SZ,300891.0,惠云钛业,广东,化工原料,创业板,20200917
300892.SZ,300892.0,品渥食品,上海,乳制品,创业板,20200924
300893.SZ,300893.0,松原安全,浙江,汽车配件,创业板,20200924
300894.SZ,300894.0,火星人,浙江,家用电器,创业板,20201231
300895.SZ,300895.0,铜牛信息,北京,软件服务,创业板,20200924
300896.SZ,300896.0,爱美客,北京,医疗保健,创业板,20200928
300897.SZ,300897.0,山科智能,浙江,电器仪表,创业板,20200928
300898.SZ,300898.0,熊猫乳品,浙江,乳制品,创业板,20201016
300899.SZ,300899.0,上海凯鑫,上海,环境保护,创业板,20201016
300900.SZ,300900.0,广联航空,黑龙江,航空,创业板,20201029
300901.SZ,300901.0,中胤时尚,浙江,服饰,创业板,20201029
300902.SZ,300902.0,国安达,福建,专用机械,创业板,20201029
300903.SZ,300903.0,科翔股份,广东,元器件,创业板,20201105
300904.SZ,300904.0,威力传动,宁夏,电气设备,创业板,20230809
300905.SZ,300905.0,宝丽迪,江苏,染料涂料,创业板,20201105
300906.SZ,300906.0,日月明,江西,运输设备,创业板,20201105
300907.SZ,300907.0,康平科技,江苏,电气设备,创业板,20201118
300908.SZ,300908.0,仲景食品,河南,食品,创业板,20201123
300909.SZ,300909.0,汇创达,深圳,元器件,创业板,20201118
300910.SZ,300910.0,瑞丰新材,河南,化工原料,创业板,20201127
300911.SZ,300911.0,亿田智能,浙江,家用电器,创业板,20201203
300912.SZ,300912.0,凯龙高科,江苏,汽车配件,创业板,20201207
300913.SZ,300913.0,兆龙互连,浙江,通信设备,创业板,20201207
300915.SZ,300915.0,海融科技,上海,乳制品,创业板,20201202
300916.SZ,300916.0,朗特智能,深圳,元器件,创业板,20201202
300917.SZ,300917.0,特发服务,深圳,房产服务,创业板,20201221
300918.SZ,300918.0,南山智尚,山东,纺织,创业板,20201222
300919.SZ,300919.0,中伟新材,贵州,电气设备,创业板,20201223
300920.SZ,300920.0,润阳科技,浙江,塑料,创业板,20201225
300921.SZ,300921.0,南凌科技,深圳,互联网,创业板,20201222
300922.SZ,300922.0,天秦装备,河北,专用机械,创业板,20201225
300923.SZ,300923.0,研奥股份,吉林,运输设备,创业板,20201224
300925.SZ,300925.0,法本信息,深圳,软件服务,创业板,20201230
300926.SZ,300926.0,博俊科技,江苏,汽车配件,创业板,20210107
300927.SZ,300927.0,江天化学,江苏,化工原料,创业板,20210107
300928.SZ,300928.0,华安鑫创,北京,汽车配件,创业板,20210106
300929.SZ,300929.0,华骐环保,安徽,环境保护,创业板,20210120
300930.SZ,300930.0,屹通新材,浙江,小金属,创业板,20210121
300931.SZ,300931.0,通用电梯,江苏,运输设备,创业板,20210121
300932.SZ,300932.0,三友联众,广东,电气设备,创业板,20210122
300933.SZ,300933.0,中辰股份,江苏,电气设备,创业板,20210122
300935.SZ,300935.0,盈建科,北京,软件服务,创业板,20210120
300936.SZ,300936.0,中英科技,江苏,元器件,创业板,20210126
300937.SZ,300937.0,药易购,四川,医药商业,创业板,20210127
300938.SZ,300938.0,信测标准,深圳,电器仪表,创业板,20210127
300939.SZ,300939.0,秋田微,深圳,元器件,创业板,20210128
300940.SZ,300940.0,南极光,深圳,元器件,创业板,20210203
300941.SZ,300941.0,创识科技,福建,IT设备,创业板,20210209
300942.SZ,300942.0,易瑞生物,深圳,医疗保健,创业板,20210209
300943.SZ,300943.0,春晖智控,浙江,机械基件,创业板,20210210
300945.SZ,300945.0,曼卡龙,浙江,服饰,创业板,20210210
300946.SZ,300946.0,恒而达,福建,机械基件,创业板,20210208
300947.SZ,300947.0,德必集团,上海,房产服务,创业板,20210210
300948.SZ,300948.0,冠中生态,山东,环境保护,创业板,20210225
300949.SZ,300949.0,奥雅股份,深圳,建筑工程,创业板,20210226
300950.SZ,300950.0,德固特,山东,专用机械,创业板,20210303
300951.SZ,300951.0,博硕科技,深圳,元器件,创业板,20210226
300952.SZ,300952.0,恒辉安防,江苏,纺织,创业板,20210311
300953.SZ,300953.0,震裕科技,浙江,电气设备,创业板,20210318
300955.SZ,300955.0,嘉亨家化,福建,日用化工,创业板,20210324
300956.SZ,300956.0,英力股份,安徽,元器件,创业板,20210326
300957.SZ,300957.0,贝泰妮,云南,日用化工,创业板,20210325
300958.SZ,300958.0,建工修复,北京,环境保护,创业板,20210329
300959.SZ,300959.0,线上线下,江苏,电信运营,创业板,20210322
300960.SZ,300960.0,通业科技,深圳,运输设备,创业板,20210329
300961.SZ,300961.0,深水海纳,深圳,环境保护,创业板,20210330
300962.SZ,300962.0,中金辐照,深圳,医疗保健,创业板,20210409
300963.SZ,300963.0,中洲特材,上海,小金属,创业板,20210409
300964.SZ,300964.0,本川智能,江苏,元器件,创业板,20210805
300965.SZ,300965.0,恒宇信通,北京,航空,创业板,20210402
300966.SZ,300966.0,共同药业,湖北,化学制药,创业板,20210409
300967.SZ,300967.0,晓鸣股份,宁夏,农业综合,创业板,20210413
300968.SZ,300968.0,格林精密,广东,元器件,创业板,20210415
300969.SZ,300969.0,恒帅股份,浙江,汽车配件,创业板,20210412
300970.SZ,300970.0,华绿生物,江苏,种植业,创业板,20210412
300971.SZ,300971.0,博亚精工,湖北,机械基件,创业板,20210415
300972.SZ,300972.0,万辰集团,福建,食品,创业板,20210419
300973.SZ,300973.0,立高食品,广东,食品,创业板,20210415
300975.SZ,300975.0,商络电子,江苏,元器件,创业板,20210421
300976.SZ,300976.0,达瑞电子,广东,元器件,创业板,20210419
300977.SZ,300977.0,深圳瑞捷,深圳,建筑工程,创业板,20210420
300978.SZ,300978.0,东箭科技,广东,汽车配件,创业板,20210426
300979.SZ,300979.0,华利集团,广东,服饰,创业板,20210426
300980.SZ,300980.0,祥源新材,湖北,塑料,创业板,20210421
300981.SZ,300981.0,中红医疗,河北,医疗保健,创业板,20210427
300982.SZ,300982.0,苏文电能,江苏,建筑工程,创业板,20210427
300983.SZ,300983.0,尤安设计,上海,建筑工程,创业板,20210420
300984.SZ,300984.0,金沃股份,浙江,机械基件,创业板,20210618
300985.SZ,300985.0,致远新能,吉林,汽车配件,创业板,20210429
300986.SZ,300986.0,志特新材,江西,建筑工程,创业板,20210430
300987.SZ,300987.0,川网传媒,四川,互联网,创业板,20210511
300988.SZ,300988.0,津荣天宇,天津,机械基件,创业板,20210512
300989.SZ,300989.0,蕾奥规划,深圳,建筑工程,创业板,20210507
300990.SZ,300990.0,同飞股份,河北,专用机械,创业板,20210512
300991.SZ,300991.0,创益通,深圳,元器件,创业板,20210520
300992.SZ,300992.0,泰福泵业,浙江,机械基件,创业板,20210525
300993.SZ,300993.0,玉马科技,山东,家居用品,创业板,20210524
300994.SZ,300994.0,久祺股份,浙江,文教休闲,创业板,20210812
300995.SZ,300995.0,奇德新材,广东,塑料,创业板,20210526
300996.SZ,300996.0,普联软件,山东,软件服务,创业板,20210603
300997.SZ,300997.0,欢乐家,广东,软饮料,创业板,20210602
300998.SZ,300998.0,宁波方正,浙江,专用机械,创业板,20210602
300999.SZ,300999.0,金龙鱼,上海,食品,创业板,20201015
301000.SZ,301000.0,肇民科技,上海,汽车配件,创业板,20210528
301001.SZ,301001.0,凯淳股份,上海,互联网,创业板,20210528
301002.SZ,301002.0,崧盛股份,深圳,电气设备,创业板,20210607
301003.SZ,301003.0,江苏博云,江苏,塑料,创业板,20210601
301004.SZ,301004.0,嘉益股份,浙江,家居用品,创业板,20210625
301005.SZ,301005.0,超捷股份,上海,汽车配件,创业板,20210601
301006.SZ,301006.0,迈拓股份,江苏,电器仪表,创业板,20210607
301007.SZ,301007.0,德迈仕,辽宁,汽车配件,创业板,20210616
301008.SZ,301008.0,宏昌科技,浙江,家用电器,创业板,20210611
301009.SZ,301009.0,可靠股份,浙江,造纸,创业板,20210617
301010.SZ,301010.0,晶雪节能,江苏,其他建材,创业板,20210618
301011.SZ,301011.0,华立科技,广东,文教休闲,创业板,20210617
301012.SZ,301012.0,扬电科技,江苏,电气设备,创业板,20210622
301013.SZ,301013.0,利和兴,深圳,专用机械,创业板,20210629
301015.SZ,301015.0,百洋医药,山东,医药商业,创业板,20210630
301016.SZ,301016.0,雷尔伟,江苏,运输设备,创业板,20210630
301017.SZ,301017.0,漱玉平民,山东,医药商业,创业板,20210705
301018.SZ,301018.0,申菱环境,广东,专用机械,创业板,20210707
301019.SZ,301019.0,宁波色母,浙江,塑料,创业板,20210628
301020.SZ,301020.0,密封科技,山东,汽车配件,创业板,20210706
301021.SZ,301021.0,英诺激光,深圳,专用机械,创业板,20210706
301022.SZ,301022.0,海泰科,山东,专用机械,创业板,20210702
301023.SZ,301023.0,奕帆传动,江苏,电气设备,创业板,20210707
301024.SZ,301024.0,霍普股份,上海,建筑工程,创业板,20210728
301025.SZ,301025.0,读客文化,上海,出版业,创业板,20210719
301026.SZ,301026.0,浩通科技,江苏,小金属,创业板,20210716
301027.SZ,301027.0,华蓝集团,广西,建筑工程,创业板,20210715
301028.SZ,301028.0,鼎熔岩,福建,专用机械,创业板,20210720
301029.SZ,301029.0,怡合达,广东,专用机械,创业板,20210723
301030.SZ,301030.0,*ST仕净,江苏,环境保护,创业板,20210722
301031.SZ,301031.0,中熔电气,陕西,电气设备,创业板,20210715
301032.SZ,301032.0,新柴股份,浙江,工程机械,创业板,20210722
301033.SZ,301033.0,迈普医学,广东,医疗保健,创业板,20210726
301035.SZ,301035.0,润丰股份,山东,农药化肥,创业板,20210728
301036.SZ,301036.0,双乐股份,江苏,染料涂料,创业板,20210729
301037.SZ,301037.0,保立佳,上海,染料涂料,创业板,20210730
301038.SZ,301038.0,深水规院,深圳,建筑工程,创业板,20210804
301039.SZ,301039.0,中集车辆,深圳,汽车整车,创业板,20210708
301040.SZ,301040.0,中环海陆,江苏,机械基件,创业板,20210803
301041.SZ,301041.0,金百泽,深圳,元器件,创业板,20210811
301042.SZ,301042.0,安联锐视,广东,IT设备,创业板,20210805
301043.SZ,301043.0,绿岛风,广东,机械基件,创业板,20210811
301045.SZ,301045.0,天禄科技,江苏,元器件,创业板,20210813
301046.SZ,301046.0,能辉科技,上海,建筑工程,创业板,20210817
301047.SZ,301047.0,义翘神州,北京,生物制药,创业板,20210816
301048.SZ,301048.0,金鹰重工,湖北,运输设备,创业板,20210818
301049.SZ,301049.0,超越科技,安徽,环境保护,创业板,20210824
301050.SZ,301050.0,雷电微力,四川,航空,创业板,20210824
301051.SZ,301051.0,信濠光电,深圳,元器件,创业板,20210827
301052.SZ,301052.0,果麦文化,浙江,出版业,创业板,20210830
301053.SZ,301053.0,远信工业,浙江,专用机械,创业板,20210901
301055.SZ,301055.0,张小泉,浙江,家居用品,创业板,20210906
301056.SZ,301056.0,森赫股份,浙江,运输设备,创业板,20210907
301057.SZ,301057.0,汇隆新材,浙江,化纤,创业板,20210909
301058.SZ,301058.0,中粮科工,江苏,建筑工程,创业板,20210909
301059.SZ,301059.0,金三江,广东,化工原料,创业板,20210913
301060.SZ,301060.0,兰卫医学,上海,医疗保健,创业板,20210913
301061.SZ,301061.0,匠心家居,江苏,家居用品,创业板,20210913
301062.SZ,301062.0,上海艾录,上海,广告包装,创业板,20210914
301063.SZ,301063.0,海锅股份,江苏,电气设备,创业板,20210924
301065.SZ,301065.0,本立科技,浙江,化学制药,创业板,20210914
301066.SZ,301066.0,万事利,浙江,纺织,创业板,20210922
301067.SZ,301067.0,显盈科技,深圳,元器件,创业板,20210922
301068.SZ,301068.0,大地海洋,浙江,环境保护,创业板,20210928
301069.SZ,301069.0,凯盛新材,山东,化工原料,创业板,20210927
301070.SZ,301070.0,开勒股份,上海,机械基件,创业板,20210923
301071.SZ,301071.0,力量钻石,河南,矿物制品,创业板,20210924
301072.SZ,301072.0,中捷精工,江苏,汽车配件,创业板,20210929
301073.SZ,301073.0,君亭酒店,浙江,酒店餐饮,创业板,20210930
301075.SZ,301075.0,多瑞医药,西藏,化学制药,创业板,20210929
301076.SZ,301076.0,新瀚新材,江苏,化工原料,创业板,20211011
301077.SZ,301077.0,星华新材,浙江,化工原料,创业板,20210930
301078.SZ,301078.0,孩子王,江苏,其他商业,创业板,20211014
301079.SZ,301079.0,邵阳液压,湖南,机械基件,创业板,20211019
301080.SZ,301080.0,百普赛斯,北京,生物制药,创业板,20211018
301081.SZ,301081.0,严牌股份,浙江,环境保护,创业板,20211020
301082.SZ,301082.0,久盛电气,浙江,电气设备,创业板,20211027
301083.SZ,301083.0,百胜智能,江西,专用机械,创业板,20211021
301085.SZ,301085.0,亚康股份,北京,软件服务,创业板,20211018
301086.SZ,301086.0,鸿富瀚,深圳,元器件,创业板,20211020
301087.SZ,301087.0,可孚医疗,湖南,医疗保健,创业板,20211025
301088.SZ,301088.0,戎美股份,江苏,服饰,创业板,20211028
301089.SZ,301089.0,拓新药业,河南,化学制药,创业板,20211027
301090.SZ,301090.0,华润材料,江苏,化工原料,创业板,20211026
301091.SZ,301091.0,深城交,深圳,建筑工程,创业板,20211029
301092.SZ,301092.0,争光股份,浙江,化工原料,创业板,20211102
301093.SZ,301093.0,华兰股份,江苏,医疗保健,创业板,20211101
301095.SZ,301095.0,广立微,浙江,半导体,创业板,20220805
301096.SZ,301096.0,百诚医药,浙江,医疗保健,创业板,20211220
301097.SZ,301097.0,天益医疗,浙江,医疗保健,创业板,20220407
301098.SZ,301098.0,金埔园林,江苏,建筑工程,创业板,20211112
301099.SZ,301099.0,雅创电子,上海,元器件,创业板,20211122
301100.SZ,301100.0,风光股份,辽宁,化工原料,创业板,20211217
301101.SZ,301101.0,明月镜片,江苏,文教休闲,创业板,20211216
301102.SZ,301102.0,兆讯传媒,天津,广告包装,创业板,20220328
301103.SZ,301103.0,何氏眼科,辽宁,医疗保健,创业板,20220322
301105.SZ,301105.0,鸿铭股份,广东,专用机械,创业板,20221230
301106.SZ,301106.0,骏成科技,江苏,元器件,创业板,20220128
301107.SZ,301107.0,瑜欣电子,重庆,机械基件,创业板,20220524
301108.SZ,301108.0,洁雅股份,安徽,日用化工,创业板,20211203
301109.SZ,301109.0,军信股份,湖南,环境保护,创业板,20220413
301110.SZ,301110.0,青木科技,广东,互联网,创业板,20220311
301111.SZ,301111.0,粤万年青,广东,中成药,创业板,20211207
301112.SZ,301112.0,信邦智能,广东,专用机械,创业板,20220629
301113.SZ,301113.0,雅艺科技,浙江,家居用品,创业板,20211222
301115.SZ,301115.0,联检科技,江苏,建筑工程,创业板,20220831
301116.SZ,301116.0,益客食品,江苏,食品,创业板,20220118
301117.SZ,301117.0,佳缘科技,四川,软件服务,创业板,20220117
301118.SZ,301118.0,恒光股份,湖南,化工原料,创业板,20211118
301119.SZ,301119.0,正强股份,浙江,汽车配件,创业板,20211122
301120.SZ,301120.0,新特电气,北京,电气设备,创业板,20220419
301121.SZ,301121.0,紫建电子,重庆,电气设备,创业板,20220808
301122.SZ,301122.0,采纳股份,江苏,医疗保健,创业板,20220126
301123.SZ,301123.0,奕东电子,广东,元器件,创业板,20220125
301125.SZ,301125.0,腾亚精工,江苏,机械基件,创业板,20220608
301126.SZ,301126.0,达嘉维康,湖南,医药商业,创业板,20211207
301127.SZ,301127.0,武汉天源,湖北,环境保护,创业板,20211230
301128.SZ,301128.0,强瑞技术,深圳,专用机械,创业板,20211110
301129.SZ,301129.0,瑞纳智能,安徽,电器仪表,创业板,20211102
301130.SZ,301130.0,西点药业,吉林,化学制药,创业板,20220223
301131.SZ,301131.0,聚赛龙,广东,塑料,创业板,20220314
301132.SZ,301132.0,满坤科技,江西,元器件,创业板,20220810
301133.SZ,301133.0,金钟股份,广东,汽车配件,创业板,20211126
301135.SZ,301135.0,瑞德智能,广东,元器件,创业板,20220412
301136.SZ,301136.0,招标股份,福建,建筑工程,创业板,20220111
301137.SZ,301137.0,哈焊华通,江苏,机械基件,创业板,20220322
301138.SZ,301138.0,华研精机,广东,专用机械,创业板,20211215
301139.SZ,301139.0,*ST元道,新疆,通信设备,创业板,20220708
301141.SZ,301141.0,中科磁业,浙江,矿物制品,创业板,20230403
301148.SZ,301148.0,嘉戎技术,福建,环境保护,创业板,20220421
301149.SZ,301149.0,隆华新材,山东,化工原料,创业板,20211110
301150.SZ,301150.0,中一科技,湖北,电气设备,创业板,20220421
301151.SZ,301151.0,冠龙节能,上海,机械基件,创业板,20220411
301152.SZ,301152.0,天力锂能,河南,小金属,创业板,20220829
301153.SZ,301153.0,中科江南,北京,软件服务,创业板,20220518
301155.SZ,301155.0,海力风电,江苏,电气设备,创业板,20211124
301156.SZ,301156.0,美农生物,上海,饲料,创业板,20220617
301157.SZ,301157.0,华塑科技,浙江,电气设备,创业板,20230309
301158.SZ,301158.0,德石股份,山东,专用机械,创业板,20220117
301159.SZ,301159.0,三维天地,北京,软件服务,创业板,20220107
301160.SZ,301160.0,翔楼新材,江苏,机械基件,创业板,20220606
301161.SZ,301161.0,唯万密封,上海,工程机械,创业板,20220914
301162.SZ,301162.0,国能日新,北京,软件服务,创业板,20220429
301163.SZ,301163.0,宏德股份,江苏,电气设备,创业板,20220419
301165.SZ,301165.0,锐捷网络,福建,通信设备,创业板,20221121
301166.SZ,301166.0,优宁维,上海,医药商业,创业板,20211228
301167.SZ,301167.0,建研设计,安徽,建筑工程,创业板,20211206
301168.SZ,301168.0,通灵股份,江苏,电气设备,创业板,20211210
301169.SZ,301169.0,零点有数,北京,文教休闲,创业板,20211103
301170.SZ,301170.0,锡南科技,江苏,汽车配件,创业板,20230627
301171.SZ,301171.0,易点天下,陕西,互联网,创业板,20220819
301172.SZ,301172.0,君逸数码,四川,软件服务,创业板,20230726
301173.SZ,301173.0,毓恬冠佳,上海,汽车配件,创业板,20250303
301175.SZ,301175.0,中科环保,北京,环境保护,创业板,20220708
301176.SZ,301176.0,逸豪新材,江西,元器件,创业板,20220928
301177.SZ,301177.0,迪阿股份,深圳,服饰,创业板,20211215
301178.SZ,301178.0,天亿马,广东,软件服务,创业板,20211112
301179.SZ,301179.0,泽宇智能,江苏,软件服务,创业板,20211208
301180.SZ,301180.0,万祥科技,江苏,元器件,创业板,20211116
301181.SZ,301181.0,标榜股份,江苏,汽车配件,创业板,20220221
301182.SZ,301182.0,凯旺科技,河南,元器件,创业板,20211223
301183.SZ,301183.0,东田微,湖北,元器件,创业板,20220524
301185.SZ,301185.0,鸥玛软件,山东,软件服务,创业板,20211119
301186.SZ,301186.0,超达装备,江苏,专用机械,创业板,20211223
301187.SZ,301187.0,欧圣电气,江苏,家用电器,创业板,20220422
301188.SZ,301188.0,力诺药包,山东,玻璃,创业板,20211111
301189.SZ,301189.0,奥尼电子,深圳,IT设备,创业板,20211228
301190.SZ,301190.0,善水科技,江西,染料涂料,创业板,20211224
301191.SZ,301191.0,菲菱科思,深圳,通信设备,创业板,20220526
301192.SZ,301192.0,泰祥股份,湖北,汽车配件,创业板,20220811
301193.SZ,301193.0,家联科技,浙江,家居用品,创业板,20211209
301195.SZ,301195.0,北路智控,江苏,软件服务,创业板,20220801
301196.SZ,301196.0,唯科科技,福建,专用机械,创业板,20220111
301197.SZ,301197.0,工大科雅,河北,软件服务,创业板,20220808
301198.SZ,301198.0,喜悦智行,浙江,塑料,创业板,20211202
301199.SZ,301199.0,迈赫股份,山东,专用机械,创业板,20211207
301200.SZ,301200.0,大族数控,深圳,专用机械,创业板,20220228
301201.SZ,301201.0,诚达药业,浙江,生物制药,创业板,20220120
301202.SZ,301202.0,朗威股份,江苏,机械基件,创业板,20230705
301203.SZ,301203.0,国泰环保,浙江,环境保护,创业板,20230404
301205.SZ,301205.0,联特科技,湖北,通信设备,创业板,20220913
301206.SZ,301206.0,三元生物,山东,食品,创业板,20220210
301207.SZ,301207.0,华兰疫苗,河南,生物制药,创业板,20220218
301208.SZ,301208.0,中亦科技,北京,软件服务,创业板,20220707
301209.SZ,301209.0,联合化学,山东,染料涂料,创业板,20220825
301210.SZ,301210.0,金杨精密,江苏,电气设备,创业板,20230630
301211.SZ,301211.0,亨迪药业,湖北,化学制药,创业板,20211222
301212.SZ,301212.0,联盛化学,浙江,化工原料,创业板,20220419
301213.SZ,301213.0,观想科技,四川,软件服务,创业板,20211206
301215.SZ,301215.0,中汽股份,江苏,汽车服务,创业板,20220308
301216.SZ,301216.0,万凯新材,浙江,化工原料,创业板,20220329
301217.SZ,301217.0,铜冠铜箔,安徽,元器件,创业板,20220127
301218.SZ,301218.0,华是科技,浙江,软件服务,创业板,20220307
301219.SZ,301219.0,腾远钴业,江西,小金属,创业板,20220317
301220.SZ,301220.0,亚香股份,江苏,化工原料,创业板,20220622
301221.SZ,301221.0,光庭信息,湖北,软件服务,创业板,20211222
301222.SZ,301222.0,浙江恒威,浙江,电气设备,创业板,20220309
301223.SZ,301223.0,中荣股份,广东,广告包装,创业板,20221026
301225.SZ,301225.0,恒勃股份,浙江,汽车配件,创业板,20230616
301226.SZ,301226.0,祥明智能,江苏,电气设备,创业板,20220325
301227.SZ,301227.0,森鹰窗业,黑龙江,家居用品,创业板,20220926
301228.SZ,301228.0,实朴检测,上海,电器仪表,创业板,20220128
301229.SZ,301229.0,纽泰格,江苏,汽车配件,创业板,20220222
301230.SZ,301230.0,泓博医药,上海,生物制药,创业板,20221101
301231.SZ,301231.0,荣信文化,陕西,出版业,创业板,20220908
301232.SZ,301232.0,飞沃科技,湖南,机械基件,创业板,20230615
301233.SZ,301233.0,盛帮股份,四川,汽车配件,创业板,20220706
301234.SZ,301234.0,五洲医疗,安徽,医疗保健,创业板,20220705
301235.SZ,301235.0,华康洁净,湖北,医疗保健,创业板,20220128
301236.SZ,301236.0,软通动力,北京,软件服务,创业板,20220315
301237.SZ,301237.0,和顺科技,浙江,塑料,创业板,20220323
301238.SZ,301238.0,瑞泰新材,江苏,化工原料,创业板,20220617
301239.SZ,301239.0,普瑞眼科,四川,医疗保健,创业板,20220705
301246.SZ,301246.0,宏源药业,湖北,化学制药,创业板,20230320
301248.SZ,301248.0,杰创智能,广东,软件服务,创业板,20220420
301251.SZ,301251.0,威尔高,江西,元器件,创业板,20230906
301252.SZ,301252.0,同星科技,浙江,机械基件,创业板,20230525
301255.SZ,301255.0,通力科技,浙江,机械基件,创业板,20221227
301256.SZ,301256.0,华融化学,四川,化工原料,创业板,20220322
301257.SZ,301257.0,普蕊斯,上海,医疗保健,创业板,20220517
301258.SZ,301258.0,富士莱,江苏,化学制药,创业板,20220329
301259.SZ,301259.0,艾布鲁,湖南,环境保护,创业板,20220426
301260.SZ,301260.0,格力博,江苏,专用机械,创业板,20230208
301261.SZ,301261.0,恒工精密,河北,机械基件,创业板,20230710
301262.SZ,301262.0,海看股份,山东,影视音像,创业板,20230620
301263.SZ,301263.0,泰恩康,广东,医药商业,创业板,20220329
301265.SZ,301265.0,华新科技,北京,环境保护,创业板,20221216
301266.SZ,301266.0,宇邦新材,江苏,电气设备,创业板,20220608
301267.SZ,301267.0,华厦眼科,福建,医疗保健,创业板,20221107
301268.SZ,301268.0,铭利达,深圳,机械基件,创业板,20220407
301269.SZ,301269.0,华大九天,北京,半导体,创业板,20220729
301270.SZ,301270.0,汉仪股份,北京,软件服务,创业板,20220831
301272.SZ,301272.0,英华特,江苏,专用机械,创业板,20230713
301273.SZ,301273.0,瑞晨环保,上海,机械基件,创业板,20221025
301275.SZ,301275.0,汉朔科技,浙江,元器件,创业板,20250311
301276.SZ,301276.0,嘉曼服饰,北京,服饰,创业板,20220909
301277.SZ,301277.0,新天地,河南,化学制药,创业板,20221116
301278.SZ,301278.0,快可电子,江苏,电气设备,创业板,20220804
301279.SZ,301279.0,金道科技,浙江,工程机械,创业板,20220413
301280.SZ,301280.0,珠城科技,浙江,元器件,创业板,20221226
301281.SZ,301281.0,科源制药,山东,化学制药,创业板,20230404
301282.SZ,301282.0,金禄电子,广东,元器件,创业板,20220826
301283.SZ,301283.0,聚胶股份,广东,日用化工,创业板,20220902
301285.SZ,301285.0,鸿日达,江苏,元器件,创业板,20220928
301286.SZ,301286.0,侨源股份,四川,化工原料,创业板,20220614
301287.SZ,301287.0,康力源,江苏,文教休闲,创业板,20230614
301288.SZ,301288.0,清研环境,深圳,环境保护,创业板,20220422
301289.SZ,301289.0,国缆检测,上海,电器仪表,创业板,20220622
301290.SZ,301290.0,东星医疗,江苏,医疗保健,创业板,20221130
301291.SZ,301291.0,明阳电气,广东,电气设备,创业板,20230630
301292.SZ,301292.0,海科新源,山东,化工原料,创业板,20230707
301293.SZ,301293.0,三博脑科,北京,医疗保健,创业板,20230505
301295.SZ,301295.0,美硕科技,浙江,电气设备,创业板,20230628
301296.SZ,301296.0,新巨丰,山东,广告包装,创业板,20220902
301297.SZ,301297.0,富乐德,安徽,半导体,创业板,20221230
301298.SZ,301298.0,东利机械,河北,汽车配件,创业板,20220606
301299.SZ,301299.0,卓创资讯,山东,互联网,创业板,20221019
301300.SZ,301300.0,远翔新材,福建,化工原料,创业板,20220819
301301.SZ,301301.0,川宁生物,新疆,化学制药,创业板,20221227
301302.SZ,301302.0,华如科技,北京,软件服务,创业板,20220623
301303.SZ,301303.0,真兰仪表,上海,电器仪表,创业板,20230220
301305.SZ,301305.0,朗坤科技,深圳,环境保护,创业板,20230523
301306.SZ,301306.0,西测测试,陕西,航空,创业板,20220726
301307.SZ,301307.0,美利信,重庆,通信设备,创业板,20230424
301308.SZ,301308.0,江波龙,深圳,半导体,创业板,20220805
301309.SZ,301309.0,万得凯,浙江,机械基件,创业板,20220919
301310.SZ,301310.0,鑫宏业,江苏,汽车配件,创业板,20230602
301311.SZ,301311.0,昆船智能,云南,机械基件,创业板,20221130
301312.SZ,301312.0,智立方,深圳,专用机械,创业板,20220711
301313.SZ,301313.0,凡拓数创,广东,文教休闲,创业板,20220930
301314.SZ,301314.0,科瑞思,广东,元器件,创业板,20230328
301315.SZ,301315.0,威士顿,上海,软件服务,创业板,20230621
301316.SZ,301316.0,慧博云通,浙江,软件服务,创业板,20221013
301317.SZ,301317.0,鑫磊股份,浙江,机械基件,创业板,20230119
301318.SZ,301318.0,维海德,深圳,IT设备,创业板,20220810
301319.SZ,301319.0,唯特偶,深圳,元器件,创业板,20220929
301320.SZ,301320.0,豪江智能,山东,电气设备,创业板,20230609
301321.SZ,301321.0,翰博高新,安徽,元器件,创业板,20220818
301322.SZ,301322.0,绿通科技,广东,摩托车,创业板,20230306
301323.SZ,301323.0,新莱福,广东,橡胶,创业板,20230606
301325.SZ,301325.0,曼恩斯特,深圳,专用机械,创业板,20230512
301326.SZ,301326.0,捷邦科技,广东,元器件,创业板,20220921
301327.SZ,301327.0,华宝新能,深圳,电气设备,创业板,20220919
301328.SZ,301328.0,维峰电子,广东,元器件,创业板,20220908
301329.SZ,301329.0,信音电子,江苏,元器件,创业板,20230717
301330.SZ,301330.0,熵基科技,广东,IT设备,创业板,20220817
301331.SZ,301331.0,恩威医药,西藏,中成药,创业板,20220921
301332.SZ,301332.0,德尔玛,广东,家用电器,创业板,20230518
301333.SZ,301333.0,诺思格,北京,医疗保健,创业板,20220802
301335.SZ,301335.0,天元宠物,浙江,文教休闲,创业板,20221118
301336.SZ,301336.0,趣睡科技,四川,家居用品,创业板,20220812
301337.SZ,301337.0,亚华电子,山东,软件服务,创业板,20230526
301338.SZ,301338.0,凯格精机,广东,专用机械,创业板,20220816
301339.SZ,301339.0,通行宝,江苏,IT设备,创业板,20220909
301345.SZ,301345.0,涛涛车业,浙江,摩托车,创业板,20230321
301348.SZ,301348.0,蓝箭电子,广东,半导体,创业板,20230810
301349.SZ,301349.0,信德新材,辽宁,化工原料,创业板,20220909
301353.SZ,301353.0,普莱得,浙江,专用机械,创业板,20230530
301355.SZ,301355.0,南王科技,福建,广告包装,创业板,20230612
301356.SZ,301356.0,天振股份,浙江,家居用品,创业板,20221114
301357.SZ,301357.0,北方长龙,陕西,专用机械,创业板,20230418
301358.SZ,301358.0,湖南裕能,湖南,电气设备,创业板,20230209
301359.SZ,301359.0,东南电子,浙江,元器件,创业板,20221109
301360.SZ,301360.0,荣旗科技,江苏,专用机械,创业板,20230425
301361.SZ,301361.0,众智科技,河南,电气设备,创业板,20221116
301362.SZ,301362.0,民爆光电,深圳,电气设备,创业板,20230804
301363.SZ,301363.0,美好医疗,深圳,医疗保健,创业板,20221012
301365.SZ,301365.0,矩阵股份,深圳,建筑工程,创业板,20221122
301366.SZ,301366.0,一博科技,深圳,元器件,创业板,20220926
301367.SZ,301367.0,瑞迈特,北京,医疗保健,创业板,20221101
301368.SZ,301368.0,丰立智能,浙江,机械基件,创业板,20221215
301369.SZ,301369.0,联动科技,广东,半导体,创业板,20220922
301370.SZ,301370.0,国科恒泰,北京,医药商业,创业板,20230712
301371.SZ,301371.0,敷尔佳,黑龙江,日用化工,创业板,20230801
301372.SZ,301372.0,科净源,北京,环境保护,创业板,20230811
301373.SZ,301373.0,凌玮科技,广东,化工原料,创业板,20230208
301376.SZ,301376.0,致欧科技,河南,家居用品,创业板,20230621
301377.SZ,301377.0,鼎泰高科,广东,机械基件,创业板,20221122
301378.SZ,301378.0,通达海,江苏,软件服务,创业板,20230320
301379.SZ,301379.0,天山电子,广西,元器件,创业板,20221101
301380.SZ,301380.0,挖金客,北京,软件服务,创业板,20221025
301381.SZ,301381.0,赛维时代,深圳,互联网,创业板,20230712
301382.SZ,301382.0,蜂助手,广东,互联网,创业板,20230517
301383.SZ,301383.0,天键股份,江西,元器件,创业板,20230609
301386.SZ,301386.0,未来电器,江苏,电气设备,创业板,20230329
301387.SZ,301387.0,光大同创,深圳,元器件,创业板,20230418
301388.SZ,301388.0,欣灵电气,浙江,电气设备,创业板,20221109
301389.SZ,301389.0,隆扬电子,江苏,元器件,创业板,20221031
301390.SZ,301390.0,经纬股份,浙江,建筑工程,创业板,20230508
301391.SZ,301391.0,卡莱特,深圳,IT设备,创业板,20221201
301392.SZ,301392.0,汇成真空,广东,专用机械,创业板,20240605
301393.SZ,301393.0,昊帆生物,江苏,化工原料,创业板,20230712
301395.SZ,301395.0,仁信新材,广东,化工原料,创业板,20230703
301396.SZ,301396.0,宏景科技,广东,软件服务,创业板,20221111
301397.SZ,301397.0,溯联股份,重庆,汽车配件,创业板,20230628
301398.SZ,301398.0,星源卓镁,浙江,汽车配件,创业板,20221215
301399.SZ,301399.0,英特科技,浙江,机械基件,创业板,20230523
301408.SZ,301408.0,华人健康,安徽,医药商业,创业板,20230301
301413.SZ,301413.0,安培龙,深圳,电器仪表,创业板,20231218
301418.SZ,301418.0,协昌科技,江苏,电气设备,创业板,20230821
301419.SZ,301419.0,阿莱德,上海,通信设备,创业板,20230209
301421.SZ,301421.0,波长光电,江苏,元器件,创业板,20230823
301428.SZ,301428.0,世纪恒通,贵州,互联网,创业板,20230519
301429.SZ,301429.0,森泰股份,安徽,其他建材,创业板,20230417
301439.SZ,301439.0,泓淋电力,山东,电气设备,创业板,20230317
301446.SZ,301446.0,福事特,江西,机械基件,创业板,20230725
301448.SZ,301448.0,开创电气,浙江,机械基件,创业板,20230619
301449.SZ,301449.0,天溯计量,深圳,电器仪表,创业板,20251223
301456.SZ,301456.0,盘古智能,山东,电气设备,创业板,20230714
301458.SZ,301458.0,钧崴电子,广东,元器件,创业板,20250110
301459.SZ,301459.0,丰茂股份,浙江,汽车配件,创业板,20231213
301468.SZ,301468.0,博盈特焊,广东,专用机械,创业板,20230724
301469.SZ,301469.0,恒达新材,浙江,造纸,创业板,20230822
301479.SZ,301479.0,弘景光电,广东,元器件,创业板,20250318
301486.SZ,301486.0,致尚科技,深圳,元器件,创业板,20230707
301487.SZ,301487.0,盟固利,天津,化工原料,创业板,20230809
301488.SZ,301488.0,豪恩汽电,深圳,汽车配件,创业板,20230704
301489.SZ,301489.0,思泉新材,广东,元器件,创业板,20231024
301491.SZ,301491.0,汉桑科技,江苏,IT设备,创业板,20250806
301498.SZ,301498.0,乖宝宠物,山东,饲料,创业板,20230816
301499.SZ,301499.0,维科精密,上海,汽车配件,创业板,20230721
301500.SZ,301500.0,飞南资源,广东,环境保护,创业板,20230921
301501.SZ,301501.0,恒鑫生活,安徽,造纸,创业板,20250319
301502.SZ,301502.0,华阳智能,江苏,电气设备,创业板,20240202
301503.SZ,301503.0,智迪科技,广东,IT设备,创业板,20230717
301505.SZ,301505.0,苏州规划,江苏,建筑工程,创业板,20230719
301507.SZ,301507.0,民生健康,浙江,化学制药,创业板,20230905
301508.SZ,301508.0,中机认检,北京,电器仪表,创业板,20231201
301509.SZ,301509.0,金凯生科,辽宁,化学制药,创业板,20230803
301510.SZ,301510.0,固高科技,深圳,电器仪表,创业板,20230815
301511.SZ,301511.0,德福科技,江西,电气设备,创业板,20230817
301512.SZ,301512.0,智信精密,深圳,专用机械,创业板,20230720
301515.SZ,301515.0,港通医疗,四川,医疗保健,创业板,20230725
301516.SZ,301516.0,中远通,深圳,电气设备,创业板,20231208
301517.SZ,301517.0,陕西华达,陕西,元器件,创业板,20231017
301518.SZ,301518.0,长华化学,江苏,化工原料,创业板,20230803
301519.SZ,301519.0,舜禹股份,安徽,专用机械,创业板,20230727
301520.SZ,301520.0,万邦医药,安徽,生物制药,创业板,20230925
301522.SZ,301522.0,上大股份,河北,小金属,创业板,20241016
301525.SZ,301525.0,儒竞科技,上海,家用电器,创业板,20230830
301526.SZ,301526.0,国际复材,重庆,玻璃,创业板,20231226
301528.SZ,301528.0,多浦乐,广东,电器仪表,创业板,20230828
301529.SZ,301529.0,福赛科技,安徽,汽车配件,创业板,20230911
301533.SZ,301533.0,威马农机,重庆,农用机械,创业板,20230818
301535.SZ,301535.0,浙江华远,浙江,汽车配件,创业板,20250327
301536.SZ,301536.0,星宸科技,福建,半导体,创业板,20240328
301538.SZ,301538.0,骏鼎达,深圳,塑料,创业板,20240320
301539.SZ,301539.0,宏鑫科技,浙江,汽车配件,创业板,20240415
301548.SZ,301548.0,崇德科技,湖南,机械基件,创业板,20230920
301550.SZ,301550.0,斯菱智驱,浙江,汽车配件,创业板,20230915
301551.SZ,301551.0,无线传媒,河北,影视音像,创业板,20240926
301552.SZ,301552.0,科力装备,河北,汽车配件,创业板,20240722
301555.SZ,301555.0,惠柏新材,上海,化工原料,创业板,20231031
301556.SZ,301556.0,托普云农,浙江,软件服务,创业板,20241017
301557.SZ,301557.0,常友科技,江苏,电气设备,创业板,20250304
301558.SZ,301558.0,三态股份,深圳,互联网,创业板,20230928
301559.SZ,301559.0,中集环科,江苏,专用机械,创业板,20231011
301560.SZ,301560.0,众捷汽车,江苏,汽车配件,创业板,20250425
301563.SZ,301563.0,云汉芯城,上海,元器件,创业板,20250930
301565.SZ,301565.0,中仑新材,福建,塑料,创业板,20240620
301566.SZ,301566.0,达利凯普,辽宁,元器件,创业板,20231229
301567.SZ,301567.0,贝隆精密,浙江,元器件,创业板,20240116
301568.SZ,301568.0,思泰克,福建,专用机械,创业板,20231128
301571.SZ,301571.0,国科天成,北京,元器件,创业板,20240821
301575.SZ,301575.0,艾芬达,江西,家居用品,创业板,20250910
301577.SZ,301577.0,美信科技,广东,元器件,创业板,20240124
301578.SZ,301578.0,辰奕智能,广东,IT设备,创业板,20231228
301580.SZ,301580.0,爱迪特,河北,医疗保健,创业板,20240626
301581.SZ,301581.0,黄山谷捷,安徽,半导体,创业板,20250103
301584.SZ,301584.0,建发致新,上海,医药商业,创业板,20250925
301585.SZ,301585.0,蓝宇股份,浙江,染料涂料,创业板,20241220
301586.SZ,301586.0,佳力奇,安徽,航空,创业板,20240828
301587.SZ,301587.0,中瑞股份,江苏,电气设备,创业板,20240408
301588.SZ,301588.0,美新科技,广东,家居用品,创业板,20240313
301589.SZ,301589.0,诺瓦星云,陕西,IT设备,创业板,20240208
301590.SZ,301590.0,优优绿能,深圳,电气设备,创业板,20250605
301591.SZ,301591.0,肯特股份,江苏,塑料,创业板,20240228
301592.SZ,301592.0,六九一二,四川,软件服务,创业板,20241024
301595.SZ,301595.0,太力科技,广东,橡胶,创业板,20250519
301596.SZ,301596.0,瑞迪智驱,四川,机械基件,创业板,20240513
301598.SZ,301598.0,博科测试,北京,专用机械,创业板,20241220
301600.SZ,301600.0,慧翰股份,福建,通信设备,创业板,20240911
301601.SZ,301601.0,惠通科技,江苏,专用机械,创业板,20250115
301602.SZ,301602.0,超研股份,广东,医疗保健,创业板,20250122
301603.SZ,301603.0,乔锋智能,广东,机床制造,创业板,20240710
301606.SZ,301606.0,绿联科技,深圳,元器件,创业板,20240726
301607.SZ,301607.0,富特科技,浙江,汽车配件,创业板,20240904
301608.SZ,301608.0,博实结,深圳,通信设备,创业板,20240801
301609.SZ,301609.0,山大电力,山东,电气设备,创业板,20250723
301611.SZ,301611.0,珂玛科技,江苏,半导体,创业板,20240816
301613.SZ,301613.0,新铝时代,重庆,汽车配件,创业板,20241025
301616.SZ,301616.0,浙江华业,浙江,机械基件,创业板,20250327
301617.SZ,301617.0,博苑新材,山东,化工原料,创业板,20241211
301618.SZ,301618.0,长联科技,广东,染料涂料,创业板,20240930
301622.SZ,301622.0,英思特,内蒙,矿物制品,创业板,20241204
301626.SZ,301626.0,苏州天脉,江苏,元器件,创业板,20241024
301628.SZ,301628.0,强达电路,深圳,元器件,创业板,20241031
301629.SZ,301629.0,矽电股份,深圳,半导体,创业板,20250324
301630.SZ,301630.0,同宇新材,广东,化工原料,创业板,20250710
301631.SZ,301631.0,壹连科技,深圳,元器件,创业板,20241122
301632.SZ,301632.0,广东建科,广东,建筑工程,创业板,20250812
301633.SZ,301633.0,港迪技术,湖北,专用机械,创业板,20241107
301636.SZ,301636.0,泽润新能,江苏,电气设备,创业板,20250516
301638.SZ,301638.0,南网数字,广东,软件服务,创业板,20251118
301656.SZ,301656.0,联合动力,江苏,汽车配件,创业板,20250925
301658.SZ,301658.0,首航新能,深圳,电气设备,创业板,20250402
301662.SZ,301662.0,宏工科技,广东,专用机械,创业板,20250417
301665.SZ,301665.0,泰禾股份,江苏,农药化肥,创业板,20250411
301667.SZ,301667.0,纳百川,浙江,汽车配件,创业板,20251223
301668.SZ,301668.0,昊创瑞通,北京,电气设备,创业板,20250926
301678.SZ,301678.0,新恒汇,山东,半导体,创业板,20250620
301687.SZ,301687.0,新广益,江苏,化工原料,创业板,20251231
302132.SZ,302132.0,中航成飞,陕西,航空,创业板,20100827
001220.SZ,1220.0,世盟股份,北京,仓储物流,主板,20260203
001237.SZ,1237.0,惠康科技,浙江,电气设备,主板,20260522
001257.SZ,1257.0,盛龙股份,河南,小金属,主板,20260331
001312.SZ,1312.0,福恩股份,浙江,纺织,主板,20260421
001365.SZ,1365.0,天海电子,河南,汽车配件,主板,20260518
001393.SZ,1393.0,维通利,北京,电气设备,主板,20260515
301513.SZ,301513.0,尚水智能,深圳,专用机械,创业板,20260417
301531.SZ,301531.0,春光集团,山东,矿物制品,创业板,20260511
301599.SZ,301599.0,理奇智能,江苏,专用机械,创业板,20260430
301666.SZ,301666.0,大普微,深圳,IT设备,创业板,20260416
301669.SZ,301669.0,高特电子,浙江,电气设备,创业板,20260609
301680.SZ,301680.0,固德电材,江苏,汽车配件,创业板,20260306
301682.SZ,301682.0,宏明电子,四川,元器件,创业板,20260325
301683.SZ,301683.0,慧谷新材,广东,染料涂料,创业板,20260401
301696.SZ,301696.0,三瑞智能,江西,电气设备,创业板,20260410
001399.SZ,1399.0,惠科股份,深圳,元器件,主板,20260626
001248.SZ,1248.0,华润新能源,深圳,新型电力,主板,20260702
301583.SZ,301583.0,托伦斯,江苏,机械基件,创业板,20260710
920000.BJ,920000.0,安徽凤凰,安徽,汽车配件,北交所,20201223
920001.BJ,920001.0,纬达光电,广东,元器件,北交所,20221227
920002.BJ,920002.0,万达轴承,江苏,工程机械,北交所,20240530
920003.BJ,920003.0,中诚咨询,江苏,建筑工程,北交所,20251107
920005.BJ,920005.0,鼎佳精密,江苏,元器件,北交所,20250731
920006.BJ,920006.0,晟楠科技,江苏,航空,北交所,20230518
920007.BJ,920007.0,酉立智能,江苏,电气设备,北交所,20250808
920008.BJ,920008.0,成电光信,四川,通信设备,北交所,20240829
920009.BJ,920009.0,丹娜生物,天津,医疗保健,北交所,20251103
920010.BJ,920010.0,凯添燃气,宁夏,供气供热,北交所,20200727
920014.BJ,920014.0,特瑞斯,江苏,专用机械,北交所,20221213
920015.BJ,920015.0,锦华新材,浙江,化工原料,北交所,20250925
920016.BJ,920016.0,中草香料,安徽,日用化工,北交所,20240913
920017.BJ,920017.0,星昊医药,北京,化学制药,北交所,20230531
920018.BJ,920018.0,宏远股份,辽宁,电气设备,北交所,20250820
920019.BJ,920019.0,铜冠矿建,安徽,建筑工程,北交所,20241011
920020.BJ,920020.0,泰凯英,山东,汽车配件,北交所,20251028
920021.BJ,920021.0,流金科技,北京,影视音像,北交所,20200727
920022.BJ,920022.0,世昌股份,河北,汽车配件,北交所,20250919
920023.BJ,920023.0,*ST田野,广西,食品,北交所,20230202
920026.BJ,920026.0,卓兆点胶,江苏,机械基件,北交所,20231019
920027.BJ,920027.0,交大铁发,四川,运输设备,北交所,20250610
920029.BJ,920029.0,开发科技,四川,电器仪表,北交所,20250328
920030.BJ,920030.0,德众汽车,湖南,汽车服务,北交所,20201127
920033.BJ,920033.0,康普化学,重庆,化工原料,北交所,20221221
920035.BJ,920035.0,精创电气,江苏,专用机械,北交所,20251202
920037.BJ,920037.0,广信科技,湖南,电气设备,北交所,20250626
920039.BJ,920039.0,国义招标,广东,建筑工程,北交所,20210818
920045.BJ,920045.0,蘅东光,深圳,通信设备,北交所,20251231
920046.BJ,920046.0,亿能电力,江苏,电气设备,北交所,20221013
920047.BJ,920047.0,诺思兰德,北京,生物制药,北交所,20201124
920050.BJ,920050.0,爱伦医疗,江苏,医疗保健,北交所,20260121
920056.BJ,920056.0,能之光,浙江,塑料,北交所,20250822
920057.BJ,920057.0,百甲科技,江苏,钢加工,北交所,20230314
920058.BJ,920058.0,华洋赛车,浙江,摩托车,北交所,20230810
920060.BJ,920060.0,万源通,江苏,元器件,北交所,20241119
920061.BJ,920061.0,西磁科技,浙江,专用机械,北交所,20231221
920062.BJ,920062.0,科润智控,浙江,电气设备,北交所,20220713
920066.BJ,920066.0,科拜尔,安徽,塑料,北交所,20241031
920068.BJ,920068.0,天工股份,江苏,小金属,北交所,20250513
920075.BJ,920075.0,柏星龙,深圳,广告包装,北交所,20221214
920076.BJ,920076.0,国亮新材,河北,其他建材,北交所,20260122
920077.BJ,920077.0,吉林碳谷,吉林,化纤,北交所,20210831
920080.BJ,920080.0,奥美森,广东,专用机械,北交所,20251010
920082.BJ,920082.0,方正阀门,浙江,机械基件,北交所,20241226
920086.BJ,920086.0,科马材料,浙江,汽车配件,北交所,20260116
920087.BJ,920087.0,秋乐种业,河南,种植业,北交所,20221207
920088.BJ,920088.0,科力股份,新疆,石油开采,北交所,20241029
920089.BJ,920089.0,禾昌聚合,江苏,塑料,北交所,20211109
920090.BJ,920090.0,*ST同辉,北京,IT设备,北交所,20210809
920091.BJ,920091.0,大鹏工业,黑龙江,专用机械,北交所,20251121
920092.BJ,920092.0,汉鑫科技,山东,软件服务,北交所,20211115
920098.BJ,920098.0,科隆新材,陕西,橡胶,北交所,20241205
920099.BJ,920099.0,瑞华技术,江苏,石油加工,北交所,20240925
920100.BJ,920100.0,三协电机,江苏,电气设备,北交所,20250908
920101.BJ,920101.0,志高机械,浙江,专用机械,北交所,20250814
920106.BJ,920106.0,林泰新材,江苏,汽车配件,北交所,20241218
920108.BJ,920108.0,宏海科技,湖北,家用电器,北交所,20250206
920110.BJ,920110.0,雷特科技,广东,电气设备,北交所,20221206
920111.BJ,920111.0,聚星科技,浙江,电气设备,北交所,20241111
920112.BJ,920112.0,巴兰仕,上海,专用机械,北交所,20250828
920116.BJ,920116.0,星图测控,安徽,软件服务,北交所,20250102
920118.BJ,920118.0,太湖远大,浙江,塑料,北交所,20240822
920121.BJ,920121.0,江天科技,江苏,广告包装,北交所,20251225
920122.BJ,920122.0,中纺标,北京,综合类,北交所,20220927
920123.BJ,920123.0,芭薇股份,广东,日用化工,北交所,20240329
920124.BJ,920124.0,南特科技,广东,机械基件,北交所,20251127
920128.BJ,920128.0,胜业电气,广东,元器件,北交所,20241129
920130.BJ,920130.0,立方控股,浙江,软件服务,北交所,20231102
920132.BJ,920132.0,泰鹏智能,山东,家居用品,北交所,20231116
920139.BJ,920139.0,华岭股份,上海,半导体,北交所,20221028
920145.BJ,920145.0,恒合股份,北京,环境保护,北交所,20211115
920146.BJ,920146.0,华阳变速,湖北,汽车配件,北交所,20210720
920149.BJ,920149.0,旭杰科技,江苏,建筑工程,北交所,20200727
920152.BJ,920152.0,昆工科技,云南,小金属,北交所,20220901
920158.BJ,920158.0,长江能科,江苏,专用机械,北交所,20251016
920160.BJ,920160.0,北矿检测,北京,电器仪表,北交所,20251118
920163.BJ,920163.0,方大新材,河北,塑料,北交所,20200727
920167.BJ,920167.0,同享科技,江苏,小金属,北交所,20200727
920169.BJ,920169.0,七丰精工,浙江,机械基件,北交所,20220415
920171.BJ,920171.0,志晟信息,河北,软件服务,北交所,20211115
920174.BJ,920174.0,五新智能,湖南,工程机械,北交所,20210820
920175.BJ,920175.0,东方碳素,河南,化工原料,北交所,20230630
920179.BJ,920179.0,凯德石英,北京,矿物制品,北交所,20220304
920184.BJ,920184.0,国源科技,北京,软件服务,北交所,20200727
920185.BJ,920185.0,贝特瑞,深圳,化工原料,北交所,20200727
920190.BJ,920190.0,雷神科技,山东,IT设备,北交所,20221223
920195.BJ,920195.0,三祥科技,山东,汽车配件,北交所,20221230
920198.BJ,920198.0,微创光电,湖北,IT设备,北交所,20200727
920199.BJ,920199.0,倍益康,四川,家用电器,北交所,20221201
920204.BJ,920204.0,沪江材料,江苏,塑料,北交所,20220118
920207.BJ,920207.0,众诚科技,河南,软件服务,北交所,20220923
920208.BJ,920208.0,青矩技术,北京,建筑工程,北交所,20230629
920212.BJ,920212.0,智新电子,山东,元器件,北交所,20210608
920221.BJ,920221.0,易实精密,江苏,汽车配件,北交所,20230608
920223.BJ,920223.0,荣亿精密,浙江,机械基件,北交所,20220609
920225.BJ,920225.0,利通科技,河南,橡胶,北交所,20210225
920227.BJ,920227.0,美登科技,浙江,软件服务,北交所,20221228
920230.BJ,920230.0,欧康医药,四川,生物制药,北交所,20221209
920237.BJ,920237.0,力佳科技,湖北,电气设备,北交所,20221125
920239.BJ,920239.0,长虹能源,四川,电气设备,北交所,20210209
920242.BJ,920242.0,建邦科技,山东,汽车配件,北交所,20200727
920245.BJ,920245.0,威博液压,江苏,机械基件,北交所,20220106
920247.BJ,920247.0,华密新材,河北,橡胶,北交所,20221223
920249.BJ,920249.0,利尔达,浙江,元器件,北交所,20230217
920252.BJ,920252.0,天宏锂电,浙江,电气设备,北交所,20230119
920260.BJ,920260.0,中寰股份,四川,专用机械,北交所,20211115
920261.BJ,920261.0,一诺威,山东,化工原料,北交所,20230403
920262.BJ,920262.0,太湖雪,江苏,纺织,北交所,20221230
920263.BJ,920263.0,中航泰达,北京,环境保护,北交所,20200727
920266.BJ,920266.0,生物谷,云南,中成药,北交所,20200727
920267.BJ,920267.0,鑫汇科,深圳,元器件,北交所,20220527
920270.BJ,920270.0,天铭科技,浙江,汽车配件,北交所,20220902
920271.BJ,920271.0,邦德股份,山东,汽车配件,北交所,20220602
920273.BJ,920273.0,一致魔芋,湖北,食品,北交所,20230221
920274.BJ,920274.0,宏裕包材,湖北,广告包装,北交所,20230818
920275.BJ,920275.0,驱动力,广东,农业综合,北交所,20210125
920278.BJ,920278.0,鹿得医疗,江苏,医疗保健,北交所,20200727
920284.BJ,920284.0,灵鸽科技,江苏,专用机械,北交所,20231219
920299.BJ,920299.0,灿能电力,江苏,电气设备,北交所,20220610
920300.BJ,920300.0,辰光医疗,上海,医疗保健,北交所,20221207
920304.BJ,920304.0,迪尔化工,山东,化工原料,北交所,20230418
920305.BJ,920305.0,云创退,,,北交所,20210826
920339.BJ,920339.0,恒太照明,江苏,家用电器,北交所,20221117
920344.BJ,920344.0,三元基因,北京,生物制药,北交所,20210108
920346.BJ,920346.0,威贸电子,上海,元器件,北交所,20220223
920351.BJ,920351.0,华光源海,湖南,仓储物流,北交所,20221229
920357.BJ,920357.0,雅葆轩,安徽,元器件,北交所,20221118
920363.BJ,920363.0,莱赛激光,江苏,电器仪表,北交所,20231228
920367.BJ,920367.0,新赣江,江西,化学制药,北交所,20230209
920368.BJ,920368.0,连城数控,辽宁,专用机械,北交所,20200727
920370.BJ,920370.0,新安洁,重庆,环境保护,北交所,20200727
920371.BJ,920371.0,欧福蛋业,江苏,食品,北交所,20230118
920374.BJ,920374.0,云里物里,深圳,通信设备,北交所,20221129
920375.BJ,920375.0,派诺科技,广东,电气设备,北交所,20231214
920378.BJ,920378.0,泰德股份,山东,汽车配件,北交所,20220620
920392.BJ,920392.0,佳合科技,江苏,广告包装,北交所,20221230
920394.BJ,920394.0,民士达,山东,造纸,北交所,20230425
920395.BJ,920395.0,朗鸿科技,浙江,IT设备,北交所,20220901
920396.BJ,920396.0,常辅股份,江苏,电器仪表,北交所,20201118
920402.BJ,920402.0,硅烷科技,河南,化工原料,北交所,20220928
920403.BJ,920403.0,康农种业,湖北,种植业,北交所,20240118
920405.BJ,920405.0,海希通讯,上海,电器仪表,北交所,20211105
920407.BJ,920407.0,驰诚股份,河南,电器仪表,北交所,20230216
920414.BJ,920414.0,欧普泰,上海,电器仪表,北交所,20221212
920415.BJ,920415.0,恒拓开源,河南,软件服务,北交所,20200727
920418.BJ,920418.0,苏轴股份,江苏,汽车配件,北交所,20200727
920419.BJ,920419.0,路斯股份,山东,饲料,北交所,20220311
920422.BJ,920422.0,润普食品,江苏,食品,北交所,20230301
920425.BJ,920425.0,乐创技术,四川,专用机械,北交所,20230130
920427.BJ,920427.0,华维设计,江西,建筑工程,北交所,20210205
920429.BJ,920429.0,康比特,北京,食品,北交所,20221215
920433.BJ,920433.0,大唐药业,内蒙,中成药,北交所,20200727
920436.BJ,920436.0,大地电气,江苏,汽车配件,北交所,20211115
920438.BJ,920438.0,戈碧迦,湖北,元器件,北交所,20240325
920445.BJ,920445.0,龙竹科技,福建,家居用品,北交所,20200727
920454.BJ,920454.0,同心传动,河南,汽车配件,北交所,20211115
920455.BJ,920455.0,汇隆活塞,辽宁,专用机械,北交所,20230621
920469.BJ,920469.0,富恒新材,深圳,塑料,北交所,20230918
920471.BJ,920471.0,美邦科技,河北,化工原料,北交所,20230525
920475.BJ,920475.0,三友科技,浙江,专用机械,北交所,20200727
920476.BJ,920476.0,海能技术,山东,电器仪表,北交所,20221014
920478.BJ,920478.0,峆一药业,安徽,化学制药,北交所,20230223
920489.BJ,920489.0,佳先股份,安徽,化工原料,北交所,20200727
920491.BJ,920491.0,奥迪威,广东,元器件,北交所,20220614
920493.BJ,920493.0,并行科技,北京,软件服务,北交所,20231101
920496.BJ,920496.0,许昌智能,河南,电气设备,北交所,20240126
920504.BJ,920504.0,博迅生物,上海,医疗保健,北交所,20230817
920505.BJ,920505.0,九菱科技,湖北,机械基件,北交所,20221221
920508.BJ,920508.0,殷图网联,北京,电气设备,北交所,20200727
920509.BJ,920509.0,同惠电子,江苏,电器仪表,北交所,20210111
920510.BJ,920510.0,丰光精密,山东,机械基件,北交所,20201228
920519.BJ,920519.0,万德股份,陕西,化工原料,北交所,20230915
920522.BJ,920522.0,纳科诺尔,河北,专用机械,北交所,20231116
920523.BJ,920523.0,德瑞锂电,广东,电气设备,北交所,20210603
920526.BJ,920526.0,凯华材料,天津,化工原料,北交所,20221222
920527.BJ,920527.0,夜光明,浙江,纺织,北交所,20221027
920533.BJ,920533.0,骏创科技,江苏,汽车配件,北交所,20220524
920541.BJ,920541.0,铁大科技,上海,运输设备,北交所,20230310
920547.BJ,920547.0,无锡晶海,江苏,化学制药,北交所,20231212
920553.BJ,920553.0,凯腾精工,北京,专用机械,北交所,20210806
920556.BJ,920556.0,雅达股份,广东,电器仪表,北交所,20230317
920564.BJ,920564.0,天润科技,陕西,软件服务,北交所,20220617
920566.BJ,920566.0,梓橦宫,四川,化学制药,北交所,20210813
920570.BJ,920570.0,坤博精工,浙江,机械基件,北交所,20231123
920571.BJ,920571.0,国航远洋,福建,水运,北交所,20221215
920575.BJ,920575.0,*ST康乐,北京,生物制药,北交所,20230315
920576.BJ,920576.0,天力复合,陕西,小金属,北交所,20230712
920578.BJ,920578.0,巨能股份,宁夏,专用机械,北交所,20230512
920579.BJ,920579.0,机科股份,北京,机械基件,北交所,20231130
920580.BJ,920580.0,科创新材,河南,其他建材,北交所,20220513
920592.BJ,920592.0,华信永道,北京,软件服务,北交所,20230710
920593.BJ,920593.0,鼎智科技,江苏,机械基件,北交所,20230413
920599.BJ,920599.0,同力股份,陕西,工程机械,北交所,20210222
920608.BJ,920608.0,丰安股份,浙江,机械基件,北交所,20221216
920627.BJ,920627.0,力王股份,广东,电气设备,北交所,20230907
920634.BJ,920634.0,新威凌,湖南,铅锌,北交所,20221124
920639.BJ,920639.0,晨光电缆,浙江,电气设备,北交所,20220712
920640.BJ,920640.0,富士达,陕西,通信设备,北交所,20200727
920641.BJ,920641.0,格利尔,江苏,元器件,北交所,20221202
920642.BJ,920642.0,通易航天,江苏,航空,北交所,20210816
920651.BJ,920651.0,天罡股份,山东,电器仪表,北交所,20230627
920656.BJ,920656.0,海昇药业,浙江,化学制药,北交所,20240202
920662.BJ,920662.0,方盛股份,江苏,机械基件,北交所,20221128
920663.BJ,920663.0,明阳科技,江苏,汽车配件,北交所,20230315
920665.BJ,920665.0,科强股份,江苏,橡胶,北交所,20230926
920670.BJ,920670.0,数字人,山东,软件服务,北交所,20201208
920675.BJ,920675.0,秉扬科技,四川,矿物制品,北交所,20201228
920679.BJ,920679.0,前进科技,浙江,机械基件,北交所,20231110
920682.BJ,920682.0,球冠电缆,浙江,电气设备,北交所,20200727
920685.BJ,920685.0,新芝生物,浙江,电器仪表,北交所,20221010
920689.BJ,920689.0,克莱特,山东,专用机械,北交所,20220321
920690.BJ,920690.0,捷众科技,浙江,汽车配件,北交所,20240105
920693.BJ,920693.0,阿为特,上海,机械基件,北交所,20231027
920694.BJ,920694.0,中裕科技,江苏,塑料,北交所,20230424
920699.BJ,920699.0,海达尔,江苏,家用电器,北交所,20230509
920701.BJ,920701.0,豪声电子,浙江,元器件,北交所,20230719
920703.BJ,920703.0,广厦环能,北京,专用机械,北交所,20231205
920706.BJ,920706.0,铁拓机械,福建,工程机械,北交所,20240308
920717.BJ,920717.0,瑞星股份,河北,专用机械,北交所,20230703
920718.BJ,920718.0,合肥高科,安徽,家用电器,北交所,20221222
920719.BJ,920719.0,宁新新材,江西,化工原料,北交所,20230526
920720.BJ,920720.0,吉冈精密,江苏,机械基件,北交所,20211124
920725.BJ,920725.0,惠丰钻石,河南,矿物制品,北交所,20220718
920726.BJ,920726.0,朱老六,吉林,食品,北交所,20210527
920729.BJ,920729.0,永顺生物,广东,农业综合,北交所,20200727
920735.BJ,920735.0,德源药业,江苏,化学制药,北交所,20210219
920748.BJ,920748.0,路桥信息,福建,软件服务,北交所,20230816
920751.BJ,920751.0,惠同新材,湖南,小金属,北交所,20230717
920753.BJ,920753.0,天纺标,天津,纺织,北交所,20221031
920765.BJ,920765.0,美之高,深圳,家居用品,北交所,20210705
920768.BJ,920768.0,拾比佰,广东,家用电器,北交所,20210628
920770.BJ,920770.0,艾能聚,浙江,电气设备,北交所,20230228
920779.BJ,920779.0,武汉蓝电,湖北,电器仪表,北交所,20230601
920781.BJ,920781.0,瑞奇智造,四川,专用机械,北交所,20221226
920786.BJ,920786.0,骑士乳业,内蒙,乳制品,北交所,20231013
920790.BJ,920790.0,联迪信息,江苏,软件服务,北交所,20220902
920792.BJ,920792.0,东和新材,辽宁,其他建材,北交所,20230330
920799.BJ,920799.0,艾融软件,上海,软件服务,北交所,20200727
920802.BJ,920802.0,保丽洁,江苏,环境保护,北交所,20230206
920806.BJ,920806.0,云星宇,北京,软件服务,北交所,20240111
920807.BJ,920807.0,奔朗新材,广东,机械基件,北交所,20221220
920808.BJ,920808.0,曙光数创,北京,IT设备,北交所,20221118
920809.BJ,920809.0,安达科技,贵州,电气设备,北交所,20230323
920810.BJ,920810.0,春光智能,辽宁,专用机械,北交所,20221216
920819.BJ,920819.0,颖泰生物,北京,农药化肥,北交所,20200727
920821.BJ,920821.0,则成电子,深圳,元器件,北交所,20220706
920826.BJ,920826.0,盖世食品,辽宁,食品,北交所,20210112
920832.BJ,920832.0,齐鲁华信,山东,化工原料,北交所,20210223
920833.BJ,920833.0,美心翼申,重庆,汽车配件,北交所,20231108
920834.BJ,920834.0,三维装备,江苏,塑料,北交所,20220822
920837.BJ,920837.0,华原股份,广西,汽车配件,北交所,20230515
920839.BJ,920839.0,万通液压,山东,工程机械,北交所,20201109
920855.BJ,920855.0,浙江大农,浙江,机床制造,北交所,20221229
920856.BJ,920856.0,浩淼科技,安徽,专用机械,北交所,20201225
920857.BJ,920857.0,泓禧科技,重庆,元器件,北交所,20220228
920866.BJ,920866.0,绿亨科技,广东,农药化肥,北交所,20221209
920870.BJ,920870.0,恒进感应,湖北,机床制造,北交所,20220705
920871.BJ,920871.0,派特尔,广东,塑料,北交所,20220722
920873.BJ,920873.0,中设咨询,重庆,建筑工程,北交所,20211115
920876.BJ,920876.0,慧为智能,深圳,元器件,北交所,20221109
920879.BJ,920879.0,基康技术,北京,电器仪表,北交所,20221220
920885.BJ,920885.0,星辰科技,广西,电器仪表,北交所,20210708
920892.BJ,920892.0,广咨国际,广东,建筑工程,北交所,20211028
920895.BJ,920895.0,花溪科技,河南,农用机械,北交所,20230406
920896.BJ,920896.0,旺成科技,重庆,汽车配件,北交所,20230419
920906.BJ,920906.0,舜宇精工,浙江,汽车配件,北交所,20230222
920914.BJ,920914.0,远航精密,江苏,小金属,北交所,20221111
920924.BJ,920924.0,广脉科技,浙江,通信设备,北交所,20211103
920925.BJ,920925.0,锦好医疗,广东,医疗保健,北交所,20211025
920926.BJ,920926.0,鸿智科技,广东,家用电器,北交所,20230808
920931.BJ,920931.0,无锡鼎邦,江苏,化工机械,北交所,20240408
920932.BJ,920932.0,科达自控,山西,软件服务,北交所,20211115
920942.BJ,920942.0,恒立钻具,湖北,机械基件,北交所,20221208
920943.BJ,920943.0,优机股份,四川,机械基件,北交所,20220624
920946.BJ,920946.0,森萱医药,江苏,化学制药,北交所,20200727
920950.BJ,920950.0,迅安科技,江苏,元器件,北交所,20230111
920953.BJ,920953.0,国子软件,山东,软件服务,北交所,20230823
920957.BJ,920957.0,汉维科技,广东,化工原料,北交所,20221214
920961.BJ,920961.0,创远信科,上海,电器仪表,北交所,20200727
920964.BJ,920964.0,润农节水,河北,建筑工程,北交所,20200727
920970.BJ,920970.0,大禹生物,山西,饲料,北交所,20220518
920971.BJ,920971.0,天马新材,河南,化工原料,北交所,20220927
920974.BJ,920974.0,凯大催化,浙江,化工原料,北交所,20230308
920976.BJ,920976.0,视声智能,广东,通信设备,北交所,20230901
920978.BJ,920978.0,开特股份,湖北,汽车配件,北交所,20230928
920981.BJ,920981.0,晶赛科技,安徽,元器件,北交所,20211115
920982.BJ,920982.0,锦波生物,山西,医疗保健,北交所,20230720
920985.BJ,920985.0,海泰新能,河北,电气设备,北交所,20220808
920992.BJ,920992.0,中科美菱,安徽,医疗保健,北交所,20221018
920011.BJ,920011.0,晨光电机,浙江,电气设备,北交所,20260408
920012.BJ,920012.0,创达新材,江苏,元器件,北交所,20260413
920028.BJ,920028.0,新恒泰,浙江,塑料,北交所,20260320
920036.BJ,920036.0,觅睿科技,浙江,IT设备,北交所,20260309
920055.BJ,920055.0,隆源股份,浙江,汽车配件,北交所,20260331
920069.BJ,920069.0,普昂医疗,浙江,医疗保健,北交所,20260327
920078.BJ,920078.0,族兴新材,湖南,小金属,北交所,20260318
920083.BJ,920083.0,金戈新材,广东,矿物制品,北交所,20260611
920096.BJ,920096.0,嘉晨智能,河南,电器仪表,北交所,20260518
920119.BJ,920119.0,美德乐,辽宁,专用机械,北交所,20260130
920125.BJ,920125.0,鸿仕达,江苏,专用机械,北交所,20260424
920126.BJ,920126.0,永大股份,江苏,专用机械,北交所,20260615
920156.BJ,920156.0,海昌智能,河南,专用机械,北交所,20260427
920159.BJ,920159.0,农大科技,山东,农药化肥,北交所,20260128
920161.BJ,920161.0,龙辰科技,湖北,元器件,北交所,20260527
920166.BJ,920166.0,海圣医疗,浙江,医疗保健,北交所,20260212
920168.BJ,920168.0,通宝光电,江苏,汽车配件,北交所,20260226
920177.BJ,920177.0,恒道科技,浙江,专用机械,北交所,20260416
920178.BJ,920178.0,锐翔智能,广东,专用机械,北交所,20260515
920180.BJ,920180.0,爱得科技,江苏,医疗保健,北交所,20260210
920181.BJ,920181.0,赛英电子,江苏,元器件,北交所,20260410
920183.BJ,920183.0,海菲曼,江苏,IT设备,北交所,20260304
920186.BJ,920186.0,中科仪,辽宁,机械基件,北交所,20260429
920187.BJ,920187.0,通领科技,上海,汽车配件,北交所,20260305
920188.BJ,920188.0,悦龙科技,山东,橡胶,北交所,20260330
920191.BJ,920191.0,瑞尔竞达,安徽,其他建材,北交所,20260420
920200.BJ,920200.0,振宏股份,江苏,电气设备,北交所,20260507
920206.BJ,920206.0,彩客科技,河北,染料涂料,北交所,20260608
920211.BJ,920211.0,新睿电子,浙江,专用机械,北交所,20260605
920218.BJ,920218.0,新天力,浙江,塑料,北交所,20260529
920220.BJ,920220.0,朗信电气,江苏,汽车配件,北交所,20260522
920072.BJ,920072.0,科莱瑞迪,广东,医疗保健,北交所,20260629
920222.BJ,920222.0,益坤电气,浙江,电气设备,北交所,20260630
920193.BJ,920193.0,吉和昌,湖北,化工原料,北交所,20260702
920136.BJ,920136.0,永励精密,浙江,汽车配件,北交所,20260709
920189.BJ,920189.0,康美特,北京,化工原料,北交所,20260708
920081.BJ,920081.0,欧伦电气,浙江,家用电器,北交所,20260710
920117.BJ,920117.0,龙鑫智能,江苏,专用机械,北交所,20260716
920079.BJ,920079.0,乔路铭,浙江,汽车配件,北交所,20260722
920238.BJ,920238.0,N长鹰,江苏,机械基件,北交所,20260724
600000.SH,600000.0,浦发银行,上海,银行,主板,19991110
600004.SH,600004.0,白云机场,广东,机场,主板,20030428
600006.SH,600006.0,东风股份,湖北,汽车整车,主板,19990727
600007.SH,600007.0,中国国贸,北京,园区开发,主板,19990312
600008.SH,600008.0,首创环保,北京,水务,主板,20000427
600009.SH,600009.0,上海机场,上海,机场,主板,19980218
600010.SH,600010.0,包钢股份,内蒙,普钢,主板,20010309
600011.SH,600011.0,华能国际,北京,火力发电,主板,20011206
600012.SH,600012.0,皖通高速,安徽,路桥,主板,20030107
600015.SH,600015.0,华夏银行,北京,银行,主板,20030912
600016.SH,600016.0,民生银行,北京,银行,主板,20001219
600017.SH,600017.0,日照港,山东,港口,主板,20061017
600018.SH,600018.0,上港集团,上海,港口,主板,20061026
600019.SH,600019.0,宝钢股份,上海,普钢,主板,20001212
600020.SH,600020.0,中原高速,河南,路桥,主板,20030808
600021.SH,600021.0,上海电力,上海,火力发电,主板,20031029
600022.SH,600022.0,山东钢铁,山东,普钢,主板,20040629
600023.SH,600023.0,浙能电力,浙江,火力发电,主板,20131219
600025.SH,600025.0,华能水电,云南,水力发电,主板,20171215
600026.SH,600026.0,中远海能,上海,水运,主板,20020523
600027.SH,600027.0,华电国际,山东,火力发电,主板,20050203
600028.SH,600028.0,中国石化,北京,石油加工,主板,20010808
600029.SH,600029.0,南方航空,广东,空运,主板,20030725
600030.SH,600030.0,中信证券,深圳,证券,主板,20030106
600031.SH,600031.0,三一重工,北京,工程机械,主板,20030703
600032.SH,600032.0,浙江新能,浙江,新型电力,主板,20210525
600033.SH,600033.0,福建高速,福建,路桥,主板,20010209
600035.SH,600035.0,楚天高速,湖北,路桥,主板,20040310
600036.SH,600036.0,招商银行,深圳,银行,主板,20020409
600037.SH,600037.0,歌华有线,北京,影视音像,主板,20010208
600038.SH,600038.0,中直股份,黑龙江,航空,主板,20001218
600039.SH,600039.0,四川路桥,四川,建筑工程,主板,20030325
600048.SH,600048.0,保利发展,广东,全国地产,主板,20060731
600050.SH,600050.0,中国联通,北京,电信运营,主板,20021009
600051.SH,600051.0,宁波联合,浙江,综合类,主板,19970410
600052.SH,600052.0,东望时代,浙江,供气供热,主板,19970415
600053.SH,600053.0,*ST九鼎,江西,多元金融,主板,19970418
600054.SH,600054.0,黄山旅游,安徽,旅游景点,主板,19970506
600055.SH,600055.0,万东医疗,北京,医疗保健,主板,19970519
600056.SH,600056.0,中国医药,北京,医药商业,主板,19970515
600057.SH,600057.0,厦门象屿,福建,仓储物流,主板,19970604
600058.SH,600058.0,五矿发展,北京,商贸代理,主板,19970528
600059.SH,600059.0,古越龙山,浙江,红黄酒,主板,19970516
600060.SH,600060.0,海信视像,山东,家用电器,主板,19970422
600061.SH,600061.0,国投资本,上海,证券,主板,19970519
600062.SH,600062.0,华润双鹤,北京,化学制药,主板,19970522
600063.SH,600063.0,皖维高新,安徽,化纤,主板,19970528
600064.SH,600064.0,南京高科,江苏,园区开发,主板,19970506
600066.SH,600066.0,宇通客车,河南,汽车整车,主板,19970508
600067.SH,600067.0,冠城新材,福建,电气设备,主板,19970508
600071.SH,600071.0,凤凰光学,江西,元器件,主板,19970528
600072.SH,600072.0,中船科技,上海,电气设备,主板,19970603
600073.SH,600073.0,光明肉业,上海,食品,主板,19970704
600075.SH,600075.0,新疆天业,新疆,化工原料,主板,19970617
600076.SH,600076.0,康欣新材,山东,广告包装,主板,19970526
600078.SH,600078.0,澄星股份,江苏,化工原料,主板,19970627
600079.SH,600079.0,ST人福,湖北,化学制药,主板,19970606
600080.SH,600080.0,ST金花,陕西,中成药,主板,19970612
600081.SH,600081.0,东风科技,上海,汽车配件,主板,19970703
600082.SH,600082.0,ST海泰,天津,园区开发,主板,19970620
600084.SH,600084.0,*ST尼雅,新疆,红黄酒,主板,19970711
600085.SH,600085.0,同仁堂,北京,中成药,主板,19970625
600088.SH,600088.0,中视传媒,上海,影视音像,主板,19970616
600089.SH,600089.0,特变电工,新疆,电气设备,主板,19970618
600094.SH,600094.0,大名城,上海,区域地产,主板,19970703
600095.SH,600095.0,湘财股份,黑龙江,证券,主板,19970708
600096.SH,600096.0,云天化,云南,农药化肥,主板,19970709
600097.SH,600097.0,开创国际,上海,渔业,主板,19970619
600098.SH,600098.0,广州发展,广东,火力发电,主板,19970718
600099.SH,600099.0,林海股份,江苏,汽车整车,主板,19970704
600100.SH,600100.0,同方股份,北京,IT设备,主板,19970627
600101.SH,600101.0,明星电力,四川,水力发电,主板,19970627
600103.SH,600103.0,青山纸业,福建,造纸,主板,19970703
600104.SH,600104.0,上汽集团,上海,汽车整车,主板,19971125
600105.SH,600105.0,永鼎股份,江苏,通信设备,主板,19970929
600106.SH,600106.0,重庆路桥,重庆,路桥,主板,19970618
600107.SH,600107.0,*ST尔雅,湖北,服饰,主板,19971106
600108.SH,600108.0,亚盛集团,甘肃,种植业,主板,19970818
600109.SH,600109.0,国金证券,四川,证券,主板,19970807
600110.SH,600110.0,诺德股份,吉林,电气设备,主板,19971007
600111.SH,600111.0,北方稀土,内蒙,小金属,主板,19970924
600113.SH,600113.0,浙江东日,浙江,区域地产,主板,19971021
600114.SH,600114.0,东睦股份,浙江,机械基件,主板,20040511
600115.SH,600115.0,中国东航,上海,空运,主板,19971105
600116.SH,600116.0,三峡水利,重庆,水力发电,主板,19970804
600117.SH,600117.0,西宁特钢,青海,特种钢,主板,19971015
600118.SH,600118.0,中国卫星,北京,航空,主板,19970908
600119.SH,600119.0,*ST长投,上海,仓储物流,主板,19980115
600120.SH,600120.0,浙江东方,浙江,多元金融,主板,19971201
600121.SH,600121.0,郑州煤电,河南,煤炭开采,主板,19980107
600123.SH,600123.0,兰花科创,山西,煤炭开采,主板,19981217
600125.SH,600125.0,铁龙物流,辽宁,铁路,主板,19980511
600126.SH,600126.0,杭钢股份,浙江,普钢,主板,19980311
600127.SH,600127.0,金健米业,湖南,农业综合,主板,19980506
600128.SH,600128.0,苏豪弘业,江苏,商贸代理,主板,19970901
600129.SH,600129.0,太极集团,重庆,中成药,主板,19971118
600130.SH,600130.0,波导股份,浙江,元器件,主板,20000706
600131.SH,600131.0,国网信通,四川,通信设备,主板,19980402
600132.SH,600132.0,重庆啤酒,重庆,啤酒,主板,19971030
600133.SH,600133.0,东湖高新,湖北,环境保护,主板,19980212
600135.SH,600135.0,乐凯胶片,河北,塑料,主板,19980122
600136.SH,600136.0,ST明诚,湖北,房产服务,主板,19980303
600137.SH,600137.0,浪莎股份,四川,服饰,主板,19980416
600138.SH,600138.0,中青旅,北京,旅游景点,主板,19971203
600141.SH,600141.0,兴发集团,湖北,农药化肥,主板,19990616
600143.SH,600143.0,金发科技,广东,塑料,主板,20040623
600148.SH,600148.0,长春一东,吉林,汽车配件,主板,19980520
600149.SH,600149.0,廊坊发展,河北,综合类,主板,19991014
600150.SH,600150.0,中国船舶,上海,船舶,主板,19980520
600151.SH,600151.0,航天机电,上海,汽车配件,主板,19980605
600152.SH,600152.0,维科技术,浙江,电气设备,主板,19980609
600153.SH,600153.0,建发股份,福建,仓储物流,主板,19980616
600155.SH,600155.0,华创云信,北京,证券,主板,19980918
600156.SH,600156.0,华升股份,湖南,纺织,主板,19980527
600157.SH,600157.0,永泰能源,山西,火力发电,主板,19980513
600158.SH,600158.0,中体产业,天津,文教休闲,主板,19980327
600159.SH,600159.0,大龙地产,北京,区域地产,主板,19980526
600160.SH,600160.0,巨化股份,浙江,化工原料,主板,19980626
600161.SH,600161.0,天坛生物,北京,生物制药,主板,19980616
600162.SH,600162.0,香江控股,深圳,全国地产,主板,19980609
600163.SH,600163.0,中闽能源,福建,新型电力,主板,19980602
600165.SH,600165.0,ST宁科,宁夏,化工原料,主板,19980529
600166.SH,600166.0,福田汽车,北京,汽车整车,主板,19980602
600167.SH,600167.0,联美控股,辽宁,供气供热,主板,19990128
600168.SH,600168.0,武汉控股,湖北,水务,主板,19980427
600169.SH,600169.0,ST太重,山西,工程机械,主板,19980904
600170.SH,600170.0,上海建工,上海,建筑工程,主板,19980623
600171.SH,600171.0,上海贝岭,上海,半导体,主板,19980924
600172.SH,600172.0,黄河旋风,河南,矿物制品,主板,19981126
600173.SH,600173.0,卧龙新能,浙江,全国地产,主板,19990415
600176.SH,600176.0,中国巨石,浙江,玻璃,主板,19990422
600177.SH,600177.0,雅戈尔,浙江,服饰,主板,19981119
600178.SH,600178.0,东安动力,黑龙江,汽车配件,主板,19981014
600179.SH,600179.0,安通控股,福建,水运,主板,19981104
600180.SH,600180.0,*ST瑞茂,山东,仓储物流,主板,19980703
600182.SH,600182.0,S佳通,黑龙江,汽车配件,主板,19990507
600183.SH,600183.0,生益科技,广东,元器件,主板,19981028
600184.SH,600184.0,光电股份,湖北,专用机械,主板,20031106
600185.SH,600185.0,珠免集团,广东,旅游服务,主板,19990611
600186.SH,600186.0,莲花控股,河南,食品,主板,19980825
600187.SH,600187.0,*ST国中,黑龙江,水务,主板,19981111
600188.SH,600188.0,兖矿能源,山东,煤炭开采,主板,19980701
600189.SH,600189.0,泉阳泉,吉林,软饮料,主板,19981007
600191.SH,600191.0,华资实业,内蒙,食品,主板,19981210
600192.SH,600192.0,长城电工,甘肃,电气设备,主板,19981224
600195.SH,600195.0,中牧股份,北京,农业综合,主板,19990107
600196.SH,600196.0,复星医药,上海,化学制药,主板,19980807
600197.SH,600197.0,伊力特,新疆,白酒,主板,19990916
600198.SH,600198.0,大唐电信,北京,通信设备,主板,19981021
600199.SH,600199.0,金种子酒,安徽,白酒,主板,19980812
600201.SH,600201.0,生物股份,内蒙,农业综合,主板,19990115
600202.SH,600202.0,哈空调,黑龙江,专用机械,主板,19990603
600203.SH,600203.0,福日电子,福建,元器件,主板,19990514
600206.SH,600206.0,有研新材,北京,半导体,主板,19990319
600207.SH,600207.0,安彩高科,河南,电气设备,主板,19990714
600208.SH,600208.0,衢州发展,浙江,全国地产,主板,19990623
600210.SH,600210.0,紫江企业,上海,广告包装,主板,19990824
600211.SH,600211.0,西藏药业,西藏,生物制药,主板,19990721
600212.SH,600212.0,绿能慧充,山东,电气设备,主板,19990817
600215.SH,600215.0,派斯林,吉林,专用机械,主板,19990909
600216.SH,600216.0,浙江医药,浙江,化学制药,主板,19991021
600217.SH,600217.0,中再资环,陕西,环境保护,主板,19991216
600218.SH,600218.0,全柴动力,安徽,汽车配件,主板,19981203
600219.SH,600219.0,南山铝业,山东,铝,主板,19991223
600221.SH,600221.0,海航控股,海南,空运,主板,19991125
600222.SH,600222.0,太龙药业,河南,中成药,主板,19991105
600223.SH,600223.0,福瑞达,山东,日用化工,主板,20000113
600226.SH,600226.0,亨通股份,浙江,供气供热,主板,19991116
600227.SH,600227.0,赤天化,贵州,农药化肥,主板,20000221
600228.SH,600228.0,返利科技,江西,互联网,主板,19990119
600229.SH,600229.0,城市传媒,山东,出版业,主板,20000309
600230.SH,600230.0,沧州大化,河北,化工原料,主板,20000406
600231.SH,600231.0,凌钢股份,辽宁,普钢,主板,20000511
600232.SH,600232.0,金鹰股份,浙江,纺织机械,主板,20000602
600233.SH,600233.0,圆通速递,辽宁,仓储物流,主板,20000608
600234.SH,600234.0,科新发展,山西,装修装饰,主板,20000615
600235.SH,600235.0,民丰特纸,浙江,造纸,主板,20000615
600236.SH,600236.0,桂冠电力,广西,水力发电,主板,20000323
600237.SH,600237.0,铜峰电子,安徽,元器件,主板,20000609
600238.SH,600238.0,*ST椰岛,海南,红黄酒,主板,20000120
600239.SH,600239.0,ST云城,云南,区域地产,主板,19991202
600241.SH,600241.0,时代万恒,辽宁,电气设备,主板,20001128
600243.SH,600243.0,*ST海华,青海,运输设备,主板,20001120
600246.SH,600246.0,万通发展,北京,区域地产,主板,20000922
600248.SH,600248.0,陕建股份,陕西,建筑工程,主板,20000622
600249.SH,600249.0,两面针,广西,日用化工,主板,20040130
600250.SH,600250.0,南京商旅,江苏,商贸代理,主板,20010306
600251.SH,600251.0,冠农股份,新疆,农业综合,主板,20030609
600252.SH,600252.0,中恒集团,广西,中成药,主板,20001130
600255.SH,600255.0,鑫科材料,安徽,小金属,主板,20001122
600256.SH,600256.0,广汇能源,新疆,石油开采,主板,20000526
600257.SH,600257.0,大湖股份,湖南,渔业,主板,20000612
600258.SH,600258.0,首旅酒店,北京,酒店餐饮,主板,20000601
600259.SH,600259.0,中稀有色,海南,小金属,主板,20000525
600261.SH,600261.0,阳光照明,浙江,家用电器,主板,20000720
600262.SH,600262.0,北方股份,内蒙,专用机械,主板,20000630
600265.SH,600265.0,*ST景谷,云南,林业,主板,20000825
600266.SH,600266.0,城建发展,北京,区域地产,主板,19990203
600267.SH,600267.0,海正药业,浙江,化学制药,主板,20000725
600268.SH,600268.0,国电南自,江苏,电气设备,主板,19991118
600269.SH,600269.0,赣粤高速,江西,路桥,主板,20000518
600271.SH,600271.0,航天信息,北京,软件服务,主板,20030711
600272.SH,600272.0,开开实业,上海,医药商业,主板,20010228
600273.SH,600273.0,嘉化能源,浙江,化工原料,主板,20030627
600276.SH,600276.0,恒瑞医药,江苏,化学制药,主板,20001018
600278.SH,600278.0,东方创业,上海,商贸代理,主板,20000712
600279.SH,600279.0,重庆港,重庆,港口,主板,20000731
600280.SH,600280.0,中央商场,江苏,百货,主板,20000926
600281.SH,600281.0,华阳新材,山西,小金属,主板,20001109
600282.SH,600282.0,南钢股份,江苏,普钢,主板,20000919
600283.SH,600283.0,钱江水利,浙江,水务,主板,20001018
600284.SH,600284.0,浦东建设,上海,建筑工程,主板,20040316
600285.SH,600285.0,羚锐制药,河南,中成药,主板,20001018
600287.SH,600287.0,苏豪时尚,江苏,商贸代理,主板,20000901
600288.SH,600288.0,大恒科技,北京,元器件,主板,20001129
600289.SH,600289.0,ST信通,黑龙江,软件服务,主板,20000720
600292.SH,600292.0,电投水电,重庆,水力发电,主板,20001101
600293.SH,600293.0,三峡新材,湖北,玻璃,主板,20000919
600295.SH,600295.0,鄂尔多斯,内蒙,特种钢,主板,20010426
600298.SH,600298.0,安琪酵母,湖北,食品,主板,20000818
600299.SH,600299.0,安迪苏,北京,饲料,主板,20000420
600300.SH,600300.0,维维股份,江苏,软饮料,主板,20000630
600301.SH,600301.0,华锡有色,广西,小金属,主板,20000712
600302.SH,600302.0,ST标准,陕西,纺织机械,主板,20001213
600303.SH,600303.0,曙光股份,辽宁,汽车整车,主板,20001226
600305.SH,600305.0,恒顺醋业,江苏,食品,主板,20010206
600307.SH,600307.0,酒钢宏兴,甘肃,普钢,主板,20001220
600308.SH,600308.0,华泰股份,山东,造纸,主板,20000928
600309.SH,600309.0,万华化学,山东,化工原料,主板,20010105
600310.SH,600310.0,广西能源,广西,水力发电,主板,20010228
600312.SH,600312.0,平高电气,河南,电气设备,主板,20010221
600313.SH,600313.0,农发种业,北京,种植业,主板,20010119
600315.SH,600315.0,上海家化,上海,日用化工,主板,20010315
600316.SH,600316.0,洪都航空,江西,航空,主板,20001215
600318.SH,600318.0,新力金融,安徽,多元金融,主板,20001208
600319.SH,600319.0,亚星化学,山东,化工原料,主板,20010326
600320.SH,600320.0,振华重工,上海,专用机械,主板,20001221
600322.SH,600322.0,津投城开,天津,区域地产,主板,20010910
600323.SH,600323.0,瀚蓝环境,广东,环境保护,主板,20001225
600325.SH,600325.0,华发股份,广东,区域地产,主板,20040225
600326.SH,600326.0,西藏天路,西藏,水泥,主板,20010116
600327.SH,600327.0,大东方,江苏,医疗保健,主板,20020625
600328.SH,600328.0,中盐化工,内蒙,化工原料,主板,20001222
600329.SH,600329.0,达仁堂,天津,中成药,主板,20010606
600330.SH,600330.0,天通股份,浙江,专用机械,主板,20010118
600331.SH,600331.0,宏达股份,四川,农药化肥,主板,20011220
600332.SH,600332.0,白云山,广东,中成药,主板,20010206
600333.SH,600333.0,长春燃气,吉林,供气供热,主板,20001211
600335.SH,600335.0,国机汽车,天津,汽车服务,主板,20010305
600336.SH,600336.0,澳柯玛,山东,家用电器,主板,20001229
600337.SH,600337.0,ST美克,江西,家居用品,主板,20001127
600338.SH,600338.0,西藏珠峰,西藏,铅锌,主板,20001227
600339.SH,600339.0,中油工程,新疆,石油开采,主板,20001225
600340.SH,600340.0,*ST华幸,河北,园区开发,主板,20031230
600343.SH,600343.0,航天动力,陕西,机械基件,主板,20030408
600345.SH,600345.0,长江通信,湖北,通信设备,主板,20001222
600346.SH,600346.0,恒力石化,辽宁,石油加工,主板,20010820
600348.SH,600348.0,华阳股份,山西,煤炭开采,主板,20030821
600350.SH,600350.0,山东高速,山东,路桥,主板,20020318
600351.SH,600351.0,亚宝药业,山西,中成药,主板,20020926
600352.SH,600352.0,浙江龙盛,浙江,染料涂料,主板,20030801
600353.SH,600353.0,旭光电子,四川,元器件,主板,20021120
600354.SH,600354.0,敦煌种业,甘肃,种植业,主板,20040115
600356.SH,600356.0,恒丰纸业,黑龙江,造纸,主板,20010419
600358.SH,600358.0,国旅联合,江西,广告包装,主板,20000922
600359.SH,600359.0,新农开发,新疆,种植业,主板,19990429
600360.SH,600360.0,华微电子,吉林,半导体,主板,20010316
600361.SH,600361.0,创新新材,北京,铝,主板,20011129
600362.SH,600362.0,江西铜业,江西,铜,主板,20020111
600363.SH,600363.0,联创光电,江西,元器件,主板,20010329
600365.SH,600365.0,ST通葡,吉林,互联网,主板,20010115
600366.SH,600366.0,宁波韵升,浙江,矿物制品,主板,20001030
600367.SH,600367.0,红星发展,贵州,化工原料,主板,20010320
600368.SH,600368.0,五洲交通,广西,路桥,主板,20001221
600369.SH,600369.0,西南证券,重庆,证券,主板,20010109
600370.SH,600370.0,*ST三房,江苏,化工原料,主板,20030306
600371.SH,600371.0,万向德农,黑龙江,种植业,主板,20020916
600372.SH,600372.0,中航机载,北京,航空,主板,20010706
600373.SH,600373.0,中文传媒,江西,出版业,主板,20020304
600375.SH,600375.0,汉马科技,安徽,汽车整车,主板,20030401
600376.SH,600376.0,首开股份,北京,区域地产,主板,20010312
600377.SH,600377.0,宁沪高速,江苏,路桥,主板,20010116
600378.SH,600378.0,昊华科技,四川,化工原料,主板,20010111
600379.SH,600379.0,宝光股份,陕西,电气设备,主板,20020116
600380.SH,600380.0,健康元,深圳,化学制药,主板,20010608
600381.SH,600381.0,*ST春天,青海,医疗保健,主板,20010508
600382.SH,600382.0,广东明珠,广东,普钢,主板,20010118
600383.SH,600383.0,金地集团,深圳,全国地产,主板,20010412
600386.SH,600386.0,北巴传媒,北京,汽车服务,主板,20010216
600388.SH,600388.0,龙净环保,福建,环境保护,主板,20001229
600389.SH,600389.0,江山股份,江苏,农药化肥,主板,20010110
600390.SH,600390.0,五矿资本,湖南,多元金融,主板,20010115
600391.SH,600391.0,航发科技,四川,航空,主板,20011212
600392.SH,600392.0,盛和资源,四川,小金属,主板,20030529
600395.SH,600395.0,盘江股份,贵州,煤炭开采,主板,20010531
600396.SH,600396.0,华电辽能,辽宁,火力发电,主板,20010328
600397.SH,600397.0,江钨装备,江西,专用机械,主板,20020702
600398.SH,600398.0,海澜之家,江苏,服饰,主板,20001228
600399.SH,600399.0,抚顺特钢,辽宁,特种钢,主板,20001229
600400.SH,600400.0,红豆股份,江苏,服饰,主板,20010108
600403.SH,600403.0,大有能源,河南,煤炭开采,主板,20031009
600405.SH,600405.0,动力源,北京,电气设备,主板,20040401
600406.SH,600406.0,国电南瑞,江苏,电气设备,主板,20031016
600408.SH,600408.0,安泰集团,山西,焦炭加工,主板,20030212
600409.SH,600409.0,三友化工,河北,化纤,主板,20030618
600410.SH,600410.0,华胜天成,北京,软件服务,主板,20040427
600415.SH,600415.0,小商品城,浙江,商品城,主板,20020509
600416.SH,600416.0,湘电股份,湖南,电气设备,主板,20020718
600418.SH,600418.0,江淮汽车,安徽,汽车整车,主板,20010824
600419.SH,600419.0,天润乳业,新疆,乳制品,主板,20010628
600420.SH,600420.0,国药现代,上海,化学制药,主板,20040616
600422.SH,600422.0,昆药集团,云南,中成药,主板,20001206
600423.SH,600423.0,*ST柳化,广西,农药化肥,主板,20030717
600425.SH,600425.0,青松建化,新疆,水泥,主板,20030724
600426.SH,600426.0,华鲁恒升,山东,农药化肥,主板,20020620
600428.SH,600428.0,中远海特,广东,水运,主板,20020418
600429.SH,600429.0,三元股份,北京,乳制品,主板,20030915
600433.SH,600433.0,冠豪高新,广东,造纸,主板,20030619
600435.SH,600435.0,北方导航,北京,专用机械,主板,20030704
600436.SH,600436.0,片仔癀,福建,中成药,主板,20030616
600438.SH,600438.0,通威股份,四川,电气设备,主板,20040302
600439.SH,600439.0,瑞贝卡,河南,服饰,主板,20030710
600444.SH,600444.0,国机通用,安徽,专用机械,主板,20040219
600446.SH,600446.0,金证股份,深圳,软件服务,主板,20031224
600448.SH,600448.0,华纺股份,山东,纺织,主板,20010903
600449.SH,600449.0,宁夏建材,宁夏,水泥,主板,20030829
600452.SH,600452.0,涪陵电力,重庆,水力发电,主板,20040303
600455.SH,600455.0,博通股份,陕西,文教休闲,主板,20040329
600456.SH,600456.0,宝钛股份,陕西,小金属,主板,20020412
600458.SH,600458.0,时代新材,湖南,塑料,主板,20021219
600459.SH,600459.0,贵研铂业,云南,小金属,主板,20030516
600460.SH,600460.0,士兰微,浙江,半导体,主板,20030311
600461.SH,600461.0,洪城环境,江西,水务,主板,20040601
600463.SH,600463.0,空港股份,北京,园区开发,主板,20040318
600467.SH,600467.0,好当家,山东,渔业,主板,20040405
600468.SH,600468.0,百利电气,天津,电气设备,主板,20010615
600469.SH,600469.0,风神股份,河南,汽车配件,主板,20031021
600470.SH,600470.0,六国化工,安徽,农药化肥,主板,20040305
600475.SH,600475.0,华光环能,江苏,电气设备,主板,20030721
600476.SH,600476.0,*ST湘邮,湖南,软件服务,主板,20031210
600477.SH,600477.0,杭萧钢构,浙江,钢加工,主板,20031110
600478.SH,600478.0,科力远,湖南,电气设备,主板,20030918
600479.SH,600479.0,千金药业,湖南,中成药,主板,20040312
600480.SH,600480.0,凌云股份,河北,汽车配件,主板,20030815
600481.SH,600481.0,双良节能,江苏,电气设备,主板,20030422
600482.SH,600482.0,中国动力,河北,船舶,主板,20040714
600483.SH,600483.0,福能股份,福建,新型电力,主板,20040531
600486.SH,600486.0,扬农化工,江苏,农药化肥,主板,20020425
600487.SH,600487.0,亨通光电,江苏,通信设备,主板,20030822
600488.SH,600488.0,津药药业,天津,化学制药,主板,20010618
600489.SH,600489.0,中金黄金,北京,黄金,主板,20030814
600490.SH,600490.0,鹏欣资源,上海,铜,主板,20030626
600491.SH,600491.0,ST龙元,浙江,建筑工程,主板,20040524
600493.SH,600493.0,凤竹纺织,福建,纺织,主板,20040421
600495.SH,600495.0,晋西车轴,山西,运输设备,主板,20040526
600496.SH,600496.0,精工钢构,安徽,钢加工,主板,20020605
600497.SH,600497.0,驰宏锌锗,云南,铅锌,主板,20040420
600498.SH,600498.0,烽火通信,湖北,通信设备,主板,20010823
600499.SH,600499.0,科达制造,广东,专用机械,主板,20021010
600500.SH,600500.0,中化国际,上海,塑料,主板,20000301
600501.SH,600501.0,航天晨光,江苏,专用机械,主板,20010615
600502.SH,600502.0,安徽建工,安徽,建筑工程,主板,20030415
600503.SH,600503.0,华丽家族,上海,区域地产,主板,20020709
600505.SH,600505.0,西昌电力,四川,水力发电,主板,20020530
600506.SH,600506.0,统一股份,新疆,石油加工,主板,20011226
600507.SH,600507.0,方大特钢,江西,特种钢,主板,20030930
600508.SH,600508.0,上海能源,上海,煤炭开采,主板,20010829
600509.SH,600509.0,天富能源,新疆,火力发电,主板,20020228
600510.SH,600510.0,黑牡丹,江苏,全国地产,主板,20020618
600511.SH,600511.0,国药股份,北京,医药商业,主板,20021127
600512.SH,600512.0,腾达建设,浙江,建筑工程,主板,20021226
600513.SH,600513.0,联环药业,江苏,化学制药,主板,20030319
600515.SH,600515.0,海南机场,海南,机场,主板,20020806
600516.SH,600516.0,方大炭素,甘肃,矿物制品,主板,20020830
600517.SH,600517.0,国网英大,上海,多元金融,主板,20031010
600518.SH,600518.0,康美药业,广东,中成药,主板,20010319
600519.SH,600519.0,贵州茅台,贵州,白酒,主板,20010827
600520.SH,600520.0,三佳科技,安徽,半导体,主板,20020108
600521.SH,600521.0,华海药业,浙江,化学制药,主板,20030304
600522.SH,600522.0,中天科技,江苏,通信设备,主板,20021024
600523.SH,600523.0,贵航股份,贵州,汽车配件,主板,20011227
600525.SH,600525.0,ST长园,深圳,电气设备,主板,20021202
600526.SH,600526.0,菲达环保,浙江,环境保护,主板,20020722
600527.SH,600527.0,江南高纤,江苏,化纤,主板,20031127
600528.SH,600528.0,中铁工业,北京,运输设备,主板,20010528
600529.SH,600529.0,山东药玻,山东,医疗保健,主板,20020603
600530.SH,600530.0,交大昂立,上海,医疗保健,主板,20010702
600531.SH,600531.0,豫光金铅,河南,铅锌,主板,20020730
600533.SH,600533.0,栖霞建设,江苏,区域地产,主板,20020328
600535.SH,600535.0,天士力,天津,中成药,主板,20020823
600536.SH,600536.0,中国软件,北京,软件服务,主板,20020517
600537.SH,600537.0,*ST亿晶,浙江,电气设备,主板,20030123
600538.SH,600538.0,国发股份,广西,医药商业,主板,20030114
600539.SH,600539.0,狮头股份,山西,互联网,主板,20010824
600540.SH,600540.0,新赛股份,新疆,种植业,主板,20040107
600543.SH,600543.0,*ST莫高,甘肃,红黄酒,主板,20040324
600545.SH,600545.0,卓郎智能,新疆,纺织机械,主板,20031203
600546.SH,600546.0,山煤国际,山西,煤炭开采,主板,20030731
600547.SH,600547.0,山东黄金,山东,黄金,主板,20030828
600548.SH,600548.0,深高速,深圳,路桥,主板,20011225
600549.SH,600549.0,厦门钨业,福建,小金属,主板,20021107
600550.SH,600550.0,保变电气,河北,电气设备,主板,20010228
600551.SH,600551.0,时代出版,安徽,出版业,主板,20020905
600552.SH,600552.0,凯盛科技,安徽,元器件,主板,20021108
600556.SH,600556.0,天下秀,广西,互联网,主板,20010807
600557.SH,600557.0,康缘药业,江苏,中成药,主板,20020918
600558.SH,600558.0,大西洋,四川,钢加工,主板,20010227
600559.SH,600559.0,老白干酒,河北,白酒,主板,20021029
600560.SH,600560.0,金自天正,北京,电气设备,主板,20020919
600561.SH,600561.0,江西长运,江西,公共交通,主板,20020716
600562.SH,600562.0,国睿科技,江苏,通信设备,主板,20030128
600563.SH,600563.0,法拉电子,福建,元器件,主板,20021210
600566.SH,600566.0,济川药业,湖北,中成药,主板,20010822
600567.SH,600567.0,山鹰国际,安徽,造纸,主板,20011218
600568.SH,600568.0,ST中珠,湖北,医疗保健,主板,20010518
600569.SH,600569.0,安阳钢铁,河南,普钢,主板,20010820
600570.SH,600570.0,恒生电子,浙江,软件服务,主板,20031216
600571.SH,600571.0,信雅达,浙江,软件服务,主板,20021101
600572.SH,600572.0,康恩贝,浙江,中成药,主板,20040412
600573.SH,600573.0,惠泉啤酒,福建,啤酒,主板,20030226
600575.SH,600575.0,淮河能源,安徽,火力发电,主板,20030328
600576.SH,600576.0,祥源文旅,浙江,旅游景点,主板,20030220
600577.SH,600577.0,精达股份,安徽,电气设备,主板,20020911
600578.SH,600578.0,京能电力,北京,火力发电,主板,20020510
600579.SH,600579.0,中化装备,山东,化工机械,主板,20020809
600580.SH,600580.0,卧龙电驱,浙江,电气设备,主板,20020606
600581.SH,600581.0,*ST八钢,新疆,普钢,主板,20020816
600582.SH,600582.0,天地科技,北京,专用机械,主板,20020515
600583.SH,600583.0,海油工程,天津,石油开采,主板,20020205
600584.SH,600584.0,长电科技,江苏,半导体,主板,20030603
600585.SH,600585.0,海螺水泥,安徽,水泥,主板,20020207
600586.SH,600586.0,金晶科技,山东,玻璃,主板,20020815
600587.SH,600587.0,新华医疗,山东,医疗保健,主板,20020927
600588.SH,600588.0,用友网络,北京,软件服务,主板,20010518
600589.SH,600589.0,大位科技,广东,软件服务,主板,20010612
600590.SH,600590.0,泰豪科技,江西,通信设备,主板,20020703
600592.SH,600592.0,龙溪股份,福建,机械基件,主板,20020805
600593.SH,600593.0,大连圣亚,辽宁,旅游景点,主板,20020711
600594.SH,600594.0,益佰制药,贵州,中成药,主板,20040323
600595.SH,600595.0,中孚实业,河南,铝,主板,20020626
600596.SH,600596.0,新安股份,浙江,化工原料,主板,20010906
600597.SH,600597.0,光明乳业,上海,乳制品,主板,20020828
600598.SH,600598.0,北大荒,黑龙江,种植业,主板,20020329
600600.SH,600600.0,青岛啤酒,山东,啤酒,主板,19930827
600601.SH,600601.0,方正科技,上海,元器件,主板,19901219
600602.SH,600602.0,云赛智联,上海,软件服务,主板,19901219
600603.SH,600603.0,广汇物流,四川,仓储物流,主板,19920113
600604.SH,600604.0,市北高新,上海,园区开发,主板,19920327
600605.SH,600605.0,汇通能源,上海,房产服务,主板,19920327
600606.SH,600606.0,绿地控股,上海,全国地产,主板,19920327
600609.SH,600609.0,金杯汽车,辽宁,汽车配件,主板,19920724
600610.SH,600610.0,中毅达,贵州,化工原料,主板,19920805
600611.SH,600611.0,大众交通,上海,公共交通,主板,19920807
600612.SH,600612.0,老凤祥,上海,服饰,主板,19920814
600613.SH,600613.0,神奇制药,上海,中成药,主板,19920820
600615.SH,600615.0,鑫源智造,重庆,铝,主板,19920910
600616.SH,600616.0,金枫酒业,上海,红黄酒,主板,19920929
600617.SH,600617.0,国新能源,山西,供气供热,主板,19921013
600618.SH,600618.0,氯碱化工,上海,化工原料,主板,19921113
600619.SH,600619.0,海立股份,上海,家用电器,主板,19921116
600620.SH,600620.0,天宸股份,上海,综合类,主板,19921117
600621.SH,600621.0,华鑫股份,上海,证券,主板,19921202
600622.SH,600622.0,光大嘉宝,上海,区域地产,主板,19921203
600623.SH,600623.0,华谊集团,上海,化工原料,主板,19921204
600624.SH,600624.0,ST复华,上海,化学制药,主板,19930105
600626.SH,600626.0,申达股份,上海,汽车配件,主板,19930107
600628.SH,600628.0,新世界,上海,百货,主板,19930119
600629.SH,600629.0,华建集团,上海,建筑工程,主板,19930209
600630.SH,600630.0,龙头股份,上海,服饰,主板,19930209
600633.SH,600633.0,浙数文化,浙江,互联网,主板,19930304
600635.SH,600635.0,大众公用,上海,供气供热,主板,19930304
600637.SH,600637.0,东方明珠,上海,影视音像,主板,19930316
600638.SH,600638.0,新黄浦,上海,区域地产,主板,19930326
600639.SH,600639.0,浦东金桥,上海,园区开发,主板,19930326
600640.SH,600640.0,国脉文化,上海,影视音像,主板,19930407
600641.SH,600641.0,先导基电,上海,半导体,主板,19930407
600642.SH,600642.0,申能股份,上海,火力发电,主板,19930416
600643.SH,600643.0,爱建集团,上海,多元金融,主板,19930426
600644.SH,600644.0,乐山电力,四川,水力发电,主板,19930426
600645.SH,600645.0,中源协和,天津,医疗保健,主板,19930504
600648.SH,600648.0,外高桥,上海,园区开发,主板,19930504
600649.SH,600649.0,城投控股,上海,区域地产,主板,19930518
600650.SH,600650.0,锦江在线,上海,公共交通,主板,19930607
600651.SH,600651.0,飞乐音响,上海,电器仪表,主板,19901219
600653.SH,600653.0,申华控股,辽宁,汽车服务,主板,19901219
600654.SH,600654.0,中安科,湖北,仓储物流,主板,19901219
600655.SH,600655.0,豫园股份,上海,百货,主板,19920902
600657.SH,600657.0,信达地产,北京,全国地产,主板,19930524
600658.SH,600658.0,电子城,北京,园区开发,主板,19930524
600660.SH,600660.0,福耀玻璃,福建,汽车配件,主板,19930610
600661.SH,600661.0,昂立教育,上海,文教休闲,主板,19930614
600662.SH,600662.0,外服控股,上海,文教休闲,主板,19930614
600663.SH,600663.0,陆家嘴,上海,园区开发,主板,19930628
600664.SH,600664.0,哈药股份,黑龙江,化学制药,主板,19930629
600665.SH,600665.0,天地源,陕西,全国地产,主板,19930709
600666.SH,600666.0,奥瑞德,黑龙江,元器件,主板,19930712
600667.SH,600667.0,太极实业,江苏,半导体,主板,19930728
600668.SH,600668.0,尖峰集团,浙江,水泥,主板,19930728
600671.SH,600671.0,天目药业,浙江,中成药,主板,19930823
600673.SH,600673.0,东阳光,广东,综合类,主板,19930917
600674.SH,600674.0,川投能源,四川,水力发电,主板,19930924
600675.SH,600675.0,中华企业,上海,区域地产,主板,19930924
600676.SH,600676.0,交运股份,上海,汽车配件,主板,19930928
600678.SH,600678.0,ST金顶,四川,水泥,主板,19931008
600679.SH,600679.0,上海凤凰,上海,文教休闲,主板,19931008
600681.SH,600681.0,百川能源,湖北,供气供热,主板,19931018
600682.SH,600682.0,南京新百,江苏,综合类,主板,19931018
600683.SH,600683.0,京投发展,北京,区域地产,主板,19931025
600684.SH,600684.0,珠江股份,广东,区域地产,主板,19931028
600685.SH,600685.0,中船防务,广东,船舶,主板,19931028
600686.SH,600686.0,金龙汽车,福建,汽车整车,主板,19931108
600688.SH,600688.0,上海石化,上海,石油加工,主板,19931108
600689.SH,600689.0,上海三毛,上海,综合类,主板,19931108
600690.SH,600690.0,海尔智家,山东,家用电器,主板,19931119
600691.SH,600691.0,潞化科技,山西,农药化肥,主板,19931119
600692.SH,600692.0,亚通股份,上海,区域地产,主板,19931119
600693.SH,600693.0,东百集团,福建,百货,主板,19931122
600694.SH,600694.0,大商股份,辽宁,百货,主板,19931122
600697.SH,600697.0,欧亚集团,吉林,百货,主板,19931206
600698.SH,600698.0,湖南天雁,湖南,汽车配件,主板,19931206
600699.SH,600699.0,均胜电子,浙江,汽车配件,主板,19931206
600702.SH,600702.0,舍得酒业,四川,白酒,主板,19960524
600703.SH,600703.0,三安光电,湖北,半导体,主板,19960528
600704.SH,600704.0,物产中大,浙江,仓储物流,主板,19960606
600706.SH,600706.0,曲江文旅,陕西,旅游景点,主板,19960516
600707.SH,600707.0,彩虹股份,陕西,元器件,主板,19960520
600708.SH,600708.0,光明地产,上海,全国地产,主板,19960606
600710.SH,600710.0,苏美达,江苏,商贸代理,主板,19960701
600711.SH,600711.0,盛屯矿业,福建,小金属,主板,19960531
600712.SH,600712.0,南宁百货,广西,百货,主板,19960626
600713.SH,600713.0,南京医药,江苏,医药商业,主板,19960701
600714.SH,600714.0,金瑞矿业,青海,化工原料,主板,19960606
600715.SH,600715.0,文投控股,北京,影视音像,主板,19960701
600716.SH,600716.0,凤凰股份,江苏,区域地产,主板,19960702
600717.SH,600717.0,天津港,天津,港口,主板,19960614
600718.SH,600718.0,东软集团,辽宁,软件服务,主板,19960618
600719.SH,600719.0,大连热电,辽宁,供气供热,主板,19960716
600720.SH,600720.0,中交设计,甘肃,建筑工程,主板,19960716
600721.SH,600721.0,百花医药,新疆,生物制药,主板,19960626
600722.SH,600722.0,金牛化工,河北,化工原料,主板,19960626
600724.SH,600724.0,宁波富达,浙江,综合类,主板,19960716
600725.SH,600725.0,云维股份,云南,商贸代理,主板,19960702
600726.SH,600726.0,华电能源,黑龙江,火力发电,主板,19960701
600727.SH,600727.0,鲁北化工,山东,化工原料,主板,19960702
600728.SH,600728.0,佳都科技,广东,软件服务,主板,19960716
600729.SH,600729.0,重百集团,重庆,百货,主板,19960702
600730.SH,600730.0,*ST高科,北京,文教休闲,主板,19960726
600731.SH,600731.0,湖南海利,湖南,农药化肥,主板,19960802
600732.SH,600732.0,爱旭股份,上海,电气设备,主板,19960816
600733.SH,600733.0,北汽蓝谷,北京,汽车整车,主板,19960816
600734.SH,600734.0,*ST实达,福建,软件服务,主板,19960808
600735.SH,600735.0,ST新华锦,山东,服饰,主板,19960726
600736.SH,600736.0,苏州高新,江苏,园区开发,主板,19960815
600737.SH,600737.0,中粮糖业,新疆,食品,主板,19960731
600738.SH,600738.0,丽尚国潮,甘肃,百货,主板,19960802
600739.SH,600739.0,辽宁成大,辽宁,生物制药,主板,19960819
600740.SH,600740.0,山西焦化,山西,焦炭加工,主板,19960808
600741.SH,600741.0,华域汽车,上海,汽车配件,主板,19960826
600742.SH,600742.0,富维股份,吉林,汽车配件,主板,19960826
600743.SH,600743.0,华远控股,北京,区域地产,主板,19960909
600744.SH,600744.0,华银电力,湖南,火力发电,主板,19960905
600745.SH,600745.0,*ST闻泰,湖北,半导体,主板,19960828
600746.SH,600746.0,江苏索普,江苏,化工原料,主板,19960918
600748.SH,600748.0,上实发展,上海,全国地产,主板,19960925
600749.SH,600749.0,西藏旅游,西藏,旅游景点,主板,19961015
600750.SH,600750.0,华润江中,江西,中成药,主板,19960923
600751.SH,600751.0,海航科技,天津,水运,主板,19960909
600753.SH,600753.0,ST海钦,福建,商贸代理,主板,19960927
600754.SH,600754.0,锦江酒店,上海,酒店餐饮,主板,19961011
600755.SH,600755.0,厦门国贸,福建,仓储物流,主板,19961003
600756.SH,600756.0,浪潮软件,山东,软件服务,主板,19960923
600757.SH,600757.0,长江传媒,湖北,出版业,主板,19961003
600758.SH,600758.0,辽宁能源,辽宁,煤炭开采,主板,19961029
600759.SH,600759.0,ST洲际,海南,石油开采,主板,19961008
600760.SH,600760.0,中航沈飞,山东,航空,主板,19961011
600761.SH,600761.0,安徽合力,安徽,工程机械,主板,19961009
600763.SH,600763.0,通策医疗,浙江,医疗保健,主板,19961030
600764.SH,600764.0,中国海防,北京,船舶,主板,19961104
600765.SH,600765.0,中航重机,贵州,航空,主板,19961106
600768.SH,600768.0,宁波富邦,浙江,铝,主板,19961111
600769.SH,600769.0,祥龙电业,湖北,水务,主板,19961101
600770.SH,600770.0,综艺股份,江苏,综合类,主板,19961120
600771.SH,600771.0,广誉远,山西,中成药,主板,19961105
600773.SH,600773.0,西藏城投,西藏,区域地产,主板,19961108
600774.SH,600774.0,汉商集团,湖北,化学制药,主板,19961108
600775.SH,600775.0,南京熊猫,江苏,通信设备,主板,19961118
600776.SH,600776.0,东方通信,浙江,通信设备,主板,19961126
600777.SH,600777.0,新潮能源,山东,石油开采,主板,19961121
600778.SH,600778.0,友好集团,新疆,百货,主板,19961203
600779.SH,600779.0,水井坊,四川,白酒,主板,19961206
600780.SH,600780.0,通宝能源,山西,火力发电,主板,19961205
600782.SH,600782.0,新钢股份,江西,普钢,主板,19961225
600783.SH,600783.0,鲁信创投,山东,专用机械,主板,19961225
600784.SH,600784.0,鲁银投资,山东,综合类,主板,19961225
600785.SH,600785.0,新华百货,宁夏,百货,主板,19970108
600787.SH,600787.0,中储股份,天津,仓储物流,主板,19970121
600789.SH,600789.0,鲁抗医药,山东,化学制药,主板,19970226
600790.SH,600790.0,轻纺城,浙江,商品城,主板,19970228
600791.SH,600791.0,京能置业,北京,全国地产,主板,19970130
600792.SH,600792.0,云煤能源,云南,焦炭加工,主板,19970123
600793.SH,600793.0,宜宾纸业,四川,造纸,主板,19970220
600794.SH,600794.0,保税科技,江苏,仓储物流,主板,19970306
600795.SH,600795.0,国电电力,辽宁,火力发电,主板,19970318
600796.SH,600796.0,钱江生化,浙江,环境保护,主板,19970408
600797.SH,600797.0,浙大网新,浙江,软件服务,主板,19970418
600798.SH,600798.0,宁波海运,浙江,水运,主板,19970423
600800.SH,600800.0,渤海化学,天津,化工原料,主板,19931206
600801.SH,600801.0,华新建材,湖北,水泥,主板,19940103
600802.SH,600802.0,福建水泥,福建,水泥,主板,19940103
600803.SH,600803.0,新奥股份,河北,供气供热,主板,19940103
600805.SH,600805.0,悦达投资,江苏,综合类,主板,19940103
600807.SH,600807.0,济高发展,山东,医疗保健,主板,19940103
600808.SH,600808.0,马钢股份,安徽,普钢,主板,19940106
600809.SH,600809.0,山西汾酒,山西,白酒,主板,19940106
600810.SH,600810.0,神马股份,河南,化纤,主板,19940106
600812.SH,600812.0,华北制药,河北,化学制药,主板,19940114
600814.SH,600814.0,杭州解百,浙江,百货,主板,19940114
600815.SH,600815.0,厦工股份,福建,工程机械,主板,19940128
600816.SH,600816.0,建元信托,上海,多元金融,主板,19940128
600817.SH,600817.0,宇通重工,河南,专用机械,主板,19940128
600818.SH,600818.0,ST中路,上海,文教休闲,主板,19940128
600819.SH,600819.0,耀皮玻璃,上海,玻璃,主板,19940128
600820.SH,600820.0,隧道股份,上海,建筑工程,主板,19940128
600821.SH,600821.0,金开新能,天津,新型电力,主板,19940128
600822.SH,600822.0,上海物贸,上海,汽车服务,主板,19940204
600824.SH,600824.0,益民集团,上海,百货,主板,19940204
600825.SH,600825.0,新华传媒,上海,出版业,主板,19940204
600826.SH,600826.0,兰生股份,上海,文教休闲,主板,19940204
600827.SH,600827.0,百联股份,上海,超市连锁,主板,19940204
600828.SH,600828.0,茂业商业,四川,百货,主板,19940224
600829.SH,600829.0,人民同泰,黑龙江,医药商业,主板,19940224
600830.SH,600830.0,香溢融通,浙江,多元金融,主板,19940224
600831.SH,600831.0,广电网络,陕西,影视音像,主板,19940224
600833.SH,600833.0,第一医药,上海,医药商业,主板,19940224
600834.SH,600834.0,申通地铁,上海,公共交通,主板,19940224
600835.SH,600835.0,上海机电,上海,运输设备,主板,19940224
600838.SH,600838.0,上海九百,上海,百货,主板,19940224
600839.SH,600839.0,四川长虹,四川,家用电器,主板,19940311
600841.SH,600841.0,动力新科,上海,汽车配件,主板,19940311
600843.SH,600843.0,上工申贝,上海,纺织机械,主板,19940311
600844.SH,600844.0,金煤科技,内蒙,化工原料,主板,19940311
600845.SH,600845.0,宝信软件,上海,软件服务,主板,19940311
600846.SH,600846.0,同济科技,上海,建筑工程,主板,19940311
600847.SH,600847.0,万里股份,重庆,电气设备,主板,19940324
600848.SH,600848.0,上海临港,上海,园区开发,主板,19940324
600850.SH,600850.0,电科数字,上海,软件服务,主板,19940324
600851.SH,600851.0,海欣股份,上海,化学制药,主板,19940404
600853.SH,600853.0,龙建股份,黑龙江,建筑工程,主板,19940404
600854.SH,600854.0,春兰股份,江苏,家用电器,主板,19940425
600855.SH,600855.0,航天长峰,北京,专用机械,主板,19940425
600857.SH,600857.0,宁波中百,浙江,百货,主板,19940425
600858.SH,600858.0,银座股份,山东,百货,主板,19940506
600859.SH,600859.0,王府井,北京,百货,主板,19940506
600860.SH,600860.0,京城股份,北京,专用机械,主板,19940506
600861.SH,600861.0,北京人力,北京,文教休闲,主板,19940520
600862.SH,600862.0,中航高科,江苏,航空,主板,19940520
600863.SH,600863.0,华能蒙电,内蒙,火力发电,主板,19940520
600864.SH,600864.0,哈投股份,黑龙江,证券,主板,19940809
600865.SH,600865.0,百大集团,浙江,百货,主板,19940809
600866.SH,600866.0,星湖科技,广东,饲料,主板,19940818
600867.SH,600867.0,通化东宝,吉林,生物制药,主板,19940824
600868.SH,600868.0,梅雁吉祥,广东,水力发电,主板,19940912
600869.SH,600869.0,远东股份,青海,电气设备,主板,19950206
600871.SH,600871.0,石化油服,北京,石油开采,主板,19950411
600872.SH,600872.0,中炬高新,广东,食品,主板,19950124
600873.SH,600873.0,梅花生物,西藏,食品,主板,19950217
600874.SH,600874.0,创业环保,天津,环境保护,主板,19950630
600875.SH,600875.0,东方电气,四川,电气设备,主板,19951010
600876.SH,600876.0,凯盛新能,河南,玻璃,主板,19951031
600877.SH,600877.0,电科芯片,重庆,半导体,主板,19951013
600879.SH,600879.0,航天电子,湖北,航空,主板,19951115
600880.SH,600880.0,博瑞传播,四川,广告包装,主板,19951115
600881.SH,600881.0,亚泰集团,吉林,综合类,主板,19951115
600882.SH,600882.0,妙可蓝多,上海,乳制品,主板,19951206
600883.SH,600883.0,博闻科技,云南,种植业,主板,19951208
600884.SH,600884.0,杉杉股份,浙江,电气设备,主板,19960130
600885.SH,600885.0,宏发股份,湖北,电气设备,主板,19960205
600886.SH,600886.0,国投电力,北京,水力发电,主板,19960118
600887.SH,600887.0,伊利股份,内蒙,乳制品,主板,19960312
600888.SH,600888.0,新疆众和,新疆,铝,主板,19960215
600889.SH,600889.0,*ST京化,江苏,机械基件,主板,19960308
600892.SH,600892.0,大晟文化,深圳,互联网,主板,19960315
600893.SH,600893.0,航发动力,陕西,航空,主板,19960408
600894.SH,600894.0,广日股份,广东,运输设备,主板,19960328
600895.SH,600895.0,张江高科,上海,园区开发,主板,19960422
600897.SH,600897.0,厦门空港,福建,机场,主板,19960531
600900.SH,600900.0,长江电力,北京,水力发电,主板,20031118
600901.SH,600901.0,江苏金租,江苏,多元金融,主板,20180301
600903.SH,600903.0,贵州燃气,贵州,供气供热,主板,20171107
600905.SH,600905.0,三峡能源,北京,新型电力,主板,20210610
600906.SH,600906.0,财达证券,河北,证券,主板,20210507
600908.SH,600908.0,无锡银行,江苏,银行,主板,20160923
600909.SH,600909.0,华安证券,安徽,证券,主板,20161206
600916.SH,600916.0,中国黄金,北京,服饰,主板,20210205
600917.SH,600917.0,重庆燃气,重庆,供气供热,主板,20140930
600918.SH,600918.0,中泰证券,山东,证券,主板,20200603
600919.SH,600919.0,江苏银行,江苏,银行,主板,20160802
600925.SH,600925.0,苏能股份,江苏,煤炭开采,主板,20230329
600926.SH,600926.0,杭州银行,浙江,银行,主板,20161027
600927.SH,600927.0,永安期货,浙江,多元金融,主板,20211223
600928.SH,600928.0,西安银行,陕西,银行,主板,20190301
600929.SH,600929.0,雪天盐业,湖南,食品,主板,20180326
600930.SH,600930.0,华电新能,福建,新型电力,主板,20250716
600933.SH,600933.0,爱柯迪,浙江,汽车配件,主板,20171117
600935.SH,600935.0,华塑股份,安徽,化工原料,主板,20211126
600936.SH,600936.0,北投科技,广西,软件服务,主板,20160815
600938.SH,600938.0,中国海油,北京,石油开采,主板,20220421
600939.SH,600939.0,重庆建工,重庆,建筑工程,主板,20170221
600941.SH,600941.0,中国移动,北京,电信运营,主板,20220105
600955.SH,600955.0,维远股份,山东,化工原料,主板,20210915
600956.SH,600956.0,新天绿能,河北,供气供热,主板,20200629
600958.SH,600958.0,东方证券,上海,证券,主板,20150323
600959.SH,600959.0,江苏有线,江苏,影视音像,主板,20150428
600960.SH,600960.0,渤海汽车,山东,汽车配件,主板,20040407
600961.SH,600961.0,株冶集团,湖南,铅锌,主板,20040830
600962.SH,600962.0,国投中鲁,北京,软饮料,主板,20040622
600963.SH,600963.0,岳阳林纸,湖南,造纸,主板,20040525
600965.SH,600965.0,*ST福成,河北,农业综合,主板,20040713
600966.SH,600966.0,博汇纸业,山东,造纸,主板,20040608
600967.SH,600967.0,内蒙一机,内蒙,运输设备,主板,20040518
600968.SH,600968.0,海油发展,北京,石油开采,主板,20190626
600969.SH,600969.0,郴电国际,湖南,水力发电,主板,20040408
600970.SH,600970.0,中材国际,江苏,建筑工程,主板,20050412
600971.SH,600971.0,恒源煤电,安徽,煤炭开采,主板,20040817
600973.SH,600973.0,宝胜股份,江苏,电气设备,主板,20040802
600975.SH,600975.0,新五丰,湖南,农业综合,主板,20040609
600976.SH,600976.0,健民集团,湖北,中成药,主板,20040419
600977.SH,600977.0,中国电影,北京,影视音像,主板,20160809
600979.SH,600979.0,广安爱众,四川,水力发电,主板,20040906
600980.SH,600980.0,北矿科技,北京,专用机械,主板,20040512
600981.SH,600981.0,苏豪汇鸿,江苏,商贸代理,主板,20040630
600982.SH,600982.0,宁波能源,浙江,供气供热,主板,20040706
600983.SH,600983.0,惠而浦,安徽,家用电器,主板,20040727
600984.SH,600984.0,建设机械,陕西,工程机械,主板,20040707
600985.SH,600985.0,淮北矿业,安徽,煤炭开采,主板,20040428
600986.SH,600986.0,浙文互联,浙江,互联网,主板,20040426
600987.SH,600987.0,航民股份,浙江,纺织,主板,20040809
600988.SH,600988.0,赤峰黄金,内蒙,黄金,主板,20040414
600989.SH,600989.0,宝丰能源,宁夏,化工原料,主板,20190516
600990.SH,600990.0,四创电子,安徽,通信设备,主板,20040510
600992.SH,600992.0,贵绳股份,贵州,钢加工,主板,20040514
600993.SH,600993.0,马应龙,湖北,中成药,主板,20040517
600995.SH,600995.0,南网储能,云南,水力发电,主板,20040615
600996.SH,600996.0,贵广网络,贵州,影视音像,主板,20161226
600997.SH,600997.0,开滦股份,河北,焦炭加工,主板,20040602
600998.SH,600998.0,九州通,湖北,医药商业,主板,20101102
600999.SH,600999.0,招商证券,深圳,证券,主板,20091117
601000.SH,601000.0,唐山港,河北,港口,主板,20100705
601001.SH,601001.0,晋控煤业,山西,煤炭开采,主板,20060623
601002.SH,601002.0,晋亿实业,浙江,机械基件,主板,20070126
601003.SH,601003.0,柳钢股份,广西,普钢,主板,20070227
601005.SH,601005.0,重庆钢铁,重庆,普钢,主板,20070228
601006.SH,601006.0,大秦铁路,山西,铁路,主板,20060801
601007.SH,601007.0,金陵饭店,江苏,酒店餐饮,主板,20070406
601008.SH,601008.0,连云港,江苏,港口,主板,20070426
601009.SH,601009.0,南京银行,江苏,银行,主板,20070719
601010.SH,601010.0,ST文峰,江苏,百货,主板,20110603
601011.SH,601011.0,宝泰隆,黑龙江,焦炭加工,主板,20110309
601012.SH,601012.0,隆基绿能,陕西,电气设备,主板,20120411
601015.SH,601015.0,陕西黑猫,陕西,焦炭加工,主板,20141105
601016.SH,601016.0,节能风电,北京,新型电力,主板,20140929
601018.SH,601018.0,宁波港,浙江,港口,主板,20100928
601019.SH,601019.0,山东出版,山东,出版业,主板,20171122
601020.SH,601020.0,华钰矿业,西藏,铅锌,主板,20160316
601021.SH,601021.0,春秋航空,上海,空运,主板,20150121
601022.SH,601022.0,宁波远洋,浙江,水运,主板,20221208
601026.SH,601026.0,道生天合,上海,电气设备,主板,20251017
601033.SH,601033.0,永兴股份,广东,环境保护,主板,20240118
601038.SH,601038.0,一拖股份,河南,农用机械,主板,20120808
601058.SH,601058.0,赛轮轮胎,山东,汽车配件,主板,20110630
601059.SH,601059.0,信达证券,北京,证券,主板,20230201
601061.SH,601061.0,中信金属,北京,商贸代理,主板,20230410
601065.SH,601065.0,江盐集团,江西,化工原料,主板,20230410
601066.SH,601066.0,中信建投,北京,证券,主板,20180620
601068.SH,601068.0,中铝国际,北京,建筑工程,主板,20180831
601069.SH,601069.0,西部黄金,新疆,黄金,主板,20150122
601077.SH,601077.0,渝农商行,重庆,银行,主板,20191029
601083.SH,601083.0,锦江航运,上海,水运,主板,20231205
601086.SH,601086.0,国芳集团,甘肃,百货,主板,20170929
601088.SH,601088.0,中国神华,北京,煤炭开采,主板,20071009
601089.SH,601089.0,福元医药,北京,化学制药,主板,20220630
601096.SH,601096.0,宏盛华源,山东,钢加工,主板,20231222
601098.SH,601098.0,中南传媒,湖南,出版业,主板,20101028
601099.SH,601099.0,太平洋,云南,证券,主板,20071228
601100.SH,601100.0,恒立液压,江苏,工程机械,主板,20111028
601101.SH,601101.0,昊华能源,北京,煤炭开采,主板,20100331
601106.SH,601106.0,中国一重,黑龙江,工程机械,主板,20100209
601107.SH,601107.0,四川成渝,四川,路桥,主板,20090727
601108.SH,601108.0,财通证券,浙江,证券,主板,20171024
601111.SH,601111.0,中国国航,北京,空运,主板,20060818
601113.SH,601113.0,华鼎股份,浙江,化纤,主板,20110509
601116.SH,601116.0,三江购物,浙江,超市连锁,主板,20110302
601117.SH,601117.0,中国化学,北京,建筑工程,主板,20100107
601118.SH,601118.0,海南橡胶,海南,橡胶,主板,20110107
601121.SH,601121.0,宝地矿业,新疆,普钢,主板,20230310
601126.SH,601126.0,四方股份,北京,电气设备,主板,20101231
601127.SH,601127.0,赛力斯,重庆,汽车整车,主板,20160615
601128.SH,601128.0,常熟银行,江苏,银行,主板,20160930
601133.SH,601133.0,柏诚股份,江苏,建筑工程,主板,20230410
601136.SH,601136.0,首创证券,北京,证券,主板,20221222
601137.SH,601137.0,博威合金,浙江,小金属,主板,20110127
601138.SH,601138.0,工业富联,深圳,通信设备,主板,20180608
601139.SH,601139.0,深圳燃气,深圳,供气供热,主板,20091225
601155.SH,601155.0,新城控股,江苏,区域地产,主板,20151204
601156.SH,601156.0,东航物流,上海,仓储物流,主板,20210609
601158.SH,601158.0,重庆水务,重庆,水务,主板,20100329
601162.SH,601162.0,天风证券,湖北,证券,主板,20181019
601163.SH,601163.0,三角轮胎,山东,汽车配件,主板,20160909
601166.SH,601166.0,兴业银行,福建,银行,主板,20070205
601168.SH,601168.0,西部矿业,青海,铜,主板,20070712
601169.SH,601169.0,北京银行,北京,银行,主板,20070919
601177.SH,601177.0,杭齿前进,浙江,机械基件,主板,20101011
601179.SH,601179.0,中国西电,陕西,电气设备,主板,20100128
601186.SH,601186.0,中国铁建,北京,建筑工程,主板,20080310
601187.SH,601187.0,厦门银行,福建,银行,主板,20201027
601188.SH,601188.0,龙江交通,黑龙江,路桥,主板,20100319
601198.SH,601198.0,东兴证券,北京,证券,主板,20150226
601199.SH,601199.0,江南水务,江苏,水务,主板,20110317
601200.SH,601200.0,上海环境,上海,环境保护,主板,20170331
601208.SH,601208.0,东材科技,四川,化工原料,主板,20110520
601211.SH,601211.0,国泰海通,上海,证券,主板,20150626
601212.SH,601212.0,白银有色,甘肃,铜,主板,20170215
601216.SH,601216.0,君正集团,内蒙,化工原料,主板,20110222
601218.SH,601218.0,吉鑫科技,江苏,电气设备,主板,20110506
601222.SH,601222.0,林洋能源,江苏,新型电力,主板,20110808
601225.SH,601225.0,陕西煤业,陕西,煤炭开采,主板,20140128
601226.SH,601226.0,华电科工,北京,建筑工程,主板,20141211
601228.SH,601228.0,广州港,广东,港口,主板,20170329
601229.SH,601229.0,上海银行,上海,银行,主板,20161116
601231.SH,601231.0,环旭电子,上海,元器件,主板,20120220
601233.SH,601233.0,桐昆股份,浙江,化纤,主板,20110518
601236.SH,601236.0,红塔证券,云南,证券,主板,20190705
601238.SH,601238.0,广汽集团,广东,汽车整车,主板,20120329
601279.SH,601279.0,英利汽车,吉林,汽车配件,主板,20210415
601288.SH,601288.0,农业银行,北京,银行,主板,20100715
601298.SH,601298.0,青岛港,山东,港口,主板,20190121
601311.SH,601311.0,骆驼股份,湖北,电气设备,主板,20110602
601318.SH,601318.0,中国平安,深圳,保险,主板,20070301
601319.SH,601319.0,中国人保,北京,保险,主板,20181116
601326.SH,601326.0,秦港股份,河北,港口,主板,20170816
601328.SH,601328.0,交通银行,上海,银行,主板,20070515
601330.SH,601330.0,绿色动力,深圳,环境保护,主板,20180611
601333.SH,601333.0,广深铁路,深圳,铁路,主板,20061222
601336.SH,601336.0,新华保险,北京,保险,主板,20111216
601339.SH,601339.0,百隆东方,浙江,纺织,主板,20120612
601360.SH,601360.0,三六零,天津,互联网,主板,20120116
601366.SH,601366.0,利群股份,山东,百货,主板,20170412
601368.SH,601368.0,绿城水务,广西,水务,主板,20150612
601369.SH,601369.0,陕鼓动力,陕西,机械基件,主板,20100428
601375.SH,601375.0,中原证券,河南,证券,主板,20170103
601377.SH,601377.0,兴业证券,福建,证券,主板,20101013
601388.SH,601388.0,怡球资源,江苏,铝,主板,20120423
601390.SH,601390.0,中国中铁,北京,建筑工程,主板,20071203
601398.SH,601398.0,工商银行,北京,银行,主板,20061027
601399.SH,601399.0,国机重装,四川,工程机械,主板,20200608
601456.SH,601456.0,国联民生,江苏,证券,主板,20200731
601500.SH,601500.0,通用股份,江苏,汽车配件,主板,20160919
601512.SH,601512.0,中新集团,江苏,园区开发,主板,20191220
601515.SH,601515.0,衢州东峰,浙江,广告包装,主板,20120216
601518.SH,601518.0,吉林高速,吉林,路桥,主板,20100319
601519.SH,601519.0,大智慧,上海,软件服务,主板,20110128
601528.SH,601528.0,瑞丰银行,浙江,银行,主板,20210625
601555.SH,601555.0,东吴证券,江苏,证券,主板,20111212
601566.SH,601566.0,九牧王,福建,服饰,主板,20110530
601567.SH,601567.0,三星电气,浙江,电气设备,主板,20110615
601568.SH,601568.0,北元化工,陕西,化工原料,主板,20201020
601577.SH,601577.0,长沙银行,湖南,银行,主板,20180926
601579.SH,601579.0,会稽山,浙江,红黄酒,主板,20140825
601588.SH,601588.0,北辰实业,北京,区域地产,主板,20061016
601595.SH,601595.0,上海电影,上海,影视音像,主板,20160817
601598.SH,601598.0,中国外运,北京,仓储物流,主板,20190118
601599.SH,601599.0,浙文影业,浙江,纺织,主板,20110527
601600.SH,601600.0,中国铝业,北京,铝,主板,20070430
601601.SH,601601.0,中国太保,上海,保险,主板,20071225
601606.SH,601606.0,长城军工,安徽,专用机械,主板,20180806
601607.SH,601607.0,上海医药,上海,医药商业,主板,19940324
601608.SH,601608.0,中信重工,河南,专用机械,主板,20120706
601609.SH,601609.0,金田股份,浙江,铜,主板,20200422
601611.SH,601611.0,中国核建,上海,建筑工程,主板,20160606
601615.SH,601615.0,明阳智能,广东,电气设备,主板,20190123
601616.SH,601616.0,广电电气,上海,电气设备,主板,20110201
601618.SH,601618.0,中国中冶,北京,建筑工程,主板,20090921
601619.SH,601619.0,嘉泽新能,宁夏,新型电力,主板,20170720
601628.SH,601628.0,中国人寿,北京,保险,主板,20070109
601633.SH,601633.0,长城汽车,河北,汽车整车,主板,20110928
601636.SH,601636.0,旗滨集团,湖南,玻璃,主板,20110812
601658.SH,601658.0,邮储银行,北京,银行,主板,20191210
601665.SH,601665.0,齐鲁银行,山东,银行,主板,20210618
601666.SH,601666.0,平煤股份,河南,煤炭开采,主板,20061123
601668.SH,601668.0,中国建筑,北京,建筑工程,主板,20090729
601669.SH,601669.0,中国电建,北京,建筑工程,主板,20111018
601677.SH,601677.0,明泰铝业,河南,铝,主板,20110919
601678.SH,601678.0,滨化股份,山东,化工原料,主板,20100223
601686.SH,601686.0,友发集团,天津,钢加工,主板,20201204
601688.SH,601688.0,华泰证券,江苏,证券,主板,20100226
601689.SH,601689.0,拓普集团,浙江,汽车配件,主板,20150319
601696.SH,601696.0,中银证券,上海,证券,主板,20200226
601698.SH,601698.0,中国卫通,北京,电信运营,主板,20190628
601699.SH,601699.0,潞安环能,山西,煤炭开采,主板,20060922
601700.SH,601700.0,风范股份,江苏,电气设备,主板,20110118
601702.SH,601702.0,华峰铝业,上海,铝,主板,20200907
601717.SH,601717.0,中创智领,河南,专用机械,主板,20100803
601718.SH,601718.0,ST际华,北京,服饰,主板,20100816
601727.SH,601727.0,上海电气,上海,电气设备,主板,20081205
601728.SH,601728.0,中国电信,北京,电信运营,主板,20210820
601766.SH,601766.0,中国中车,北京,运输设备,主板,20080818
601777.SH,601777.0,千里科技,重庆,摩托车,主板,20101125
601778.SH,601778.0,晶科科技,江西,新型电力,主板,20200519
601788.SH,601788.0,光大证券,上海,证券,主板,20090818
601789.SH,601789.0,宁波建工,浙江,建筑工程,主板,20110816
601798.SH,601798.0,蓝科高新,甘肃,化工机械,主板,20110622
601799.SH,601799.0,星宇股份,江苏,汽车配件,主板,20110201
601800.SH,601800.0,中国交建,北京,建筑工程,主板,20120309
601801.SH,601801.0,皖新传媒,安徽,出版业,主板,20100118
601808.SH,601808.0,中海油服,天津,石油开采,主板,20070928
601811.SH,601811.0,新华文轩,四川,出版业,主板,20160808
601816.SH,601816.0,京沪高铁,北京,铁路,主板,20200116
601818.SH,601818.0,光大银行,北京,银行,主板,20100818
601825.SH,601825.0,沪农商行,上海,银行,主板,20210819
601827.SH,601827.0,三峰环境,重庆,环境保护,主板,20200605
601828.SH,601828.0,美凯龙,上海,其他商业,主板,20180117
601838.SH,601838.0,成都银行,四川,银行,主板,20180131
601857.SH,601857.0,中国石油,北京,石油开采,主板,20071105
601858.SH,601858.0,中国科传,北京,出版业,主板,20170118
601860.SH,601860.0,紫金银行,江苏,银行,主板,20190103
601865.SH,601865.0,福莱特,浙江,玻璃,主板,20190215
601866.SH,601866.0,中远海发,上海,水运,主板,20071212
601868.SH,601868.0,中国能建,北京,建筑工程,主板,20210928
601869.SH,601869.0,长飞光纤,湖北,通信设备,主板,20180720
601872.SH,601872.0,招商轮船,上海,水运,主板,20061201
601877.SH,601877.0,正泰电器,浙江,电气设备,主板,20100121
601878.SH,601878.0,浙商证券,浙江,证券,主板,20170626
601880.SH,601880.0,辽港股份,辽宁,港口,主板,20101206
601881.SH,601881.0,中国银河,北京,证券,主板,20170123
601882.SH,601882.0,海天精工,浙江,机床制造,主板,20161107
601886.SH,601886.0,江河集团,北京,装修装饰,主板,20110818
601888.SH,601888.0,中国中免,北京,旅游服务,主板,20091015
601890.SH,601890.0,亚星锚链,江苏,船舶,主板,20101228
601898.SH,601898.0,中煤能源,北京,煤炭开采,主板,20080201
601899.SH,601899.0,紫金矿业,福建,铜,主板,20080425
601900.SH,601900.0,南方传媒,广东,出版业,主板,20160215
601901.SH,601901.0,方正证券,湖南,证券,主板,20110810
601908.SH,601908.0,京运通,北京,电气设备,主板,20110908
601916.SH,601916.0,浙商银行,浙江,银行,主板,20191126
601918.SH,601918.0,新集能源,安徽,煤炭开采,主板,20071219
601919.SH,601919.0,中远海控,天津,水运,主板,20070626
601921.SH,601921.0,浙版传媒,浙江,出版业,主板,20210723
601928.SH,601928.0,凤凰传媒,江苏,出版业,主板,20111130
601929.SH,601929.0,吉视传媒,吉林,影视音像,主板,20120223
601933.SH,601933.0,永辉超市,福建,超市连锁,主板,20101215
601939.SH,601939.0,建设银行,北京,银行,主板,20070925
601949.SH,601949.0,中国出版,北京,出版业,主板,20170821
601952.SH,601952.0,苏垦农发,江苏,种植业,主板,20170515
601956.SH,601956.0,东贝集团,湖北,家用电器,主板,20201225
601958.SH,601958.0,金钼股份,陕西,小金属,主板,20080417
601963.SH,601963.0,重庆银行,重庆,银行,主板,20210205
601965.SH,601965.0,中国汽研,重庆,汽车服务,主板,20120611
601966.SH,601966.0,玲珑轮胎,山东,汽车配件,主板,20160706
601968.SH,601968.0,宝钢包装,上海,广告包装,主板,20150611
601969.SH,601969.0,海南矿业,海南,普钢,主板,20141209
601975.SH,601975.0,招商南油,江苏,水运,主板,20190108
601985.SH,601985.0,中国核电,北京,新型电力,主板,20150610
601988.SH,601988.0,中国银行,北京,银行,主板,20060705
601990.SH,601990.0,南京证券,江苏,证券,主板,20180613
601991.SH,601991.0,大唐发电,北京,火力发电,主板,20061220
601992.SH,601992.0,金隅集团,北京,水泥,主板,20110301
601995.SH,601995.0,中金公司,北京,证券,主板,20201102
601996.SH,601996.0,丰林集团,广西,家居用品,主板,20110929
601997.SH,601997.0,贵阳银行,贵州,银行,主板,20160816
601998.SH,601998.0,中信银行,北京,银行,主板,20070427
601999.SH,601999.0,出版传媒,辽宁,出版业,主板,20071221
603000.SH,603000.0,人民网,北京,互联网,主板,20120427
603001.SH,603001.0,奥康国际,浙江,服饰,主板,20120426
603002.SH,603002.0,宏昌电子,广东,化工原料,主板,20120518
603004.SH,603004.0,鼎龙科技,浙江,化工原料,主板,20231227
603005.SH,603005.0,晶方科技,江苏,半导体,主板,20140210
603006.SH,603006.0,联明股份,上海,汽车配件,主板,20140630
603007.SH,603007.0,顺景科技,江苏,建筑工程,主板,20160826
603008.SH,603008.0,ST喜临门,浙江,家居用品,主板,20120717
603009.SH,603009.0,北特科技,上海,汽车配件,主板,20140718
603010.SH,603010.0,万盛股份,浙江,化工原料,主板,20141010
603011.SH,603011.0,合锻智能,安徽,专用机械,主板,20141107
603012.SH,603012.0,创力集团,上海,专用机械,主板,20150320
603013.SH,603013.0,亚普股份,江苏,汽车配件,主板,20180509
603014.SH,603014.0,威高血净,山东,医疗保健,主板,20250519
603015.SH,603015.0,弘讯科技,浙江,电气设备,主板,20150303
603016.SH,603016.0,新宏泰,江苏,电气设备,主板,20160701
603017.SH,603017.0,中衡设计,江苏,建筑工程,主板,20141231
603018.SH,603018.0,华设集团,江苏,建筑工程,主板,20141013
603019.SH,603019.0,中科曙光,天津,IT设备,主板,20141106
603020.SH,603020.0,爱普股份,上海,食品,主板,20150325
603021.SH,603021.0,*ST华鹏,山东,家居用品,主板,20150423
603022.SH,603022.0,新通联,上海,广告包装,主板,20150518
603023.SH,603023.0,威帝股份,黑龙江,汽车配件,主板,20150527
603025.SH,603025.0,大豪科技,北京,纺织机械,主板,20150422
603026.SH,603026.0,石大胜华,山东,化工原料,主板,20150529
603027.SH,603027.0,千禾味业,四川,食品,主板,20160307
603028.SH,603028.0,赛福天,江苏,钢加工,主板,20160331
603029.SH,603029.0,天鹅股份,山东,农用机械,主板,20160427
603030.SH,603030.0,全筑股份,上海,装修装饰,主板,20150320
603031.SH,603031.0,安孚科技,安徽,电气设备,主板,20160822
603032.SH,603032.0,德新科技,新疆,专用机械,主板,20170105
603033.SH,603033.0,三维股份,浙江,橡胶,主板,20161207
603035.SH,603035.0,常熟汽饰,江苏,汽车配件,主板,20170105
603036.SH,603036.0,如通股份,江苏,专用机械,主板,20161209
603037.SH,603037.0,凯众股份,上海,汽车配件,主板,20170120
603038.SH,603038.0,华立股份,广东,家居用品,主板,20170116
603039.SH,603039.0,泛微网络,上海,软件服务,主板,20170113
603040.SH,603040.0,新坐标,浙江,汽车配件,主板,20170209
603041.SH,603041.0,美思德,江苏,化工原料,主板,20170330
603042.SH,603042.0,华脉科技,江苏,通信设备,主板,20170602
603043.SH,603043.0,广州酒家,广东,食品,主板,20170627
603045.SH,603045.0,福达合金,浙江,小金属,主板,20180517
603048.SH,603048.0,浙江黎明,浙江,汽车配件,主板,20211116
603049.SH,603049.0,中策橡胶,浙江,汽车配件,主板,20250605
603050.SH,603050.0,科林电气,河北,电气设备,主板,20170414
603051.SH,603051.0,鹿山新材,广东,塑料,主板,20220325
603052.SH,603052.0,可川科技,江苏,元器件,主板,20221011
603053.SH,603053.0,成都燃气,四川,供气供热,主板,20191217
603055.SH,603055.0,台华新材,浙江,纺织,主板,20170921
603057.SH,603057.0,紫燕食品,上海,食品,主板,20220926
603058.SH,603058.0,永吉股份,贵州,广告包装,主板,20161223
603059.SH,603059.0,倍加洁,江苏,日用化工,主板,20180302
603060.SH,603060.0,国检集团,北京,建筑工程,主板,20161109
603061.SH,603061.0,金海通,天津,半导体,主板,20230303
603062.SH,603062.0,麦加芯彩,上海,染料涂料,主板,20231107
603063.SH,603063.0,禾望电气,深圳,电气设备,主板,20170728
603065.SH,603065.0,宿迁联盛,江苏,化工原料,主板,20230321
603066.SH,603066.0,音飞储存,江苏,仓储物流,主板,20150611
603067.SH,603067.0,振华股份,湖北,化工原料,主板,20160913
603068.SH,603068.0,博通集成,上海,半导体,主板,20190415
603069.SH,603069.0,海汽集团,海南,公共交通,主板,20160712
603070.SH,603070.0,万控智造,浙江,电气设备,主板,20220310
603071.SH,603071.0,物产环能,浙江,批发业,主板,20211216
603072.SH,603072.0,天和磁材,内蒙,矿物制品,主板,20250103
603073.SH,603073.0,彩蝶实业,浙江,纺织,主板,20230316
603075.SH,603075.0,热威股份,浙江,家用电器,主板,20230911
603076.SH,603076.0,乐惠国际,浙江,专用机械,主板,20171113
603077.SH,603077.0,和邦生物,四川,化工原料,主板,20120731
603078.SH,603078.0,江化微,江苏,半导体,主板,20170410
603079.SH,603079.0,圣达生物,浙江,食品,主板,20170823
603080.SH,603080.0,新疆火炬,新疆,供气供热,主板,20180103
603081.SH,603081.0,大丰实业,浙江,专用机械,主板,20170420
603082.SH,603082.0,北自科技,北京,运输设备,主板,20240130
603083.SH,603083.0,剑桥科技,上海,通信设备,主板,20171110
603085.SH,603085.0,天成自控,浙江,汽车配件,主板,20150630
603086.SH,603086.0,先达股份,山东,农药化肥,主板,20170511
603087.SH,603087.0,甘李药业,北京,生物制药,主板,20200629
603088.SH,603088.0,宁波精达,浙江,机床制造,主板,20141111
603089.SH,603089.0,正裕工业,浙江,汽车配件,主板,20170126
603090.SH,603090.0,宏盛股份,江苏,专用机械,主板,20160831
603091.SH,603091.0,众鑫股份,浙江,家居用品,主板,20240920
603092.SH,603092.0,德力佳,江苏,机械基件,主板,20251107
603093.SH,603093.0,南华期货,浙江,多元金融,主板,20190830
603095.SH,603095.0,越剑智能,浙江,纺织机械,主板,20200415
603096.SH,603096.0,新经典,天津,出版业,主板,20170425
603097.SH,603097.0,江苏华辰,江苏,电气设备,主板,20220512
603098.SH,603098.0,森特股份,北京,装修装饰,主板,20161216
603099.SH,603099.0,长白山,吉林,旅游景点,主板,20140822
603100.SH,603100.0,川仪股份,重庆,电器仪表,主板,20140805
603101.SH,603101.0,汇嘉时代,新疆,百货,主板,20160506
603102.SH,603102.0,百合股份,山东,医疗保健,主板,20220125
603103.SH,603103.0,横店影视,浙江,影视音像,主板,20171012
603105.SH,603105.0,芯能科技,浙江,电气设备,主板,20180709
603106.SH,603106.0,恒银科技,天津,IT设备,主板,20170920
603107.SH,603107.0,上海汽配,上海,汽车配件,主板,20231101
603108.SH,603108.0,润达医疗,上海,医药商业,主板,20150527
603109.SH,603109.0,神驰机电,重庆,电气设备,主板,20191231
603110.SH,603110.0,东方材料,安徽,染料涂料,主板,20171013
603111.SH,603111.0,康尼机电,江苏,运输设备,主板,20140801
603112.SH,603112.0,华翔股份,山西,机械基件,主板,20200917
603113.SH,603113.0,金能科技,山东,化工原料,主板,20170511
603115.SH,603115.0,海星股份,江苏,铝,主板,20190809
603116.SH,603116.0,红蜻蜓,浙江,服饰,主板,20150629
603117.SH,603117.0,万林物流,江苏,仓储物流,主板,20150629
603118.SH,603118.0,共进股份,深圳,通信设备,主板,20150225
603119.SH,603119.0,浙江荣泰,浙江,汽车配件,主板,20230801
603120.SH,603120.0,肯特催化,浙江,化工原料,主板,20250416
603121.SH,603121.0,华培动力,上海,汽车配件,主板,20190111
603122.SH,603122.0,合富中国,上海,医药商业,主板,20220216
603123.SH,603123.0,翠微股份,北京,多元金融,主板,20120503
603124.SH,603124.0,江南新材,江西,铜,主板,20250320
603125.SH,603125.0,常青科技,江苏,化工原料,主板,20230410
603126.SH,603126.0,中材节能,天津,环境保护,主板,20140731
603127.SH,603127.0,昭衍新药,北京,医疗保健,主板,20170825
603128.SH,603128.0,华贸物流,上海,仓储物流,主板,20120529
603129.SH,603129.0,春风动力,浙江,摩托车,主板,20170818
603130.SH,603130.0,云中马,浙江,纺织,主板,20221118
603131.SH,603131.0,上海沪工,上海,专用机械,主板,20160607
603132.SH,603132.0,金徽股份,甘肃,铅锌,主板,20220222
603135.SH,603135.0,中重科技,天津,专用机械,主板,20230410
603136.SH,603136.0,天目湖,江苏,旅游景点,主板,20170927
603137.SH,603137.0,恒尚节能,江苏,装修装饰,主板,20230419
603138.SH,603138.0,海量数据,北京,软件服务,主板,20170306
603139.SH,603139.0,康惠股份,陕西,中成药,主板,20170421
603150.SH,603150.0,万朗磁塑,安徽,塑料,主板,20220124
603151.SH,603151.0,邦基科技,山东,饲料,主板,20221019
603153.SH,603153.0,上海建科,上海,建筑工程,主板,20230313
603155.SH,603155.0,新亚强,江苏,化工原料,主板,20200901
603156.SH,603156.0,养元饮品,河北,软饮料,主板,20180212
603158.SH,603158.0,腾龙股份,江苏,汽车配件,主板,20150320
603159.SH,603159.0,上海亚虹,上海,专用机械,主板,20160812
603160.SH,603160.0,汇顶科技,深圳,半导体,主板,20161017
603161.SH,603161.0,科华控股,江苏,汽车配件,主板,20180105
603162.SH,603162.0,海通发展,福建,水运,主板,20230329
603163.SH,603163.0,圣晖集成,江苏,建筑工程,主板,20221013
603165.SH,603165.0,荣晟环保,浙江,造纸,主板,20170117
603166.SH,603166.0,福达股份,广西,汽车配件,主板,20141127
603167.SH,603167.0,渤海轮渡,山东,水运,主板,20120906
603168.SH,603168.0,莎普爱思,浙江,化学制药,主板,20140702
603169.SH,603169.0,兰石重装,甘肃,专用机械,主板,20141009
603170.SH,603170.0,宝立食品,上海,食品,主板,20220715
603171.SH,603171.0,税友股份,浙江,软件服务,主板,20210630
603172.SH,603172.0,万丰股份,浙江,染料涂料,主板,20230510
603173.SH,603173.0,福斯达,浙江,机械基件,主板,20230130
603175.SH,603175.0,超颖电子,湖北,元器件,主板,20251024
603176.SH,603176.0,汇通集团,河北,建筑工程,主板,20211231
603177.SH,603177.0,德创环保,浙江,环境保护,主板,20170207
603178.SH,603178.0,圣龙股份,浙江,汽车配件,主板,20170328
603179.SH,603179.0,新泉股份,江苏,汽车配件,主板,20170317
603180.SH,603180.0,金牌家居,福建,家居用品,主板,20170512
603181.SH,603181.0,皇马科技,浙江,化工原料,主板,20170824
603182.SH,603182.0,嘉华股份,山东,食品,主板,20220909
603183.SH,603183.0,建研院,江苏,建筑工程,主板,20170905
603185.SH,603185.0,弘元绿能,江苏,电气设备,主板,20181228
603186.SH,603186.0,华正新材,浙江,元器件,主板,20170103
603187.SH,603187.0,海容冷链,山东,机械基件,主板,20181129
603188.SH,603188.0,亚邦股份,江苏,染料涂料,主板,20140909
603189.SH,603189.0,*ST网达,上海,软件服务,主板,20160914
603190.SH,603190.0,亚通精工,山东,汽车配件,主板,20230217
603191.SH,603191.0,望变电气,重庆,电气设备,主板,20220428
603192.SH,603192.0,汇得科技,上海,化工原料,主板,20180828
603193.SH,603193.0,润本股份,广东,日用化工,主板,20231017
603194.SH,603194.0,中力股份,浙江,工程机械,主板,20241224
603195.SH,603195.0,公牛集团,浙江,家用电器,主板,20200206
603196.SH,603196.0,璞源材料,上海,服饰,主板,20170531
603197.SH,603197.0,保隆科技,上海,汽车配件,主板,20170519
603198.SH,603198.0,迎驾贡酒,安徽,白酒,主板,20150528
603199.SH,603199.0,九华旅游,安徽,旅游景点,主板,20150326
603200.SH,603200.0,上海洗霸,上海,环境保护,主板,20170601
603201.SH,603201.0,常润股份,江苏,汽车配件,主板,20220729
603202.SH,603202.0,天有为,黑龙江,汽车配件,主板,20250424
603203.SH,603203.0,快克智能,江苏,专用机械,主板,20161108
603205.SH,603205.0,健尔康,江苏,医疗保健,主板,20241107
603206.SH,603206.0,嘉环科技,江苏,通信设备,主板,20220506
603207.SH,603207.0,小方制药,上海,化学制药,主板,20240826
603208.SH,603208.0,江山欧派,浙江,家居用品,主板,20170210
603209.SH,603209.0,兴通股份,福建,水运,主板,20220324
603210.SH,603210.0,泰鸿万立,浙江,汽车配件,主板,20250409
603211.SH,603211.0,晋拓股份,上海,汽车配件,主板,20220725
603212.SH,603212.0,赛伍技术,江苏,塑料,主板,20200430
603213.SH,603213.0,镇洋发展,浙江,化工原料,主板,20211111
603214.SH,603214.0,爱婴室,上海,百货,主板,20180330
603215.SH,603215.0,比依股份,浙江,家用电器,主板,20220218
603216.SH,603216.0,梦天家居,浙江,家居用品,主板,20211215
603217.SH,603217.0,元利科技,山东,化工原料,主板,20190620
603218.SH,603218.0,日月股份,浙江,电气设备,主板,20161228
603219.SH,603219.0,富佳股份,浙江,家用电器,主板,20211122
603220.SH,603220.0,中贝通信,湖北,通信设备,主板,20181115
603221.SH,603221.0,爱丽家居,江苏,家居用品,主板,20200323
603222.SH,603222.0,济民健康,浙江,医疗保健,主板,20150217
603223.SH,603223.0,恒通股份,山东,公路,主板,20150630
603225.SH,603225.0,新凤鸣,浙江,化纤,主板,20170418
603226.SH,603226.0,菲林格尔,上海,家居用品,主板,20170615
603227.SH,603227.0,雪峰科技,新疆,化工原料,主板,20150515
603228.SH,603228.0,景旺电子,深圳,元器件,主板,20170106
603229.SH,603229.0,奥翔药业,浙江,化学制药,主板,20170509
603230.SH,603230.0,内蒙新华,内蒙,出版业,主板,20211224
603231.SH,603231.0,索宝蛋白,浙江,食品,主板,20231215
603232.SH,603232.0,格尔软件,上海,软件服务,主板,20170421
603233.SH,603233.0,大参林,广东,医药商业,主板,20170731
603235.SH,603235.0,天新药业,江西,化学制药,主板,20220712
603236.SH,603236.0,移远通信,上海,通信设备,主板,20190716
603237.SH,603237.0,五芳斋,浙江,食品,主板,20220831
603238.SH,603238.0,诺邦股份,浙江,纺织,主板,20170222
603239.SH,603239.0,浙江仙通,浙江,汽车配件,主板,20161230
603248.SH,603248.0,锡华科技,江苏,机械基件,主板,20251223
603255.SH,603255.0,鼎际得,辽宁,化工原料,主板,20220818
603256.SH,603256.0,宏和科技,上海,玻璃,主板,20190719
603257.SH,603257.0,中国瑞林,江西,建筑工程,主板,20250408
603258.SH,603258.0,电魂网络,浙江,互联网,主板,20161026
603259.SH,603259.0,药明康德,江苏,化学制药,主板,20180508
603260.SH,603260.0,合盛硅业,浙江,化工原料,主板,20171030
603261.SH,603261.0,立航科技,四川,航空,主板,20220315
603262.SH,603262.0,技源集团,江苏,食品,主板,20250723
603266.SH,603266.0,天龙股份,浙江,汽车配件,主板,20170110
603267.SH,603267.0,鸿远电子,北京,元器件,主板,20190515
603268.SH,603268.0,松发股份,广东,船舶,主板,20150319
603269.SH,603269.0,海鸥股份,江苏,机械基件,主板,20170517
603270.SH,603270.0,金帝股份,山东,机械基件,主板,20230901
603271.SH,603271.0,永杰新材,浙江,铝,主板,20250311
603272.SH,603272.0,*ST联翔,浙江,家居用品,主板,20220520
603273.SH,603273.0,天元智能,江苏,专用机械,主板,20231023
603275.SH,603275.0,众辰科技,上海,电器仪表,主板,20230823
603276.SH,603276.0,恒兴新材,江苏,化工原料,主板,20230925
603277.SH,603277.0,银都股份,浙江,专用机械,主板,20170911
603278.SH,603278.0,大业股份,山东,钢加工,主板,20171113
603279.SH,603279.0,景津装备,山东,环境保护,主板,20190729
603280.SH,603280.0,南方路机,福建,工程机械,主板,20221108
603281.SH,603281.0,江瀚新材,湖北,化工原料,主板,20230131
603282.SH,603282.0,亚光股份,浙江,专用机械,主板,20230315
603283.SH,603283.0,赛腾股份,江苏,专用机械,主板,20171225
603285.SH,603285.0,键邦股份,山东,化工原料,主板,20240705
603286.SH,603286.0,日盈电子,江苏,汽车配件,主板,20170627
603288.SH,603288.0,海天味业,广东,食品,主板,20140211
603289.SH,603289.0,泰瑞机器,浙江,专用机械,主板,20171031
603290.SH,603290.0,斯达半导,浙江,半导体,主板,20200204
603291.SH,603291.0,联合水务,江苏,水务,主板,20230327
603296.SH,603296.0,华勤技术,上海,元器件,主板,20230808
603297.SH,603297.0,永新光学,浙江,元器件,主板,20180910
603298.SH,603298.0,杭叉集团,浙江,工程机械,主板,20161227
603299.SH,603299.0,苏盐井神,江苏,食品,主板,20151231
603300.SH,603300.0,海南华铁,浙江,多元金融,主板,20150529
603301.SH,603301.0,振德医疗,浙江,医疗保健,主板,20180412
603303.SH,603303.0,得邦照明,浙江,家用电器,主板,20170330
603305.SH,603305.0,旭升集团,浙江,汽车配件,主板,20170710
603306.SH,603306.0,华懋科技,福建,汽车配件,主板,20140926
603307.SH,603307.0,扬州金泉,江苏,文教休闲,主板,20230216
603308.SH,603308.0,应流股份,安徽,机械基件,主板,20140122
603309.SH,603309.0,维力医疗,广东,医疗保健,主板,20150302
603310.SH,603310.0,巍华新材,浙江,化工原料,主板,20240814
603311.SH,603311.0,金海高科,浙江,家用电器,主板,20150518
603312.SH,603312.0,西典新能,江苏,电气设备,主板,20240111
603313.SH,603313.0,梦百合,江苏,家居用品,主板,20161013
603315.SH,603315.0,福鞍股份,辽宁,环境保护,主板,20150424
603316.SH,603316.0,诚邦股份,浙江,建筑工程,主板,20170619
603317.SH,603317.0,天味食品,四川,食品,主板,20190416
603318.SH,603318.0,水发燃气,辽宁,供气供热,主板,20150424
603319.SH,603319.0,美湖股份,湖南,汽车配件,主板,20161130
603320.SH,603320.0,迪贝电气,浙江,电气设备,主板,20170502
603321.SH,603321.0,梅轮电梯,浙江,运输设备,主板,20170915
603322.SH,603322.0,超讯科技,广东,通信设备,主板,20160728
603323.SH,603323.0,苏农银行,江苏,银行,主板,20161129
603324.SH,603324.0,盛剑科技,上海,环境保护,主板,20210407
603325.SH,603325.0,博隆技术,上海,化工机械,主板,20240110
603326.SH,603326.0,我乐家居,江苏,家居用品,主板,20170616
603327.SH,603327.0,福蓉科技,四川,元器件,主板,20190523
603328.SH,603328.0,依顿电子,广东,元器件,主板,20140701
603329.SH,603329.0,上海雅仕,上海,仓储物流,主板,20171229
603330.SH,603330.0,天洋新材,上海,塑料,主板,20170213
603331.SH,603331.0,百达精工,浙江,专用机械,主板,20170705
603332.SH,603332.0,苏州龙杰,江苏,化纤,主板,20190117
603333.SH,603333.0,福华尚纬,四川,电气设备,主板,20120507
603334.SH,603334.0,丰倍生物,江苏,化工原料,主板,20251105
603335.SH,603335.0,迪生力,广东,汽车配件,主板,20170620
603336.SH,603336.0,宏辉果蔬,广东,农业综合,主板,20161124
603337.SH,603337.0,杰克科技,浙江,纺织机械,主板,20170119
603338.SH,603338.0,浙江鼎力,浙江,工程机械,主板,20150325
603339.SH,603339.0,四方科技,江苏,专用机械,主板,20160519
603341.SH,603341.0,龙旗科技,上海,通信设备,主板,20240301
603344.SH,603344.0,星德胜,江苏,电气设备,主板,20240320
603345.SH,603345.0,安井食品,福建,食品,主板,20170222
603348.SH,603348.0,文灿股份,广东,汽车配件,主板,20180426
603350.SH,603350.0,安乃达,上海,电气设备,主板,20240703
603351.SH,603351.0,威尔药业,江苏,化学制药,主板,20190130
603352.SH,603352.0,至信股份,重庆,汽车配件,主板,20260115
603353.SH,603353.0,和顺石油,湖南,石油贸易,主板,20200407
603355.SH,603355.0,莱克电气,江苏,家用电器,主板,20150513
603356.SH,603356.0,华菱精工,安徽,运输设备,主板,20180124
603357.SH,603357.0,设计总院,安徽,建筑工程,主板,20170801
603358.SH,603358.0,华达科技,江苏,汽车配件,主板,20170125
603359.SH,603359.0,*ST东珠,江苏,建筑工程,主板,20170901
603360.SH,603360.0,百傲化学,辽宁,农药化肥,主板,20170206
603363.SH,603363.0,傲农生物,福建,饲料,主板,20170926
603365.SH,603365.0,水星家纺,上海,纺织,主板,20171120
603366.SH,603366.0,日出东方,江苏,家用电器,主板,20120521
603367.SH,603367.0,辰欣药业,山东,化学制药,主板,20170929
603368.SH,603368.0,柳药集团,广西,医药商业,主板,20141204
603369.SH,603369.0,今世缘,江苏,白酒,主板,20140703
603370.SH,603370.0,华新精科,江苏,电气设备,主板,20250905
603373.SH,603373.0,安邦护卫,浙江,仓储物流,主板,20231220
603375.SH,603375.0,盛景微,江苏,半导体,主板,20240124
603376.SH,603376.0,大明电子,浙江,汽车配件,主板,20251106
603377.SH,603377.0,ST东时,北京,汽车服务,主板,20160205
603378.SH,603378.0,*ST亚士,上海,染料涂料,主板,20170928
603379.SH,603379.0,三美股份,浙江,化工原料,主板,20190402
603380.SH,603380.0,易德龙,江苏,元器件,主板,20170622
603381.SH,603381.0,永臻股份,江苏,电气设备,主板,20240626
603382.SH,603382.0,海阳科技,江苏,化纤,主板,20250612
603383.SH,603383.0,顶点软件,福建,软件服务,主板,20170522
603385.SH,603385.0,惠达卫浴,河北,家居用品,主板,20170405
603386.SH,603386.0,骏亚科技,广东,元器件,主板,20170912
603387.SH,603387.0,基蛋生物,江苏,医疗保健,主板,20170717
603389.SH,603389.0,亚振家居,江苏,家居用品,主板,20161215
603390.SH,603390.0,通达电气,广东,汽车配件,主板,20191125
603391.SH,603391.0,力聚热能,浙江,专用机械,主板,20240731
603392.SH,603392.0,万泰生物,北京,生物制药,主板,20200429
603393.SH,603393.0,新天然气,新疆,石油开采,主板,20160912
603395.SH,603395.0,红四方,安徽,农药化肥,主板,20241126
603396.SH,603396.0,金辰股份,辽宁,专用机械,主板,20171018
603398.SH,603398.0,*ST沐邦,江西,电气设备,主板,20151209
603399.SH,603399.0,永杉锂业,辽宁,小金属,主板,20120824
603400.SH,603400.0,华之杰,江苏,机械基件,主板,20250620
603402.SH,603402.0,陕西旅游,陕西,旅游景点,主板,20260106
603406.SH,603406.0,天富龙,江苏,化纤,主板,20250808
603408.SH,603408.0,建霖家居,福建,家居用品,主板,20200730
603409.SH,603409.0,汇通控股,安徽,汽车配件,主板,20250304
603416.SH,603416.0,信捷电气,江苏,电器仪表,主板,20161221
603418.SH,603418.0,友升股份,上海,汽车配件,主板,20250923
603421.SH,603421.0,鼎信通讯,山东,通信设备,主板,20161011
603429.SH,603429.0,*ST集友,安徽,广告包装,主板,20170124
603439.SH,603439.0,三力制药,贵州,中成药,主板,20200428
603444.SH,603444.0,吉比特,福建,互联网,主板,20170104
603456.SH,603456.0,九洲药业,浙江,医疗保健,主板,20141010
603458.SH,603458.0,勘设股份,贵州,建筑工程,主板,20170809
603466.SH,603466.0,风语筑,上海,文教休闲,主板,20171020
603477.SH,603477.0,巨星农牧,四川,农业综合,主板,20171218
603486.SH,603486.0,科沃斯,江苏,家用电器,主板,20180528
603488.SH,603488.0,展鹏科技,江苏,运输设备,主板,20170516
603489.SH,603489.0,八方股份,江苏,电气设备,主板,20191111
603496.SH,603496.0,恒为科技,上海,IT设备,主板,20170607
603499.SH,603499.0,翔港科技,上海,广告包装,主板,20171016
603500.SH,603500.0,祥和实业,浙江,运输设备,主板,20170904
603501.SH,603501.0,豪威集团,上海,半导体,主板,20170504
603505.SH,603505.0,金石资源,浙江,化工原料,主板,20170503
603506.SH,603506.0,南都物业,浙江,房产服务,主板,20180201
603507.SH,603507.0,振江股份,江苏,电气设备,主板,20171106
603508.SH,603508.0,思维列控,河南,IT设备,主板,20151224
603511.SH,603511.0,爱慕股份,北京,服饰,主板,20210531
603515.SH,603515.0,欧普照明,上海,家用电器,主板,20160819
603516.SH,603516.0,淳中科技,北京,IT设备,主板,20180202
603517.SH,603517.0,ST绝味,湖南,食品,主板,20170317
603518.SH,603518.0,锦泓集团,江苏,服饰,主板,20141203
603519.SH,603519.0,立霸股份,江苏,家用电器,主板,20150319
603520.SH,603520.0,司太立,浙江,化学制药,主板,20160309
603527.SH,603527.0,众源新材,安徽,铜,主板,20170907
603528.SH,603528.0,多伦科技,江苏,软件服务,主板,20160503
603529.SH,603529.0,爱玛科技,天津,摩托车,主板,20210615
603530.SH,603530.0,神马电力,江苏,电气设备,主板,20190805
603533.SH,603533.0,掌阅科技,北京,互联网,主板,20170921
603535.SH,603535.0,嘉诚国际,广东,仓储物流,主板,20170808
603536.SH,603536.0,惠发食品,山东,食品,主板,20170613
603538.SH,603538.0,美诺华,浙江,化学制药,主板,20170407
603551.SH,603551.0,奥普科技,浙江,家居用品,主板,20200115
603556.SH,603556.0,海兴电力,浙江,电器仪表,主板,20161110
603557.SH,603557.0,*ST起步,浙江,服饰,主板,20170818
603558.SH,603558.0,健盛集团,浙江,纺织,主板,20150127
603559.SH,603559.0,中通国脉,吉林,通信设备,主板,20161202
603565.SH,603565.0,中谷物流,上海,水运,主板,20200925
603566.SH,603566.0,普莱柯,河南,农业综合,主板,20150518
603567.SH,603567.0,珍宝岛,黑龙江,中成药,主板,20150424
603568.SH,603568.0,伟明环保,浙江,环境保护,主板,20150528
603569.SH,603569.0,长久物流,北京,公路,主板,20160810
603577.SH,603577.0,汇金通,山东,电气设备,主板,20161222
603578.SH,603578.0,三星新材,浙江,家用电器,主板,20170306
603579.SH,603579.0,荣泰健康,上海,家用电器,主板,20170111
603580.SH,603580.0,艾艾精工,上海,塑料,主板,20170525
603583.SH,603583.0,捷昌驱动,浙江,电气设备,主板,20180921
603585.SH,603585.0,苏利股份,江苏,农药化肥,主板,20161214
603586.SH,603586.0,金麒麟,山东,汽车配件,主板,20170406
603587.SH,603587.0,地素时尚,上海,服饰,主板,20180622
603588.SH,603588.0,高能环境,北京,环境保护,主板,20141229
603589.SH,603589.0,口子窖,安徽,白酒,主板,20150629
603590.SH,603590.0,康辰药业,北京,生物制药,主板,20180827
603595.SH,603595.0,ST东尼,浙江,元器件,主板,20170712
603596.SH,603596.0,伯特利,安徽,汽车配件,主板,20180427
603598.SH,603598.0,引力传媒,北京,互联网,主板,20150527
603599.SH,603599.0,广信股份,安徽,农药化肥,主板,20150513
603600.SH,603600.0,永艺股份,浙江,家居用品,主板,20150123
603601.SH,603601.0,再升科技,重庆,玻璃,主板,20150122
603602.SH,603602.0,纵横通信,浙江,通信设备,主板,20170810
603605.SH,603605.0,珀莱雅,浙江,日用化工,主板,20171115
603606.SH,603606.0,东方电缆,浙江,电气设备,主板,20141015
603607.SH,603607.0,京华激光,浙江,造纸,主板,20171025
603608.SH,603608.0,天创时尚,广东,服饰,主板,20160218
603609.SH,603609.0,禾丰股份,辽宁,饲料,主板,20140808
603610.SH,603610.0,麒盛科技,浙江,家居用品,主板,20191029
603611.SH,603611.0,诺力股份,浙江,专用机械,主板,20150128
603612.SH,603612.0,索通发展,山东,矿物制品,主板,20170718
603613.SH,603613.0,国联股份,北京,互联网,主板,20190730
603615.SH,603615.0,茶花股份,福建,家居用品,主板,20170213
603616.SH,603616.0,韩建河山,北京,水泥,主板,20150611
603617.SH,603617.0,君禾股份,浙江,机械基件,主板,20170703
603618.SH,603618.0,杭电股份,浙江,电气设备,主板,20150217
603619.SH,603619.0,中曼石油,上海,石油开采,主板,20171117
603626.SH,603626.0,科森科技,江苏,元器件,主板,20170209
603628.SH,603628.0,清源股份,福建,电气设备,主板,20170112
603629.SH,603629.0,利通电子,江苏,元器件,主板,20181224
603630.SH,603630.0,拉芳家化,广东,日用化工,主板,20170313
603633.SH,603633.0,徕木股份,上海,汽车配件,主板,20161117
603636.SH,603636.0,南威软件,福建,软件服务,主板,20141230
603637.SH,603637.0,镇海股份,浙江,建筑工程,主板,20170208
603638.SH,603638.0,艾迪精密,山东,专用机械,主板,20170120
603639.SH,603639.0,海利尔,山东,农药化肥,主板,20170112
603648.SH,603648.0,畅联股份,上海,仓储物流,主板,20170913
603650.SH,603650.0,彤程新材,上海,化工原料,主板,20180627
603655.SH,603655.0,朗博科技,江苏,汽车配件,主板,20171229
603656.SH,603656.0,泰禾智能,安徽,专用机械,主板,20170321
603657.SH,603657.0,春光科技,浙江,家用电器,主板,20180730
603658.SH,603658.0,安图生物,河南,医疗保健,主板,20160901
603659.SH,603659.0,璞泰来,上海,化工原料,主板,20171103
603660.SH,603660.0,苏州科达,江苏,IT设备,主板,20161201
603661.SH,603661.0,恒林股份,浙江,家居用品,主板,20171121
603662.SH,603662.0,柯力传感,浙江,电器仪表,主板,20190806
603663.SH,603663.0,三祥新材,福建,小金属,主板,20160801
603665.SH,603665.0,康隆达,浙江,服饰,主板,20170313
603666.SH,603666.0,亿嘉和,江苏,专用机械,主板,20180612
603667.SH,603667.0,五洲新春,浙江,机械基件,主板,20161025
603668.SH,603668.0,天马科技,福建,饲料,主板,20170117
603669.SH,603669.0,灵康药业,西藏,化学制药,主板,20150528
603676.SH,603676.0,卫信康,西藏,化学制药,主板,20170721
603677.SH,603677.0,奇精机械,浙江,家用电器,主板,20170206
603678.SH,603678.0,火炬电子,福建,元器件,主板,20150126
603679.SH,603679.0,华体科技,四川,电气设备,主板,20170621
603680.SH,603680.0,今创集团,江苏,运输设备,主板,20180227
603681.SH,603681.0,永冠新材,上海,化工原料,主板,20190326
603682.SH,603682.0,锦和商管,上海,房产服务,主板,20200421
603683.SH,603683.0,晶华新材,上海,化工原料,主板,20171020
603685.SH,603685.0,晨丰科技,浙江,电气设备,主板,20171127
603686.SH,603686.0,福龙马,福建,环境保护,主板,20150126
603687.SH,603687.0,大胜达,浙江,广告包装,主板,20190726
603688.SH,603688.0,石英股份,江苏,矿物制品,主板,20141031
603689.SH,603689.0,皖天然气,安徽,供气供热,主板,20170110
603690.SH,603690.0,至纯科技,上海,半导体,主板,20170113
603693.SH,603693.0,江苏新能,江苏,新型电力,主板,20180703
603696.SH,603696.0,安记食品,福建,食品,主板,20151209
603697.SH,603697.0,有友食品,重庆,食品,主板,20190508
603698.SH,603698.0,航天工程,北京,专用机械,主板,20150128
603699.SH,603699.0,纽威股份,江苏,机械基件,主板,20140117
603700.SH,603700.0,宁水集团,浙江,电器仪表,主板,20190122
603701.SH,603701.0,德宏股份,浙江,汽车配件,主板,20160412
603703.SH,603703.0,盛洋科技,浙江,元器件,主板,20150423
603706.SH,603706.0,东方环宇,新疆,供气供热,主板,20180709
603707.SH,603707.0,健友股份,江苏,生物制药,主板,20170719
603708.SH,603708.0,家家悦,山东,超市连锁,主板,20161213
603709.SH,603709.0,中源家居,浙江,家居用品,主板,20180208
603711.SH,603711.0,香飘飘,浙江,软饮料,主板,20171130
603712.SH,603712.0,七一二,天津,通信设备,主板,20180226
603713.SH,603713.0,密尔克卫,上海,仓储物流,主板,20180713
603716.SH,603716.0,塞力医疗,湖北,医药商业,主板,20161031
603717.SH,603717.0,天域生物,重庆,农业综合,主板,20170327
603718.SH,603718.0,*ST海利,上海,医疗保健,主板,20150515
603719.SH,603719.0,良品铺子,湖北,食品,主板,20200224
603721.SH,603721.0,中广天择,湖南,影视音像,主板,20170811
603722.SH,603722.0,阿科力,江苏,化工原料,主板,20171025
603725.SH,603725.0,天安新材,广东,塑料,主板,20170906
603726.SH,603726.0,朗迪集团,浙江,家用电器,主板,20160421
603727.SH,603727.0,博迈科,天津,石油开采,主板,20161122
603728.SH,603728.0,鸣志电器,上海,电气设备,主板,20170509
603729.SH,603729.0,ST龙韵,上海,广告包装,主板,20150324
603730.SH,603730.0,岱美股份,上海,汽车配件,主板,20170728
603733.SH,603733.0,仙鹤股份,浙江,造纸,主板,20180420
603737.SH,603737.0,三棵树,福建,染料涂料,主板,20160603
603738.SH,603738.0,泰晶科技,湖北,元器件,主板,20160928
603739.SH,603739.0,蔚蓝生物,山东,农业综合,主板,20190116
603755.SH,603755.0,日辰股份,山东,食品,主板,20190828
603757.SH,603757.0,大元泵业,浙江,机械基件,主板,20170711
603758.SH,603758.0,秦安股份,重庆,汽车配件,主板,20170517
603759.SH,603759.0,海天股份,四川,水务,主板,20210326
603766.SH,603766.0,隆鑫通用,重庆,摩托车,主板,20120810
603767.SH,603767.0,中马传动,浙江,汽车配件,主板,20170613
603768.SH,603768.0,常青股份,安徽,汽车配件,主板,20170324
603773.SH,603773.0,沃格光电,江西,元器件,主板,20180417
603776.SH,603776.0,永安行,江苏,公共交通,主板,20170817
603777.SH,603777.0,来伊份,上海,食品,主板,20161012
603778.SH,603778.0,国晟科技,北京,电气设备,主板,20151231
603779.SH,603779.0,威龙股份,山东,红黄酒,主板,20160516
603786.SH,603786.0,科博达,上海,汽车配件,主板,20191015
603787.SH,603787.0,新日股份,江苏,摩托车,主板,20170427
603788.SH,603788.0,宁波高发,浙江,汽车配件,主板,20150120
603789.SH,603789.0,ST星农,浙江,农用机械,主板,20150427
603790.SH,603790.0,雅运股份,上海,染料涂料,主板,20180912
603797.SH,603797.0,联泰环保,广东,环境保护,主板,20170413
603798.SH,603798.0,康普顿,山东,石油加工,主板,20160406
603799.SH,603799.0,华友钴业,浙江,小金属,主板,20150129
603800.SH,603800.0,洪田股份,江苏,专用机械,主板,20151210
603801.SH,603801.0,志邦家居,安徽,家居用品,主板,20170630
603803.SH,603803.0,瑞斯康达,北京,通信设备,主板,20170420
603806.SH,603806.0,福斯特,浙江,塑料,主板,20140905
603808.SH,603808.0,歌力思,深圳,服饰,主板,20150422
603809.SH,603809.0,豪能股份,四川,汽车配件,主板,20171128
603810.SH,603810.0,丰山集团,江苏,农药化肥,主板,20180917
603811.SH,603811.0,诚意药业,浙江,化学制药,主板,20170315
603813.SH,603813.0,原尚股份,广东,公路,主板,20170918
603815.SH,603815.0,交建股份,安徽,建筑工程,主板,20191021
603816.SH,603816.0,顾家家居,浙江,家居用品,主板,20161014
603817.SH,603817.0,海峡环保,福建,环境保护,主板,20170220
603818.SH,603818.0,曲美家居,北京,家居用品,主板,20150422
603819.SH,603819.0,神力股份,江苏,电气设备,主板,20161125
603822.SH,603822.0,ST嘉澳,浙江,化工原料,主板,20160428
603823.SH,603823.0,百合花,浙江,染料涂料,主板,20161220
603825.SH,603825.0,ST华扬,湖南,互联网,主板,20170802
603826.SH,603826.0,坤彩科技,福建,染料涂料,主板,20170414
603828.SH,603828.0,*ST利达,江苏,装修装饰,主板,20150226
603829.SH,603829.0,洛凯股份,江苏,电气设备,主板,20171017
603833.SH,603833.0,欧派家居,广东,家居用品,主板,20170328
603836.SH,603836.0,海程邦达,山东,仓储物流,主板,20210526
603838.SH,603838.0,*ST四通,广东,家居用品,主板,20150701
603839.SH,603839.0,安正时尚,浙江,服饰,主板,20170214
603843.SH,603843.0,*ST正平,青海,建筑工程,主板,20160905
603848.SH,603848.0,好太太,广东,家居用品,主板,20171201
603855.SH,603855.0,华荣股份,上海,专用机械,主板,20170524
603856.SH,603856.0,东宏股份,山东,塑料,主板,20171106
603858.SH,603858.0,步长制药,山东,中成药,主板,20161118
603859.SH,603859.0,能科科技,北京,软件服务,主板,20161021
603860.SH,603860.0,中公高科,北京,建筑工程,主板,20170802
603861.SH,603861.0,白云电器,广东,电气设备,主板,20160322
603863.SH,603863.0,松炀资源,广东,造纸,主板,20190621
603866.SH,603866.0,桃李面包,辽宁,食品,主板,20151222
603867.SH,603867.0,新化股份,浙江,化工原料,主板,20190627
603868.SH,603868.0,飞科电器,上海,家用电器,主板,20160418
603869.SH,603869.0,ST智知,广西,软件服务,主板,20150326
603871.SH,603871.0,嘉友国际,北京,仓储物流,主板,20180206
603876.SH,603876.0,鼎胜新材,江苏,铝,主板,20180418
603877.SH,603877.0,太平鸟,浙江,服饰,主板,20170109
603878.SH,603878.0,武进不锈,江苏,钢加工,主板,20161219
603879.SH,603879.0,永悦科技,江苏,化工原料,主板,20170614
603880.SH,603880.0,南卫股份,江苏,医疗保健,主板,20170807
603881.SH,603881.0,数据港,上海,软件服务,主板,20170208
603882.SH,603882.0,金域医学,广东,医疗保健,主板,20170908
603883.SH,603883.0,老百姓,湖南,医药商业,主板,20150423
603885.SH,603885.0,吉祥航空,上海,空运,主板,20150527
603886.SH,603886.0,元祖股份,上海,食品,主板,20161228
603887.SH,603887.0,城地香江,上海,软件服务,主板,20161010
603888.SH,603888.0,新华网,北京,互联网,主板,20161028
603889.SH,603889.0,新澳股份,浙江,纺织,主板,20141231
603890.SH,603890.0,春秋电子,江苏,元器件,主板,20171212
603893.SH,603893.0,瑞芯微,福建,半导体,主板,20200207
603895.SH,603895.0,天永智能,上海,专用机械,主板,20180122
603896.SH,603896.0,寿仙谷,浙江,中成药,主板,20170510
603897.SH,603897.0,长城科技,浙江,电气设备,主板,20180410
603898.SH,603898.0,好莱客,广东,家居用品,主板,20150217
603899.SH,603899.0,晨光股份,上海,文教休闲,主板,20150127
603900.SH,603900.0,莱绅通灵,江苏,服饰,主板,20161123
603901.SH,603901.0,永创智能,浙江,专用机械,主板,20150529
603903.SH,603903.0,中持股份,北京,环境保护,主板,20170314
603906.SH,603906.0,龙蟠科技,江苏,电气设备,主板,20170410
603908.SH,603908.0,牧高笛,浙江,纺织,主板,20170307
603909.SH,603909.0,建发合诚,福建,建筑工程,主板,20160628
603912.SH,603912.0,佳力图,江苏,专用机械,主板,20171101
603915.SH,603915.0,国茂股份,江苏,机械基件,主板,20190614
603916.SH,603916.0,苏博特,江苏,化工原料,主板,20171110
603917.SH,603917.0,合力科技,浙江,汽车配件,主板,20171204
603918.SH,603918.0,金桥信息,上海,软件服务,主板,20150528
603919.SH,603919.0,金徽酒,甘肃,白酒,主板,20160310
603920.SH,603920.0,世运电路,广东,元器件,主板,20170426
603922.SH,603922.0,ST金鸿顺,江苏,汽车配件,主板,20171023
603926.SH,603926.0,铁流股份,浙江,汽车配件,主板,20170510
603927.SH,603927.0,中科软,北京,软件服务,主板,20190909
603928.SH,603928.0,兴业股份,江苏,化工原料,主板,20161212
603929.SH,603929.0,亚翔集成,江苏,装修装饰,主板,20161230
603931.SH,603931.0,格林达,浙江,化工原料,主板,20200819
603933.SH,603933.0,睿能科技,福建,元器件,主板,20170706
603936.SH,603936.0,博敏电子,广东,元器件,主板,20151209
603937.SH,603937.0,丽岛新材,江苏,铝,主板,20171102
603938.SH,603938.0,三孚股份,河北,化工原料,主板,20170628
603939.SH,603939.0,益丰药房,湖南,医药商业,主板,20150217
603948.SH,603948.0,建业股份,浙江,化工原料,主板,20200302
603949.SH,603949.0,雪龙集团,浙江,汽车配件,主板,20200310
603950.SH,603950.0,长源东谷,湖北,汽车配件,主板,20200526
603955.SH,603955.0,大千生态,江苏,建筑工程,主板,20170310
603956.SH,603956.0,威派格,上海,专用机械,主板,20190222
603958.SH,603958.0,哈森股份,江苏,服饰,主板,20160629
603959.SH,603959.0,ST百利,湖南,建筑工程,主板,20160517
603960.SH,603960.0,克来机电,上海,汽车配件,主板,20170314
603966.SH,603966.0,法兰泰克,江苏,专用机械,主板,20170125
603967.SH,603967.0,中创物流,山东,仓储物流,主板,20190429
603968.SH,603968.0,醋化股份,江苏,化工原料,主板,20150518
603969.SH,603969.0,银龙股份,天津,其他建材,主板,20150227
603970.SH,603970.0,中农立华,北京,农药化肥,主板,20171116
603976.SH,603976.0,正川股份,重庆,医疗保健,主板,20170822
603977.SH,603977.0,国泰集团,江西,化工原料,主板,20161111
603978.SH,603978.0,深圳新星,深圳,小金属,主板,20170807
603979.SH,603979.0,金诚信,北京,铜,主板,20150630
603980.SH,603980.0,吉华集团,浙江,染料涂料,主板,20170615
603982.SH,603982.0,泉峰汽车,江苏,汽车配件,主板,20190522
603983.SH,603983.0,丸美生物,广东,日用化工,主板,20190725
603985.SH,603985.0,恒润股份,江苏,电气设备,主板,20170505
603986.SH,603986.0,兆易创新,北京,半导体,主板,20160818
603987.SH,603987.0,康德莱,上海,医疗保健,主板,20161121
603988.SH,603988.0,中电电机,江苏,电气设备,主板,20141104
603989.SH,603989.0,艾华集团,湖南,元器件,主板,20150515
603990.SH,603990.0,麦迪科技,江苏,软件服务,主板,20161208
603991.SH,603991.0,领先股份,深圳,半导体,主板,20170308
603992.SH,603992.0,松霖科技,福建,家居用品,主板,20190826
603993.SH,603993.0,洛阳钼业,河南,小金属,主板,20121009
603995.SH,603995.0,甬金股份,浙江,特种钢,主板,20191224
603997.SH,603997.0,继峰股份,浙江,汽车配件,主板,20150302
603998.SH,603998.0,方盛制药,湖南,中成药,主板,20141205
603999.SH,603999.0,读者传媒,甘肃,出版业,主板,20151210
605001.SH,605001.0,威奥股份,山东,运输设备,主板,20200522
605003.SH,605003.0,众望布艺,浙江,纺织,主板,20200908
605005.SH,605005.0,合兴股份,浙江,汽车配件,主板,20210119
605006.SH,605006.0,山东玻纤,山东,玻璃,主板,20200903
605007.SH,605007.0,五洲特纸,浙江,造纸,主板,20201110
605008.SH,605008.0,长鸿高科,浙江,橡胶,主板,20200821
605009.SH,605009.0,豪悦护理,浙江,造纸,主板,20200911
605011.SH,605011.0,杭州热电,浙江,供气供热,主板,20210630
605016.SH,605016.0,百龙创园,山东,食品,主板,20210421
605018.SH,605018.0,长华集团,浙江,汽车配件,主板,20200929
605020.SH,605020.0,永和股份,浙江,化工原料,主板,20210709
605028.SH,605028.0,世茂能源,浙江,供气供热,主板,20210712
605033.SH,605033.0,美邦股份,陕西,农药化肥,主板,20210916
605050.SH,605050.0,福然德,上海,仓储物流,主板,20200924
605055.SH,605055.0,迎丰股份,浙江,纺织,主板,20210129
605056.SH,605056.0,咸亨国际,浙江,电器仪表,主板,20210720
605058.SH,605058.0,澳弘电子,江苏,元器件,主板,20201021
605060.SH,605060.0,联德股份,浙江,机械基件,主板,20210301
605066.SH,605066.0,天正电气,浙江,电气设备,主板,20200807
605068.SH,605068.0,明新旭腾,浙江,汽车配件,主板,20201123
605069.SH,605069.0,正和生态,北京,环境保护,主板,20210816
605077.SH,605077.0,华康股份,浙江,食品,主板,20210209
605080.SH,605080.0,浙江自然,浙江,文教休闲,主板,20210506
605086.SH,605086.0,龙高股份,福建,矿物制品,主板,20210416
605088.SH,605088.0,冠盛股份,浙江,汽车配件,主板,20200817
605089.SH,605089.0,味知香,江苏,食品,主板,20210427
605090.SH,605090.0,九丰能源,江西,供气供热,主板,20210525
605098.SH,605098.0,行动教育,上海,文教休闲,主板,20210421
605099.SH,605099.0,共创草坪,江苏,文教休闲,主板,20200930
605100.SH,605100.0,华丰股份,山东,机械基件,主板,20200811
605108.SH,605108.0,同庆楼,安徽,酒店餐饮,主板,20200716
605111.SH,605111.0,新洁能,江苏,半导体,主板,20200928
605116.SH,605116.0,奥锐特,浙江,化学制药,主板,20200921
605117.SH,605117.0,德业股份,浙江,电气设备,主板,20210420
605118.SH,605118.0,力鼎光电,福建,元器件,主板,20200730
605122.SH,605122.0,四方新材,重庆,水泥,主板,20210310
605123.SH,605123.0,派克新材,江苏,航空,主板,20200825
605128.SH,605128.0,上海沿浦,上海,汽车配件,主板,20200915
605133.SH,605133.0,嵘泰股份,江苏,汽车配件,主板,20210224
605136.SH,605136.0,丽人丽妆,上海,其他商业,主板,20200929
605138.SH,605138.0,盛泰集团,浙江,服饰,主板,20211027
605151.SH,605151.0,西上海,上海,汽车配件,主板,20201215
605155.SH,605155.0,西大门,浙江,家居用品,主板,20201231
605158.SH,605158.0,华达新材,浙江,钢加工,主板,20200805
605162.SH,605162.0,新中港,浙江,供气供热,主板,20210707
605166.SH,605166.0,聚合顺,浙江,化纤,主板,20200618
605167.SH,605167.0,利柏特,江苏,建筑工程,主板,20210726
605168.SH,605168.0,三人行,陕西,互联网,主板,20200528
605169.SH,605169.0,洪通燃气,新疆,供气供热,主板,20201030
605177.SH,605177.0,东亚药业,浙江,化学制药,主板,20201125
605178.SH,605178.0,时空科技,北京,装修装饰,主板,20200821
605179.SH,605179.0,一鸣食品,浙江,乳制品,主板,20201228
605180.SH,605180.0,华生科技,浙江,纺织,主板,20210430
605183.SH,605183.0,确成股份,江苏,化工原料,主板,20201207
605186.SH,605186.0,健麾信息,上海,专用机械,主板,20201222
605188.SH,605188.0,国光连锁,江西,超市连锁,主板,20200728
605189.SH,605189.0,富春染织,安徽,纺织,主板,20210528
605196.SH,605196.0,华通线缆,河北,电气设备,主板,20210511
605198.SH,605198.0,安德利,山东,软饮料,主板,20200918
605199.SH,605199.0,ST葫芦娃,海南,中成药,主板,20200710
605208.SH,605208.0,永茂泰,上海,铝,主板,20210308
605218.SH,605218.0,伟时电子,江苏,元器件,主板,20200928
605222.SH,605222.0,起帆电缆,上海,电气设备,主板,20200731
605228.SH,605228.0,神通科技,浙江,汽车配件,主板,20210120
605255.SH,605255.0,天普股份,浙江,汽车配件,主板,20200825
605258.SH,605258.0,协和电子,江苏,元器件,主板,20201203
605259.SH,605259.0,绿田机械,浙江,农用机械,主板,20210615
605266.SH,605266.0,健之佳,云南,医药商业,主板,20201201
605268.SH,605268.0,王力安防,浙江,家居用品,主板,20210224
605277.SH,605277.0,新亚电子,浙江,元器件,主板,20210106
605286.SH,605286.0,同力天启,江苏,运输设备,主板,20210322
605287.SH,605287.0,德才股份,山东,装修装饰,主板,20210706
605288.SH,605288.0,凯迪股份,江苏,电气设备,主板,20200601
605289.SH,605289.0,罗曼股份,上海,建筑工程,主板,20210426
605296.SH,605296.0,神农集团,云南,农业综合,主板,20210528
605298.SH,605298.0,必得科技,江苏,运输设备,主板,20210301
605299.SH,605299.0,舒华体育,福建,文教休闲,主板,20201215
605300.SH,605300.0,佳禾食品,江苏,乳制品,主板,20210430
605303.SH,605303.0,园林股份,浙江,建筑工程,主板,20210301
605305.SH,605305.0,中际联合,北京,工程机械,主板,20210506
605318.SH,605318.0,法狮龙,浙江,其他建材,主板,20200803
605319.SH,605319.0,无锡振华,江苏,汽车配件,主板,20210607
605333.SH,605333.0,沪光股份,江苏,汽车配件,主板,20200818
605336.SH,605336.0,*ST帅电,浙江,家用电器,主板,20201019
605337.SH,605337.0,李子园,浙江,乳制品,主板,20210208
605338.SH,605338.0,巴比食品,上海,食品,主板,20201012
605339.SH,605339.0,南侨食品,上海,食品,主板,20210518
605358.SH,605358.0,立昂微,浙江,半导体,主板,20200911
605365.SH,605365.0,立达信,福建,家用电器,主板,20210720
605366.SH,605366.0,宏柏新材,江西,化工原料,主板,20200812
605368.SH,605368.0,蓝天燃气,河南,供气供热,主板,20210129
605369.SH,605369.0,拱东医疗,浙江,医疗保健,主板,20200916
605376.SH,605376.0,博迁新材,江苏,小金属,主板,20201208
605377.SH,605377.0,华旺科技,浙江,造纸,主板,20201228
605378.SH,605378.0,野马电池,浙江,电气设备,主板,20210412
605388.SH,605388.0,均瑶健康,湖北,乳制品,主板,20200818
605389.SH,605389.0,长龄液压,江苏,机械基件,主板,20210322
605398.SH,605398.0,新炬网络,上海,软件服务,主板,20210121
605399.SH,605399.0,晨光新材,江西,化工原料,主板,20200804
605488.SH,605488.0,福莱新材,浙江,塑料,主板,20210513
605499.SH,605499.0,东鹏饮料,深圳,软饮料,主板,20210527
605500.SH,605500.0,森林包装,浙江,造纸,主板,20201222
605507.SH,605507.0,国邦医药,浙江,化学制药,主板,20210802
605555.SH,605555.0,德昌股份,浙江,家用电器,主板,20211021
605566.SH,605566.0,福莱蒽特,浙江,染料涂料,主板,20211025
605567.SH,605567.0,春雪食品,山东,食品,主板,20211013
605577.SH,605577.0,龙版传媒,黑龙江,出版业,主板,20210824
605580.SH,605580.0,恒盛能源,浙江,供气供热,主板,20210819
605588.SH,605588.0,冠石科技,江苏,元器件,主板,20210812
605589.SH,605589.0,圣泉集团,山东,化工原料,主板,20210810
605598.SH,605598.0,上海港湾,上海,建筑工程,主板,20210917
605599.SH,605599.0,菜百股份,北京,服饰,主板,20210909
688001.SH,688001.0,华兴源创,江苏,专用机械,科创板,20190722
688002.SH,688002.0,睿创微纳,山东,通信设备,科创板,20190722
688003.SH,688003.0,天准科技,江苏,专用机械,科创板,20190722
688004.SH,688004.0,博汇科技,北京,软件服务,科创板,20200612
688005.SH,688005.0,容百科技,浙江,电气设备,科创板,20190722
688006.SH,688006.0,杭可科技,浙江,电气设备,科创板,20190722
688007.SH,688007.0,光峰科技,深圳,元器件,科创板,20190722
688008.SH,688008.0,澜起科技,上海,半导体,科创板,20190722
688009.SH,688009.0,中国通号,北京,运输设备,科创板,20190722
688010.SH,688010.0,福光股份,福建,元器件,科创板,20190722
688011.SH,688011.0,新光光电,黑龙江,元器件,科创板,20190722
688012.SH,688012.0,中微公司,上海,半导体,科创板,20190722
688013.SH,688013.0,天臣医疗,江苏,医疗保健,科创板,20200928
688015.SH,688015.0,交控科技,北京,运输设备,科创板,20190722
688016.SH,688016.0,心脉医疗,上海,医疗保健,科创板,20190722
688017.SH,688017.0,绿的谐波,江苏,机械基件,科创板,20200828
688018.SH,688018.0,乐鑫科技,上海,半导体,科创板,20190722
688019.SH,688019.0,安集科技,上海,半导体,科创板,20190722
688020.SH,688020.0,方邦股份,广东,元器件,科创板,20190722
688021.SH,688021.0,奥福科技,山东,汽车配件,科创板,20191106
688022.SH,688022.0,ST瀚川,江苏,专用机械,科创板,20190722
688023.SH,688023.0,安恒信息,浙江,软件服务,科创板,20191105
688025.SH,688025.0,杰普特,深圳,专用机械,科创板,20191031
688026.SH,688026.0,洁特生物,广东,医疗保健,科创板,20200122
688027.SH,688027.0,国盾量子,安徽,通信设备,科创板,20200709
688028.SH,688028.0,沃尔德,北京,机械基件,科创板,20190722
688029.SH,688029.0,南微医学,江苏,医疗保健,科创板,20190722
688030.SH,688030.0,山石网科,江苏,软件服务,科创板,20190930
688031.SH,688031.0,星环科技,上海,软件服务,科创板,20221018
688032.SH,688032.0,禾迈股份,浙江,电气设备,科创板,20211220
688033.SH,688033.0,*ST天宜,北京,电气设备,科创板,20190722
688035.SH,688035.0,德邦科技,山东,半导体,科创板,20220919
688036.SH,688036.0,传音控股,深圳,通信设备,科创板,20190930
688037.SH,688037.0,芯源微,辽宁,半导体,科创板,20191216
688038.SH,688038.0,中科通达,湖北,软件服务,科创板,20210713
688039.SH,688039.0,当虹科技,浙江,软件服务,科创板,20191211
688041.SH,688041.0,海光信息,天津,半导体,科创板,20220812
688045.SH,688045.0,必易微,深圳,半导体,科创板,20220526
688046.SH,688046.0,药康生物,江苏,生物制药,科创板,20220425
688047.SH,688047.0,龙芯中科,北京,半导体,科创板,20220624
688048.SH,688048.0,长光华芯,江苏,半导体,科创板,20220401
688049.SH,688049.0,炬芯科技,广东,半导体,科创板,20211129
688050.SH,688050.0,爱博医疗,北京,医疗保健,科创板,20200729
688051.SH,688051.0,佳华科技,北京,软件服务,科创板,20200320
688052.SH,688052.0,纳芯微,江苏,半导体,科创板,20220422
688053.SH,688053.0,ST思科瑞,四川,元器件,科创板,20220708
688055.SH,688055.0,龙腾光电,江苏,元器件,科创板,20200817
688056.SH,688056.0,莱伯泰科,北京,电器仪表,科创板,20200902
688057.SH,688057.0,金达莱,江西,环境保护,科创板,20201111
688058.SH,688058.0,宝兰德,北京,软件服务,科创板,20191101
688059.SH,688059.0,华锐精密,湖南,机械基件,科创板,20210208
688060.SH,688060.0,云涌科技,江苏,IT设备,科创板,20200710
688061.SH,688061.0,灿瑞科技,上海,半导体,科创板,20221018
688062.SH,688062.0,迈威生物,上海,生物制药,科创板,20220118
688063.SH,688063.0,派能科技,上海,电气设备,科创板,20201230
688065.SH,688065.0,凯赛生物,上海,化工原料,科创板,20200812
688066.SH,688066.0,*ST航图,北京,软件服务,科创板,20190722
688067.SH,688067.0,爱威科技,湖南,医疗保健,科创板,20210616
688068.SH,688068.0,热景生物,北京,医疗保健,科创板,20190930
688069.SH,688069.0,德林海,江苏,环境保护,科创板,20200722
688070.SH,688070.0,纵横股份,四川,航空,科创板,20210210
688071.SH,688071.0,华依科技,上海,专用机械,科创板,20210729
688072.SH,688072.0,拓荆科技,辽宁,半导体,科创板,20220420
688073.SH,688073.0,毕得医药,上海,化学制药,科创板,20221011
688075.SH,688075.0,安旭生物,浙江,医疗保健,科创板,20211118
688076.SH,688076.0,ST诺泰,江苏,生物制药,科创板,20210520
688077.SH,688077.0,大地熊,安徽,矿物制品,科创板,20200722
688078.SH,688078.0,龙软科技,北京,软件服务,科创板,20191230
688079.SH,688079.0,美迪凯,浙江,元器件,科创板,20210302
688080.SH,688080.0,映翰通,北京,通信设备,科创板,20200212
688081.SH,688081.0,兴图新科,湖北,软件服务,科创板,20200106
688082.SH,688082.0,盛美上海,上海,半导体,科创板,20211118
688083.SH,688083.0,中望软件,广东,软件服务,科创板,20210311
688084.SH,688084.0,晶品特装,北京,专用机械,科创板,20221208
688085.SH,688085.0,三友医疗,上海,医疗保健,科创板,20200409
688087.SH,688087.0,英科再生,山东,环境保护,科创板,20210709
688088.SH,688088.0,虹软科技,浙江,软件服务,科创板,20190722
688089.SH,688089.0,嘉必优,湖北,食品,科创板,20191219
688090.SH,688090.0,瑞松科技,广东,专用机械,科创板,20200217
688091.SH,688091.0,上海谊众,上海,化学制药,科创板,20210909
688092.SH,688092.0,爱科科技,浙江,专用机械,科创板,20210319
688093.SH,688093.0,世华科技,江苏,化工原料,科创板,20200930
688095.SH,688095.0,福昕软件,福建,软件服务,科创板,20200908
688096.SH,688096.0,京源环保,江苏,环境保护,科创板,20200409
688097.SH,688097.0,博众精工,江苏,专用机械,科创板,20210512
688098.SH,688098.0,申联生物,上海,农业综合,科创板,20191028
688099.SH,688099.0,晶晨股份,上海,半导体,科创板,20190808
688100.SH,688100.0,威胜信息,湖南,通信设备,科创板,20200121
688101.SH,688101.0,三达膜,陕西,环境保护,科创板,20191115
688102.SH,688102.0,斯瑞新材,陕西,铜,科创板,20220316
688103.SH,688103.0,国力电子,江苏,元器件,科创板,20210910
688105.SH,688105.0,诺唯赞,江苏,生物制药,科创板,20211115
688106.SH,688106.0,金宏气体,江苏,化工原料,科创板,20200616
688107.SH,688107.0,安路科技,上海,半导体,科创板,20211112
688108.SH,688108.0,赛诺医疗,天津,医疗保健,科创板,20191030
688109.SH,688109.0,品茗科技,浙江,软件服务,科创板,20210330
688110.SH,688110.0,东芯股份,上海,半导体,科创板,20211210
688111.SH,688111.0,金山办公,北京,软件服务,科创板,20191118
688112.SH,688112.0,鼎阳科技,深圳,电器仪表,科创板,20211201
688113.SH,688113.0,联测科技,江苏,专用机械,科创板,20210506
688114.SH,688114.0,华大智造,深圳,医疗保健,科创板,20220909
688115.SH,688115.0,思林杰,广东,电器仪表,科创板,20220314
688116.SH,688116.0,天奈科技,江苏,化工原料,科创板,20190925
688117.SH,688117.0,圣诺生物,四川,生物制药,科创板,20210603
688118.SH,688118.0,普元信息,上海,软件服务,科创板,20191204
688119.SH,688119.0,中钢洛耐,河南,其他建材,科创板,20220606
688120.SH,688120.0,华海清科,天津,半导体,科创板,20220608
688121.SH,688121.0,*ST卓然,上海,专用机械,科创板,20210906
688122.SH,688122.0,西部超导,陕西,小金属,科创板,20190722
688123.SH,688123.0,聚辰股份,上海,半导体,科创板,20191223
688125.SH,688125.0,安达智能,广东,专用机械,科创板,20220415
688126.SH,688126.0,沪硅产业,上海,半导体,科创板,20200420
688127.SH,688127.0,蓝特光学,浙江,元器件,科创板,20200921
688128.SH,688128.0,中国电研,广东,专用机械,科创板,20191105
688129.SH,688129.0,东来技术,上海,染料涂料,科创板,20201023
688130.SH,688130.0,晶华微,浙江,半导体,科创板,20220729
688131.SH,688131.0,皓元医药,上海,化学制药,科创板,20210608
688132.SH,688132.0,邦彦技术,深圳,通信设备,科创板,20220923
688133.SH,688133.0,泰坦科技,上海,化工原料,科创板,20201030
688135.SH,688135.0,利扬芯片,广东,半导体,科创板,20201111
688136.SH,688136.0,科兴制药,山东,生物制药,科创板,20201214
688137.SH,688137.0,近岸蛋白,江苏,生物制药,科创板,20220929
688138.SH,688138.0,清溢光电,深圳,半导体,科创板,20191120
688139.SH,688139.0,海尔生物,山东,医疗保健,科创板,20191025
688141.SH,688141.0,杰华特,浙江,半导体,科创板,20221223
688143.SH,688143.0,长盈通,湖北,通信设备,科创板,20221212
688146.SH,688146.0,中船特气,河北,半导体,科创板,20230421
688147.SH,688147.0,微导纳米,江苏,专用机械,科创板,20221223
688148.SH,688148.0,芳源股份,广东,电气设备,科创板,20210806
688150.SH,688150.0,莱特光电,陕西,元器件,科创板,20220318
688151.SH,688151.0,华强科技,湖北,医疗保健,科创板,20211206
688152.SH,688152.0,麒麟信安,湖南,软件服务,科创板,20221028
688153.SH,688153.0,唯捷创芯,天津,半导体,科创板,20220412
688155.SH,688155.0,先惠技术,上海,电气设备,科创板,20200811
688156.SH,688156.0,路德科技,湖北,饲料,科创板,20200922
688157.SH,688157.0,松井股份,湖南,染料涂料,科创板,20200609
688158.SH,688158.0,优刻得,上海,软件服务,科创板,20200120
688159.SH,688159.0,有方科技,深圳,通信设备,科创板,20200123
688160.SH,688160.0,步科股份,上海,电器仪表,科创板,20201112
688161.SH,688161.0,威高骨科,山东,医疗保健,科创板,20210630
688162.SH,688162.0,巨一科技,安徽,专用机械,科创板,20211110
688163.SH,688163.0,赛伦生物,上海,生物制药,科创板,20220311
688165.SH,688165.0,埃夫特,安徽,专用机械,科创板,20200715
688166.SH,688166.0,博瑞医药,江苏,化学制药,科创板,20191108
688167.SH,688167.0,炬光科技,陕西,元器件,科创板,20211224
688168.SH,688168.0,安博通,北京,软件服务,科创板,20190906
688169.SH,688169.0,石头科技,北京,家用电器,科创板,20200221
688170.SH,688170.0,德龙激光,江苏,专用机械,科创板,20220429
688171.SH,688171.0,纬德信息,广东,软件服务,科创板,20220127
688172.SH,688172.0,燕东微,北京,半导体,科创板,20221216
688173.SH,688173.0,希荻微,广东,半导体,科创板,20220121
688175.SH,688175.0,高凌信息,广东,通信设备,科创板,20220315
688176.SH,688176.0,亚虹医药,江苏,化学制药,科创板,20220107
688177.SH,688177.0,百奥泰,广东,生物制药,科创板,20200221
688178.SH,688178.0,万德斯,江苏,环境保护,科创板,20200114
688179.SH,688179.0,阿拉丁,上海,化学制药,科创板,20201026
688180.SH,688180.0,君实生物,上海,生物制药,科创板,20200715
688181.SH,688181.0,八亿时空,北京,元器件,科创板,20200106
688182.SH,688182.0,灿勤科技,江苏,通信设备,科创板,20211116
688183.SH,688183.0,生益电子,广东,元器件,科创板,20210225
688184.SH,688184.0,ST帕瓦,浙江,电气设备,科创板,20220919
688185.SH,688185.0,康希诺,天津,生物制药,科创板,20200813
688186.SH,688186.0,广大特材,江苏,特种钢,科创板,20200211
688187.SH,688187.0,时代电气,湖南,运输设备,科创板,20210907
688188.SH,688188.0,柏楚电子,上海,专用机械,科创板,20190808
688189.SH,688189.0,ST南新,湖南,化学制药,科创板,20200326
688190.SH,688190.0,云路股份,山东,矿物制品,科创板,20211126
688191.SH,688191.0,智洋创新,山东,软件服务,科创板,20210408
688192.SH,688192.0,迪哲医药,江苏,生物制药,科创板,20211210
688193.SH,688193.0,仁度生物,上海,医疗保健,科创板,20220330
688195.SH,688195.0,腾景科技,福建,元器件,科创板,20210326
688196.SH,688196.0,卓越新能,福建,环境保护,科创板,20191121
688197.SH,688197.0,首药控股,北京,化学制药,科创板,20220323
688198.SH,688198.0,佰仁医疗,北京,医疗保健,科创板,20191209
688199.SH,688199.0,久日新材,天津,化工原料,科创板,20191105
688200.SH,688200.0,华峰测控,北京,半导体,科创板,20200218
688201.SH,688201.0,ST信安,北京,软件服务,科创板,20210421
688202.SH,688202.0,美迪西,上海,医疗保健,科创板,20191105
688203.SH,688203.0,海正生材,浙江,塑料,科创板,20220816
688205.SH,688205.0,德科立,江苏,通信设备,科创板,20220809
688206.SH,688206.0,概伦电子,上海,半导体,科创板,20211228
688207.SH,688207.0,格灵深瞳,北京,软件服务,科创板,20220317
688208.SH,688208.0,道通科技,深圳,IT设备,科创板,20200213
688209.SH,688209.0,英集芯,深圳,半导体,科创板,20220419
688210.SH,688210.0,统联精密,深圳,元器件,科创板,20211227
688211.SH,688211.0,中科微至,江苏,专用机械,科创板,20211026
688212.SH,688212.0,澳华内镜,上海,医疗保健,科创板,20211115
688213.SH,688213.0,思特威,上海,半导体,科创板,20220520
688215.SH,688215.0,瑞晟智能,浙江,专用机械,科创板,20200828
688216.SH,688216.0,气派科技,深圳,半导体,科创板,20210623
688217.SH,688217.0,睿昂基因,上海,医疗保健,科创板,20210517
688218.SH,688218.0,江苏北人,江苏,专用机械,科创板,20191211
688219.SH,688219.0,会通股份,安徽,塑料,科创板,20201118
688220.SH,688220.0,翱捷科技,上海,半导体,科创板,20220114
688221.SH,688221.0,前沿生物,江苏,生物制药,科创板,20201028
688222.SH,688222.0,成都先导,四川,化学制药,科创板,20200416
688223.SH,688223.0,晶科能源,江西,电气设备,科创板,20220126
688225.SH,688225.0,亚信安全,江苏,软件服务,科创板,20220209
688226.SH,688226.0,威腾电气,江苏,电气设备,科创板,20210707
688227.SH,688227.0,品高股份,广东,软件服务,科创板,20211230
688228.SH,688228.0,开普云,广东,软件服务,科创板,20200327
688229.SH,688229.0,博睿数据,北京,软件服务,科创板,20200817
688230.SH,688230.0,芯导科技,上海,半导体,科创板,20211201
688231.SH,688231.0,隆达股份,江苏,航空,科创板,20220722
688232.SH,688232.0,新点软件,江苏,软件服务,科创板,20211117
688233.SH,688233.0,神工股份,辽宁,半导体,科创板,20200221
688234.SH,688234.0,天岳先进,山东,半导体,科创板,20220112
688235.SH,688235.0,百济神州,北京,生物制药,科创板,20211215
688236.SH,688236.0,春立医疗,北京,医疗保健,科创板,20211230
688237.SH,688237.0,超卓航科,湖北,航空,科创板,20220701
688238.SH,688238.0,和元生物,上海,医疗保健,科创板,20220322
688239.SH,688239.0,航宇科技,贵州,航空,科创板,20210705
688244.SH,688244.0,永信至诚,北京,软件服务,科创板,20221019
688246.SH,688246.0,嘉和美康,北京,软件服务,科创板,20211214
688247.SH,688247.0,宣泰医药,上海,化学制药,科创板,20220825
688248.SH,688248.0,南网科技,广东,电气设备,科创板,20211222
688249.SH,688249.0,晶合集成,安徽,半导体,科创板,20230505
688251.SH,688251.0,井松智能,安徽,专用机械,科创板,20220606
688252.SH,688252.0,天德钰,深圳,半导体,科创板,20220927
688253.SH,688253.0,英诺特,北京,医疗保健,科创板,20220728
688255.SH,688255.0,凯尔达,浙江,机械基件,科创板,20211025
688256.SH,688256.0,寒武纪,北京,半导体,科创板,20200720
688257.SH,688257.0,新锐股份,江苏,机械基件,科创板,20211027
688258.SH,688258.0,卓易信息,江苏,软件服务,科创板,20191209
688259.SH,688259.0,创耀科技,江苏,半导体,科创板,20220112
688260.SH,688260.0,昀冢科技,江苏,元器件,科创板,20210406
688261.SH,688261.0,东微半导,江苏,半导体,科创板,20220210
688262.SH,688262.0,国芯科技,江苏,半导体,科创板,20220106
688265.SH,688265.0,南模生物,上海,医疗保健,科创板,20211228
688266.SH,688266.0,泽璟制药,江苏,生物制药,科创板,20200123
688267.SH,688267.0,中触媒,辽宁,化工原料,科创板,20220216
688268.SH,688268.0,华特气体,广东,化工原料,科创板,20191226
688269.SH,688269.0,凯立新材,陕西,化工原料,科创板,20210609
688270.SH,688270.0,ST臻镭,浙江,半导体,科创板,20220127
688271.SH,688271.0,联影医疗,上海,医疗保健,科创板,20220822
688272.SH,688272.0,富吉瑞,北京,元器件,科创板,20211018
688273.SH,688273.0,麦澜德,江苏,医疗保健,科创板,20220811
688275.SH,688275.0,万润新能,湖北,电气设备,科创板,20220929
688276.SH,688276.0,百克生物,吉林,生物制药,科创板,20210625
688277.SH,688277.0,天智航,北京,医疗保健,科创板,20200707
688278.SH,688278.0,特宝生物,福建,生物制药,科创板,20200117
688279.SH,688279.0,峰岹科技,深圳,半导体,科创板,20220420
688280.SH,688280.0,精进电动,北京,汽车配件,科创板,20211027
688281.SH,688281.0,华秦科技,陕西,航空,科创板,20220307
688282.SH,688282.0,理工导航,北京,通信设备,科创板,20220318
688283.SH,688283.0,坤恒顺维,四川,电器仪表,科创板,20220215
688285.SH,688285.0,高铁电气,陕西,运输设备,科创板,20211020
688286.SH,688286.0,敏芯股份,江苏,半导体,科创板,20200810
688288.SH,688288.0,鸿泉技术,浙江,IT设备,科创板,20191106
688289.SH,688289.0,圣湘生物,湖南,医疗保健,科创板,20200828
688290.SH,688290.0,景业智能,浙江,专用机械,科创板,20220429
688291.SH,688291.0,金橙子,北京,软件服务,科创板,20221026
688292.SH,688292.0,浩瀚深度,北京,通信设备,科创板,20220818
688293.SH,688293.0,奥浦迈,上海,生物制药,科创板,20220902
688295.SH,688295.0,中复神鹰,江苏,化纤,科创板,20220406
688296.SH,688296.0,和达科技,浙江,软件服务,科创板,20210727
688297.SH,688297.0,中无人机,四川,航空,科创板,20220629
688298.SH,688298.0,东方生物,浙江,医疗保健,科创板,20200205
688299.SH,688299.0,长阳科技,浙江,元器件,科创板,20191106
688300.SH,688300.0,联瑞新材,江苏,矿物制品,科创板,20191115
688301.SH,688301.0,奕瑞科技,上海,医疗保健,科创板,20200918
688302.SH,688302.0,海创药业,四川,生物制药,科创板,20220412
688303.SH,688303.0,大全能源,新疆,电气设备,科创板,20210722
688305.SH,688305.0,科德数控,辽宁,机床制造,科创板,20210709
688306.SH,688306.0,均普智能,浙江,专用机械,科创板,20220322
688307.SH,688307.0,中润光学,浙江,元器件,科创板,20230216
688308.SH,688308.0,欧科亿,湖南,机械基件,科创板,20201210
688309.SH,688309.0,恒誉环保,山东,环境保护,科创板,20200714
688310.SH,688310.0,迈得医疗,浙江,医疗保健,科创板,20191203
688311.SH,688311.0,盟升电子,四川,元器件,科创板,20200731
688312.SH,688312.0,燕麦科技,深圳,专用机械,科创板,20200608
688313.SH,688313.0,仕佳光子,河南,通信设备,科创板,20200812
688314.SH,688314.0,康拓医疗,陕西,医疗保健,科创板,20210518
688315.SH,688315.0,诺禾致源,北京,医疗保健,科创板,20210413
688316.SH,688316.0,青云科技,北京,软件服务,科创板,20210316
688317.SH,688317.0,之江生物,上海,医疗保健,科创板,20210118
688318.SH,688318.0,财富趋势,深圳,软件服务,科创板,20200427
688319.SH,688319.0,欧林生物,四川,生物制药,科创板,20210608
688320.SH,688320.0,禾川科技,浙江,电器仪表,科创板,20220428
688321.SH,688321.0,微芯生物,深圳,化学制药,科创板,20190812
688322.SH,688322.0,奥比中光,深圳,元器件,科创板,20220707
688323.SH,688323.0,瑞华泰,深圳,塑料,科创板,20210428
688325.SH,688325.0,赛微微电,广东,半导体,科创板,20220422
688326.SH,688326.0,经纬恒润,北京,汽车配件,科创板,20220419
688327.SH,688327.0,云从科技,广东,软件服务,科创板,20220527
688328.SH,688328.0,深科达,深圳,专用机械,科创板,20210309
688329.SH,688329.0,艾隆科技,江苏,专用机械,科创板,20210329
688330.SH,688330.0,宏力达,上海,电气设备,科创板,20201015
688331.SH,688331.0,荣昌生物,山东,生物制药,科创板,20220331
688332.SH,688332.0,中科蓝讯,深圳,半导体,科创板,20220715
688333.SH,688333.0,铂力特,陕西,机械基件,科创板,20190722
688334.SH,688334.0,西高院,陕西,电气设备,科创板,20230619
688335.SH,688335.0,复洁科技,上海,环境保护,科创板,20200817
688336.SH,688336.0,三生国健,上海,生物制药,科创板,20200722
688337.SH,688337.0,普源精电,江苏,电器仪表,科创板,20220408
688338.SH,688338.0,赛科希德,北京,医疗保健,科创板,20200806
688339.SH,688339.0,亿华通,北京,汽车配件,科创板,20200810
688343.SH,688343.0,云天励飞,深圳,软件服务,科创板,20230404
688345.SH,688345.0,博力威,广东,电气设备,科创板,20210611
688347.SH,688347.0,华虹宏力,上海,半导体,科创板,20230807
688348.SH,688348.0,昱能科技,浙江,电气设备,科创板,20220608
688349.SH,688349.0,三一重能,北京,电气设备,科创板,20220622
688350.SH,688350.0,富淼科技,江苏,化工原料,科创板,20210128
688351.SH,688351.0,微电生理,上海,医疗保健,科创板,20220831
688352.SH,688352.0,颀中科技,安徽,半导体,科创板,20230420
688353.SH,688353.0,华盛锂电,江苏,化工原料,科创板,20220713
688355.SH,688355.0,明志科技,江苏,机械基件,科创板,20210512
688356.SH,688356.0,键凯科技,北京,化学制药,科创板,20200826
688357.SH,688357.0,建龙微纳,河南,化工原料,科创板,20191204
688358.SH,688358.0,祥生医疗,江苏,医疗保健,科创板,20191203
688359.SH,688359.0,三孚新科,广东,化工原料,科创板,20210521
688360.SH,688360.0,德马科技,浙江,机械基件,科创板,20200602
688361.SH,688361.0,中科飞测,深圳,半导体,科创板,20230519
688362.SH,688362.0,甬矽电子,浙江,半导体,科创板,20221116
688363.SH,688363.0,华熙生物,山东,医疗保健,科创板,20191106
688365.SH,688365.0,光云科技,浙江,软件服务,科创板,20200429
688366.SH,688366.0,昊海生科,上海,医疗保健,科创板,20191030
688367.SH,688367.0,工大高科,安徽,运输设备,科创板,20210628
688368.SH,688368.0,晶丰明源,上海,半导体,科创板,20191014
688369.SH,688369.0,致远互联,北京,软件服务,科创板,20191031
688370.SH,688370.0,丛麟科技,上海,环境保护,科创板,20220825
688371.SH,688371.0,菲沃泰,江苏,元器件,科创板,20220802
688372.SH,688372.0,伟测科技,上海,半导体,科创板,20221026
688373.SH,688373.0,盟科药业,上海,化学制药,科创板,20220805
688375.SH,688375.0,国博电子,江苏,元器件,科创板,20220722
688376.SH,688376.0,美埃科技,江苏,专用机械,科创板,20221118
688377.SH,688377.0,迪威尔,江苏,专用机械,科创板,20200708
688378.SH,688378.0,奥来德,吉林,专用机械,科创板,20200903
688379.SH,688379.0,华光新材,浙江,机械基件,科创板,20200819
688380.SH,688380.0,中微半导,深圳,半导体,科创板,20220805
688381.SH,688381.0,帝奥微,江苏,半导体,科创板,20220823
688382.SH,688382.0,益方生物,上海,生物制药,科创板,20220725
688383.SH,688383.0,新益昌,深圳,专用机械,科创板,20210428
688385.SH,688385.0,复旦微电,上海,半导体,科创板,20210804
688386.SH,688386.0,泛亚微透,江苏,化工原料,科创板,20201016
688387.SH,688387.0,信科移动,湖北,通信设备,科创板,20220926
688388.SH,688388.0,嘉元科技,广东,电气设备,科创板,20190722
688389.SH,688389.0,普门科技,深圳,医疗保健,科创板,20191105
688390.SH,688390.0,固德威,江苏,电气设备,科创板,20200904
688391.SH,688391.0,钜泉科技,上海,半导体,科创板,20220913
688392.SH,688392.0,骄成超声,上海,专用机械,科创板,20220927
688393.SH,688393.0,安必平,广东,医疗保健,科创板,20200820
688395.SH,688395.0,正弦电气,深圳,机械基件,科创板,20210429
688396.SH,688396.0,华润微,江苏,半导体,科创板,20200227
688398.SH,688398.0,赛特新材,福建,矿物制品,科创板,20200211
688399.SH,688399.0,硕世生物,江苏,医疗保健,科创板,20191205
688400.SH,688400.0,凌云光,北京,专用机械,科创板,20220706
688401.SH,688401.0,路维光电,深圳,半导体,科创板,20220817
688403.SH,688403.0,汇成股份,安徽,半导体,科创板,20220818
688408.SH,688408.0,中信博,江苏,电气设备,科创板,20200828
688409.SH,688409.0,富创精密,辽宁,半导体,科创板,20221010
688410.SH,688410.0,山外山,重庆,医疗保健,科创板,20221226
688411.SH,688411.0,海博思创,北京,电气设备,科创板,20250127
688416.SH,688416.0,恒烁股份,安徽,半导体,科创板,20220829
688418.SH,688418.0,震有科技,深圳,通信设备,科创板,20200722
688419.SH,688419.0,耐科装备,安徽,半导体,科创板,20221107
688420.SH,688420.0,美腾科技,天津,专用机械,科创板,20221209
688425.SH,688425.0,铁建重工,湖南,工程机械,科创板,20210622
688426.SH,688426.0,康为世纪,江苏,生物制药,科创板,20221025
688428.SH,688428.0,诺诚健华,北京,生物制药,科创板,20220921
688429.SH,688429.0,时创能源,江苏,电气设备,科创板,20230629
688432.SH,688432.0,有研硅,北京,半导体,科创板,20221110
688433.SH,688433.0,华曙高科,湖南,专用机械,科创板,20230417
688435.SH,688435.0,英方软件,上海,软件服务,科创板,20230119
688439.SH,688439.0,振华风光,贵州,元器件,科创板,20220826
688443.SH,688443.0,智翔金泰,重庆,生物制药,科创板,20230620
688448.SH,688448.0,磁谷科技,江苏,专用机械,科创板,20220921
688449.SH,688449.0,联芸科技,浙江,半导体,科创板,20241129
688450.SH,688450.0,光格科技,江苏,电器仪表,科创板,20230724
688455.SH,688455.0,科捷智能,山东,机械基件,科创板,20220915
688456.SH,688456.0,有研粉材,北京,铜,科创板,20210317
688458.SH,688458.0,美芯晟,北京,半导体,科创板,20230522
688459.SH,688459.0,哈铁科技,黑龙江,运输设备,科创板,20221012
688466.SH,688466.0,金科环境,北京,环境保护,科创板,20200508
688468.SH,688468.0,科美诊断,北京,医疗保健,科创板,20210409
688469.SH,688469.0,芯联集成,浙江,半导体,科创板,20230510
688472.SH,688472.0,阿特斯,江苏,电气设备,科创板,20230609
688475.SH,688475.0,萤石网络,浙江,IT设备,科创板,20221228
688478.SH,688478.0,晶升股份,江苏,半导体,科创板,20230424
688479.SH,688479.0,友车科技,上海,软件服务,科创板,20230511
688480.SH,688480.0,赛恩斯,湖南,环境保护,科创板,20221125
688484.SH,688484.0,南芯科技,上海,半导体,科创板,20230407
688485.SH,688485.0,九州一轨,北京,运输设备,科创板,20230118
688486.SH,688486.0,龙迅股份,安徽,半导体,科创板,20230221
688488.SH,688488.0,艾迪药业,江苏,生物制药,科创板,20200720
688489.SH,688489.0,三未信安,北京,IT设备,科创板,20221202
688496.SH,688496.0,*ST清越,江苏,元器件,科创板,20221228
688498.SH,688498.0,源杰科技,陕西,半导体,科创板,20221221
688499.SH,688499.0,利元亨,广东,专用机械,科创板,20210701
688500.SH,688500.0,慧辰股份,北京,互联网,科创板,20200716
688501.SH,688501.0,青达环保,山东,环境保护,科创板,20210716
688502.SH,688502.0,茂莱光学,江苏,元器件,科创板,20230309
688503.SH,688503.0,聚和材料,江苏,电气设备,科创板,20221209
688505.SH,688505.0,复旦张江,上海,化学制药,科创板,20200619
688506.SH,688506.0,百利天恒,四川,化学制药,科创板,20230106
688507.SH,688507.0,索辰科技,上海,软件服务,科创板,20230418
688508.SH,688508.0,芯朋微,江苏,半导体,科创板,20200722
688509.SH,688509.0,正元地信,北京,软件服务,科创板,20210730
688510.SH,688510.0,航亚科技,江苏,航空,科创板,20201216
688511.SH,688511.0,天微电子,四川,元器件,科创板,20210730
688512.SH,688512.0,慧智微,广东,半导体,科创板,20230516
688513.SH,688513.0,苑东生物,四川,化学制药,科创板,20200902
688515.SH,688515.0,裕太微,江苏,半导体,科创板,20230210
688516.SH,688516.0,奥特维,江苏,专用机械,科创板,20200521
688517.SH,688517.0,金冠电气,河南,电气设备,科创板,20210618
688518.SH,688518.0,联赢激光,深圳,专用机械,科创板,20200622
688519.SH,688519.0,南亚新材,上海,元器件,科创板,20200818
688520.SH,688520.0,神州细胞,北京,生物制药,科创板,20200622
688521.SH,688521.0,芯原股份,上海,半导体,科创板,20200818
688522.SH,688522.0,纳睿雷达,广东,通信设备,科创板,20230301
688523.SH,688523.0,航天环宇,湖南,航空,科创板,20230602
688525.SH,688525.0,佰维存储,深圳,半导体,科创板,20221230
688526.SH,688526.0,科前生物,湖北,农业综合,科创板,20200922
688528.SH,688528.0,秦川物联,四川,电器仪表,科创板,20200701
688529.SH,688529.0,豪森智能,辽宁,专用机械,科创板,20201109
688530.SH,688530.0,欧莱新材,广东,半导体,科创板,20240509
688531.SH,688531.0,日联科技,江苏,专用机械,科创板,20230331
688533.SH,688533.0,上声电子,江苏,汽车配件,科创板,20210419
688535.SH,688535.0,华海诚科,江苏,半导体,科创板,20230404
688536.SH,688536.0,思瑞浦,江苏,半导体,科创板,20200921
688538.SH,688538.0,和辉光电,上海,半导体,科创板,20210528
688539.SH,688539.0,高华科技,江苏,电器仪表,科创板,20230418
688543.SH,688543.0,国科军工,江西,专用机械,科创板,20230621
688545.SH,688545.0,兴福电子,湖北,元器件,科创板,20250122
688548.SH,688548.0,广钢气体,广东,化工原料,科创板,20230815
688549.SH,688549.0,中巨芯,浙江,元器件,科创板,20230908
688550.SH,688550.0,瑞联新材,陕西,化工原料,科创板,20200902
688551.SH,688551.0,科威尔,安徽,专用机械,科创板,20200910
688552.SH,688552.0,航天南湖,湖北,通信设备,科创板,20230518
688553.SH,688553.0,汇宇制药,四川,化学制药,科创板,20211026
688556.SH,688556.0,高测股份,山东,专用机械,科创板,20200807
688557.SH,688557.0,兰剑智能,山东,专用机械,科创板,20201202
688558.SH,688558.0,国盛智科,江苏,机床制造,科创板,20200630
688559.SH,688559.0,海目星,深圳,专用机械,科创板,20200909
688560.SH,688560.0,明冠新材,江西,电气设备,科创板,20201224
688561.SH,688561.0,奇安信,北京,软件服务,科创板,20200722
688562.SH,688562.0,航天软件,北京,软件服务,科创板,20230524
688563.SH,688563.0,航材股份,北京,航空,科创板,20230719
688565.SH,688565.0,力源科技,浙江,环境保护,科创板,20210513
688566.SH,688566.0,吉贝尔,江苏,化学制药,科创板,20200518
688567.SH,688567.0,孚能科技,江西,电气设备,科创板,20200717
688568.SH,688568.0,中科星图,北京,软件服务,科创板,20200708
688569.SH,688569.0,铁科轨道,北京,运输设备,科创板,20200831
688570.SH,688570.0,天玛智控,北京,专用机械,科创板,20230605
688571.SH,688571.0,杭华股份,浙江,染料涂料,科创板,20201211
688573.SH,688573.0,信宇人,深圳,专用机械,科创板,20230817
688575.SH,688575.0,亚辉龙,深圳,医疗保健,科创板,20210517
688576.SH,688576.0,西山科技,重庆,医疗保健,科创板,20230606
688577.SH,688577.0,浙海德曼,浙江,机床制造,科创板,20200916
688578.SH,688578.0,艾力斯,上海,化学制药,科创板,20201202
688579.SH,688579.0,地纬智能,山东,软件服务,科创板,20200717
688580.SH,688580.0,伟思医疗,江苏,医疗保健,科创板,20200721
688581.SH,688581.0,安杰思,浙江,医疗保健,科创板,20230519
688582.SH,688582.0,芯动联科,安徽,元器件,科创板,20230630
688583.SH,688583.0,思看科技,浙江,电器仪表,科创板,20250115
688584.SH,688584.0,上海合晶,上海,半导体,科创板,20240208
688585.SH,688585.0,上纬新材,上海,化工原料,科创板,20200928
688586.SH,688586.0,江航装备,安徽,航空,科创板,20200731
688588.SH,688588.0,凌志软件,江苏,软件服务,科创板,20200511
688589.SH,688589.0,力合微,深圳,半导体,科创板,20200722
688590.SH,688590.0,新致软件,上海,软件服务,科创板,20201207
688591.SH,688591.0,泰凌微,上海,半导体,科创板,20230825
688592.SH,688592.0,司南导航,上海,通信设备,科创板,20230816
688593.SH,688593.0,新相微,上海,半导体,科创板,20230601
688595.SH,688595.0,芯海科技,深圳,半导体,科创板,20200928
688596.SH,688596.0,正帆科技,上海,专用机械,科创板,20200820
688597.SH,688597.0,煜邦电力,北京,电器仪表,科创板,20210617
688598.SH,688598.0,金博股份,湖南,矿物制品,科创板,20200518
688599.SH,688599.0,天合光能,江苏,电气设备,科创板,20200610
688600.SH,688600.0,皖仪科技,安徽,电器仪表,科创板,20200703
688601.SH,688601.0,力芯微,江苏,半导体,科创板,20210628
688602.SH,688602.0,康鹏科技,上海,化工原料,科创板,20230720
688603.SH,688603.0,天承科技,上海,化工原料,科创板,20230710
688605.SH,688605.0,先锋精科,江苏,半导体,科创板,20241212
688606.SH,688606.0,奥泰生物,浙江,医疗保健,科创板,20210325
688607.SH,688607.0,康众医疗,江苏,医疗保健,科创板,20210201
688608.SH,688608.0,恒玄科技,上海,半导体,科创板,20201216
688609.SH,688609.0,九联科技,广东,家用电器,科创板,20210323
688610.SH,688610.0,埃科光电,安徽,电器仪表,科创板,20230719
688611.SH,688611.0,杭州柯林,浙江,电气设备,科创板,20210412
688612.SH,688612.0,威迈斯,深圳,汽车配件,科创板,20230726
688613.SH,688613.0,奥精医疗,北京,医疗保健,科创板,20210521
688615.SH,688615.0,合合信息,上海,软件服务,科创板,20240926
688616.SH,688616.0,西力科技,浙江,电器仪表,科创板,20210318
688617.SH,688617.0,惠泰医疗,深圳,医疗保健,科创板,20210107
688618.SH,688618.0,三旺通信,深圳,通信设备,科创板,20201230
688619.SH,688619.0,罗普特,福建,软件服务,科创板,20210223
688620.SH,688620.0,安凯微,广东,半导体,科创板,20230627
688621.SH,688621.0,阳光诺和,北京,医疗保健,科创板,20210621
688622.SH,688622.0,*ST禾信,广东,电器仪表,科创板,20210913
688623.SH,688623.0,双元科技,浙江,专用机械,科创板,20230608
688625.SH,688625.0,呈和科技,广东,化工原料,科创板,20210607
688626.SH,688626.0,翔宇医疗,河南,医疗保健,科创板,20210331
688627.SH,688627.0,精智达,深圳,专用机械,科创板,20230718
688628.SH,688628.0,优利德,广东,电器仪表,科创板,20210201
688629.SH,688629.0,华丰科技,四川,元器件,科创板,20230627
688630.SH,688630.0,芯碁微装,安徽,专用机械,科创板,20210401
688631.SH,688631.0,莱斯信息,江苏,软件服务,科创板,20230628
688633.SH,688633.0,星球石墨,江苏,专用机械,科创板,20210324
688636.SH,688636.0,智明达,四川,元器件,科创板,20210408
688638.SH,688638.0,誉辰智能,深圳,专用机械,科创板,20230712
688639.SH,688639.0,华恒生物,安徽,化学制药,科创板,20210422
688646.SH,688646.0,ST逸飞,湖北,专用机械,科创板,20230728
688648.SH,688648.0,中邮科技,上海,机床制造,科创板,20231113
688651.SH,688651.0,盛邦安全,北京,软件服务,科创板,20230726
688652.SH,688652.0,京仪装备,北京,半导体,科创板,20231129
688653.SH,688653.0,康希通信,上海,半导体,科创板,20231117
688655.SH,688655.0,迅捷兴,深圳,元器件,科创板,20210511
688656.SH,688656.0,浩欧博,江苏,医疗保健,科创板,20210113
688657.SH,688657.0,浩辰软件,江苏,软件服务,科创板,20231010
688658.SH,688658.0,悦康药业,北京,化学制药,科创板,20201224
688659.SH,688659.0,元琛科技,安徽,环境保护,科创板,20210331
688660.SH,688660.0,电气风电,上海,电气设备,科创板,20210519
688661.SH,688661.0,和林微纳,江苏,元器件,科创板,20210329
688662.SH,688662.0,富信科技,广东,元器件,科创板,20210401
688663.SH,688663.0,新风光,山东,电气设备,科创板,20210413
688665.SH,688665.0,四方光电,湖北,电器仪表,科创板,20210209
688667.SH,688667.0,菱电电控,湖北,汽车配件,科创板,20210312
688668.SH,688668.0,鼎通科技,广东,通信设备,科创板,20201221
688669.SH,688669.0,聚石化学,广东,化工原料,科创板,20210125
688670.SH,688670.0,金迪克,江苏,生物制药,科创板,20210802
688671.SH,688671.0,碧兴物联,深圳,环境保护,科创板,20230809
688676.SH,688676.0,金盘科技,海南,电气设备,科创板,20210309
688677.SH,688677.0,海泰新光,山东,医疗保健,科创板,20210226
688678.SH,688678.0,福立旺,江苏,元器件,科创板,20201223
688679.SH,688679.0,通源环境,安徽,环境保护,科创板,20201225
688680.SH,688680.0,海优新材,上海,塑料,科创板,20210122
688681.SH,688681.0,科汇股份,山东,电气设备,科创板,20210616
688682.SH,688682.0,霍莱沃,上海,软件服务,科创板,20210420
688683.SH,688683.0,莱尔科技,广东,元器件,科创板,20210412
688685.SH,688685.0,迈信林,江苏,航空,科创板,20210513
688686.SH,688686.0,奥普特,广东,电器仪表,科创板,20201231
688687.SH,688687.0,凯因科技,北京,生物制药,科创板,20210208
688689.SH,688689.0,银河微电,江苏,半导体,科创板,20210127
688690.SH,688690.0,纳微科技,江苏,化工原料,科创板,20210623
688691.SH,688691.0,灿芯股份,上海,半导体,科创板,20240411
688692.SH,688692.0,达梦数据,湖北,软件服务,科创板,20240612
688693.SH,688693.0,锴威特,江苏,半导体,科创板,20230818
688695.SH,688695.0,中创股份,山东,软件服务,科创板,20240313
688696.SH,688696.0,极米科技,四川,家用电器,科创板,20210303
688697.SH,688697.0,纽威数控,江苏,机床制造,科创板,20210917
688698.SH,688698.0,伟创电气,江苏,电气设备,科创板,20201229
688699.SH,688699.0,明微电子,深圳,半导体,科创板,20201218
688700.SH,688700.0,东威科技,江苏,专用机械,科创板,20210615
688701.SH,688701.0,卓锦股份,浙江,环境保护,科创板,20210916
688702.SH,688702.0,盛科通信,江苏,半导体,科创板,20230914
688707.SH,688707.0,振华新材,贵州,电气设备,科创板,20210914
688708.SH,688708.0,佳驰科技,四川,化工原料,科创板,20241205
688709.SH,688709.0,成都华微,四川,半导体,科创板,20240207
688710.SH,688710.0,益诺思,上海,生物制药,科创板,20240903
688711.SH,688711.0,宏微科技,江苏,半导体,科创板,20210901
688716.SH,688716.0,中研股份,吉林,化工原料,科创板,20230920
688717.SH,688717.0,艾罗能源,浙江,电气设备,科创板,20240103
688718.SH,688718.0,唯赛勃,上海,塑料,科创板,20210728
688719.SH,688719.0,爱科赛博,陕西,电气设备,科创板,20230928
688720.SH,688720.0,艾森股份,江苏,半导体,科创板,20231206
688721.SH,688721.0,龙图光罩,深圳,半导体,科创板,20240806
688722.SH,688722.0,同益中,北京,化纤,科创板,20211019
688726.SH,688726.0,拉普拉斯,深圳,专用机械,科创板,20241029
688727.SH,688727.0,恒坤新材,福建,半导体,科创板,20251118
688728.SH,688728.0,格科微,上海,半导体,科创板,20210818
688729.SH,688729.0,屹唐股份,北京,半导体,科创板,20250708
688733.SH,688733.0,壹石通,安徽,矿物制品,科创板,20210817
688737.SH,688737.0,中自科技,四川,汽车配件,科创板,20211022
688739.SH,688739.0,成大生物,辽宁,生物制药,科创板,20211028
688750.SH,688750.0,金天钛业,湖南,小金属,科创板,20241120
688755.SH,688755.0,汉邦科技,江苏,专用机械,科创板,20250516
688757.SH,688757.0,胜科纳米,江苏,电器仪表,科创板,20250325
688758.SH,688758.0,赛分科技,江苏,化工原料,科创板,20250110
688759.SH,688759.0,必贝特,广东,生物制药,科创板,20251028
688765.SH,688765.0,禾元生物,湖北,生物制药,科创板,20251028
688766.SH,688766.0,普冉股份,上海,半导体,科创板,20210823
688767.SH,688767.0,博拓生物,浙江,医疗保健,科创板,20210908
688768.SH,688768.0,容知日新,安徽,电器仪表,科创板,20210726
688772.SH,688772.0,珠海冠宇,广东,电气设备,科创板,20211015
688775.SH,688775.0,影石创新,深圳,IT设备,科创板,20250611
688776.SH,688776.0,国光电气,四川,元器件,科创板,20210831
688777.SH,688777.0,中控技术,浙江,专用机械,科创板,20201124
688778.SH,688778.0,厦钨新能,福建,电气设备,科创板,20210805
688779.SH,688779.0,五矿新能,湖南,电气设备,科创板,20210811
688783.SH,688783.0,西安奕材,陕西,半导体,科创板,20251028
688786.SH,688786.0,悦安新材,江西,小金属,科创板,20210826
688787.SH,688787.0,海天瑞声,北京,软件服务,科创板,20210813
688788.SH,688788.0,科思科技,深圳,通信设备,科创板,20201022
688789.SH,688789.0,宏华数科,浙江,专用机械,科创板,20210708
688790.SH,688790.0,昂瑞微,北京,半导体,科创板,20251216
688793.SH,688793.0,倍轻松,深圳,家用电器,科创板,20210715
688795.SH,688795.0,摩尔线程,北京,半导体,科创板,20251205
688796.SH,688796.0,百奥赛图,北京,生物制药,科创板,20251210
688798.SH,688798.0,艾为电子,上海,半导体,科创板,20210816
688799.SH,688799.0,华纳药厂,湖南,化学制药,科创板,20210713
688800.SH,688800.0,瑞可达,江苏,元器件,科创板,20210722
688802.SH,688802.0,沐曦股份,上海,半导体,科创板,20251217
688805.SH,688805.0,健信超导,浙江,医疗保健,科创板,20251224
688807.SH,688807.0,优迅股份,福建,半导体,科创板,20251219
688809.SH,688809.0,强一股份,江苏,半导体,科创板,20251230
688819.SH,688819.0,天能股份,浙江,电气设备,科创板,20210118
688981.SH,688981.0,中芯国际,上海,半导体,科创板,20200716
689009.SH,689009.0,九号公司,北京,摩托车,科创板,20201029
601112.SH,601112.0,振石股份,浙江,玻璃,主板,20260129
603284.SH,603284.0,林平发展,安徽,造纸,主板,20260210
603293.SH,603293.0,埃泰克,安徽,汽车配件,主板,20260416
603407.SH,603407.0,长裕集团,山东,化工原料,主板,20260511
603435.SH,603435.0,嘉德利,福建,元器件,主板,20260522
603459.SH,603459.0,红板科技,江西,元器件,主板,20260408
688635.SH,688635.0,长进光子,湖北,通信设备,科创板,20260527
688712.SH,688712.0,北芯生命,深圳,医疗保健,科创板,20260205
688781.SH,688781.0,视涯科技,安徽,元器件,科创板,20260325
688785.SH,688785.0,恒运昌,深圳,半导体,科创板,20260128
688808.SH,688808.0,联讯仪器,江苏,电器仪表,科创板,20260424
688811.SH,688811.0,有研复材,北京,小金属,科创板,20260410
688813.SH,688813.0,泰金新能,陕西,专用机械,科创板,20260331
688816.SH,688816.0,易思维,浙江,专用机械,科创板,20260211
688818.SH,688818.0,电科蓝天,天津,航空,科创板,20260210
688820.SH,688820.0,盛合晶微,江苏,半导体,科创板,20260421
688797.SH,688797.0,臻宝科技,重庆,半导体,科创板,20260624
688806.SH,688806.0,C泰诺,广东,生物制药,科创板,20260721
688825.SH,,N长鑫,,半导体,,20260727
