ts_code,symbol,name,area,industry,market,list_date
600000.SH,600000.0,浦发银行,上海,银行,主板,19991110
600004.SH,600004.0,白云机场,广东,机场,主板,20030428
600006.SH,600006.0,东风股份,湖北,汽车整车,主板,19990727
600007.SH,600007.0,中国国贸,北京,园区开发,主板,19990312
600008.SH,600008.0,首创环保,北京,水务,主板,20000427
600009.SH,600009.0,上海机场,上海,机场,主板,19980218
600010.SH,600010.0,包钢股份,内蒙,普钢,主板,20010309
600011.SH,600011.0,华能国际,北京,火力发电,主板,20011206
600012.SH,600012.0,皖通高速,安徽,路桥,主板,20030107
600015.SH,600015.0,华夏银行,北京,银行,主板,20030912
600016.SH,600016.0,民生银行,北京,银行,主板,20001219
600017.SH,600017.0,日照港,山东,港口,主板,20061017
600018.SH,600018.0,上港集团,上海,港口,主板,20061026
600019.SH,600019.0,宝钢股份,上海,普钢,主板,20001212
600020.SH,600020.0,中原高速,河南,路桥,主板,20030808
600021.SH,600021.0,上海电力,上海,火力发电,主板,20031029
600022.SH,600022.0,山东钢铁,山东,普钢,主板,20040629
600023.SH,600023.0,浙能电力,浙江,火力发电,主板,20131219
600025.SH,600025.0,华能水电,云南,水力发电,主板,20171215
600026.SH,600026.0,中远海能,上海,水运,主板,20020523
600027.SH,600027.0,华电国际,山东,火力发电,主板,20050203
600028.SH,600028.0,中国石化,北京,石油加工,主板,20010808
600029.SH,600029.0,南方航空,广东,空运,主板,20030725
600030.SH,600030.0,中信证券,深圳,证券,主板,20030106
600031.SH,600031.0,三一重工,北京,工程机械,主板,20030703
600032.SH,600032.0,浙江新能,浙江,新型电力,主板,20210525
600033.SH,600033.0,福建高速,福建,路桥,主板,20010209
600035.SH,600035.0,楚天高速,湖北,路桥,主板,20040310
600036.SH,600036.0,招商银行,深圳,银行,主板,20020409
600037.SH,600037.0,歌华有线,北京,影视音像,主板,20010208
600038.SH,600038.0,中直股份,黑龙江,航空,主板,20001218
600039.SH,600039.0,四川路桥,四川,建筑工程,主板,20030325
600048.SH,600048.0,保利发展,广东,全国地产,主板,20060731
600050.SH,600050.0,中国联通,北京,电信运营,主板,20021009
600051.SH,600051.0,宁波联合,浙江,综合类,主板,19970410
600052.SH,600052.0,东望时代,浙江,供气供热,主板,19970415
600053.SH,600053.0,*ST九鼎,江西,多元金融,主板,19970418
600054.SH,600054.0,黄山旅游,安徽,旅游景点,主板,19970506
600055.SH,600055.0,万东医疗,北京,医疗保健,主板,19970519
600056.SH,600056.0,中国医药,北京,医药商业,主板,19970515
600057.SH,600057.0,厦门象屿,福建,仓储物流,主板,19970604
600058.SH,600058.0,五矿发展,北京,商贸代理,主板,19970528
600059.SH,600059.0,古越龙山,浙江,红黄酒,主板,19970516
600060.SH,600060.0,海信视像,山东,家用电器,主板,19970422
600061.SH,600061.0,国投资本,上海,证券,主板,19970519
600062.SH,600062.0,华润双鹤,北京,化学制药,主板,19970522
600063.SH,600063.0,皖维高新,安徽,化纤,主板,19970528
600064.SH,600064.0,南京高科,江苏,园区开发,主板,19970506
600066.SH,600066.0,宇通客车,河南,汽车整车,主板,19970508
600067.SH,600067.0,冠城新材,福建,电气设备,主板,19970508
600071.SH,600071.0,凤凰光学,江西,元器件,主板,19970528
600072.SH,600072.0,中船科技,上海,电气设备,主板,19970603
600073.SH,600073.0,光明肉业,上海,食品,主板,19970704
600075.SH,600075.0,新疆天业,新疆,化工原料,主板,19970617
600076.SH,600076.0,康欣新材,山东,广告包装,主板,19970526
600078.SH,600078.0,澄星股份,江苏,化工原料,主板,19970627
600079.SH,600079.0,ST人福,湖北,化学制药,主板,19970606
600080.SH,600080.0,ST金花,陕西,中成药,主板,19970612
600081.SH,600081.0,东风科技,上海,汽车配件,主板,19970703
600082.SH,600082.0,ST海泰,天津,园区开发,主板,19970620
600084.SH,600084.0,*ST尼雅,新疆,红黄酒,主板,19970711
600085.SH,600085.0,同仁堂,北京,中成药,主板,19970625
600088.SH,600088.0,中视传媒,上海,影视音像,主板,19970616
600089.SH,600089.0,特变电工,新疆,电气设备,主板,19970618
600094.SH,600094.0,大名城,上海,区域地产,主板,19970703
600095.SH,600095.0,湘财股份,黑龙江,证券,主板,19970708
600096.SH,600096.0,云天化,云南,农药化肥,主板,19970709
600097.SH,600097.0,开创国际,上海,渔业,主板,19970619
600098.SH,600098.0,广州发展,广东,火力发电,主板,19970718
600099.SH,600099.0,林海股份,江苏,汽车整车,主板,19970704
600100.SH,600100.0,同方股份,北京,IT设备,主板,19970627
600101.SH,600101.0,明星电力,四川,水力发电,主板,19970627
600103.SH,600103.0,青山纸业,福建,造纸,主板,19970703
600104.SH,600104.0,上汽集团,上海,汽车整车,主板,19971125
600105.SH,600105.0,永鼎股份,江苏,通信设备,主板,19970929
600106.SH,600106.0,重庆路桥,重庆,路桥,主板,19970618
600107.SH,600107.0,*ST尔雅,湖北,服饰,主板,19971106
600108.SH,600108.0,亚盛集团,甘肃,种植业,主板,19970818
600109.SH,600109.0,国金证券,四川,证券,主板,19970807
600110.SH,600110.0,诺德股份,吉林,电气设备,主板,19971007
600111.SH,600111.0,北方稀土,内蒙,小金属,主板,19970924
600113.SH,600113.0,浙江东日,浙江,区域地产,主板,19971021
600114.SH,600114.0,东睦股份,浙江,机械基件,主板,20040511
600115.SH,600115.0,中国东航,上海,空运,主板,19971105
600116.SH,600116.0,三峡水利,重庆,水力发电,主板,19970804
600117.SH,600117.0,西宁特钢,青海,特种钢,主板,19971015
600118.SH,600118.0,中国卫星,北京,航空,主板,19970908
600119.SH,600119.0,*ST长投,上海,仓储物流,主板,19980115
600120.SH,600120.0,浙江东方,浙江,多元金融,主板,19971201
600121.SH,600121.0,郑州煤电,河南,煤炭开采,主板,19980107
600123.SH,600123.0,兰花科创,山西,煤炭开采,主板,19981217
600125.SH,600125.0,铁龙物流,辽宁,铁路,主板,19980511
600126.SH,600126.0,杭钢股份,浙江,普钢,主板,19980311
600127.SH,600127.0,金健米业,湖南,农业综合,主板,19980506
600128.SH,600128.0,苏豪弘业,江苏,商贸代理,主板,19970901
600129.SH,600129.0,太极集团,重庆,中成药,主板,19971118
600130.SH,600130.0,波导股份,浙江,元器件,主板,20000706
600131.SH,600131.0,国网信通,四川,通信设备,主板,19980402
600132.SH,600132.0,重庆啤酒,重庆,啤酒,主板,19971030
600133.SH,600133.0,东湖高新,湖北,环境保护,主板,19980212
600135.SH,600135.0,乐凯胶片,河北,塑料,主板,19980122
600136.SH,600136.0,ST明诚,湖北,房产服务,主板,19980303
600137.SH,600137.0,浪莎股份,四川,服饰,主板,19980416
600138.SH,600138.0,中青旅,北京,旅游景点,主板,19971203
600141.SH,600141.0,兴发集团,湖北,农药化肥,主板,19990616
600143.SH,600143.0,金发科技,广东,塑料,主板,20040623
600148.SH,600148.0,长春一东,吉林,汽车配件,主板,19980520
600149.SH,600149.0,廊坊发展,河北,综合类,主板,19991014
600150.SH,600150.0,中国船舶,上海,船舶,主板,19980520
600151.SH,600151.0,航天机电,上海,汽车配件,主板,19980605
600152.SH,600152.0,维科技术,浙江,电气设备,主板,19980609
600153.SH,600153.0,建发股份,福建,仓储物流,主板,19980616
600155.SH,600155.0,华创云信,北京,证券,主板,19980918
600156.SH,600156.0,华升股份,湖南,纺织,主板,19980527
600157.SH,600157.0,永泰能源,山西,火力发电,主板,19980513
600158.SH,600158.0,中体产业,天津,文教休闲,主板,19980327
600159.SH,600159.0,大龙地产,北京,区域地产,主板,19980526
600160.SH,600160.0,巨化股份,浙江,化工原料,主板,19980626
600161.SH,600161.0,天坛生物,北京,生物制药,主板,19980616
600162.SH,600162.0,香江控股,深圳,全国地产,主板,19980609
600163.SH,600163.0,中闽能源,福建,新型电力,主板,19980602
600165.SH,600165.0,ST宁科,宁夏,化工原料,主板,19980529
600166.SH,600166.0,福田汽车,北京,汽车整车,主板,19980602
600167.SH,600167.0,联美控股,辽宁,供气供热,主板,19990128
600168.SH,600168.0,武汉控股,湖北,水务,主板,19980427
600169.SH,600169.0,ST太重,山西,工程机械,主板,19980904
600170.SH,600170.0,上海建工,上海,建筑工程,主板,19980623
600171.SH,600171.0,上海贝岭,上海,半导体,主板,19980924
600172.SH,600172.0,黄河旋风,河南,矿物制品,主板,19981126
600173.SH,600173.0,卧龙新能,浙江,全国地产,主板,19990415
600176.SH,600176.0,中国巨石,浙江,玻璃,主板,19990422
600177.SH,600177.0,雅戈尔,浙江,服饰,主板,19981119
600178.SH,600178.0,东安动力,黑龙江,汽车配件,主板,19981014
600179.SH,600179.0,安通控股,福建,水运,主板,19981104
600180.SH,600180.0,*ST瑞茂,山东,仓储物流,主板,19980703
600182.SH,600182.0,S佳通,黑龙江,汽车配件,主板,19990507
600183.SH,600183.0,生益科技,广东,元器件,主板,19981028
600184.SH,600184.0,光电股份,湖北,专用机械,主板,20031106
600185.SH,600185.0,珠免集团,广东,旅游服务,主板,19990611
600186.SH,600186.0,莲花控股,河南,食品,主板,19980825
600187.SH,600187.0,*ST国中,黑龙江,水务,主板,19981111
600188.SH,600188.0,兖矿能源,山东,煤炭开采,主板,19980701
600189.SH,600189.0,泉阳泉,吉林,软饮料,主板,19981007
600191.SH,600191.0,华资实业,内蒙,食品,主板,19981210
600192.SH,600192.0,长城电工,甘肃,电气设备,主板,19981224
600195.SH,600195.0,中牧股份,北京,农业综合,主板,19990107
600196.SH,600196.0,复星医药,上海,化学制药,主板,19980807
600197.SH,600197.0,伊力特,新疆,白酒,主板,19990916
600198.SH,600198.0,大唐电信,北京,通信设备,主板,19981021
600199.SH,600199.0,金种子酒,安徽,白酒,主板,19980812
600201.SH,600201.0,生物股份,内蒙,农业综合,主板,19990115
600202.SH,600202.0,哈空调,黑龙江,专用机械,主板,19990603
600203.SH,600203.0,福日电子,福建,元器件,主板,19990514
600206.SH,600206.0,有研新材,北京,半导体,主板,19990319
600207.SH,600207.0,安彩高科,河南,电气设备,主板,19990714
600208.SH,600208.0,衢州发展,浙江,全国地产,主板,19990623
600210.SH,600210.0,紫江企业,上海,广告包装,主板,19990824
600211.SH,600211.0,西藏药业,西藏,生物制药,主板,19990721
600212.SH,600212.0,绿能慧充,山东,电气设备,主板,19990817
600215.SH,600215.0,派斯林,吉林,专用机械,主板,19990909
600216.SH,600216.0,浙江医药,浙江,化学制药,主板,19991021
600217.SH,600217.0,中再资环,陕西,环境保护,主板,19991216
600218.SH,600218.0,全柴动力,安徽,汽车配件,主板,19981203
600219.SH,600219.0,南山铝业,山东,铝,主板,19991223
600221.SH,600221.0,海航控股,海南,空运,主板,19991125
600222.SH,600222.0,太龙药业,河南,中成药,主板,19991105
600223.SH,600223.0,福瑞达,山东,日用化工,主板,20000113
600226.SH,600226.0,亨通股份,浙江,供气供热,主板,19991116
600227.SH,600227.0,赤天化,贵州,农药化肥,主板,20000221
600228.SH,600228.0,返利科技,江西,互联网,主板,19990119
600229.SH,600229.0,城市传媒,山东,出版业,主板,20000309
600230.SH,600230.0,沧州大化,河北,化工原料,主板,20000406
600231.SH,600231.0,凌钢股份,辽宁,普钢,主板,20000511
600232.SH,600232.0,金鹰股份,浙江,纺织机械,主板,20000602
600233.SH,600233.0,圆通速递,辽宁,仓储物流,主板,20000608
600234.SH,600234.0,科新发展,山西,装修装饰,主板,20000615
600235.SH,600235.0,民丰特纸,浙江,造纸,主板,20000615
600236.SH,600236.0,桂冠电力,广西,水力发电,主板,20000323
600237.SH,600237.0,铜峰电子,安徽,元器件,主板,20000609
600238.SH,600238.0,*ST椰岛,海南,红黄酒,主板,20000120
600239.SH,600239.0,ST云城,云南,区域地产,主板,19991202
600241.SH,600241.0,时代万恒,辽宁,电气设备,主板,20001128
600243.SH,600243.0,*ST海华,青海,运输设备,主板,20001120
600246.SH,600246.0,万通发展,北京,区域地产,主板,20000922
600248.SH,600248.0,陕建股份,陕西,建筑工程,主板,20000622
600249.SH,600249.0,两面针,广西,日用化工,主板,20040130
600250.SH,600250.0,南京商旅,江苏,商贸代理,主板,20010306
600251.SH,600251.0,冠农股份,新疆,农业综合,主板,20030609
600252.SH,600252.0,中恒集团,广西,中成药,主板,20001130
600255.SH,600255.0,鑫科材料,安徽,小金属,主板,20001122
600256.SH,600256.0,广汇能源,新疆,石油开采,主板,20000526
600257.SH,600257.0,大湖股份,湖南,渔业,主板,20000612
600258.SH,600258.0,首旅酒店,北京,酒店餐饮,主板,20000601
600259.SH,600259.0,中稀有色,海南,小金属,主板,20000525
600261.SH,600261.0,阳光照明,浙江,家用电器,主板,20000720
600262.SH,600262.0,北方股份,内蒙,专用机械,主板,20000630
600265.SH,600265.0,*ST景谷,云南,林业,主板,20000825
600266.SH,600266.0,城建发展,北京,区域地产,主板,19990203
600267.SH,600267.0,海正药业,浙江,化学制药,主板,20000725
600268.SH,600268.0,国电南自,江苏,电气设备,主板,19991118
600269.SH,600269.0,赣粤高速,江西,路桥,主板,20000518
600271.SH,600271.0,航天信息,北京,软件服务,主板,20030711
600272.SH,600272.0,开开实业,上海,医药商业,主板,20010228
600273.SH,600273.0,嘉化能源,浙江,化工原料,主板,20030627
600276.SH,600276.0,恒瑞医药,江苏,化学制药,主板,20001018
600278.SH,600278.0,东方创业,上海,商贸代理,主板,20000712
600279.SH,600279.0,重庆港,重庆,港口,主板,20000731
600280.SH,600280.0,中央商场,江苏,百货,主板,20000926
600281.SH,600281.0,华阳新材,山西,小金属,主板,20001109
600282.SH,600282.0,南钢股份,江苏,普钢,主板,20000919
600283.SH,600283.0,钱江水利,浙江,水务,主板,20001018
600284.SH,600284.0,浦东建设,上海,建筑工程,主板,20040316
600285.SH,600285.0,羚锐制药,河南,中成药,主板,20001018
600287.SH,600287.0,苏豪时尚,江苏,商贸代理,主板,20000901
600288.SH,600288.0,大恒科技,北京,元器件,主板,20001129
600289.SH,600289.0,ST信通,黑龙江,软件服务,主板,20000720
600292.SH,600292.0,电投水电,重庆,水力发电,主板,20001101
600293.SH,600293.0,三峡新材,湖北,玻璃,主板,20000919
600295.SH,600295.0,鄂尔多斯,内蒙,特种钢,主板,20010426
600298.SH,600298.0,安琪酵母,湖北,食品,主板,20000818
600299.SH,600299.0,安迪苏,北京,饲料,主板,20000420
600300.SH,600300.0,维维股份,江苏,软饮料,主板,20000630
600301.SH,600301.0,华锡有色,广西,小金属,主板,20000712
600302.SH,600302.0,ST标准,陕西,纺织机械,主板,20001213
600303.SH,600303.0,曙光股份,辽宁,汽车整车,主板,20001226
600305.SH,600305.0,恒顺醋业,江苏,食品,主板,20010206
600307.SH,600307.0,酒钢宏兴,甘肃,普钢,主板,20001220
600308.SH,600308.0,华泰股份,山东,造纸,主板,20000928
600309.SH,600309.0,万华化学,山东,化工原料,主板,20010105
600310.SH,600310.0,广西能源,广西,水力发电,主板,20010228
600312.SH,600312.0,平高电气,河南,电气设备,主板,20010221
600313.SH,600313.0,农发种业,北京,种植业,主板,20010119
600315.SH,600315.0,上海家化,上海,日用化工,主板,20010315
600316.SH,600316.0,洪都航空,江西,航空,主板,20001215
600318.SH,600318.0,新力金融,安徽,多元金融,主板,20001208
600319.SH,600319.0,亚星化学,山东,化工原料,主板,20010326
600320.SH,600320.0,振华重工,上海,专用机械,主板,20001221
600322.SH,600322.0,津投城开,天津,区域地产,主板,20010910
600323.SH,600323.0,瀚蓝环境,广东,环境保护,主板,20001225
600325.SH,600325.0,华发股份,广东,区域地产,主板,20040225
600326.SH,600326.0,西藏天路,西藏,水泥,主板,20010116
600327.SH,600327.0,大东方,江苏,医疗保健,主板,20020625
600328.SH,600328.0,中盐化工,内蒙,化工原料,主板,20001222
600329.SH,600329.0,达仁堂,天津,中成药,主板,20010606
600330.SH,600330.0,天通股份,浙江,专用机械,主板,20010118
600331.SH,600331.0,宏达股份,四川,农药化肥,主板,20011220
600332.SH,600332.0,白云山,广东,中成药,主板,20010206
600333.SH,600333.0,长春燃气,吉林,供气供热,主板,20001211
600335.SH,600335.0,国机汽车,天津,汽车服务,主板,20010305
600336.SH,600336.0,澳柯玛,山东,家用电器,主板,20001229
600337.SH,600337.0,ST美克,江西,家居用品,主板,20001127
600338.SH,600338.0,西藏珠峰,西藏,铅锌,主板,20001227
600339.SH,600339.0,中油工程,新疆,石油开采,主板,20001225
600340.SH,600340.0,*ST华幸,河北,园区开发,主板,20031230
600343.SH,600343.0,航天动力,陕西,机械基件,主板,20030408
600345.SH,600345.0,长江通信,湖北,通信设备,主板,20001222
600346.SH,600346.0,恒力石化,辽宁,石油加工,主板,20010820
600348.SH,600348.0,华阳股份,山西,煤炭开采,主板,20030821
600350.SH,600350.0,山东高速,山东,路桥,主板,20020318
600351.SH,600351.0,亚宝药业,山西,中成药,主板,20020926
600352.SH,600352.0,浙江龙盛,浙江,染料涂料,主板,20030801
600353.SH,600353.0,旭光电子,四川,元器件,主板,20021120
600354.SH,600354.0,敦煌种业,甘肃,种植业,主板,20040115
600356.SH,600356.0,恒丰纸业,黑龙江,造纸,主板,20010419
600358.SH,600358.0,国旅联合,江西,广告包装,主板,20000922
600359.SH,600359.0,新农开发,新疆,种植业,主板,19990429
600360.SH,600360.0,华微电子,吉林,半导体,主板,20010316
600361.SH,600361.0,创新新材,北京,铝,主板,20011129
600362.SH,600362.0,江西铜业,江西,铜,主板,20020111
600363.SH,600363.0,联创光电,江西,元器件,主板,20010329
600365.SH,600365.0,ST通葡,吉林,互联网,主板,20010115
600366.SH,600366.0,宁波韵升,浙江,矿物制品,主板,20001030
600367.SH,600367.0,红星发展,贵州,化工原料,主板,20010320
600368.SH,600368.0,五洲交通,广西,路桥,主板,20001221
600369.SH,600369.0,西南证券,重庆,证券,主板,20010109
600370.SH,600370.0,*ST三房,江苏,化工原料,主板,20030306
600371.SH,600371.0,万向德农,黑龙江,种植业,主板,20020916
600372.SH,600372.0,中航机载,北京,航空,主板,20010706
600373.SH,600373.0,中文传媒,江西,出版业,主板,20020304
600375.SH,600375.0,汉马科技,安徽,汽车整车,主板,20030401
600376.SH,600376.0,首开股份,北京,区域地产,主板,20010312
600377.SH,600377.0,宁沪高速,江苏,路桥,主板,20010116
600378.SH,600378.0,昊华科技,四川,化工原料,主板,20010111
600379.SH,600379.0,宝光股份,陕西,电气设备,主板,20020116
600380.SH,600380.0,健康元,深圳,化学制药,主板,20010608
600381.SH,600381.0,*ST春天,青海,医疗保健,主板,20010508
600382.SH,600382.0,广东明珠,广东,普钢,主板,20010118
600383.SH,600383.0,金地集团,深圳,全国地产,主板,20010412
600386.SH,600386.0,北巴传媒,北京,汽车服务,主板,20010216
600388.SH,600388.0,龙净环保,福建,环境保护,主板,20001229
600389.SH,600389.0,江山股份,江苏,农药化肥,主板,20010110
600390.SH,600390.0,五矿资本,湖南,多元金融,主板,20010115
600391.SH,600391.0,航发科技,四川,航空,主板,20011212
600392.SH,600392.0,盛和资源,四川,小金属,主板,20030529
600395.SH,600395.0,盘江股份,贵州,煤炭开采,主板,20010531
600396.SH,600396.0,华电辽能,辽宁,火力发电,主板,20010328
600397.SH,600397.0,江钨装备,江西,专用机械,主板,20020702
600398.SH,600398.0,海澜之家,江苏,服饰,主板,20001228
600399.SH,600399.0,抚顺特钢,辽宁,特种钢,主板,20001229
600400.SH,600400.0,红豆股份,江苏,服饰,主板,20010108
600403.SH,600403.0,大有能源,河南,煤炭开采,主板,20031009
600405.SH,600405.0,动力源,北京,电气设备,主板,20040401
600406.SH,600406.0,国电南瑞,江苏,电气设备,主板,20031016
600408.SH,600408.0,安泰集团,山西,焦炭加工,主板,20030212
600409.SH,600409.0,三友化工,河北,化纤,主板,20030618
600410.SH,600410.0,华胜天成,北京,软件服务,主板,20040427
600415.SH,600415.0,小商品城,浙江,商品城,主板,20020509
600416.SH,600416.0,湘电股份,湖南,电气设备,主板,20020718
600418.SH,600418.0,江淮汽车,安徽,汽车整车,主板,20010824
600419.SH,600419.0,天润乳业,新疆,乳制品,主板,20010628
600420.SH,600420.0,国药现代,上海,化学制药,主板,20040616
600422.SH,600422.0,昆药集团,云南,中成药,主板,20001206
600423.SH,600423.0,*ST柳化,广西,农药化肥,主板,20030717
600425.SH,600425.0,青松建化,新疆,水泥,主板,20030724
600426.SH,600426.0,华鲁恒升,山东,农药化肥,主板,20020620
600428.SH,600428.0,中远海特,广东,水运,主板,20020418
600429.SH,600429.0,三元股份,北京,乳制品,主板,20030915
600433.SH,600433.0,冠豪高新,广东,造纸,主板,20030619
600435.SH,600435.0,北方导航,北京,专用机械,主板,20030704
600436.SH,600436.0,片仔癀,福建,中成药,主板,20030616
600438.SH,600438.0,通威股份,四川,电气设备,主板,20040302
600439.SH,600439.0,瑞贝卡,河南,服饰,主板,20030710
600444.SH,600444.0,国机通用,安徽,专用机械,主板,20040219
600446.SH,600446.0,金证股份,深圳,软件服务,主板,20031224
600448.SH,600448.0,华纺股份,山东,纺织,主板,20010903
600449.SH,600449.0,宁夏建材,宁夏,水泥,主板,20030829
600452.SH,600452.0,涪陵电力,重庆,水力发电,主板,20040303
600455.SH,600455.0,博通股份,陕西,文教休闲,主板,20040329
600456.SH,600456.0,宝钛股份,陕西,小金属,主板,20020412
600458.SH,600458.0,时代新材,湖南,塑料,主板,20021219
600459.SH,600459.0,贵研铂业,云南,小金属,主板,20030516
600460.SH,600460.0,士兰微,浙江,半导体,主板,20030311
600461.SH,600461.0,洪城环境,江西,水务,主板,20040601
600463.SH,600463.0,空港股份,北京,园区开发,主板,20040318
600467.SH,600467.0,好当家,山东,渔业,主板,20040405
600468.SH,600468.0,百利电气,天津,电气设备,主板,20010615
600469.SH,600469.0,风神股份,河南,汽车配件,主板,20031021
600470.SH,600470.0,六国化工,安徽,农药化肥,主板,20040305
600475.SH,600475.0,华光环能,江苏,电气设备,主板,20030721
600476.SH,600476.0,*ST湘邮,湖南,软件服务,主板,20031210
600477.SH,600477.0,杭萧钢构,浙江,钢加工,主板,20031110
600478.SH,600478.0,科力远,湖南,电气设备,主板,20030918
600479.SH,600479.0,千金药业,湖南,中成药,主板,20040312
600480.SH,600480.0,凌云股份,河北,汽车配件,主板,20030815
600481.SH,600481.0,双良节能,江苏,电气设备,主板,20030422
600482.SH,600482.0,中国动力,河北,船舶,主板,20040714
600483.SH,600483.0,福能股份,福建,新型电力,主板,20040531
600486.SH,600486.0,扬农化工,江苏,农药化肥,主板,20020425
600487.SH,600487.0,亨通光电,江苏,通信设备,主板,20030822
600488.SH,600488.0,津药药业,天津,化学制药,主板,20010618
600489.SH,600489.0,中金黄金,北京,黄金,主板,20030814
600490.SH,600490.0,鹏欣资源,上海,铜,主板,20030626
600491.SH,600491.0,ST龙元,浙江,建筑工程,主板,20040524
600493.SH,600493.0,凤竹纺织,福建,纺织,主板,20040421
600495.SH,600495.0,晋西车轴,山西,运输设备,主板,20040526
600496.SH,600496.0,精工钢构,安徽,钢加工,主板,20020605
600497.SH,600497.0,驰宏锌锗,云南,铅锌,主板,20040420
600498.SH,600498.0,烽火通信,湖北,通信设备,主板,20010823
600499.SH,600499.0,科达制造,广东,专用机械,主板,20021010
600500.SH,600500.0,中化国际,上海,塑料,主板,20000301
600501.SH,600501.0,航天晨光,江苏,专用机械,主板,20010615
600502.SH,600502.0,安徽建工,安徽,建筑工程,主板,20030415
600503.SH,600503.0,华丽家族,上海,区域地产,主板,20020709
600505.SH,600505.0,西昌电力,四川,水力发电,主板,20020530
600506.SH,600506.0,统一股份,新疆,石油加工,主板,20011226
600507.SH,600507.0,方大特钢,江西,特种钢,主板,20030930
600508.SH,600508.0,上海能源,上海,煤炭开采,主板,20010829
600509.SH,600509.0,天富能源,新疆,火力发电,主板,20020228
600510.SH,600510.0,黑牡丹,江苏,全国地产,主板,20020618
600511.SH,600511.0,国药股份,北京,医药商业,主板,20021127
600512.SH,600512.0,腾达建设,浙江,建筑工程,主板,20021226
600513.SH,600513.0,联环药业,江苏,化学制药,主板,20030319
600515.SH,600515.0,海南机场,海南,机场,主板,20020806
600516.SH,600516.0,方大炭素,甘肃,矿物制品,主板,20020830
600517.SH,600517.0,国网英大,上海,多元金融,主板,20031010
600518.SH,600518.0,康美药业,广东,中成药,主板,20010319
600519.SH,600519.0,贵州茅台,贵州,白酒,主板,20010827
600520.SH,600520.0,三佳科技,安徽,半导体,主板,20020108
600521.SH,600521.0,华海药业,浙江,化学制药,主板,20030304
600522.SH,600522.0,中天科技,江苏,通信设备,主板,20021024
600523.SH,600523.0,贵航股份,贵州,汽车配件,主板,20011227
600525.SH,600525.0,ST长园,深圳,电气设备,主板,20021202
600526.SH,600526.0,菲达环保,浙江,环境保护,主板,20020722
600527.SH,600527.0,江南高纤,江苏,化纤,主板,20031127
600528.SH,600528.0,中铁工业,北京,运输设备,主板,20010528
600529.SH,600529.0,山东药玻,山东,医疗保健,主板,20020603
600530.SH,600530.0,交大昂立,上海,医疗保健,主板,20010702
600531.SH,600531.0,豫光金铅,河南,铅锌,主板,20020730
600533.SH,600533.0,栖霞建设,江苏,区域地产,主板,20020328
600535.SH,600535.0,天士力,天津,中成药,主板,20020823
600536.SH,600536.0,中国软件,北京,软件服务,主板,20020517
600537.SH,600537.0,*ST亿晶,浙江,电气设备,主板,20030123
600538.SH,600538.0,国发股份,广西,医药商业,主板,20030114
600539.SH,600539.0,狮头股份,山西,互联网,主板,20010824
600540.SH,600540.0,新赛股份,新疆,种植业,主板,20040107
600543.SH,600543.0,*ST莫高,甘肃,红黄酒,主板,20040324
600545.SH,600545.0,卓郎智能,新疆,纺织机械,主板,20031203
600546.SH,600546.0,山煤国际,山西,煤炭开采,主板,20030731
600547.SH,600547.0,山东黄金,山东,黄金,主板,20030828
600548.SH,600548.0,深高速,深圳,路桥,主板,20011225
600549.SH,600549.0,厦门钨业,福建,小金属,主板,20021107
600550.SH,600550.0,保变电气,河北,电气设备,主板,20010228
600551.SH,600551.0,时代出版,安徽,出版业,主板,20020905
600552.SH,600552.0,凯盛科技,安徽,元器件,主板,20021108
600556.SH,600556.0,天下秀,广西,互联网,主板,20010807
600557.SH,600557.0,康缘药业,江苏,中成药,主板,20020918
600558.SH,600558.0,大西洋,四川,钢加工,主板,20010227
600559.SH,600559.0,老白干酒,河北,白酒,主板,20021029
600560.SH,600560.0,金自天正,北京,电气设备,主板,20020919
600561.SH,600561.0,江西长运,江西,公共交通,主板,20020716
600562.SH,600562.0,国睿科技,江苏,通信设备,主板,20030128
600563.SH,600563.0,法拉电子,福建,元器件,主板,20021210
600566.SH,600566.0,济川药业,湖北,中成药,主板,20010822
600567.SH,600567.0,山鹰国际,安徽,造纸,主板,20011218
600568.SH,600568.0,ST中珠,湖北,医疗保健,主板,20010518
600569.SH,600569.0,安阳钢铁,河南,普钢,主板,20010820
600570.SH,600570.0,恒生电子,浙江,软件服务,主板,20031216
600571.SH,600571.0,信雅达,浙江,软件服务,主板,20021101
600572.SH,600572.0,康恩贝,浙江,中成药,主板,20040412
600573.SH,600573.0,惠泉啤酒,福建,啤酒,主板,20030226
600575.SH,600575.0,淮河能源,安徽,火力发电,主板,20030328
600576.SH,600576.0,祥源文旅,浙江,旅游景点,主板,20030220
600577.SH,600577.0,精达股份,安徽,电气设备,主板,20020911
600578.SH,600578.0,京能电力,北京,火力发电,主板,20020510
600579.SH,600579.0,中化装备,山东,化工机械,主板,20020809
600580.SH,600580.0,卧龙电驱,浙江,电气设备,主板,20020606
600581.SH,600581.0,*ST八钢,新疆,普钢,主板,20020816
600582.SH,600582.0,天地科技,北京,专用机械,主板,20020515
600583.SH,600583.0,海油工程,天津,石油开采,主板,20020205
600584.SH,600584.0,长电科技,江苏,半导体,主板,20030603
600585.SH,600585.0,海螺水泥,安徽,水泥,主板,20020207
600586.SH,600586.0,金晶科技,山东,玻璃,主板,20020815
600587.SH,600587.0,新华医疗,山东,医疗保健,主板,20020927
600588.SH,600588.0,用友网络,北京,软件服务,主板,20010518
600589.SH,600589.0,大位科技,广东,软件服务,主板,20010612
600590.SH,600590.0,泰豪科技,江西,通信设备,主板,20020703
600592.SH,600592.0,龙溪股份,福建,机械基件,主板,20020805
600593.SH,600593.0,大连圣亚,辽宁,旅游景点,主板,20020711
600594.SH,600594.0,益佰制药,贵州,中成药,主板,20040323
600595.SH,600595.0,中孚实业,河南,铝,主板,20020626
600596.SH,600596.0,新安股份,浙江,化工原料,主板,20010906
600597.SH,600597.0,光明乳业,上海,乳制品,主板,20020828
600598.SH,600598.0,北大荒,黑龙江,种植业,主板,20020329
600600.SH,600600.0,青岛啤酒,山东,啤酒,主板,19930827
600601.SH,600601.0,方正科技,上海,元器件,主板,19901219
600602.SH,600602.0,云赛智联,上海,软件服务,主板,19901219
600603.SH,600603.0,广汇物流,四川,仓储物流,主板,19920113
600604.SH,600604.0,市北高新,上海,园区开发,主板,19920327
600605.SH,600605.0,汇通能源,上海,房产服务,主板,19920327
600606.SH,600606.0,绿地控股,上海,全国地产,主板,19920327
600609.SH,600609.0,金杯汽车,辽宁,汽车配件,主板,19920724
600610.SH,600610.0,中毅达,贵州,化工原料,主板,19920805
600611.SH,600611.0,大众交通,上海,公共交通,主板,19920807
600612.SH,600612.0,老凤祥,上海,服饰,主板,19920814
600613.SH,600613.0,神奇制药,上海,中成药,主板,19920820
600615.SH,600615.0,鑫源智造,重庆,铝,主板,19920910
600616.SH,600616.0,金枫酒业,上海,红黄酒,主板,19920929
600617.SH,600617.0,国新能源,山西,供气供热,主板,19921013
600618.SH,600618.0,氯碱化工,上海,化工原料,主板,19921113
600619.SH,600619.0,海立股份,上海,家用电器,主板,19921116
600620.SH,600620.0,天宸股份,上海,综合类,主板,19921117
600621.SH,600621.0,华鑫股份,上海,证券,主板,19921202
600622.SH,600622.0,光大嘉宝,上海,区域地产,主板,19921203
600623.SH,600623.0,华谊集团,上海,化工原料,主板,19921204
600624.SH,600624.0,ST复华,上海,化学制药,主板,19930105
600626.SH,600626.0,申达股份,上海,汽车配件,主板,19930107
600628.SH,600628.0,新世界,上海,百货,主板,19930119
600629.SH,600629.0,华建集团,上海,建筑工程,主板,19930209
600630.SH,600630.0,龙头股份,上海,服饰,主板,19930209
600633.SH,600633.0,浙数文化,浙江,互联网,主板,19930304
600635.SH,600635.0,大众公用,上海,供气供热,主板,19930304
600637.SH,600637.0,东方明珠,上海,影视音像,主板,19930316
600638.SH,600638.0,新黄浦,上海,区域地产,主板,19930326
600639.SH,600639.0,浦东金桥,上海,园区开发,主板,19930326
600640.SH,600640.0,国脉文化,上海,影视音像,主板,19930407
600641.SH,600641.0,先导基电,上海,半导体,主板,19930407
600642.SH,600642.0,申能股份,上海,火力发电,主板,19930416
600643.SH,600643.0,爱建集团,上海,多元金融,主板,19930426
600644.SH,600644.0,乐山电力,四川,水力发电,主板,19930426
600645.SH,600645.0,中源协和,天津,医疗保健,主板,19930504
600648.SH,600648.0,外高桥,上海,园区开发,主板,19930504
600649.SH,600649.0,城投控股,上海,区域地产,主板,19930518
600650.SH,600650.0,锦江在线,上海,公共交通,主板,19930607
600651.SH,600651.0,飞乐音响,上海,电器仪表,主板,19901219
600653.SH,600653.0,申华控股,辽宁,汽车服务,主板,19901219
600654.SH,600654.0,中安科,湖北,仓储物流,主板,19901219
600655.SH,600655.0,豫园股份,上海,百货,主板,19920902
600657.SH,600657.0,信达地产,北京,全国地产,主板,19930524
600658.SH,600658.0,电子城,北京,园区开发,主板,19930524
600660.SH,600660.0,福耀玻璃,福建,汽车配件,主板,19930610
600661.SH,600661.0,昂立教育,上海,文教休闲,主板,19930614
600662.SH,600662.0,外服控股,上海,文教休闲,主板,19930614
600663.SH,600663.0,陆家嘴,上海,园区开发,主板,19930628
600664.SH,600664.0,哈药股份,黑龙江,化学制药,主板,19930629
600665.SH,600665.0,天地源,陕西,全国地产,主板,19930709
600666.SH,600666.0,奥瑞德,黑龙江,元器件,主板,19930712
600667.SH,600667.0,太极实业,江苏,半导体,主板,19930728
600668.SH,600668.0,尖峰集团,浙江,水泥,主板,19930728
600671.SH,600671.0,天目药业,浙江,中成药,主板,19930823
600673.SH,600673.0,东阳光,广东,综合类,主板,19930917
600674.SH,600674.0,川投能源,四川,水力发电,主板,19930924
600675.SH,600675.0,中华企业,上海,区域地产,主板,19930924
600676.SH,600676.0,交运股份,上海,汽车配件,主板,19930928
600678.SH,600678.0,ST金顶,四川,水泥,主板,19931008
600679.SH,600679.0,上海凤凰,上海,文教休闲,主板,19931008
600681.SH,600681.0,百川能源,湖北,供气供热,主板,19931018
600682.SH,600682.0,南京新百,江苏,综合类,主板,19931018
600683.SH,600683.0,京投发展,北京,区域地产,主板,19931025
600684.SH,600684.0,珠江股份,广东,区域地产,主板,19931028
600685.SH,600685.0,中船防务,广东,船舶,主板,19931028
600686.SH,600686.0,金龙汽车,福建,汽车整车,主板,19931108
600688.SH,600688.0,上海石化,上海,石油加工,主板,19931108
600689.SH,600689.0,上海三毛,上海,综合类,主板,19931108
600690.SH,600690.0,海尔智家,山东,家用电器,主板,19931119
600691.SH,600691.0,潞化科技,山西,农药化肥,主板,19931119
600692.SH,600692.0,亚通股份,上海,区域地产,主板,19931119
600693.SH,600693.0,东百集团,福建,百货,主板,19931122
600694.SH,600694.0,大商股份,辽宁,百货,主板,19931122
600697.SH,600697.0,欧亚集团,吉林,百货,主板,19931206
600698.SH,600698.0,湖南天雁,湖南,汽车配件,主板,19931206
600699.SH,600699.0,均胜电子,浙江,汽车配件,主板,19931206
600702.SH,600702.0,舍得酒业,四川,白酒,主板,19960524
600703.SH,600703.0,三安光电,湖北,半导体,主板,19960528
600704.SH,600704.0,物产中大,浙江,仓储物流,主板,19960606
600706.SH,600706.0,曲江文旅,陕西,旅游景点,主板,19960516
600707.SH,600707.0,彩虹股份,陕西,元器件,主板,19960520
600708.SH,600708.0,光明地产,上海,全国地产,主板,19960606
600710.SH,600710.0,苏美达,江苏,商贸代理,主板,19960701
600711.SH,600711.0,盛屯矿业,福建,小金属,主板,19960531
600712.SH,600712.0,南宁百货,广西,百货,主板,19960626
600713.SH,600713.0,南京医药,江苏,医药商业,主板,19960701
600714.SH,600714.0,金瑞矿业,青海,化工原料,主板,19960606
600715.SH,600715.0,文投控股,北京,影视音像,主板,19960701
600716.SH,600716.0,凤凰股份,江苏,区域地产,主板,19960702
600717.SH,600717.0,天津港,天津,港口,主板,19960614
600718.SH,600718.0,东软集团,辽宁,软件服务,主板,19960618
600719.SH,600719.0,大连热电,辽宁,供气供热,主板,19960716
600720.SH,600720.0,中交设计,甘肃,建筑工程,主板,19960716
600721.SH,600721.0,百花医药,新疆,生物制药,主板,19960626
600722.SH,600722.0,金牛化工,河北,化工原料,主板,19960626
600724.SH,600724.0,宁波富达,浙江,综合类,主板,19960716
600725.SH,600725.0,云维股份,云南,商贸代理,主板,19960702
600726.SH,600726.0,华电能源,黑龙江,火力发电,主板,19960701
600727.SH,600727.0,鲁北化工,山东,化工原料,主板,19960702
600728.SH,600728.0,佳都科技,广东,软件服务,主板,19960716
600729.SH,600729.0,重百集团,重庆,百货,主板,19960702
600730.SH,600730.0,*ST高科,北京,文教休闲,主板,19960726
600731.SH,600731.0,湖南海利,湖南,农药化肥,主板,19960802
600732.SH,600732.0,爱旭股份,上海,电气设备,主板,19960816
600733.SH,600733.0,北汽蓝谷,北京,汽车整车,主板,19960816
600734.SH,600734.0,*ST实达,福建,软件服务,主板,19960808
600735.SH,600735.0,ST新华锦,山东,服饰,主板,19960726
600736.SH,600736.0,苏州高新,江苏,园区开发,主板,19960815
600737.SH,600737.0,中粮糖业,新疆,食品,主板,19960731
600738.SH,600738.0,丽尚国潮,甘肃,百货,主板,19960802
600739.SH,600739.0,辽宁成大,辽宁,生物制药,主板,19960819
600740.SH,600740.0,山西焦化,山西,焦炭加工,主板,19960808
600741.SH,600741.0,华域汽车,上海,汽车配件,主板,19960826
600742.SH,600742.0,富维股份,吉林,汽车配件,主板,19960826
600743.SH,600743.0,华远控股,北京,区域地产,主板,19960909
600744.SH,600744.0,华银电力,湖南,火力发电,主板,19960905
600745.SH,600745.0,*ST闻泰,湖北,半导体,主板,19960828
600746.SH,600746.0,江苏索普,江苏,化工原料,主板,19960918
600748.SH,600748.0,上实发展,上海,全国地产,主板,19960925
600749.SH,600749.0,西藏旅游,西藏,旅游景点,主板,19961015
600750.SH,600750.0,华润江中,江西,中成药,主板,19960923
600751.SH,600751.0,海航科技,天津,水运,主板,19960909
600753.SH,600753.0,ST海钦,福建,商贸代理,主板,19960927
600754.SH,600754.0,锦江酒店,上海,酒店餐饮,主板,19961011
600755.SH,600755.0,厦门国贸,福建,仓储物流,主板,19961003
600756.SH,600756.0,浪潮软件,山东,软件服务,主板,19960923
600757.SH,600757.0,长江传媒,湖北,出版业,主板,19961003
600758.SH,600758.0,辽宁能源,辽宁,煤炭开采,主板,19961029
600759.SH,600759.0,ST洲际,海南,石油开采,主板,19961008
600760.SH,600760.0,中航沈飞,山东,航空,主板,19961011
600761.SH,600761.0,安徽合力,安徽,工程机械,主板,19961009
600763.SH,600763.0,通策医疗,浙江,医疗保健,主板,19961030
600764.SH,600764.0,中国海防,北京,船舶,主板,19961104
600765.SH,600765.0,中航重机,贵州,航空,主板,19961106
600768.SH,600768.0,宁波富邦,浙江,铝,主板,19961111
600769.SH,600769.0,祥龙电业,湖北,水务,主板,19961101
600770.SH,600770.0,综艺股份,江苏,综合类,主板,19961120
600771.SH,600771.0,广誉远,山西,中成药,主板,19961105
600773.SH,600773.0,西藏城投,西藏,区域地产,主板,19961108
600774.SH,600774.0,汉商集团,湖北,化学制药,主板,19961108
600775.SH,600775.0,南京熊猫,江苏,通信设备,主板,19961118
600776.SH,600776.0,东方通信,浙江,通信设备,主板,19961126
600777.SH,600777.0,新潮能源,山东,石油开采,主板,19961121
600778.SH,600778.0,友好集团,新疆,百货,主板,19961203
600779.SH,600779.0,水井坊,四川,白酒,主板,19961206
600780.SH,600780.0,通宝能源,山西,火力发电,主板,19961205
600782.SH,600782.0,新钢股份,江西,普钢,主板,19961225
600783.SH,600783.0,鲁信创投,山东,专用机械,主板,19961225
600784.SH,600784.0,鲁银投资,山东,综合类,主板,19961225
600785.SH,600785.0,新华百货,宁夏,百货,主板,19970108
600787.SH,600787.0,中储股份,天津,仓储物流,主板,19970121
600789.SH,600789.0,鲁抗医药,山东,化学制药,主板,19970226
600790.SH,600790.0,轻纺城,浙江,商品城,主板,19970228
600791.SH,600791.0,京能置业,北京,全国地产,主板,19970130
600792.SH,600792.0,云煤能源,云南,焦炭加工,主板,19970123
600793.SH,600793.0,宜宾纸业,四川,造纸,主板,19970220
600794.SH,600794.0,保税科技,江苏,仓储物流,主板,19970306
600795.SH,600795.0,国电电力,辽宁,火力发电,主板,19970318
600796.SH,600796.0,钱江生化,浙江,环境保护,主板,19970408
600797.SH,600797.0,浙大网新,浙江,软件服务,主板,19970418
600798.SH,600798.0,宁波海运,浙江,水运,主板,19970423
600800.SH,600800.0,渤海化学,天津,化工原料,主板,19931206
600801.SH,600801.0,华新建材,湖北,水泥,主板,19940103
600802.SH,600802.0,福建水泥,福建,水泥,主板,19940103
600803.SH,600803.0,新奥股份,河北,供气供热,主板,19940103
600805.SH,600805.0,悦达投资,江苏,综合类,主板,19940103
600807.SH,600807.0,济高发展,山东,医疗保健,主板,19940103
600808.SH,600808.0,马钢股份,安徽,普钢,主板,19940106
600809.SH,600809.0,山西汾酒,山西,白酒,主板,19940106
600810.SH,600810.0,神马股份,河南,化纤,主板,19940106
600812.SH,600812.0,华北制药,河北,化学制药,主板,19940114
600814.SH,600814.0,杭州解百,浙江,百货,主板,19940114
600815.SH,600815.0,厦工股份,福建,工程机械,主板,19940128
600816.SH,600816.0,建元信托,上海,多元金融,主板,19940128
600817.SH,600817.0,宇通重工,河南,专用机械,主板,19940128
600818.SH,600818.0,ST中路,上海,文教休闲,主板,19940128
600819.SH,600819.0,耀皮玻璃,上海,玻璃,主板,19940128
600820.SH,600820.0,隧道股份,上海,建筑工程,主板,19940128
600821.SH,600821.0,金开新能,天津,新型电力,主板,19940128
600822.SH,600822.0,上海物贸,上海,汽车服务,主板,19940204
600824.SH,600824.0,益民集团,上海,百货,主板,19940204
600825.SH,600825.0,新华传媒,上海,出版业,主板,19940204
600826.SH,600826.0,兰生股份,上海,文教休闲,主板,19940204
600827.SH,600827.0,百联股份,上海,超市连锁,主板,19940204
600828.SH,600828.0,茂业商业,四川,百货,主板,19940224
600829.SH,600829.0,人民同泰,黑龙江,医药商业,主板,19940224
600830.SH,600830.0,香溢融通,浙江,多元金融,主板,19940224
600831.SH,600831.0,广电网络,陕西,影视音像,主板,19940224
600833.SH,600833.0,第一医药,上海,医药商业,主板,19940224
600834.SH,600834.0,申通地铁,上海,公共交通,主板,19940224
600835.SH,600835.0,上海机电,上海,运输设备,主板,19940224
600838.SH,600838.0,上海九百,上海,百货,主板,19940224
600839.SH,600839.0,四川长虹,四川,家用电器,主板,19940311
600841.SH,600841.0,动力新科,上海,汽车配件,主板,19940311
600843.SH,600843.0,上工申贝,上海,纺织机械,主板,19940311
600844.SH,600844.0,金煤科技,内蒙,化工原料,主板,19940311
600845.SH,600845.0,宝信软件,上海,软件服务,主板,19940311
600846.SH,600846.0,同济科技,上海,建筑工程,主板,19940311
600847.SH,600847.0,万里股份,重庆,电气设备,主板,19940324
600848.SH,600848.0,上海临港,上海,园区开发,主板,19940324
600850.SH,600850.0,电科数字,上海,软件服务,主板,19940324
600851.SH,600851.0,海欣股份,上海,化学制药,主板,19940404
600853.SH,600853.0,龙建股份,黑龙江,建筑工程,主板,19940404
600854.SH,600854.0,春兰股份,江苏,家用电器,主板,19940425
600855.SH,600855.0,航天长峰,北京,专用机械,主板,19940425
600857.SH,600857.0,宁波中百,浙江,百货,主板,19940425
600858.SH,600858.0,银座股份,山东,百货,主板,19940506
600859.SH,600859.0,王府井,北京,百货,主板,19940506
600860.SH,600860.0,京城股份,北京,专用机械,主板,19940506
600861.SH,600861.0,北京人力,北京,文教休闲,主板,19940520
600862.SH,600862.0,中航高科,江苏,航空,主板,19940520
600863.SH,600863.0,华能蒙电,内蒙,火力发电,主板,19940520
600864.SH,600864.0,哈投股份,黑龙江,证券,主板,19940809
600865.SH,600865.0,百大集团,浙江,百货,主板,19940809
600866.SH,600866.0,星湖科技,广东,饲料,主板,19940818
600867.SH,600867.0,通化东宝,吉林,生物制药,主板,19940824
600868.SH,600868.0,梅雁吉祥,广东,水力发电,主板,19940912
600869.SH,600869.0,远东股份,青海,电气设备,主板,19950206
600871.SH,600871.0,石化油服,北京,石油开采,主板,19950411
600872.SH,600872.0,中炬高新,广东,食品,主板,19950124
600873.SH,600873.0,梅花生物,西藏,食品,主板,19950217
600874.SH,600874.0,创业环保,天津,环境保护,主板,19950630
600875.SH,600875.0,东方电气,四川,电气设备,主板,19951010
600876.SH,600876.0,凯盛新能,河南,玻璃,主板,19951031
600877.SH,600877.0,电科芯片,重庆,半导体,主板,19951013
600879.SH,600879.0,航天电子,湖北,航空,主板,19951115
600880.SH,600880.0,博瑞传播,四川,广告包装,主板,19951115
600881.SH,600881.0,亚泰集团,吉林,综合类,主板,19951115
600882.SH,600882.0,妙可蓝多,上海,乳制品,主板,19951206
600883.SH,600883.0,博闻科技,云南,种植业,主板,19951208
600884.SH,600884.0,杉杉股份,浙江,电气设备,主板,19960130
600885.SH,600885.0,宏发股份,湖北,电气设备,主板,19960205
600886.SH,600886.0,国投电力,北京,水力发电,主板,19960118
600887.SH,600887.0,伊利股份,内蒙,乳制品,主板,19960312
600888.SH,600888.0,新疆众和,新疆,铝,主板,19960215
600889.SH,600889.0,*ST京化,江苏,机械基件,主板,19960308
600892.SH,600892.0,大晟文化,深圳,互联网,主板,19960315
600893.SH,600893.0,航发动力,陕西,航空,主板,19960408
600894.SH,600894.0,广日股份,广东,运输设备,主板,19960328
600895.SH,600895.0,张江高科,上海,园区开发,主板,19960422
600897.SH,600897.0,厦门空港,福建,机场,主板,19960531
600900.SH,600900.0,长江电力,北京,水力发电,主板,20031118
600901.SH,600901.0,江苏金租,江苏,多元金融,主板,20180301
600903.SH,600903.0,贵州燃气,贵州,供气供热,主板,20171107
600905.SH,600905.0,三峡能源,北京,新型电力,主板,20210610
600906.SH,600906.0,财达证券,河北,证券,主板,20210507
600908.SH,600908.0,无锡银行,江苏,银行,主板,20160923
600909.SH,600909.0,华安证券,安徽,证券,主板,20161206
600916.SH,600916.0,中国黄金,北京,服饰,主板,20210205
600917.SH,600917.0,重庆燃气,重庆,供气供热,主板,20140930
600918.SH,600918.0,中泰证券,山东,证券,主板,20200603
600919.SH,600919.0,江苏银行,江苏,银行,主板,20160802
600925.SH,600925.0,苏能股份,江苏,煤炭开采,主板,20230329
600926.SH,600926.0,杭州银行,浙江,银行,主板,20161027
600927.SH,600927.0,永安期货,浙江,多元金融,主板,20211223
600928.SH,600928.0,西安银行,陕西,银行,主板,20190301
600929.SH,600929.0,雪天盐业,湖南,食品,主板,20180326
600930.SH,600930.0,华电新能,福建,新型电力,主板,20250716
600933.SH,600933.0,爱柯迪,浙江,汽车配件,主板,20171117
600935.SH,600935.0,华塑股份,安徽,化工原料,主板,20211126
600936.SH,600936.0,北投科技,广西,软件服务,主板,20160815
600938.SH,600938.0,中国海油,北京,石油开采,主板,20220421
600939.SH,600939.0,重庆建工,重庆,建筑工程,主板,20170221
600941.SH,600941.0,中国移动,北京,电信运营,主板,20220105
600955.SH,600955.0,维远股份,山东,化工原料,主板,20210915
600956.SH,600956.0,新天绿能,河北,供气供热,主板,20200629
600958.SH,600958.0,东方证券,上海,证券,主板,20150323
600959.SH,600959.0,江苏有线,江苏,影视音像,主板,20150428
600960.SH,600960.0,渤海汽车,山东,汽车配件,主板,20040407
600961.SH,600961.0,株冶集团,湖南,铅锌,主板,20040830
600962.SH,600962.0,国投中鲁,北京,软饮料,主板,20040622
600963.SH,600963.0,岳阳林纸,湖南,造纸,主板,20040525
600965.SH,600965.0,*ST福成,河北,农业综合,主板,20040713
600966.SH,600966.0,博汇纸业,山东,造纸,主板,20040608
600967.SH,600967.0,内蒙一机,内蒙,运输设备,主板,20040518
600968.SH,600968.0,海油发展,北京,石油开采,主板,20190626
600969.SH,600969.0,郴电国际,湖南,水力发电,主板,20040408
600970.SH,600970.0,中材国际,江苏,建筑工程,主板,20050412
600971.SH,600971.0,恒源煤电,安徽,煤炭开采,主板,20040817
600973.SH,600973.0,宝胜股份,江苏,电气设备,主板,20040802
600975.SH,600975.0,新五丰,湖南,农业综合,主板,20040609
600976.SH,600976.0,健民集团,湖北,中成药,主板,20040419
600977.SH,600977.0,中国电影,北京,影视音像,主板,20160809
600979.SH,600979.0,广安爱众,四川,水力发电,主板,20040906
600980.SH,600980.0,北矿科技,北京,专用机械,主板,20040512
600981.SH,600981.0,苏豪汇鸿,江苏,商贸代理,主板,20040630
600982.SH,600982.0,宁波能源,浙江,供气供热,主板,20040706
600983.SH,600983.0,惠而浦,安徽,家用电器,主板,20040727
600984.SH,600984.0,建设机械,陕西,工程机械,主板,20040707
600985.SH,600985.0,淮北矿业,安徽,煤炭开采,主板,20040428
600986.SH,600986.0,浙文互联,浙江,互联网,主板,20040426
600987.SH,600987.0,航民股份,浙江,纺织,主板,20040809
600988.SH,600988.0,赤峰黄金,内蒙,黄金,主板,20040414
600989.SH,600989.0,宝丰能源,宁夏,化工原料,主板,20190516
600990.SH,600990.0,四创电子,安徽,通信设备,主板,20040510
600992.SH,600992.0,贵绳股份,贵州,钢加工,主板,20040514
600993.SH,600993.0,马应龙,湖北,中成药,主板,20040517
600995.SH,600995.0,南网储能,云南,水力发电,主板,20040615
600996.SH,600996.0,贵广网络,贵州,影视音像,主板,20161226
600997.SH,600997.0,开滦股份,河北,焦炭加工,主板,20040602
600998.SH,600998.0,九州通,湖北,医药商业,主板,20101102
600999.SH,600999.0,招商证券,深圳,证券,主板,20091117
601000.SH,601000.0,唐山港,河北,港口,主板,20100705
601001.SH,601001.0,晋控煤业,山西,煤炭开采,主板,20060623
601002.SH,601002.0,晋亿实业,浙江,机械基件,主板,20070126
601003.SH,601003.0,柳钢股份,广西,普钢,主板,20070227
601005.SH,601005.0,重庆钢铁,重庆,普钢,主板,20070228
601006.SH,601006.0,大秦铁路,山西,铁路,主板,20060801
601007.SH,601007.0,金陵饭店,江苏,酒店餐饮,主板,20070406
601008.SH,601008.0,连云港,江苏,港口,主板,20070426
601009.SH,601009.0,南京银行,江苏,银行,主板,20070719
601010.SH,601010.0,ST文峰,江苏,百货,主板,20110603
601011.SH,601011.0,宝泰隆,黑龙江,焦炭加工,主板,20110309
601012.SH,601012.0,隆基绿能,陕西,电气设备,主板,20120411
601015.SH,601015.0,陕西黑猫,陕西,焦炭加工,主板,20141105
601016.SH,601016.0,节能风电,北京,新型电力,主板,20140929
601018.SH,601018.0,宁波港,浙江,港口,主板,20100928
601019.SH,601019.0,山东出版,山东,出版业,主板,20171122
601020.SH,601020.0,华钰矿业,西藏,铅锌,主板,20160316
601021.SH,601021.0,春秋航空,上海,空运,主板,20150121
601022.SH,601022.0,宁波远洋,浙江,水运,主板,20221208
601026.SH,601026.0,道生天合,上海,电气设备,主板,20251017
601033.SH,601033.0,永兴股份,广东,环境保护,主板,20240118
601038.SH,601038.0,一拖股份,河南,农用机械,主板,20120808
601058.SH,601058.0,赛轮轮胎,山东,汽车配件,主板,20110630
601059.SH,601059.0,信达证券,北京,证券,主板,20230201
601061.SH,601061.0,中信金属,北京,商贸代理,主板,20230410
601065.SH,601065.0,江盐集团,江西,化工原料,主板,20230410
601066.SH,601066.0,中信建投,北京,证券,主板,20180620
601068.SH,601068.0,中铝国际,北京,建筑工程,主板,20180831
601069.SH,601069.0,西部黄金,新疆,黄金,主板,20150122
601077.SH,601077.0,渝农商行,重庆,银行,主板,20191029
601083.SH,601083.0,锦江航运,上海,水运,主板,20231205
601086.SH,601086.0,国芳集团,甘肃,百货,主板,20170929
601088.SH,601088.0,中国神华,北京,煤炭开采,主板,20071009
601089.SH,601089.0,福元医药,北京,化学制药,主板,20220630
601096.SH,601096.0,宏盛华源,山东,钢加工,主板,20231222
601098.SH,601098.0,中南传媒,湖南,出版业,主板,20101028
601099.SH,601099.0,太平洋,云南,证券,主板,20071228
601100.SH,601100.0,恒立液压,江苏,工程机械,主板,20111028
601101.SH,601101.0,昊华能源,北京,煤炭开采,主板,20100331
601106.SH,601106.0,中国一重,黑龙江,工程机械,主板,20100209
601107.SH,601107.0,四川成渝,四川,路桥,主板,20090727
601108.SH,601108.0,财通证券,浙江,证券,主板,20171024
601111.SH,601111.0,中国国航,北京,空运,主板,20060818
601113.SH,601113.0,华鼎股份,浙江,化纤,主板,20110509
601116.SH,601116.0,三江购物,浙江,超市连锁,主板,20110302
601117.SH,601117.0,中国化学,北京,建筑工程,主板,20100107
601118.SH,601118.0,海南橡胶,海南,橡胶,主板,20110107
601121.SH,601121.0,宝地矿业,新疆,普钢,主板,20230310
601126.SH,601126.0,四方股份,北京,电气设备,主板,20101231
601127.SH,601127.0,赛力斯,重庆,汽车整车,主板,20160615
601128.SH,601128.0,常熟银行,江苏,银行,主板,20160930
601133.SH,601133.0,柏诚股份,江苏,建筑工程,主板,20230410
601136.SH,601136.0,首创证券,北京,证券,主板,20221222
601137.SH,601137.0,博威合金,浙江,小金属,主板,20110127
601138.SH,601138.0,工业富联,深圳,通信设备,主板,20180608
601139.SH,601139.0,深圳燃气,深圳,供气供热,主板,20091225
601155.SH,601155.0,新城控股,江苏,区域地产,主板,20151204
601156.SH,601156.0,东航物流,上海,仓储物流,主板,20210609
601158.SH,601158.0,重庆水务,重庆,水务,主板,20100329
601162.SH,601162.0,天风证券,湖北,证券,主板,20181019
601163.SH,601163.0,三角轮胎,山东,汽车配件,主板,20160909
601166.SH,601166.0,兴业银行,福建,银行,主板,20070205
601168.SH,601168.0,西部矿业,青海,铜,主板,20070712
601169.SH,601169.0,北京银行,北京,银行,主板,20070919
601177.SH,601177.0,杭齿前进,浙江,机械基件,主板,20101011
601179.SH,601179.0,中国西电,陕西,电气设备,主板,20100128
601186.SH,601186.0,中国铁建,北京,建筑工程,主板,20080310
601187.SH,601187.0,厦门银行,福建,银行,主板,20201027
601188.SH,601188.0,龙江交通,黑龙江,路桥,主板,20100319
601198.SH,601198.0,东兴证券,北京,证券,主板,20150226
601199.SH,601199.0,江南水务,江苏,水务,主板,20110317
601200.SH,601200.0,上海环境,上海,环境保护,主板,20170331
601208.SH,601208.0,东材科技,四川,化工原料,主板,20110520
601211.SH,601211.0,国泰海通,上海,证券,主板,20150626
601212.SH,601212.0,白银有色,甘肃,铜,主板,20170215
601216.SH,601216.0,君正集团,内蒙,化工原料,主板,20110222
601218.SH,601218.0,吉鑫科技,江苏,电气设备,主板,20110506
601222.SH,601222.0,林洋能源,江苏,新型电力,主板,20110808
601225.SH,601225.0,陕西煤业,陕西,煤炭开采,主板,20140128
601226.SH,601226.0,华电科工,北京,建筑工程,主板,20141211
601228.SH,601228.0,广州港,广东,港口,主板,20170329
601229.SH,601229.0,上海银行,上海,银行,主板,20161116
601231.SH,601231.0,环旭电子,上海,元器件,主板,20120220
601233.SH,601233.0,桐昆股份,浙江,化纤,主板,20110518
601236.SH,601236.0,红塔证券,云南,证券,主板,20190705
601238.SH,601238.0,广汽集团,广东,汽车整车,主板,20120329
601279.SH,601279.0,英利汽车,吉林,汽车配件,主板,20210415
601288.SH,601288.0,农业银行,北京,银行,主板,20100715
601298.SH,601298.0,青岛港,山东,港口,主板,20190121
601311.SH,601311.0,骆驼股份,湖北,电气设备,主板,20110602
601318.SH,601318.0,中国平安,深圳,保险,主板,20070301
601319.SH,601319.0,中国人保,北京,保险,主板,20181116
601326.SH,601326.0,秦港股份,河北,港口,主板,20170816
601328.SH,601328.0,交通银行,上海,银行,主板,20070515
601330.SH,601330.0,绿色动力,深圳,环境保护,主板,20180611
601333.SH,601333.0,广深铁路,深圳,铁路,主板,20061222
601336.SH,601336.0,新华保险,北京,保险,主板,20111216
601339.SH,601339.0,百隆东方,浙江,纺织,主板,20120612
601360.SH,601360.0,三六零,天津,互联网,主板,20120116
601366.SH,601366.0,利群股份,山东,百货,主板,20170412
601368.SH,601368.0,绿城水务,广西,水务,主板,20150612
601369.SH,601369.0,陕鼓动力,陕西,机械基件,主板,20100428
601375.SH,601375.0,中原证券,河南,证券,主板,20170103
601377.SH,601377.0,兴业证券,福建,证券,主板,20101013
601388.SH,601388.0,怡球资源,江苏,铝,主板,20120423
601390.SH,601390.0,中国中铁,北京,建筑工程,主板,20071203
601398.SH,601398.0,工商银行,北京,银行,主板,20061027
601399.SH,601399.0,国机重装,四川,工程机械,主板,20200608
601456.SH,601456.0,国联民生,江苏,证券,主板,20200731
601500.SH,601500.0,通用股份,江苏,汽车配件,主板,20160919
601512.SH,601512.0,中新集团,江苏,园区开发,主板,20191220
601515.SH,601515.0,衢州东峰,浙江,广告包装,主板,20120216
601518.SH,601518.0,吉林高速,吉林,路桥,主板,20100319
601519.SH,601519.0,大智慧,上海,软件服务,主板,20110128
601528.SH,601528.0,瑞丰银行,浙江,银行,主板,20210625
601555.SH,601555.0,东吴证券,江苏,证券,主板,20111212
601566.SH,601566.0,九牧王,福建,服饰,主板,20110530
601567.SH,601567.0,三星电气,浙江,电气设备,主板,20110615
601568.SH,601568.0,北元化工,陕西,化工原料,主板,20201020
601577.SH,601577.0,长沙银行,湖南,银行,主板,20180926
601579.SH,601579.0,会稽山,浙江,红黄酒,主板,20140825
601588.SH,601588.0,北辰实业,北京,区域地产,主板,20061016
601595.SH,601595.0,上海电影,上海,影视音像,主板,20160817
601598.SH,601598.0,中国外运,北京,仓储物流,主板,20190118
601599.SH,601599.0,浙文影业,浙江,纺织,主板,20110527
601600.SH,601600.0,中国铝业,北京,铝,主板,20070430
601601.SH,601601.0,中国太保,上海,保险,主板,20071225
601606.SH,601606.0,长城军工,安徽,专用机械,主板,20180806
601607.SH,601607.0,上海医药,上海,医药商业,主板,19940324
601608.SH,601608.0,中信重工,河南,专用机械,主板,20120706
601609.SH,601609.0,金田股份,浙江,铜,主板,20200422
601611.SH,601611.0,中国核建,上海,建筑工程,主板,20160606
601615.SH,601615.0,明阳智能,广东,电气设备,主板,20190123
601616.SH,601616.0,广电电气,上海,电气设备,主板,20110201
601618.SH,601618.0,中国中冶,北京,建筑工程,主板,20090921
601619.SH,601619.0,嘉泽新能,宁夏,新型电力,主板,20170720
601628.SH,601628.0,中国人寿,北京,保险,主板,20070109
601633.SH,601633.0,长城汽车,河北,汽车整车,主板,20110928
601636.SH,601636.0,旗滨集团,湖南,玻璃,主板,20110812
601658.SH,601658.0,邮储银行,北京,银行,主板,20191210
601665.SH,601665.0,齐鲁银行,山东,银行,主板,20210618
601666.SH,601666.0,平煤股份,河南,煤炭开采,主板,20061123
601668.SH,601668.0,中国建筑,北京,建筑工程,主板,20090729
601669.SH,601669.0,中国电建,北京,建筑工程,主板,20111018
601677.SH,601677.0,明泰铝业,河南,铝,主板,20110919
601678.SH,601678.0,滨化股份,山东,化工原料,主板,20100223
601686.SH,601686.0,友发集团,天津,钢加工,主板,20201204
601688.SH,601688.0,华泰证券,江苏,证券,主板,20100226
601689.SH,601689.0,拓普集团,浙江,汽车配件,主板,20150319
601696.SH,601696.0,中银证券,上海,证券,主板,20200226
601698.SH,601698.0,中国卫通,北京,电信运营,主板,20190628
601699.SH,601699.0,潞安环能,山西,煤炭开采,主板,20060922
601700.SH,601700.0,风范股份,江苏,电气设备,主板,20110118
601702.SH,601702.0,华峰铝业,上海,铝,主板,20200907
601717.SH,601717.0,中创智领,河南,专用机械,主板,20100803
601718.SH,601718.0,ST际华,北京,服饰,主板,20100816
601727.SH,601727.0,上海电气,上海,电气设备,主板,20081205
601728.SH,601728.0,中国电信,北京,电信运营,主板,20210820
601766.SH,601766.0,中国中车,北京,运输设备,主板,20080818
601777.SH,601777.0,千里科技,重庆,摩托车,主板,20101125
601778.SH,601778.0,晶科科技,江西,新型电力,主板,20200519
601788.SH,601788.0,光大证券,上海,证券,主板,20090818
601789.SH,601789.0,宁波建工,浙江,建筑工程,主板,20110816
601798.SH,601798.0,蓝科高新,甘肃,化工机械,主板,20110622
601799.SH,601799.0,星宇股份,江苏,汽车配件,主板,20110201
601800.SH,601800.0,中国交建,北京,建筑工程,主板,20120309
601801.SH,601801.0,皖新传媒,安徽,出版业,主板,20100118
601808.SH,601808.0,中海油服,天津,石油开采,主板,20070928
601811.SH,601811.0,新华文轩,四川,出版业,主板,20160808
601816.SH,601816.0,京沪高铁,北京,铁路,主板,20200116
601818.SH,601818.0,光大银行,北京,银行,主板,20100818
601825.SH,601825.0,沪农商行,上海,银行,主板,20210819
601827.SH,601827.0,三峰环境,重庆,环境保护,主板,20200605
601828.SH,601828.0,美凯龙,上海,其他商业,主板,20180117
601838.SH,601838.0,成都银行,四川,银行,主板,20180131
601857.SH,601857.0,中国石油,北京,石油开采,主板,20071105
601858.SH,601858.0,中国科传,北京,出版业,主板,20170118
601860.SH,601860.0,紫金银行,江苏,银行,主板,20190103
601865.SH,601865.0,福莱特,浙江,玻璃,主板,20190215
601866.SH,601866.0,中远海发,上海,水运,主板,20071212
601868.SH,601868.0,中国能建,北京,建筑工程,主板,20210928
601869.SH,601869.0,长飞光纤,湖北,通信设备,主板,20180720
601872.SH,601872.0,招商轮船,上海,水运,主板,20061201
601877.SH,601877.0,正泰电器,浙江,电气设备,主板,20100121
601878.SH,601878.0,浙商证券,浙江,证券,主板,20170626
601880.SH,601880.0,辽港股份,辽宁,港口,主板,20101206
601881.SH,601881.0,中国银河,北京,证券,主板,20170123
601882.SH,601882.0,海天精工,浙江,机床制造,主板,20161107
601886.SH,601886.0,江河集团,北京,装修装饰,主板,20110818
601888.SH,601888.0,中国中免,北京,旅游服务,主板,20091015
601890.SH,601890.0,亚星锚链,江苏,船舶,主板,20101228
601898.SH,601898.0,中煤能源,北京,煤炭开采,主板,20080201
601899.SH,601899.0,紫金矿业,福建,铜,主板,20080425
601900.SH,601900.0,南方传媒,广东,出版业,主板,20160215
601901.SH,601901.0,方正证券,湖南,证券,主板,20110810
601908.SH,601908.0,京运通,北京,电气设备,主板,20110908
601916.SH,601916.0,浙商银行,浙江,银行,主板,20191126
601918.SH,601918.0,新集能源,安徽,煤炭开采,主板,20071219
601919.SH,601919.0,中远海控,天津,水运,主板,20070626
601921.SH,601921.0,浙版传媒,浙江,出版业,主板,20210723
601928.SH,601928.0,凤凰传媒,江苏,出版业,主板,20111130
601929.SH,601929.0,吉视传媒,吉林,影视音像,主板,20120223
601933.SH,601933.0,永辉超市,福建,超市连锁,主板,20101215
601939.SH,601939.0,建设银行,北京,银行,主板,20070925
601949.SH,601949.0,中国出版,北京,出版业,主板,20170821
601952.SH,601952.0,苏垦农发,江苏,种植业,主板,20170515
601956.SH,601956.0,东贝集团,湖北,家用电器,主板,20201225
601958.SH,601958.0,金钼股份,陕西,小金属,主板,20080417
601963.SH,601963.0,重庆银行,重庆,银行,主板,20210205
601965.SH,601965.0,中国汽研,重庆,汽车服务,主板,20120611
601966.SH,601966.0,玲珑轮胎,山东,汽车配件,主板,20160706
601968.SH,601968.0,宝钢包装,上海,广告包装,主板,20150611
601969.SH,601969.0,海南矿业,海南,普钢,主板,20141209
601975.SH,601975.0,招商南油,江苏,水运,主板,20190108
601985.SH,601985.0,中国核电,北京,新型电力,主板,20150610
601988.SH,601988.0,中国银行,北京,银行,主板,20060705
601990.SH,601990.0,南京证券,江苏,证券,主板,20180613
601991.SH,601991.0,大唐发电,北京,火力发电,主板,20061220
601992.SH,601992.0,金隅集团,北京,水泥,主板,20110301
601995.SH,601995.0,中金公司,北京,证券,主板,20201102
601996.SH,601996.0,丰林集团,广西,家居用品,主板,20110929
601997.SH,601997.0,贵阳银行,贵州,银行,主板,20160816
601998.SH,601998.0,中信银行,北京,银行,主板,20070427
601999.SH,601999.0,出版传媒,辽宁,出版业,主板,20071221
603000.SH,603000.0,人民网,北京,互联网,主板,20120427
603001.SH,603001.0,奥康国际,浙江,服饰,主板,20120426
603002.SH,603002.0,宏昌电子,广东,化工原料,主板,20120518
603004.SH,603004.0,鼎龙科技,浙江,化工原料,主板,20231227
603005.SH,603005.0,晶方科技,江苏,半导体,主板,20140210
603006.SH,603006.0,联明股份,上海,汽车配件,主板,20140630
603007.SH,603007.0,顺景科技,江苏,建筑工程,主板,20160826
603008.SH,603008.0,ST喜临门,浙江,家居用品,主板,20120717
603009.SH,603009.0,北特科技,上海,汽车配件,主板,20140718
603010.SH,603010.0,万盛股份,浙江,化工原料,主板,20141010
603011.SH,603011.0,合锻智能,安徽,专用机械,主板,20141107
603012.SH,603012.0,创力集团,上海,专用机械,主板,20150320
603013.SH,603013.0,亚普股份,江苏,汽车配件,主板,20180509
603014.SH,603014.0,威高血净,山东,医疗保健,主板,20250519
603015.SH,603015.0,弘讯科技,浙江,电气设备,主板,20150303
603016.SH,603016.0,新宏泰,江苏,电气设备,主板,20160701
603017.SH,603017.0,中衡设计,江苏,建筑工程,主板,20141231
603018.SH,603018.0,华设集团,江苏,建筑工程,主板,20141013
603019.SH,603019.0,中科曙光,天津,IT设备,主板,20141106
603020.SH,603020.0,爱普股份,上海,食品,主板,20150325
603021.SH,603021.0,*ST华鹏,山东,家居用品,主板,20150423
603022.SH,603022.0,新通联,上海,广告包装,主板,20150518
603023.SH,603023.0,威帝股份,黑龙江,汽车配件,主板,20150527
603025.SH,603025.0,大豪科技,北京,纺织机械,主板,20150422
603026.SH,603026.0,石大胜华,山东,化工原料,主板,20150529
603027.SH,603027.0,千禾味业,四川,食品,主板,20160307
603028.SH,603028.0,赛福天,江苏,钢加工,主板,20160331
603029.SH,603029.0,天鹅股份,山东,农用机械,主板,20160427
603030.SH,603030.0,全筑股份,上海,装修装饰,主板,20150320
603031.SH,603031.0,安孚科技,安徽,电气设备,主板,20160822
603032.SH,603032.0,德新科技,新疆,专用机械,主板,20170105
603033.SH,603033.0,三维股份,浙江,橡胶,主板,20161207
603035.SH,603035.0,常熟汽饰,江苏,汽车配件,主板,20170105
603036.SH,603036.0,如通股份,江苏,专用机械,主板,20161209
603037.SH,603037.0,凯众股份,上海,汽车配件,主板,20170120
603038.SH,603038.0,华立股份,广东,家居用品,主板,20170116
603039.SH,603039.0,泛微网络,上海,软件服务,主板,20170113
603040.SH,603040.0,新坐标,浙江,汽车配件,主板,20170209
603041.SH,603041.0,美思德,江苏,化工原料,主板,20170330
603042.SH,603042.0,华脉科技,江苏,通信设备,主板,20170602
603043.SH,603043.0,广州酒家,广东,食品,主板,20170627
603045.SH,603045.0,福达合金,浙江,小金属,主板,20180517
603048.SH,603048.0,浙江黎明,浙江,汽车配件,主板,20211116
603049.SH,603049.0,中策橡胶,浙江,汽车配件,主板,20250605
603050.SH,603050.0,科林电气,河北,电气设备,主板,20170414
603051.SH,603051.0,鹿山新材,广东,塑料,主板,20220325
603052.SH,603052.0,可川科技,江苏,元器件,主板,20221011
603053.SH,603053.0,成都燃气,四川,供气供热,主板,20191217
603055.SH,603055.0,台华新材,浙江,纺织,主板,20170921
603057.SH,603057.0,紫燕食品,上海,食品,主板,20220926
603058.SH,603058.0,永吉股份,贵州,广告包装,主板,20161223
603059.SH,603059.0,倍加洁,江苏,日用化工,主板,20180302
603060.SH,603060.0,国检集团,北京,建筑工程,主板,20161109
603061.SH,603061.0,金海通,天津,半导体,主板,20230303
603062.SH,603062.0,麦加芯彩,上海,染料涂料,主板,20231107
603063.SH,603063.0,禾望电气,深圳,电气设备,主板,20170728
603065.SH,603065.0,宿迁联盛,江苏,化工原料,主板,20230321
603066.SH,603066.0,音飞储存,江苏,仓储物流,主板,20150611
603067.SH,603067.0,振华股份,湖北,化工原料,主板,20160913
603068.SH,603068.0,博通集成,上海,半导体,主板,20190415
603069.SH,603069.0,海汽集团,海南,公共交通,主板,20160712
603070.SH,603070.0,万控智造,浙江,电气设备,主板,20220310
603071.SH,603071.0,物产环能,浙江,批发业,主板,20211216
603072.SH,603072.0,天和磁材,内蒙,矿物制品,主板,20250103
603073.SH,603073.0,彩蝶实业,浙江,纺织,主板,20230316
603075.SH,603075.0,热威股份,浙江,家用电器,主板,20230911
603076.SH,603076.0,乐惠国际,浙江,专用机械,主板,20171113
603077.SH,603077.0,和邦生物,四川,化工原料,主板,20120731
603078.SH,603078.0,江化微,江苏,半导体,主板,20170410
603079.SH,603079.0,圣达生物,浙江,食品,主板,20170823
603080.SH,603080.0,新疆火炬,新疆,供气供热,主板,20180103
603081.SH,603081.0,大丰实业,浙江,专用机械,主板,20170420
603082.SH,603082.0,北自科技,北京,运输设备,主板,20240130
603083.SH,603083.0,剑桥科技,上海,通信设备,主板,20171110
603085.SH,603085.0,天成自控,浙江,汽车配件,主板,20150630
603086.SH,603086.0,先达股份,山东,农药化肥,主板,20170511
603087.SH,603087.0,甘李药业,北京,生物制药,主板,20200629
603088.SH,603088.0,宁波精达,浙江,机床制造,主板,20141111
603089.SH,603089.0,正裕工业,浙江,汽车配件,主板,20170126
603090.SH,603090.0,宏盛股份,江苏,专用机械,主板,20160831
603091.SH,603091.0,众鑫股份,浙江,家居用品,主板,20240920
603092.SH,603092.0,德力佳,江苏,机械基件,主板,20251107
603093.SH,603093.0,南华期货,浙江,多元金融,主板,20190830
603095.SH,603095.0,越剑智能,浙江,纺织机械,主板,20200415
603096.SH,603096.0,新经典,天津,出版业,主板,20170425
603097.SH,603097.0,江苏华辰,江苏,电气设备,主板,20220512
603098.SH,603098.0,森特股份,北京,装修装饰,主板,20161216
603099.SH,603099.0,长白山,吉林,旅游景点,主板,20140822
603100.SH,603100.0,川仪股份,重庆,电器仪表,主板,20140805
603101.SH,603101.0,汇嘉时代,新疆,百货,主板,20160506
603102.SH,603102.0,百合股份,山东,医疗保健,主板,20220125
603103.SH,603103.0,横店影视,浙江,影视音像,主板,20171012
603105.SH,603105.0,芯能科技,浙江,电气设备,主板,20180709
603106.SH,603106.0,恒银科技,天津,IT设备,主板,20170920
603107.SH,603107.0,上海汽配,上海,汽车配件,主板,20231101
603108.SH,603108.0,润达医疗,上海,医药商业,主板,20150527
603109.SH,603109.0,神驰机电,重庆,电气设备,主板,20191231
603110.SH,603110.0,东方材料,安徽,染料涂料,主板,20171013
603111.SH,603111.0,康尼机电,江苏,运输设备,主板,20140801
603112.SH,603112.0,华翔股份,山西,机械基件,主板,20200917
603113.SH,603113.0,金能科技,山东,化工原料,主板,20170511
603115.SH,603115.0,海星股份,江苏,铝,主板,20190809
603116.SH,603116.0,红蜻蜓,浙江,服饰,主板,20150629
603117.SH,603117.0,万林物流,江苏,仓储物流,主板,20150629
603118.SH,603118.0,共进股份,深圳,通信设备,主板,20150225
603119.SH,603119.0,浙江荣泰,浙江,汽车配件,主板,20230801
603120.SH,603120.0,肯特催化,浙江,化工原料,主板,20250416
603121.SH,603121.0,华培动力,上海,汽车配件,主板,20190111
603122.SH,603122.0,合富中国,上海,医药商业,主板,20220216
603123.SH,603123.0,翠微股份,北京,多元金融,主板,20120503
603124.SH,603124.0,江南新材,江西,铜,主板,20250320
603125.SH,603125.0,常青科技,江苏,化工原料,主板,20230410
603126.SH,603126.0,中材节能,天津,环境保护,主板,20140731
603127.SH,603127.0,昭衍新药,北京,医疗保健,主板,20170825
603128.SH,603128.0,华贸物流,上海,仓储物流,主板,20120529
603129.SH,603129.0,春风动力,浙江,摩托车,主板,20170818
603130.SH,603130.0,云中马,浙江,纺织,主板,20221118
603131.SH,603131.0,上海沪工,上海,专用机械,主板,20160607
603132.SH,603132.0,金徽股份,甘肃,铅锌,主板,20220222
603135.SH,603135.0,中重科技,天津,专用机械,主板,20230410
603136.SH,603136.0,天目湖,江苏,旅游景点,主板,20170927
603137.SH,603137.0,恒尚节能,江苏,装修装饰,主板,20230419
603138.SH,603138.0,海量数据,北京,软件服务,主板,20170306
603139.SH,603139.0,康惠股份,陕西,中成药,主板,20170421
603150.SH,603150.0,万朗磁塑,安徽,塑料,主板,20220124
603151.SH,603151.0,邦基科技,山东,饲料,主板,20221019
603153.SH,603153.0,上海建科,上海,建筑工程,主板,20230313
603155.SH,603155.0,新亚强,江苏,化工原料,主板,20200901
603156.SH,603156.0,养元饮品,河北,软饮料,主板,20180212
603158.SH,603158.0,腾龙股份,江苏,汽车配件,主板,20150320
603159.SH,603159.0,上海亚虹,上海,专用机械,主板,20160812
603160.SH,603160.0,汇顶科技,深圳,半导体,主板,20161017
603161.SH,603161.0,科华控股,江苏,汽车配件,主板,20180105
603162.SH,603162.0,海通发展,福建,水运,主板,20230329
603163.SH,603163.0,圣晖集成,江苏,建筑工程,主板,20221013
603165.SH,603165.0,荣晟环保,浙江,造纸,主板,20170117
603166.SH,603166.0,福达股份,广西,汽车配件,主板,20141127
603167.SH,603167.0,渤海轮渡,山东,水运,主板,20120906
603168.SH,603168.0,莎普爱思,浙江,化学制药,主板,20140702
603169.SH,603169.0,兰石重装,甘肃,专用机械,主板,20141009
603170.SH,603170.0,宝立食品,上海,食品,主板,20220715
603171.SH,603171.0,税友股份,浙江,软件服务,主板,20210630
603172.SH,603172.0,万丰股份,浙江,染料涂料,主板,20230510
603173.SH,603173.0,福斯达,浙江,机械基件,主板,20230130
603175.SH,603175.0,超颖电子,湖北,元器件,主板,20251024
603176.SH,603176.0,汇通集团,河北,建筑工程,主板,20211231
603177.SH,603177.0,德创环保,浙江,环境保护,主板,20170207
603178.SH,603178.0,圣龙股份,浙江,汽车配件,主板,20170328
603179.SH,603179.0,新泉股份,江苏,汽车配件,主板,20170317
603180.SH,603180.0,金牌家居,福建,家居用品,主板,20170512
603181.SH,603181.0,皇马科技,浙江,化工原料,主板,20170824
603182.SH,603182.0,嘉华股份,山东,食品,主板,20220909
603183.SH,603183.0,建研院,江苏,建筑工程,主板,20170905
603185.SH,603185.0,弘元绿能,江苏,电气设备,主板,20181228
603186.SH,603186.0,华正新材,浙江,元器件,主板,20170103
603187.SH,603187.0,海容冷链,山东,机械基件,主板,20181129
603188.SH,603188.0,亚邦股份,江苏,染料涂料,主板,20140909
603189.SH,603189.0,*ST网达,上海,软件服务,主板,20160914
603190.SH,603190.0,亚通精工,山东,汽车配件,主板,20230217
603191.SH,603191.0,望变电气,重庆,电气设备,主板,20220428
603192.SH,603192.0,汇得科技,上海,化工原料,主板,20180828
603193.SH,603193.0,润本股份,广东,日用化工,主板,20231017
603194.SH,603194.0,中力股份,浙江,工程机械,主板,20241224
603195.SH,603195.0,公牛集团,浙江,家用电器,主板,20200206
603196.SH,603196.0,璞源材料,上海,服饰,主板,20170531
603197.SH,603197.0,保隆科技,上海,汽车配件,主板,20170519
603198.SH,603198.0,迎驾贡酒,安徽,白酒,主板,20150528
603199.SH,603199.0,九华旅游,安徽,旅游景点,主板,20150326
603200.SH,603200.0,上海洗霸,上海,环境保护,主板,20170601
603201.SH,603201.0,常润股份,江苏,汽车配件,主板,20220729
603202.SH,603202.0,天有为,黑龙江,汽车配件,主板,20250424
603203.SH,603203.0,快克智能,江苏,专用机械,主板,20161108
603205.SH,603205.0,健尔康,江苏,医疗保健,主板,20241107
603206.SH,603206.0,嘉环科技,江苏,通信设备,主板,20220506
603207.SH,603207.0,小方制药,上海,化学制药,主板,20240826
603208.SH,603208.0,江山欧派,浙江,家居用品,主板,20170210
603209.SH,603209.0,兴通股份,福建,水运,主板,20220324
603210.SH,603210.0,泰鸿万立,浙江,汽车配件,主板,20250409
603211.SH,603211.0,晋拓股份,上海,汽车配件,主板,20220725
603212.SH,603212.0,赛伍技术,江苏,塑料,主板,20200430
603213.SH,603213.0,镇洋发展,浙江,化工原料,主板,20211111
603214.SH,603214.0,爱婴室,上海,百货,主板,20180330
603215.SH,603215.0,比依股份,浙江,家用电器,主板,20220218
603216.SH,603216.0,梦天家居,浙江,家居用品,主板,20211215
603217.SH,603217.0,元利科技,山东,化工原料,主板,20190620
603218.SH,603218.0,日月股份,浙江,电气设备,主板,20161228
603219.SH,603219.0,富佳股份,浙江,家用电器,主板,20211122
603220.SH,603220.0,中贝通信,湖北,通信设备,主板,20181115
603221.SH,603221.0,爱丽家居,江苏,家居用品,主板,20200323
603222.SH,603222.0,济民健康,浙江,医疗保健,主板,20150217
603223.SH,603223.0,恒通股份,山东,公路,主板,20150630
603225.SH,603225.0,新凤鸣,浙江,化纤,主板,20170418
603226.SH,603226.0,菲林格尔,上海,家居用品,主板,20170615
603227.SH,603227.0,雪峰科技,新疆,化工原料,主板,20150515
603228.SH,603228.0,景旺电子,深圳,元器件,主板,20170106
603229.SH,603229.0,奥翔药业,浙江,化学制药,主板,20170509
603230.SH,603230.0,内蒙新华,内蒙,出版业,主板,20211224
603231.SH,603231.0,索宝蛋白,浙江,食品,主板,20231215
603232.SH,603232.0,格尔软件,上海,软件服务,主板,20170421
603233.SH,603233.0,大参林,广东,医药商业,主板,20170731
603235.SH,603235.0,天新药业,江西,化学制药,主板,20220712
603236.SH,603236.0,移远通信,上海,通信设备,主板,20190716
603237.SH,603237.0,五芳斋,浙江,食品,主板,20220831
603238.SH,603238.0,诺邦股份,浙江,纺织,主板,20170222
603239.SH,603239.0,浙江仙通,浙江,汽车配件,主板,20161230
603248.SH,603248.0,锡华科技,江苏,机械基件,主板,20251223
603255.SH,603255.0,鼎际得,辽宁,化工原料,主板,20220818
603256.SH,603256.0,宏和科技,上海,玻璃,主板,20190719
603257.SH,603257.0,中国瑞林,江西,建筑工程,主板,20250408
603258.SH,603258.0,电魂网络,浙江,互联网,主板,20161026
603259.SH,603259.0,药明康德,江苏,化学制药,主板,20180508
603260.SH,603260.0,合盛硅业,浙江,化工原料,主板,20171030
603261.SH,603261.0,立航科技,四川,航空,主板,20220315
603262.SH,603262.0,技源集团,江苏,食品,主板,20250723
603266.SH,603266.0,天龙股份,浙江,汽车配件,主板,20170110
603267.SH,603267.0,鸿远电子,北京,元器件,主板,20190515
603268.SH,603268.0,松发股份,广东,船舶,主板,20150319
603269.SH,603269.0,海鸥股份,江苏,机械基件,主板,20170517
603270.SH,603270.0,金帝股份,山东,机械基件,主板,20230901
603271.SH,603271.0,永杰新材,浙江,铝,主板,20250311
603272.SH,603272.0,*ST联翔,浙江,家居用品,主板,20220520
603273.SH,603273.0,天元智能,江苏,专用机械,主板,20231023
603275.SH,603275.0,众辰科技,上海,电器仪表,主板,20230823
603276.SH,603276.0,恒兴新材,江苏,化工原料,主板,20230925
603277.SH,603277.0,银都股份,浙江,专用机械,主板,20170911
603278.SH,603278.0,大业股份,山东,钢加工,主板,20171113
603279.SH,603279.0,景津装备,山东,环境保护,主板,20190729
603280.SH,603280.0,南方路机,福建,工程机械,主板,20221108
603281.SH,603281.0,江瀚新材,湖北,化工原料,主板,20230131
603282.SH,603282.0,亚光股份,浙江,专用机械,主板,20230315
603283.SH,603283.0,赛腾股份,江苏,专用机械,主板,20171225
603285.SH,603285.0,键邦股份,山东,化工原料,主板,20240705
603286.SH,603286.0,日盈电子,江苏,汽车配件,主板,20170627
603288.SH,603288.0,海天味业,广东,食品,主板,20140211
603289.SH,603289.0,泰瑞机器,浙江,专用机械,主板,20171031
603290.SH,603290.0,斯达半导,浙江,半导体,主板,20200204
603291.SH,603291.0,联合水务,江苏,水务,主板,20230327
603296.SH,603296.0,华勤技术,上海,元器件,主板,20230808
603297.SH,603297.0,永新光学,浙江,元器件,主板,20180910
603298.SH,603298.0,杭叉集团,浙江,工程机械,主板,20161227
603299.SH,603299.0,苏盐井神,江苏,食品,主板,20151231
603300.SH,603300.0,海南华铁,浙江,多元金融,主板,20150529
603301.SH,603301.0,振德医疗,浙江,医疗保健,主板,20180412
603303.SH,603303.0,得邦照明,浙江,家用电器,主板,20170330
603305.SH,603305.0,旭升集团,浙江,汽车配件,主板,20170710
603306.SH,603306.0,华懋科技,福建,汽车配件,主板,20140926
603307.SH,603307.0,扬州金泉,江苏,文教休闲,主板,20230216
603308.SH,603308.0,应流股份,安徽,机械基件,主板,20140122
603309.SH,603309.0,维力医疗,广东,医疗保健,主板,20150302
603310.SH,603310.0,巍华新材,浙江,化工原料,主板,20240814
603311.SH,603311.0,金海高科,浙江,家用电器,主板,20150518
603312.SH,603312.0,西典新能,江苏,电气设备,主板,20240111
603313.SH,603313.0,梦百合,江苏,家居用品,主板,20161013
603315.SH,603315.0,福鞍股份,辽宁,环境保护,主板,20150424
603316.SH,603316.0,诚邦股份,浙江,建筑工程,主板,20170619
603317.SH,603317.0,天味食品,四川,食品,主板,20190416
603318.SH,603318.0,水发燃气,辽宁,供气供热,主板,20150424
603319.SH,603319.0,美湖股份,湖南,汽车配件,主板,20161130
603320.SH,603320.0,迪贝电气,浙江,电气设备,主板,20170502
603321.SH,603321.0,梅轮电梯,浙江,运输设备,主板,20170915
603322.SH,603322.0,超讯科技,广东,通信设备,主板,20160728
603323.SH,603323.0,苏农银行,江苏,银行,主板,20161129
603324.SH,603324.0,盛剑科技,上海,环境保护,主板,20210407
603325.SH,603325.0,博隆技术,上海,化工机械,主板,20240110
603326.SH,603326.0,我乐家居,江苏,家居用品,主板,20170616
603327.SH,603327.0,福蓉科技,四川,元器件,主板,20190523
603328.SH,603328.0,依顿电子,广东,元器件,主板,20140701
603329.SH,603329.0,上海雅仕,上海,仓储物流,主板,20171229
603330.SH,603330.0,天洋新材,上海,塑料,主板,20170213
603331.SH,603331.0,百达精工,浙江,专用机械,主板,20170705
603332.SH,603332.0,苏州龙杰,江苏,化纤,主板,20190117
603333.SH,603333.0,福华尚纬,四川,电气设备,主板,20120507
603334.SH,603334.0,丰倍生物,江苏,化工原料,主板,20251105
603335.SH,603335.0,迪生力,广东,汽车配件,主板,20170620
603336.SH,603336.0,宏辉果蔬,广东,农业综合,主板,20161124
603337.SH,603337.0,杰克科技,浙江,纺织机械,主板,20170119
603338.SH,603338.0,浙江鼎力,浙江,工程机械,主板,20150325
603339.SH,603339.0,四方科技,江苏,专用机械,主板,20160519
603341.SH,603341.0,龙旗科技,上海,通信设备,主板,20240301
603344.SH,603344.0,星德胜,江苏,电气设备,主板,20240320
603345.SH,603345.0,安井食品,福建,食品,主板,20170222
603348.SH,603348.0,文灿股份,广东,汽车配件,主板,20180426
603350.SH,603350.0,安乃达,上海,电气设备,主板,20240703
603351.SH,603351.0,威尔药业,江苏,化学制药,主板,20190130
603352.SH,603352.0,至信股份,重庆,汽车配件,主板,20260115
603353.SH,603353.0,和顺石油,湖南,石油贸易,主板,20200407
603355.SH,603355.0,莱克电气,江苏,家用电器,主板,20150513
603356.SH,603356.0,华菱精工,安徽,运输设备,主板,20180124
603357.SH,603357.0,设计总院,安徽,建筑工程,主板,20170801
603358.SH,603358.0,华达科技,江苏,汽车配件,主板,20170125
603359.SH,603359.0,*ST东珠,江苏,建筑工程,主板,20170901
603360.SH,603360.0,百傲化学,辽宁,农药化肥,主板,20170206
603363.SH,603363.0,傲农生物,福建,饲料,主板,20170926
603365.SH,603365.0,水星家纺,上海,纺织,主板,20171120
603366.SH,603366.0,日出东方,江苏,家用电器,主板,20120521
603367.SH,603367.0,辰欣药业,山东,化学制药,主板,20170929
603368.SH,603368.0,柳药集团,广西,医药商业,主板,20141204
603369.SH,603369.0,今世缘,江苏,白酒,主板,20140703
603370.SH,603370.0,华新精科,江苏,电气设备,主板,20250905
603373.SH,603373.0,安邦护卫,浙江,仓储物流,主板,20231220
603375.SH,603375.0,盛景微,江苏,半导体,主板,20240124
603376.SH,603376.0,大明电子,浙江,汽车配件,主板,20251106
603377.SH,603377.0,ST东时,北京,汽车服务,主板,20160205
603378.SH,603378.0,*ST亚士,上海,染料涂料,主板,20170928
603379.SH,603379.0,三美股份,浙江,化工原料,主板,20190402
603380.SH,603380.0,易德龙,江苏,元器件,主板,20170622
603381.SH,603381.0,永臻股份,江苏,电气设备,主板,20240626
603382.SH,603382.0,海阳科技,江苏,化纤,主板,20250612
603383.SH,603383.0,顶点软件,福建,软件服务,主板,20170522
603385.SH,603385.0,惠达卫浴,河北,家居用品,主板,20170405
603386.SH,603386.0,骏亚科技,广东,元器件,主板,20170912
603387.SH,603387.0,基蛋生物,江苏,医疗保健,主板,20170717
603389.SH,603389.0,亚振家居,江苏,家居用品,主板,20161215
603390.SH,603390.0,通达电气,广东,汽车配件,主板,20191125
603391.SH,603391.0,力聚热能,浙江,专用机械,主板,20240731
603392.SH,603392.0,万泰生物,北京,生物制药,主板,20200429
603393.SH,603393.0,新天然气,新疆,石油开采,主板,20160912
603395.SH,603395.0,红四方,安徽,农药化肥,主板,20241126
603396.SH,603396.0,金辰股份,辽宁,专用机械,主板,20171018
603398.SH,603398.0,*ST沐邦,江西,电气设备,主板,20151209
603399.SH,603399.0,永杉锂业,辽宁,小金属,主板,20120824
603400.SH,603400.0,华之杰,江苏,机械基件,主板,20250620
603402.SH,603402.0,陕西旅游,陕西,旅游景点,主板,20260106
603406.SH,603406.0,天富龙,江苏,化纤,主板,20250808
603408.SH,603408.0,建霖家居,福建,家居用品,主板,20200730
603409.SH,603409.0,汇通控股,安徽,汽车配件,主板,20250304
603416.SH,603416.0,信捷电气,江苏,电器仪表,主板,20161221
603418.SH,603418.0,友升股份,上海,汽车配件,主板,20250923
603421.SH,603421.0,鼎信通讯,山东,通信设备,主板,20161011
603429.SH,603429.0,*ST集友,安徽,广告包装,主板,20170124
603439.SH,603439.0,三力制药,贵州,中成药,主板,20200428
603444.SH,603444.0,吉比特,福建,互联网,主板,20170104
603456.SH,603456.0,九洲药业,浙江,医疗保健,主板,20141010
603458.SH,603458.0,勘设股份,贵州,建筑工程,主板,20170809
603466.SH,603466.0,风语筑,上海,文教休闲,主板,20171020
603477.SH,603477.0,巨星农牧,四川,农业综合,主板,20171218
603486.SH,603486.0,科沃斯,江苏,家用电器,主板,20180528
603488.SH,603488.0,展鹏科技,江苏,运输设备,主板,20170516
603489.SH,603489.0,八方股份,江苏,电气设备,主板,20191111
603496.SH,603496.0,恒为科技,上海,IT设备,主板,20170607
603499.SH,603499.0,翔港科技,上海,广告包装,主板,20171016
603500.SH,603500.0,祥和实业,浙江,运输设备,主板,20170904
603501.SH,603501.0,豪威集团,上海,半导体,主板,20170504
603505.SH,603505.0,金石资源,浙江,化工原料,主板,20170503
603506.SH,603506.0,南都物业,浙江,房产服务,主板,20180201
603507.SH,603507.0,振江股份,江苏,电气设备,主板,20171106
603508.SH,603508.0,思维列控,河南,IT设备,主板,20151224
603511.SH,603511.0,爱慕股份,北京,服饰,主板,20210531
603515.SH,603515.0,欧普照明,上海,家用电器,主板,20160819
603516.SH,603516.0,淳中科技,北京,IT设备,主板,20180202
603517.SH,603517.0,ST绝味,湖南,食品,主板,20170317
603518.SH,603518.0,锦泓集团,江苏,服饰,主板,20141203
603519.SH,603519.0,立霸股份,江苏,家用电器,主板,20150319
603520.SH,603520.0,司太立,浙江,化学制药,主板,20160309
603527.SH,603527.0,众源新材,安徽,铜,主板,20170907
603528.SH,603528.0,多伦科技,江苏,软件服务,主板,20160503
603529.SH,603529.0,爱玛科技,天津,摩托车,主板,20210615
603530.SH,603530.0,神马电力,江苏,电气设备,主板,20190805
603533.SH,603533.0,掌阅科技,北京,互联网,主板,20170921
603535.SH,603535.0,嘉诚国际,广东,仓储物流,主板,20170808
603536.SH,603536.0,惠发食品,山东,食品,主板,20170613
603538.SH,603538.0,美诺华,浙江,化学制药,主板,20170407
603551.SH,603551.0,奥普科技,浙江,家居用品,主板,20200115
603556.SH,603556.0,海兴电力,浙江,电器仪表,主板,20161110
603557.SH,603557.0,*ST起步,浙江,服饰,主板,20170818
603558.SH,603558.0,健盛集团,浙江,纺织,主板,20150127
603559.SH,603559.0,中通国脉,吉林,通信设备,主板,20161202
603565.SH,603565.0,中谷物流,上海,水运,主板,20200925
603566.SH,603566.0,普莱柯,河南,农业综合,主板,20150518
603567.SH,603567.0,珍宝岛,黑龙江,中成药,主板,20150424
603568.SH,603568.0,伟明环保,浙江,环境保护,主板,20150528
603569.SH,603569.0,长久物流,北京,公路,主板,20160810
603577.SH,603577.0,汇金通,山东,电气设备,主板,20161222
603578.SH,603578.0,三星新材,浙江,家用电器,主板,20170306
603579.SH,603579.0,荣泰健康,上海,家用电器,主板,20170111
603580.SH,603580.0,艾艾精工,上海,塑料,主板,20170525
603583.SH,603583.0,捷昌驱动,浙江,电气设备,主板,20180921
603585.SH,603585.0,苏利股份,江苏,农药化肥,主板,20161214
603586.SH,603586.0,金麒麟,山东,汽车配件,主板,20170406
603587.SH,603587.0,地素时尚,上海,服饰,主板,20180622
603588.SH,603588.0,高能环境,北京,环境保护,主板,20141229
603589.SH,603589.0,口子窖,安徽,白酒,主板,20150629
603590.SH,603590.0,康辰药业,北京,生物制药,主板,20180827
603595.SH,603595.0,ST东尼,浙江,元器件,主板,20170712
603596.SH,603596.0,伯特利,安徽,汽车配件,主板,20180427
603598.SH,603598.0,引力传媒,北京,互联网,主板,20150527
603599.SH,603599.0,广信股份,安徽,农药化肥,主板,20150513
603600.SH,603600.0,永艺股份,浙江,家居用品,主板,20150123
603601.SH,603601.0,再升科技,重庆,玻璃,主板,20150122
603602.SH,603602.0,纵横通信,浙江,通信设备,主板,20170810
603605.SH,603605.0,珀莱雅,浙江,日用化工,主板,20171115
603606.SH,603606.0,东方电缆,浙江,电气设备,主板,20141015
603607.SH,603607.0,京华激光,浙江,造纸,主板,20171025
603608.SH,603608.0,天创时尚,广东,服饰,主板,20160218
603609.SH,603609.0,禾丰股份,辽宁,饲料,主板,20140808
603610.SH,603610.0,麒盛科技,浙江,家居用品,主板,20191029
603611.SH,603611.0,诺力股份,浙江,专用机械,主板,20150128
603612.SH,603612.0,索通发展,山东,矿物制品,主板,20170718
603613.SH,603613.0,国联股份,北京,互联网,主板,20190730
603615.SH,603615.0,茶花股份,福建,家居用品,主板,20170213
603616.SH,603616.0,韩建河山,北京,水泥,主板,20150611
603617.SH,603617.0,君禾股份,浙江,机械基件,主板,20170703
603618.SH,603618.0,杭电股份,浙江,电气设备,主板,20150217
603619.SH,603619.0,中曼石油,上海,石油开采,主板,20171117
603626.SH,603626.0,科森科技,江苏,元器件,主板,20170209
603628.SH,603628.0,清源股份,福建,电气设备,主板,20170112
603629.SH,603629.0,利通电子,江苏,元器件,主板,20181224
603630.SH,603630.0,拉芳家化,广东,日用化工,主板,20170313
603633.SH,603633.0,徕木股份,上海,汽车配件,主板,20161117
603636.SH,603636.0,南威软件,福建,软件服务,主板,20141230
603637.SH,603637.0,镇海股份,浙江,建筑工程,主板,20170208
603638.SH,603638.0,艾迪精密,山东,专用机械,主板,20170120
603639.SH,603639.0,海利尔,山东,农药化肥,主板,20170112
603648.SH,603648.0,畅联股份,上海,仓储物流,主板,20170913
603650.SH,603650.0,彤程新材,上海,化工原料,主板,20180627
603655.SH,603655.0,朗博科技,江苏,汽车配件,主板,20171229
603656.SH,603656.0,泰禾智能,安徽,专用机械,主板,20170321
603657.SH,603657.0,春光科技,浙江,家用电器,主板,20180730
603658.SH,603658.0,安图生物,河南,医疗保健,主板,20160901
603659.SH,603659.0,璞泰来,上海,化工原料,主板,20171103
603660.SH,603660.0,苏州科达,江苏,IT设备,主板,20161201
603661.SH,603661.0,恒林股份,浙江,家居用品,主板,20171121
603662.SH,603662.0,柯力传感,浙江,电器仪表,主板,20190806
603663.SH,603663.0,三祥新材,福建,小金属,主板,20160801
603665.SH,603665.0,康隆达,浙江,服饰,主板,20170313
603666.SH,603666.0,亿嘉和,江苏,专用机械,主板,20180612
603667.SH,603667.0,五洲新春,浙江,机械基件,主板,20161025
603668.SH,603668.0,天马科技,福建,饲料,主板,20170117
603669.SH,603669.0,灵康药业,西藏,化学制药,主板,20150528
603676.SH,603676.0,卫信康,西藏,化学制药,主板,20170721
603677.SH,603677.0,奇精机械,浙江,家用电器,主板,20170206
603678.SH,603678.0,火炬电子,福建,元器件,主板,20150126
603679.SH,603679.0,华体科技,四川,电气设备,主板,20170621
603680.SH,603680.0,今创集团,江苏,运输设备,主板,20180227
603681.SH,603681.0,永冠新材,上海,化工原料,主板,20190326
603682.SH,603682.0,锦和商管,上海,房产服务,主板,20200421
603683.SH,603683.0,晶华新材,上海,化工原料,主板,20171020
603685.SH,603685.0,晨丰科技,浙江,电气设备,主板,20171127
603686.SH,603686.0,福龙马,福建,环境保护,主板,20150126
603687.SH,603687.0,大胜达,浙江,广告包装,主板,20190726
603688.SH,603688.0,石英股份,江苏,矿物制品,主板,20141031
603689.SH,603689.0,皖天然气,安徽,供气供热,主板,20170110
603690.SH,603690.0,至纯科技,上海,半导体,主板,20170113
603693.SH,603693.0,江苏新能,江苏,新型电力,主板,20180703
603696.SH,603696.0,安记食品,福建,食品,主板,20151209
603697.SH,603697.0,有友食品,重庆,食品,主板,20190508
603698.SH,603698.0,航天工程,北京,专用机械,主板,20150128
603699.SH,603699.0,纽威股份,江苏,机械基件,主板,20140117
603700.SH,603700.0,宁水集团,浙江,电器仪表,主板,20190122
603701.SH,603701.0,德宏股份,浙江,汽车配件,主板,20160412
603703.SH,603703.0,盛洋科技,浙江,元器件,主板,20150423
603706.SH,603706.0,东方环宇,新疆,供气供热,主板,20180709
603707.SH,603707.0,健友股份,江苏,生物制药,主板,20170719
603708.SH,603708.0,家家悦,山东,超市连锁,主板,20161213
603709.SH,603709.0,中源家居,浙江,家居用品,主板,20180208
603711.SH,603711.0,香飘飘,浙江,软饮料,主板,20171130
603712.SH,603712.0,七一二,天津,通信设备,主板,20180226
603713.SH,603713.0,密尔克卫,上海,仓储物流,主板,20180713
603716.SH,603716.0,塞力医疗,湖北,医药商业,主板,20161031
603717.SH,603717.0,天域生物,重庆,农业综合,主板,20170327
603718.SH,603718.0,*ST海利,上海,医疗保健,主板,20150515
603719.SH,603719.0,良品铺子,湖北,食品,主板,20200224
603721.SH,603721.0,中广天择,湖南,影视音像,主板,20170811
603722.SH,603722.0,阿科力,江苏,化工原料,主板,20171025
603725.SH,603725.0,天安新材,广东,塑料,主板,20170906
603726.SH,603726.0,朗迪集团,浙江,家用电器,主板,20160421
603727.SH,603727.0,博迈科,天津,石油开采,主板,20161122
603728.SH,603728.0,鸣志电器,上海,电气设备,主板,20170509
603729.SH,603729.0,ST龙韵,上海,广告包装,主板,20150324
603730.SH,603730.0,岱美股份,上海,汽车配件,主板,20170728
603733.SH,603733.0,仙鹤股份,浙江,造纸,主板,20180420
603737.SH,603737.0,三棵树,福建,染料涂料,主板,20160603
603738.SH,603738.0,泰晶科技,湖北,元器件,主板,20160928
603739.SH,603739.0,蔚蓝生物,山东,农业综合,主板,20190116
603755.SH,603755.0,日辰股份,山东,食品,主板,20190828
603757.SH,603757.0,大元泵业,浙江,机械基件,主板,20170711
603758.SH,603758.0,秦安股份,重庆,汽车配件,主板,20170517
603759.SH,603759.0,海天股份,四川,水务,主板,20210326
603766.SH,603766.0,隆鑫通用,重庆,摩托车,主板,20120810
603767.SH,603767.0,中马传动,浙江,汽车配件,主板,20170613
603768.SH,603768.0,常青股份,安徽,汽车配件,主板,20170324
603773.SH,603773.0,沃格光电,江西,元器件,主板,20180417
603776.SH,603776.0,永安行,江苏,公共交通,主板,20170817
603777.SH,603777.0,来伊份,上海,食品,主板,20161012
603778.SH,603778.0,国晟科技,北京,电气设备,主板,20151231
603779.SH,603779.0,威龙股份,山东,红黄酒,主板,20160516
603786.SH,603786.0,科博达,上海,汽车配件,主板,20191015
603787.SH,603787.0,新日股份,江苏,摩托车,主板,20170427
603788.SH,603788.0,宁波高发,浙江,汽车配件,主板,20150120
603789.SH,603789.0,ST星农,浙江,农用机械,主板,20150427
603790.SH,603790.0,雅运股份,上海,染料涂料,主板,20180912
603797.SH,603797.0,联泰环保,广东,环境保护,主板,20170413
603798.SH,603798.0,康普顿,山东,石油加工,主板,20160406
603799.SH,603799.0,华友钴业,浙江,小金属,主板,20150129
603800.SH,603800.0,洪田股份,江苏,专用机械,主板,20151210
603801.SH,603801.0,志邦家居,安徽,家居用品,主板,20170630
603803.SH,603803.0,瑞斯康达,北京,通信设备,主板,20170420
603806.SH,603806.0,福斯特,浙江,塑料,主板,20140905
603808.SH,603808.0,歌力思,深圳,服饰,主板,20150422
603809.SH,603809.0,豪能股份,四川,汽车配件,主板,20171128
603810.SH,603810.0,丰山集团,江苏,农药化肥,主板,20180917
603811.SH,603811.0,诚意药业,浙江,化学制药,主板,20170315
603813.SH,603813.0,原尚股份,广东,公路,主板,20170918
603815.SH,603815.0,交建股份,安徽,建筑工程,主板,20191021
603816.SH,603816.0,顾家家居,浙江,家居用品,主板,20161014
603817.SH,603817.0,海峡环保,福建,环境保护,主板,20170220
603818.SH,603818.0,曲美家居,北京,家居用品,主板,20150422
603819.SH,603819.0,神力股份,江苏,电气设备,主板,20161125
603822.SH,603822.0,ST嘉澳,浙江,化工原料,主板,20160428
603823.SH,603823.0,百合花,浙江,染料涂料,主板,20161220
603825.SH,603825.0,ST华扬,湖南,互联网,主板,20170802
603826.SH,603826.0,坤彩科技,福建,染料涂料,主板,20170414
603828.SH,603828.0,*ST利达,江苏,装修装饰,主板,20150226
603829.SH,603829.0,洛凯股份,江苏,电气设备,主板,20171017
603833.SH,603833.0,欧派家居,广东,家居用品,主板,20170328
603836.SH,603836.0,海程邦达,山东,仓储物流,主板,20210526
603838.SH,603838.0,*ST四通,广东,家居用品,主板,20150701
603839.SH,603839.0,安正时尚,浙江,服饰,主板,20170214
603843.SH,603843.0,*ST正平,青海,建筑工程,主板,20160905
603848.SH,603848.0,好太太,广东,家居用品,主板,20171201
603855.SH,603855.0,华荣股份,上海,专用机械,主板,20170524
603856.SH,603856.0,东宏股份,山东,塑料,主板,20171106
603858.SH,603858.0,步长制药,山东,中成药,主板,20161118
603859.SH,603859.0,能科科技,北京,软件服务,主板,20161021
603860.SH,603860.0,中公高科,北京,建筑工程,主板,20170802
603861.SH,603861.0,白云电器,广东,电气设备,主板,20160322
603863.SH,603863.0,松炀资源,广东,造纸,主板,20190621
603866.SH,603866.0,桃李面包,辽宁,食品,主板,20151222
603867.SH,603867.0,新化股份,浙江,化工原料,主板,20190627
603868.SH,603868.0,飞科电器,上海,家用电器,主板,20160418
603869.SH,603869.0,ST智知,广西,软件服务,主板,20150326
603871.SH,603871.0,嘉友国际,北京,仓储物流,主板,20180206
603876.SH,603876.0,鼎胜新材,江苏,铝,主板,20180418
603877.SH,603877.0,太平鸟,浙江,服饰,主板,20170109
603878.SH,603878.0,武进不锈,江苏,钢加工,主板,20161219
603879.SH,603879.0,永悦科技,江苏,化工原料,主板,20170614
603880.SH,603880.0,南卫股份,江苏,医疗保健,主板,20170807
603881.SH,603881.0,数据港,上海,软件服务,主板,20170208
603882.SH,603882.0,金域医学,广东,医疗保健,主板,20170908
603883.SH,603883.0,老百姓,湖南,医药商业,主板,20150423
603885.SH,603885.0,吉祥航空,上海,空运,主板,20150527
603886.SH,603886.0,元祖股份,上海,食品,主板,20161228
603887.SH,603887.0,城地香江,上海,软件服务,主板,20161010
603888.SH,603888.0,新华网,北京,互联网,主板,20161028
603889.SH,603889.0,新澳股份,浙江,纺织,主板,20141231
603890.SH,603890.0,春秋电子,江苏,元器件,主板,20171212
603893.SH,603893.0,瑞芯微,福建,半导体,主板,20200207
603895.SH,603895.0,天永智能,上海,专用机械,主板,20180122
603896.SH,603896.0,寿仙谷,浙江,中成药,主板,20170510
603897.SH,603897.0,长城科技,浙江,电气设备,主板,20180410
603898.SH,603898.0,好莱客,广东,家居用品,主板,20150217
603899.SH,603899.0,晨光股份,上海,文教休闲,主板,20150127
603900.SH,603900.0,莱绅通灵,江苏,服饰,主板,20161123
603901.SH,603901.0,永创智能,浙江,专用机械,主板,20150529
603903.SH,603903.0,中持股份,北京,环境保护,主板,20170314
603906.SH,603906.0,龙蟠科技,江苏,电气设备,主板,20170410
603908.SH,603908.0,牧高笛,浙江,纺织,主板,20170307
603909.SH,603909.0,建发合诚,福建,建筑工程,主板,20160628
603912.SH,603912.0,佳力图,江苏,专用机械,主板,20171101
603915.SH,603915.0,国茂股份,江苏,机械基件,主板,20190614
603916.SH,603916.0,苏博特,江苏,化工原料,主板,20171110
603917.SH,603917.0,合力科技,浙江,汽车配件,主板,20171204
603918.SH,603918.0,金桥信息,上海,软件服务,主板,20150528
603919.SH,603919.0,金徽酒,甘肃,白酒,主板,20160310
603920.SH,603920.0,世运电路,广东,元器件,主板,20170426
603922.SH,603922.0,ST金鸿顺,江苏,汽车配件,主板,20171023
603926.SH,603926.0,铁流股份,浙江,汽车配件,主板,20170510
603927.SH,603927.0,中科软,北京,软件服务,主板,20190909
603928.SH,603928.0,兴业股份,江苏,化工原料,主板,20161212
603929.SH,603929.0,亚翔集成,江苏,装修装饰,主板,20161230
603931.SH,603931.0,格林达,浙江,化工原料,主板,20200819
603933.SH,603933.0,睿能科技,福建,元器件,主板,20170706
603936.SH,603936.0,博敏电子,广东,元器件,主板,20151209
603937.SH,603937.0,丽岛新材,江苏,铝,主板,20171102
603938.SH,603938.0,三孚股份,河北,化工原料,主板,20170628
603939.SH,603939.0,益丰药房,湖南,医药商业,主板,20150217
603948.SH,603948.0,建业股份,浙江,化工原料,主板,20200302
603949.SH,603949.0,雪龙集团,浙江,汽车配件,主板,20200310
603950.SH,603950.0,长源东谷,湖北,汽车配件,主板,20200526
603955.SH,603955.0,大千生态,江苏,建筑工程,主板,20170310
603956.SH,603956.0,威派格,上海,专用机械,主板,20190222
603958.SH,603958.0,哈森股份,江苏,服饰,主板,20160629
603959.SH,603959.0,ST百利,湖南,建筑工程,主板,20160517
603960.SH,603960.0,克来机电,上海,汽车配件,主板,20170314
603966.SH,603966.0,法兰泰克,江苏,专用机械,主板,20170125
603967.SH,603967.0,中创物流,山东,仓储物流,主板,20190429
603968.SH,603968.0,醋化股份,江苏,化工原料,主板,20150518
603969.SH,603969.0,银龙股份,天津,其他建材,主板,20150227
603970.SH,603970.0,中农立华,北京,农药化肥,主板,20171116
603976.SH,603976.0,正川股份,重庆,医疗保健,主板,20170822
603977.SH,603977.0,国泰集团,江西,化工原料,主板,20161111
603978.SH,603978.0,深圳新星,深圳,小金属,主板,20170807
603979.SH,603979.0,金诚信,北京,铜,主板,20150630
603980.SH,603980.0,吉华集团,浙江,染料涂料,主板,20170615
603982.SH,603982.0,泉峰汽车,江苏,汽车配件,主板,20190522
603983.SH,603983.0,丸美生物,广东,日用化工,主板,20190725
603985.SH,603985.0,恒润股份,江苏,电气设备,主板,20170505
603986.SH,603986.0,兆易创新,北京,半导体,主板,20160818
603987.SH,603987.0,康德莱,上海,医疗保健,主板,20161121
603988.SH,603988.0,中电电机,江苏,电气设备,主板,20141104
603989.SH,603989.0,艾华集团,湖南,元器件,主板,20150515
603990.SH,603990.0,麦迪科技,江苏,软件服务,主板,20161208
603991.SH,603991.0,领先股份,深圳,半导体,主板,20170308
603992.SH,603992.0,松霖科技,福建,家居用品,主板,20190826
603993.SH,603993.0,洛阳钼业,河南,小金属,主板,20121009
603995.SH,603995.0,甬金股份,浙江,特种钢,主板,20191224
603997.SH,603997.0,继峰股份,浙江,汽车配件,主板,20150302
603998.SH,603998.0,方盛制药,湖南,中成药,主板,20141205
603999.SH,603999.0,读者传媒,甘肃,出版业,主板,20151210
605001.SH,605001.0,威奥股份,山东,运输设备,主板,20200522
605003.SH,605003.0,众望布艺,浙江,纺织,主板,20200908
605005.SH,605005.0,合兴股份,浙江,汽车配件,主板,20210119
605006.SH,605006.0,山东玻纤,山东,玻璃,主板,20200903
605007.SH,605007.0,五洲特纸,浙江,造纸,主板,20201110
605008.SH,605008.0,长鸿高科,浙江,橡胶,主板,20200821
605009.SH,605009.0,豪悦护理,浙江,造纸,主板,20200911
605011.SH,605011.0,杭州热电,浙江,供气供热,主板,20210630
605016.SH,605016.0,百龙创园,山东,食品,主板,20210421
605018.SH,605018.0,长华集团,浙江,汽车配件,主板,20200929
605020.SH,605020.0,永和股份,浙江,化工原料,主板,20210709
605028.SH,605028.0,世茂能源,浙江,供气供热,主板,20210712
605033.SH,605033.0,美邦股份,陕西,农药化肥,主板,20210916
605050.SH,605050.0,福然德,上海,仓储物流,主板,20200924
605055.SH,605055.0,迎丰股份,浙江,纺织,主板,20210129
605056.SH,605056.0,咸亨国际,浙江,电器仪表,主板,20210720
605058.SH,605058.0,澳弘电子,江苏,元器件,主板,20201021
605060.SH,605060.0,联德股份,浙江,机械基件,主板,20210301
605066.SH,605066.0,天正电气,浙江,电气设备,主板,20200807
605068.SH,605068.0,明新旭腾,浙江,汽车配件,主板,20201123
605069.SH,605069.0,正和生态,北京,环境保护,主板,20210816
605077.SH,605077.0,华康股份,浙江,食品,主板,20210209
605080.SH,605080.0,浙江自然,浙江,文教休闲,主板,20210506
605086.SH,605086.0,龙高股份,福建,矿物制品,主板,20210416
605088.SH,605088.0,冠盛股份,浙江,汽车配件,主板,20200817
605089.SH,605089.0,味知香,江苏,食品,主板,20210427
605090.SH,605090.0,九丰能源,江西,供气供热,主板,20210525
605098.SH,605098.0,行动教育,上海,文教休闲,主板,20210421
605099.SH,605099.0,共创草坪,江苏,文教休闲,主板,20200930
605100.SH,605100.0,华丰股份,山东,机械基件,主板,20200811
605108.SH,605108.0,同庆楼,安徽,酒店餐饮,主板,20200716
605111.SH,605111.0,新洁能,江苏,半导体,主板,20200928
605116.SH,605116.0,奥锐特,浙江,化学制药,主板,20200921
605117.SH,605117.0,德业股份,浙江,电气设备,主板,20210420
605118.SH,605118.0,力鼎光电,福建,元器件,主板,20200730
605122.SH,605122.0,四方新材,重庆,水泥,主板,20210310
605123.SH,605123.0,派克新材,江苏,航空,主板,20200825
605128.SH,605128.0,上海沿浦,上海,汽车配件,主板,20200915
605133.SH,605133.0,嵘泰股份,江苏,汽车配件,主板,20210224
605136.SH,605136.0,丽人丽妆,上海,其他商业,主板,20200929
605138.SH,605138.0,盛泰集团,浙江,服饰,主板,20211027
605151.SH,605151.0,西上海,上海,汽车配件,主板,20201215
605155.SH,605155.0,西大门,浙江,家居用品,主板,20201231
605158.SH,605158.0,华达新材,浙江,钢加工,主板,20200805
605162.SH,605162.0,新中港,浙江,供气供热,主板,20210707
605166.SH,605166.0,聚合顺,浙江,化纤,主板,20200618
605167.SH,605167.0,利柏特,江苏,建筑工程,主板,20210726
605168.SH,605168.0,三人行,陕西,互联网,主板,20200528
605169.SH,605169.0,洪通燃气,新疆,供气供热,主板,20201030
605177.SH,605177.0,东亚药业,浙江,化学制药,主板,20201125
605178.SH,605178.0,时空科技,北京,装修装饰,主板,20200821
605179.SH,605179.0,一鸣食品,浙江,乳制品,主板,20201228
605180.SH,605180.0,华生科技,浙江,纺织,主板,20210430
605183.SH,605183.0,确成股份,江苏,化工原料,主板,20201207
605186.SH,605186.0,健麾信息,上海,专用机械,主板,20201222
605188.SH,605188.0,国光连锁,江西,超市连锁,主板,20200728
605189.SH,605189.0,富春染织,安徽,纺织,主板,20210528
605196.SH,605196.0,华通线缆,河北,电气设备,主板,20210511
605198.SH,605198.0,安德利,山东,软饮料,主板,20200918
605199.SH,605199.0,ST葫芦娃,海南,中成药,主板,20200710
605208.SH,605208.0,永茂泰,上海,铝,主板,20210308
605218.SH,605218.0,伟时电子,江苏,元器件,主板,20200928
605222.SH,605222.0,起帆电缆,上海,电气设备,主板,20200731
605228.SH,605228.0,神通科技,浙江,汽车配件,主板,20210120
605255.SH,605255.0,天普股份,浙江,汽车配件,主板,20200825
605258.SH,605258.0,协和电子,江苏,元器件,主板,20201203
605259.SH,605259.0,绿田机械,浙江,农用机械,主板,20210615
605266.SH,605266.0,健之佳,云南,医药商业,主板,20201201
605268.SH,605268.0,王力安防,浙江,家居用品,主板,20210224
605277.SH,605277.0,新亚电子,浙江,元器件,主板,20210106
605286.SH,605286.0,同力天启,江苏,运输设备,主板,20210322
605287.SH,605287.0,德才股份,山东,装修装饰,主板,20210706
605288.SH,605288.0,凯迪股份,江苏,电气设备,主板,20200601
605289.SH,605289.0,罗曼股份,上海,建筑工程,主板,20210426
605296.SH,605296.0,神农集团,云南,农业综合,主板,20210528
605298.SH,605298.0,必得科技,江苏,运输设备,主板,20210301
605299.SH,605299.0,舒华体育,福建,文教休闲,主板,20201215
605300.SH,605300.0,佳禾食品,江苏,乳制品,主板,20210430
605303.SH,605303.0,园林股份,浙江,建筑工程,主板,20210301
605305.SH,605305.0,中际联合,北京,工程机械,主板,20210506
605318.SH,605318.0,法狮龙,浙江,其他建材,主板,20200803
605319.SH,605319.0,无锡振华,江苏,汽车配件,主板,20210607
605333.SH,605333.0,沪光股份,江苏,汽车配件,主板,20200818
605336.SH,605336.0,*ST帅电,浙江,家用电器,主板,20201019
605337.SH,605337.0,李子园,浙江,乳制品,主板,20210208
605338.SH,605338.0,巴比食品,上海,食品,主板,20201012
605339.SH,605339.0,南侨食品,上海,食品,主板,20210518
605358.SH,605358.0,立昂微,浙江,半导体,主板,20200911
605365.SH,605365.0,立达信,福建,家用电器,主板,20210720
605366.SH,605366.0,宏柏新材,江西,化工原料,主板,20200812
605368.SH,605368.0,蓝天燃气,河南,供气供热,主板,20210129
605369.SH,605369.0,拱东医疗,浙江,医疗保健,主板,20200916
605376.SH,605376.0,博迁新材,江苏,小金属,主板,20201208
605377.SH,605377.0,华旺科技,浙江,造纸,主板,20201228
605378.SH,605378.0,野马电池,浙江,电气设备,主板,20210412
605388.SH,605388.0,均瑶健康,湖北,乳制品,主板,20200818
605389.SH,605389.0,长龄液压,江苏,机械基件,主板,20210322
605398.SH,605398.0,新炬网络,上海,软件服务,主板,20210121
605399.SH,605399.0,晨光新材,江西,化工原料,主板,20200804
605488.SH,605488.0,福莱新材,浙江,塑料,主板,20210513
605499.SH,605499.0,东鹏饮料,深圳,软饮料,主板,20210527
605500.SH,605500.0,森林包装,浙江,造纸,主板,20201222
605507.SH,605507.0,国邦医药,浙江,化学制药,主板,20210802
605555.SH,605555.0,德昌股份,浙江,家用电器,主板,20211021
605566.SH,605566.0,福莱蒽特,浙江,染料涂料,主板,20211025
605567.SH,605567.0,春雪食品,山东,食品,主板,20211013
605577.SH,605577.0,龙版传媒,黑龙江,出版业,主板,20210824
605580.SH,605580.0,恒盛能源,浙江,供气供热,主板,20210819
605588.SH,605588.0,冠石科技,江苏,元器件,主板,20210812
605589.SH,605589.0,圣泉集团,山东,化工原料,主板,20210810
605598.SH,605598.0,上海港湾,上海,建筑工程,主板,20210917
605599.SH,605599.0,菜百股份,北京,服饰,主板,20210909
688001.SH,688001.0,华兴源创,江苏,专用机械,科创板,20190722
688002.SH,688002.0,睿创微纳,山东,通信设备,科创板,20190722
688003.SH,688003.0,天准科技,江苏,专用机械,科创板,20190722
688004.SH,688004.0,博汇科技,北京,软件服务,科创板,20200612
688005.SH,688005.0,容百科技,浙江,电气设备,科创板,20190722
688006.SH,688006.0,杭可科技,浙江,电气设备,科创板,20190722
688007.SH,688007.0,光峰科技,深圳,元器件,科创板,20190722
688008.SH,688008.0,澜起科技,上海,半导体,科创板,20190722
688009.SH,688009.0,中国通号,北京,运输设备,科创板,20190722
688010.SH,688010.0,福光股份,福建,元器件,科创板,20190722
688011.SH,688011.0,新光光电,黑龙江,元器件,科创板,20190722
688012.SH,688012.0,中微公司,上海,半导体,科创板,20190722
688013.SH,688013.0,天臣医疗,江苏,医疗保健,科创板,20200928
688015.SH,688015.0,交控科技,北京,运输设备,科创板,20190722
688016.SH,688016.0,心脉医疗,上海,医疗保健,科创板,20190722
688017.SH,688017.0,绿的谐波,江苏,机械基件,科创板,20200828
688018.SH,688018.0,乐鑫科技,上海,半导体,科创板,20190722
688019.SH,688019.0,安集科技,上海,半导体,科创板,20190722
688020.SH,688020.0,方邦股份,广东,元器件,科创板,20190722
688021.SH,688021.0,奥福科技,山东,汽车配件,科创板,20191106
688022.SH,688022.0,ST瀚川,江苏,专用机械,科创板,20190722
688023.SH,688023.0,安恒信息,浙江,软件服务,科创板,20191105
688025.SH,688025.0,杰普特,深圳,专用机械,科创板,20191031
688026.SH,688026.0,洁特生物,广东,医疗保健,科创板,20200122
688027.SH,688027.0,国盾量子,安徽,通信设备,科创板,20200709
688028.SH,688028.0,沃尔德,北京,机械基件,科创板,20190722
688029.SH,688029.0,南微医学,江苏,医疗保健,科创板,20190722
688030.SH,688030.0,山石网科,江苏,软件服务,科创板,20190930
688031.SH,688031.0,星环科技,上海,软件服务,科创板,20221018
688032.SH,688032.0,禾迈股份,浙江,电气设备,科创板,20211220
688033.SH,688033.0,*ST天宜,北京,电气设备,科创板,20190722
688035.SH,688035.0,德邦科技,山东,半导体,科创板,20220919
688036.SH,688036.0,传音控股,深圳,通信设备,科创板,20190930
688037.SH,688037.0,芯源微,辽宁,半导体,科创板,20191216
688038.SH,688038.0,中科通达,湖北,软件服务,科创板,20210713
688039.SH,688039.0,当虹科技,浙江,软件服务,科创板,20191211
688041.SH,688041.0,海光信息,天津,半导体,科创板,20220812
688045.SH,688045.0,必易微,深圳,半导体,科创板,20220526
688046.SH,688046.0,药康生物,江苏,生物制药,科创板,20220425
688047.SH,688047.0,龙芯中科,北京,半导体,科创板,20220624
688048.SH,688048.0,长光华芯,江苏,半导体,科创板,20220401
688049.SH,688049.0,炬芯科技,广东,半导体,科创板,20211129
688050.SH,688050.0,爱博医疗,北京,医疗保健,科创板,20200729
688051.SH,688051.0,佳华科技,北京,软件服务,科创板,20200320
688052.SH,688052.0,纳芯微,江苏,半导体,科创板,20220422
688053.SH,688053.0,ST思科瑞,四川,元器件,科创板,20220708
688055.SH,688055.0,龙腾光电,江苏,元器件,科创板,20200817
688056.SH,688056.0,莱伯泰科,北京,电器仪表,科创板,20200902
688057.SH,688057.0,金达莱,江西,环境保护,科创板,20201111
688058.SH,688058.0,宝兰德,北京,软件服务,科创板,20191101
688059.SH,688059.0,华锐精密,湖南,机械基件,科创板,20210208
688060.SH,688060.0,云涌科技,江苏,IT设备,科创板,20200710
688061.SH,688061.0,灿瑞科技,上海,半导体,科创板,20221018
688062.SH,688062.0,迈威生物,上海,生物制药,科创板,20220118
688063.SH,688063.0,派能科技,上海,电气设备,科创板,20201230
688065.SH,688065.0,凯赛生物,上海,化工原料,科创板,20200812
688066.SH,688066.0,*ST航图,北京,软件服务,科创板,20190722
688067.SH,688067.0,爱威科技,湖南,医疗保健,科创板,20210616
688068.SH,688068.0,热景生物,北京,医疗保健,科创板,20190930
688069.SH,688069.0,德林海,江苏,环境保护,科创板,20200722
688070.SH,688070.0,纵横股份,四川,航空,科创板,20210210
688071.SH,688071.0,华依科技,上海,专用机械,科创板,20210729
688072.SH,688072.0,拓荆科技,辽宁,半导体,科创板,20220420
688073.SH,688073.0,毕得医药,上海,化学制药,科创板,20221011
688075.SH,688075.0,安旭生物,浙江,医疗保健,科创板,20211118
688076.SH,688076.0,ST诺泰,江苏,生物制药,科创板,20210520
688077.SH,688077.0,大地熊,安徽,矿物制品,科创板,20200722
688078.SH,688078.0,龙软科技,北京,软件服务,科创板,20191230
688079.SH,688079.0,美迪凯,浙江,元器件,科创板,20210302
688080.SH,688080.0,映翰通,北京,通信设备,科创板,20200212
688081.SH,688081.0,兴图新科,湖北,软件服务,科创板,20200106
688082.SH,688082.0,盛美上海,上海,半导体,科创板,20211118
688083.SH,688083.0,中望软件,广东,软件服务,科创板,20210311
688084.SH,688084.0,晶品特装,北京,专用机械,科创板,20221208
688085.SH,688085.0,三友医疗,上海,医疗保健,科创板,20200409
688087.SH,688087.0,英科再生,山东,环境保护,科创板,20210709
688088.SH,688088.0,虹软科技,浙江,软件服务,科创板,20190722
688089.SH,688089.0,嘉必优,湖北,食品,科创板,20191219
688090.SH,688090.0,瑞松科技,广东,专用机械,科创板,20200217
688091.SH,688091.0,上海谊众,上海,化学制药,科创板,20210909
688092.SH,688092.0,爱科科技,浙江,专用机械,科创板,20210319
688093.SH,688093.0,世华科技,江苏,化工原料,科创板,20200930
688095.SH,688095.0,福昕软件,福建,软件服务,科创板,20200908
688096.SH,688096.0,京源环保,江苏,环境保护,科创板,20200409
688097.SH,688097.0,博众精工,江苏,专用机械,科创板,20210512
688098.SH,688098.0,申联生物,上海,农业综合,科创板,20191028
688099.SH,688099.0,晶晨股份,上海,半导体,科创板,20190808
688100.SH,688100.0,威胜信息,湖南,通信设备,科创板,20200121
688101.SH,688101.0,三达膜,陕西,环境保护,科创板,20191115
688102.SH,688102.0,斯瑞新材,陕西,铜,科创板,20220316
688103.SH,688103.0,国力电子,江苏,元器件,科创板,20210910
688105.SH,688105.0,诺唯赞,江苏,生物制药,科创板,20211115
688106.SH,688106.0,金宏气体,江苏,化工原料,科创板,20200616
688107.SH,688107.0,安路科技,上海,半导体,科创板,20211112
688108.SH,688108.0,赛诺医疗,天津,医疗保健,科创板,20191030
688109.SH,688109.0,品茗科技,浙江,软件服务,科创板,20210330
688110.SH,688110.0,东芯股份,上海,半导体,科创板,20211210
688111.SH,688111.0,金山办公,北京,软件服务,科创板,20191118
688112.SH,688112.0,鼎阳科技,深圳,电器仪表,科创板,20211201
688113.SH,688113.0,联测科技,江苏,专用机械,科创板,20210506
688114.SH,688114.0,华大智造,深圳,医疗保健,科创板,20220909
688115.SH,688115.0,思林杰,广东,电器仪表,科创板,20220314
688116.SH,688116.0,天奈科技,江苏,化工原料,科创板,20190925
688117.SH,688117.0,圣诺生物,四川,生物制药,科创板,20210603
688118.SH,688118.0,普元信息,上海,软件服务,科创板,20191204
688119.SH,688119.0,中钢洛耐,河南,其他建材,科创板,20220606
688120.SH,688120.0,华海清科,天津,半导体,科创板,20220608
688121.SH,688121.0,*ST卓然,上海,专用机械,科创板,20210906
688122.SH,688122.0,西部超导,陕西,小金属,科创板,20190722
688123.SH,688123.0,聚辰股份,上海,半导体,科创板,20191223
688125.SH,688125.0,安达智能,广东,专用机械,科创板,20220415
688126.SH,688126.0,沪硅产业,上海,半导体,科创板,20200420
688127.SH,688127.0,蓝特光学,浙江,元器件,科创板,20200921
688128.SH,688128.0,中国电研,广东,专用机械,科创板,20191105
688129.SH,688129.0,东来技术,上海,染料涂料,科创板,20201023
688130.SH,688130.0,晶华微,浙江,半导体,科创板,20220729
688131.SH,688131.0,皓元医药,上海,化学制药,科创板,20210608
688132.SH,688132.0,邦彦技术,深圳,通信设备,科创板,20220923
688133.SH,688133.0,泰坦科技,上海,化工原料,科创板,20201030
688135.SH,688135.0,利扬芯片,广东,半导体,科创板,20201111
688136.SH,688136.0,科兴制药,山东,生物制药,科创板,20201214
688137.SH,688137.0,近岸蛋白,江苏,生物制药,科创板,20220929
688138.SH,688138.0,清溢光电,深圳,半导体,科创板,20191120
688139.SH,688139.0,海尔生物,山东,医疗保健,科创板,20191025
688141.SH,688141.0,杰华特,浙江,半导体,科创板,20221223
688143.SH,688143.0,长盈通,湖北,通信设备,科创板,20221212
688146.SH,688146.0,中船特气,河北,半导体,科创板,20230421
688147.SH,688147.0,微导纳米,江苏,专用机械,科创板,20221223
688148.SH,688148.0,芳源股份,广东,电气设备,科创板,20210806
688150.SH,688150.0,莱特光电,陕西,元器件,科创板,20220318
688151.SH,688151.0,华强科技,湖北,医疗保健,科创板,20211206
688152.SH,688152.0,麒麟信安,湖南,软件服务,科创板,20221028
688153.SH,688153.0,唯捷创芯,天津,半导体,科创板,20220412
688155.SH,688155.0,先惠技术,上海,电气设备,科创板,20200811
688156.SH,688156.0,路德科技,湖北,饲料,科创板,20200922
688157.SH,688157.0,松井股份,湖南,染料涂料,科创板,20200609
688158.SH,688158.0,优刻得,上海,软件服务,科创板,20200120
688159.SH,688159.0,有方科技,深圳,通信设备,科创板,20200123
688160.SH,688160.0,步科股份,上海,电器仪表,科创板,20201112
688161.SH,688161.0,威高骨科,山东,医疗保健,科创板,20210630
688162.SH,688162.0,巨一科技,安徽,专用机械,科创板,20211110
688163.SH,688163.0,赛伦生物,上海,生物制药,科创板,20220311
688165.SH,688165.0,埃夫特,安徽,专用机械,科创板,20200715
688166.SH,688166.0,博瑞医药,江苏,化学制药,科创板,20191108
688167.SH,688167.0,炬光科技,陕西,元器件,科创板,20211224
688168.SH,688168.0,安博通,北京,软件服务,科创板,20190906
688169.SH,688169.0,石头科技,北京,家用电器,科创板,20200221
688170.SH,688170.0,德龙激光,江苏,专用机械,科创板,20220429
688171.SH,688171.0,纬德信息,广东,软件服务,科创板,20220127
688172.SH,688172.0,燕东微,北京,半导体,科创板,20221216
688173.SH,688173.0,希荻微,广东,半导体,科创板,20220121
688175.SH,688175.0,高凌信息,广东,通信设备,科创板,20220315
688176.SH,688176.0,亚虹医药,江苏,化学制药,科创板,20220107
688177.SH,688177.0,百奥泰,广东,生物制药,科创板,20200221
688178.SH,688178.0,万德斯,江苏,环境保护,科创板,20200114
688179.SH,688179.0,阿拉丁,上海,化学制药,科创板,20201026
688180.SH,688180.0,君实生物,上海,生物制药,科创板,20200715
688181.SH,688181.0,八亿时空,北京,元器件,科创板,20200106
688182.SH,688182.0,灿勤科技,江苏,通信设备,科创板,20211116
688183.SH,688183.0,生益电子,广东,元器件,科创板,20210225
688184.SH,688184.0,ST帕瓦,浙江,电气设备,科创板,20220919
688185.SH,688185.0,康希诺,天津,生物制药,科创板,20200813
688186.SH,688186.0,广大特材,江苏,特种钢,科创板,20200211
688187.SH,688187.0,时代电气,湖南,运输设备,科创板,20210907
688188.SH,688188.0,柏楚电子,上海,专用机械,科创板,20190808
688189.SH,688189.0,ST南新,湖南,化学制药,科创板,20200326
688190.SH,688190.0,云路股份,山东,矿物制品,科创板,20211126
688191.SH,688191.0,智洋创新,山东,软件服务,科创板,20210408
688192.SH,688192.0,迪哲医药,江苏,生物制药,科创板,20211210
688193.SH,688193.0,仁度生物,上海,医疗保健,科创板,20220330
688195.SH,688195.0,腾景科技,福建,元器件,科创板,20210326
688196.SH,688196.0,卓越新能,福建,环境保护,科创板,20191121
688197.SH,688197.0,首药控股,北京,化学制药,科创板,20220323
688198.SH,688198.0,佰仁医疗,北京,医疗保健,科创板,20191209
688199.SH,688199.0,久日新材,天津,化工原料,科创板,20191105
688200.SH,688200.0,华峰测控,北京,半导体,科创板,20200218
688201.SH,688201.0,ST信安,北京,软件服务,科创板,20210421
688202.SH,688202.0,美迪西,上海,医疗保健,科创板,20191105
688203.SH,688203.0,海正生材,浙江,塑料,科创板,20220816
688205.SH,688205.0,德科立,江苏,通信设备,科创板,20220809
688206.SH,688206.0,概伦电子,上海,半导体,科创板,20211228
688207.SH,688207.0,格灵深瞳,北京,软件服务,科创板,20220317
688208.SH,688208.0,道通科技,深圳,IT设备,科创板,20200213
688209.SH,688209.0,英集芯,深圳,半导体,科创板,20220419
688210.SH,688210.0,统联精密,深圳,元器件,科创板,20211227
688211.SH,688211.0,中科微至,江苏,专用机械,科创板,20211026
688212.SH,688212.0,澳华内镜,上海,医疗保健,科创板,20211115
688213.SH,688213.0,思特威,上海,半导体,科创板,20220520
688215.SH,688215.0,瑞晟智能,浙江,专用机械,科创板,20200828
688216.SH,688216.0,气派科技,深圳,半导体,科创板,20210623
688217.SH,688217.0,睿昂基因,上海,医疗保健,科创板,20210517
688218.SH,688218.0,江苏北人,江苏,专用机械,科创板,20191211
688219.SH,688219.0,会通股份,安徽,塑料,科创板,20201118
688220.SH,688220.0,翱捷科技,上海,半导体,科创板,20220114
688221.SH,688221.0,前沿生物,江苏,生物制药,科创板,20201028
688222.SH,688222.0,成都先导,四川,化学制药,科创板,20200416
688223.SH,688223.0,晶科能源,江西,电气设备,科创板,20220126
688225.SH,688225.0,亚信安全,江苏,软件服务,科创板,20220209
688226.SH,688226.0,威腾电气,江苏,电气设备,科创板,20210707
688227.SH,688227.0,品高股份,广东,软件服务,科创板,20211230
688228.SH,688228.0,开普云,广东,软件服务,科创板,20200327
688229.SH,688229.0,博睿数据,北京,软件服务,科创板,20200817
688230.SH,688230.0,芯导科技,上海,半导体,科创板,20211201
688231.SH,688231.0,隆达股份,江苏,航空,科创板,20220722
688232.SH,688232.0,新点软件,江苏,软件服务,科创板,20211117
688233.SH,688233.0,神工股份,辽宁,半导体,科创板,20200221
688234.SH,688234.0,天岳先进,山东,半导体,科创板,20220112
688235.SH,688235.0,百济神州,北京,生物制药,科创板,20211215
688236.SH,688236.0,春立医疗,北京,医疗保健,科创板,20211230
688237.SH,688237.0,超卓航科,湖北,航空,科创板,20220701
688238.SH,688238.0,和元生物,上海,医疗保健,科创板,20220322
688239.SH,688239.0,航宇科技,贵州,航空,科创板,20210705
688244.SH,688244.0,永信至诚,北京,软件服务,科创板,20221019
688246.SH,688246.0,嘉和美康,北京,软件服务,科创板,20211214
688247.SH,688247.0,宣泰医药,上海,化学制药,科创板,20220825
688248.SH,688248.0,南网科技,广东,电气设备,科创板,20211222
688249.SH,688249.0,晶合集成,安徽,半导体,科创板,20230505
688251.SH,688251.0,井松智能,安徽,专用机械,科创板,20220606
688252.SH,688252.0,天德钰,深圳,半导体,科创板,20220927
688253.SH,688253.0,英诺特,北京,医疗保健,科创板,20220728
688255.SH,688255.0,凯尔达,浙江,机械基件,科创板,20211025
688256.SH,688256.0,寒武纪,北京,半导体,科创板,20200720
688257.SH,688257.0,新锐股份,江苏,机械基件,科创板,20211027
688258.SH,688258.0,卓易信息,江苏,软件服务,科创板,20191209
688259.SH,688259.0,创耀科技,江苏,半导体,科创板,20220112
688260.SH,688260.0,昀冢科技,江苏,元器件,科创板,20210406
688261.SH,688261.0,东微半导,江苏,半导体,科创板,20220210
688262.SH,688262.0,国芯科技,江苏,半导体,科创板,20220106
688265.SH,688265.0,南模生物,上海,医疗保健,科创板,20211228
688266.SH,688266.0,泽璟制药,江苏,生物制药,科创板,20200123
688267.SH,688267.0,中触媒,辽宁,化工原料,科创板,20220216
688268.SH,688268.0,华特气体,广东,化工原料,科创板,20191226
688269.SH,688269.0,凯立新材,陕西,化工原料,科创板,20210609
688270.SH,688270.0,ST臻镭,浙江,半导体,科创板,20220127
688271.SH,688271.0,联影医疗,上海,医疗保健,科创板,20220822
688272.SH,688272.0,富吉瑞,北京,元器件,科创板,20211018
688273.SH,688273.0,麦澜德,江苏,医疗保健,科创板,20220811
688275.SH,688275.0,万润新能,湖北,电气设备,科创板,20220929
688276.SH,688276.0,百克生物,吉林,生物制药,科创板,20210625
688277.SH,688277.0,天智航,北京,医疗保健,科创板,20200707
688278.SH,688278.0,特宝生物,福建,生物制药,科创板,20200117
688279.SH,688279.0,峰岹科技,深圳,半导体,科创板,20220420
688280.SH,688280.0,精进电动,北京,汽车配件,科创板,20211027
688281.SH,688281.0,华秦科技,陕西,航空,科创板,20220307
688282.SH,688282.0,理工导航,北京,通信设备,科创板,20220318
688283.SH,688283.0,坤恒顺维,四川,电器仪表,科创板,20220215
688285.SH,688285.0,高铁电气,陕西,运输设备,科创板,20211020
688286.SH,688286.0,敏芯股份,江苏,半导体,科创板,20200810
688288.SH,688288.0,鸿泉技术,浙江,IT设备,科创板,20191106
688289.SH,688289.0,圣湘生物,湖南,医疗保健,科创板,20200828
688290.SH,688290.0,景业智能,浙江,专用机械,科创板,20220429
688291.SH,688291.0,金橙子,北京,软件服务,科创板,20221026
688292.SH,688292.0,浩瀚深度,北京,通信设备,科创板,20220818
688293.SH,688293.0,奥浦迈,上海,生物制药,科创板,20220902
688295.SH,688295.0,中复神鹰,江苏,化纤,科创板,20220406
688296.SH,688296.0,和达科技,浙江,软件服务,科创板,20210727
688297.SH,688297.0,中无人机,四川,航空,科创板,20220629
688298.SH,688298.0,东方生物,浙江,医疗保健,科创板,20200205
688299.SH,688299.0,长阳科技,浙江,元器件,科创板,20191106
688300.SH,688300.0,联瑞新材,江苏,矿物制品,科创板,20191115
688301.SH,688301.0,奕瑞科技,上海,医疗保健,科创板,20200918
688302.SH,688302.0,海创药业,四川,生物制药,科创板,20220412
688303.SH,688303.0,大全能源,新疆,电气设备,科创板,20210722
688305.SH,688305.0,科德数控,辽宁,机床制造,科创板,20210709
688306.SH,688306.0,均普智能,浙江,专用机械,科创板,20220322
688307.SH,688307.0,中润光学,浙江,元器件,科创板,20230216
688308.SH,688308.0,欧科亿,湖南,机械基件,科创板,20201210
688309.SH,688309.0,恒誉环保,山东,环境保护,科创板,20200714
688310.SH,688310.0,迈得医疗,浙江,医疗保健,科创板,20191203
688311.SH,688311.0,盟升电子,四川,元器件,科创板,20200731
688312.SH,688312.0,燕麦科技,深圳,专用机械,科创板,20200608
688313.SH,688313.0,仕佳光子,河南,通信设备,科创板,20200812
688314.SH,688314.0,康拓医疗,陕西,医疗保健,科创板,20210518
688315.SH,688315.0,诺禾致源,北京,医疗保健,科创板,20210413
688316.SH,688316.0,青云科技,北京,软件服务,科创板,20210316
688317.SH,688317.0,之江生物,上海,医疗保健,科创板,20210118
688318.SH,688318.0,财富趋势,深圳,软件服务,科创板,20200427
688319.SH,688319.0,欧林生物,四川,生物制药,科创板,20210608
688320.SH,688320.0,禾川科技,浙江,电器仪表,科创板,20220428
688321.SH,688321.0,微芯生物,深圳,化学制药,科创板,20190812
688322.SH,688322.0,奥比中光,深圳,元器件,科创板,20220707
688323.SH,688323.0,瑞华泰,深圳,塑料,科创板,20210428
688325.SH,688325.0,赛微微电,广东,半导体,科创板,20220422
688326.SH,688326.0,经纬恒润,北京,汽车配件,科创板,20220419
688327.SH,688327.0,云从科技,广东,软件服务,科创板,20220527
688328.SH,688328.0,深科达,深圳,专用机械,科创板,20210309
688329.SH,688329.0,艾隆科技,江苏,专用机械,科创板,20210329
688330.SH,688330.0,宏力达,上海,电气设备,科创板,20201015
688331.SH,688331.0,荣昌生物,山东,生物制药,科创板,20220331
688332.SH,688332.0,中科蓝讯,深圳,半导体,科创板,20220715
688333.SH,688333.0,铂力特,陕西,机械基件,科创板,20190722
688334.SH,688334.0,西高院,陕西,电气设备,科创板,20230619
688335.SH,688335.0,复洁科技,上海,环境保护,科创板,20200817
688336.SH,688336.0,三生国健,上海,生物制药,科创板,20200722
688337.SH,688337.0,普源精电,江苏,电器仪表,科创板,20220408
688338.SH,688338.0,赛科希德,北京,医疗保健,科创板,20200806
688339.SH,688339.0,亿华通,北京,汽车配件,科创板,20200810
688343.SH,688343.0,云天励飞,深圳,软件服务,科创板,20230404
688345.SH,688345.0,博力威,广东,电气设备,科创板,20210611
688347.SH,688347.0,华虹宏力,上海,半导体,科创板,20230807
688348.SH,688348.0,昱能科技,浙江,电气设备,科创板,20220608
688349.SH,688349.0,三一重能,北京,电气设备,科创板,20220622
688350.SH,688350.0,富淼科技,江苏,化工原料,科创板,20210128
688351.SH,688351.0,微电生理,上海,医疗保健,科创板,20220831
688352.SH,688352.0,颀中科技,安徽,半导体,科创板,20230420
688353.SH,688353.0,华盛锂电,江苏,化工原料,科创板,20220713
688355.SH,688355.0,明志科技,江苏,机械基件,科创板,20210512
688356.SH,688356.0,键凯科技,北京,化学制药,科创板,20200826
688357.SH,688357.0,建龙微纳,河南,化工原料,科创板,20191204
688358.SH,688358.0,祥生医疗,江苏,医疗保健,科创板,20191203
688359.SH,688359.0,三孚新科,广东,化工原料,科创板,20210521
688360.SH,688360.0,德马科技,浙江,机械基件,科创板,20200602
688361.SH,688361.0,中科飞测,深圳,半导体,科创板,20230519
688362.SH,688362.0,甬矽电子,浙江,半导体,科创板,20221116
688363.SH,688363.0,华熙生物,山东,医疗保健,科创板,20191106
688365.SH,688365.0,光云科技,浙江,软件服务,科创板,20200429
688366.SH,688366.0,昊海生科,上海,医疗保健,科创板,20191030
688367.SH,688367.0,工大高科,安徽,运输设备,科创板,20210628
688368.SH,688368.0,晶丰明源,上海,半导体,科创板,20191014
688369.SH,688369.0,致远互联,北京,软件服务,科创板,20191031
688370.SH,688370.0,丛麟科技,上海,环境保护,科创板,20220825
688371.SH,688371.0,菲沃泰,江苏,元器件,科创板,20220802
688372.SH,688372.0,伟测科技,上海,半导体,科创板,20221026
688373.SH,688373.0,盟科药业,上海,化学制药,科创板,20220805
688375.SH,688375.0,国博电子,江苏,元器件,科创板,20220722
688376.SH,688376.0,美埃科技,江苏,专用机械,科创板,20221118
688377.SH,688377.0,迪威尔,江苏,专用机械,科创板,20200708
688378.SH,688378.0,奥来德,吉林,专用机械,科创板,20200903
688379.SH,688379.0,华光新材,浙江,机械基件,科创板,20200819
688380.SH,688380.0,中微半导,深圳,半导体,科创板,20220805
688381.SH,688381.0,帝奥微,江苏,半导体,科创板,20220823
688382.SH,688382.0,益方生物,上海,生物制药,科创板,20220725
688383.SH,688383.0,新益昌,深圳,专用机械,科创板,20210428
688385.SH,688385.0,复旦微电,上海,半导体,科创板,20210804
688386.SH,688386.0,泛亚微透,江苏,化工原料,科创板,20201016
688387.SH,688387.0,信科移动,湖北,通信设备,科创板,20220926
688388.SH,688388.0,嘉元科技,广东,电气设备,科创板,20190722
688389.SH,688389.0,普门科技,深圳,医疗保健,科创板,20191105
688390.SH,688390.0,固德威,江苏,电气设备,科创板,20200904
688391.SH,688391.0,钜泉科技,上海,半导体,科创板,20220913
688392.SH,688392.0,骄成超声,上海,专用机械,科创板,20220927
688393.SH,688393.0,安必平,广东,医疗保健,科创板,20200820
688395.SH,688395.0,正弦电气,深圳,机械基件,科创板,20210429
688396.SH,688396.0,华润微,江苏,半导体,科创板,20200227
688398.SH,688398.0,赛特新材,福建,矿物制品,科创板,20200211
688399.SH,688399.0,硕世生物,江苏,医疗保健,科创板,20191205
688400.SH,688400.0,凌云光,北京,专用机械,科创板,20220706
688401.SH,688401.0,路维光电,深圳,半导体,科创板,20220817
688403.SH,688403.0,汇成股份,安徽,半导体,科创板,20220818
688408.SH,688408.0,中信博,江苏,电气设备,科创板,20200828
688409.SH,688409.0,富创精密,辽宁,半导体,科创板,20221010
688410.SH,688410.0,山外山,重庆,医疗保健,科创板,20221226
688411.SH,688411.0,海博思创,北京,电气设备,科创板,20250127
688416.SH,688416.0,恒烁股份,安徽,半导体,科创板,20220829
688418.SH,688418.0,震有科技,深圳,通信设备,科创板,20200722
688419.SH,688419.0,耐科装备,安徽,半导体,科创板,20221107
688420.SH,688420.0,美腾科技,天津,专用机械,科创板,20221209
688425.SH,688425.0,铁建重工,湖南,工程机械,科创板,20210622
688426.SH,688426.0,康为世纪,江苏,生物制药,科创板,20221025
688428.SH,688428.0,诺诚健华,北京,生物制药,科创板,20220921
688429.SH,688429.0,时创能源,江苏,电气设备,科创板,20230629
688432.SH,688432.0,有研硅,北京,半导体,科创板,20221110
688433.SH,688433.0,华曙高科,湖南,专用机械,科创板,20230417
688435.SH,688435.0,英方软件,上海,软件服务,科创板,20230119
688439.SH,688439.0,振华风光,贵州,元器件,科创板,20220826
688443.SH,688443.0,智翔金泰,重庆,生物制药,科创板,20230620
688448.SH,688448.0,磁谷科技,江苏,专用机械,科创板,20220921
688449.SH,688449.0,联芸科技,浙江,半导体,科创板,20241129
688450.SH,688450.0,光格科技,江苏,电器仪表,科创板,20230724
688455.SH,688455.0,科捷智能,山东,机械基件,科创板,20220915
688456.SH,688456.0,有研粉材,北京,铜,科创板,20210317
688458.SH,688458.0,美芯晟,北京,半导体,科创板,20230522
688459.SH,688459.0,哈铁科技,黑龙江,运输设备,科创板,20221012
688466.SH,688466.0,金科环境,北京,环境保护,科创板,20200508
688468.SH,688468.0,科美诊断,北京,医疗保健,科创板,20210409
688469.SH,688469.0,芯联集成,浙江,半导体,科创板,20230510
688472.SH,688472.0,阿特斯,江苏,电气设备,科创板,20230609
688475.SH,688475.0,萤石网络,浙江,IT设备,科创板,20221228
688478.SH,688478.0,晶升股份,江苏,半导体,科创板,20230424
688479.SH,688479.0,友车科技,上海,软件服务,科创板,20230511
688480.SH,688480.0,赛恩斯,湖南,环境保护,科创板,20221125
688484.SH,688484.0,南芯科技,上海,半导体,科创板,20230407
688485.SH,688485.0,九州一轨,北京,运输设备,科创板,20230118
688486.SH,688486.0,龙迅股份,安徽,半导体,科创板,20230221
688488.SH,688488.0,艾迪药业,江苏,生物制药,科创板,20200720
688489.SH,688489.0,三未信安,北京,IT设备,科创板,20221202
688496.SH,688496.0,*ST清越,江苏,元器件,科创板,20221228
688498.SH,688498.0,源杰科技,陕西,半导体,科创板,20221221
688499.SH,688499.0,利元亨,广东,专用机械,科创板,20210701
688500.SH,688500.0,慧辰股份,北京,互联网,科创板,20200716
688501.SH,688501.0,青达环保,山东,环境保护,科创板,20210716
688502.SH,688502.0,茂莱光学,江苏,元器件,科创板,20230309
688503.SH,688503.0,聚和材料,江苏,电气设备,科创板,20221209
688505.SH,688505.0,复旦张江,上海,化学制药,科创板,20200619
688506.SH,688506.0,百利天恒,四川,化学制药,科创板,20230106
688507.SH,688507.0,索辰科技,上海,软件服务,科创板,20230418
688508.SH,688508.0,芯朋微,江苏,半导体,科创板,20200722
688509.SH,688509.0,正元地信,北京,软件服务,科创板,20210730
688510.SH,688510.0,航亚科技,江苏,航空,科创板,20201216
688511.SH,688511.0,天微电子,四川,元器件,科创板,20210730
688512.SH,688512.0,慧智微,广东,半导体,科创板,20230516
688513.SH,688513.0,苑东生物,四川,化学制药,科创板,20200902
688515.SH,688515.0,裕太微,江苏,半导体,科创板,20230210
688516.SH,688516.0,奥特维,江苏,专用机械,科创板,20200521
688517.SH,688517.0,金冠电气,河南,电气设备,科创板,20210618
688518.SH,688518.0,联赢激光,深圳,专用机械,科创板,20200622
688519.SH,688519.0,南亚新材,上海,元器件,科创板,20200818
688520.SH,688520.0,神州细胞,北京,生物制药,科创板,20200622
688521.SH,688521.0,芯原股份,上海,半导体,科创板,20200818
688522.SH,688522.0,纳睿雷达,广东,通信设备,科创板,20230301
688523.SH,688523.0,航天环宇,湖南,航空,科创板,20230602
688525.SH,688525.0,佰维存储,深圳,半导体,科创板,20221230
688526.SH,688526.0,科前生物,湖北,农业综合,科创板,20200922
688528.SH,688528.0,秦川物联,四川,电器仪表,科创板,20200701
688529.SH,688529.0,豪森智能,辽宁,专用机械,科创板,20201109
688530.SH,688530.0,欧莱新材,广东,半导体,科创板,20240509
688531.SH,688531.0,日联科技,江苏,专用机械,科创板,20230331
688533.SH,688533.0,上声电子,江苏,汽车配件,科创板,20210419
688535.SH,688535.0,华海诚科,江苏,半导体,科创板,20230404
688536.SH,688536.0,思瑞浦,江苏,半导体,科创板,20200921
688538.SH,688538.0,和辉光电,上海,半导体,科创板,20210528
688539.SH,688539.0,高华科技,江苏,电器仪表,科创板,20230418
688543.SH,688543.0,国科军工,江西,专用机械,科创板,20230621
688545.SH,688545.0,兴福电子,湖北,元器件,科创板,20250122
688548.SH,688548.0,广钢气体,广东,化工原料,科创板,20230815
688549.SH,688549.0,中巨芯,浙江,元器件,科创板,20230908
688550.SH,688550.0,瑞联新材,陕西,化工原料,科创板,20200902
688551.SH,688551.0,科威尔,安徽,专用机械,科创板,20200910
688552.SH,688552.0,航天南湖,湖北,通信设备,科创板,20230518
688553.SH,688553.0,汇宇制药,四川,化学制药,科创板,20211026
688556.SH,688556.0,高测股份,山东,专用机械,科创板,20200807
688557.SH,688557.0,兰剑智能,山东,专用机械,科创板,20201202
688558.SH,688558.0,国盛智科,江苏,机床制造,科创板,20200630
688559.SH,688559.0,海目星,深圳,专用机械,科创板,20200909
688560.SH,688560.0,明冠新材,江西,电气设备,科创板,20201224
688561.SH,688561.0,奇安信,北京,软件服务,科创板,20200722
688562.SH,688562.0,航天软件,北京,软件服务,科创板,20230524
688563.SH,688563.0,航材股份,北京,航空,科创板,20230719
688565.SH,688565.0,力源科技,浙江,环境保护,科创板,20210513
688566.SH,688566.0,吉贝尔,江苏,化学制药,科创板,20200518
688567.SH,688567.0,孚能科技,江西,电气设备,科创板,20200717
688568.SH,688568.0,中科星图,北京,软件服务,科创板,20200708
688569.SH,688569.0,铁科轨道,北京,运输设备,科创板,20200831
688570.SH,688570.0,天玛智控,北京,专用机械,科创板,20230605
688571.SH,688571.0,杭华股份,浙江,染料涂料,科创板,20201211
688573.SH,688573.0,信宇人,深圳,专用机械,科创板,20230817
688575.SH,688575.0,亚辉龙,深圳,医疗保健,科创板,20210517
688576.SH,688576.0,西山科技,重庆,医疗保健,科创板,20230606
688577.SH,688577.0,浙海德曼,浙江,机床制造,科创板,20200916
688578.SH,688578.0,艾力斯,上海,化学制药,科创板,20201202
688579.SH,688579.0,地纬智能,山东,软件服务,科创板,20200717
688580.SH,688580.0,伟思医疗,江苏,医疗保健,科创板,20200721
688581.SH,688581.0,安杰思,浙江,医疗保健,科创板,20230519
688582.SH,688582.0,芯动联科,安徽,元器件,科创板,20230630
688583.SH,688583.0,思看科技,浙江,电器仪表,科创板,20250115
688584.SH,688584.0,上海合晶,上海,半导体,科创板,20240208
688585.SH,688585.0,上纬新材,上海,化工原料,科创板,20200928
688586.SH,688586.0,江航装备,安徽,航空,科创板,20200731
688588.SH,688588.0,凌志软件,江苏,软件服务,科创板,20200511
688589.SH,688589.0,力合微,深圳,半导体,科创板,20200722
688590.SH,688590.0,新致软件,上海,软件服务,科创板,20201207
688591.SH,688591.0,泰凌微,上海,半导体,科创板,20230825
688592.SH,688592.0,司南导航,上海,通信设备,科创板,20230816
688593.SH,688593.0,新相微,上海,半导体,科创板,20230601
688595.SH,688595.0,芯海科技,深圳,半导体,科创板,20200928
688596.SH,688596.0,正帆科技,上海,专用机械,科创板,20200820
688597.SH,688597.0,煜邦电力,北京,电器仪表,科创板,20210617
688598.SH,688598.0,金博股份,湖南,矿物制品,科创板,20200518
688599.SH,688599.0,天合光能,江苏,电气设备,科创板,20200610
688600.SH,688600.0,皖仪科技,安徽,电器仪表,科创板,20200703
688601.SH,688601.0,力芯微,江苏,半导体,科创板,20210628
688602.SH,688602.0,康鹏科技,上海,化工原料,科创板,20230720
688603.SH,688603.0,天承科技,上海,化工原料,科创板,20230710
688605.SH,688605.0,先锋精科,江苏,半导体,科创板,20241212
688606.SH,688606.0,奥泰生物,浙江,医疗保健,科创板,20210325
688607.SH,688607.0,康众医疗,江苏,医疗保健,科创板,20210201
688608.SH,688608.0,恒玄科技,上海,半导体,科创板,20201216
688609.SH,688609.0,九联科技,广东,家用电器,科创板,20210323
688610.SH,688610.0,埃科光电,安徽,电器仪表,科创板,20230719
688611.SH,688611.0,杭州柯林,浙江,电气设备,科创板,20210412
688612.SH,688612.0,威迈斯,深圳,汽车配件,科创板,20230726
688613.SH,688613.0,奥精医疗,北京,医疗保健,科创板,20210521
688615.SH,688615.0,合合信息,上海,软件服务,科创板,20240926
688616.SH,688616.0,西力科技,浙江,电器仪表,科创板,20210318
688617.SH,688617.0,惠泰医疗,深圳,医疗保健,科创板,20210107
688618.SH,688618.0,三旺通信,深圳,通信设备,科创板,20201230
688619.SH,688619.0,罗普特,福建,软件服务,科创板,20210223
688620.SH,688620.0,安凯微,广东,半导体,科创板,20230627
688621.SH,688621.0,阳光诺和,北京,医疗保健,科创板,20210621
688622.SH,688622.0,*ST禾信,广东,电器仪表,科创板,20210913
688623.SH,688623.0,双元科技,浙江,专用机械,科创板,20230608
688625.SH,688625.0,呈和科技,广东,化工原料,科创板,20210607
688626.SH,688626.0,翔宇医疗,河南,医疗保健,科创板,20210331
688627.SH,688627.0,精智达,深圳,专用机械,科创板,20230718
688628.SH,688628.0,优利德,广东,电器仪表,科创板,20210201
688629.SH,688629.0,华丰科技,四川,元器件,科创板,20230627
688630.SH,688630.0,芯碁微装,安徽,专用机械,科创板,20210401
688631.SH,688631.0,莱斯信息,江苏,软件服务,科创板,20230628
688633.SH,688633.0,星球石墨,江苏,专用机械,科创板,20210324
688636.SH,688636.0,智明达,四川,元器件,科创板,20210408
688638.SH,688638.0,誉辰智能,深圳,专用机械,科创板,20230712
688639.SH,688639.0,华恒生物,安徽,化学制药,科创板,20210422
688646.SH,688646.0,ST逸飞,湖北,专用机械,科创板,20230728
688648.SH,688648.0,中邮科技,上海,机床制造,科创板,20231113
688651.SH,688651.0,盛邦安全,北京,软件服务,科创板,20230726
688652.SH,688652.0,京仪装备,北京,半导体,科创板,20231129
688653.SH,688653.0,康希通信,上海,半导体,科创板,20231117
688655.SH,688655.0,迅捷兴,深圳,元器件,科创板,20210511
688656.SH,688656.0,浩欧博,江苏,医疗保健,科创板,20210113
688657.SH,688657.0,浩辰软件,江苏,软件服务,科创板,20231010
688658.SH,688658.0,悦康药业,北京,化学制药,科创板,20201224
688659.SH,688659.0,元琛科技,安徽,环境保护,科创板,20210331
688660.SH,688660.0,电气风电,上海,电气设备,科创板,20210519
688661.SH,688661.0,和林微纳,江苏,元器件,科创板,20210329
688662.SH,688662.0,富信科技,广东,元器件,科创板,20210401
688663.SH,688663.0,新风光,山东,电气设备,科创板,20210413
688665.SH,688665.0,四方光电,湖北,电器仪表,科创板,20210209
688667.SH,688667.0,菱电电控,湖北,汽车配件,科创板,20210312
688668.SH,688668.0,鼎通科技,广东,通信设备,科创板,20201221
688669.SH,688669.0,聚石化学,广东,化工原料,科创板,20210125
688670.SH,688670.0,金迪克,江苏,生物制药,科创板,20210802
688671.SH,688671.0,碧兴物联,深圳,环境保护,科创板,20230809
688676.SH,688676.0,金盘科技,海南,电气设备,科创板,20210309
688677.SH,688677.0,海泰新光,山东,医疗保健,科创板,20210226
688678.SH,688678.0,福立旺,江苏,元器件,科创板,20201223
688679.SH,688679.0,通源环境,安徽,环境保护,科创板,20201225
688680.SH,688680.0,海优新材,上海,塑料,科创板,20210122
688681.SH,688681.0,科汇股份,山东,电气设备,科创板,20210616
688682.SH,688682.0,霍莱沃,上海,软件服务,科创板,20210420
688683.SH,688683.0,莱尔科技,广东,元器件,科创板,20210412
688685.SH,688685.0,迈信林,江苏,航空,科创板,20210513
688686.SH,688686.0,奥普特,广东,电器仪表,科创板,20201231
688687.SH,688687.0,凯因科技,北京,生物制药,科创板,20210208
688689.SH,688689.0,银河微电,江苏,半导体,科创板,20210127
688690.SH,688690.0,纳微科技,江苏,化工原料,科创板,20210623
688691.SH,688691.0,灿芯股份,上海,半导体,科创板,20240411
688692.SH,688692.0,达梦数据,湖北,软件服务,科创板,20240612
688693.SH,688693.0,锴威特,江苏,半导体,科创板,20230818
688695.SH,688695.0,中创股份,山东,软件服务,科创板,20240313
688696.SH,688696.0,极米科技,四川,家用电器,科创板,20210303
688697.SH,688697.0,纽威数控,江苏,机床制造,科创板,20210917
688698.SH,688698.0,伟创电气,江苏,电气设备,科创板,20201229
688699.SH,688699.0,明微电子,深圳,半导体,科创板,20201218
688700.SH,688700.0,东威科技,江苏,专用机械,科创板,20210615
688701.SH,688701.0,卓锦股份,浙江,环境保护,科创板,20210916
688702.SH,688702.0,盛科通信,江苏,半导体,科创板,20230914
688707.SH,688707.0,振华新材,贵州,电气设备,科创板,20210914
688708.SH,688708.0,佳驰科技,四川,化工原料,科创板,20241205
688709.SH,688709.0,成都华微,四川,半导体,科创板,20240207
688710.SH,688710.0,益诺思,上海,生物制药,科创板,20240903
688711.SH,688711.0,宏微科技,江苏,半导体,科创板,20210901
688716.SH,688716.0,中研股份,吉林,化工原料,科创板,20230920
688717.SH,688717.0,艾罗能源,浙江,电气设备,科创板,20240103
688718.SH,688718.0,唯赛勃,上海,塑料,科创板,20210728
688719.SH,688719.0,爱科赛博,陕西,电气设备,科创板,20230928
688720.SH,688720.0,艾森股份,江苏,半导体,科创板,20231206
688721.SH,688721.0,龙图光罩,深圳,半导体,科创板,20240806
688722.SH,688722.0,同益中,北京,化纤,科创板,20211019
688726.SH,688726.0,拉普拉斯,深圳,专用机械,科创板,20241029
688727.SH,688727.0,恒坤新材,福建,半导体,科创板,20251118
688728.SH,688728.0,格科微,上海,半导体,科创板,20210818
688729.SH,688729.0,屹唐股份,北京,半导体,科创板,20250708
688733.SH,688733.0,壹石通,安徽,矿物制品,科创板,20210817
688737.SH,688737.0,中自科技,四川,汽车配件,科创板,20211022
688739.SH,688739.0,成大生物,辽宁,生物制药,科创板,20211028
688750.SH,688750.0,金天钛业,湖南,小金属,科创板,20241120
688755.SH,688755.0,汉邦科技,江苏,专用机械,科创板,20250516
688757.SH,688757.0,胜科纳米,江苏,电器仪表,科创板,20250325
688758.SH,688758.0,赛分科技,江苏,化工原料,科创板,20250110
688759.SH,688759.0,必贝特,广东,生物制药,科创板,20251028
688765.SH,688765.0,禾元生物,湖北,生物制药,科创板,20251028
688766.SH,688766.0,普冉股份,上海,半导体,科创板,20210823
688767.SH,688767.0,博拓生物,浙江,医疗保健,科创板,20210908
688768.SH,688768.0,容知日新,安徽,电器仪表,科创板,20210726
688772.SH,688772.0,珠海冠宇,广东,电气设备,科创板,20211015
688775.SH,688775.0,影石创新,深圳,IT设备,科创板,20250611
688776.SH,688776.0,国光电气,四川,元器件,科创板,20210831
688777.SH,688777.0,中控技术,浙江,专用机械,科创板,20201124
688778.SH,688778.0,厦钨新能,福建,电气设备,科创板,20210805
688779.SH,688779.0,五矿新能,湖南,电气设备,科创板,20210811
688783.SH,688783.0,西安奕材,陕西,半导体,科创板,20251028
688786.SH,688786.0,悦安新材,江西,小金属,科创板,20210826
688787.SH,688787.0,海天瑞声,北京,软件服务,科创板,20210813
688788.SH,688788.0,科思科技,深圳,通信设备,科创板,20201022
688789.SH,688789.0,宏华数科,浙江,专用机械,科创板,20210708
688790.SH,688790.0,昂瑞微,北京,半导体,科创板,20251216
688793.SH,688793.0,倍轻松,深圳,家用电器,科创板,20210715
688795.SH,688795.0,摩尔线程,北京,半导体,科创板,20251205
688796.SH,688796.0,百奥赛图,北京,生物制药,科创板,20251210
688798.SH,688798.0,艾为电子,上海,半导体,科创板,20210816
688799.SH,688799.0,华纳药厂,湖南,化学制药,科创板,20210713
688800.SH,688800.0,瑞可达,江苏,元器件,科创板,20210722
688802.SH,688802.0,沐曦股份,上海,半导体,科创板,20251217
688805.SH,688805.0,健信超导,浙江,医疗保健,科创板,20251224
688807.SH,688807.0,优迅股份,福建,半导体,科创板,20251219
688809.SH,688809.0,强一股份,江苏,半导体,科创板,20251230
688819.SH,688819.0,天能股份,浙江,电气设备,科创板,20210118
688981.SH,688981.0,中芯国际,上海,半导体,科创板,20200716
689009.SH,689009.0,九号公司,北京,摩托车,科创板,20201029
601112.SH,601112.0,振石股份,浙江,玻璃,主板,20260129
603284.SH,603284.0,林平发展,安徽,造纸,主板,20260210
603293.SH,603293.0,埃泰克,安徽,汽车配件,主板,20260416
603407.SH,603407.0,长裕集团,山东,化工原料,主板,20260511
603435.SH,603435.0,嘉德利,福建,元器件,主板,20260522
603459.SH,603459.0,红板科技,江西,元器件,主板,20260408
688635.SH,688635.0,长进光子,湖北,通信设备,科创板,20260527
688712.SH,688712.0,北芯生命,深圳,医疗保健,科创板,20260205
688781.SH,688781.0,视涯科技,安徽,元器件,科创板,20260325
688785.SH,688785.0,恒运昌,深圳,半导体,科创板,20260128
688808.SH,688808.0,联讯仪器,江苏,电器仪表,科创板,20260424
688811.SH,688811.0,有研复材,北京,小金属,科创板,20260410
688813.SH,688813.0,泰金新能,陕西,专用机械,科创板,20260331
688816.SH,688816.0,易思维,浙江,专用机械,科创板,20260211
688818.SH,688818.0,电科蓝天,天津,航空,科创板,20260210
688820.SH,688820.0,盛合晶微,江苏,半导体,科创板,20260421
688797.SH,688797.0,臻宝科技,重庆,半导体,科创板,20260624
688806.SH,688806.0,C泰诺,广东,生物制药,科创板,20260721
688825.SH,,N长鑫,,半导体,,20260727
